image_path,true_label,true_class,predicted_label,predicted_class,confidence,probability_HDPE_Plastic,probability_LDPE_Plastic,probability_PET_Plastic,probability_PP_Plastic,probability_PS_Plastic
/Users/aswanathjs/Downloads/test10/ai_plastic_waste_management_training/PET Plastic/black_white_plastic_bottles/bwkzp_jpg.rf.f6a41f5aa1a34a50f8a2c4b2a8f4f86d.jpg,2,PET Plastic,2,PET Plastic,0.9999876022338867,8.176270057447255e-06,1.7048164409061428e-06,0.9999876022338867,1.1608244676608592e-06,1.3021785889577586e-06
/Users/aswanathjs/Downloads/test10/ai_plastic_waste_management_training/PET Plastic/shampoo_bottles/0100_a05b00c2d3e0f0g0h1.jpg,2,PET Plastic,2,PET Plastic,0.9999970197677612,4.654820529026438e-08,8.349877020918939e-07,0.9999970197677612,2.0796474018425215e-06,2.6642631212325796e-08
/Users/aswanathjs/Downloads/test10/ai_plastic_waste_management_training/PET Plastic/shampoo_bottles/0100_a05b00c1d0e0f0g0h4.jpg,2,PET Plastic,2,PET Plastic,0.9649606943130493,0.0003589897241909057,0.0004197930102236569,0.9649606943130493,0.034215427935123444,4.512872692430392e-05
/Users/aswanathjs/Downloads/test10/ai_plastic_waste_management_training/LDPE Plastic/plastic_bags/LDPE-379_jpg.rf.f5ed3564e0f9df6a6aad508a3724e5fb.jpg,1,LDPE Plastic,1,LDPE Plastic,0.9999809265136719,4.7193097429953923e-07,0.9999809265136719,2.764663349807961e-06,4.568978511088062e-06,1.1250501302129123e-05
/Users/aswanathjs/Downloads/test10/ai_plastic_waste_management_training/LDPE Plastic/plastic_bags/plasticbag (52).jpg,1,LDPE Plastic,1,LDPE Plastic,0.9743331670761108,0.003356117056682706,0.9743331670761108,0.0013717417605221272,0.015126217156648636,0.005812728777527809
/Users/aswanathjs/Downloads/test10/ai_plastic_waste_management_training/HDPE Plastic/detergent_bottles/IMG_20220209_182214.jpg,0,HDPE Plastic,0,HDPE Plastic,0.9998210072517395,0.9998210072517395,2.437923512843554e-06,1.2332204732956598e-06,0.000167825652169995,7.511482181143947e-06
/Users/aswanathjs/Downloads/test10/ai_plastic_waste_management_training/PP Plastic/square_containers/IMG20220210150403.jpg,3,PP Plastic,3,PP Plastic,0.9991468191146851,0.0007733138045296073,1.9885710571543314e-05,3.0486753530567512e-05,0.9991468191146851,2.9515007554437034e-05
/Users/aswanathjs/Downloads/test10/ai_plastic_waste_management_training/PET Plastic/plastic_bottles/PET303.jpg,2,PET Plastic,2,PET Plastic,0.9999997615814209,2.0530704603061167e-07,1.1334952976227441e-09,0.9999997615814209,4.640010153877938e-09,7.750242114745731e-10
/Users/aswanathjs/Downloads/test10/ai_plastic_waste_management_training/PP Plastic/rectangle_containers/0011_a05b00c1d0e0f0g0h3.jpg,3,PP Plastic,3,PP Plastic,0.9998160004615784,1.3219290849519894e-05,7.610557304360555e-07,0.00016807195788715035,0.9998160004615784,2.0380100522743305e-06
/Users/aswanathjs/Downloads/test10/ai_plastic_waste_management_training/PP Plastic/square_containers/0011_a05b00c1d0e0f0g0h3.jpg,3,PP Plastic,3,PP Plastic,0.9998160004615784,1.3219290849519894e-05,7.610557304360555e-07,0.00016807195788715035,0.9998160004615784,2.0380100522743305e-06
/Users/aswanathjs/Downloads/test10/ai_plastic_waste_management_training/PET Plastic/black_white_plastic_bottles/cmbly_jpg.rf.4690ab661cffb8f7cbef59e73be4c960.jpg,2,PET Plastic,2,PET Plastic,0.9999232292175293,6.868393393233418e-05,1.5101525150384987e-06,0.9999232292175293,1.125999006035272e-06,5.476395926962141e-06
"/Users/aswanathjs/Downloads/test10/ai_plastic_waste_management_training/PET Plastic/plastic_bottles/PET1,256.jpg",2,PET Plastic,2,PET Plastic,1.0,4.667111497269616e-08,7.93234455898073e-09,1.0,1.6249098067078194e-08,2.038772928258936e-09
/Users/aswanathjs/Downloads/test10/ai_plastic_waste_management_training/LDPE Plastic/black_white__plastic_bags/0188_jpg.rf.f50f1292abf642d454800ee713afdc29.jpg,1,LDPE Plastic,1,LDPE Plastic,0.9999595880508423,2.869210766220931e-05,0.9999595880508423,4.872352974416572e-07,3.731133801920805e-07,1.0886992640735116e-05
/Users/aswanathjs/Downloads/test10/ai_plastic_waste_management_training/PET Plastic/plastic_bottles/PET996.jpg,2,PET Plastic,2,PET Plastic,0.9999641180038452,2.7323924314259784e-06,3.28823589370586e-05,0.9999641180038452,1.2691127437847172e-07,8.046057331512202e-08
/Users/aswanathjs/Downloads/test10/ai_plastic_waste_management_training/HDPE Plastic/shampoo_bottles/0099_a02b01c1d1e0f1g0h0.jpg,0,HDPE Plastic,0,HDPE Plastic,1.0,1.0,3.0257867322802667e-09,7.340317242920946e-10,1.900885227001936e-09,5.7206066550463675e-09
/Users/aswanathjs/Downloads/test10/ai_plastic_waste_management_training/PET Plastic/shampoo_bottles/0015_a05b00c2d2e1f1g0h2.jpg,2,PET Plastic,2,PET Plastic,0.9999973773956299,2.774974916519568e-07,5.457869889369249e-08,0.9999973773956299,2.1577536699624034e-06,3.4308566654317474e-08
/Users/aswanathjs/Downloads/test10/ai_plastic_waste_management_training/PS Plastic/foam_sheets/PS-725_jpg.rf.265279c03fd2a7f3def767a1f0d0fb85.jpg,4,PS Plastic,4,PS Plastic,0.99998939037323,8.509639883413911e-06,3.329749631575396e-07,2.498809408280067e-07,1.5210889614536427e-06,0.99998939037323
/Users/aswanathjs/Downloads/test10/ai_plastic_waste_management_training/PET Plastic/shampoo_bottles/0080_a05b00c2d3e0f1g0h0.jpg,2,PET Plastic,2,PET Plastic,0.9999990463256836,6.465426594104429e-08,1.182130731081088e-07,0.9999990463256836,6.65710274461162e-07,2.523465170156669e-08
/Users/aswanathjs/Downloads/test10/ai_plastic_waste_management_training/HDPE Plastic/shampoo_bottles/0065_a02b03c2d0e0f1g0h3.jpg,0,HDPE Plastic,0,HDPE Plastic,1.0,1.0,9.038772508240811e-10,6.4773040264753945e-09,2.580394742324188e-08,2.7798452428839937e-09
/Users/aswanathjs/Downloads/test10/ai_plastic_waste_management_training/HDPE Plastic/shampoo_bottiles_grey/0063_a02b01c2d1e0f1g1h2.jpg,0,HDPE Plastic,0,HDPE Plastic,0.9999943971633911,0.9999943971633911,2.8347082547952596e-07,1.6810443526082963e-07,4.714293027063832e-06,4.951793357577117e-07
/Users/aswanathjs/Downloads/test10/ai_plastic_waste_management_training/HDPE Plastic/shampoo_bottles/0063_a02b01c2d1e0f1g1h2.jpg,0,HDPE Plastic,0,HDPE Plastic,0.9999966621398926,0.9999966621398926,7.602729112932138e-08,2.3023923745313368e-07,2.67186806013342e-06,3.247723725507967e-07
/Users/aswanathjs/Downloads/test10/ai_plastic_waste_management_training/PS Plastic/foam_containers/Image_83.png,4,PS Plastic,4,PS Plastic,0.5344992280006409,0.10195707529783249,0.2538313865661621,0.014359816908836365,0.09535256773233414,0.5344992280006409
/Users/aswanathjs/Downloads/test10/ai_plastic_waste_management_training/PET Plastic/black_white_plastic_bottles/daxmw_jpg.rf.de5e8107e88aee1aeb897e73c8ef5585.jpg,2,PET Plastic,2,PET Plastic,0.9997127652168274,0.00016039660840760916,1.885479287011549e-05,0.9997127652168274,0.00010351253877161071,4.471598913369235e-06
"/Users/aswanathjs/Downloads/test10/ai_plastic_waste_management_training/PET Plastic/plastic_bottles/PET1,709.jpg",2,PET Plastic,2,PET Plastic,0.985630214214325,0.01329441275447607,0.00019766901095863432,0.985630214214325,0.00041350521496497095,0.0004641265550162643
/Users/aswanathjs/Downloads/test10/ai_plastic_waste_management_training/PP Plastic/round_containers/IMG_20220209_174527.jpg,3,PP Plastic,3,PP Plastic,0.9999784231185913,1.6351704061889905e-06,1.922211413329933e-05,6.925371280885884e-07,0.9999784231185913,7.721853378939159e-09
"/Users/aswanathjs/Downloads/test10/ai_plastic_waste_management_training/PET Plastic/plastic_bottles/PET1,665.jpg",2,PET Plastic,2,PET Plastic,0.9999393224716187,2.631238203321118e-05,3.4336064800299937e-06,0.9999393224716187,2.033642203969066e-06,2.8826216293964535e-05
/Users/aswanathjs/Downloads/test10/ai_plastic_waste_management_training/PS Plastic/foam_containers/styrofoam-129-_jpg.rf.f085126d9d8a168843dc1b675d87a509.jpg,4,PS Plastic,4,PS Plastic,0.999983549118042,1.5123629964364227e-05,1.3465538906132224e-08,7.108400978950158e-08,1.1963326187469647e-06,0.999983549118042
/Users/aswanathjs/Downloads/test10/ai_plastic_waste_management_training/LDPE Plastic/plastic_bags/LDPE-30_jpg.rf.6b62df7b27253bd40adbf73c6a0d7070.jpg,1,LDPE Plastic,1,LDPE Plastic,0.9999728202819824,1.2450094573068782e-06,0.9999728202819824,9.075552043213975e-07,1.548545583318628e-06,2.3504042474087328e-05
/Users/aswanathjs/Downloads/test10/ai_plastic_waste_management_training/LDPE Plastic/plastic_bags/LDPE-30_jpg.rf.11254a815e14b64c2c3ebfba0477ce2f.jpg,1,LDPE Plastic,1,LDPE Plastic,0.9999902248382568,7.84952408139361e-06,0.9999902248382568,1.791549266272341e-06,6.336885149949012e-08,2.1789109183600885e-08
/Users/aswanathjs/Downloads/test10/ai_plastic_waste_management_training/PET Plastic/black_white_plastic_bottles/bfasp_jpg.rf.1d174e0deacf5daf19d01fadc78bb4e9.jpg,2,PET Plastic,2,PET Plastic,0.9999926090240479,3.773920752792037e-06,8.570853538003576e-07,0.9999926090240479,2.1678895336663118e-06,6.487240398200811e-07
/Users/aswanathjs/Downloads/test10/ai_plastic_waste_management_training/PP Plastic/square_containers/Image_106.png,3,PP Plastic,3,PP Plastic,0.982463002204895,0.004977677948772907,0.012333732098340988,1.444719782739412e-05,0.982463002204895,0.00021107459906488657
/Users/aswanathjs/Downloads/test10/ai_plastic_waste_management_training/PS Plastic/foam_containers/Image_106.png,3,PP Plastic,3,PP Plastic,0.8132337927818298,0.010486635379493237,0.07206868380308151,0.001933289342559874,0.8132337927818298,0.10227768123149872
/Users/aswanathjs/Downloads/test10/ai_plastic_waste_management_training/LDPE Plastic/black_white__plastic_bags/0072_jpg.rf.1f5d6771bc0aaa991713d4deec733d61.jpg,1,LDPE Plastic,1,LDPE Plastic,0.9998860359191895,9.908239007927477e-06,0.9998860359191895,8.753067049838137e-06,2.1891342839808203e-05,7.334726979024708e-05
/Users/aswanathjs/Downloads/test10/ai_plastic_waste_management_training/PET Plastic/black_white_plastic_bottles/cnzoq_jpg.rf.7cf46d69d7ba14d91379304d5cd5e49f.jpg,2,PET Plastic,2,PET Plastic,0.9999773502349854,1.4695032405143138e-05,1.597188514779191e-07,0.9999773502349854,7.755740625725593e-06,9.74079910065484e-08
/Users/aswanathjs/Downloads/test10/ai_plastic_waste_management_training/PS Plastic/foam_containers/styrofoam-122-_jpg.rf.59c8f3c7a1b4bfdd54bc122b160ae9ec.jpg,4,PS Plastic,4,PS Plastic,1.0,1.0680419049169387e-10,5.320772576873634e-13,1.3531161434376937e-11,2.506174521382798e-13,1.0
/Users/aswanathjs/Downloads/test10/ai_plastic_waste_management_training/PS Plastic/foam_sheets/PS-868_jpg.rf.fa54d7c812248cf5ed8f027a3e98ab8a.jpg,4,PS Plastic,4,PS Plastic,1.0,1.229059076734984e-08,1.136342131502488e-09,5.194343288827952e-10,8.268680740108891e-10,1.0
/Users/aswanathjs/Downloads/test10/ai_plastic_waste_management_training/HDPE Plastic/detergent_bottles/0096_a02b04c2d0e0f0g0h4.jpg,0,HDPE Plastic,0,HDPE Plastic,1.0,1.0,3.44285794318111e-10,2.5266727599060346e-10,1.1789074161328017e-09,6.583470435472805e-10
/Users/aswanathjs/Downloads/test10/ai_plastic_waste_management_training/LDPE Plastic/black_white__plastic_bags/0214_jpg.rf.9cb3a5cc1fdd76c1c76caf27166674ac.jpg,1,LDPE Plastic,1,LDPE Plastic,0.9998956918716431,2.40928384300787e-05,0.9998956918716431,1.5822656678210478e-06,1.652453101996798e-05,6.201929500093684e-05
/Users/aswanathjs/Downloads/test10/ai_plastic_waste_management_training/PET Plastic/plastic_bottles/PET892.jpg,2,PET Plastic,2,PET Plastic,1.0,5.226286070580954e-09,6.257455886782282e-09,1.0,5.289795823593124e-10,1.962937971888845e-11
/Users/aswanathjs/Downloads/test10/ai_plastic_waste_management_training/PET Plastic/plastic_bottles/PET526.jpg,2,PET Plastic,2,PET Plastic,0.9999915361404419,5.233606771071209e-06,8.087417313618062e-07,0.9999915361404419,1.507308866166568e-06,1.022777382786444e-06
/Users/aswanathjs/Downloads/test10/ai_plastic_waste_management_training/PET Plastic/black_white_plastic_bottles/cniwo_jpg.rf.53303bb1029126842445744b4dbf88be.jpg,2,PET Plastic,2,PET Plastic,0.9999308586120605,5.9043752116849646e-05,1.1650882925096084e-06,0.9999308586120605,6.575179668288911e-06,2.3923278149595717e-06
/Users/aswanathjs/Downloads/test10/ai_plastic_waste_management_training/LDPE Plastic/black_white__plastic_bags/0057_jpg.rf.0503b03afd0910c67b22b2c19be1151f.jpg,1,LDPE Plastic,1,LDPE Plastic,0.9999980926513672,3.0140824947011424e-07,0.9999980926513672,9.173730859401985e-07,5.076676075077557e-07,2.66495618461704e-07
/Users/aswanathjs/Downloads/test10/ai_plastic_waste_management_training/HDPE Plastic/shampoo_bottles/0077_a02b01c1d1e0f1g0h2.jpg,0,HDPE Plastic,0,HDPE Plastic,1.0,1.0,1.7040481872787616e-11,1.180517905652323e-10,2.0768536196369425e-11,7.557850872919047e-11
/Users/aswanathjs/Downloads/test10/ai_plastic_waste_management_training/HDPE Plastic/detergent_bottles/IMG_20220209_182132.jpg,0,HDPE Plastic,0,HDPE Plastic,0.999594509601593,0.999594509601593,5.569660970650148e-06,8.033505582716316e-05,0.00031682720873504877,2.770548462649458e-06
/Users/aswanathjs/Downloads/test10/ai_plastic_waste_management_training/LDPE Plastic/plastic_bags_grey/LDPE-458_jpg.rf.00b695f9b3916ed06c5323466f91e221.jpg,1,LDPE Plastic,1,LDPE Plastic,0.999975323677063,1.9931945644202642e-05,0.999975323677063,1.109372291807631e-07,3.7393983802758157e-06,9.14289216780162e-07
/Users/aswanathjs/Downloads/test10/ai_plastic_waste_management_training/LDPE Plastic/plastic_bags/LDPE-458_jpg.rf.00b695f9b3916ed06c5323466f91e221.jpg,1,LDPE Plastic,1,LDPE Plastic,0.99992835521698,2.7415308068157174e-05,0.99992835521698,8.738769565752591e-07,4.162326149526052e-05,1.7631164155318402e-06
/Users/aswanathjs/Downloads/test10/ai_plastic_waste_management_training/PP Plastic/round_containers/0031_a05b01c2d1e0f0g0h3.jpg,3,PP Plastic,3,PP Plastic,0.9990203380584717,0.0008262035553343594,0.0001236668904311955,2.8584038318513194e-06,0.9990203380584717,2.7031290301238187e-05
/Users/aswanathjs/Downloads/test10/ai_plastic_waste_management_training/PS Plastic/foam_sheets/PS-762_jpg.rf.5f09ed2ca25f61bcd82e970939554c22.jpg,4,PS Plastic,4,PS Plastic,0.9999107122421265,1.5492756574531086e-05,1.2243047422089148e-05,1.1591019756451715e-05,5.003065234632231e-05,0.9999107122421265
/Users/aswanathjs/Downloads/test10/ai_plastic_waste_management_training/PS Plastic/foam_containers/Image_119.png,4,PS Plastic,4,PS Plastic,0.5421966314315796,0.05118094012141228,0.15672539174556732,0.016586048528552055,0.2333110272884369,0.5421966314315796
/Users/aswanathjs/Downloads/test10/ai_plastic_waste_management_training/HDPE Plastic/shampoo_bottiles_grey/0077_a02b01c1d3e0f1g0h3.jpg,0,HDPE Plastic,0,HDPE Plastic,0.9999263286590576,0.9999263286590576,4.17685555476055e-07,1.3809543816023506e-05,5.716330633731559e-05,2.2960616661293898e-06
/Users/aswanathjs/Downloads/test10/ai_plastic_waste_management_training/HDPE Plastic/shampoo_bottles/0077_a02b01c1d3e0f1g0h3.jpg,0,HDPE Plastic,0,HDPE Plastic,0.9999996423721313,0.9999996423721313,1.9534263095977167e-09,1.7002768970542093e-07,1.9017986119251873e-07,1.6902475863389554e-08
/Users/aswanathjs/Downloads/test10/ai_plastic_waste_management_training/LDPE Plastic/plastic_bags/train_LDPE-53_jpg.rf.401ae5b0b4d14039d8286ce3b1d9f768.jpg,1,LDPE Plastic,1,LDPE Plastic,0.9999994039535522,4.4116666231275303e-07,0.9999994039535522,8.574091658886118e-09,2.370898144476996e-08,1.1272565103581655e-07
/Users/aswanathjs/Downloads/test10/ai_plastic_waste_management_training/HDPE Plastic/shampoo_bottles/0077_a02b01c1d1e0f1g0h3.jpg,0,HDPE Plastic,0,HDPE Plastic,1.0,1.0,5.178337758593443e-10,1.450739195441031e-09,9.75624381283069e-09,1.7709212984939882e-09
/Users/aswanathjs/Downloads/test10/ai_plastic_waste_management_training/PET Plastic/plastic_bottles/PET565.jpg,2,PET Plastic,2,PET Plastic,0.9999909400939941,4.058754711877555e-06,3.9107536053961667e-07,0.9999909400939941,3.079235000313929e-07,4.315650585340336e-06
/Users/aswanathjs/Downloads/test10/ai_plastic_waste_management_training/PET Plastic/plastic_bottles/PET865.jpg,2,PET Plastic,2,PET Plastic,0.9999897480010986,9.449330718780402e-06,1.2176046482181846e-07,0.9999897480010986,3.313057845844014e-07,3.583315333344217e-07
/Users/aswanathjs/Downloads/test10/ai_plastic_waste_management_training/LDPE Plastic/plastic_bags/plasticbag (138).jpg,1,LDPE Plastic,1,LDPE Plastic,1.0,2.4665434139592435e-09,1.0,6.9055199926337796e-12,3.5349768251480285e-11,1.5147637588697194e-09
/Users/aswanathjs/Downloads/test10/ai_plastic_waste_management_training/LDPE Plastic/plastic_bags/train_LDPE-45_jpg.rf.52ef197242be2fee5fe1d126cebe32c6.jpg,1,LDPE Plastic,1,LDPE Plastic,0.9999946355819702,9.568803989168373e-07,0.9999946355819702,1.68409343359599e-07,2.5827455374383135e-07,3.9855458453530446e-06
"/Users/aswanathjs/Downloads/test10/ai_plastic_waste_management_training/PET Plastic/plastic_bottles/PET1,536.jpg",2,PET Plastic,2,PET Plastic,1.0,3.896292663507772e-11,2.8304395285894124e-11,1.0,1.7105513186455035e-11,4.758020019646203e-11
/Users/aswanathjs/Downloads/test10/ai_plastic_waste_management_training/HDPE Plastic/shampoo_bottles/0061_a02b01c1d3e0f1g0h3(1).jpg,0,HDPE Plastic,0,HDPE Plastic,0.9935979843139648,0.9935979843139648,0.00045823969412595034,0.0015101649332791567,0.0009326055296696723,0.00350108346901834
/Users/aswanathjs/Downloads/test10/ai_plastic_waste_management_training/LDPE Plastic/plastic_bags/plasticbag (29).jpg,1,LDPE Plastic,1,LDPE Plastic,0.9999445676803589,3.645194965429255e-06,0.9999445676803589,2.8322486400611524e-07,3.2436455512652174e-05,1.9032271666219458e-05
/Users/aswanathjs/Downloads/test10/ai_plastic_waste_management_training/PP Plastic/round_containers/IMG_20220209_173618.jpg,3,PP Plastic,3,PP Plastic,0.9997805953025818,5.3400803153635934e-05,0.00012260902440175414,2.1674683011951856e-05,0.9997805953025818,2.1708918211515993e-05
/Users/aswanathjs/Downloads/test10/ai_plastic_waste_management_training/PET Plastic/plastic_bottles/PET973.jpg,2,PET Plastic,2,PET Plastic,0.9999113082885742,7.33752895030193e-05,7.526646186306607e-06,0.9999113082885742,1.8596206246002112e-06,5.916127065574983e-06
/Users/aswanathjs/Downloads/test10/ai_plastic_waste_management_training/PET Plastic/shampoo_bottles/0050_a05b00c2d0e1f1g0h0.jpg,2,PET Plastic,2,PET Plastic,0.9999779462814331,1.0529992323426995e-05,1.3364434607865405e-06,0.9999779462814331,1.0036507774202619e-05,1.8012346458817774e-07
/Users/aswanathjs/Downloads/test10/ai_plastic_waste_management_training/PP Plastic/square_containers/IMG_20220209_174016.jpg,3,PP Plastic,3,PP Plastic,0.9959982633590698,0.0017417259514331818,0.0002442256663925946,1.6083715308923274e-05,0.9959982633590698,0.0019996839109808207
/Users/aswanathjs/Downloads/test10/ai_plastic_waste_management_training/PET Plastic/black_white_plastic_bottles/ctnkg_jpg.rf.46cb39e1fb6eb58edcb74f965096c39a.jpg,2,PET Plastic,2,PET Plastic,0.9999599456787109,3.173251752741635e-05,2.016552684835915e-07,0.9999599456787109,6.9332959355961066e-06,1.2270938896108419e-06
/Users/aswanathjs/Downloads/test10/ai_plastic_waste_management_training/PET Plastic/black_white_plastic_bottles/asecy_jpg.rf.002294d15fd2f71cda8158b1c5838311.jpg,2,PET Plastic,2,PET Plastic,0.999950647354126,3.3098967833211645e-05,1.9889876057277434e-06,0.999950647354126,1.0119473699887749e-05,4.101857484783977e-06
/Users/aswanathjs/Downloads/test10/ai_plastic_waste_management_training/LDPE Plastic/plastic_bags/LDPE-266_jpg.rf.82731731a5a7b44f80d1aed4d3c46901.jpg,1,LDPE Plastic,1,LDPE Plastic,0.9996833801269531,3.30016300722491e-05,0.9996833801269531,0.00012032610538881272,0.00012108284863643348,4.222023198963143e-05
/Users/aswanathjs/Downloads/test10/ai_plastic_waste_management_training/PP Plastic/square_containers/Image_170.png,3,PP Plastic,3,PP Plastic,0.9783147573471069,0.0011843479005619884,0.015801573172211647,0.00026188872288912535,0.9783147573471069,0.00443747965618968
/Users/aswanathjs/Downloads/test10/ai_plastic_waste_management_training/PS Plastic/foam_containers/Image_170.png,3,PP Plastic,3,PP Plastic,0.8951864838600159,0.028708133846521378,0.022366931661963463,0.002724460093304515,0.8951864838600159,0.05101397633552551
/Users/aswanathjs/Downloads/test10/ai_plastic_waste_management_training/HDPE Plastic/milk_bottles/HDPEM105.jpg,0,HDPE Plastic,0,HDPE Plastic,0.9995335340499878,0.9995335340499878,3.2613067446618516e-07,0.0004440989578142762,1.8988323063240387e-05,3.144356696793693e-06
/Users/aswanathjs/Downloads/test10/ai_plastic_waste_management_training/PET Plastic/shampoo_bottles/0100_a05b00c2d3e0f0g0h3.jpg,2,PET Plastic,2,PET Plastic,1.0,6.313571332405843e-10,2.1067437572241943e-08,1.0,6.487516746034316e-09,2.5249540236416124e-09
/Users/aswanathjs/Downloads/test10/ai_plastic_waste_management_training/LDPE Plastic/plastic_bags/plasticbag (182) 17.43.56.jpg,1,LDPE Plastic,1,LDPE Plastic,0.9999980926513672,1.4098491192271467e-06,0.9999980926513672,5.186757903175021e-07,1.7445167532770256e-09,7.842636762234179e-09
/Users/aswanathjs/Downloads/test10/ai_plastic_waste_management_training/PET Plastic/black_white_plastic_bottles/briwh_jpg.rf.8bea7eb0cc3641261a46745825a86176.jpg,2,PET Plastic,2,PET Plastic,0.9999356269836426,3.6780271329917014e-05,4.021527729491936e-06,0.9999356269836426,1.3572319403465372e-05,9.971075996872969e-06
/Users/aswanathjs/Downloads/test10/ai_plastic_waste_management_training/PET Plastic/black_white_plastic_bottles/atmdq_jpg.rf.da61e50852c5e74733b97976c014a749.jpg,2,PET Plastic,2,PET Plastic,1.0,4.921586249651e-09,1.6918800582743643e-08,1.0,6.499320193142921e-09,5.607735609203246e-09
/Users/aswanathjs/Downloads/test10/ai_plastic_waste_management_training/LDPE Plastic/plastic_bags/plasticbag (183) 17.43.56.jpg,1,LDPE Plastic,1,LDPE Plastic,0.9999313354492188,1.539548611617647e-05,0.9999313354492188,8.614821126684546e-06,4.197737871436402e-05,2.653927367646247e-06
/Users/aswanathjs/Downloads/test10/ai_plastic_waste_management_training/PP Plastic/round_containers/0035_a06b01c2d3e0f0g0h2.jpg,3,PP Plastic,3,PP Plastic,0.9989263415336609,0.0007661205600015819,0.00010485921666258946,0.000160332812811248,0.9989263415336609,4.225679731462151e-05
/Users/aswanathjs/Downloads/test10/ai_plastic_waste_management_training/PP Plastic/irregular_containers/train_PP-47_jpg.rf.7e347deeabfeaddc7ee47f93ccff5e15.jpg,3,PP Plastic,3,PP Plastic,0.999723494052887,6.138288154033944e-05,0.00020783014770131558,2.4061880594672402e-06,0.999723494052887,4.915537829219829e-06
/Users/aswanathjs/Downloads/test10/ai_plastic_waste_management_training/PP Plastic/irregular_containers_grey/train_PP-47_jpg.rf.7e347deeabfeaddc7ee47f93ccff5e15.jpg,3,PP Plastic,3,PP Plastic,0.9984934329986572,0.0003266034182161093,0.0011343717342242599,7.731885489192791e-06,0.9984934329986572,3.7914000131422654e-05
/Users/aswanathjs/Downloads/test10/ai_plastic_waste_management_training/LDPE Plastic/black_white__plastic_bags/0224_jpg.rf.e4e3ef7096d06183f8595a5e4d9f4121.jpg,1,LDPE Plastic,1,LDPE Plastic,0.9999957084655762,1.6233153701250558e-06,0.9999957084655762,6.507109873155059e-08,2.752882899414999e-08,2.5891567929647863e-06
/Users/aswanathjs/Downloads/test10/ai_plastic_waste_management_training/HDPE Plastic/milk_bottles/HDPEM233.jpg,0,HDPE Plastic,0,HDPE Plastic,0.9998717308044434,0.9998717308044434,6.23025869117555e-07,8.681385224917904e-05,3.536598160280846e-05,5.4294791880238336e-06
/Users/aswanathjs/Downloads/test10/ai_plastic_waste_management_training/LDPE Plastic/plastic_bags/plasticbag (174).jpg,1,LDPE Plastic,1,LDPE Plastic,0.9998016953468323,5.065432924311608e-05,0.9998016953468323,2.3429595330526354e-07,3.6996555081714178e-06,0.00014375725004356354
/Users/aswanathjs/Downloads/test10/ai_plastic_waste_management_training/LDPE Plastic/plastic_bags/LDPE-265_jpg.rf.14545502b9c9c0fa54497a56549d9955.jpg,1,LDPE Plastic,1,LDPE Plastic,0.9997684359550476,2.1995256247464567e-05,0.9997684359550476,8.906253788154572e-05,8.077998791122809e-05,3.968619421357289e-05
/Users/aswanathjs/Downloads/test10/ai_plastic_waste_management_training/PP Plastic/irregular_containers/train_PP-84_jpg.rf.83c74221d1746496d5445786ffca8830.jpg,3,PP Plastic,3,PP Plastic,0.9998636245727539,2.929935405404649e-08,0.00013590906746685505,4.0929097622210975e-07,0.9998636245727539,3.236049295196608e-08
/Users/aswanathjs/Downloads/test10/ai_plastic_waste_management_training/PP Plastic/square_containers/Image_244.png,3,PP Plastic,3,PP Plastic,0.9996533393859863,0.00010691717034205794,0.0002345832617720589,1.798724298396337e-07,0.9996533393859863,4.912208169116639e-06
/Users/aswanathjs/Downloads/test10/ai_plastic_waste_management_training/PS Plastic/foam_containers/Image_244.png,3,PP Plastic,3,PP Plastic,0.7961715459823608,0.00618199585005641,0.01268091145902872,0.0015875785611569881,0.7961715459823608,0.18337798118591309
/Users/aswanathjs/Downloads/test10/ai_plastic_waste_management_training/LDPE Plastic/plastic_bags/LDPE-287_jpg.rf.0ac9c733e7bbaf8b4f87a5d4d2b18a3e.jpg,1,LDPE Plastic,1,LDPE Plastic,0.9999898672103882,6.405294357136881e-07,0.9999898672103882,5.856493316969136e-07,8.014643753995188e-06,8.605655921201105e-07
/Users/aswanathjs/Downloads/test10/ai_plastic_waste_management_training/PET Plastic/plastic_bottles/PET289.jpg,2,PET Plastic,2,PET Plastic,0.9999946355819702,4.943035492033232e-06,3.1620871254745e-07,0.9999946355819702,1.0242239945057463e-08,4.175989332111385e-09
/Users/aswanathjs/Downloads/test10/ai_plastic_waste_management_training/PP Plastic/irregular_containers/train_PP-43_jpg.rf.97057f0e286ed1253f508820b5ec6eff.jpg,3,PP Plastic,3,PP Plastic,0.9997977614402771,0.00019376425188966095,5.676270120602567e-06,1.540705056868319e-06,0.9997977614402771,1.2680203553827596e-06
/Users/aswanathjs/Downloads/test10/ai_plastic_waste_management_training/PP Plastic/irregular_containers_grey/train_PP-43_jpg.rf.97057f0e286ed1253f508820b5ec6eff.jpg,3,PP Plastic,3,PP Plastic,0.9990193843841553,0.0009577408782206476,1.1656899914669339e-05,1.8445916794007644e-06,0.9990193843841553,9.298211807617918e-06
/Users/aswanathjs/Downloads/test10/ai_plastic_waste_management_training/PS Plastic/foam_sheets/PS-617_jpg.rf.647ef8eb72ca34b90024ac215bb321dc.jpg,4,PS Plastic,4,PS Plastic,0.9999762773513794,1.77890105987899e-05,3.9889828258310445e-06,6.935462693036243e-07,1.2409927876433358e-06,0.9999762773513794
/Users/aswanathjs/Downloads/test10/ai_plastic_waste_management_training/PS Plastic/foam_sheets/IMG_9388_JPG.rf.03172d70e03f82ef456d413d379477ce.jpg,4,PS Plastic,4,PS Plastic,0.9999992847442627,2.60916577232706e-09,7.529056347266305e-07,1.6750982823054983e-08,1.8764845233221195e-10,0.9999992847442627
/Users/aswanathjs/Downloads/test10/ai_plastic_waste_management_training/PS Plastic/foam_sheets/IMG_9388_JPG.rf.37bf614bce92b405bcedcaddc58e5b56.jpg,4,PS Plastic,4,PS Plastic,0.9999970197677612,1.423308901848941e-07,2.567624960647663e-06,2.2396022814064054e-07,5.853997109284137e-08,0.9999970197677612
/Users/aswanathjs/Downloads/test10/ai_plastic_waste_management_training/PS Plastic/foam_sheets/IMG_9388_JPG.rf.afb5c4351af63b85b0fe1db7ead63e01.jpg,4,PS Plastic,4,PS Plastic,0.9996589422225952,4.394082964154222e-08,0.0003401410940568894,8.591075584263308e-07,2.9384288779965573e-08,0.9996589422225952
/Users/aswanathjs/Downloads/test10/ai_plastic_waste_management_training/HDPE Plastic/detergent_bottles/0039_a02b01c1d3e0f1g0h3.jpg,0,HDPE Plastic,0,HDPE Plastic,1.0,1.0,1.9333383025478372e-15,3.8589225266833296e-14,1.8333219057448114e-13,3.1879982323717443e-15
/Users/aswanathjs/Downloads/test10/ai_plastic_waste_management_training/PS Plastic/foam_sheets/IMG_9362_JPG.rf.d9585f9c0efa8b6bcda67103f482012c.jpg,4,PS Plastic,4,PS Plastic,0.9999997615814209,4.1552714047377037e-10,9.169674086706436e-08,9.3657376964984e-08,5.692116222810739e-11,0.9999997615814209
/Users/aswanathjs/Downloads/test10/ai_plastic_waste_management_training/PS Plastic/foam_sheets/IMG_9362_JPG.rf.f92387c7e260d5d6290c708630db03e1.jpg,4,PS Plastic,4,PS Plastic,0.9999758005142212,8.193516420895719e-10,2.3977952878340147e-05,2.9165434511924104e-07,1.4411447035733715e-10,0.9999758005142212
/Users/aswanathjs/Downloads/test10/ai_plastic_waste_management_training/PS Plastic/foam_sheets/IMG_9362_JPG.rf.81ead49ca2ca3e3acb0fc22cbb4f9211.jpg,4,PS Plastic,4,PS Plastic,1.0,8.706100076971701e-12,5.4930790582830014e-08,1.7751281555788978e-09,2.551230711064778e-13,1.0
/Users/aswanathjs/Downloads/test10/ai_plastic_waste_management_training/HDPE Plastic/shampoo_bottiles_grey/0065_a02b03c2d3e0f1g0h4.jpg,0,HDPE Plastic,0,HDPE Plastic,0.9999971389770508,0.9999971389770508,1.4274142756676156e-07,4.937438689012197e-07,1.7239443650396424e-07,2.0502113784459652e-06
/Users/aswanathjs/Downloads/test10/ai_plastic_waste_management_training/HDPE Plastic/shampoo_bottles/0065_a02b03c2d3e0f1g0h4.jpg,0,HDPE Plastic,0,HDPE Plastic,1.0,1.0,9.810184886660522e-10,7.568822013581666e-09,6.746049274752863e-10,5.442735151461875e-09
/Users/aswanathjs/Downloads/test10/ai_plastic_waste_management_training/PET Plastic/black_white_plastic_bottles/aswkx_jpg.rf.72119c611b502c599281ce6f98d489bc.jpg,2,PET Plastic,2,PET Plastic,0.999941349029541,5.0549922889331356e-05,1.7346526419714792e-06,0.999941349029541,4.344229637354147e-06,1.969931417988846e-06
/Users/aswanathjs/Downloads/test10/ai_plastic_waste_management_training/HDPE Plastic/milk_bottles/HDPEM4.jpg,0,HDPE Plastic,0,HDPE Plastic,1.0,1.0,2.130142633463561e-12,5.957848363963292e-12,1.1294290502839033e-10,1.0462054833570988e-11
/Users/aswanathjs/Downloads/test10/ai_plastic_waste_management_training/HDPE Plastic/shampoo_bottles/0061_a02b01c1d1e0f1g0h2(1).jpg,0,HDPE Plastic,0,HDPE Plastic,0.9999961853027344,0.9999961853027344,9.329884420594681e-08,3.584855789995345e-07,1.978625505216769e-06,1.4296533663582522e-06
/Users/aswanathjs/Downloads/test10/ai_plastic_waste_management_training/PP Plastic/round_containers/0035_a06b01c2d1e0f0g0h3.jpg,3,PP Plastic,3,PP Plastic,0.9996602535247803,0.0002848649164661765,4.5287715693120845e-06,4.223383075441234e-05,0.9996602535247803,8.138995326589793e-06
/Users/aswanathjs/Downloads/test10/ai_plastic_waste_management_training/HDPE Plastic/detergent_bottles/0098_a02b03c1d3e0f0g0h3.jpg,0,HDPE Plastic,0,HDPE Plastic,0.999995231628418,0.999995231628418,1.2528759043561877e-06,8.502323822767721e-08,3.2197281143453438e-06,9.194448580274184e-08
/Users/aswanathjs/Downloads/test10/ai_plastic_waste_management_training/PS Plastic/form_containers_grey/Image_230.png,4,PS Plastic,4,PS Plastic,0.642422616481781,0.04537297412753105,0.1359872967004776,0.009562984108924866,0.16665419936180115,0.642422616481781
/Users/aswanathjs/Downloads/test10/ai_plastic_waste_management_training/PS Plastic/foam_containers/Image_230.png,4,PS Plastic,4,PS Plastic,0.6686726212501526,0.04519830644130707,0.12205418944358826,0.010173567570745945,0.1539013832807541,0.6686726212501526
/Users/aswanathjs/Downloads/test10/ai_plastic_waste_management_training/PS Plastic/foam_sheets/PS-520_jpg.rf.1590a9018acf2592e76cebd2b6366c5f.jpg,4,PS Plastic,4,PS Plastic,0.9999985694885254,8.855988653522218e-07,5.603808972409752e-07,2.5027997452298223e-08,2.230596685137698e-08,0.9999985694885254
/Users/aswanathjs/Downloads/test10/ai_plastic_waste_management_training/LDPE Plastic/plastic_bags/plasticbag (101).jpg,1,LDPE Plastic,1,LDPE Plastic,0.9999996423721313,2.1299420893683418e-07,0.9999996423721313,2.2139907684959326e-09,6.89671253439883e-08,1.913760350191751e-08
/Users/aswanathjs/Downloads/test10/ai_plastic_waste_management_training/HDPE Plastic/shampoo_bottles/0099_a02b01c2d1e0f1g0h1.jpg,0,HDPE Plastic,0,HDPE Plastic,0.9999303817749023,0.9999303817749023,8.08278582553612e-06,1.0901386303885374e-05,3.067099896725267e-05,2.0047908037668094e-05
/Users/aswanathjs/Downloads/test10/ai_plastic_waste_management_training/HDPE Plastic/milk_bottles/HDPEM227.jpg,0,HDPE Plastic,0,HDPE Plastic,0.9999990463256836,0.9999990463256836,2.223804962397935e-08,7.349525503741461e-07,1.386272288073087e-07,7.276890556795479e-08
"/Users/aswanathjs/Downloads/test10/ai_plastic_waste_management_training/PET Plastic/plastic_bottles/PET1,771.jpg",2,PET Plastic,2,PET Plastic,0.9993858337402344,0.0005256985896266997,6.030812437529676e-05,0.9993858337402344,2.651235035955324e-06,2.5579865905456245e-05
"/Users/aswanathjs/Downloads/test10/ai_plastic_waste_management_training/PET Plastic/plastic_bottles/PET1,224.jpg",2,PET Plastic,2,PET Plastic,0.9999990463256836,1.2090764300864976e-07,2.2606394978197386e-08,0.9999990463256836,7.38380947495898e-07,1.0362489888393611e-07
/Users/aswanathjs/Downloads/test10/ai_plastic_waste_management_training/PET Plastic/black_white_plastic_bottles/bdnyx_jpg.rf.bd350d41c4aff19d138f8e6ba336d049.jpg,2,PET Plastic,2,PET Plastic,0.9999990463256836,2.916391395046958e-07,1.9882446622432326e-07,0.9999990463256836,2.083652645978873e-07,2.5390147584403167e-07
/Users/aswanathjs/Downloads/test10/ai_plastic_waste_management_training/LDPE Plastic/plastic_bags/LDPE-230_jpg.rf.814b1f425c580f6b25fa6bd3bb2e6715.jpg,1,LDPE Plastic,1,LDPE Plastic,0.9999836683273315,5.553278242587112e-06,0.9999836683273315,5.136104391567642e-06,4.024813279102091e-06,1.6369076547562145e-06
/Users/aswanathjs/Downloads/test10/ai_plastic_waste_management_training/PET Plastic/plastic_bottles/PET731.jpg,2,PET Plastic,2,PET Plastic,0.9999996423721313,3.5116707408633374e-07,8.038332666160386e-09,0.9999996423721313,8.033840259713543e-09,9.441973869428466e-10
/Users/aswanathjs/Downloads/test10/ai_plastic_waste_management_training/PET Plastic/black_white_plastic_bottles/culok_jpg.rf.df34d102d128e10755b809a1619cc626.jpg,2,PET Plastic,2,PET Plastic,0.9999932050704956,1.6418857740063686e-06,1.0366348988100071e-06,0.9999932050704956,2.799002459141775e-06,1.3150927316019079e-06
/Users/aswanathjs/Downloads/test10/ai_plastic_waste_management_training/LDPE Plastic/plastic_bags/plasticbag (1).jpg,1,LDPE Plastic,1,LDPE Plastic,0.9999998807907104,1.7860866952101873e-10,0.9999998807907104,3.095030898236928e-09,9.820587398845504e-11,1.4628470523803117e-07
/Users/aswanathjs/Downloads/test10/ai_plastic_waste_management_training/LDPE Plastic/plastic_bags/plasticbag (1).png,1,LDPE Plastic,1,LDPE Plastic,0.9995909333229065,3.5042918170802295e-05,0.9995909333229065,6.0806996771134436e-05,0.00010544098040554672,0.00020778576435986906
/Users/aswanathjs/Downloads/test10/ai_plastic_waste_management_training/PET Plastic/black_white_plastic_bottles/abywq_jpg.rf.40979fdfa364d24db32db72ae60e3450.jpg,2,PET Plastic,2,PET Plastic,0.9999618530273438,2.3486016289098188e-05,1.64950563430466e-06,0.9999618530273438,8.486795195494778e-06,4.556638032227056e-06
/Users/aswanathjs/Downloads/test10/ai_plastic_waste_management_training/PS Plastic/foam_sheets/PS-703_jpg.rf.ecb20d25fbbc6ed8cf0bdfa206d1bab7.jpg,4,PS Plastic,4,PS Plastic,0.9997351765632629,0.00011332846770528704,2.4675398890394717e-05,6.017202395014465e-06,0.00012078959844075143,0.9997351765632629
/Users/aswanathjs/Downloads/test10/ai_plastic_waste_management_training/HDPE Plastic/milk_bottles/HDPEM458.jpg,0,HDPE Plastic,0,HDPE Plastic,1.0,1.0,7.824326603289578e-11,1.786017200799961e-08,2.6484621162836675e-09,5.421079141143537e-10
/Users/aswanathjs/Downloads/test10/ai_plastic_waste_management_training/HDPE Plastic/detergent_bottles/0098_a02b03c2d0e0f0g0h3.jpg,0,HDPE Plastic,0,HDPE Plastic,0.9999994039535522,0.9999994039535522,4.0014267455035224e-08,2.4730301362296814e-08,6.064075250833412e-07,1.7108952476974082e-08
/Users/aswanathjs/Downloads/test10/ai_plastic_waste_management_training/LDPE Plastic/plastic_bags/plasticbag (47).jpg,1,LDPE Plastic,1,LDPE Plastic,0.9815019965171814,0.017587099224328995,0.9815019965171814,1.1791951692430303e-05,0.0002528825425542891,0.0006462775636464357
/Users/aswanathjs/Downloads/test10/ai_plastic_waste_management_training/LDPE Plastic/plastic_bags/plasticbag (73).jpg,1,LDPE Plastic,1,LDPE Plastic,0.9998438358306885,6.55360781820491e-05,0.9998438358306885,8.62726551531523e-07,2.5907431336236186e-05,6.39282661722973e-05
/Users/aswanathjs/Downloads/test10/ai_plastic_waste_management_training/HDPE Plastic/shampoo_bottles/0061_a02b01c2d1e0f1g0h4.jpg,0,HDPE Plastic,0,HDPE Plastic,0.9982578158378601,0.9982578158378601,2.1001284039812163e-05,0.00012185036757728085,0.00022784387692809105,0.0013714528176933527
/Users/aswanathjs/Downloads/test10/ai_plastic_waste_management_training/HDPE Plastic/detergent_bottles/IMG_20220209_182147.jpg,0,HDPE Plastic,0,HDPE Plastic,0.9953731894493103,0.9953731894493103,7.994767656782642e-05,0.0008472499321214855,0.0036736426409333944,2.5965906388591975e-05
/Users/aswanathjs/Downloads/test10/ai_plastic_waste_management_training/HDPE Plastic/milk_bottles/HDPEM48.jpg,0,HDPE Plastic,0,HDPE Plastic,0.9999793767929077,0.9999793767929077,2.539716881244658e-08,6.427515927498462e-06,1.3812858924211469e-05,3.3413078881494584e-07
/Users/aswanathjs/Downloads/test10/ai_plastic_waste_management_training/LDPE Plastic/black_white__plastic_bags/0162_jpg.rf.9a1981dd31050787a474bb8ac0693d45.jpg,1,LDPE Plastic,1,LDPE Plastic,0.999995231628418,1.8757990574158612e-06,0.999995231628418,5.6655728997156984e-08,1.811970378184924e-07,2.604810561024351e-06
"/Users/aswanathjs/Downloads/test10/ai_plastic_waste_management_training/PET Plastic/plastic_bottles/PET1,742.jpg",2,PET Plastic,2,PET Plastic,0.9496878385543823,0.012365613132715225,0.01954415999352932,0.9496878385543823,0.018191298469901085,0.0002110871864715591
/Users/aswanathjs/Downloads/test10/ai_plastic_waste_management_training/PET Plastic/plastic_bottles/PET629.jpg,2,PET Plastic,2,PET Plastic,0.999951958656311,4.083286694367416e-05,5.489582122208958e-07,0.999951958656311,2.8245485736988485e-06,3.8096457046776777e-06
/Users/aswanathjs/Downloads/test10/ai_plastic_waste_management_training/HDPE Plastic/milk_bottles/HDPEM568.JPG,0,HDPE Plastic,0,HDPE Plastic,0.9999996423721313,0.9999996423721313,3.108752011371507e-08,2.3913486302262754e-07,5.981839024116198e-08,1.5951014731285795e-08
/Users/aswanathjs/Downloads/test10/ai_plastic_waste_management_training/LDPE Plastic/black_white__plastic_bags/0295_jpg.rf.065b088f4f3e5e4867e8290e9faee15b.jpg,1,LDPE Plastic,1,LDPE Plastic,0.9941873550415039,0.002247332129627466,0.9941873550415039,8.144383900798857e-05,0.000590167474001646,0.002893602941185236
/Users/aswanathjs/Downloads/test10/ai_plastic_waste_management_training/PET Plastic/plastic_bottles/PET490.jpg,2,PET Plastic,2,PET Plastic,0.9979070425033569,0.0012406408786773682,5.960854105069302e-05,0.9979070425033569,0.0006864615133963525,0.00010618996020639315
/Users/aswanathjs/Downloads/test10/ai_plastic_waste_management_training/PS Plastic/foam_sheets/PS-787_jpg.rf.0c785dc43d2465bb8a78b7a52c615efe.jpg,4,PS Plastic,4,PS Plastic,0.9999946355819702,4.422237452672562e-06,1.5860837265790906e-07,1.2484268552270805e-07,6.468325182140688e-07,0.9999946355819702
/Users/aswanathjs/Downloads/test10/ai_plastic_waste_management_training/LDPE Plastic/plastic_bags/LDPE-431_jpg.rf.249b0f57fc04a7a0ae6d37d000ecb703.jpg,1,LDPE Plastic,1,LDPE Plastic,0.9999672174453735,1.956724918272812e-05,0.9999672174453735,1.0461778856551973e-06,7.482114597223699e-06,4.6513182496710215e-06
/Users/aswanathjs/Downloads/test10/ai_plastic_waste_management_training/LDPE Plastic/plastic_bags/plasticbag (151).jpg,1,LDPE Plastic,1,LDPE Plastic,0.9889138340950012,0.00022072266438044608,0.9889138340950012,0.0001361143367830664,0.0007153521873988211,0.010013982653617859
/Users/aswanathjs/Downloads/test10/ai_plastic_waste_management_training/LDPE Plastic/plastic_bags/LDPE-293_jpg.rf.bde4224432d30d40d24d3dcd6f1e0888.jpg,1,LDPE Plastic,1,LDPE Plastic,0.9999983310699463,3.245744437663234e-07,0.9999983310699463,4.02593002490903e-07,7.856309025555674e-07,6.939217200851999e-08
/Users/aswanathjs/Downloads/test10/ai_plastic_waste_management_training/HDPE Plastic/shampoo_bottles/0077_a02b01c2d2e0f1g0h1.jpg,0,HDPE Plastic,0,HDPE Plastic,1.0,1.0,3.030259723701967e-11,1.5189897950573794e-10,4.015299551185514e-11,9.950708312889134e-11
/Users/aswanathjs/Downloads/test10/ai_plastic_waste_management_training/HDPE Plastic/milk_bottles/HDPEM500.jpg,0,HDPE Plastic,0,HDPE Plastic,1.0,1.0,1.1720482982584268e-14,1.3813896959636012e-14,4.7512996039997e-15,1.0365487764993353e-14
/Users/aswanathjs/Downloads/test10/ai_plastic_waste_management_training/LDPE Plastic/plastic_bags/LDPE-40_jpg.rf.a5a123359eee300daad58ce7995bacd6.jpg,1,LDPE Plastic,1,LDPE Plastic,0.9998346567153931,2.468436150593334e-06,0.9998346567153931,1.736694684950635e-05,0.00014341305359266698,2.089658664772287e-06
/Users/aswanathjs/Downloads/test10/ai_plastic_waste_management_training/LDPE Plastic/plastic_bags/LDPE-40_jpg.rf.e55415c481da52b2769ed03c2ab0823d.jpg,1,LDPE Plastic,1,LDPE Plastic,0.9999867677688599,1.4380441371031338e-06,0.9999867677688599,8.493106520290894e-07,2.1990169898344902e-06,8.78874743648339e-06
/Users/aswanathjs/Downloads/test10/ai_plastic_waste_management_training/LDPE Plastic/plastic_bags/train_LDPE-47_jpg.rf.610bad0d856c5afe10fe1ff56827726f.jpg,1,LDPE Plastic,1,LDPE Plastic,0.9998409748077393,0.00015595034346915781,0.9998409748077393,2.1281442741383216e-07,1.849609247983608e-07,2.60024194176367e-06
/Users/aswanathjs/Downloads/test10/ai_plastic_waste_management_training/PET Plastic/black_white_plastic_bottles/cbzxm_jpg.rf.2399244408126d3169b792107dfab1c5.jpg,2,PET Plastic,2,PET Plastic,0.9998632669448853,8.61296121001942e-06,0.00011095290392404422,0.9998632669448853,3.285864977442543e-06,1.3862746527593117e-05
/Users/aswanathjs/Downloads/test10/ai_plastic_waste_management_training/HDPE Plastic/detergent_bottles/0010_a02b01c1d3e0f1g0h0.jpg,0,HDPE Plastic,0,HDPE Plastic,0.9999648332595825,0.9999648332595825,2.4937143905390258e-08,3.629059719401084e-08,3.4739725379040465e-05,3.8685797676407674e-07
/Users/aswanathjs/Downloads/test10/ai_plastic_waste_management_training/HDPE Plastic/milk_bottles/HDPEM142.jpg,0,HDPE Plastic,0,HDPE Plastic,0.9999935626983643,0.9999935626983643,4.578008017119828e-08,3.8110960076664924e-07,5.794136086478829e-06,1.7951937536508922e-07
/Users/aswanathjs/Downloads/test10/ai_plastic_waste_management_training/PET Plastic/shampoo_bottles/0080_a05b00c1d2e0f1g0h2.jpg,2,PET Plastic,2,PET Plastic,0.9999996423721313,4.7033981154243065e-09,2.762241706477653e-07,0.9999996423721313,4.791384711211322e-08,1.5976226563907403e-08
/Users/aswanathjs/Downloads/test10/ai_plastic_waste_management_training/PS Plastic/foam_sheets/Plastic_377_jpg.rf.77917ecb16b6a31b0e94129838e490b3.jpg,4,PS Plastic,4,PS Plastic,0.9999793767929077,2.0455474441405386e-05,3.950824734033631e-08,1.290664357611604e-07,1.2918777159143247e-10,0.9999793767929077
/Users/aswanathjs/Downloads/test10/ai_plastic_waste_management_training/PS Plastic/form_sheets_grey/Plastic_377_jpg.rf.77917ecb16b6a31b0e94129838e490b3.jpg,4,PS Plastic,4,PS Plastic,0.9993731379508972,0.0006211695726960897,4.201273895887425e-06,1.5331265785789583e-06,5.378107292841605e-09,0.9993731379508972
/Users/aswanathjs/Downloads/test10/ai_plastic_waste_management_training/PET Plastic/black_white_plastic_bottles/akzlw_jpg.rf.d4ae9247059ec7de3f13dc3628e33012.jpg,2,PET Plastic,2,PET Plastic,0.9971297383308411,0.00234683183953166,1.3260048035590444e-05,0.9971297383308411,0.0004722245503216982,3.804039806709625e-05
/Users/aswanathjs/Downloads/test10/ai_plastic_waste_management_training/LDPE Plastic/plastic_bags/plasticbag (127).jpg,1,LDPE Plastic,1,LDPE Plastic,0.9999520778656006,1.375681335957779e-06,0.9999520778656006,2.252076910735923e-06,3.390471829334274e-05,1.0444200597703457e-05
/Users/aswanathjs/Downloads/test10/ai_plastic_waste_management_training/HDPE Plastic/shampoo_bottles/0023_a02b01c2d3e0f1g0h0.jpg,0,HDPE Plastic,0,HDPE Plastic,0.9999997615814209,0.9999997615814209,1.90848581382852e-08,2.7171346062004886e-08,2.3411473648593528e-07,4.340561332583093e-08
/Users/aswanathjs/Downloads/test10/ai_plastic_waste_management_training/PS Plastic/foam_sheets/PS-864_jpg.rf.5a3574d591f4346dfdf92882507dcb85.jpg,4,PS Plastic,4,PS Plastic,0.9999995231628418,4.742498163068376e-07,1.846820296691476e-08,7.350586805898729e-09,1.7439047539369312e-08,0.9999995231628418
/Users/aswanathjs/Downloads/test10/ai_plastic_waste_management_training/HDPE Plastic/milk_bottles/HDPEM315.jpg,0,HDPE Plastic,0,HDPE Plastic,0.9999996423721313,0.9999996423721313,1.0496301605655844e-09,3.3772406027310353e-07,4.213269289010668e-09,3.769970557954139e-09
/Users/aswanathjs/Downloads/test10/ai_plastic_waste_management_training/LDPE Plastic/plastic_bags/plasticbag (186) 17.43.56.jpg,1,LDPE Plastic,1,LDPE Plastic,0.9999998807907104,2.924455344555099e-08,0.9999998807907104,2.049373337698057e-09,1.1746342565288614e-08,3.532016634721913e-08
/Users/aswanathjs/Downloads/test10/ai_plastic_waste_management_training/HDPE Plastic/shampoo_bottles/0078_a02b07c2d1e0f1g0h4.jpg,0,HDPE Plastic,0,HDPE Plastic,1.0,1.0,8.956640762391999e-09,5.141512549045046e-09,4.204967207765975e-10,8.851427923950439e-10
/Users/aswanathjs/Downloads/test10/ai_plastic_waste_management_training/HDPE Plastic/detergent_bottles/0039_a02b01c1d2e0f1g0h2.jpg,0,HDPE Plastic,0,HDPE Plastic,1.0,1.0,2.546513833134867e-10,2.1664481320016193e-10,2.572756452323688e-09,3.767499201501323e-09
/Users/aswanathjs/Downloads/test10/ai_plastic_waste_management_training/PS Plastic/foam_sheets/PS-881_jpg.rf.05216e5ddd84d2a4eb1b0506777e46e0.jpg,4,PS Plastic,4,PS Plastic,0.9999998807907104,8.592485301051056e-08,1.3613734139994449e-08,2.3299284723776736e-09,1.3748014282555232e-08,0.9999998807907104
/Users/aswanathjs/Downloads/test10/ai_plastic_waste_management_training/PP Plastic/round_containers/IMG_20220210_105620.jpg,3,PP Plastic,3,PP Plastic,0.9919561147689819,0.007874097675085068,0.00010723534796852618,4.93603729410097e-05,0.9919561147689819,1.3149636288289912e-05
/Users/aswanathjs/Downloads/test10/ai_plastic_waste_management_training/LDPE Plastic/plastic_bags/LDPE-418_jpg.rf.59fd351ccd47cc2e99157fa9a87ff8e6.jpg,1,LDPE Plastic,1,LDPE Plastic,0.9999545812606812,5.273689566820394e-06,0.9999545812606812,3.843949798465474e-06,1.3880548067390919e-05,2.250507714052219e-05
/Users/aswanathjs/Downloads/test10/ai_plastic_waste_management_training/HDPE Plastic/detergent_bottles/IMG_20220209_182200.jpg,0,HDPE Plastic,0,HDPE Plastic,0.9999148845672607,0.9999148845672607,2.5733302777553035e-07,4.039026180180372e-07,8.367875852854922e-05,8.365641974705795e-07
/Users/aswanathjs/Downloads/test10/ai_plastic_waste_management_training/PET Plastic/black_white_plastic_bottles/cyfte_jpg.rf.aa843f2d247631ef19cbb513c3ab601f.jpg,2,PET Plastic,2,PET Plastic,0.9997072815895081,2.5497500246274285e-05,9.162356582237408e-05,0.9997072815895081,0.0001533519389340654,2.2224157874006778e-05
/Users/aswanathjs/Downloads/test10/ai_plastic_waste_management_training/HDPE Plastic/shampoo_bottles/0061_a02b01c1d2e0f1g0h1(1).jpg,0,HDPE Plastic,0,HDPE Plastic,0.9999996423721313,0.9999996423721313,8.070593970899154e-09,1.420813955377298e-08,1.1946035272103472e-07,2.2085669115767814e-07
/Users/aswanathjs/Downloads/test10/ai_plastic_waste_management_training/PET Plastic/plastic_bottles/PET809.jpg,2,PET Plastic,2,PET Plastic,0.9999754428863525,7.041148251119012e-07,2.3125961888581514e-05,0.9999754428863525,4.982102908002162e-08,7.118781013559783e-07
/Users/aswanathjs/Downloads/test10/ai_plastic_waste_management_training/PP Plastic/square_containers/Image_43.png,3,PP Plastic,3,PP Plastic,0.9999885559082031,8.075997357082088e-06,3.287201252533123e-06,3.221905942041303e-08,0.9999885559082031,1.2204949939587095e-08
/Users/aswanathjs/Downloads/test10/ai_plastic_waste_management_training/PS Plastic/foam_containers/Image_43.png,3,PP Plastic,3,PP Plastic,0.5222670435905457,0.032294128090143204,0.2388332337141037,0.0010586421703919768,0.5222670435905457,0.20554690062999725
"/Users/aswanathjs/Downloads/test10/ai_plastic_waste_management_training/PET Plastic/plastic_bottles/PET1,327.jpg",2,PET Plastic,2,PET Plastic,0.999966025352478,8.91170566319488e-06,1.66251155064856e-08,0.999966025352478,2.4977791326818988e-05,3.409073201510182e-08
/Users/aswanathjs/Downloads/test10/ai_plastic_waste_management_training/PET Plastic/black_white_plastic_bottles/atybo_jpg.rf.fcd8ab570f3c1c7fd295ee6d723e08f9.jpg,2,PET Plastic,2,PET Plastic,0.9999966621398926,2.2494984932563966e-06,1.634176811649013e-07,0.9999966621398926,6.443734719141503e-07,2.0712967341296462e-07
/Users/aswanathjs/Downloads/test10/ai_plastic_waste_management_training/PS Plastic/foam_sheets/PS-842_jpg.rf.e982ae6579999b1e31f1c874455a0970.jpg,4,PS Plastic,4,PS Plastic,1.0,4.830015853940495e-08,6.741679658972544e-09,2.0804835632048935e-09,4.1463041888789576e-09,1.0
/Users/aswanathjs/Downloads/test10/ai_plastic_waste_management_training/PS Plastic/form_sheets_grey/PS-842_jpg.rf.e982ae6579999b1e31f1c874455a0970.jpg,4,PS Plastic,4,PS Plastic,1.0,5.475724762504797e-08,7.81911335678842e-09,1.9461825484512474e-09,2.534826792910394e-09,1.0
/Users/aswanathjs/Downloads/test10/ai_plastic_waste_management_training/PET Plastic/black_white_plastic_bottles/cunzi_jpg.rf.3931bfde9de42598078b82162c74494e.jpg,2,PET Plastic,2,PET Plastic,0.9999198913574219,2.0501049220911227e-05,4.7695742978248745e-05,0.9999198913574219,9.482703717367258e-06,2.3617396891495446e-06
"/Users/aswanathjs/Downloads/test10/ai_plastic_waste_management_training/PET Plastic/plastic_bottles/PET1,715.jpg",2,PET Plastic,2,PET Plastic,0.9825698137283325,0.01739835925400257,2.426392484267126e-06,0.9825698137283325,2.390309782640543e-05,5.479648734763032e-06
/Users/aswanathjs/Downloads/test10/ai_plastic_waste_management_training/PET Plastic/black_white_plastic_bottles/bkfgd_jpg.rf.9d138b03d92f37c8718ecbc4bac077cb.jpg,2,PET Plastic,2,PET Plastic,0.9999750852584839,5.203977707424201e-06,4.332489424996311e-06,0.9999750852584839,1.2146502740506548e-05,3.223196472390555e-06
/Users/aswanathjs/Downloads/test10/ai_plastic_waste_management_training/LDPE Plastic/plastic_bags/train_LDPE-70_jpg.rf.266a4630c4a9a3bbf5f0eb2c2ad2951c.jpg,1,LDPE Plastic,1,LDPE Plastic,0.9990754127502441,3.6502206057775766e-05,0.9990754127502441,4.387125591165386e-05,2.375062831561081e-05,0.0008205058984458447
/Users/aswanathjs/Downloads/test10/ai_plastic_waste_management_training/PS Plastic/foam_containers/Image_112.png,4,PS Plastic,4,PS Plastic,0.5172568559646606,0.04247530549764633,0.2027299702167511,0.0143847381696105,0.22315318882465363,0.5172568559646606
/Users/aswanathjs/Downloads/test10/ai_plastic_waste_management_training/HDPE Plastic/shampoo_bottles/0077_a02b01c2d2e0f1g0h3.jpg,0,HDPE Plastic,0,HDPE Plastic,1.0,1.0,1.0464255850717308e-10,1.0068695183163001e-10,5.163725350088022e-12,4.852597212945398e-10
/Users/aswanathjs/Downloads/test10/ai_plastic_waste_management_training/LDPE Plastic/plastic_bags/plasticbag (173).jpg,1,LDPE Plastic,1,LDPE Plastic,1.0,3.735494757961533e-08,1.0,1.6174282746472812e-10,3.04674369067115e-10,7.974000126864667e-09
/Users/aswanathjs/Downloads/test10/ai_plastic_waste_management_training/PS Plastic/foam_sheets/PS-651_jpg.rf.cda908ffb9026c8b8d95001c0c53483e.jpg,4,PS Plastic,4,PS Plastic,0.9999643564224243,2.5962324798456393e-05,8.143808372551575e-06,6.262803253775928e-07,8.72167504439858e-07,0.9999643564224243
"/Users/aswanathjs/Downloads/test10/ai_plastic_waste_management_training/PET Plastic/plastic_bottles/PET1,317.jpg",2,PET Plastic,2,PET Plastic,0.999975323677063,1.2335608516877983e-05,2.545424315769651e-08,0.999975323677063,1.2257823073014151e-05,5.010576842323644e-08
"/Users/aswanathjs/Downloads/test10/ai_plastic_waste_management_training/PET Plastic/plastic_bottles/PET1,576.jpg",2,PET Plastic,2,PET Plastic,0.818895161151886,0.18067020177841187,0.00021011487115174532,0.818895161151886,8.563223673263565e-05,0.00013888459943700582
/Users/aswanathjs/Downloads/test10/ai_plastic_waste_management_training/HDPE Plastic/detergent_bottles/0096_a02b04c1d3e0f0g0h2.jpg,0,HDPE Plastic,0,HDPE Plastic,1.0,1.0,4.5895384714889076e-10,1.082928635653957e-09,2.3542222393757584e-08,5.579428030699773e-10
/Users/aswanathjs/Downloads/test10/ai_plastic_waste_management_training/PET Plastic/plastic_bottles/PET589.jpg,2,PET Plastic,2,PET Plastic,0.9999992847442627,3.5724337976716924e-07,1.425618876282897e-07,0.9999992847442627,7.410572067101384e-08,6.845180422487829e-08
/Users/aswanathjs/Downloads/test10/ai_plastic_waste_management_training/HDPE Plastic/detergent_bottles/Image_198.png,0,HDPE Plastic,0,HDPE Plastic,0.9988194108009338,0.9988194108009338,0.0006029841024428606,0.00018548904336057603,0.00035708167706616223,3.5039454814977944e-05
/Users/aswanathjs/Downloads/test10/ai_plastic_waste_management_training/HDPE Plastic/detergent_botteles_grey/Image_198.png,0,HDPE Plastic,0,HDPE Plastic,0.9910467267036438,0.9910467267036438,0.002501133596524596,0.004348360933363438,0.0014247373910620809,0.0006790540064685047
/Users/aswanathjs/Downloads/test10/ai_plastic_waste_management_training/LDPE Plastic/bin_bags/Image_198.png,0,HDPE Plastic,1,LDPE Plastic,0.9975382089614868,0.0013744072057306767,0.9975382089614868,0.00017351408314425498,0.0006134427967481315,0.0003003812744282186
/Users/aswanathjs/Downloads/test10/ai_plastic_waste_management_training/LDPE Plastic/bin_bags_grey/Image_198.png,0,HDPE Plastic,1,LDPE Plastic,0.9942325949668884,0.0036711988504976034,0.9942325949668884,0.0003482178144622594,0.001364215393550694,0.00038381427293643355
/Users/aswanathjs/Downloads/test10/ai_plastic_waste_management_training/PP Plastic/round_containers/Image_198.png,0,HDPE Plastic,3,PP Plastic,0.5420429110527039,0.13325835764408112,0.2753489911556244,0.0009319658274762332,0.5420429110527039,0.04841781035065651
/Users/aswanathjs/Downloads/test10/ai_plastic_waste_management_training/PS Plastic/foam_containers/Image_198.png,0,HDPE Plastic,4,PS Plastic,0.51898193359375,0.12144452333450317,0.20789773762226105,0.0012779243988916278,0.1503979116678238,0.51898193359375
/Users/aswanathjs/Downloads/test10/ai_plastic_waste_management_training/PS Plastic/foam_sheets/IMG_9351_JPG.rf.c36c6fec509bda68ec99bc4f531acd3c.jpg,4,PS Plastic,4,PS Plastic,0.9993324875831604,1.5444990140167647e-06,0.0006390848429873586,2.6839446945814416e-05,8.478638591213894e-08,0.9993324875831604
/Users/aswanathjs/Downloads/test10/ai_plastic_waste_management_training/PS Plastic/foam_sheets/IMG_9351_JPG.rf.38adcfc87ed2287a35e42b775601ad2c.jpg,4,PS Plastic,4,PS Plastic,0.9999998807907104,6.765402682518129e-10,5.7867616476414696e-08,1.0967465868816362e-07,4.2072591938113746e-11,0.9999998807907104
/Users/aswanathjs/Downloads/test10/ai_plastic_waste_management_training/PS Plastic/foam_sheets/IMG_9351_JPG.rf.10bbf9599a61362ec2886337e56b270e.jpg,4,PS Plastic,4,PS Plastic,0.9999990463256836,1.145336980812317e-08,3.9814776187085954e-07,6.059765951249574e-07,3.304311824159356e-10,0.9999990463256836
/Users/aswanathjs/Downloads/test10/ai_plastic_waste_management_training/PP Plastic/round_containers/0031_a05b01c1d0e0f0g0h3.jpg,3,PP Plastic,3,PP Plastic,0.9999823570251465,5.178335868549766e-06,4.414106115291361e-06,3.66708695764828e-06,0.9999823570251465,4.393019935378106e-06
/Users/aswanathjs/Downloads/test10/ai_plastic_waste_management_training/PP Plastic/round_containers_grey/0031_a05b01c1d0e0f0g0h3.jpg,3,PP Plastic,3,PP Plastic,0.9999780654907227,7.942515367176384e-06,8.834368600219022e-06,2.037920467046206e-06,0.9999780654907227,3.171253183609224e-06
/Users/aswanathjs/Downloads/test10/ai_plastic_waste_management_training/PP Plastic/round_containers/0031_a05b01c1d0e0f0g0h4.jpg,3,PP Plastic,3,PP Plastic,0.9999860525131226,1.189553313452052e-05,1.9792771581705892e-06,3.480797650112777e-09,0.9999860525131226,1.9347348612086535e-08
/Users/aswanathjs/Downloads/test10/ai_plastic_waste_management_training/PP Plastic/round_containers_grey/0031_a05b01c1d0e0f0g0h4.jpg,3,PP Plastic,3,PP Plastic,0.9999986886978149,1.012203938444145e-06,2.0911249976052204e-07,3.5510100415692136e-10,0.9999986886978149,7.715543204334097e-10
/Users/aswanathjs/Downloads/test10/ai_plastic_waste_management_training/LDPE Plastic/black_white__plastic_bags/0163_jpg.rf.0aeb6e15ebadbb94be9ea641296c6e05.jpg,1,LDPE Plastic,1,LDPE Plastic,0.9999412298202515,1.7989628759096377e-05,0.9999412298202515,5.289187754442537e-08,1.8375353647570591e-06,3.896186899510212e-05
"/Users/aswanathjs/Downloads/test10/ai_plastic_waste_management_training/PET Plastic/plastic_bottles/PET1,259.jpg",2,PET Plastic,2,PET Plastic,0.9999995231628418,3.5664129427459557e-07,2.8607605173647244e-08,0.9999995231628418,3.7626730176043566e-08,8.828631159474298e-09
/Users/aswanathjs/Downloads/test10/ai_plastic_waste_management_training/PS Plastic/foam_sheets/PS-785_jpg.rf.5deff55d43217d89fd0a2039e73aa7a8.jpg,4,PS Plastic,4,PS Plastic,0.9999967813491821,2.621901785460068e-06,6.614002501237337e-08,9.390053179458846e-08,3.813944147168513e-07,0.9999967813491821
/Users/aswanathjs/Downloads/test10/ai_plastic_waste_management_training/LDPE Plastic/black_white__plastic_bags/0271_jpg.rf.7447a3499cc07537cbccee47654ef059.jpg,1,LDPE Plastic,1,LDPE Plastic,0.9999399185180664,6.649853730777977e-06,0.9999399185180664,1.8679736513149692e-07,2.0359499103506096e-05,3.291506436653435e-05
/Users/aswanathjs/Downloads/test10/ai_plastic_waste_management_training/PP Plastic/round_containers/0035_a06b01c1d0e0f0g0h0.jpg,3,PP Plastic,3,PP Plastic,0.9999512434005737,1.8495522454031743e-05,9.08658023490716e-07,2.9142003768356517e-05,0.9999512434005737,1.7185271872222074e-07
/Users/aswanathjs/Downloads/test10/ai_plastic_waste_management_training/PS Plastic/foam_sheets/IMG_9364_JPG.rf.78943591a0aa34be894caf46fd6bdd1b.jpg,4,PS Plastic,4,PS Plastic,0.9999992847442627,6.253964568436743e-10,3.258582736975768e-08,7.161796702348511e-07,1.4641522369518434e-11,0.9999992847442627
/Users/aswanathjs/Downloads/test10/ai_plastic_waste_management_training/PS Plastic/foam_sheets/IMG_9364_JPG.rf.b879d0a451529461635fcc8ddc6976ad.jpg,4,PS Plastic,4,PS Plastic,1.0,7.023506776171473e-11,4.228383687632231e-08,6.232240057357785e-09,1.9960508940153332e-13,1.0
/Users/aswanathjs/Downloads/test10/ai_plastic_waste_management_training/PS Plastic/foam_sheets/IMG_9364_JPG.rf.496917bf65d897b13e95915518f40254.jpg,4,PS Plastic,4,PS Plastic,1.0,6.863850308437558e-13,2.020018180504124e-10,6.959023912678219e-10,9.683684052452291e-16,1.0
/Users/aswanathjs/Downloads/test10/ai_plastic_waste_management_training/PS Plastic/form_sheets_grey/IMG_9364_JPG.rf.496917bf65d897b13e95915518f40254.jpg,4,PS Plastic,4,PS Plastic,0.9999994039535522,3.3763489226679155e-10,4.688108674599789e-07,6.380568606800807e-08,9.822269386727811e-11,0.9999994039535522
/Users/aswanathjs/Downloads/test10/ai_plastic_waste_management_training/PET Plastic/black_white_plastic_bottles/dleqp_jpg.rf.6bcc041e74e777e178413db8884af740.jpg,2,PET Plastic,2,PET Plastic,0.9978488683700562,0.0017437952337786555,2.42415026150411e-05,0.9978488683700562,0.00037438012077473104,8.691077709954698e-06
/Users/aswanathjs/Downloads/test10/ai_plastic_waste_management_training/LDPE Plastic/plastic_bags/plasticbag (132) 17.43.56.jpg,1,LDPE Plastic,1,LDPE Plastic,1.0,5.131150260240247e-08,1.0,5.268619984732936e-10,1.227849488749655e-09,1.104970115406445e-09
"/Users/aswanathjs/Downloads/test10/ai_plastic_waste_management_training/PET Plastic/plastic_bottles/PET1,567.jpg",2,PET Plastic,2,PET Plastic,0.9999803304672241,1.6716285244910978e-05,6.710085926897591e-07,0.9999803304672241,2.0263535134290578e-06,2.6256304863636615e-07
/Users/aswanathjs/Downloads/test10/ai_plastic_waste_management_training/PET Plastic/shampoo_bottles/0080_a05b00c2d1e0f1g0h0.jpg,2,PET Plastic,2,PET Plastic,0.9999995231628418,2.485105881078198e-07,1.908372482262166e-08,0.9999995231628418,7.191169260067909e-08,6.889217019079297e-08
/Users/aswanathjs/Downloads/test10/ai_plastic_waste_management_training/LDPE Plastic/plastic_bags/plasticbag (184) 17.43.56.jpg,1,LDPE Plastic,1,LDPE Plastic,0.9988855719566345,3.927851139451377e-05,0.9988855719566345,0.00015420455019921064,0.000731550098862499,0.00018931883096229285
"/Users/aswanathjs/Downloads/test10/ai_plastic_waste_management_training/PET Plastic/plastic_bottles/PET1,104.jpg",2,PET Plastic,2,PET Plastic,0.9999970197677612,5.2855998688983163e-08,4.459659237454616e-07,0.9999970197677612,2.275329734402476e-06,1.7477239566687786e-07
/Users/aswanathjs/Downloads/test10/ai_plastic_waste_management_training/LDPE Plastic/plastic_bags/train_LDPE-4_jpg.rf.172e48324e9bbb2936f1ce8c4f02d3e4.jpg,1,LDPE Plastic,1,LDPE Plastic,0.9999948740005493,7.874246534811391e-07,0.9999948740005493,3.7472684653039323e-06,1.095944384132963e-07,4.5902530132480024e-07
"/Users/aswanathjs/Downloads/test10/ai_plastic_waste_management_training/PET Plastic/plastic_bottles/PET1,210.jpg",2,PET Plastic,2,PET Plastic,0.9999850988388062,1.369920369143074e-06,9.719292393128853e-06,0.9999850988388062,3.4212575883429963e-06,3.9746123547956813e-07
/Users/aswanathjs/Downloads/test10/ai_plastic_waste_management_training/HDPE Plastic/shampoo_bottles/0076_a02b06c1d1e0f1g0h0.jpg,0,HDPE Plastic,0,HDPE Plastic,0.9998763799667358,0.9998763799667358,2.752105956460582e-06,0.00011464314593467861,4.9028521971195005e-06,1.3033544519203133e-06
"/Users/aswanathjs/Downloads/test10/ai_plastic_waste_management_training/PET Plastic/plastic_bottles/PET1,343.jpg",2,PET Plastic,2,PET Plastic,0.999985933303833,1.2534695997601375e-05,1.692862667823647e-07,0.999985933303833,1.218002466885082e-06,5.30902255491128e-08
"/Users/aswanathjs/Downloads/test10/ai_plastic_waste_management_training/PET Plastic/plastic_bottles/PET1,694.jpg",2,PET Plastic,2,PET Plastic,0.9999841451644897,1.1702971278282348e-05,6.167370543153083e-07,0.9999841451644897,3.154170599373174e-06,3.552017346919456e-07
/Users/aswanathjs/Downloads/test10/ai_plastic_waste_management_training/LDPE Plastic/bin_bags/Image_183.png,1,LDPE Plastic,1,LDPE Plastic,0.9982232451438904,0.0009966996731236577,0.9982232451438904,0.00011846597044495866,0.00046855496475473046,0.000193015715922229
/Users/aswanathjs/Downloads/test10/ai_plastic_waste_management_training/PS Plastic/foam_containers/Image_183.png,1,LDPE Plastic,4,PS Plastic,0.4717477858066559,0.04649920389056206,0.18575675785541534,0.01356206089258194,0.2824341952800751,0.4717477858066559
/Users/aswanathjs/Downloads/test10/ai_plastic_waste_management_training/PET Plastic/black_white_plastic_bottles/abwtn_jpg.rf.a3ed0f94fcec68ce20a815f9ef20d988.jpg,2,PET Plastic,2,PET Plastic,0.9999942779541016,3.202343577868305e-06,2.6785494355863193e-07,0.9999942779541016,3.8881566410964297e-07,1.8501777958590537e-06
"/Users/aswanathjs/Downloads/test10/ai_plastic_waste_management_training/PET Plastic/plastic_bottles/PET1,316.jpg",2,PET Plastic,2,PET Plastic,0.9999691247940063,1.572901055624243e-05,2.8722972444938932e-08,0.9999691247940063,1.5079716831678525e-05,5.2223111168814285e-08
"/Users/aswanathjs/Downloads/test10/ai_plastic_waste_management_training/HDPE Plastic/milk_bottles/HDPEM1,018.JPG",0,HDPE Plastic,0,HDPE Plastic,1.0,1.0,9.789962894177218e-13,1.3862543057907573e-10,5.4949647262936274e-12,1.6350837350742609e-10
/Users/aswanathjs/Downloads/test10/ai_plastic_waste_management_training/PP Plastic/round_containers/0022_a05b00c2d3e0f0g0h4.jpg,3,PP Plastic,3,PP Plastic,0.9997846484184265,6.509836384793743e-05,1.568882362334989e-05,0.00012622523354366422,0.9997846484184265,8.279414032585919e-06
/Users/aswanathjs/Downloads/test10/ai_plastic_waste_management_training/HDPE Plastic/milk_bottles/HDPEM244.jpg,0,HDPE Plastic,0,HDPE Plastic,1.0,1.0,2.6265975505701533e-10,2.842264557045837e-08,1.1404936994807713e-09,3.2594105192629286e-09
/Users/aswanathjs/Downloads/test10/ai_plastic_waste_management_training/PS Plastic/foam_sheets/PS-849_jpg.rf.4abd96d7d001aca2d67fac4ea8a77d62.jpg,4,PS Plastic,4,PS Plastic,0.9999998807907104,1.3174910407087737e-07,2.153171640983942e-09,1.3111887131600497e-09,1.4935166436913505e-09,0.9999998807907104
/Users/aswanathjs/Downloads/test10/ai_plastic_waste_management_training/LDPE Plastic/plastic_bags/LDPE-246_jpg.rf.dce5395bab33c53be1a43bbb99e44588.jpg,1,LDPE Plastic,1,LDPE Plastic,0.9999403953552246,8.164297469193116e-06,0.9999403953552246,1.857402367022587e-06,4.74331718578469e-05,2.178258228013874e-06
/Users/aswanathjs/Downloads/test10/ai_plastic_waste_management_training/LDPE Plastic/black_white__plastic_bags/0273_jpg.rf.c4b236ee0597546afa841fffe4650bf0.jpg,1,LDPE Plastic,1,LDPE Plastic,0.9999821186065674,2.0798700006707804e-06,0.9999821186065674,3.5885594940054943e-08,1.8849074194804416e-06,1.3891207345295697e-05
/Users/aswanathjs/Downloads/test10/ai_plastic_waste_management_training/HDPE Plastic/shampoo_bottles/0077_a02b01c2d3e0f1g0h4.jpg,0,HDPE Plastic,0,HDPE Plastic,1.0,1.0,5.728885681816065e-12,2.025969669805505e-12,3.638778389714048e-09,4.5137994036936746e-11
/Users/aswanathjs/Downloads/test10/ai_plastic_waste_management_training/LDPE Plastic/plastic_bags/plasticbag (5).png,1,LDPE Plastic,1,LDPE Plastic,0.9541593194007874,0.014198767021298409,0.9541593194007874,0.0016234099166467786,0.011389309540390968,0.01862923614680767
/Users/aswanathjs/Downloads/test10/ai_plastic_waste_management_training/LDPE Plastic/plastic_bags/plasticbag (5).jpg,1,LDPE Plastic,1,LDPE Plastic,0.9995132684707642,3.398357148398645e-05,0.9995132684707642,2.1733561879955232e-05,8.901670298655517e-07,0.0004301872686482966
/Users/aswanathjs/Downloads/test10/ai_plastic_waste_management_training/PET Plastic/black_white_plastic_bottles/ajvdm_jpg.rf.6bd843215f765d2d340198b7b7b84579.jpg,2,PET Plastic,2,PET Plastic,0.9997156262397766,3.0194218197721057e-05,0.00015166145749390125,0.9997156262397766,7.393821579171345e-05,2.860721906472463e-05
/Users/aswanathjs/Downloads/test10/ai_plastic_waste_management_training/HDPE Plastic/milk_bottles/HDPEM287.jpg,0,HDPE Plastic,0,HDPE Plastic,0.9998869895935059,0.9998869895935059,3.7494805837923195e-06,9.793257777346298e-05,4.918522790831048e-06,6.266295258683385e-06
"/Users/aswanathjs/Downloads/test10/ai_plastic_waste_management_training/HDPE Plastic/milk_bottles/HDPEM1,009.JPG",0,HDPE Plastic,0,HDPE Plastic,0.9999971389770508,0.9999971389770508,1.8417620140098734e-07,2.0864715679635992e-06,4.148011356619463e-08,4.821794163945015e-07
/Users/aswanathjs/Downloads/test10/ai_plastic_waste_management_training/PP Plastic/square_containers_grey/0011_a05b00c2d0e0f0g0h2.jpg,3,PP Plastic,3,PP Plastic,0.9990146160125732,0.0009460327564738691,3.7863312172703445e-05,5.083401788397168e-07,0.9990146160125732,9.556063105264911e-07
/Users/aswanathjs/Downloads/test10/ai_plastic_waste_management_training/PP Plastic/rectangle_containers/0011_a05b00c2d0e0f0g0h2.jpg,3,PP Plastic,3,PP Plastic,0.9999674558639526,2.0634743123082444e-05,8.834814252622891e-06,2.261937652292545e-06,0.9999674558639526,7.980938221407996e-07
/Users/aswanathjs/Downloads/test10/ai_plastic_waste_management_training/PP Plastic/square_containers/0011_a05b00c2d0e0f0g0h2.jpg,3,PP Plastic,3,PP Plastic,0.9999674558639526,2.0634743123082444e-05,8.834814252622891e-06,2.261937652292545e-06,0.9999674558639526,7.980938221407996e-07
/Users/aswanathjs/Downloads/test10/ai_plastic_waste_management_training/PET Plastic/black_white_plastic_bottles/deyko_jpg.rf.1a0459845d53cb5f7d40e2d6b7a2f2de.jpg,2,PET Plastic,2,PET Plastic,0.9977341890335083,0.0020834787283092737,7.69527250668034e-05,0.9977341890335083,7.5835436291527e-05,2.9494676709873602e-05
/Users/aswanathjs/Downloads/test10/ai_plastic_waste_management_training/PET Plastic/black_white_plastic_bottles/btazr_jpg.rf.c76c6645e697d4caa213735259dd8c84.jpg,2,PET Plastic,2,PET Plastic,0.9999991655349731,3.7551276932390465e-07,5.965702598587086e-08,0.9999991655349731,1.3370447504712502e-07,1.9037956633383146e-07
/Users/aswanathjs/Downloads/test10/ai_plastic_waste_management_training/HDPE Plastic/shampoo_bottles/0061_a02b01c2d3e0f1g0h2.jpg,0,HDPE Plastic,0,HDPE Plastic,0.9999319314956665,0.9999319314956665,1.1640345292107668e-06,6.1025755712762475e-05,3.9971280330064474e-07,5.509682523552328e-06
/Users/aswanathjs/Downloads/test10/ai_plastic_waste_management_training/HDPE Plastic/detergent_bottles/0096_a02b04c2d0e0f0g0h3.jpg,0,HDPE Plastic,0,HDPE Plastic,1.0,1.0,5.695544480488479e-09,6.2991647453713995e-09,2.3059104847789058e-08,8.90142715093134e-09
"/Users/aswanathjs/Downloads/test10/ai_plastic_waste_management_training/PET Plastic/plastic_bottles/PET1,136.jpg",2,PET Plastic,2,PET Plastic,0.9999864101409912,2.4490128680554335e-07,1.2771070032613352e-05,0.9999864101409912,2.952997704142035e-07,2.085606496393666e-07
/Users/aswanathjs/Downloads/test10/ai_plastic_waste_management_training/PET Plastic/black_white_plastic_bottles/aexcz_jpg.rf.1fe7c3f16d303baa9555a7dd4e735fdb.jpg,2,PET Plastic,2,PET Plastic,0.9950554370880127,0.004742726683616638,4.378234734758735e-06,0.9950554370880127,0.00017810447025112808,1.935956061061006e-05
/Users/aswanathjs/Downloads/test10/ai_plastic_waste_management_training/HDPE Plastic/detergent_bottles/0096_a02b04c1d3e0f0g0h1.jpg,0,HDPE Plastic,0,HDPE Plastic,0.9999998807907104,0.9999998807907104,6.214529335579755e-09,1.5820971199786982e-08,1.3404597609678603e-07,1.2006267091635436e-08
/Users/aswanathjs/Downloads/test10/ai_plastic_waste_management_training/HDPE Plastic/milk_bottles/HDPEM414.jpg,0,HDPE Plastic,0,HDPE Plastic,1.0,1.0,1.7950289032953037e-09,6.81469858321293e-09,2.524738640374835e-08,1.7675704233610645e-09
/Users/aswanathjs/Downloads/test10/ai_plastic_waste_management_training/PP Plastic/square_containers/IMG_20220209_175409.jpg,3,PP Plastic,3,PP Plastic,0.9999998807907104,7.108598509830699e-08,4.739567316391913e-08,2.4135925258406132e-08,0.9999998807907104,6.965537124870025e-08
/Users/aswanathjs/Downloads/test10/ai_plastic_waste_management_training/HDPE Plastic/shampoo_bottles/0065_a02b03c2d0e0f1g0h4.jpg,0,HDPE Plastic,0,HDPE Plastic,0.999995231628418,0.999995231628418,2.9772390774951418e-08,4.4356879698170815e-06,9.277916035443923e-08,2.4813459731376497e-07
/Users/aswanathjs/Downloads/test10/ai_plastic_waste_management_training/HDPE Plastic/shampoo_bottles/0076_a02b06c1d2e0f1g0h0.jpg,0,HDPE Plastic,0,HDPE Plastic,0.9999996423721313,0.9999996423721313,3.756821698175372e-08,4.034856146972743e-07,4.452187063463953e-09,4.1055079336160816e-09
/Users/aswanathjs/Downloads/test10/ai_plastic_waste_management_training/LDPE Plastic/plastic_bags/plasticbag (66).jpg,1,LDPE Plastic,1,LDPE Plastic,0.5020310282707214,0.07719329744577408,0.5020310282707214,0.02764631249010563,0.2621791958808899,0.1309501826763153
/Users/aswanathjs/Downloads/test10/ai_plastic_waste_management_training/HDPE Plastic/shampoo_bottles/0021_a02b01c1d3e1f0g0h4.jpg,0,HDPE Plastic,0,HDPE Plastic,0.9999903440475464,0.9999903440475464,3.051228381067972e-09,9.623126970836893e-06,4.928784136382092e-08,3.943692661323439e-08
/Users/aswanathjs/Downloads/test10/ai_plastic_waste_management_training/PET Plastic/plastic_bottles/PET993.jpg,2,PET Plastic,2,PET Plastic,0.9999313354492188,2.9144563086447306e-05,3.846741310553625e-05,0.9999313354492188,2.164264429893592e-07,7.639542900506058e-07
/Users/aswanathjs/Downloads/test10/ai_plastic_waste_management_training/HDPE Plastic/shampoo_bottles/0076_a02b06c1d0e0f1g0h3.jpg,0,HDPE Plastic,0,HDPE Plastic,0.9999972581863403,0.9999972581863403,7.268822059813829e-07,1.389209842272976e-06,2.6872518787968147e-07,3.1313001613852975e-07
"/Users/aswanathjs/Downloads/test10/ai_plastic_waste_management_training/PET Plastic/plastic_bottles/PET1,553.jpg",2,PET Plastic,2,PET Plastic,0.9994136095046997,0.0005308844265528023,2.956760170036432e-07,0.9994136095046997,4.449982225196436e-05,1.0769686014100444e-05
/Users/aswanathjs/Downloads/test10/ai_plastic_waste_management_training/PS Plastic/foam_sheets/PS-531_jpg.rf.e1d3c129f8e8bc1daf58918c1a98871a.jpg,4,PS Plastic,4,PS Plastic,0.9999970197677612,2.809440275086672e-06,4.9422787640196475e-08,4.258357222397535e-08,1.3239139562415403e-08,0.9999970197677612
/Users/aswanathjs/Downloads/test10/ai_plastic_waste_management_training/HDPE Plastic/milk_bottles/HDPEM317.jpg,0,HDPE Plastic,0,HDPE Plastic,1.0,1.0,1.4404148013236195e-11,2.0892028385066652e-10,8.144858051895021e-12,6.551149900335673e-11
/Users/aswanathjs/Downloads/test10/ai_plastic_waste_management_training/HDPE Plastic/shampoo_bottiles_grey/0023_a02b01c2d2e0f1g0h1.jpg,0,HDPE Plastic,0,HDPE Plastic,1.0,1.0,5.619890403735228e-12,1.6468552910264833e-10,4.355111826725988e-10,9.75181158047178e-10
/Users/aswanathjs/Downloads/test10/ai_plastic_waste_management_training/HDPE Plastic/shampoo_bottles/0023_a02b01c2d2e0f1g0h1.jpg,0,HDPE Plastic,0,HDPE Plastic,1.0,1.0,1.6612134844801174e-13,9.150823328252233e-12,7.231234382988616e-13,1.727456372391245e-11
/Users/aswanathjs/Downloads/test10/ai_plastic_waste_management_training/PP Plastic/round_containers/0035_a06b01c2d3e0f0g0h4.jpg,3,PP Plastic,3,PP Plastic,0.9999963045120239,9.466516530665103e-07,2.1048413145763334e-07,2.310339368705172e-06,0.9999963045120239,1.8774984766878333e-07
/Users/aswanathjs/Downloads/test10/ai_plastic_waste_management_training/LDPE Plastic/bubble_wrap/LDPE-82_jpg.rf.37a722377163a1431bd9230f3c53a386.jpg,1,LDPE Plastic,1,LDPE Plastic,1.0,2.4510999896421026e-09,1.0,4.916550366829142e-08,3.812663240676528e-10,1.4756298405416146e-09
/Users/aswanathjs/Downloads/test10/ai_plastic_waste_management_training/LDPE Plastic/bubble_wrap/LDPE-82_jpg.rf.97a81e1fcf5a78dead74a86d80a238e6.jpg,1,LDPE Plastic,1,LDPE Plastic,0.999971866607666,6.890788426971994e-06,0.999971866607666,5.2637110456998926e-06,2.5685130822239444e-06,1.3306444088811986e-05
/Users/aswanathjs/Downloads/test10/ai_plastic_waste_management_training/PP Plastic/round_containers/IMG_20220209_174947.jpg,3,PP Plastic,3,PP Plastic,0.9999796152114868,1.4166022310746484e-06,1.5475427062483504e-05,1.49753623190918e-06,0.9999796152114868,1.9408819298405433e-06
"/Users/aswanathjs/Downloads/test10/ai_plastic_waste_management_training/PET Plastic/plastic_bottles/PET1,712.jpg",2,PET Plastic,2,PET Plastic,0.9999996423721313,4.900508443483886e-09,4.454211577353817e-08,0.9999996423721313,2.738624402809364e-07,7.325506423683237e-09
/Users/aswanathjs/Downloads/test10/ai_plastic_waste_management_training/LDPE Plastic/bubble_wrap/train_LDPE-85_jpg.rf.444032c57e3a25c50594c040d8fff208.jpg,1,LDPE Plastic,1,LDPE Plastic,0.9999998807907104,2.895560058391311e-08,0.9999998807907104,5.075366260598457e-08,7.176205851777695e-09,1.020370121729286e-09
/Users/aswanathjs/Downloads/test10/ai_plastic_waste_management_training/PET Plastic/black_white_plastic_bottles/cxrgu_jpg.rf.65de1a9f2d6dd325b20eb6120cbe2320.jpg,2,PET Plastic,2,PET Plastic,0.9994019269943237,0.0005852486938238144,2.094215460601845e-06,0.9994019269943237,1.6593788814134314e-06,9.026073712448124e-06
/Users/aswanathjs/Downloads/test10/ai_plastic_waste_management_training/PET Plastic/shampoo_bottles/0050_a05b00c2d1e1f1g0h4.jpg,2,PET Plastic,2,PET Plastic,1.0,2.0166208258842744e-08,7.920745170864052e-10,1.0,6.395152851723651e-09,1.1506182118203867e-10
/Users/aswanathjs/Downloads/test10/ai_plastic_waste_management_training/LDPE Plastic/plastic_bags/LDPE-48_jpg.rf.03adcf9b039abd85882d4515b3a0ed72.jpg,1,LDPE Plastic,1,LDPE Plastic,0.9999984502792358,1.2582155477502965e-06,0.9999984502792358,9.408282863887507e-08,6.340684421957121e-08,8.970462772595056e-08
/Users/aswanathjs/Downloads/test10/ai_plastic_waste_management_training/PET Plastic/black_white_plastic_bottles/dgzlv_jpg.rf.ee5ec099e8b8725a0fc8a376dd396d52.jpg,2,PET Plastic,2,PET Plastic,0.9999969005584717,1.60658385084389e-06,4.278794563106203e-07,0.9999969005584717,3.4564232009870466e-07,7.635767929059512e-07
"/Users/aswanathjs/Downloads/test10/ai_plastic_waste_management_training/PET Plastic/plastic_bottles/PET1,603.jpg",2,PET Plastic,2,PET Plastic,0.999298095703125,0.00041262753074988723,1.4376520994119346e-05,0.999298095703125,0.00023586668248753995,3.89915076084435e-05
/Users/aswanathjs/Downloads/test10/ai_plastic_waste_management_training/HDPE Plastic/milk_bottles/HDPEM133.jpg,0,HDPE Plastic,0,HDPE Plastic,1.0,1.0,1.3752453169313394e-11,9.395627609265489e-10,1.8968471238167695e-09,2.893310591112197e-10
/Users/aswanathjs/Downloads/test10/ai_plastic_waste_management_training/PP Plastic/square_containers_grey/IMG_20220209_173814.jpg,3,PP Plastic,3,PP Plastic,0.9988847374916077,0.0004768825601786375,0.00046522627235390246,0.00010121057857759297,0.9988847374916077,7.188961171777919e-05
/Users/aswanathjs/Downloads/test10/ai_plastic_waste_management_training/PP Plastic/square_containers/IMG_20220209_173814.jpg,3,PP Plastic,3,PP Plastic,0.9945493340492249,0.003172119613736868,0.001816728850826621,0.00035479600774124265,0.9945493340492249,0.00010700381972128525
/Users/aswanathjs/Downloads/test10/ai_plastic_waste_management_training/PET Plastic/plastic_bottles/PET384.jpg,2,PET Plastic,2,PET Plastic,0.9999938011169434,5.599954874924151e-06,6.03471335125505e-08,0.9999938011169434,7.689450853831659e-08,5.197287009650609e-07
/Users/aswanathjs/Downloads/test10/ai_plastic_waste_management_training/HDPE Plastic/shampoo_bottles/0065_a02b03c2d3e0f1g0h3.jpg,0,HDPE Plastic,0,HDPE Plastic,1.0,1.0,6.851055833756448e-10,2.372335661249281e-10,6.91980639455636e-10,3.1032701408584273e-10
/Users/aswanathjs/Downloads/test10/ai_plastic_waste_management_training/HDPE Plastic/milk_bottles/HDPEM281.jpg,0,HDPE Plastic,0,HDPE Plastic,0.9999819993972778,0.9999819993972778,2.0165807654848322e-06,1.4659085536550265e-05,4.432504496776346e-08,1.3019267726122052e-06
/Users/aswanathjs/Downloads/test10/ai_plastic_waste_management_training/PP Plastic/round_containers/IMG_20220209_173624.jpg,3,PP Plastic,3,PP Plastic,0.999921441078186,1.3532229786505923e-05,4.3060328607680276e-05,9.776177648745943e-06,0.999921441078186,1.226622498506913e-05
/Users/aswanathjs/Downloads/test10/ai_plastic_waste_management_training/HDPE Plastic/detergent_bottles/0010_a02b01c1d3e0f1g0h2.jpg,0,HDPE Plastic,0,HDPE Plastic,1.0,1.0,3.292650596620206e-10,6.752678971544412e-10,1.6942721670076821e-09,7.564632809042848e-10
/Users/aswanathjs/Downloads/test10/ai_plastic_waste_management_training/LDPE Plastic/plastic_bags/plasticbag (163).jpg,1,LDPE Plastic,1,LDPE Plastic,0.9999721050262451,4.777931508215261e-07,0.9999721050262451,3.695826364946697e-07,2.4385373762925155e-05,2.5522758733131923e-06
/Users/aswanathjs/Downloads/test10/ai_plastic_waste_management_training/LDPE Plastic/plastic_bags/LDPE-65_jpg.rf.8e7cb0efcbaea582454ea3dba2772d4f.jpg,1,LDPE Plastic,1,LDPE Plastic,0.9999986886978149,1.1396376464745117e-07,0.9999986886978149,1.3870348425371049e-07,9.418740205546783e-07,1.600104155841109e-07
/Users/aswanathjs/Downloads/test10/ai_plastic_waste_management_training/LDPE Plastic/plastic_bags/LDPE-65_jpg.rf.9fd07c0767e1815534adf671b07f067a.jpg,1,LDPE Plastic,1,LDPE Plastic,0.9999614953994751,6.843629762443015e-06,0.9999614953994751,6.654796607108437e-07,6.28668885838124e-06,2.463146302034147e-05
/Users/aswanathjs/Downloads/test10/ai_plastic_waste_management_training/LDPE Plastic/plastic_bags/train_LDPE-51_jpg.rf.af9728965ce0dedb7509cf53464a92ff.jpg,1,LDPE Plastic,1,LDPE Plastic,0.9999998807907104,8.697469411345082e-08,0.9999998807907104,1.956932393909483e-09,3.002298143428561e-08,4.00604918127101e-08
/Users/aswanathjs/Downloads/test10/ai_plastic_waste_management_training/PET Plastic/black_white_plastic_bottles/bzegv_jpg.rf.aced48e4c17428c90bcf06fc1c8693cb.jpg,2,PET Plastic,2,PET Plastic,0.9999730587005615,2.5725574232637882e-05,6.210198080225382e-07,0.9999730587005615,2.1076466794056614e-07,4.3442281594252563e-07
/Users/aswanathjs/Downloads/test10/ai_plastic_waste_management_training/PP Plastic/round_containers/IMG_20220209_175618.jpg,3,PP Plastic,3,PP Plastic,0.9999911785125732,1.5665934824937722e-06,6.444280643336242e-06,3.9088155290301074e-07,0.9999911785125732,4.4923524455953157e-07
/Users/aswanathjs/Downloads/test10/ai_plastic_waste_management_training/PP Plastic/square_containers/Image_193.png,3,PP Plastic,3,PP Plastic,0.789993405342102,0.07809612900018692,0.12416805326938629,0.002778921741992235,0.789993405342102,0.004963582847267389
/Users/aswanathjs/Downloads/test10/ai_plastic_waste_management_training/PS Plastic/foam_containers/Image_193.png,3,PP Plastic,4,PS Plastic,0.6370492577552795,0.03539863973855972,0.13474096357822418,0.013456204906105995,0.1793549805879593,0.6370492577552795
/Users/aswanathjs/Downloads/test10/ai_plastic_waste_management_training/HDPE Plastic/milk_bottles/HDPEM67.jpg,0,HDPE Plastic,0,HDPE Plastic,0.9999996423721313,0.9999996423721313,5.226902466404226e-09,7.795526357767812e-08,2.0623069474368094e-07,3.3951842226542794e-08
/Users/aswanathjs/Downloads/test10/ai_plastic_waste_management_training/PS Plastic/foam_sheets/PS-816_jpg.rf.621f2b8ee9e7ddcc302155c252c762fe.jpg,4,PS Plastic,4,PS Plastic,1.0,5.5176503366283214e-08,1.869722848768518e-10,4.0173700477375007e-10,3.1361993557688095e-10,1.0
/Users/aswanathjs/Downloads/test10/ai_plastic_waste_management_training/PP Plastic/round_containers/IMG_20220209_174543.jpg,3,PP Plastic,3,PP Plastic,0.9999122619628906,2.4529712391085923e-05,5.9741480072261766e-05,3.0863909614708973e-06,0.9999122619628906,3.8723183592992427e-07
/Users/aswanathjs/Downloads/test10/ai_plastic_waste_management_training/PP Plastic/round_containers/IMG_20220209_174119.jpg,3,PP Plastic,3,PP Plastic,0.9998413324356079,0.00012567467638291419,1.9702220015460625e-05,1.0523785022087395e-05,0.9998413324356079,2.822908300004201e-06
/Users/aswanathjs/Downloads/test10/ai_plastic_waste_management_training/LDPE Plastic/plastic_bags/LDPE-535_jpg.rf.8ba1e8c5bd8cd7d6a3faef3b05a247eb.jpg,1,LDPE Plastic,1,LDPE Plastic,0.9997718930244446,9.681944356998429e-05,0.9997718930244446,1.5037641787785105e-05,5.561448051594198e-05,6.0588867199840024e-05
/Users/aswanathjs/Downloads/test10/ai_plastic_waste_management_training/PP Plastic/irregular_containers/train_PP-45_jpg.rf.ad3e3e10ad03ba04b8fd23db4c13ff94.jpg,3,PP Plastic,3,PP Plastic,0.999707043170929,4.8743424940767e-07,0.00028664394631050527,5.808301921206294e-06,0.999707043170929,5.994889562543904e-08
/Users/aswanathjs/Downloads/test10/ai_plastic_waste_management_training/HDPE Plastic/shampoo_bottles/0075_a02b01c1d2e0f0g0h0.jpg,0,HDPE Plastic,0,HDPE Plastic,0.9999914169311523,0.9999914169311523,4.422360255773583e-09,2.2950801792376296e-07,8.367243026441429e-06,2.2513965802772873e-08
/Users/aswanathjs/Downloads/test10/ai_plastic_waste_management_training/PET Plastic/plastic_bottles/PET542.jpg,2,PET Plastic,2,PET Plastic,0.9999966621398926,1.3046902722635423e-06,7.00230373240629e-07,0.9999966621398926,3.6433394257073815e-07,9.108709946303861e-07
/Users/aswanathjs/Downloads/test10/ai_plastic_waste_management_training/LDPE Plastic/plastic_bags/LDPE-22_jpg.rf.dc475cc93de39ca824b6e309e578e910.jpg,1,LDPE Plastic,1,LDPE Plastic,0.9997473359107971,0.00011370312131475657,0.9997473359107971,1.2979936400370207e-05,2.584499270597007e-05,0.00010007144010160118
/Users/aswanathjs/Downloads/test10/ai_plastic_waste_management_training/PET Plastic/plastic_bottles/PET678.jpg,2,PET Plastic,2,PET Plastic,1.0,4.7821469451037046e-08,4.6044461576855156e-09,1.0,1.2993837117392104e-08,2.567006607279154e-09
"/Users/aswanathjs/Downloads/test10/ai_plastic_waste_management_training/PET Plastic/plastic_bottles/PET1,065.jpg",2,PET Plastic,2,PET Plastic,0.9999998807907104,2.981344238150996e-08,4.8462471369248306e-08,0.9999998807907104,2.1135132755034647e-08,6.3857061860517206e-09
/Users/aswanathjs/Downloads/test10/ai_plastic_waste_management_training/HDPE Plastic/shampoo_bottles/0099_a02b01c2d2e0f1g0h0.jpg,0,HDPE Plastic,0,HDPE Plastic,0.9998289346694946,0.9998289346694946,1.1395181900297757e-05,1.0004996511270292e-05,0.00012542575132101774,2.416246570646763e-05
/Users/aswanathjs/Downloads/test10/ai_plastic_waste_management_training/PP Plastic/round_containers/0044_a06b01c1d3e0f0g0h0.jpg,3,PP Plastic,3,PP Plastic,0.985017716884613,0.013877945020794868,0.0004161098913755268,0.0003146412782371044,0.985017716884613,0.0003735319187399
/Users/aswanathjs/Downloads/test10/ai_plastic_waste_management_training/PS Plastic/foam_sheets/PS-869_jpg.rf.2da744199d0e5ad8eb1c98b5e943d36a.jpg,4,PS Plastic,4,PS Plastic,0.9999998807907104,1.3073280058506498e-07,3.5748284332726143e-09,2.2281789746614322e-09,2.80528333895802e-09,0.9999998807907104
/Users/aswanathjs/Downloads/test10/ai_plastic_waste_management_training/PET Plastic/black_white_plastic_bottles/dqvay_jpg.rf.a4fd7fb9e01ae4311912e45995ecdd5f.jpg,2,PET Plastic,2,PET Plastic,0.9996641874313354,0.0002586428599897772,5.406766376836458e-06,0.9996641874313354,6.235479668248445e-05,9.39335222938098e-06
/Users/aswanathjs/Downloads/test10/ai_plastic_waste_management_training/PP Plastic/round_containers/0032_a05b01c2d3e0f0g0h3.jpg,3,PP Plastic,3,PP Plastic,0.9999110698699951,2.9040375011391006e-05,4.807200753020879e-07,5.427034557214938e-05,0.9999110698699951,5.156687620910816e-06
/Users/aswanathjs/Downloads/test10/ai_plastic_waste_management_training/LDPE Plastic/plastic_bags/LDPE-326_jpg.rf.b4eed70874e5502c4fd701c857b9eb59.jpg,1,LDPE Plastic,1,LDPE Plastic,1.0,1.7944196128993894e-09,1.0,1.2575234187295337e-09,9.90980075776804e-10,1.5883068194000316e-09
/Users/aswanathjs/Downloads/test10/ai_plastic_waste_management_training/HDPE Plastic/milk_bottles/HDPEM218.jpg,0,HDPE Plastic,0,HDPE Plastic,0.839280366897583,0.839280366897583,0.00047522212844341993,0.13235941529273987,2.9155115043977275e-05,0.027855873107910156
/Users/aswanathjs/Downloads/test10/ai_plastic_waste_management_training/HDPE Plastic/shampoo_bottles/0065_a02b03c1d0e0f1g0h3.jpg,0,HDPE Plastic,0,HDPE Plastic,1.0,1.0,1.409777711236515e-10,4.164206202084131e-10,4.296500932809977e-09,1.9792366356963242e-10
/Users/aswanathjs/Downloads/test10/ai_plastic_waste_management_training/HDPE Plastic/shampoo_bottles/0078_a02b07c2d0e0f1g0h4.jpg,0,HDPE Plastic,0,HDPE Plastic,1.0,1.0,2.667338225292859e-11,5.734566155268794e-10,4.486889679244932e-11,4.5522568353772996e-11
"/Users/aswanathjs/Downloads/test10/ai_plastic_waste_management_training/PET Plastic/plastic_bottles/PET1,758.jpg",2,PET Plastic,2,PET Plastic,0.9999998807907104,4.8436412214414304e-08,1.1295205659678231e-08,0.9999998807907104,1.0257778626510117e-08,2.3818680361387123e-08
/Users/aswanathjs/Downloads/test10/ai_plastic_waste_management_training/LDPE Plastic/plastic_bags/plasticbag (144) 17.43.56.jpg,1,LDPE Plastic,1,LDPE Plastic,0.9999998807907104,7.61734213483578e-08,0.9999998807907104,7.05608771411903e-09,3.391004099739803e-08,6.613064584826134e-08
/Users/aswanathjs/Downloads/test10/ai_plastic_waste_management_training/HDPE Plastic/shampoo_bottles/0077_a02b01c1d3e0f1g0h4.jpg,0,HDPE Plastic,0,HDPE Plastic,1.0,1.0,1.919540481426507e-12,6.917657635954755e-13,2.280508837326778e-10,1.1926661915018233e-11
/Users/aswanathjs/Downloads/test10/ai_plastic_waste_management_training/LDPE Plastic/plastic_bags/LDPE-276_jpg.rf.62485e45d616880490d50ca7399b866e.jpg,1,LDPE Plastic,1,LDPE Plastic,0.9999947547912598,5.488439569489856e-07,0.9999947547912598,1.0549050557528972e-06,3.33764728566166e-06,3.219169286694523e-07
/Users/aswanathjs/Downloads/test10/ai_plastic_waste_management_training/PET Plastic/plastic_bottles/PET958.jpg,2,PET Plastic,2,PET Plastic,0.9999977350234985,9.508957532489148e-07,1.2418848172046637e-08,0.9999977350234985,1.208829758070351e-06,7.818204039722332e-08
/Users/aswanathjs/Downloads/test10/ai_plastic_waste_management_training/PP Plastic/square_containers_grey/IMG20220210150432.jpg,3,PP Plastic,3,PP Plastic,0.9531068801879883,0.02596442401409149,0.015261928550899029,0.0028733322396874428,0.9531068801879883,0.0027935223188251257
/Users/aswanathjs/Downloads/test10/ai_plastic_waste_management_training/PP Plastic/square_containers/IMG20220210150432.jpg,3,PP Plastic,0,HDPE Plastic,0.4729369878768921,0.4729369878768921,0.152319073677063,0.007862409576773643,0.36076006293296814,0.006121539510786533
/Users/aswanathjs/Downloads/test10/ai_plastic_waste_management_training/PP Plastic/square_containers/IMG20220210150440.jpg,3,PP Plastic,3,PP Plastic,0.970678985118866,0.01180728618055582,0.015454230830073357,0.0003865026228595525,0.970678985118866,0.0016729891067370772
/Users/aswanathjs/Downloads/test10/ai_plastic_waste_management_training/PS Plastic/foam_sheets/IMG_9358_JPG.rf.0d237e3fcecc10e0cd95d5b394b095f1.jpg,4,PS Plastic,4,PS Plastic,1.0,6.026505683376371e-11,2.0720651860983708e-08,2.902876339305749e-08,8.49903480926173e-13,1.0
/Users/aswanathjs/Downloads/test10/ai_plastic_waste_management_training/PS Plastic/foam_sheets/IMG_9358_JPG.rf.415a6862b45fd800b93978a40794c0d8.jpg,4,PS Plastic,4,PS Plastic,0.9999912977218628,4.986982915511362e-08,3.2324649055226473e-06,5.463732122734655e-06,1.9870435963298405e-08,0.9999912977218628
/Users/aswanathjs/Downloads/test10/ai_plastic_waste_management_training/PS Plastic/foam_sheets/IMG_9358_JPG.rf.9deddac341aaa43137a3c0038f66ebff.jpg,4,PS Plastic,4,PS Plastic,1.0,4.980913251295682e-12,7.189509876326383e-09,8.387708305690467e-09,4.5276834988476275e-14,1.0
"/Users/aswanathjs/Downloads/test10/ai_plastic_waste_management_training/PET Plastic/plastic_bottles/PET1,434.jpg",2,PET Plastic,2,PET Plastic,0.9999972581863403,7.07506501385069e-07,1.0294324965798296e-06,0.9999972581863403,8.684628483024426e-07,7.647062005844418e-08
/Users/aswanathjs/Downloads/test10/ai_plastic_waste_management_training/LDPE Plastic/plastic_bags/train_LDPE-42_jpg.rf.3641cfed1d3d932dbff4b3e15d25f862.jpg,1,LDPE Plastic,1,LDPE Plastic,0.9999979734420776,1.990539203688968e-06,0.9999979734420776,8.746824597949399e-09,1.880166955459117e-08,5.1561379166287225e-08
/Users/aswanathjs/Downloads/test10/ai_plastic_waste_management_training/LDPE Plastic/black_white__plastic_bags/0002_jpg.rf.a8f2a5a965525083cb801ab81e0faa07.jpg,1,LDPE Plastic,1,LDPE Plastic,0.9999674558639526,4.104434538021451e-06,0.9999674558639526,4.065351220106095e-07,3.5730888612306444e-06,2.4396562366746366e-05
/Users/aswanathjs/Downloads/test10/ai_plastic_waste_management_training/PET Plastic/plastic_bottles/PET858.jpg,2,PET Plastic,2,PET Plastic,0.9999986886978149,1.286634187636082e-06,6.1540230689161035e-09,0.9999986886978149,1.4988799090787097e-09,4.419931798338439e-08
/Users/aswanathjs/Downloads/test10/ai_plastic_waste_management_training/HDPE Plastic/milk_bottles/HDPEM185.jpg,0,HDPE Plastic,0,HDPE Plastic,0.9999998807907104,0.9999998807907104,5.109973333361495e-09,4.562833666454935e-08,5.909902789369426e-09,6.522383699802958e-08
"/Users/aswanathjs/Downloads/test10/ai_plastic_waste_management_training/PET Plastic/plastic_bottles/PET1,427.jpg",2,PET Plastic,2,PET Plastic,0.9999549388885498,9.072699072021351e-07,9.558164038026007e-07,0.9999549388885498,4.293845995562151e-05,2.31821687179945e-07
/Users/aswanathjs/Downloads/test10/ai_plastic_waste_management_training/HDPE Plastic/shampoo_bottles/0077_a02b01c1d2e0f1g0h2.jpg,0,HDPE Plastic,0,HDPE Plastic,0.9999995231628418,0.9999995231628418,3.3372573593482002e-09,1.875514641369591e-07,2.717697498155758e-07,7.110517952213513e-09
/Users/aswanathjs/Downloads/test10/ai_plastic_waste_management_training/HDPE Plastic/milk_bottles/HDPEM412.jpg,0,HDPE Plastic,0,HDPE Plastic,1.0,1.0,1.55877116769787e-10,1.8664403356183357e-11,2.8881882996323327e-10,2.299647972048291e-11
/Users/aswanathjs/Downloads/test10/ai_plastic_waste_management_training/PP Plastic/rectangle_containers/0011_a05b00c1d2e0f0g0h4.jpg,3,PP Plastic,3,PP Plastic,0.9999887943267822,3.1691829462943133e-06,2.5540310844007763e-07,7.718588676652871e-06,0.9999887943267822,1.2544273886305746e-07
/Users/aswanathjs/Downloads/test10/ai_plastic_waste_management_training/PP Plastic/square_containers/0011_a05b00c1d2e0f0g0h4.jpg,3,PP Plastic,3,PP Plastic,0.9999887943267822,3.1691829462943133e-06,2.5540310844007763e-07,7.718588676652871e-06,0.9999887943267822,1.2544273886305746e-07
/Users/aswanathjs/Downloads/test10/ai_plastic_waste_management_training/LDPE Plastic/plastic_bags_grey/plasticbag (112).jpg,1,LDPE Plastic,1,LDPE Plastic,0.9997678399085999,2.2310703570838086e-05,0.9997678399085999,1.3950754691904876e-05,0.00011187302879989147,8.398214413318783e-05
/Users/aswanathjs/Downloads/test10/ai_plastic_waste_management_training/LDPE Plastic/plastic_bags/plasticbag (112).jpg,1,LDPE Plastic,1,LDPE Plastic,0.9996592998504639,3.6686640669358894e-05,0.9996592998504639,2.1656762328348123e-05,0.00015447182522621006,0.0001278630952583626
/Users/aswanathjs/Downloads/test10/ai_plastic_waste_management_training/HDPE Plastic/detergent_bottles/IMG_20220209_182823.jpg,0,HDPE Plastic,0,HDPE Plastic,0.9999696016311646,0.9999696016311646,3.3529279335198225e-06,1.4359796296048444e-05,1.0107994057761971e-05,2.6424063435115386e-06
/Users/aswanathjs/Downloads/test10/ai_plastic_waste_management_training/HDPE Plastic/detergent_botteles_grey/IMG_20220209_182823.jpg,0,HDPE Plastic,0,HDPE Plastic,0.9959241151809692,0.9959241151809692,0.00012720748782157898,6.241909431992099e-05,0.003756139427423477,0.00013014070282224566
/Users/aswanathjs/Downloads/test10/ai_plastic_waste_management_training/HDPE Plastic/detergent_bottles/Image_227.png,0,HDPE Plastic,0,HDPE Plastic,0.9971867203712463,0.9971867203712463,0.0012986744986847043,5.464766945806332e-05,0.0006842189468443394,0.0007756614359095693
/Users/aswanathjs/Downloads/test10/ai_plastic_waste_management_training/PS Plastic/foam_containers/Image_227.png,0,HDPE Plastic,4,PS Plastic,0.597365140914917,0.04534349963068962,0.14541584253311157,0.016883185133337975,0.19499239325523376,0.597365140914917
/Users/aswanathjs/Downloads/test10/ai_plastic_waste_management_training/PP Plastic/square_containers/IMG_20220209_175414.jpg,3,PP Plastic,3,PP Plastic,0.9999983310699463,9.56793542172818e-07,3.0660567063023336e-07,4.25250270552624e-08,0.9999983310699463,3.043072922537249e-07
/Users/aswanathjs/Downloads/test10/ai_plastic_waste_management_training/HDPE Plastic/detergent_bottles/0098_a02b03c1d2e0f0g0h1.jpg,0,HDPE Plastic,0,HDPE Plastic,1.0,1.0,7.844020571967647e-11,3.3340598077497008e-12,9.218641128239113e-11,6.507273019040749e-12
/Users/aswanathjs/Downloads/test10/ai_plastic_waste_management_training/PET Plastic/plastic_bottles/PET387.jpg,2,PET Plastic,2,PET Plastic,0.9999982118606567,1.2641374951272155e-06,2.7717587158804236e-07,0.9999982118606567,5.612735876070474e-08,1.798548652232057e-07
/Users/aswanathjs/Downloads/test10/ai_plastic_waste_management_training/PP Plastic/irregular_containers/train_PP-65_jpg.rf.fa2894bafafb850fbc03caf362becbba.jpg,3,PP Plastic,3,PP Plastic,0.9997251629829407,3.800463309744373e-05,0.00023364803928416222,7.459810262844258e-07,0.9997251629829407,2.3803715976100648e-06
/Users/aswanathjs/Downloads/test10/ai_plastic_waste_management_training/PP Plastic/irregular_containers_grey/train_PP-65_jpg.rf.fa2894bafafb850fbc03caf362becbba.jpg,3,PP Plastic,3,PP Plastic,0.999702513217926,0.00012134179996792227,0.00017246606876142323,5.963394755781337e-07,0.999702513217926,3.0231035452743527e-06
/Users/aswanathjs/Downloads/test10/ai_plastic_waste_management_training/LDPE Plastic/plastic_bags/LDPE-450_jpg.rf.24a025e61ea6826167e25a7a34aba9d4.jpg,1,LDPE Plastic,1,LDPE Plastic,0.999984622001648,7.712831575190648e-06,0.999984622001648,1.3231768889454543e-06,4.273018930689432e-06,2.0841043806285597e-06
/Users/aswanathjs/Downloads/test10/ai_plastic_waste_management_training/HDPE Plastic/milk_bottles/HDPEM186.jpg,0,HDPE Plastic,0,HDPE Plastic,1.0,1.0,7.07179481640452e-10,5.879667308583691e-10,1.1189423831936551e-09,6.889204318127895e-09
/Users/aswanathjs/Downloads/test10/ai_plastic_waste_management_training/PET Plastic/black_white_plastic_bottles/anzjl_jpg.rf.ade3fd204a649262619bf1afd8d7a0ad.jpg,2,PET Plastic,2,PET Plastic,0.9999083280563354,8.083737338893116e-05,6.579977593901276e-07,0.9999083280563354,7.64474862080533e-06,2.5322233341285028e-06
/Users/aswanathjs/Downloads/test10/ai_plastic_waste_management_training/PS Plastic/foam_sheets/PS-634_jpg.rf.de9b1630e26de907126c2cc4fb61421c.jpg,4,PS Plastic,4,PS Plastic,0.9999967813491821,2.7335709091858007e-06,2.1889526635732182e-07,1.9205133128252783e-07,4.6274127640799634e-08,0.9999967813491821
/Users/aswanathjs/Downloads/test10/ai_plastic_waste_management_training/PP Plastic/round_containers/0035_a06b01c1d2e0f0g0h0.jpg,3,PP Plastic,3,PP Plastic,0.9996635913848877,0.0002599406288936734,5.389907528297044e-06,7.022203499218449e-05,0.9996635913848877,8.52668108564103e-07
/Users/aswanathjs/Downloads/test10/ai_plastic_waste_management_training/LDPE Plastic/bin_bags/Image_174.png,1,LDPE Plastic,1,LDPE Plastic,0.9980046153068542,0.0011281861225143075,0.9980046153068542,0.000154464301886037,0.00047504252870567143,0.00023766965023241937
/Users/aswanathjs/Downloads/test10/ai_plastic_waste_management_training/PP Plastic/square_containers/Image_174.png,1,LDPE Plastic,3,PP Plastic,0.6119123697280884,0.0951867401599884,0.19960352778434753,0.010898636654019356,0.6119123697280884,0.08239880949258804
/Users/aswanathjs/Downloads/test10/ai_plastic_waste_management_training/PS Plastic/foam_containers/Image_174.png,1,LDPE Plastic,3,PP Plastic,0.5268491506576538,0.034699130803346634,0.16856493055820465,0.006857316009700298,0.5268491506576538,0.2630294859409332
/Users/aswanathjs/Downloads/test10/ai_plastic_waste_management_training/PP Plastic/irregular_containers/valid_PP-75_jpg.rf.10a8409d955414fb5612109da918dce7.jpg,3,PP Plastic,3,PP Plastic,1.0,4.9471995944294633e-11,6.276760888823674e-09,5.107476663823718e-10,1.0,4.349205023901348e-12
/Users/aswanathjs/Downloads/test10/ai_plastic_waste_management_training/PP Plastic/irregular_containers_grey/valid_PP-75_jpg.rf.10a8409d955414fb5612109da918dce7.jpg,3,PP Plastic,3,PP Plastic,0.9999982118606567,3.178924679048123e-09,7.178144869612879e-07,1.0913969390458078e-06,0.9999982118606567,8.882941493482122e-09
"/Users/aswanathjs/Downloads/test10/ai_plastic_waste_management_training/HDPE Plastic/milk_bottles/HDPEM1,002.JPG",0,HDPE Plastic,0,HDPE Plastic,1.0,1.0,7.03895318768244e-12,4.476057569036129e-08,2.726167598957052e-12,1.2142530314562805e-09
/Users/aswanathjs/Downloads/test10/ai_plastic_waste_management_training/PET Plastic/plastic_bottles/PET995.jpg,2,PET Plastic,2,PET Plastic,0.9999996423721313,1.502167066291804e-07,1.8127336431916774e-07,0.9999996423721313,2.424424438984829e-09,3.497149014819456e-09
/Users/aswanathjs/Downloads/test10/ai_plastic_waste_management_training/PET Plastic/plastic_bottles/PET312.jpg,2,PET Plastic,2,PET Plastic,1.0,3.732781195253665e-08,8.021085462495137e-10,1.0,5.930075180904382e-11,3.7534531038829755e-10
/Users/aswanathjs/Downloads/test10/ai_plastic_waste_management_training/LDPE Plastic/plastic_bags/plasticbag (25).jpg,1,LDPE Plastic,1,LDPE Plastic,1.0,2.8410268386978854e-13,1.0,5.679688795288355e-15,3.579037836497906e-13,2.5774885697993355e-11
"/Users/aswanathjs/Downloads/test10/ai_plastic_waste_management_training/PET Plastic/plastic_bottles/PET1,254.jpg",2,PET Plastic,2,PET Plastic,1.0,1.2843996977096594e-08,4.72323158362542e-09,1.0,3.2708399544389977e-08,5.332728147955379e-10
/Users/aswanathjs/Downloads/test10/ai_plastic_waste_management_training/HDPE Plastic/shampoo_bottles/0021_a02b01c1d3e1f0g0h1.jpg,0,HDPE Plastic,0,HDPE Plastic,0.9617864489555359,0.9617864489555359,8.91024410520913e-06,2.837618239937001e-06,0.03818904981017113,1.2756509931932669e-05
/Users/aswanathjs/Downloads/test10/ai_plastic_waste_management_training/PS Plastic/foam_sheets/PS-612_jpg.rf.a0131cd6816f78008ca24e5e58d5b068.jpg,4,PS Plastic,4,PS Plastic,0.9998553991317749,9.819947445066646e-05,3.2074844057206064e-05,4.099706529814284e-06,1.0257916073896922e-05,0.9998553991317749
/Users/aswanathjs/Downloads/test10/ai_plastic_waste_management_training/HDPE Plastic/shampoo_bottles/0061_a02b01c1d0e0f1g0h2(1).jpg,0,HDPE Plastic,0,HDPE Plastic,0.999875545501709,0.999875545501709,5.399138444772689e-06,2.550738827267196e-05,2.867191687982995e-05,6.48772474960424e-05
/Users/aswanathjs/Downloads/test10/ai_plastic_waste_management_training/HDPE Plastic/detergent_bottles/0010_a02b01c2d3e0f1g0h0.jpg,0,HDPE Plastic,0,HDPE Plastic,0.9999896287918091,0.9999896287918091,5.462375440856704e-09,1.3581434643583634e-08,1.0326966730644926e-05,4.784441642868842e-08
/Users/aswanathjs/Downloads/test10/ai_plastic_waste_management_training/HDPE Plastic/detergent_botteles_grey/0010_a02b01c2d3e0f1g0h0.jpg,0,HDPE Plastic,0,HDPE Plastic,0.9999574422836304,0.9999574422836304,2.0686323765062298e-08,1.0278337292390916e-08,4.2370094888610765e-05,9.569274084242352e-08
/Users/aswanathjs/Downloads/test10/ai_plastic_waste_management_training/PS Plastic/foam_sheets/PS-889_jpg.rf.54aff3a2c234719a371258aa5877eaf9.jpg,4,PS Plastic,4,PS Plastic,0.9999998807907104,7.010480373992323e-08,6.759318438298578e-09,1.2710924535141999e-09,3.0680882279199295e-09,0.9999998807907104
/Users/aswanathjs/Downloads/test10/ai_plastic_waste_management_training/LDPE Plastic/bubble_wrap/train_LDPE-79_jpg.rf.899cf7b0e28e2da2fb80f3b7526ffa11.jpg,1,LDPE Plastic,1,LDPE Plastic,0.9999982118606567,6.449020020227181e-07,0.9999982118606567,1.0590698593659909e-06,3.5983980239961966e-08,6.315674028201101e-08
/Users/aswanathjs/Downloads/test10/ai_plastic_waste_management_training/PET Plastic/plastic_bottles/PET898.jpg,2,PET Plastic,2,PET Plastic,0.9998811483383179,1.3272603609948419e-05,8.36087710922584e-05,0.9998811483383179,1.2130845789215527e-05,9.838502592174336e-06
/Users/aswanathjs/Downloads/test10/ai_plastic_waste_management_training/PET Plastic/black_white_plastic_bottles/axzvb_jpg.rf.5b85f4675eb03576c2d5d3db955648e4.jpg,2,PET Plastic,2,PET Plastic,0.9998668432235718,0.0001294854300795123,7.838427507067536e-08,0.9998668432235718,1.98262478079414e-06,1.662183422013186e-06
/Users/aswanathjs/Downloads/test10/ai_plastic_waste_management_training/PP Plastic/round_containers/0043_a06b01c1d3e0f0g0h1.jpg,3,PP Plastic,3,PP Plastic,0.9999724626541138,7.908663064881694e-06,1.6368041542591527e-05,9.694632581158658e-07,0.9999724626541138,2.3473533019569004e-06
/Users/aswanathjs/Downloads/test10/ai_plastic_waste_management_training/PP Plastic/round_containers_grey/0043_a06b01c1d3e0f0g0h1.jpg,3,PP Plastic,3,PP Plastic,0.9998487234115601,0.00011915135837625712,3.183649459970184e-05,8.916261151625804e-08,0.9998487234115601,2.4355543359888543e-07
/Users/aswanathjs/Downloads/test10/ai_plastic_waste_management_training/PS Plastic/foam_containers/Image_194.png,4,PS Plastic,4,PS Plastic,0.8658015727996826,0.036627668887376785,0.05651943385601044,0.0019096952164545655,0.039141569286584854,0.8658015727996826
/Users/aswanathjs/Downloads/test10/ai_plastic_waste_management_training/PP Plastic/square_containers/IMG_20220209_175024.jpg,3,PP Plastic,3,PP Plastic,0.9999899864196777,2.792285386021831e-06,1.7661247966316296e-06,2.2737292226793215e-07,0.9999899864196777,5.2044965741515625e-06
/Users/aswanathjs/Downloads/test10/ai_plastic_waste_management_training/LDPE Plastic/bubble_wrap/LDPE-85_jpg.rf.0167a1549c2a1ab54aa42d6c2e865a41.jpg,1,LDPE Plastic,1,LDPE Plastic,1.0,7.0650041372744e-09,1.0,2.546845623285776e-09,5.024536786635281e-09,1.197321686241537e-09
/Users/aswanathjs/Downloads/test10/ai_plastic_waste_management_training/LDPE Plastic/bubble_wrap/LDPE-85_jpg.rf.03390a89eb4d5f2539497f88e078fcf7.jpg,1,LDPE Plastic,1,LDPE Plastic,1.0,1.2415932726383971e-09,1.0,8.21434298359236e-09,1.5023136068492704e-09,8.202174495153258e-10
/Users/aswanathjs/Downloads/test10/ai_plastic_waste_management_training/PS Plastic/foam_sheets/IMG_9359_JPG.rf.28b76d1e90a3e9fa15bb5292ca25a168.jpg,4,PS Plastic,4,PS Plastic,0.999997615814209,5.405103586930693e-10,7.342382559727412e-07,1.643030259401712e-06,2.2390066189981184e-10,0.999997615814209
/Users/aswanathjs/Downloads/test10/ai_plastic_waste_management_training/PS Plastic/foam_sheets/IMG_9359_JPG.rf.188d9cacf87fed29bcac95454f39ca1d.jpg,4,PS Plastic,4,PS Plastic,0.9999898672103882,1.335384580691823e-09,7.054947559481661e-07,9.386675628775265e-06,4.171013881504315e-11,0.9999898672103882
/Users/aswanathjs/Downloads/test10/ai_plastic_waste_management_training/PS Plastic/foam_sheets/IMG_9359_JPG.rf.683fe0e3043ce94b8b1f0fa29d3909aa.jpg,4,PS Plastic,4,PS Plastic,0.9999996423721313,4.979536574745147e-11,5.979660500088357e-08,2.5630848199398315e-07,5.042178341518877e-10,0.9999996423721313
/Users/aswanathjs/Downloads/test10/ai_plastic_waste_management_training/HDPE Plastic/shampoo_bottiles_grey/0099_a02b01c2d1e0f1g0h4.jpg,0,HDPE Plastic,0,HDPE Plastic,1.0,1.0,5.742812909242945e-12,6.773483163247107e-11,5.312087228426243e-11,4.822579488528156e-11
/Users/aswanathjs/Downloads/test10/ai_plastic_waste_management_training/HDPE Plastic/shampoo_bottles/0099_a02b01c2d1e0f1g0h4.jpg,0,HDPE Plastic,0,HDPE Plastic,1.0,1.0,8.744872230861955e-13,1.303560176468821e-10,3.330375211718639e-11,5.212900597295622e-11
/Users/aswanathjs/Downloads/test10/ai_plastic_waste_management_training/HDPE Plastic/milk_bottles/HDPEM53.jpg,0,HDPE Plastic,0,HDPE Plastic,0.9999982118606567,0.9999982118606567,1.133113602946878e-08,1.224184131842776e-07,1.6320136637659743e-06,6.788299700133393e-09
/Users/aswanathjs/Downloads/test10/ai_plastic_waste_management_training/PS Plastic/foam_sheets/PS-827_jpg.rf.ca322902ac0c4e90adfdfd2da96409eb.jpg,4,PS Plastic,4,PS Plastic,1.0,4.6350240978654256e-08,1.677679106748542e-09,7.779583643952037e-10,6.00894778379768e-10,1.0
/Users/aswanathjs/Downloads/test10/ai_plastic_waste_management_training/LDPE Plastic/bubble_wrap_grey/LDPE-98_jpg.rf.ffe6b974a827b46d4ee15540992a040b.jpg,1,LDPE Plastic,1,LDPE Plastic,0.9998757839202881,4.012099452666007e-05,0.9998757839202881,9.008097094920231e-07,6.62163074593991e-05,1.6849229723447934e-05
/Users/aswanathjs/Downloads/test10/ai_plastic_waste_management_training/LDPE Plastic/bubble_wrap/LDPE-98_jpg.rf.08d4213c0237893246e45ea44263ae0a.jpg,1,LDPE Plastic,1,LDPE Plastic,0.9999943971633911,1.1643859352261643e-06,0.9999943971633911,5.424423648037191e-07,2.4364960609091213e-06,1.5214375252980972e-06
/Users/aswanathjs/Downloads/test10/ai_plastic_waste_management_training/LDPE Plastic/bubble_wrap/LDPE-98_jpg.rf.ffe6b974a827b46d4ee15540992a040b.jpg,1,LDPE Plastic,1,LDPE Plastic,0.9997535347938538,5.035846697865054e-05,0.9997535347938538,1.672333564783912e-05,8.885971328709275e-05,9.048864740179852e-05
/Users/aswanathjs/Downloads/test10/ai_plastic_waste_management_training/HDPE Plastic/shampoo_bottles/0075_a02b01c2d3e0f0g0h1.jpg,0,HDPE Plastic,0,HDPE Plastic,1.0,1.0,3.1172626979714124e-11,7.226112763714099e-11,2.5493276933907794e-10,8.896479386510947e-11
/Users/aswanathjs/Downloads/test10/ai_plastic_waste_management_training/PET Plastic/plastic_bottles/PET609.jpg,2,PET Plastic,2,PET Plastic,0.9999996423721313,3.256336640333757e-07,1.1968766422398858e-08,0.9999996423721313,1.738706956189162e-08,6.308977162916563e-08
"/Users/aswanathjs/Downloads/test10/ai_plastic_waste_management_training/PET Plastic/plastic_bottles/PET1,604.jpg",2,PET Plastic,2,PET Plastic,0.9999967813491821,2.9556499612226617e-06,7.007277247339516e-08,0.9999967813491821,1.3615179739190353e-07,4.748813564603438e-10
/Users/aswanathjs/Downloads/test10/ai_plastic_waste_management_training/HDPE Plastic/shampoo_bottles/0075_a02b01c1d3e0f0g0h4.jpg,0,HDPE Plastic,0,HDPE Plastic,0.9999998807907104,0.9999998807907104,1.9833035214134043e-09,1.6574252015288948e-07,1.5724701540875685e-08,8.317497801613172e-09
"/Users/aswanathjs/Downloads/test10/ai_plastic_waste_management_training/PET Plastic/plastic_bottles/PET1,291.jpg",2,PET Plastic,2,PET Plastic,0.9999933242797852,6.131661848485237e-06,5.654680279576496e-08,0.9999933242797852,4.1386093130313384e-07,7.468962337497942e-08
/Users/aswanathjs/Downloads/test10/ai_plastic_waste_management_training/PS Plastic/foam_containers/styrofoam-153-_jpg.rf.28d8747edeb4251002b6a870dd954ff0.jpg,4,PS Plastic,4,PS Plastic,0.9996479749679565,0.00024083252355922014,9.118586604017764e-05,1.5468434867216274e-05,4.508857728069415e-06,0.9996479749679565
/Users/aswanathjs/Downloads/test10/ai_plastic_waste_management_training/PET Plastic/plastic_bottles/PET810.jpg,2,PET Plastic,2,PET Plastic,0.9999992847442627,3.1440538350580027e-07,1.9867421485741943e-07,0.9999992847442627,6.230361293546594e-08,2.104466148011852e-07
/Users/aswanathjs/Downloads/test10/ai_plastic_waste_management_training/HDPE Plastic/milk_bottles/HDPEM413.jpg,0,HDPE Plastic,0,HDPE Plastic,1.0,1.0,1.4916435864265054e-09,5.933291635784599e-10,1.4313026319712208e-08,3.792521852119535e-10
/Users/aswanathjs/Downloads/test10/ai_plastic_waste_management_training/HDPE Plastic/milk_bottles/HDPEM390.jpg,0,HDPE Plastic,0,HDPE Plastic,1.0,1.0,1.3912401231053195e-09,1.2170185692550461e-10,3.0213809232293443e-09,3.940540782565449e-09
/Users/aswanathjs/Downloads/test10/ai_plastic_waste_management_training/PET Plastic/black_white_plastic_bottles/coumk_jpg.rf.3226bcb8962357751b4f1249fe73acf0.jpg,2,PET Plastic,2,PET Plastic,0.9999926090240479,6.095108346926281e-06,1.3407326093783922e-07,0.9999926090240479,6.814933612986351e-07,5.006171477361931e-07
/Users/aswanathjs/Downloads/test10/ai_plastic_waste_management_training/LDPE Plastic/bubble_wrap_grey/LDPE-96_jpg.rf.2d71fc44cc5683a8ed74ac88171ee21d.jpg,1,LDPE Plastic,1,LDPE Plastic,0.9999997615814209,1.8296853454558004e-07,0.9999997615814209,8.856057220896218e-09,1.401088134400652e-08,4.516179874514137e-09
/Users/aswanathjs/Downloads/test10/ai_plastic_waste_management_training/LDPE Plastic/bubble_wrap/LDPE-96_jpg.rf.2d71fc44cc5683a8ed74ac88171ee21d.jpg,1,LDPE Plastic,1,LDPE Plastic,0.9999995231628418,3.96803784497024e-07,0.9999995231628418,8.703207754479081e-08,3.474299603567488e-08,3.2329168675460096e-08
/Users/aswanathjs/Downloads/test10/ai_plastic_waste_management_training/HDPE Plastic/detergent_bottles/IMG_20220209_220202.jpg,0,HDPE Plastic,0,HDPE Plastic,0.6403589844703674,0.6403589844703674,0.0004221017297822982,0.0036909966729581356,0.35532963275909424,0.00019823557522613555
/Users/aswanathjs/Downloads/test10/ai_plastic_waste_management_training/PP Plastic/round_containers/0032_a05b01c1d0e0f0g0h2.jpg,3,PP Plastic,3,PP Plastic,0.8423067331314087,0.1563231348991394,0.00016671135381329805,0.0003589616098906845,0.8423067331314087,0.0008444335544481874
/Users/aswanathjs/Downloads/test10/ai_plastic_waste_management_training/PP Plastic/round_containers/IMG20220210154626.jpg,3,PP Plastic,3,PP Plastic,0.9933125376701355,0.0008501948905177414,0.002127276035025716,0.0011459153611212969,0.9933125376701355,0.00256400927901268
/Users/aswanathjs/Downloads/test10/ai_plastic_waste_management_training/PET Plastic/plastic_bottles/PET464.jpg,2,PET Plastic,2,PET Plastic,0.9777707457542419,0.022192800417542458,3.1876189154900203e-07,0.9777707457542419,3.1655377824790776e-05,4.555820851237513e-06
/Users/aswanathjs/Downloads/test10/ai_plastic_waste_management_training/PP Plastic/irregular_containers/train_PP-94_jpg.rf.0d1aea5466ad1f5b835b4c462ab8ede6.jpg,3,PP Plastic,3,PP Plastic,0.9999972581863403,2.6244094897265313e-08,2.4214230052166386e-06,3.082647879182332e-07,0.9999972581863403,5.214224163552217e-09
/Users/aswanathjs/Downloads/test10/ai_plastic_waste_management_training/HDPE Plastic/shampoo_bottles/0076_a02b06c2d3e0f1g0h0.jpg,0,HDPE Plastic,0,HDPE Plastic,0.9999927282333374,0.9999927282333374,1.2696679050350212e-06,4.447677838470554e-06,1.3644552154801204e-07,1.4885400787534309e-06
/Users/aswanathjs/Downloads/test10/ai_plastic_waste_management_training/PP Plastic/irregular_containers/train_PP-74_jpg.rf.ef22be908bf7d6ec4e9f721e8289726b.jpg,3,PP Plastic,3,PP Plastic,0.9999996423721313,3.4568412576874152e-09,3.0957625085648033e-07,1.3766641160373183e-08,0.9999996423721313,3.669646364556911e-09
/Users/aswanathjs/Downloads/test10/ai_plastic_waste_management_training/PET Plastic/black_white_plastic_bottles/ahzmo_jpg.rf.7412a2a4e5c1d6a4fda3ffd9f25b4535.jpg,2,PET Plastic,2,PET Plastic,0.997289776802063,0.0016244052676483989,8.05848540039733e-05,0.997289776802063,0.0007775258854962885,0.0002277662424603477
/Users/aswanathjs/Downloads/test10/ai_plastic_waste_management_training/LDPE Plastic/plastic_bags/plasticbag (170).jpg,1,LDPE Plastic,1,LDPE Plastic,0.9999994039535522,5.640431055553563e-08,0.9999994039535522,1.7934853602241674e-08,2.0934509681325153e-09,4.806951778846269e-07
/Users/aswanathjs/Downloads/test10/ai_plastic_waste_management_training/PET Plastic/plastic_bottles/PET990.jpg,2,PET Plastic,2,PET Plastic,0.9999998807907104,2.683093569544326e-08,7.85999674235427e-08,0.9999998807907104,9.782796794866044e-09,3.5910179274623033e-09
/Users/aswanathjs/Downloads/test10/ai_plastic_waste_management_training/PS Plastic/foam_sheets/IMG_9353_JPG.rf.c44969bcbec2389a7271f307d09ddfad.jpg,4,PS Plastic,4,PS Plastic,0.9999964237213135,1.84764715527308e-07,2.003750296353246e-06,1.2901356285510701e-06,2.8385633843441838e-09,0.9999964237213135
/Users/aswanathjs/Downloads/test10/ai_plastic_waste_management_training/PS Plastic/foam_sheets/IMG_9353_JPG.rf.aa2bbb2e43033008c56c5b8a02c9f0b7.jpg,4,PS Plastic,4,PS Plastic,0.9996768236160278,3.1458184821531177e-06,0.0003148652031086385,5.05209118273342e-06,2.0263209421500505e-07,0.9996768236160278
/Users/aswanathjs/Downloads/test10/ai_plastic_waste_management_training/PS Plastic/foam_sheets/IMG_9353_JPG.rf.8a390d50b2e98dac0dd75e2bde5d590a.jpg,4,PS Plastic,4,PS Plastic,0.9998677968978882,2.4546920030843467e-05,5.22168047609739e-05,5.025243808631785e-05,5.161266471986892e-06,0.9998677968978882
/Users/aswanathjs/Downloads/test10/ai_plastic_waste_management_training/HDPE Plastic/shampoo_bottles/0077_a02b01c1d2e0f1g0h4.jpg,0,HDPE Plastic,0,HDPE Plastic,1.0,1.0,1.2420664496914924e-10,3.812430648952869e-10,2.31545560502866e-09,1.1457024218231027e-09
/Users/aswanathjs/Downloads/test10/ai_plastic_waste_management_training/LDPE Plastic/plastic_bags/plasticbag (128).jpg,1,LDPE Plastic,1,LDPE Plastic,0.9946348667144775,0.002036020392552018,0.9946348667144775,0.00012436098768375814,0.0021113755647093058,0.0010934467427432537
/Users/aswanathjs/Downloads/test10/ai_plastic_waste_management_training/LDPE Plastic/plastic_bags/LDPE-485_jpg.rf.6a053d80625d2a4ec28b5e652eda513d.jpg,1,LDPE Plastic,1,LDPE Plastic,0.999998927116394,1.8721841854585364e-07,0.999998927116394,1.0042634812634788e-07,6.059484292109119e-08,6.43695670987654e-07
/Users/aswanathjs/Downloads/test10/ai_plastic_waste_management_training/PS Plastic/foam_containers/styrofoam-2-_jpg.rf.7a47a91635e0987144ca84e4ebc56879.jpg,4,PS Plastic,4,PS Plastic,0.8318486213684082,0.013896473683416843,0.1100819855928421,0.0007180500542744994,0.043454911559820175,0.8318486213684082
/Users/aswanathjs/Downloads/test10/ai_plastic_waste_management_training/PP Plastic/round_containers/0035_a06b01c1d3e0f0g0h3.jpg,3,PP Plastic,3,PP Plastic,0.999996542930603,1.8341877421335084e-06,2.7570141014621186e-07,1.13537794277363e-06,0.999996542930603,2.340865279393256e-07
/Users/aswanathjs/Downloads/test10/ai_plastic_waste_management_training/PP Plastic/round_containers_grey/0035_a06b01c1d3e0f0g0h3.jpg,3,PP Plastic,3,PP Plastic,0.9999998807907104,1.675247318644324e-07,3.0068640910485556e-09,3.2567564201002597e-09,0.9999998807907104,2.1189894283679678e-09
/Users/aswanathjs/Downloads/test10/ai_plastic_waste_management_training/PET Plastic/plastic_bottles/PET443.jpg,2,PET Plastic,2,PET Plastic,0.9999990463256836,6.24714118657721e-07,1.1262610399853656e-07,0.9999990463256836,1.321089513339757e-07,7.654168143744755e-08
/Users/aswanathjs/Downloads/test10/ai_plastic_waste_management_training/PP Plastic/round_containers/0044_a06b01c1d2e0f0g0h2.jpg,3,PP Plastic,3,PP Plastic,0.9995817542076111,0.000416524097090587,1.378317847411381e-06,2.4695513189954e-08,0.9995817542076111,2.1172736808239279e-07
/Users/aswanathjs/Downloads/test10/ai_plastic_waste_management_training/PP Plastic/round_containers/Image_200.png,3,PP Plastic,3,PP Plastic,0.8609485030174255,0.012480446137487888,0.092998206615448,0.00256275269202888,0.8609485030174255,0.03101012110710144
/Users/aswanathjs/Downloads/test10/ai_plastic_waste_management_training/PS Plastic/foam_containers/Image_200.png,3,PP Plastic,3,PP Plastic,0.7485292553901672,0.023030437529087067,0.07694996148347855,0.0037026708014309406,0.7485292553901672,0.1477876901626587
/Users/aswanathjs/Downloads/test10/ai_plastic_waste_management_training/LDPE Plastic/plastic_bags/train_LDPE-23_jpg.rf.98d635a56baf266a90fd57f3fc62ef5b.jpg,1,LDPE Plastic,1,LDPE Plastic,0.9999805688858032,1.85413739473006e-06,0.9999805688858032,2.048280691724358e-07,1.2050520581396995e-06,1.6174873962881975e-05
/Users/aswanathjs/Downloads/test10/ai_plastic_waste_management_training/LDPE Plastic/black_white__plastic_bags/0053_jpg.rf.26f13a5b1047030e92032f024dcecef5.jpg,1,LDPE Plastic,1,LDPE Plastic,0.9999921321868896,1.5738877436888288e-06,0.9999921321868896,1.1646381636865044e-07,9.013330100060557e-07,5.25569703313522e-06
/Users/aswanathjs/Downloads/test10/ai_plastic_waste_management_training/PP Plastic/square_containers/IMG_20220209_173217.jpg,3,PP Plastic,3,PP Plastic,0.999843955039978,0.00010152257891604677,5.304618025547825e-05,8.00981752036023e-07,0.999843955039978,6.374982035595167e-07
/Users/aswanathjs/Downloads/test10/ai_plastic_waste_management_training/LDPE Plastic/plastic_bags/LDPE-146_jpg.rf.df0e208350f7040cab16f5dec20f57be.jpg,1,LDPE Plastic,1,LDPE Plastic,0.999980092048645,3.077949486396392e-06,0.999980092048645,3.598487410272355e-06,6.137618129287148e-06,7.122050192265306e-06
/Users/aswanathjs/Downloads/test10/ai_plastic_waste_management_training/PET Plastic/black_white_plastic_bottles/bkomu_jpg.rf.64b7e85866c37fd5b691fad86da56a3d.jpg,2,PET Plastic,2,PET Plastic,0.9999547004699707,3.463223038124852e-05,1.0387285556134884e-06,0.9999547004699707,6.0820216276624706e-06,3.499586455291137e-06
/Users/aswanathjs/Downloads/test10/ai_plastic_waste_management_training/HDPE Plastic/shampoo_bottles/0076_a02b06c2d1e0f1g0h0.jpg,0,HDPE Plastic,0,HDPE Plastic,0.9999369382858276,0.9999369382858276,1.7520912365398544e-07,6.22346778982319e-05,3.957676426580292e-07,2.6898896976490505e-07
/Users/aswanathjs/Downloads/test10/ai_plastic_waste_management_training/PET Plastic/black_white_plastic_bottles/azdhc_jpg.rf.5bdf6d74ba3469288bac31c5cce41f35.jpg,2,PET Plastic,2,PET Plastic,0.9999942779541016,1.0852006653294666e-06,9.155638736046967e-07,0.9999942779541016,1.875935140560614e-06,1.840575805545086e-06
/Users/aswanathjs/Downloads/test10/ai_plastic_waste_management_training/PET Plastic/shampoo_bottles/0100_a05b00c2d0e0f0g0h3.jpg,2,PET Plastic,2,PET Plastic,0.9999784231185913,2.5526376248308225e-06,1.6118333405756857e-06,0.9999784231185913,1.709625757939648e-05,2.7620038167697203e-07
/Users/aswanathjs/Downloads/test10/ai_plastic_waste_management_training/HDPE Plastic/milk_bottles/HDPEM430.jpg,0,HDPE Plastic,0,HDPE Plastic,0.9691367149353027,0.9691367149353027,9.174334991257638e-06,0.030797811225056648,2.7570333259063773e-05,2.8724658477585763e-05
/Users/aswanathjs/Downloads/test10/ai_plastic_waste_management_training/HDPE Plastic/shampoo_bottles/0078_a02b07c1d2e0f1g0h3.jpg,0,HDPE Plastic,0,HDPE Plastic,0.9999997615814209,0.9999997615814209,1.1718236159197204e-08,6.544227204585695e-08,8.188081324078667e-08,2.6118469165226088e-08
/Users/aswanathjs/Downloads/test10/ai_plastic_waste_management_training/PET Plastic/black_white_plastic_bottles/dkigq_jpg.rf.bd8d08c9e1cc05512fb7ac5718a64399.jpg,2,PET Plastic,2,PET Plastic,0.9998966455459595,6.346787995425984e-05,9.743572263687383e-06,0.9998966455459595,7.9665833254694e-06,2.215590029663872e-05
/Users/aswanathjs/Downloads/test10/ai_plastic_waste_management_training/LDPE Plastic/black_white__plastic_bags/0012_jpg.rf.6ea8dad0dafa318a479d3c228552498a.jpg,1,LDPE Plastic,1,LDPE Plastic,0.9995579123497009,0.0004248381592333317,0.9995579123497009,1.1016555845344556e-06,3.835765255644219e-06,1.2283804608159699e-05
/Users/aswanathjs/Downloads/test10/ai_plastic_waste_management_training/PET Plastic/plastic_bottles/PET640.jpg,2,PET Plastic,2,PET Plastic,0.9999991655349731,6.227993480933947e-07,1.9932466344130262e-08,0.9999991655349731,9.33345418729914e-08,1.510779270574858e-07
"/Users/aswanathjs/Downloads/test10/ai_plastic_waste_management_training/PET Plastic/plastic_bottles/PET1,711.jpg",2,PET Plastic,2,PET Plastic,0.9993962049484253,0.0005774228484369814,1.785666790965479e-05,0.9993962049484253,6.173736892378656e-06,2.35477614296542e-06
/Users/aswanathjs/Downloads/test10/ai_plastic_waste_management_training/PS Plastic/foam_sheets/PS-676_jpg.rf.bfd99346ad89d7503e75af4e0fd45dc7.jpg,4,PS Plastic,4,PS Plastic,0.9999967813491821,2.9285629352671094e-06,1.2568791873945884e-07,8.487382530120158e-08,1.9610897794564153e-08,0.9999967813491821
/Users/aswanathjs/Downloads/test10/ai_plastic_waste_management_training/HDPE Plastic/milk_bottles/P_W (1089).jpg,0,HDPE Plastic,0,HDPE Plastic,0.9983924031257629,0.9983924031257629,0.0009068449144251645,3.163898509228602e-05,0.0005467747105285525,0.00012239300122018903
/Users/aswanathjs/Downloads/test10/ai_plastic_waste_management_training/HDPE Plastic/milk_bottles_grey/P_W (1089).jpg,0,HDPE Plastic,0,HDPE Plastic,0.9909642934799194,0.9909642934799194,0.005177074111998081,0.00023313245037570596,0.0031707691960036755,0.0004548620490822941
/Users/aswanathjs/Downloads/test10/ai_plastic_waste_management_training/HDPE Plastic/shampoo_bottles/0076_a02b06c1d1e0f1g0h4.jpg,0,HDPE Plastic,0,HDPE Plastic,0.9999967813491821,0.9999967813491821,6.867696100698595e-08,3.042080152226845e-06,1.644927216659653e-08,2.5945752213374362e-08
/Users/aswanathjs/Downloads/test10/ai_plastic_waste_management_training/LDPE Plastic/black_white__plastic_bags/0093_jpg.rf.144fadd04fd92f89b289b2af17d1341e.jpg,1,LDPE Plastic,1,LDPE Plastic,0.9999353885650635,1.916240762511734e-05,0.9999353885650635,1.8097956626661471e-06,4.948449713992886e-06,3.860556898871437e-05
/Users/aswanathjs/Downloads/test10/ai_plastic_waste_management_training/LDPE Plastic/plastic_bags/plasticbag (16).jpg,1,LDPE Plastic,1,LDPE Plastic,0.9977471232414246,0.0001091490630642511,0.9977471232414246,0.0001139464948209934,0.0006720852688886225,0.0013576644705608487
/Users/aswanathjs/Downloads/test10/ai_plastic_waste_management_training/HDPE Plastic/detergent_bottles/0096_a02b04c2d2e0f0g0h4.jpg,0,HDPE Plastic,0,HDPE Plastic,0.9999998807907104,0.9999998807907104,5.110821099663099e-09,7.351192543580964e-09,5.593636487333242e-08,1.160460083582393e-08
/Users/aswanathjs/Downloads/test10/ai_plastic_waste_management_training/LDPE Plastic/bin_bags/Image_148.png,1,LDPE Plastic,1,LDPE Plastic,0.9928049445152283,0.0021019340492784977,0.9928049445152283,0.0004709959030151367,0.004118630196899176,0.00050350435776636
/Users/aswanathjs/Downloads/test10/ai_plastic_waste_management_training/PP Plastic/round_containers/Image_148.png,1,LDPE Plastic,1,LDPE Plastic,0.5653375387191772,0.028651848435401917,0.5653375387191772,0.004253259859979153,0.19513154029846191,0.20662586390972137
/Users/aswanathjs/Downloads/test10/ai_plastic_waste_management_training/PS Plastic/foam_containers/Image_148.png,1,LDPE Plastic,4,PS Plastic,0.5931652188301086,0.03891323506832123,0.1677287220954895,0.01276867650449276,0.18742415308952332,0.5931652188301086
/Users/aswanathjs/Downloads/test10/ai_plastic_waste_management_training/PET Plastic/black_white_plastic_bottles/anujl_jpg.rf.f1b1701e0c40829c8b16aedd58275e01.jpg,2,PET Plastic,2,PET Plastic,0.9999836683273315,1.7179299902636558e-06,8.30302269605454e-06,0.9999836683273315,3.2067991924122907e-06,3.1076087907422334e-06
/Users/aswanathjs/Downloads/test10/ai_plastic_waste_management_training/PP Plastic/round_containers/0043_a06b01c2d1e0f0g0h3.jpg,3,PP Plastic,3,PP Plastic,0.9717530608177185,0.028199300169944763,4.666729364544153e-05,1.923124841596291e-07,0.9717530608177185,7.738000249446486e-07
/Users/aswanathjs/Downloads/test10/ai_plastic_waste_management_training/PS Plastic/foam_sheets/PS-731_jpg.rf.22d4e22789c5e9a6d6e6763f85ff802d.jpg,4,PS Plastic,4,PS Plastic,0.9999537467956543,2.5352755983476527e-05,3.4577001315483358e-06,1.7667902056928142e-06,1.5579702449031174e-05,0.9999537467956543
/Users/aswanathjs/Downloads/test10/ai_plastic_waste_management_training/PS Plastic/foam_sheets/PS-715_jpg.rf.5e87f21a86f47fbba46b677fb6e58a1f.jpg,4,PS Plastic,4,PS Plastic,0.9999963045120239,6.643728056587861e-07,7.857469199734624e-07,2.4683961896698747e-07,1.896461185424414e-06,0.9999963045120239
/Users/aswanathjs/Downloads/test10/ai_plastic_waste_management_training/LDPE Plastic/bin_bags/Image_61.png,1,LDPE Plastic,1,LDPE Plastic,0.9922305941581726,0.004191576968878508,0.9922305941581726,0.0003441185981500894,0.0029159379191696644,0.00031786455656401813
/Users/aswanathjs/Downloads/test10/ai_plastic_waste_management_training/PS Plastic/foam_containers/Image_61.png,1,LDPE Plastic,4,PS Plastic,0.5623287558555603,0.033848412334918976,0.16380253434181213,0.009351355023682117,0.2306690216064453,0.5623287558555603
/Users/aswanathjs/Downloads/test10/ai_plastic_waste_management_training/LDPE Plastic/plastic_bags/LDPE-70_jpg.rf.3618ba51d57e1aaa2246968233cdbc5e.jpg,1,LDPE Plastic,1,LDPE Plastic,0.9999994039535522,6.076895431306184e-08,0.9999994039535522,3.1411528311764414e-07,6.0841323090699e-08,1.5592959812238405e-07
/Users/aswanathjs/Downloads/test10/ai_plastic_waste_management_training/LDPE Plastic/plastic_bags/LDPE-70_jpg.rf.186473782372a76c73ea908d5096e8bc.jpg,1,LDPE Plastic,1,LDPE Plastic,0.9999932050704956,6.070870881558221e-07,0.9999932050704956,4.3878273459085904e-07,5.590594014392991e-07,5.159679858479649e-06
/Users/aswanathjs/Downloads/test10/ai_plastic_waste_management_training/LDPE Plastic/black_white__plastic_bags/0275_jpg.rf.7e5320184dbb24a05d88baf6f366dd87.jpg,1,LDPE Plastic,1,LDPE Plastic,0.9999815225601196,1.0584462870610878e-06,0.9999815225601196,1.0409693373958362e-07,6.456677965616109e-07,1.666724529059138e-05
/Users/aswanathjs/Downloads/test10/ai_plastic_waste_management_training/LDPE Plastic/black_white__plastic_bags/0247_jpg.rf.947d8c6be7c8f78b342e670dcf462c42.jpg,1,LDPE Plastic,1,LDPE Plastic,0.9999903440475464,7.217142410809174e-06,0.9999903440475464,2.4215330185484163e-08,6.708866635563027e-07,1.7023953660100233e-06
/Users/aswanathjs/Downloads/test10/ai_plastic_waste_management_training/HDPE Plastic/shampoo_bottles/0065_a02b03c1d2e0f1g0h1.jpg,0,HDPE Plastic,0,HDPE Plastic,1.0,1.0,4.468301728621782e-09,1.6549771553187043e-09,2.41105996279245e-10,4.926758445655821e-10
/Users/aswanathjs/Downloads/test10/ai_plastic_waste_management_training/PET Plastic/shampoo_bottles/0080_a05b00c1d0e0f1g0h1.jpg,2,PET Plastic,2,PET Plastic,0.9998315572738647,0.00016226712614297867,1.4108466928064445e-07,0.9998315572738647,2.6406335109641077e-06,3.4375775612716097e-06
/Users/aswanathjs/Downloads/test10/ai_plastic_waste_management_training/PET Plastic/black_white_plastic_bottles/cmfhd_jpg.rf.cfbe07597a8740c79e86e549700cfd85.jpg,2,PET Plastic,2,PET Plastic,0.9987146854400635,0.00020820079953409731,0.00012368001625873148,0.9987146854400635,0.0008899756358005106,6.346520240185782e-05
/Users/aswanathjs/Downloads/test10/ai_plastic_waste_management_training/PP Plastic/irregular_containers/valid_PP-89_jpg.rf.106b150d2f9cafcc034bba289255bea3.jpg,3,PP Plastic,3,PP Plastic,0.9999997615814209,1.432175489313181e-09,2.3626324718861724e-07,1.323642262462954e-08,0.9999997615814209,5.10776754225617e-10
/Users/aswanathjs/Downloads/test10/ai_plastic_waste_management_training/PET Plastic/plastic_bottles/PET862.jpg,2,PET Plastic,2,PET Plastic,0.999936580657959,3.778425161726773e-05,1.2319330380705651e-05,0.999936580657959,1.0624859896779526e-05,2.7933722321904497e-06
/Users/aswanathjs/Downloads/test10/ai_plastic_waste_management_training/PS Plastic/foam_sheets/PS-722_jpg.rf.28f25bd6532d63a96dafcb4418af904a.jpg,4,PS Plastic,4,PS Plastic,0.9999809265136719,1.2022935152344871e-05,3.1163729090621928e-06,8.773016020313662e-07,3.0345529467012966e-06,0.9999809265136719
/Users/aswanathjs/Downloads/test10/ai_plastic_waste_management_training/LDPE Plastic/black_white__plastic_bags/0086_jpg.rf.338d0021cd3cad81562287ce9d440038.jpg,1,LDPE Plastic,1,LDPE Plastic,1.0,1.1774107244733045e-09,1.0,1.956126371993605e-09,7.634570753367598e-10,5.952621062732533e-09
/Users/aswanathjs/Downloads/test10/ai_plastic_waste_management_training/PET Plastic/plastic_bottles/PET710.jpg,2,PET Plastic,2,PET Plastic,0.9999995231628418,4.0657221234141616e-07,6.253996076566182e-08,0.9999995231628418,2.363277396000285e-08,6.5789271808114336e-09
/Users/aswanathjs/Downloads/test10/ai_plastic_waste_management_training/PP Plastic/square_containers_grey/Image_8.png,3,PP Plastic,3,PP Plastic,0.9991481304168701,0.00011747034295694903,0.000702630786690861,1.1106677675343235e-06,0.9991481304168701,3.069594094995409e-05
/Users/aswanathjs/Downloads/test10/ai_plastic_waste_management_training/PP Plastic/square_containers/Image_8.png,3,PP Plastic,3,PP Plastic,0.9934080839157104,0.0005996155086904764,0.005627765320241451,1.2230380889377557e-05,0.9934080839157104,0.00035235105315223336
/Users/aswanathjs/Downloads/test10/ai_plastic_waste_management_training/PS Plastic/foam_containers/Image_8.png,3,PP Plastic,4,PS Plastic,0.5466047525405884,0.04999478906393051,0.1515953689813614,0.0163893923163414,0.23541559278964996,0.5466047525405884
/Users/aswanathjs/Downloads/test10/ai_plastic_waste_management_training/PP Plastic/irregular_containers/train_PP-58_jpg.rf.cc839988df3dc7eb908590bcc88515c2.jpg,3,PP Plastic,3,PP Plastic,0.9999986886978149,1.0225096502836095e-06,1.6046243445089203e-07,7.912181132496698e-08,0.9999986886978149,8.384726157828482e-08
/Users/aswanathjs/Downloads/test10/ai_plastic_waste_management_training/PET Plastic/black_white_plastic_bottles/cezfr_jpg.rf.7c6033f2c16b0439585e4f9bf5580c2b.jpg,2,PET Plastic,2,PET Plastic,1.0,7.569413540409187e-09,2.0854347582144328e-08,1.0,8.709418075625308e-09,4.73448791282749e-09
/Users/aswanathjs/Downloads/test10/ai_plastic_waste_management_training/HDPE Plastic/milk_bottles/HDPEM240.jpg,0,HDPE Plastic,0,HDPE Plastic,0.9999914169311523,0.9999914169311523,2.749288512404746e-07,2.6832603907678276e-06,3.6166525205771904e-06,1.94685389942606e-06
/Users/aswanathjs/Downloads/test10/ai_plastic_waste_management_training/PET Plastic/black_white_plastic_bottles/dhybl_jpg.rf.bb06f949ec4581fdca4fa185f77d24d0.jpg,2,PET Plastic,2,PET Plastic,0.999998927116394,2.1567539931766078e-07,1.7176441247102048e-07,0.999998927116394,5.19434593115875e-07,1.6916807510369836e-07
/Users/aswanathjs/Downloads/test10/ai_plastic_waste_management_training/LDPE Plastic/plastic_bags/LDPE-359_jpg.rf.dd5a9e2c860641ea7b88f8b384ee85a5.jpg,1,LDPE Plastic,1,LDPE Plastic,0.999980092048645,1.0628792779243668e-06,0.999980092048645,2.8893930448248284e-06,7.247444045788143e-06,8.66123355081072e-06
/Users/aswanathjs/Downloads/test10/ai_plastic_waste_management_training/HDPE Plastic/shampoo_bottles/0075_a02b01c2d0e0f0g0h1.jpg,0,HDPE Plastic,0,HDPE Plastic,0.9999997615814209,0.9999997615814209,2.594033610137103e-08,1.2964183326857892e-07,4.09349993901742e-08,1.7888329040260942e-08
/Users/aswanathjs/Downloads/test10/ai_plastic_waste_management_training/HDPE Plastic/milk_bottles/HDPEM7.jpg,0,HDPE Plastic,0,HDPE Plastic,1.0,1.0,1.9757739888603965e-10,2.013082235630126e-11,6.728810217349057e-12,8.971882958785926e-11
/Users/aswanathjs/Downloads/test10/ai_plastic_waste_management_training/PS Plastic/form_containers_grey/0058_a06b01c2d3e0f0g0h0.jpg,4,PS Plastic,4,PS Plastic,0.9999608993530273,2.611415766295977e-05,2.3309080461331178e-06,3.7709389744122745e-07,1.0325586117687635e-05,0.9999608993530273
/Users/aswanathjs/Downloads/test10/ai_plastic_waste_management_training/PS Plastic/foam_containers/0058_a06b01c2d3e0f0g0h0.jpg,4,PS Plastic,4,PS Plastic,0.9999992847442627,5.840373660248588e-07,7.702645632434724e-08,3.680828086771726e-08,7.61000364946085e-08,0.9999992847442627
/Users/aswanathjs/Downloads/test10/ai_plastic_waste_management_training/PS Plastic/foam_sheets/PS-823_jpg.rf.83b4e1cf8aa5f7d22b6eb38af10fad97.jpg,4,PS Plastic,4,PS Plastic,1.0,7.526512746380831e-09,2.9535571210992373e-10,9.379906851236797e-10,6.690411558096798e-10,1.0
/Users/aswanathjs/Downloads/test10/ai_plastic_waste_management_training/HDPE Plastic/shampoo_bottles/0076_a02b06c2d3e0f1g0h4.jpg,0,HDPE Plastic,0,HDPE Plastic,0.9999992847442627,0.9999992847442627,2.0060055305748392e-07,2.0179133741748956e-07,5.016578086269874e-08,1.9657507266401808e-07
/Users/aswanathjs/Downloads/test10/ai_plastic_waste_management_training/PS Plastic/foam_sheets/PS-859_jpg.rf.4c39ce720d4fbdb233d56ac3962ebddf.jpg,4,PS Plastic,4,PS Plastic,1.0,2.2168027413727032e-08,5.45861744694065e-10,3.478820287394768e-10,2.9376628907229474e-10,1.0
/Users/aswanathjs/Downloads/test10/ai_plastic_waste_management_training/PS Plastic/form_containers_grey/styrofoam-121-_jpg.rf.785c9a58971ce43c8765bdc7af45ff6a.jpg,4,PS Plastic,4,PS Plastic,0.9999984502792358,1.425788582309906e-06,4.012724819091318e-09,1.8903872245346065e-08,8.038617238526058e-08,0.9999984502792358
/Users/aswanathjs/Downloads/test10/ai_plastic_waste_management_training/PS Plastic/foam_containers/styrofoam-121-_jpg.rf.785c9a58971ce43c8765bdc7af45ff6a.jpg,4,PS Plastic,4,PS Plastic,0.999998927116394,1.099408109439537e-06,3.996396547023551e-09,3.091265909915819e-08,2.7924007994784006e-08,0.999998927116394
/Users/aswanathjs/Downloads/test10/ai_plastic_waste_management_training/PET Plastic/shampoo_bottles/0050_a05b00c1d1e1f1g0h4.jpg,2,PET Plastic,2,PET Plastic,0.9999997615814209,2.4511862761755765e-07,1.1454492465645671e-08,0.9999997615814209,3.7535418329071035e-08,3.40737926762813e-09
/Users/aswanathjs/Downloads/test10/ai_plastic_waste_management_training/PP Plastic/square_containers/clearbox.png,3,PP Plastic,3,PP Plastic,0.9729486703872681,0.026806674897670746,0.00013385176134761423,2.1291160010150634e-05,0.9729486703872681,8.944946603151038e-05
/Users/aswanathjs/Downloads/test10/ai_plastic_waste_management_training/PET Plastic/black_white_plastic_bottles/cxwiq_jpg.rf.dff740ab33c2f2437afeea41fd5e0f16.jpg,2,PET Plastic,2,PET Plastic,0.9999744892120361,2.017018778133206e-05,2.615316532228462e-07,0.9999744892120361,3.0868332032696344e-06,2.022600028794841e-06
/Users/aswanathjs/Downloads/test10/ai_plastic_waste_management_training/HDPE Plastic/milk_bottles/HDPEM563.JPG,0,HDPE Plastic,0,HDPE Plastic,1.0,1.0,5.495481153472426e-11,1.2679018723815716e-08,4.6697666566952734e-11,4.6440015721849193e-10
/Users/aswanathjs/Downloads/test10/ai_plastic_waste_management_training/HDPE Plastic/milk_bottles/HDPEM224.jpg,0,HDPE Plastic,0,HDPE Plastic,1.0,1.0,1.5638582651078536e-09,5.215524012669448e-08,1.6366829669323124e-08,6.03171024238236e-09
/Users/aswanathjs/Downloads/test10/ai_plastic_waste_management_training/HDPE Plastic/milk_bottles/HDPEM283.jpg,0,HDPE Plastic,0,HDPE Plastic,1.0,1.0,2.977133513673569e-12,8.849093680041165e-11,6.148656345357495e-13,4.624841742212338e-12
/Users/aswanathjs/Downloads/test10/ai_plastic_waste_management_training/PP Plastic/round_containers/0022_a05b00c1d1e0f0g0h0.jpg,3,PP Plastic,3,PP Plastic,0.9998985528945923,9.249615686712787e-06,8.264472626251518e-07,9.041835437528789e-05,0.9998985528945923,9.048166020875215e-07
/Users/aswanathjs/Downloads/test10/ai_plastic_waste_management_training/PP Plastic/round_containers_grey/0022_a05b00c1d1e0f0g0h0.jpg,3,PP Plastic,3,PP Plastic,0.9999996423721313,2.8956711162209103e-07,5.050017648500216e-08,2.0581877535619242e-08,0.9999996423721313,6.1798473005580945e-09
/Users/aswanathjs/Downloads/test10/ai_plastic_waste_management_training/HDPE Plastic/milk_bottles/HDPEM228.jpg,0,HDPE Plastic,0,HDPE Plastic,0.9999990463256836,0.9999990463256836,1.4630487044087204e-08,6.10357858477073e-07,3.482699071355455e-07,5.946196068862264e-08
/Users/aswanathjs/Downloads/test10/ai_plastic_waste_management_training/PP Plastic/round_containers/0022_a05b00c2d1e0f0g0h2.jpg,3,PP Plastic,3,PP Plastic,0.9999715089797974,1.5325465938076377e-05,2.0646034499804955e-06,1.0517399459786247e-05,0.9999715089797974,6.222525144039537e-07
/Users/aswanathjs/Downloads/test10/ai_plastic_waste_management_training/HDPE Plastic/shampoo_bottles/0061_a02b01c2d1e0f1g0h3(1).jpg,0,HDPE Plastic,0,HDPE Plastic,0.9999995231628418,0.9999995231628418,1.9449237775859274e-09,1.601530641437421e-08,3.1202449690681533e-07,6.115335793310805e-08
/Users/aswanathjs/Downloads/test10/ai_plastic_waste_management_training/PP Plastic/square_containers/Image_3.png,3,PP Plastic,3,PP Plastic,0.9963429570198059,0.0002463118580635637,0.0033941816072911024,1.8391465346212499e-06,0.9963429570198059,1.4653385733254254e-05
/Users/aswanathjs/Downloads/test10/ai_plastic_waste_management_training/PS Plastic/foam_containers/Image_3.png,3,PP Plastic,4,PS Plastic,0.5999168157577515,0.042030565440654755,0.16011399030685425,0.011875366792082787,0.18606328964233398,0.5999168157577515
/Users/aswanathjs/Downloads/test10/ai_plastic_waste_management_training/LDPE Plastic/plastic_bags/LDPE-584_jpg.rf.31e464383d5152d36c41b0b2d93bcdda.jpg,1,LDPE Plastic,1,LDPE Plastic,0.999981164932251,3.995859060523799e-06,0.999981164932251,2.9807797545799986e-06,2.4378093712584814e-06,9.497439350525383e-06
/Users/aswanathjs/Downloads/test10/ai_plastic_waste_management_training/PP Plastic/round_containers/0043_a06b01c2d3e0f0g0h3.jpg,3,PP Plastic,3,PP Plastic,0.9997087121009827,0.00021232402650639415,7.260683923959732e-05,2.193917225667974e-06,0.9997087121009827,4.181216809229227e-06
/Users/aswanathjs/Downloads/test10/ai_plastic_waste_management_training/PS Plastic/foam_containers/0058_a06b01c2d2e0f0g0h3.jpg,4,PS Plastic,4,PS Plastic,0.9999814033508301,1.1463851478765719e-05,6.853147738183907e-07,5.061344836576609e-07,5.937631158303702e-06,0.9999814033508301
/Users/aswanathjs/Downloads/test10/ai_plastic_waste_management_training/LDPE Plastic/black_white__plastic_bags/0154_jpg.rf.9e1fcff0c748c1e0e0f8c5cbf6c822aa.jpg,1,LDPE Plastic,1,LDPE Plastic,0.9999659061431885,1.104320062950137e-06,0.9999659061431885,3.0871601666149218e-06,2.1351477698772214e-05,8.621932465757709e-06
/Users/aswanathjs/Downloads/test10/ai_plastic_waste_management_training/HDPE Plastic/shampoo_bottles/0076_a02b06c1d2e0f1g0h1.jpg,0,HDPE Plastic,0,HDPE Plastic,0.9999992847442627,0.9999992847442627,4.980302037438378e-08,7.368205956481688e-08,4.878581876255339e-07,2.288195410926619e-08
/Users/aswanathjs/Downloads/test10/ai_plastic_waste_management_training/PS Plastic/foam_containers/styrofoam-100-_jpg.rf.43612413ab942c0589721bb72171c92d.jpg,4,PS Plastic,4,PS Plastic,0.9999994039535522,5.985623943161045e-07,1.2986569153383698e-08,7.477086505502939e-09,1.61677515819747e-08,0.9999994039535522
/Users/aswanathjs/Downloads/test10/ai_plastic_waste_management_training/LDPE Plastic/black_white__plastic_bags/0109_jpg.rf.50b3b22730a071ebca7e4ceb7ac6a116.jpg,1,LDPE Plastic,1,LDPE Plastic,0.9986805319786072,0.0006402400904335082,0.9986805319786072,3.665676194941625e-05,0.00046286045107990503,0.00017964387370739132
/Users/aswanathjs/Downloads/test10/ai_plastic_waste_management_training/PET Plastic/shampoo_bottles/0050_a05b00c2d1e1f1g0h0.jpg,2,PET Plastic,2,PET Plastic,1.0,1.2174985845880837e-11,7.39761585322185e-11,1.0,2.5930856420441906e-11,1.5642467789817038e-12
/Users/aswanathjs/Downloads/test10/ai_plastic_waste_management_training/PS Plastic/foam_sheets/PS-545_jpg.rf.bc6758adb5c00757a6fd385177015326.jpg,4,PS Plastic,4,PS Plastic,0.9999784231185913,1.8256392650073394e-05,3.1248587220034096e-06,7.131328771947665e-08,6.573147004473867e-08,0.9999784231185913
/Users/aswanathjs/Downloads/test10/ai_plastic_waste_management_training/LDPE Plastic/plastic_bags/plasticbag (77).jpg,1,LDPE Plastic,1,LDPE Plastic,1.0,4.745825510354962e-09,1.0,3.977906004593024e-09,6.921099804380049e-10,3.754715205417369e-09
/Users/aswanathjs/Downloads/test10/ai_plastic_waste_management_training/HDPE Plastic/detergent_bottles/0098_a02b03c2d1e0f0g0h0.jpg,0,HDPE Plastic,0,HDPE Plastic,0.9999247789382935,0.9999247789382935,2.4068576749414206e-05,1.693168542260537e-06,4.854503276874311e-05,9.993934781959979e-07
/Users/aswanathjs/Downloads/test10/ai_plastic_waste_management_training/HDPE Plastic/milk_bottles/HDPEM38.jpg,0,HDPE Plastic,0,HDPE Plastic,0.9999899864196777,0.9999899864196777,9.18914011549532e-08,5.14055386702239e-07,1.036984453861578e-08,9.398367183166556e-06
/Users/aswanathjs/Downloads/test10/ai_plastic_waste_management_training/PET Plastic/plastic_bottles/PET982.jpg,2,PET Plastic,2,PET Plastic,0.9999967813491821,1.732305349833041e-06,3.196281568307313e-07,0.9999967813491821,5.189071430322656e-07,6.587862344531459e-07
/Users/aswanathjs/Downloads/test10/ai_plastic_waste_management_training/HDPE Plastic/shampoo_bottles/0061_a02b01c1d2e0f1g0h3(1).jpg,0,HDPE Plastic,0,HDPE Plastic,0.9999996423721313,0.9999996423721313,1.4485054045110246e-08,1.3577370339135086e-07,8.900325809690912e-08,9.890660379596738e-08
/Users/aswanathjs/Downloads/test10/ai_plastic_waste_management_training/PP Plastic/irregular_containers/0036_a05b00c1d0e0f0g0h4.jpg,3,PP Plastic,3,PP Plastic,0.9999839067459106,1.4487666703644209e-05,8.874407626535685e-07,6.833566885688924e-07,0.9999839067459106,4.32677964568029e-08
/Users/aswanathjs/Downloads/test10/ai_plastic_waste_management_training/LDPE Plastic/plastic_bags/LDPE-163_jpg.rf.85350f8e9b11cb559295286f885502a8.jpg,1,LDPE Plastic,1,LDPE Plastic,0.9999973773956299,2.3050480990605138e-07,0.9999973773956299,9.181549103232101e-07,5.272731300465239e-07,9.629469559513382e-07
/Users/aswanathjs/Downloads/test10/ai_plastic_waste_management_training/PET Plastic/plastic_bottles/PET713.jpg,2,PET Plastic,2,PET Plastic,1.0,7.315902550431019e-09,4.020430655060636e-09,1.0,3.8174657879253004e-10,1.0226629265641662e-10
/Users/aswanathjs/Downloads/test10/ai_plastic_waste_management_training/LDPE Plastic/plastic_bags/LDPE-219_jpg.rf.21db33c6ba4294e93914fbd11a477e70.jpg,1,LDPE Plastic,1,LDPE Plastic,0.9999979734420776,1.5453011315003096e-07,0.9999979734420776,1.0642833814245023e-07,1.6004547660486423e-06,2.388702853295399e-07
"/Users/aswanathjs/Downloads/test10/ai_plastic_waste_management_training/PET Plastic/plastic_bottles/PET1,147.jpg",2,PET Plastic,2,PET Plastic,0.9962000250816345,0.0004738826828543097,0.0026589964982122183,0.9962000250816345,0.0005989330820739269,6.807468162151054e-05
/Users/aswanathjs/Downloads/test10/ai_plastic_waste_management_training/PP Plastic/square_containers_grey/IMG_20220209_173943.jpg,3,PP Plastic,3,PP Plastic,0.9999988079071045,8.175422294698365e-07,2.1033977759543632e-07,6.438336530578681e-09,0.9999988079071045,1.7463209189827467e-07
/Users/aswanathjs/Downloads/test10/ai_plastic_waste_management_training/PP Plastic/square_containers/IMG_20220209_173943.jpg,3,PP Plastic,3,PP Plastic,0.9999983310699463,1.6602916730334982e-06,2.7624208698284747e-08,4.4411196942206743e-10,0.9999983310699463,1.028931073676631e-08
/Users/aswanathjs/Downloads/test10/ai_plastic_waste_management_training/LDPE Plastic/plastic_bags/LDPE-73_jpg.rf.4b63b5bd1de2c31d767794f56defedb6.jpg,1,LDPE Plastic,1,LDPE Plastic,0.9999030828475952,1.801967664505355e-05,0.9999030828475952,4.006827111879829e-06,1.3956181646790355e-05,6.088947702664882e-05
/Users/aswanathjs/Downloads/test10/ai_plastic_waste_management_training/PET Plastic/black_white_plastic_bottles/cwqlt_jpg.rf.238486cbbd58ee99f327a8279240efa6.jpg,2,PET Plastic,2,PET Plastic,0.999998927116394,6.387052167156071e-07,2.256257403132622e-07,0.999998927116394,1.845137234113281e-07,3.5669735609644704e-08
/Users/aswanathjs/Downloads/test10/ai_plastic_waste_management_training/PS Plastic/foam_sheets/IMG_9374_JPG.rf.aff714030733441153062908030ac9a6.jpg,4,PS Plastic,4,PS Plastic,0.9999986886978149,4.140693621312863e-10,1.2802988749172073e-06,5.022185334269125e-08,8.424110367610815e-12,0.9999986886978149
/Users/aswanathjs/Downloads/test10/ai_plastic_waste_management_training/PS Plastic/foam_sheets/IMG_9374_JPG.rf.b3a25150b143759d600b227b86f18aaf.jpg,4,PS Plastic,4,PS Plastic,1.0,1.8753111910574383e-11,4.6914319540292126e-08,4.923792928934745e-09,1.518170016242236e-14,1.0
/Users/aswanathjs/Downloads/test10/ai_plastic_waste_management_training/PS Plastic/foam_sheets/IMG_9374_JPG.rf.9960c2d3ffe8154d2060c6db12fe297d.jpg,4,PS Plastic,4,PS Plastic,0.9999974966049194,4.34045369090974e-11,2.5604126676626038e-06,1.4793975822158245e-08,8.959573534472742e-13,0.9999974966049194
"/Users/aswanathjs/Downloads/test10/ai_plastic_waste_management_training/PET Plastic/plastic_bottles/PET1,628.jpg",2,PET Plastic,2,PET Plastic,0.9999998807907104,6.713592881624209e-08,5.2430495500743746e-09,0.9999998807907104,5.088439891665075e-09,4.3412942685172595e-10
/Users/aswanathjs/Downloads/test10/ai_plastic_waste_management_training/PET Plastic/black_white_plastic_bottles/cjhrf_jpg.rf.4cf264054b4c2e237f044990d4a0827e.jpg,2,PET Plastic,2,PET Plastic,0.9939079284667969,0.005003133323043585,0.0006520574679598212,0.9939079284667969,0.00023474170302506536,0.0002020543470280245
/Users/aswanathjs/Downloads/test10/ai_plastic_waste_management_training/PS Plastic/foam_containers/Image_7.png,4,PS Plastic,4,PS Plastic,0.5967572927474976,0.026006896048784256,0.2383212447166443,0.005200945306569338,0.13371358811855316,0.5967572927474976
/Users/aswanathjs/Downloads/test10/ai_plastic_waste_management_training/HDPE Plastic/shampoo_bottles/0078_a02b07c2d0e0f1g0h0.jpg,0,HDPE Plastic,0,HDPE Plastic,0.9999891519546509,0.9999891519546509,1.9312246024583146e-07,9.108201993512921e-06,1.6541221157240216e-06,5.331832042543283e-08
/Users/aswanathjs/Downloads/test10/ai_plastic_waste_management_training/PS Plastic/foam_containers/Image_86.png,4,PS Plastic,4,PS Plastic,0.7495597004890442,0.028415942564606667,0.09234290570020676,0.009522698819637299,0.12015879154205322,0.7495597004890442
/Users/aswanathjs/Downloads/test10/ai_plastic_waste_management_training/PET Plastic/black_white_plastic_bottles/amzcs_jpg.rf.e59dc832e1b33e043b0b996da838499f.jpg,2,PET Plastic,2,PET Plastic,0.9956890940666199,0.003453788347542286,9.529377712169662e-05,0.9956890940666199,0.00015069865912664682,0.000611199822742492
/Users/aswanathjs/Downloads/test10/ai_plastic_waste_management_training/LDPE Plastic/black_white__plastic_bags/0001_jpg.rf.2f0ad936d4709710ecdc521ff52465c5.jpg,1,LDPE Plastic,1,LDPE Plastic,0.999996542930603,3.1965869311534334e-06,0.999996542930603,4.7696598670654566e-08,9.063316497304186e-08,1.383529451004506e-07
"/Users/aswanathjs/Downloads/test10/ai_plastic_waste_management_training/PET Plastic/plastic_bottles/PET1,556.jpg",2,PET Plastic,2,PET Plastic,0.9988459348678589,0.00046469271183013916,0.00011460530367912725,0.9988459348678589,0.0005661401664838195,8.650155905343127e-06
/Users/aswanathjs/Downloads/test10/ai_plastic_waste_management_training/PP Plastic/round_containers/0035_a06b01c1d1e0f0g0h1.jpg,3,PP Plastic,3,PP Plastic,0.9999997615814209,1.0625084456705736e-07,1.415604167220863e-08,1.577555082121762e-07,0.9999997615814209,2.335498683336823e-09
/Users/aswanathjs/Downloads/test10/ai_plastic_waste_management_training/PP Plastic/round_containers_grey/0035_a06b01c1d1e0f0g0h1.jpg,3,PP Plastic,3,PP Plastic,1.0,5.9405760310937694e-09,7.356898423793723e-10,2.9706377357996416e-09,1.0,1.1313976144844418e-10
"/Users/aswanathjs/Downloads/test10/ai_plastic_waste_management_training/PET Plastic/plastic_bottles/PET1,578.jpg",2,PET Plastic,2,PET Plastic,0.9998890161514282,8.63975947140716e-05,4.341732164903078e-06,0.9998890161514282,7.476272458006861e-06,1.2723147847282235e-05
/Users/aswanathjs/Downloads/test10/ai_plastic_waste_management_training/HDPE Plastic/milk_bottles/HDPEM416.jpg,0,HDPE Plastic,0,HDPE Plastic,0.9999996423721313,0.9999996423721313,1.747602027535322e-07,8.34702831298273e-08,6.461264234758346e-08,5.3402334998509104e-08
/Users/aswanathjs/Downloads/test10/ai_plastic_waste_management_training/PET Plastic/black_white_plastic_bottles/bulsf_jpg.rf.e79de670e55f81c8406d5665486f77a4.jpg,2,PET Plastic,2,PET Plastic,0.9999973773956299,7.438835041284619e-07,8.25432877604726e-08,0.9999973773956299,1.6129911273310427e-06,2.5592390784368035e-07
/Users/aswanathjs/Downloads/test10/ai_plastic_waste_management_training/PET Plastic/black_white_plastic_bottles/byuqw_jpg.rf.00be2250b413cf1535c59ed5c36a93b3.jpg,2,PET Plastic,2,PET Plastic,0.9999938011169434,4.346297828305978e-06,6.572373649760266e-07,0.9999938011169434,4.5180871666161693e-07,7.324940156649973e-07
/Users/aswanathjs/Downloads/test10/ai_plastic_waste_management_training/PET Plastic/plastic_bottles/PET366.jpg,2,PET Plastic,2,PET Plastic,0.9999995231628418,4.2949997691721364e-07,4.018872790112482e-09,0.9999995231628418,1.2447089581257842e-08,4.023629784910554e-08
/Users/aswanathjs/Downloads/test10/ai_plastic_waste_management_training/LDPE Plastic/black_white__plastic_bags/0064_jpg.rf.ec3506dba251b2d9bbd1bab954524ce2.jpg,1,LDPE Plastic,1,LDPE Plastic,0.999990701675415,7.091200131981168e-06,0.999990701675415,1.8256953282502764e-08,2.0977765871066367e-06,5.741030051353846e-08
/Users/aswanathjs/Downloads/test10/ai_plastic_waste_management_training/HDPE Plastic/shampoo_bottles/0076_a02b06c2d0e0f1g0h2.jpg,0,HDPE Plastic,0,HDPE Plastic,0.999997615814209,0.999997615814209,9.027539604744561e-09,2.346960172872059e-06,7.3737140837693005e-09,3.830968964280146e-08
/Users/aswanathjs/Downloads/test10/ai_plastic_waste_management_training/LDPE Plastic/plastic_bags/LDPE-497_jpg.rf.327653e0820a8ac74df9a88db94a16a1.jpg,1,LDPE Plastic,1,LDPE Plastic,0.9999995231628418,9.870757367025362e-08,0.9999995231628418,5.94641456075351e-08,1.5147405107995837e-08,3.3645835628703935e-07
/Users/aswanathjs/Downloads/test10/ai_plastic_waste_management_training/LDPE Plastic/plastic_bags/LDPE-248_jpg.rf.c28b15ef1b265bbd86f17a30ca0f0e42.jpg,1,LDPE Plastic,1,LDPE Plastic,0.9999527931213379,1.810215508157853e-06,0.9999527931213379,1.2976382777196704e-06,3.533913695719093e-05,8.753543625061866e-06
/Users/aswanathjs/Downloads/test10/ai_plastic_waste_management_training/HDPE Plastic/detergent_bottles/IMG_20220209_220150.jpg,0,HDPE Plastic,0,HDPE Plastic,0.9998289346694946,0.9998289346694946,4.0809385382090113e-07,8.590808283770457e-05,8.410878945142031e-05,5.536252274396247e-07
/Users/aswanathjs/Downloads/test10/ai_plastic_waste_management_training/PP Plastic/round_containers/0031_a05b01c1d1e0f0g0h3.jpg,3,PP Plastic,3,PP Plastic,0.9959053993225098,0.003825932275503874,0.00018324873235542327,8.467292900604662e-06,0.9959053993225098,7.686267781537026e-05
/Users/aswanathjs/Downloads/test10/ai_plastic_waste_management_training/HDPE Plastic/milk_bottles/P_W (1356).jpg,0,HDPE Plastic,0,HDPE Plastic,0.9999669790267944,0.9999669790267944,2.1052313968539238e-05,2.5438987449888373e-06,1.4207608955985052e-06,8.025527677091304e-06
/Users/aswanathjs/Downloads/test10/ai_plastic_waste_management_training/HDPE Plastic/milk_bottles_grey/P_W (1356).jpg,0,HDPE Plastic,0,HDPE Plastic,0.9999984502792358,0.9999984502792358,1.3987073543830775e-06,5.168250538645225e-08,2.4368892681536636e-08,1.480585325452921e-07
/Users/aswanathjs/Downloads/test10/ai_plastic_waste_management_training/PET Plastic/black_white_plastic_bottles/ahlof_jpg.rf.aa5e8a85fb509d20cd002a596d3a62c8.jpg,2,PET Plastic,2,PET Plastic,0.9999606609344482,2.988737378473161e-06,3.196040779585019e-05,0.9999606609344482,2.8652964374487055e-06,1.547562533232849e-06
/Users/aswanathjs/Downloads/test10/ai_plastic_waste_management_training/HDPE Plastic/detergent_bottles/Image_75.png,0,HDPE Plastic,0,HDPE Plastic,0.9999557733535767,0.9999557733535767,1.3295536518853623e-05,2.350401246076217e-06,2.6227433409076184e-05,2.299631205460173e-06
/Users/aswanathjs/Downloads/test10/ai_plastic_waste_management_training/LDPE Plastic/bin_bags/Image_75.png,0,HDPE Plastic,1,LDPE Plastic,0.9957658052444458,0.0027812609914690256,0.9957658052444458,0.00010830043902387843,0.001143392059020698,0.0002012614713748917
/Users/aswanathjs/Downloads/test10/ai_plastic_waste_management_training/PP Plastic/square_containers/Image_75.png,0,HDPE Plastic,0,HDPE Plastic,0.6674090623855591,0.6674090623855591,0.029930340126156807,0.0016103326342999935,0.24813631176948547,0.05291391909122467
/Users/aswanathjs/Downloads/test10/ai_plastic_waste_management_training/PS Plastic/foam_containers/Image_75.png,0,HDPE Plastic,4,PS Plastic,0.538371205329895,0.09968452900648117,0.2541904151439667,0.013796305283904076,0.0939575731754303,0.538371205329895
/Users/aswanathjs/Downloads/test10/ai_plastic_waste_management_training/HDPE Plastic/milk_bottles/HDPEM49.jpg,0,HDPE Plastic,0,HDPE Plastic,0.9999994039535522,0.9999994039535522,1.0701018737790946e-08,1.2817199035453086e-07,5.251203560874274e-07,2.8751685476890998e-08
"/Users/aswanathjs/Downloads/test10/ai_plastic_waste_management_training/PET Plastic/plastic_bottles/PET1,260.jpg",2,PET Plastic,2,PET Plastic,0.999998927116394,5.996219556436699e-07,5.085206566945999e-08,0.999998927116394,2.7446671424513625e-07,1.0017840423870439e-07
/Users/aswanathjs/Downloads/test10/ai_plastic_waste_management_training/LDPE Plastic/bin_bags/Image_129.png,1,LDPE Plastic,1,LDPE Plastic,0.9980753660202026,0.0010759081924334168,0.9980753660202026,0.00013319037680048496,0.0004952045856043696,0.00022034083667676896
/Users/aswanathjs/Downloads/test10/ai_plastic_waste_management_training/LDPE Plastic/bin_bags_grey/Image_129.png,1,LDPE Plastic,1,LDPE Plastic,0.9950965046882629,0.003166468348354101,0.9950965046882629,0.0002944003790616989,0.0011456841602921486,0.0002969318884424865
/Users/aswanathjs/Downloads/test10/ai_plastic_waste_management_training/PP Plastic/square_containers_grey/Image_129.png,1,LDPE Plastic,1,LDPE Plastic,0.7447136640548706,0.0018253157613798976,0.7447136640548706,0.0017577620455995202,0.25000372529029846,0.001699478249065578
/Users/aswanathjs/Downloads/test10/ai_plastic_waste_management_training/PP Plastic/square_containers/Image_129.png,1,LDPE Plastic,1,LDPE Plastic,0.9673129916191101,0.0003301959077361971,0.9673129916191101,0.0004182581033091992,0.03151402249932289,0.000424544996349141
/Users/aswanathjs/Downloads/test10/ai_plastic_waste_management_training/PS Plastic/foam_containers/Image_129.png,1,LDPE Plastic,4,PS Plastic,0.40381067991256714,0.06447385996580124,0.24134260416030884,0.009481343440711498,0.280891478061676,0.40381067991256714
/Users/aswanathjs/Downloads/test10/ai_plastic_waste_management_training/PS Plastic/foam_containers/Image_33.png,4,PS Plastic,4,PS Plastic,0.6981669068336487,0.00849311612546444,0.019891373813152313,0.0014644891489297152,0.27198415994644165,0.6981669068336487
/Users/aswanathjs/Downloads/test10/ai_plastic_waste_management_training/PET Plastic/black_white_plastic_bottles/dgzwl_jpg.rf.82d358e08123cf93bb5819b48d51784b.jpg,2,PET Plastic,2,PET Plastic,0.9998878240585327,0.00011160457506775856,9.228364739044537e-09,0.9998878240585327,5.653126322613389e-07,1.4083203048187443e-08
/Users/aswanathjs/Downloads/test10/ai_plastic_waste_management_training/PET Plastic/black_white_plastic_bottles/cuxgr_jpg.rf.97815d8a8cadbb0dcada9633f9b57208.jpg,2,PET Plastic,2,PET Plastic,0.9998043179512024,6.914736877661198e-05,9.324740858573932e-06,0.9998043179512024,1.2370287549856585e-05,0.00010492026194697246
/Users/aswanathjs/Downloads/test10/ai_plastic_waste_management_training/HDPE Plastic/detergent_bottles/IMG_20220209_182808.jpg,0,HDPE Plastic,2,PET Plastic,0.9084482192993164,0.08113308250904083,0.0019440235337242484,0.9084482192993164,0.008353427983820438,0.00012126180081395432
"/Users/aswanathjs/Downloads/test10/ai_plastic_waste_management_training/PET Plastic/plastic_bottles/PET1,706.jpg",2,PET Plastic,2,PET Plastic,0.9928800463676453,0.005084538832306862,0.0007027203100733459,0.9928800463676453,0.00028931358247064054,0.0010435153963044286
/Users/aswanathjs/Downloads/test10/ai_plastic_waste_management_training/HDPE Plastic/shampoo_bottles/0065_a02b03c1d2e0f1g0h3.jpg,0,HDPE Plastic,0,HDPE Plastic,0.9999904632568359,0.9999904632568359,1.254181370313745e-06,3.243362698412966e-06,2.0807744931516936e-06,2.9575601274700603e-06
/Users/aswanathjs/Downloads/test10/ai_plastic_waste_management_training/LDPE Plastic/plastic_bags/train_LDPE-56_jpg.rf.a14e48b211c3edcb055bc2bb9a77fa5d.jpg,1,LDPE Plastic,1,LDPE Plastic,0.9999570846557617,1.6254654838121496e-05,0.9999570846557617,2.0672946448030416e-06,3.9173232835310046e-06,2.0627483536372893e-05
/Users/aswanathjs/Downloads/test10/ai_plastic_waste_management_training/PET Plastic/plastic_bottles/PET581.jpg,2,PET Plastic,2,PET Plastic,0.9999994039535522,1.091716228529549e-07,3.28420952655506e-08,0.9999994039535522,3.05266524947001e-07,1.7819033359955938e-07
/Users/aswanathjs/Downloads/test10/ai_plastic_waste_management_training/PP Plastic/round_containers/IMG_20220209_172714.jpg,3,PP Plastic,3,PP Plastic,0.9976783394813538,0.0017633140087127686,0.0002457038499414921,0.00020736642181873322,0.9976783394813538,0.00010530809231568128
/Users/aswanathjs/Downloads/test10/ai_plastic_waste_management_training/PET Plastic/plastic_bottles/PET738.jpg,2,PET Plastic,2,PET Plastic,0.999958872795105,4.0920000174082816e-05,9.371376563649392e-08,0.999958872795105,4.7520728685412905e-08,5.495042998404642e-08
/Users/aswanathjs/Downloads/test10/ai_plastic_waste_management_training/LDPE Plastic/plastic_bags/plasticbag (11).jpg,1,LDPE Plastic,1,LDPE Plastic,0.9991620779037476,0.0001871792774181813,0.9991620779037476,0.00010449947149027139,0.00016451979172416031,0.00038175814552232623
/Users/aswanathjs/Downloads/test10/ai_plastic_waste_management_training/LDPE Plastic/plastic_bags_grey/LDPE-233_jpg.rf.503d77f207980a943ec9272406c39958.jpg,1,LDPE Plastic,1,LDPE Plastic,0.9999890327453613,1.699108793218329e-06,0.9999890327453613,8.258704724539712e-07,7.03739351592958e-06,1.448175225959858e-06
/Users/aswanathjs/Downloads/test10/ai_plastic_waste_management_training/LDPE Plastic/plastic_bags/LDPE-233_jpg.rf.503d77f207980a943ec9272406c39958.jpg,1,LDPE Plastic,1,LDPE Plastic,0.9999771118164062,3.4174995562352706e-06,0.9999771118164062,2.5769938929443015e-06,1.483493633713806e-05,2.0664410840254277e-06
/Users/aswanathjs/Downloads/test10/ai_plastic_waste_management_training/PS Plastic/foam_sheets/PS-744_jpg.rf.9e488b75492b7e03bf5d42cfcd49b17f.jpg,4,PS Plastic,4,PS Plastic,0.9999213218688965,7.347475184360519e-05,2.158285042241914e-06,7.903443588475056e-07,2.281486786159803e-06,0.9999213218688965
/Users/aswanathjs/Downloads/test10/ai_plastic_waste_management_training/PET Plastic/black_white_plastic_bottles/dnrqc_jpg.rf.af439e4f8c5b66386ada7bdb97954002.jpg,2,PET Plastic,2,PET Plastic,0.9999363422393799,3.6850269680144265e-05,1.0138493962585926e-05,0.9999363422393799,1.4498242308036424e-05,2.1084088075440377e-06
/Users/aswanathjs/Downloads/test10/ai_plastic_waste_management_training/PET Plastic/plastic_bottles/PET325.jpg,2,PET Plastic,2,PET Plastic,0.9975091218948364,0.0020076364744454622,0.0003387995238881558,0.9975091218948364,8.652386168250814e-05,5.7909273891709745e-05
/Users/aswanathjs/Downloads/test10/ai_plastic_waste_management_training/PP Plastic/square_containers/butter.jpg,3,PP Plastic,3,PP Plastic,0.9988846182823181,0.0007392862462438643,8.167084160959348e-05,6.262488022912294e-05,0.9988846182823181,0.00023184879682958126
/Users/aswanathjs/Downloads/test10/ai_plastic_waste_management_training/HDPE Plastic/milk_bottles/HDPEM485.jpg,0,HDPE Plastic,0,HDPE Plastic,0.9999996423721313,0.9999996423721313,1.1986998060820042e-08,3.2048308185039787e-07,3.847548413205004e-08,2.63762878205398e-08
/Users/aswanathjs/Downloads/test10/ai_plastic_waste_management_training/PET Plastic/plastic_bottles/PET830.jpg,2,PET Plastic,2,PET Plastic,0.9999998807907104,8.206778367991774e-09,1.314719781930762e-07,0.9999998807907104,3.4158453843247116e-09,4.475116277546931e-09
/Users/aswanathjs/Downloads/test10/ai_plastic_waste_management_training/PP Plastic/round_containers/Image_92.png,3,PP Plastic,3,PP Plastic,0.8165056109428406,0.01290817465633154,0.13806787133216858,0.0020060313399881124,0.8165056109428406,0.030512340366840363
/Users/aswanathjs/Downloads/test10/ai_plastic_waste_management_training/PS Plastic/foam_containers/Image_92.png,3,PP Plastic,3,PP Plastic,0.45664605498313904,0.03780569136142731,0.1515687257051468,0.014490487985312939,0.45664605498313904,0.33948901295661926
/Users/aswanathjs/Downloads/test10/ai_plastic_waste_management_training/HDPE Plastic/detergent_bottles/IMG_20220209_182850.jpg,0,HDPE Plastic,0,HDPE Plastic,0.999049961566925,0.999049961566925,0.0001302253658650443,0.0002673694980330765,0.0005305270315147936,2.1865529561182484e-05
"/Users/aswanathjs/Downloads/test10/ai_plastic_waste_management_training/PET Plastic/plastic_bottles/PET1,143.jpg",2,PET Plastic,2,PET Plastic,0.999932050704956,1.1823238992292318e-06,6.467081402661279e-05,0.999932050704956,3.183195076417178e-07,1.846859618126473e-06
/Users/aswanathjs/Downloads/test10/ai_plastic_waste_management_training/HDPE Plastic/milk_bottles/P_W (501).jpg,0,HDPE Plastic,0,HDPE Plastic,0.9999998807907104,0.9999998807907104,1.5905764205736972e-10,2.342470661886864e-10,3.895014172305977e-11,1.066345731715046e-07
/Users/aswanathjs/Downloads/test10/ai_plastic_waste_management_training/HDPE Plastic/detergent_bottles/P_W (499).jpg,0,HDPE Plastic,0,HDPE Plastic,1.0,1.0,3.3143890409981225e-10,4.541695908244492e-10,1.592151063767311e-11,8.13532921584148e-11
/Users/aswanathjs/Downloads/test10/ai_plastic_waste_management_training/HDPE Plastic/detergent_botteles_grey/P_W (499).jpg,0,HDPE Plastic,0,HDPE Plastic,0.9999997615814209,0.9999997615814209,4.026290689740364e-10,6.513418782105873e-08,3.783469981755161e-09,1.0723604759732552e-07
/Users/aswanathjs/Downloads/test10/ai_plastic_waste_management_training/PET Plastic/shampoo_bottles/0015_a05b00c2d3e1f1g0h3.jpg,2,PET Plastic,2,PET Plastic,0.9999998807907104,5.1654197363859566e-08,1.5455648982865e-09,0.9999998807907104,2.0046096338433017e-08,1.9012416530017617e-08
/Users/aswanathjs/Downloads/test10/ai_plastic_waste_management_training/LDPE Plastic/plastic_bags/LDPE-42_jpg.rf.61f85b2889eb6cf5c41d56f497ca5b6d.jpg,1,LDPE Plastic,1,LDPE Plastic,0.9973596930503845,0.0018635615706443787,0.9973596930503845,8.343803347088397e-05,0.0005191638483665884,0.00017410273721907288
/Users/aswanathjs/Downloads/test10/ai_plastic_waste_management_training/LDPE Plastic/plastic_bags/LDPE-42_jpg.rf.3a773f8a389437188d42ee6db0c7280d.jpg,1,LDPE Plastic,1,LDPE Plastic,0.9999760389328003,2.0542302081594244e-05,0.9999760389328003,1.2571467777888756e-07,1.4090451259107795e-06,1.8087461057803011e-06
/Users/aswanathjs/Downloads/test10/ai_plastic_waste_management_training/PP Plastic/round_containers/0022_a05b00c2d3e0f0g0h1.jpg,3,PP Plastic,3,PP Plastic,0.9997127652168274,0.00019188284932170063,7.249090413097292e-05,2.1680982172256336e-05,0.9997127652168274,1.1549363989615813e-06
/Users/aswanathjs/Downloads/test10/ai_plastic_waste_management_training/PET Plastic/black_white_plastic_bottles/cykgn_jpg.rf.e5912131874577750f5e16b2e0cca429.jpg,2,PET Plastic,2,PET Plastic,0.9999953508377075,3.6293438370194053e-06,2.460642178903072e-07,0.9999953508377075,5.554394988394051e-07,2.1126402316440362e-07
/Users/aswanathjs/Downloads/test10/ai_plastic_waste_management_training/LDPE Plastic/plastic_bags/LDPE-49_jpg.rf.943e2850154ea8dcd1e3e5b32108e3af.jpg,1,LDPE Plastic,1,LDPE Plastic,0.9995402097702026,0.00026794755831360817,0.9995402097702026,1.6117024642881006e-05,2.9902155802119523e-05,0.0001458811602788046
/Users/aswanathjs/Downloads/test10/ai_plastic_waste_management_training/LDPE Plastic/plastic_bags/LDPE-49_jpg.rf.c8ec39f928a4f1603db7889e3fdc9496.jpg,1,LDPE Plastic,1,LDPE Plastic,0.9999691247940063,2.3959986720001325e-05,0.9999691247940063,9.270434588870557e-07,2.0913871594530065e-06,3.849226231977809e-06
/Users/aswanathjs/Downloads/test10/ai_plastic_waste_management_training/PP Plastic/square_containers_grey/IMG_20220209_175019.jpg,3,PP Plastic,3,PP Plastic,0.9999849796295166,8.01399346528342e-06,2.3462371245841496e-06,3.5433859579825366e-07,0.9999849796295166,4.214717137074331e-06
/Users/aswanathjs/Downloads/test10/ai_plastic_waste_management_training/PP Plastic/square_containers/IMG_20220209_175019.jpg,3,PP Plastic,3,PP Plastic,0.9999940395355225,3.1261088224709965e-06,6.448107114920276e-07,5.662576540998998e-07,0.9999940395355225,1.644560484237445e-06
/Users/aswanathjs/Downloads/test10/ai_plastic_waste_management_training/LDPE Plastic/plastic_bags/plasticbag (142).jpg,1,LDPE Plastic,1,LDPE Plastic,0.9903824925422668,0.0026211105287075043,0.9903824925422668,0.0007795384735800326,0.0011443588882684708,0.005072517786175013
/Users/aswanathjs/Downloads/test10/ai_plastic_waste_management_training/PP Plastic/round_containers/IMG_20220209_173303.jpg,3,PP Plastic,3,PP Plastic,0.999983549118042,9.980934919440188e-06,4.141741101193475e-06,7.748021744191647e-07,0.999983549118042,1.4839905588814872e-06
/Users/aswanathjs/Downloads/test10/ai_plastic_waste_management_training/LDPE Plastic/plastic_bags/LDPE-416_jpg.rf.fe0fe5cec045bb01d60f02aed07d759b.jpg,1,LDPE Plastic,1,LDPE Plastic,0.999996542930603,2.0053012121934444e-06,0.999996542930603,4.5242094870445726e-07,3.7650974604730436e-07,6.96767699537304e-07
/Users/aswanathjs/Downloads/test10/ai_plastic_waste_management_training/PP Plastic/irregular_containers/0036_a05b00c1d0e0f0g0h0.jpg,3,PP Plastic,3,PP Plastic,0.999833345413208,0.00015501528105232865,1.2299294667172944e-06,1.012189568427857e-05,0.999833345413208,2.788244160001341e-07
/Users/aswanathjs/Downloads/test10/ai_plastic_waste_management_training/HDPE Plastic/milk_bottles/HDPEM121.jpg,0,HDPE Plastic,0,HDPE Plastic,0.999998927116394,0.999998927116394,3.2628464374795385e-09,1.0215449037787039e-06,4.770016914790176e-08,5.1075932816502245e-08
"/Users/aswanathjs/Downloads/test10/ai_plastic_waste_management_training/PET Plastic/plastic_bottles/PET1,651.jpg",2,PET Plastic,2,PET Plastic,0.9928457140922546,0.006847175769507885,3.6941664802725427e-06,0.9928457140922546,4.6534532884834334e-05,0.0002569654316175729
/Users/aswanathjs/Downloads/test10/ai_plastic_waste_management_training/PP Plastic/square_containers_grey/IMG_20220209_173939.jpg,3,PP Plastic,3,PP Plastic,0.9999977350234985,5.531829856408876e-07,1.0857883125936496e-06,4.588989810372368e-08,0.9999977350234985,5.494976562658849e-07
/Users/aswanathjs/Downloads/test10/ai_plastic_waste_management_training/PP Plastic/square_containers/IMG_20220209_173939.jpg,3,PP Plastic,3,PP Plastic,0.9999988079071045,7.864611575314484e-07,3.130755601432611e-07,1.372086000372974e-08,0.9999988079071045,8.57593889236341e-08
/Users/aswanathjs/Downloads/test10/ai_plastic_waste_management_training/HDPE Plastic/shampoo_bottles/0075_a02b01c2d1e0f0g0h3.jpg,0,HDPE Plastic,0,HDPE Plastic,1.0,1.0,8.304368859235467e-10,1.1563301427486294e-09,1.8552441805042008e-09,1.2085367151470905e-09
/Users/aswanathjs/Downloads/test10/ai_plastic_waste_management_training/HDPE Plastic/shampoo_bottles/0076_a02b06c2d2e0f1g0h1.jpg,0,HDPE Plastic,0,HDPE Plastic,0.9999974966049194,0.9999974966049194,3.2676717864887905e-07,2.5822035354394757e-07,1.944620407812181e-06,2.5027064864957538e-08
/Users/aswanathjs/Downloads/test10/ai_plastic_waste_management_training/PET Plastic/plastic_bottles/PET712.jpg,2,PET Plastic,2,PET Plastic,1.0,1.4578215079552592e-08,3.7156742127564257e-09,1.0,1.1577359071424098e-09,2.0006735157451772e-10
/Users/aswanathjs/Downloads/test10/ai_plastic_waste_management_training/PP Plastic/round_containers/0043_a06b01c1d2e0f0g0h0.jpg,3,PP Plastic,3,PP Plastic,0.9991119503974915,0.0007070231949910522,0.0001731508964439854,1.0955924381050863e-06,0.9991119503974915,6.758648851246107e-06
/Users/aswanathjs/Downloads/test10/ai_plastic_waste_management_training/HDPE Plastic/shampoo_bottles/0077_a02b01c1d3e0f1g0h2.jpg,0,HDPE Plastic,0,HDPE Plastic,0.9999840259552002,0.9999840259552002,1.1371619024203028e-07,1.3519235835701693e-05,1.967886191778234e-06,4.458640319171536e-07
/Users/aswanathjs/Downloads/test10/ai_plastic_waste_management_training/HDPE Plastic/shampoo_bottles/0077_a02b01c2d0e0f1g0h2.jpg,0,HDPE Plastic,0,HDPE Plastic,0.9999996423721313,0.9999996423721313,5.1686486202129345e-09,1.1312500447502316e-07,2.2212268135923807e-10,2.4002525833566324e-07
"/Users/aswanathjs/Downloads/test10/ai_plastic_waste_management_training/PET Plastic/plastic_bottles/PET1,647.jpg",2,PET Plastic,2,PET Plastic,0.9999985694885254,1.371508915326558e-06,1.7201704949343366e-08,0.9999985694885254,3.8524198942013754e-08,3.5374643214680646e-09
/Users/aswanathjs/Downloads/test10/ai_plastic_waste_management_training/PS Plastic/foam_containers/Image_186.png,4,PS Plastic,4,PS Plastic,0.6343883872032166,0.03814442455768585,0.08330413699150085,0.004483111202716827,0.23967988789081573,0.6343883872032166
/Users/aswanathjs/Downloads/test10/ai_plastic_waste_management_training/PET Plastic/plastic_bottles/PET491.jpg,2,PET Plastic,2,PET Plastic,0.9999946355819702,3.0839821647532517e-06,7.157959771575406e-07,0.9999946355819702,1.0854824950001785e-06,5.315759494806116e-07
/Users/aswanathjs/Downloads/test10/ai_plastic_waste_management_training/LDPE Plastic/bubble_wrap/LDPE-80_jpg.rf.7729f05f9a8de614f38a4765fb11b96c.jpg,1,LDPE Plastic,1,LDPE Plastic,1.0,5.188869778294247e-09,1.0,4.897485439414595e-08,3.041983775986523e-09,1.3405813126254884e-09
/Users/aswanathjs/Downloads/test10/ai_plastic_waste_management_training/LDPE Plastic/bubble_wrap/LDPE-80_jpg.rf.39d5b876a72bc9f73fc3c298ce40ea24.jpg,1,LDPE Plastic,1,LDPE Plastic,0.9999305009841919,1.3442238014249597e-05,0.9999305009841919,3.745674985111691e-05,9.270302143704612e-06,9.251790288544726e-06
/Users/aswanathjs/Downloads/test10/ai_plastic_waste_management_training/HDPE Plastic/shampoo_bottles/0061_a02b01c2d0e0f1g0h2(1).jpg,0,HDPE Plastic,0,HDPE Plastic,0.9999828338623047,0.9999828338623047,3.934956680495816e-07,4.885883754468523e-06,2.711934712351649e-06,9.180544111586642e-06
/Users/aswanathjs/Downloads/test10/ai_plastic_waste_management_training/PET Plastic/shampoo_bottles/0015_a05b00c1d3e1f1g0h0.jpg,2,PET Plastic,2,PET Plastic,0.9996076226234436,1.1703027666953858e-05,7.086820374979652e-08,0.9996076226234436,0.00037666858406737447,3.862791800202103e-06
/Users/aswanathjs/Downloads/test10/ai_plastic_waste_management_training/HDPE Plastic/milk_bottles/HDPEM243.jpg,0,HDPE Plastic,0,HDPE Plastic,0.9999945163726807,0.9999945163726807,1.3555758471284207e-07,4.002507012046408e-06,9.274145327253791e-07,3.711528222538618e-07
/Users/aswanathjs/Downloads/test10/ai_plastic_waste_management_training/LDPE Plastic/black_white__plastic_bags/0255_jpg.rf.471b4cca7828d2062bc4e54b465f1f51.jpg,1,LDPE Plastic,1,LDPE Plastic,0.999962329864502,7.417029792122776e-06,0.999962329864502,2.7597081952990266e-07,7.152089892770164e-06,2.2767149857827462e-05
/Users/aswanathjs/Downloads/test10/ai_plastic_waste_management_training/HDPE Plastic/detergent_bottles/0098_a02b03c2d2e0f0g0h4.jpg,0,HDPE Plastic,0,HDPE Plastic,1.0,1.0,3.5167471712505005e-10,1.0074875829435559e-11,2.6029391975157523e-09,2.564713719177547e-11
/Users/aswanathjs/Downloads/test10/ai_plastic_waste_management_training/LDPE Plastic/plastic_bags/LDPE-278_jpg.rf.5842fc6b2467bc5899a983e515f2278e.jpg,1,LDPE Plastic,1,LDPE Plastic,0.9999712705612183,2.8058254883944755e-06,0.9999712705612183,6.466967988671968e-06,1.7521966583444737e-05,1.9921096736652544e-06
/Users/aswanathjs/Downloads/test10/ai_plastic_waste_management_training/PP Plastic/square_containers/Image_96.png,3,PP Plastic,3,PP Plastic,0.9760270714759827,0.006313291843980551,0.00850425474345684,0.00011294964497210458,0.9760270714759827,0.009042485617101192
/Users/aswanathjs/Downloads/test10/ai_plastic_waste_management_training/PS Plastic/foam_containers/Image_96.png,3,PP Plastic,4,PS Plastic,0.5239456295967102,0.05076167732477188,0.1304648369550705,0.019940342754125595,0.2748875916004181,0.5239456295967102
/Users/aswanathjs/Downloads/test10/ai_plastic_waste_management_training/PET Plastic/plastic_bottles/PET679.jpg,2,PET Plastic,2,PET Plastic,0.9999992847442627,5.925481900703744e-07,3.12926893286658e-08,0.9999992847442627,7.421648007266413e-08,5.94268243503393e-08
/Users/aswanathjs/Downloads/test10/ai_plastic_waste_management_training/LDPE Plastic/plastic_bags/plasticbag (150).jpg,1,LDPE Plastic,1,LDPE Plastic,0.9931220412254333,0.0001789169618859887,0.9931220412254333,0.0003855366667266935,0.0018562126206234097,0.004457209724932909
/Users/aswanathjs/Downloads/test10/ai_plastic_waste_management_training/PET Plastic/plastic_bottles/PET923.jpg,2,PET Plastic,2,PET Plastic,0.9999982118606567,1.3903696753914119e-06,2.369524452205951e-07,0.9999982118606567,1.4470640508079669e-07,4.4964490797383405e-08
/Users/aswanathjs/Downloads/test10/ai_plastic_waste_management_training/PP Plastic/round_containers/0032_a05b01c1d3e0f0g0h2.jpg,3,PP Plastic,3,PP Plastic,0.999992847442627,2.514604375392082e-06,2.0908215958570509e-07,3.916312834917335e-06,0.999992847442627,4.91783112011035e-07
/Users/aswanathjs/Downloads/test10/ai_plastic_waste_management_training/PP Plastic/round_containers/IMG_20220209_173640.jpg,3,PP Plastic,3,PP Plastic,0.9999711513519287,2.200109065597644e-06,2.714371476031374e-06,2.365793625358492e-05,0.9999711513519287,2.291770471174459e-07
/Users/aswanathjs/Downloads/test10/ai_plastic_waste_management_training/HDPE Plastic/milk_bottles/HDPEM467.jpg,0,HDPE Plastic,0,HDPE Plastic,0.9996011853218079,0.9996011853218079,7.627863674031232e-09,0.0003985653747804463,7.064318197080866e-08,1.1219479745250283e-07
/Users/aswanathjs/Downloads/test10/ai_plastic_waste_management_training/PS Plastic/foam_containers/Image_38.png,4,PS Plastic,4,PS Plastic,0.3663976490497589,0.11352305859327316,0.15381073951721191,0.016290972009301186,0.34997761249542236,0.3663976490497589
/Users/aswanathjs/Downloads/test10/ai_plastic_waste_management_training/PP Plastic/round_containers/0031_a05b01c1d3e0f0g0h0.jpg,3,PP Plastic,3,PP Plastic,0.9955072402954102,0.004486776888370514,3.0038181648706086e-06,1.4369304324191035e-07,0.9955072402954102,2.8650033527810592e-06
/Users/aswanathjs/Downloads/test10/ai_plastic_waste_management_training/HDPE Plastic/shampoo_bottles/0078_a02b07c1d3e0f1g0h1.jpg,0,HDPE Plastic,0,HDPE Plastic,1.0,1.0,2.341896858729098e-12,8.085440650340558e-11,3.387254886300095e-12,4.091213479107125e-12
/Users/aswanathjs/Downloads/test10/ai_plastic_waste_management_training/PS Plastic/foam_containers/Image_249.png,4,PS Plastic,4,PS Plastic,0.6320322751998901,0.028800318017601967,0.09183136373758316,0.00970813911408186,0.23762795329093933,0.6320322751998901
/Users/aswanathjs/Downloads/test10/ai_plastic_waste_management_training/LDPE Plastic/plastic_bags_grey/plasticbag (164).jpg,1,LDPE Plastic,1,LDPE Plastic,0.9974735379219055,0.000242545225773938,0.9974735379219055,6.441151072067441e-06,0.0014881143579259515,0.0007893475121818483
/Users/aswanathjs/Downloads/test10/ai_plastic_waste_management_training/LDPE Plastic/plastic_bags/plasticbag (164).jpg,1,LDPE Plastic,1,LDPE Plastic,0.9919541478157043,0.0009097166475839913,0.9919541478157043,2.74697504210053e-05,0.005130932200700045,0.0019777468405663967
/Users/aswanathjs/Downloads/test10/ai_plastic_waste_management_training/HDPE Plastic/milk_bottles/HDPEM98.jpg,0,HDPE Plastic,0,HDPE Plastic,0.9999992847442627,0.9999992847442627,8.721309230352858e-10,6.896417517054942e-07,3.968492734429674e-08,1.4362021794056545e-08
/Users/aswanathjs/Downloads/test10/ai_plastic_waste_management_training/PS Plastic/form_containers_grey/styrofoam-114-_jpg.rf.d9b4a523d03b76675f0ec7108a72fbf9.jpg,4,PS Plastic,4,PS Plastic,1.0,4.251923702014437e-09,4.977589087434842e-12,4.244044005119463e-11,4.556788973930637e-12,1.0
/Users/aswanathjs/Downloads/test10/ai_plastic_waste_management_training/PS Plastic/foam_containers/styrofoam-114-_jpg.rf.d9b4a523d03b76675f0ec7108a72fbf9.jpg,4,PS Plastic,4,PS Plastic,1.0,2.4157598144114445e-10,3.379960428293721e-13,5.5918897984286176e-11,1.1440165221393572e-13,1.0
/Users/aswanathjs/Downloads/test10/ai_plastic_waste_management_training/PET Plastic/plastic_bottles/PET825.jpg,2,PET Plastic,2,PET Plastic,0.9999960660934448,2.287674192302802e-07,3.5396983548707794e-06,0.9999960660934448,6.644774686037636e-08,1.1302743274654858e-07
/Users/aswanathjs/Downloads/test10/ai_plastic_waste_management_training/PS Plastic/foam_sheets/PS-633_jpg.rf.74d721685d340e52d7aad4bcc909b2cb.jpg,4,PS Plastic,4,PS Plastic,0.9999217987060547,1.421871183993062e-05,6.214773748070002e-05,7.123927048269252e-07,1.1660627023957204e-06,0.9999217987060547
/Users/aswanathjs/Downloads/test10/ai_plastic_waste_management_training/LDPE Plastic/black_white__plastic_bags/0026_jpg.rf.6a91eb9ccddcfe387a34ee06ed8e4274.jpg,1,LDPE Plastic,1,LDPE Plastic,0.999997615814209,6.786797257518629e-08,0.999997615814209,2.321788450387885e-08,1.4327647477330174e-06,8.249864436038479e-07
/Users/aswanathjs/Downloads/test10/ai_plastic_waste_management_training/PET Plastic/black_white_plastic_bottles/cwgds_jpg.rf.7be016de001fc7195367459fe70d1334.jpg,2,PET Plastic,2,PET Plastic,0.9993645548820496,0.0005702730268239975,3.268719410698395e-07,0.9993645548820496,6.369774200720713e-05,1.1906899999303278e-06
/Users/aswanathjs/Downloads/test10/ai_plastic_waste_management_training/PS Plastic/foam_containers/styrofoam-130-_jpg.rf.cba5afdf89e528f49af2d72e08abeaaa.jpg,4,PS Plastic,4,PS Plastic,0.9999991655349731,2.091788218194779e-07,2.978915070173116e-08,1.7465438872932282e-08,6.227263043001585e-07,0.9999991655349731
"/Users/aswanathjs/Downloads/test10/ai_plastic_waste_management_training/PET Plastic/plastic_bottles/PET1,132.jpg",2,PET Plastic,2,PET Plastic,1.0,4.269846343163408e-08,2.464536841273457e-08,1.0,1.3643519647388302e-09,4.299517630812488e-09
/Users/aswanathjs/Downloads/test10/ai_plastic_waste_management_training/PP Plastic/round_containers/IMG20220210154604.jpg,3,PP Plastic,3,PP Plastic,0.9998168349266052,9.767993469722569e-05,7.461733184754848e-05,6.646011115662986e-06,0.9998168349266052,4.238480869389605e-06
/Users/aswanathjs/Downloads/test10/ai_plastic_waste_management_training/PP Plastic/round_containers/Image_199.png,3,PP Plastic,3,PP Plastic,0.9677927494049072,0.0032279908191412687,0.011927848681807518,0.0001166225629276596,0.9677927494049072,0.016934728249907494
/Users/aswanathjs/Downloads/test10/ai_plastic_waste_management_training/PS Plastic/foam_containers/Image_199.png,3,PP Plastic,4,PS Plastic,0.6485562324523926,0.03439430147409439,0.13664180040359497,0.008864698000252247,0.17154298722743988,0.6485562324523926
/Users/aswanathjs/Downloads/test10/ai_plastic_waste_management_training/LDPE Plastic/black_white__plastic_bags/0286_jpg.rf.47aea033fd4a4d618d12ede0404ebbcc.jpg,1,LDPE Plastic,1,LDPE Plastic,0.999948263168335,3.6685625673271716e-05,0.999948263168335,5.172589112589776e-07,5.648469596053474e-06,8.985451131593436e-06
/Users/aswanathjs/Downloads/test10/ai_plastic_waste_management_training/HDPE Plastic/detergent_bottles/0098_a02b03c2d0e0f0g0h1.jpg,0,HDPE Plastic,0,HDPE Plastic,0.9999991655349731,0.9999991655349731,7.309414229439426e-08,1.220095469101068e-09,7.487331572519906e-07,3.917658197849505e-09
/Users/aswanathjs/Downloads/test10/ai_plastic_waste_management_training/HDPE Plastic/detergent_bottles/0062_a02b05c1d0e0f1g1h0.jpg,0,HDPE Plastic,0,HDPE Plastic,1.0,1.0,2.1197132937800234e-09,2.8088602554987574e-09,5.279668258140191e-09,1.2201150090263013e-09
/Users/aswanathjs/Downloads/test10/ai_plastic_waste_management_training/HDPE Plastic/milk_bottles/HDPEM9.jpg,0,HDPE Plastic,0,HDPE Plastic,0.9999887943267822,0.9999887943267822,3.7523466289712815e-07,7.774531241011573e-07,9.663226592238061e-06,3.900178739968396e-07
/Users/aswanathjs/Downloads/test10/ai_plastic_waste_management_training/HDPE Plastic/milk_bottles_grey/HDPEM9.jpg,0,HDPE Plastic,0,HDPE Plastic,0.9999134540557861,0.9999134540557861,1.5638341892554308e-06,1.4432650914386613e-06,8.324310329044238e-05,3.3548485589562915e-07
/Users/aswanathjs/Downloads/test10/ai_plastic_waste_management_training/HDPE Plastic/shampoo_bottiles_grey/0076_a02b06c1d3e0f1g0h2.jpg,0,HDPE Plastic,0,HDPE Plastic,0.9999951124191284,0.9999951124191284,1.5573571943150455e-07,9.159026035376883e-07,3.424098849791335e-06,3.115173399237392e-07
/Users/aswanathjs/Downloads/test10/ai_plastic_waste_management_training/HDPE Plastic/shampoo_bottles/0076_a02b06c1d3e0f1g0h2.jpg,0,HDPE Plastic,0,HDPE Plastic,1.0,1.0,5.266351799093627e-09,4.182199475621928e-08,1.6240196965000564e-09,1.0279147311109682e-08
"/Users/aswanathjs/Downloads/test10/ai_plastic_waste_management_training/HDPE Plastic/milk_bottles/HDPEM1,019.JPG",0,HDPE Plastic,0,HDPE Plastic,1.0,1.0,3.999403308529992e-10,2.3994967790486044e-08,4.499165928706361e-09,2.5731454300625956e-08
/Users/aswanathjs/Downloads/test10/ai_plastic_waste_management_training/HDPE Plastic/milk_bottles/HDPEM242.jpg,0,HDPE Plastic,0,HDPE Plastic,0.9999932050704956,0.9999932050704956,1.0112248816085412e-08,6.7307673816685565e-06,3.293027006634475e-08,9.504621090172805e-08
/Users/aswanathjs/Downloads/test10/ai_plastic_waste_management_training/LDPE Plastic/plastic_bags/train_LDPE-43_jpg.rf.05e0a423117f0c327191528d73f72282.jpg,1,LDPE Plastic,1,LDPE Plastic,0.9999997615814209,2.1384131798640738e-07,0.9999997615814209,2.025315470888245e-09,4.047983725996573e-09,9.607550310875013e-09
"/Users/aswanathjs/Downloads/test10/ai_plastic_waste_management_training/PET Plastic/plastic_bottles/PET1,301.jpg",2,PET Plastic,2,PET Plastic,0.9954698085784912,0.0009810349438339472,3.943195042666048e-05,0.9954698085784912,0.003497145837172866,1.2576889275806025e-05
/Users/aswanathjs/Downloads/test10/ai_plastic_waste_management_training/LDPE Plastic/plastic_bags/train_LDPE-66_jpg.rf.8fcb6cd14ee5d114c2d62f7866505c2d.jpg,1,LDPE Plastic,1,LDPE Plastic,0.9999642372131348,1.8972734324052e-05,0.9999642372131348,4.358346359367715e-06,1.1453447768872138e-05,9.370644420414465e-07
/Users/aswanathjs/Downloads/test10/ai_plastic_waste_management_training/HDPE Plastic/milk_bottles/HDPEM578.JPG,0,HDPE Plastic,0,HDPE Plastic,1.0,1.0,4.672664477567423e-10,2.5087942834289834e-10,2.4692112243762665e-10,6.916361927622461e-10
/Users/aswanathjs/Downloads/test10/ai_plastic_waste_management_training/PP Plastic/square_containers_grey/Image_74.png,3,PP Plastic,3,PP Plastic,0.9605743288993835,0.0017803735099732876,0.03600770980119705,4.6593100705649704e-05,0.9605743288993835,0.0015910376096144319
/Users/aswanathjs/Downloads/test10/ai_plastic_waste_management_training/PP Plastic/square_containers/Image_74.png,3,PP Plastic,3,PP Plastic,0.9810574054718018,0.0017630566144362092,0.015104224905371666,6.846113683423027e-05,0.9810574054718018,0.002006779657676816
/Users/aswanathjs/Downloads/test10/ai_plastic_waste_management_training/PS Plastic/foam_containers/Image_74.png,3,PP Plastic,4,PS Plastic,0.6870272755622864,0.02820337936282158,0.1177707314491272,0.010019435547292233,0.1569792628288269,0.6870272755622864
/Users/aswanathjs/Downloads/test10/ai_plastic_waste_management_training/PP Plastic/round_containers/IMG_20220209_173335.jpg,3,PP Plastic,3,PP Plastic,0.9999996423721313,2.188390268997864e-08,3.177522955866152e-07,8.255696570813598e-09,0.9999996423721313,1.2798677673231396e-08
/Users/aswanathjs/Downloads/test10/ai_plastic_waste_management_training/LDPE Plastic/plastic_bags/plasticbag (200) 17.43.56.jpg,1,LDPE Plastic,1,LDPE Plastic,0.9983124732971191,0.00158674456179142,0.9983124732971191,8.2129416114185e-05,2.539391516620526e-06,1.6180818420252763e-05
"/Users/aswanathjs/Downloads/test10/ai_plastic_waste_management_training/PET Plastic/plastic_bottles/PET1,144.jpg",2,PET Plastic,2,PET Plastic,0.9984138011932373,3.4933589631691575e-05,0.001525613944977522,0.9984138011932373,1.3841224244970363e-05,1.1806125257862732e-05
/Users/aswanathjs/Downloads/test10/ai_plastic_waste_management_training/PS Plastic/foam_containers/0058_a06b01c1d3e0f0g0h4.jpg,4,PS Plastic,4,PS Plastic,0.9999978542327881,8.43893644741911e-07,1.9116089333692798e-07,2.1126898275269923e-07,8.419402206527593e-07,0.9999978542327881
/Users/aswanathjs/Downloads/test10/ai_plastic_waste_management_training/LDPE Plastic/plastic_bags/LDPE-537_jpg.rf.83ecf1c82cca9cb78f569b07e500c87c.jpg,1,LDPE Plastic,1,LDPE Plastic,0.9999392032623291,3.541318801580928e-05,0.9999392032623291,4.507157427724451e-06,1.214553412864916e-05,8.695159522176255e-06
/Users/aswanathjs/Downloads/test10/ai_plastic_waste_management_training/PET Plastic/black_white_plastic_bottles/chuql_jpg.rf.b6c1d6870fe9d658b8bbf4a4214ee8c3.jpg,2,PET Plastic,2,PET Plastic,0.9999959468841553,2.149859028577339e-06,6.656847517660935e-07,0.9999959468841553,1.0459556278874516e-06,2.1342630418530462e-07
/Users/aswanathjs/Downloads/test10/ai_plastic_waste_management_training/PS Plastic/foam_containers/0058_a06b01c1d2e0f0g0h3.jpg,4,PS Plastic,4,PS Plastic,0.9999017715454102,4.6077417209744453e-05,5.339074959920254e-06,2.560963821451878e-06,4.423330756253563e-05,0.9999017715454102
/Users/aswanathjs/Downloads/test10/ai_plastic_waste_management_training/PP Plastic/round_containers/0044_a06b01c1d0e0f0g0h2.jpg,3,PP Plastic,3,PP Plastic,0.9993686079978943,0.0003051244711969048,2.1727080820710398e-05,0.0002563506714068353,0.9993686079978943,4.829003955819644e-05
/Users/aswanathjs/Downloads/test10/ai_plastic_waste_management_training/LDPE Plastic/plastic_bags/plasticbag (184).jpg,1,LDPE Plastic,1,LDPE Plastic,0.9988855719566345,3.927851139451377e-05,0.9988855719566345,0.00015420455019921064,0.000731550098862499,0.00018931883096229285
/Users/aswanathjs/Downloads/test10/ai_plastic_waste_management_training/HDPE Plastic/detergent_bottles/0039_a02b01c1d0e0f1g0h4.jpg,0,HDPE Plastic,0,HDPE Plastic,0.9999992847442627,0.9999992847442627,1.517342695933621e-08,1.9589412758591607e-08,7.055525657051476e-07,2.4785453689446513e-08
/Users/aswanathjs/Downloads/test10/ai_plastic_waste_management_training/PET Plastic/plastic_bottles/PET379.jpg,2,PET Plastic,2,PET Plastic,0.9999983310699463,1.0635152420945815e-06,4.1223495372832986e-07,0.9999983310699463,3.066388742922754e-08,8.518176741745265e-08
/Users/aswanathjs/Downloads/test10/ai_plastic_waste_management_training/HDPE Plastic/shampoo_bottles/0077_a02b01c1d0e0f1g0h3.jpg,0,HDPE Plastic,0,HDPE Plastic,0.9999996423721313,0.9999996423721313,7.757673614605665e-08,2.2691826018217398e-07,4.802361175393344e-09,2.2914848685218203e-08
/Users/aswanathjs/Downloads/test10/ai_plastic_waste_management_training/PET Plastic/black_white_plastic_bottles/cfkyw_jpg.rf.6d5c6c2daeb7735fbfe3a99424ffa58d.jpg,2,PET Plastic,2,PET Plastic,0.9999704360961914,2.8925398510182276e-05,8.804870077483429e-08,0.9999704360961914,5.09956066707673e-07,8.052126077018329e-08
/Users/aswanathjs/Downloads/test10/ai_plastic_waste_management_training/LDPE Plastic/plastic_bags/LDPE-319_jpg.rf.af2e37d28d1cc6ee97fece864691c83a.jpg,1,LDPE Plastic,1,LDPE Plastic,0.9999963045120239,9.577789938930437e-08,0.9999963045120239,2.595649277736811e-07,3.465408724423469e-07,3.0070273169258144e-06
/Users/aswanathjs/Downloads/test10/ai_plastic_waste_management_training/PP Plastic/round_containers/0031_a05b01c2d3e0f0g0h4.jpg,3,PP Plastic,3,PP Plastic,0.9999781847000122,7.312022262340179e-06,1.325406992691569e-05,4.885979478785885e-07,0.9999781847000122,7.76898673393589e-07
"/Users/aswanathjs/Downloads/test10/ai_plastic_waste_management_training/PET Plastic/plastic_bottles/PET1,209.jpg",2,PET Plastic,2,PET Plastic,0.9999668598175049,8.548657888240996e-07,1.146905378845986e-05,0.9999668598175049,2.0642326489905827e-05,2.321780243619287e-07
/Users/aswanathjs/Downloads/test10/ai_plastic_waste_management_training/HDPE Plastic/detergent_bottles/Image_181.png,0,HDPE Plastic,0,HDPE Plastic,0.9994840621948242,0.9994840621948242,0.00028308865148574114,3.444170215516351e-05,0.0001777015859261155,2.0778164980583824e-05
/Users/aswanathjs/Downloads/test10/ai_plastic_waste_management_training/PS Plastic/foam_containers/Image_181.png,0,HDPE Plastic,4,PS Plastic,0.7033568620681763,0.03307425230741501,0.10347264260053635,0.010535028763115406,0.14956124126911163,0.7033568620681763
/Users/aswanathjs/Downloads/test10/ai_plastic_waste_management_training/LDPE Plastic/plastic_bags/plasticbag (204) 17.43.56.jpg,1,LDPE Plastic,1,LDPE Plastic,0.991258442401886,0.003050692845135927,0.991258442401886,0.00046514003770425916,0.0020132276695221663,0.0032124901190400124
/Users/aswanathjs/Downloads/test10/ai_plastic_waste_management_training/PET Plastic/plastic_bottles/PET631.jpg,2,PET Plastic,2,PET Plastic,0.9999232292175293,2.0901199604850262e-05,4.005409664387116e-06,0.9999232292175293,4.882721259491518e-05,3.0329663331940537e-06
/Users/aswanathjs/Downloads/test10/ai_plastic_waste_management_training/PET Plastic/plastic_bottles/PET308.jpg,2,PET Plastic,2,PET Plastic,0.9998418092727661,0.00015806707961019129,2.129968379449565e-08,0.9998418092727661,1.2974095398021745e-07,1.3141715271558496e-08
/Users/aswanathjs/Downloads/test10/ai_plastic_waste_management_training/PP Plastic/round_containers/0009_a06b01c1d1e0f0g0h3.jpg,3,PP Plastic,3,PP Plastic,0.9999947547912598,5.106281150801806e-06,4.483203142058301e-08,9.058461358790737e-08,0.9999947547912598,3.278949378682228e-08
/Users/aswanathjs/Downloads/test10/ai_plastic_waste_management_training/LDPE Plastic/plastic_bags/plasticbag (168).jpg,1,LDPE Plastic,1,LDPE Plastic,0.9955033659934998,0.0007609939202666283,0.9955033659934998,4.0890292439144105e-05,0.0010492807487025857,0.0026454695034772158
/Users/aswanathjs/Downloads/test10/ai_plastic_waste_management_training/PP Plastic/round_containers/IMG_20220209_172652.jpg,3,PP Plastic,3,PP Plastic,0.9999617338180542,1.5861769497860223e-05,1.6845153368194588e-05,3.871245098707732e-06,0.9999617338180542,1.7504454490335775e-06
/Users/aswanathjs/Downloads/test10/ai_plastic_waste_management_training/PET Plastic/black_white_plastic_bottles/bxyri_jpg.rf.8c29d95bb7f65fcda3b822e338fc3896.jpg,2,PET Plastic,2,PET Plastic,0.9980179071426392,0.0019310606876388192,3.981134284458676e-07,0.9980179071426392,4.594014899339527e-05,4.7497610466962215e-06
/Users/aswanathjs/Downloads/test10/ai_plastic_waste_management_training/LDPE Plastic/plastic_bags/plasticbag (87).jpg,1,LDPE Plastic,1,LDPE Plastic,0.999987006187439,1.0740483276094892e-06,0.999987006187439,3.6357170074552414e-07,8.704917490831576e-06,2.869022409868194e-06
/Users/aswanathjs/Downloads/test10/ai_plastic_waste_management_training/LDPE Plastic/black_white__plastic_bags/0042_jpg.rf.4cf723737085255db24bde1708ce4d23.jpg,1,LDPE Plastic,1,LDPE Plastic,0.9987248778343201,0.0009410220081917942,0.9987248778343201,0.00015142635675147176,8.073476783465594e-05,0.00010190649481955916
/Users/aswanathjs/Downloads/test10/ai_plastic_waste_management_training/LDPE Plastic/plastic_bags/LDPE-106_jpg.rf.f4578063726485c1e6947d09ce6a3746.jpg,1,LDPE Plastic,1,LDPE Plastic,0.9999837875366211,2.875340442187735e-06,0.9999837875366211,5.184334668228985e-07,2.385248762948322e-06,1.0480182027094997e-05
/Users/aswanathjs/Downloads/test10/ai_plastic_waste_management_training/PET Plastic/shampoo_bottles/0100_a05b00c1d2e0f0g0h4.jpg,2,PET Plastic,2,PET Plastic,0.9999997615814209,2.1785078629932286e-08,6.549009867740097e-08,0.9999997615814209,2.0040313586378034e-07,9.537965972583606e-09
/Users/aswanathjs/Downloads/test10/ai_plastic_waste_management_training/PP Plastic/round_containers/Image_242.png,3,PP Plastic,3,PP Plastic,0.9159060716629028,0.021544167771935463,0.03736742585897446,0.011065792292356491,0.9159060716629028,0.014116569422185421
/Users/aswanathjs/Downloads/test10/ai_plastic_waste_management_training/PS Plastic/foam_containers/Image_242.png,3,PP Plastic,3,PP Plastic,0.4741657078266144,0.020746612921357155,0.08330753445625305,0.002123544691130519,0.4741657078266144,0.41965657472610474
/Users/aswanathjs/Downloads/test10/ai_plastic_waste_management_training/HDPE Plastic/detergent_bottles/0010_a02b01c2d0e0f1g0h1.jpg,0,HDPE Plastic,0,HDPE Plastic,0.9999972581863403,0.9999972581863403,2.3690079231641903e-08,5.339942958926258e-07,2.102539383486146e-06,8.185266153759585e-08
/Users/aswanathjs/Downloads/test10/ai_plastic_waste_management_training/LDPE Plastic/plastic_bags/LDPE-253_jpg.rf.8eeed4d6ddb02ae0f2dc8504754e2c37.jpg,1,LDPE Plastic,1,LDPE Plastic,0.9998825788497925,5.5079553931136616e-06,0.9998825788497925,3.0806932045379654e-05,3.140169064863585e-05,4.9719415983418e-05
/Users/aswanathjs/Downloads/test10/ai_plastic_waste_management_training/LDPE Plastic/plastic_bags/plasticbag (206) 17.43.56.jpg,1,LDPE Plastic,1,LDPE Plastic,0.9991089701652527,0.00029010092839598656,0.9991089701652527,2.3885992050054483e-05,0.00044268937199376523,0.0001343763287877664
/Users/aswanathjs/Downloads/test10/ai_plastic_waste_management_training/LDPE Plastic/black_white__plastic_bags/0137_jpg.rf.f92753e05ff11c3e94e707c8a3ad56f4.jpg,1,LDPE Plastic,1,LDPE Plastic,1.0,9.713351900586531e-09,1.0,2.153273670479905e-10,2.7016036630023166e-10,2.7851894124353294e-09
"/Users/aswanathjs/Downloads/test10/ai_plastic_waste_management_training/HDPE Plastic/milk_bottles/HDPEM1,028.JPG",0,HDPE Plastic,0,HDPE Plastic,0.9999998807907104,0.9999998807907104,3.574219809010515e-10,7.593972384256631e-08,1.539634020275571e-08,1.0001674155546425e-08
/Users/aswanathjs/Downloads/test10/ai_plastic_waste_management_training/LDPE Plastic/plastic_bags/plasticbag (86).jpg,1,LDPE Plastic,1,LDPE Plastic,0.9999666213989258,1.588962913956493e-05,0.9999666213989258,1.7439913335692836e-07,6.367266905726865e-06,1.1030751920770854e-05
/Users/aswanathjs/Downloads/test10/ai_plastic_waste_management_training/PET Plastic/black_white_plastic_bottles/bzhgf_jpg.rf.66b7133b3e949d055927c935f47dd537.jpg,2,PET Plastic,2,PET Plastic,0.9999953508377075,3.87991349271033e-06,4.708579695034132e-07,0.9999953508377075,7.254607936602042e-08,1.8693319248086482e-07
/Users/aswanathjs/Downloads/test10/ai_plastic_waste_management_training/LDPE Plastic/plastic_bags/plasticbag (51).jpg,1,LDPE Plastic,1,LDPE Plastic,0.9989966750144958,6.107825902290642e-05,0.9989966750144958,6.317396037047729e-05,0.0002895631187129766,0.0005895636277273297
/Users/aswanathjs/Downloads/test10/ai_plastic_waste_management_training/PET Plastic/shampoo_bottles/0015_a05b00c2d1e1f1g0h4.jpg,2,PET Plastic,2,PET Plastic,1.0,3.1296114144652165e-08,2.463481640901932e-10,1.0,1.3975974155755466e-08,5.272181358151329e-09
/Users/aswanathjs/Downloads/test10/ai_plastic_waste_management_training/HDPE Plastic/shampoo_bottles/0075_a02b01c2d2e0f0g0h4.jpg,0,HDPE Plastic,0,HDPE Plastic,1.0,1.0,3.913530832733159e-09,1.9502449433161928e-08,2.6326425484057836e-09,1.6908897393363986e-08
/Users/aswanathjs/Downloads/test10/ai_plastic_waste_management_training/HDPE Plastic/milk_bottles/HDPEM237.jpg,0,HDPE Plastic,0,HDPE Plastic,0.9999990463256836,0.9999990463256836,2.449748315314082e-08,1.4123932601251e-07,6.830978804828192e-07,1.2330714582731161e-07
/Users/aswanathjs/Downloads/test10/ai_plastic_waste_management_training/PS Plastic/foam_sheets/PS-847_jpg.rf.cb27aa7ea11220268ad1992fe46ed8d1.jpg,4,PS Plastic,4,PS Plastic,1.0,4.158924227226635e-08,2.7233184596298088e-09,6.562583809710532e-10,1.5250783969023018e-09,1.0
/Users/aswanathjs/Downloads/test10/ai_plastic_waste_management_training/PS Plastic/foam_sheets/PS-791_jpg.rf.5e4f77251dd72bd862664be3a8d4301e.jpg,4,PS Plastic,4,PS Plastic,0.9999353885650635,1.7007694623316638e-05,1.4639821529272012e-05,1.2373225217743311e-06,3.178606857545674e-05,0.9999353885650635
/Users/aswanathjs/Downloads/test10/ai_plastic_waste_management_training/PET Plastic/shampoo_bottles/0050_a05b00c1d0e1f1g0h1.jpg,2,PET Plastic,2,PET Plastic,1.0,5.485703002960918e-10,4.2660541765826565e-11,1.0,1.9253651450945597e-10,8.455495852099926e-12
/Users/aswanathjs/Downloads/test10/ai_plastic_waste_management_training/LDPE Plastic/black_white__plastic_bags/0267_jpg.rf.8460d76bd44dd351f132c97c25e204e3.jpg,1,LDPE Plastic,1,LDPE Plastic,0.9999852180480957,8.715783224033657e-06,0.9999852180480957,1.635937110222585e-07,4.5931884073979745e-08,5.91991147302906e-06
/Users/aswanathjs/Downloads/test10/ai_plastic_waste_management_training/LDPE Plastic/bubble_wrap/train_LDPE-83_jpg.rf.fe50b5acfd4114360ab6f1021e88f3bd.jpg,1,LDPE Plastic,1,LDPE Plastic,0.9999998807907104,1.9999580658236482e-08,0.9999998807907104,1.1208445016563928e-07,1.4139799553447574e-08,1.0548746320893088e-09
"/Users/aswanathjs/Downloads/test10/ai_plastic_waste_management_training/PET Plastic/plastic_bottles/PET1,369.jpg",2,PET Plastic,2,PET Plastic,1.0,1.638300872741638e-08,2.702794099640471e-10,1.0,3.4149483241208145e-08,2.5859153707230575e-10
/Users/aswanathjs/Downloads/test10/ai_plastic_waste_management_training/LDPE Plastic/plastic_bags/train_LDPE-14_jpg.rf.a876535eec566939f48f88ce038d9266.jpg,1,LDPE Plastic,1,LDPE Plastic,0.9999994039535522,5.823000606142159e-07,0.9999994039535522,3.57112135418447e-08,9.791285116023118e-09,2.626827644292007e-09
/Users/aswanathjs/Downloads/test10/ai_plastic_waste_management_training/PP Plastic/round_containers/0035_a06b01c1d2e0f0g0h2.jpg,3,PP Plastic,3,PP Plastic,0.9998480081558228,4.427169187692925e-05,1.2699581930064596e-05,9.221576328855008e-05,0.9998480081558228,2.7837083962367615e-06
/Users/aswanathjs/Downloads/test10/ai_plastic_waste_management_training/PP Plastic/round_containers_grey/0035_a06b01c1d2e0f0g0h2.jpg,3,PP Plastic,3,PP Plastic,0.9979702830314636,0.001930908882059157,3.281594763393514e-05,3.3273994631599635e-05,0.9979702830314636,3.2643303711665794e-05
/Users/aswanathjs/Downloads/test10/ai_plastic_waste_management_training/HDPE Plastic/milk_bottles/HDPEM576.JPG,0,HDPE Plastic,0,HDPE Plastic,0.9999995231628418,0.9999995231628418,8.168020571019952e-08,2.756924857294507e-07,1.7559772302888632e-08,6.5304476493111e-08
/Users/aswanathjs/Downloads/test10/ai_plastic_waste_management_training/LDPE Plastic/bin_bags/Image_10.png,1,LDPE Plastic,1,LDPE Plastic,0.9983362555503845,0.0009408115292899311,0.9983362555503845,7.536583143519238e-05,0.0005263227503746748,0.00012130824325140566
/Users/aswanathjs/Downloads/test10/ai_plastic_waste_management_training/LDPE Plastic/bin_bags_grey/Image_10.png,1,LDPE Plastic,1,LDPE Plastic,0.9975098371505737,0.0016397236613556743,0.9975098371505737,0.00010383128392277285,0.0006559091852977872,9.067664359463379e-05
/Users/aswanathjs/Downloads/test10/ai_plastic_waste_management_training/PS Plastic/foam_containers/Image_10.png,1,LDPE Plastic,1,LDPE Plastic,0.4450526237487793,0.026385145261883736,0.4450526237487793,0.00552289979532361,0.2177722305059433,0.3052671551704407
/Users/aswanathjs/Downloads/test10/ai_plastic_waste_management_training/HDPE Plastic/detergent_bottles/0010_a02b01c1d3e0f1g0h1.jpg,0,HDPE Plastic,0,HDPE Plastic,0.9999998807907104,0.9999998807907104,3.206979126701981e-10,2.2550178738200977e-11,9.363612463175741e-08,4.4914549857111297e-10
/Users/aswanathjs/Downloads/test10/ai_plastic_waste_management_training/PP Plastic/square_containers/IMG_20220209_175433.jpg,3,PP Plastic,3,PP Plastic,0.9999997615814209,1.4693652872210805e-07,5.963279203768934e-09,3.2335158550722554e-08,0.9999997615814209,1.8481598473840677e-08
/Users/aswanathjs/Downloads/test10/ai_plastic_waste_management_training/PS Plastic/foam_containers/styrofoam-6-_jpg.rf.3ff80f8b896c6df2923dce53f0c2db16.jpg,4,PS Plastic,4,PS Plastic,0.9993731379508972,0.00015013385564088821,0.0002331594005227089,2.4604763893876225e-05,0.00021892960648983717,0.9993731379508972
/Users/aswanathjs/Downloads/test10/ai_plastic_waste_management_training/HDPE Plastic/milk_bottles/HDPEM33.jpg,0,HDPE Plastic,0,HDPE Plastic,1.0,1.0,7.1173161808602e-10,4.4039361046799286e-10,1.0634362279660081e-09,1.1799085042341062e-09
/Users/aswanathjs/Downloads/test10/ai_plastic_waste_management_training/HDPE Plastic/milk_bottles_grey/HDPEM33.jpg,0,HDPE Plastic,0,HDPE Plastic,1.0,1.0,1.2017901118710483e-09,1.0841309100451113e-10,1.6936282931645508e-10,9.285704427597352e-10
"/Users/aswanathjs/Downloads/test10/ai_plastic_waste_management_training/PET Plastic/plastic_bottles/PET1,102.jpg",2,PET Plastic,2,PET Plastic,0.9995973706245422,2.1478621420101263e-05,7.717124390183017e-05,0.9995973706245422,0.0002953830116894096,8.697062185092364e-06
/Users/aswanathjs/Downloads/test10/ai_plastic_waste_management_training/PET Plastic/black_white_plastic_bottles/arzcn_jpg.rf.c4661e68ec2e12269599fae5dfd497c6.jpg,2,PET Plastic,2,PET Plastic,0.99955815076828,0.0003023615572601557,1.3315329949747934e-09,0.99955815076828,0.0001393557759001851,2.083547556708254e-08
/Users/aswanathjs/Downloads/test10/ai_plastic_waste_management_training/PP Plastic/rectangle_containers/0011_a05b00c1d3e0f0g0h1.jpg,3,PP Plastic,3,PP Plastic,0.999824583530426,4.2356346966698766e-05,1.0464791557751596e-05,0.00012024547322653234,0.999824583530426,2.3288016564038116e-06
/Users/aswanathjs/Downloads/test10/ai_plastic_waste_management_training/PP Plastic/square_containers/0011_a05b00c1d3e0f0g0h1.jpg,3,PP Plastic,3,PP Plastic,0.999824583530426,4.2356346966698766e-05,1.0464791557751596e-05,0.00012024547322653234,0.999824583530426,2.3288016564038116e-06
/Users/aswanathjs/Downloads/test10/ai_plastic_waste_management_training/HDPE Plastic/milk_bottles/HDPEM5.jpg,0,HDPE Plastic,0,HDPE Plastic,1.0,1.0,5.0749623253798504e-11,1.7305490374042165e-08,1.7744943014985637e-10,1.453637299420052e-08
/Users/aswanathjs/Downloads/test10/ai_plastic_waste_management_training/PET Plastic/shampoo_bottles/0050_a05b00c2d1e1f1g0h1.jpg,2,PET Plastic,2,PET Plastic,1.0,5.314312101489804e-09,1.733037741091792e-10,1.0,3.167253959102112e-10,4.47798916003439e-11
/Users/aswanathjs/Downloads/test10/ai_plastic_waste_management_training/PET Plastic/shampoo_bottles/0015_a05b00c1d1e1f1g0h4.jpg,2,PET Plastic,2,PET Plastic,0.9999991655349731,3.92904354384882e-07,8.397576856111755e-09,0.9999991655349731,3.8624969533884723e-07,1.3506526386208861e-07
/Users/aswanathjs/Downloads/test10/ai_plastic_waste_management_training/LDPE Plastic/bubble_wrap/LDPE-91_jpg.rf.915815c1413d6cdea49535a8432b63b7.jpg,1,LDPE Plastic,1,LDPE Plastic,0.9999986886978149,3.7788976214869763e-07,0.9999986886978149,6.504538987428532e-07,1.9311066523641784e-07,7.017509773277197e-08
/Users/aswanathjs/Downloads/test10/ai_plastic_waste_management_training/LDPE Plastic/bubble_wrap/LDPE-91_jpg.rf.34bb125c36626877982abec0935eb1d2.jpg,1,LDPE Plastic,1,LDPE Plastic,0.9999711513519287,7.962147719808854e-06,0.9999711513519287,1.4953053323552012e-05,4.3911568354815245e-06,1.5020634691609303e-06
/Users/aswanathjs/Downloads/test10/ai_plastic_waste_management_training/PP Plastic/irregular_containers/test_PP-6_jpg.rf.e9c7aab583a3e22396ac160a86c7d405.jpg,3,PP Plastic,3,PP Plastic,0.9997658133506775,3.7829768189112656e-06,0.00021331850439310074,4.816311047761701e-06,0.9997658133506775,1.2248092389199883e-05
/Users/aswanathjs/Downloads/test10/ai_plastic_waste_management_training/LDPE Plastic/bubble_wrap_grey/LDPE-77_jpg.rf.d66469f05d460c88c6a1a36949f21e3c.jpg,1,LDPE Plastic,1,LDPE Plastic,1.0,1.865396725975188e-08,1.0,1.4205760123786604e-08,4.8750152359389176e-08,1.2648077252208623e-08
/Users/aswanathjs/Downloads/test10/ai_plastic_waste_management_training/LDPE Plastic/bubble_wrap/LDPE-77_jpg.rf.d66469f05d460c88c6a1a36949f21e3c.jpg,1,LDPE Plastic,1,LDPE Plastic,1.0,5.040527994992772e-09,1.0,5.16972775699287e-08,2.815371935582789e-09,1.4074517107331985e-09
/Users/aswanathjs/Downloads/test10/ai_plastic_waste_management_training/PET Plastic/black_white_plastic_bottles/aypnv_jpg.rf.b4cc678e17903950b162937b75035db4.jpg,2,PET Plastic,2,PET Plastic,0.9999858140945435,6.614258381887339e-06,4.059769480591058e-07,0.9999858140945435,6.245655640668701e-06,9.001333296509983e-07
/Users/aswanathjs/Downloads/test10/ai_plastic_waste_management_training/PS Plastic/foam_sheets/Plastic_374_jpg.rf.7c9b707893e204933fb8037c1a830167.jpg,4,PS Plastic,4,PS Plastic,0.9999995231628418,5.232912485553243e-07,7.003031043950614e-09,4.475361858879978e-09,1.2827127381098702e-11,0.9999995231628418
/Users/aswanathjs/Downloads/test10/ai_plastic_waste_management_training/PS Plastic/form_sheets_grey/Plastic_374_jpg.rf.7c9b707893e204933fb8037c1a830167.jpg,4,PS Plastic,4,PS Plastic,0.999998927116394,1.0769895197881851e-06,1.3578168811534397e-08,2.277955823970501e-09,2.4309816312739763e-11,0.999998927116394
/Users/aswanathjs/Downloads/test10/ai_plastic_waste_management_training/PET Plastic/black_white_plastic_bottles/clxev_jpg.rf.06e5e02bf5366d2d7be3947593572ca2.jpg,2,PET Plastic,2,PET Plastic,0.9999544620513916,3.706378265633248e-05,1.1059104281230248e-06,0.9999544620513916,7.022361387498677e-06,3.19098404588658e-07
/Users/aswanathjs/Downloads/test10/ai_plastic_waste_management_training/HDPE Plastic/detergent_bottles/0039_a02b01c1d0e0f1g0h3.jpg,0,HDPE Plastic,0,HDPE Plastic,1.0,1.0,1.423897666441576e-10,2.541304056080662e-09,5.043894191203435e-09,2.963963519064805e-10
/Users/aswanathjs/Downloads/test10/ai_plastic_waste_management_training/PS Plastic/foam_sheets/PS-598_jpg.rf.bf94cc5f042d582ff2fb487a57b0adab.jpg,4,PS Plastic,4,PS Plastic,0.9999994039535522,5.09218523347954e-07,7.234572763081815e-08,1.0302714237298005e-08,5.945809622431852e-09,0.9999994039535522
/Users/aswanathjs/Downloads/test10/ai_plastic_waste_management_training/PS Plastic/form_sheets_grey/PS-598_jpg.rf.bf94cc5f042d582ff2fb487a57b0adab.jpg,4,PS Plastic,4,PS Plastic,0.9999998807907104,8.327836553689849e-08,6.346219549868692e-09,2.3023931650101304e-09,5.51485634936455e-10,0.9999998807907104
/Users/aswanathjs/Downloads/test10/ai_plastic_waste_management_training/HDPE Plastic/milk_bottles/HDPEM560.JPG,0,HDPE Plastic,0,HDPE Plastic,0.9999971389770508,0.9999971389770508,3.451089725103884e-08,2.777599547698628e-06,5.4334154953039615e-09,6.507777072783938e-08
/Users/aswanathjs/Downloads/test10/ai_plastic_waste_management_training/LDPE Plastic/plastic_bags/plasticbag (46).jpg,1,LDPE Plastic,1,LDPE Plastic,0.9922174215316772,0.0014198854332789779,0.9922174215316772,9.813076758291572e-05,0.006032533477991819,0.00023208765196613967
/Users/aswanathjs/Downloads/test10/ai_plastic_waste_management_training/HDPE Plastic/shampoo_bottles/0061_a02b01c2d2e0f1g0h0.jpg,0,HDPE Plastic,0,HDPE Plastic,0.9999328851699829,0.9999328851699829,5.196160600462463e-06,2.4277724151033908e-05,6.925495654286351e-06,3.0597893783124164e-05
"/Users/aswanathjs/Downloads/test10/ai_plastic_waste_management_training/PET Plastic/plastic_bottles/PET1,288.jpg",2,PET Plastic,2,PET Plastic,0.9999923706054688,7.4549088822095655e-06,1.4458726660393495e-08,0.9999923706054688,5.952669823727774e-08,8.539235984983407e-09
/Users/aswanathjs/Downloads/test10/ai_plastic_waste_management_training/PET Plastic/black_white_plastic_bottles/bhuzk_jpg.rf.3868bdbb5e5ba127ce9b36e9dfb53e94.jpg,2,PET Plastic,2,PET Plastic,0.9992935657501221,0.00013483020302373916,4.223521682433784e-05,0.9992935657501221,0.000517320993822068,1.2102011169190519e-05
/Users/aswanathjs/Downloads/test10/ai_plastic_waste_management_training/LDPE Plastic/plastic_bags/plasticbag (175).jpg,1,LDPE Plastic,1,LDPE Plastic,0.9996289014816284,0.00016862148186191916,0.9996289014816284,4.541344878816744e-06,3.271596506237984e-05,0.00016510554996784776
/Users/aswanathjs/Downloads/test10/ai_plastic_waste_management_training/PP Plastic/round_containers/Image_222.png,3,PP Plastic,3,PP Plastic,0.9774861335754395,0.002256775740534067,0.01654784381389618,0.0007808340596966445,0.9774861335754395,0.0029283275362104177
/Users/aswanathjs/Downloads/test10/ai_plastic_waste_management_training/PS Plastic/foam_containers/Image_222.png,3,PP Plastic,3,PP Plastic,0.503239095211029,0.0423533171415329,0.15213072299957275,0.004083346109837294,0.503239095211029,0.2981935441493988
/Users/aswanathjs/Downloads/test10/ai_plastic_waste_management_training/HDPE Plastic/milk_bottles/HDPEM379.jpg,0,HDPE Plastic,0,HDPE Plastic,1.0,1.0,9.277207890789896e-10,3.531193337735772e-09,1.3735794723856998e-09,3.911941437451105e-09
/Users/aswanathjs/Downloads/test10/ai_plastic_waste_management_training/PS Plastic/foam_sheets/IMG_9382_JPG.rf.2e58780011c7f1823dd651bb9d096a92.jpg,4,PS Plastic,4,PS Plastic,1.0,2.7837102414829396e-11,1.1557612644708115e-09,1.8762114084580617e-09,2.6021050006548585e-13,1.0
/Users/aswanathjs/Downloads/test10/ai_plastic_waste_management_training/PS Plastic/foam_sheets/IMG_9382_JPG.rf.0146aab836c2b5929cefcef9bda8795e.jpg,4,PS Plastic,4,PS Plastic,1.0,4.929303493161896e-11,3.581008059527768e-11,1.6150892845345766e-09,2.776029731609009e-13,1.0
/Users/aswanathjs/Downloads/test10/ai_plastic_waste_management_training/PS Plastic/foam_sheets/IMG_9382_JPG.rf.1bb8c48b13b03520409e0ed2f264feac.jpg,4,PS Plastic,4,PS Plastic,0.9999970197677612,2.0520401378121278e-08,1.658402339899112e-07,2.9017801352893002e-06,1.2215224387546186e-09,0.9999970197677612
/Users/aswanathjs/Downloads/test10/ai_plastic_waste_management_training/PS Plastic/foam_containers/plastic-25-_jpg.rf.ecbfd6ae6049fae35058910b4c667702.jpg,4,PS Plastic,4,PS Plastic,0.9998646974563599,0.00011641439778031781,1.0401205145171843e-05,1.3587758758148993e-06,7.089001428539632e-06,0.9998646974563599
/Users/aswanathjs/Downloads/test10/ai_plastic_waste_management_training/LDPE Plastic/plastic_bags/LDPE-197_jpg.rf.faf242034ca59e2c49ef45382e1314db.jpg,1,LDPE Plastic,1,LDPE Plastic,0.9999817609786987,2.4687474251550157e-06,0.9999817609786987,6.99650854585343e-06,8.297505701193586e-06,4.854969120060559e-07
/Users/aswanathjs/Downloads/test10/ai_plastic_waste_management_training/PET Plastic/shampoo_bottles/0080_a05b00c1d1e0f1g0h2.jpg,2,PET Plastic,2,PET Plastic,0.9999545812606812,4.486793841351755e-05,6.1320521993479815e-09,0.9999545812606812,2.0774626818820252e-07,3.504640631035727e-07
"/Users/aswanathjs/Downloads/test10/ai_plastic_waste_management_training/PET Plastic/plastic_bottles/PET1,716.jpg",2,PET Plastic,2,PET Plastic,0.8187791705131531,0.12062447518110275,0.0005117427208460867,0.8187791705131531,0.05736808478832245,0.0027165121864527464
/Users/aswanathjs/Downloads/test10/ai_plastic_waste_management_training/HDPE Plastic/shampoo_bottles/0023_a02b01c2d2e0f1g0h4.jpg,0,HDPE Plastic,0,HDPE Plastic,1.0,1.0,6.787087558635108e-11,2.7265825153222067e-09,1.4351338173401729e-10,4.847001133789774e-10
/Users/aswanathjs/Downloads/test10/ai_plastic_waste_management_training/PS Plastic/foam_containers/Image_4.png,4,PS Plastic,4,PS Plastic,0.7714987993240356,0.013732402585446835,0.059037912636995316,0.0034140103962272406,0.15231694281101227,0.7714987993240356
/Users/aswanathjs/Downloads/test10/ai_plastic_waste_management_training/HDPE Plastic/shampoo_bottles/0075_a02b01c2d1e0f0g0h2.jpg,0,HDPE Plastic,0,HDPE Plastic,0.9999662637710571,0.9999662637710571,1.4218352362149744e-07,3.2539464882574975e-05,2.622618069381133e-07,7.847999086152413e-07
/Users/aswanathjs/Downloads/test10/ai_plastic_waste_management_training/PP Plastic/irregular_containers/train_PP-92_jpg.rf.5f472e8c84612e55a130776ea1494b21.jpg,3,PP Plastic,3,PP Plastic,0.9999978542327881,3.63852059592773e-09,1.690063982096035e-06,4.331622847075778e-07,0.9999978542327881,1.8203910601144457e-09
/Users/aswanathjs/Downloads/test10/ai_plastic_waste_management_training/HDPE Plastic/milk_bottles/HDPEM70.jpg,0,HDPE Plastic,0,HDPE Plastic,1.0,1.0,2.1787087758906587e-11,9.275013534981724e-10,1.3632022177745284e-09,6.563285470662095e-10
/Users/aswanathjs/Downloads/test10/ai_plastic_waste_management_training/PP Plastic/round_containers/0035_a06b01c2d3e0f0g0h0.jpg,3,PP Plastic,3,PP Plastic,0.9999879598617554,5.621860509563703e-06,1.863786565081682e-06,4.148373136558803e-06,0.9999879598617554,4.1798546135396464e-07
/Users/aswanathjs/Downloads/test10/ai_plastic_waste_management_training/LDPE Plastic/plastic_bags/LDPE-335_jpg.rf.c657126f85ac684b8a51d0e9ed4b6549.jpg,1,LDPE Plastic,1,LDPE Plastic,0.9999957084655762,1.3653159669502202e-07,0.9999957084655762,4.322139659507229e-07,9.334370929536817e-07,2.813294941006461e-06
/Users/aswanathjs/Downloads/test10/ai_plastic_waste_management_training/PET Plastic/black_white_plastic_bottles/btiuz_jpg.rf.6f7fe1fe260cc958a7df41f906ab0952.jpg,2,PET Plastic,2,PET Plastic,0.9999990463256836,5.6493007605240564e-08,1.5761372651468264e-07,0.9999990463256836,6.278581281549123e-07,8.229001480231091e-08
/Users/aswanathjs/Downloads/test10/ai_plastic_waste_management_training/HDPE Plastic/shampoo_bottles/0063_a02b01c2d2e0f1g1h4.jpg,0,HDPE Plastic,0,HDPE Plastic,0.9999758005142212,0.9999758005142212,1.6773370816736133e-06,4.652773441193858e-06,4.63539436168503e-06,1.3200842658989131e-05
/Users/aswanathjs/Downloads/test10/ai_plastic_waste_management_training/HDPE Plastic/shampoo_bottles/0061_a02b01c2d1e0f1g0h0(1).jpg,0,HDPE Plastic,0,HDPE Plastic,0.9999321699142456,0.9999321699142456,1.098182110581547e-06,5.7946399465436116e-05,2.8366113724587194e-07,8.426484782830812e-06
/Users/aswanathjs/Downloads/test10/ai_plastic_waste_management_training/PS Plastic/foam_sheets/PS-681_jpg.rf.db9c77132f01078daabb3d623bcb1404.jpg,4,PS Plastic,4,PS Plastic,0.9999703168869019,2.384876825090032e-05,3.898569502780447e-06,1.0585112022454268e-06,8.780790494711255e-07,0.9999703168869019
/Users/aswanathjs/Downloads/test10/ai_plastic_waste_management_training/HDPE Plastic/shampoo_bottles/0065_a02b03c1d1e0f1g0h4.jpg,0,HDPE Plastic,0,HDPE Plastic,1.0,1.0,2.2979237870174307e-12,2.2176271236018508e-12,2.5331760994395935e-11,5.116538703137108e-12
/Users/aswanathjs/Downloads/test10/ai_plastic_waste_management_training/HDPE Plastic/shampoo_bottles/0061_a02b01c1d1e0f1g0h0.jpg,0,HDPE Plastic,0,HDPE Plastic,0.9999964237213135,0.9999964237213135,1.9228180292429897e-07,2.9121217721694848e-06,2.4626061190247128e-08,5.252259711596707e-07
/Users/aswanathjs/Downloads/test10/ai_plastic_waste_management_training/HDPE Plastic/shampoo_bottles/0099_a02b01c1d1e0f1g0h2.jpg,0,HDPE Plastic,0,HDPE Plastic,1.0,1.0,2.2430670168493982e-11,2.351503540498623e-11,2.6809068853772544e-10,2.5136318027030313e-10
/Users/aswanathjs/Downloads/test10/ai_plastic_waste_management_training/PS Plastic/foam_containers/styrofoam-146-_jpg.rf.d36286be5c6faa07b3b08e9d2db1f2e8.jpg,4,PS Plastic,4,PS Plastic,0.9988996982574463,3.2305735658155754e-05,0.0008869111770763993,3.604466837714426e-05,0.00014496360381599516,0.9988996982574463
/Users/aswanathjs/Downloads/test10/ai_plastic_waste_management_training/PET Plastic/plastic_bottles/PET409.jpg,2,PET Plastic,2,PET Plastic,1.0,1.7875201763217774e-08,1.8577582805434645e-09,1.0,4.466342407027923e-09,1.89282918228173e-08
/Users/aswanathjs/Downloads/test10/ai_plastic_waste_management_training/LDPE Plastic/plastic_bags/LDPE-11_jpg.rf.d94340e9ba81308d1fba7d70f9db0c95.jpg,1,LDPE Plastic,1,LDPE Plastic,0.9995549321174622,0.00015050798538140953,0.9995549321174622,1.4798059055465274e-05,0.00019898719619959593,8.080787665676326e-05
/Users/aswanathjs/Downloads/test10/ai_plastic_waste_management_training/PET Plastic/black_white_plastic_bottles/anqtx_jpg.rf.cbcf255b192a0ba133ddd650f350098b.jpg,2,PET Plastic,2,PET Plastic,0.9999853372573853,1.3326790394785348e-05,5.910473888093293e-08,0.9999853372573853,4.0305221205017006e-07,8.814307079774153e-07
"/Users/aswanathjs/Downloads/test10/ai_plastic_waste_management_training/PET Plastic/plastic_bottles/PET1,454.jpg",2,PET Plastic,2,PET Plastic,0.9999334812164307,5.473048076964915e-06,1.213338350680715e-06,0.9999334812164307,5.8556215662974864e-05,1.2675153584496002e-06
/Users/aswanathjs/Downloads/test10/ai_plastic_waste_management_training/PET Plastic/plastic_bottles/PET424.jpg,2,PET Plastic,2,PET Plastic,1.0,2.81872090113211e-08,1.7941971242052546e-09,1.0,1.4155586924857744e-08,6.345300729293513e-09
/Users/aswanathjs/Downloads/test10/ai_plastic_waste_management_training/PET Plastic/plastic_bottles/PET844.jpg,2,PET Plastic,2,PET Plastic,1.0,4.4679801192160085e-08,2.118100805859058e-09,1.0,2.6698248056788998e-09,7.121936818066388e-09
/Users/aswanathjs/Downloads/test10/ai_plastic_waste_management_training/PET Plastic/black_white_plastic_bottles/azgkq_jpg.rf.f136cd0c1c88c3fa2b91f3d3506ec860.jpg,2,PET Plastic,2,PET Plastic,0.9999858140945435,2.8072797704226105e-06,2.0611705622286536e-06,0.9999858140945435,4.838901077164337e-06,4.466677637537941e-06
/Users/aswanathjs/Downloads/test10/ai_plastic_waste_management_training/HDPE Plastic/shampoo_bottles/0076_a02b06c1d1e0f1g0h1.jpg,0,HDPE Plastic,0,HDPE Plastic,0.9999997615814209,0.9999997615814209,7.892817066590396e-09,2.3189818421087693e-07,1.3785791397324942e-09,6.002511820923928e-09
/Users/aswanathjs/Downloads/test10/ai_plastic_waste_management_training/PP Plastic/round_containers/IMG_20220209_175549.jpg,3,PP Plastic,3,PP Plastic,0.9999037981033325,9.401116585650016e-06,1.1671781066979747e-05,7.358405127888545e-05,0.9999037981033325,1.4821695231148624e-06
/Users/aswanathjs/Downloads/test10/ai_plastic_waste_management_training/PET Plastic/plastic_bottles/PET743.jpg,2,PET Plastic,2,PET Plastic,0.9999998807907104,1.5318346413550898e-07,3.967600026300033e-09,0.9999998807907104,2.5982416218539583e-09,2.730073944690048e-09
"/Users/aswanathjs/Downloads/test10/ai_plastic_waste_management_training/PET Plastic/plastic_bottles/PET1,493.jpg",2,PET Plastic,2,PET Plastic,0.9993970394134521,1.601522308192216e-05,3.0251712814788334e-05,0.9993970394134521,0.0005538922268897295,2.749055738604511e-06
/Users/aswanathjs/Downloads/test10/ai_plastic_waste_management_training/LDPE Plastic/bin_bags/Image_28.png,1,LDPE Plastic,1,LDPE Plastic,0.9957868456840515,0.001052806037478149,0.9957868456840515,4.452914799912833e-05,0.002870319876819849,0.00024549823137931526
/Users/aswanathjs/Downloads/test10/ai_plastic_waste_management_training/LDPE Plastic/bin_bags_grey/Image_28.png,1,LDPE Plastic,1,LDPE Plastic,0.9989515542984009,0.0006657367921434343,0.9989515542984009,6.821910210419446e-05,0.0002490083279553801,6.545436917804182e-05
/Users/aswanathjs/Downloads/test10/ai_plastic_waste_management_training/PP Plastic/square_containers/Image_28.png,1,LDPE Plastic,1,LDPE Plastic,0.8425846695899963,0.037659935653209686,0.8425846695899963,0.00010733064118539914,0.1160828024148941,0.003565161256119609
/Users/aswanathjs/Downloads/test10/ai_plastic_waste_management_training/PS Plastic/foam_containers/Image_28.png,1,LDPE Plastic,4,PS Plastic,0.5970123410224915,0.04574507102370262,0.15872631967067719,0.013825508765876293,0.18469074368476868,0.5970123410224915
/Users/aswanathjs/Downloads/test10/ai_plastic_waste_management_training/PET Plastic/shampoo_bottles/0015_a05b00c2d3e1f1g0h4.jpg,2,PET Plastic,2,PET Plastic,1.0,2.836346435497461e-11,8.401099954591373e-11,1.0,4.475632711664623e-11,4.076818310022601e-12
/Users/aswanathjs/Downloads/test10/ai_plastic_waste_management_training/PP Plastic/round_containers/IMG_20220209_174613.jpg,3,PP Plastic,3,PP Plastic,0.999996542930603,7.260337042680476e-07,2.529618086555274e-06,1.7478147640304087e-07,0.999996542930603,1.6840283834085312e-08
/Users/aswanathjs/Downloads/test10/ai_plastic_waste_management_training/LDPE Plastic/plastic_bags/plasticbag (175) 17.43.56.jpg,1,LDPE Plastic,1,LDPE Plastic,0.9996289014816284,0.00016862148186191916,0.9996289014816284,4.541344878816744e-06,3.271596506237984e-05,0.00016510554996784776
/Users/aswanathjs/Downloads/test10/ai_plastic_waste_management_training/PET Plastic/black_white_plastic_bottles/cygfe_jpg.rf.ad934076b94a97081431c252e4d5cc76.jpg,2,PET Plastic,2,PET Plastic,0.8669139742851257,0.13060268759727478,2.4637487513246015e-05,0.8669139742851257,0.002303884131833911,0.00015484061441384256
/Users/aswanathjs/Downloads/test10/ai_plastic_waste_management_training/LDPE Plastic/black_white__plastic_bags/0245_jpg.rf.6b385ecc888013fb1365e18bcd46b90c.jpg,1,LDPE Plastic,1,LDPE Plastic,0.994304358959198,0.004489816725254059,0.994304358959198,1.7285041394643486e-05,0.00019539885397534817,0.0009930840460583568
/Users/aswanathjs/Downloads/test10/ai_plastic_waste_management_training/PET Plastic/black_white_plastic_bottles/anywh_jpg.rf.1eaddc19d9ebf4d7e29061e1f31f8ffa.jpg,2,PET Plastic,2,PET Plastic,0.9914370179176331,0.0004294815589673817,0.000985931372269988,0.9914370179176331,0.006592320743948221,0.0005552259390242398
/Users/aswanathjs/Downloads/test10/ai_plastic_waste_management_training/PP Plastic/square_containers_grey/Image_44.png,3,PP Plastic,3,PP Plastic,0.9999977350234985,2.1601222215394955e-06,1.3427317924197268e-07,1.6053099960444683e-09,0.9999977350234985,9.892938024336217e-09
/Users/aswanathjs/Downloads/test10/ai_plastic_waste_management_training/PP Plastic/square_containers/Image_44.png,3,PP Plastic,3,PP Plastic,0.9999995231628418,3.851904466500855e-07,1.2179579300664045e-07,3.7563305244070477e-10,0.9999995231628418,7.287193071192632e-10
/Users/aswanathjs/Downloads/test10/ai_plastic_waste_management_training/PS Plastic/foam_containers/Image_44.png,3,PP Plastic,4,PS Plastic,0.5303524732589722,0.026766501367092133,0.05054455250501633,0.001899896189570427,0.3904366195201874,0.5303524732589722
/Users/aswanathjs/Downloads/test10/ai_plastic_waste_management_training/LDPE Plastic/black_white__plastic_bags/0201_jpg.rf.b8da2e523f14514e4825c9b6a8543088.jpg,1,LDPE Plastic,1,LDPE Plastic,0.9999934434890747,1.9566391529224347e-06,0.9999934434890747,1.524103083738737e-07,3.554610657374724e-06,9.139178587247443e-07
/Users/aswanathjs/Downloads/test10/ai_plastic_waste_management_training/PP Plastic/irregular_containers/train_PP-56_jpg.rf.ac7ac497caeb9273fdfab3b6b0401f97.jpg,3,PP Plastic,3,PP Plastic,0.9999904632568359,1.4302262343335315e-06,9.354577059639269e-07,7.013792128418572e-06,0.9999904632568359,1.7997101053879305e-07
/Users/aswanathjs/Downloads/test10/ai_plastic_waste_management_training/LDPE Plastic/plastic_bags/P_W (1398).jpg,1,LDPE Plastic,1,LDPE Plastic,0.9973288774490356,0.00014460898819379508,0.9973288774490356,6.017022315063514e-05,0.0003844008897431195,0.002081987215206027
/Users/aswanathjs/Downloads/test10/ai_plastic_waste_management_training/HDPE Plastic/shampoo_bottles/0099_a02b01c1d2e0f1g0h2.jpg,0,HDPE Plastic,0,HDPE Plastic,1.0,1.0,1.1113046038957464e-09,1.8856296080116408e-08,6.13614492550596e-09,6.7704157835635215e-09
/Users/aswanathjs/Downloads/test10/ai_plastic_waste_management_training/LDPE Plastic/bin_bags/Image_141.png,1,LDPE Plastic,1,LDPE Plastic,0.9977747797966003,0.0005285231163725257,0.9977747797966003,2.603970278869383e-05,0.0016174595803022385,5.326856626197696e-05
/Users/aswanathjs/Downloads/test10/ai_plastic_waste_management_training/PP Plastic/square_containers/Image_141.png,1,LDPE Plastic,0,HDPE Plastic,0.5833760499954224,0.5833760499954224,0.04520713537931442,0.00241048913449049,0.29993104934692383,0.0690753385424614
/Users/aswanathjs/Downloads/test10/ai_plastic_waste_management_training/PS Plastic/foam_containers/Image_141.png,1,LDPE Plastic,1,LDPE Plastic,0.9559329748153687,0.0008766257669776678,0.9559329748153687,0.0002450994506943971,0.01506376639008522,0.027881566435098648
/Users/aswanathjs/Downloads/test10/ai_plastic_waste_management_training/HDPE Plastic/detergent_bottles/P_W (396).jpg,0,HDPE Plastic,0,HDPE Plastic,1.0,1.0,1.5118649387968475e-10,1.4115312217677367e-11,1.0856242987911102e-11,1.3862795356089919e-08
/Users/aswanathjs/Downloads/test10/ai_plastic_waste_management_training/HDPE Plastic/shampoo_bottiles_grey/0076_a02b06c2d0e0f1g0h1.jpg,0,HDPE Plastic,0,HDPE Plastic,0.9953669309616089,0.9953669309616089,8.497513590555172e-06,0.003845461644232273,0.0006839192938059568,9.526212670607492e-05
/Users/aswanathjs/Downloads/test10/ai_plastic_waste_management_training/HDPE Plastic/shampoo_bottles/0076_a02b06c2d0e0f1g0h1.jpg,0,HDPE Plastic,0,HDPE Plastic,0.9934147596359253,0.9934147596359253,6.7188275352236815e-06,0.006573444232344627,2.664543217179016e-06,2.3892375793366227e-06
/Users/aswanathjs/Downloads/test10/ai_plastic_waste_management_training/HDPE Plastic/milk_bottles/HDPEM42.jpg,0,HDPE Plastic,0,HDPE Plastic,1.0,1.0,8.867991519063978e-13,9.220725516456696e-09,3.404972484521984e-11,1.5841480904832395e-11
/Users/aswanathjs/Downloads/test10/ai_plastic_waste_management_training/PP Plastic/round_containers/0043_a06b01c2d0e0f0g0h3.jpg,3,PP Plastic,3,PP Plastic,0.9999979734420776,1.1035216402888182e-06,7.415019922518695e-07,2.9285804004075544e-08,0.9999979734420776,1.2592406051226135e-07
/Users/aswanathjs/Downloads/test10/ai_plastic_waste_management_training/PET Plastic/plastic_bottles/PET863.jpg,2,PET Plastic,2,PET Plastic,0.999930739402771,6.574003054993227e-05,8.907613846531603e-07,0.999930739402771,9.533016509521985e-07,1.7450543055019807e-06
/Users/aswanathjs/Downloads/test10/ai_plastic_waste_management_training/PS Plastic/foam_sheets/PS-538_jpg.rf.9ad3c37022cda5929db438f890a2b787.jpg,4,PS Plastic,4,PS Plastic,0.9999988079071045,1.183579570351867e-06,3.664043290996233e-08,1.3329568560038751e-08,1.7963625031924835e-09,0.9999988079071045
/Users/aswanathjs/Downloads/test10/ai_plastic_waste_management_training/LDPE Plastic/black_white__plastic_bags/0216_jpg.rf.428452e42b4a4a1b8f514d007db95fa5.jpg,1,LDPE Plastic,1,LDPE Plastic,0.9996591806411743,9.399367263540626e-05,0.9996591806411743,1.732781129248906e-06,9.744357521412894e-05,0.00014757047756575048
/Users/aswanathjs/Downloads/test10/ai_plastic_waste_management_training/LDPE Plastic/plastic_bags/plasticbag (8).jpg,1,LDPE Plastic,1,LDPE Plastic,0.9682820439338684,0.004243498668074608,0.9682820439338684,0.00035866754478774965,0.02461113967001438,0.0025046025402843952
/Users/aswanathjs/Downloads/test10/ai_plastic_waste_management_training/LDPE Plastic/plastic_bags/LDPE-588_jpg.rf.5fda3c1f4fefc604e5ac9c7a36493c46.jpg,1,LDPE Plastic,1,LDPE Plastic,0.9999905824661255,1.6572730601183139e-06,0.9999905824661255,9.964611535906442e-07,1.8556171426098444e-06,4.822923528990941e-06
/Users/aswanathjs/Downloads/test10/ai_plastic_waste_management_training/PP Plastic/round_containers/IMG_20220209_173227.jpg,3,PP Plastic,3,PP Plastic,0.9972435235977173,0.0008331223507411778,0.001166424946859479,0.0005710115656256676,0.9972435235977173,0.00018584623467177153
/Users/aswanathjs/Downloads/test10/ai_plastic_waste_management_training/HDPE Plastic/detergent_bottles/0098_a02b03c2d3e0f0g0h4.jpg,0,HDPE Plastic,0,HDPE Plastic,1.0,1.0,8.874265211566978e-10,1.3449576174995315e-10,2.328875980950329e-09,3.277206006568889e-10
/Users/aswanathjs/Downloads/test10/ai_plastic_waste_management_training/PET Plastic/black_white_plastic_bottles/cverp_jpg.rf.81c5757fd377cd072695cd28b9d750e2.jpg,2,PET Plastic,2,PET Plastic,0.9999957084655762,1.3981340316604474e-06,1.3471868669512332e-06,0.9999957084655762,8.97354027529218e-07,6.721101613038627e-07
/Users/aswanathjs/Downloads/test10/ai_plastic_waste_management_training/LDPE Plastic/black_white__plastic_bags/0008_jpg.rf.97cb17d4ee01eeb1ec782d807c7d07dd.jpg,1,LDPE Plastic,1,LDPE Plastic,0.9999791383743286,1.4645551118519506e-06,0.9999791383743286,1.1938302577618742e-06,3.8397688513214234e-06,1.4446744899032637e-05
/Users/aswanathjs/Downloads/test10/ai_plastic_waste_management_training/PS Plastic/foam_containers/Image_19.png,4,PS Plastic,4,PS Plastic,0.6892350912094116,0.02670879475772381,0.10915376245975494,0.005096855573356152,0.16980548202991486,0.6892350912094116
/Users/aswanathjs/Downloads/test10/ai_plastic_waste_management_training/HDPE Plastic/shampoo_bottles/0077_a02b01c2d3e0f1g0h2.jpg,0,HDPE Plastic,0,HDPE Plastic,0.9999995231628418,0.9999995231628418,1.2218961398247075e-09,4.5301854356694093e-07,7.17166059871488e-09,3.033252582440582e-08
/Users/aswanathjs/Downloads/test10/ai_plastic_waste_management_training/PS Plastic/foam_sheets/PS-642_jpg.rf.ade71b81ca40f75007467391f775e3e8.jpg,4,PS Plastic,4,PS Plastic,0.9999744892120361,1.8518827346269973e-05,5.238016001385404e-06,7.622718385391636e-07,1.084331870515598e-06,0.9999744892120361
/Users/aswanathjs/Downloads/test10/ai_plastic_waste_management_training/PS Plastic/form_sheets_grey/PS-642_jpg.rf.ade71b81ca40f75007467391f775e3e8.jpg,4,PS Plastic,4,PS Plastic,0.9999780654907227,1.7796457541408017e-05,2.889202505684807e-06,6.078663545849849e-07,6.769564038222597e-07,0.9999780654907227
/Users/aswanathjs/Downloads/test10/ai_plastic_waste_management_training/LDPE Plastic/plastic_bags/plasticbag (6).png,1,LDPE Plastic,1,LDPE Plastic,0.9999911785125732,2.8669160201388877e-07,0.9999911785125732,6.309272748694639e-08,3.173155391777982e-06,5.256108579487773e-06
/Users/aswanathjs/Downloads/test10/ai_plastic_waste_management_training/LDPE Plastic/plastic_bags/plasticbag (6).jpg,1,LDPE Plastic,1,LDPE Plastic,0.9999898672103882,1.2474789627958671e-06,0.9999898672103882,1.5988080122042447e-06,4.365568202047143e-06,2.817829681589501e-06
/Users/aswanathjs/Downloads/test10/ai_plastic_waste_management_training/PP Plastic/irregular_containers/train_PP-62_jpg.rf.73c3984ddeaf802c25f616ceb455d96f.jpg,3,PP Plastic,3,PP Plastic,0.9993465542793274,0.0005956245586276054,3.6998288123868406e-05,5.789862825622549e-06,0.9993465542793274,1.496586173743708e-05
"/Users/aswanathjs/Downloads/test10/ai_plastic_waste_management_training/HDPE Plastic/milk_bottles/HDPEM1,003.JPG",0,HDPE Plastic,0,HDPE Plastic,0.9999946355819702,0.9999946355819702,2.4507024187769844e-10,5.316846454661572e-06,1.1017312062655549e-10,4.268618170044647e-08
"/Users/aswanathjs/Downloads/test10/ai_plastic_waste_management_training/PET Plastic/plastic_bottles/PET1,600.jpg",2,PET Plastic,2,PET Plastic,0.9999998807907104,7.510712407565734e-08,8.782632399118029e-09,0.9999998807907104,4.264252506658295e-09,1.5141923270789448e-08
/Users/aswanathjs/Downloads/test10/ai_plastic_waste_management_training/PS Plastic/foam_containers/0058_a06b01c2d1e0f0g0h4.jpg,4,PS Plastic,4,PS Plastic,0.9999988079071045,9.643536031944677e-07,1.1600937099842668e-08,5.940806513393682e-09,2.0377851228658983e-07,0.9999988079071045
/Users/aswanathjs/Downloads/test10/ai_plastic_waste_management_training/PS Plastic/foam_containers/styrofoam-110-_jpg.rf.9312d248c97cc89e473e55369b238293.jpg,4,PS Plastic,4,PS Plastic,0.9999117851257324,7.9280165664386e-05,2.4156378231054987e-07,8.251237886724994e-06,4.55582949143718e-07,0.9999117851257324
/Users/aswanathjs/Downloads/test10/ai_plastic_waste_management_training/PET Plastic/plastic_bottles/PET363.jpg,2,PET Plastic,2,PET Plastic,0.9999991655349731,3.560998038665275e-07,2.2576290348297334e-07,0.9999991655349731,9.705127723691476e-08,6.792065221361554e-08
/Users/aswanathjs/Downloads/test10/ai_plastic_waste_management_training/PET Plastic/plastic_bottles/PET758.jpg,2,PET Plastic,2,PET Plastic,0.9999089241027832,3.153528814436868e-05,5.849541594216134e-06,0.9999089241027832,3.619540802901611e-05,1.7485086573287845e-05
/Users/aswanathjs/Downloads/test10/ai_plastic_waste_management_training/HDPE Plastic/shampoo_bottles/0099_a02b01c1d0e0f1g0h2.jpg,0,HDPE Plastic,0,HDPE Plastic,0.9999994039535522,0.9999994039535522,1.2037538077436238e-08,5.108655614094459e-07,1.4143090254492563e-07,2.2886231576535465e-08
/Users/aswanathjs/Downloads/test10/ai_plastic_waste_management_training/PET Plastic/black_white_plastic_bottles/dkagu_jpg.rf.8c08b9e76d57b35d31b36d896135f468.jpg,2,PET Plastic,2,PET Plastic,0.9999524354934692,4.2069717892445624e-05,1.631094164622482e-06,0.9999524354934692,2.9568184345407644e-06,9.684670203569112e-07
/Users/aswanathjs/Downloads/test10/ai_plastic_waste_management_training/PET Plastic/shampoo_bottles/0100_a05b00c1d1e0f0g0h0.jpg,2,PET Plastic,2,PET Plastic,0.9999992847442627,7.372699784014003e-09,2.080686556382716e-07,0.9999992847442627,4.705011633632239e-07,1.750546196888081e-08
/Users/aswanathjs/Downloads/test10/ai_plastic_waste_management_training/LDPE Plastic/bin_bags/Image_12.png,1,LDPE Plastic,1,LDPE Plastic,0.9958317875862122,0.0027397098019719124,0.9958317875862122,0.00010605627903714776,0.0011277140583842993,0.00019471532141324133
/Users/aswanathjs/Downloads/test10/ai_plastic_waste_management_training/PP Plastic/square_containers_grey/Image_12.png,1,LDPE Plastic,1,LDPE Plastic,0.49895885586738586,0.017016863450407982,0.49895885586738586,0.0063135139644145966,0.4340342879295349,0.043676525354385376
/Users/aswanathjs/Downloads/test10/ai_plastic_waste_management_training/PP Plastic/square_containers/Image_12.png,1,LDPE Plastic,1,LDPE Plastic,0.8090209364891052,0.022291941568255424,0.8090209364891052,0.00060903379926458,0.1574661135673523,0.010611907579004765
/Users/aswanathjs/Downloads/test10/ai_plastic_waste_management_training/PS Plastic/foam_containers/Image_12.png,1,LDPE Plastic,4,PS Plastic,0.6074860095977783,0.01994313858449459,0.18798187375068665,0.005609460175037384,0.1789795458316803,0.6074860095977783
/Users/aswanathjs/Downloads/test10/ai_plastic_waste_management_training/PET Plastic/plastic_bottles/PET435.jpg,2,PET Plastic,2,PET Plastic,0.9999963045120239,3.063877102249535e-06,2.4767953732407477e-07,0.9999963045120239,8.269794449233814e-08,3.297353998732433e-07
/Users/aswanathjs/Downloads/test10/ai_plastic_waste_management_training/LDPE Plastic/black_white__plastic_bags/0094_jpg.rf.f1368390a96451783c2619d0ba111dbe.jpg,1,LDPE Plastic,1,LDPE Plastic,0.9999916553497314,1.9466037883830722e-06,0.9999916553497314,5.319653268998081e-07,4.352941232355079e-06,1.3960604974272428e-06
/Users/aswanathjs/Downloads/test10/ai_plastic_waste_management_training/HDPE Plastic/shampoo_bottles/0076_a02b06c2d0e0f1g0h3.jpg,0,HDPE Plastic,0,HDPE Plastic,0.999996542930603,0.999996542930603,3.4995238706869713e-07,2.803614734148141e-06,1.1654432086061206e-07,1.6476596442771552e-07
/Users/aswanathjs/Downloads/test10/ai_plastic_waste_management_training/PET Plastic/shampoo_bottles/0080_a05b00c2d1e0f1g0h1.jpg,2,PET Plastic,2,PET Plastic,0.9999984502792358,1.0516004067540052e-06,3.783344482144457e-08,0.9999984502792358,4.588216597767314e-07,6.988015854858531e-08
/Users/aswanathjs/Downloads/test10/ai_plastic_waste_management_training/LDPE Plastic/black_white__plastic_bags/0207_jpg.rf.e34252fa7fc7d291a0567faad7c1d274.jpg,1,LDPE Plastic,1,LDPE Plastic,0.9999988079071045,7.13967096999113e-07,0.9999988079071045,1.135604676960611e-08,9.203496631471353e-09,4.6529578412446426e-07
/Users/aswanathjs/Downloads/test10/ai_plastic_waste_management_training/HDPE Plastic/milk_bottles/HDPEM331.jpg,0,HDPE Plastic,0,HDPE Plastic,0.9999516010284424,0.9999516010284424,1.391066746236902e-07,4.5583845349028707e-05,6.986866196712072e-07,2.0080431113456143e-06
/Users/aswanathjs/Downloads/test10/ai_plastic_waste_management_training/PET Plastic/plastic_bottles/PET960.jpg,2,PET Plastic,2,PET Plastic,1.0,1.7256863715786608e-09,7.593033840569419e-11,1.0,1.0174473485946578e-09,1.1137746280809324e-09
/Users/aswanathjs/Downloads/test10/ai_plastic_waste_management_training/PET Plastic/shampoo_bottles/0100_a05b00c1d1e0f0g0h1.jpg,2,PET Plastic,2,PET Plastic,0.9999990463256836,1.6410920622433878e-08,5.5342248117540294e-08,0.9999990463256836,8.903771231416613e-07,2.46649412005695e-09
"/Users/aswanathjs/Downloads/test10/ai_plastic_waste_management_training/PET Plastic/plastic_bottles/PET1,451.jpg",2,PET Plastic,2,PET Plastic,0.9999632835388184,8.068756869761273e-06,9.62712988439307e-07,0.9999632835388184,2.7421570848673582e-05,2.3282817096514918e-07
"/Users/aswanathjs/Downloads/test10/ai_plastic_waste_management_training/PET Plastic/plastic_bottles/PET1,616.jpg",2,PET Plastic,2,PET Plastic,0.9999997615814209,8.734757273032301e-08,5.99507785636888e-08,0.9999997615814209,1.8138578417037365e-09,1.383175129987535e-09
/Users/aswanathjs/Downloads/test10/ai_plastic_waste_management_training/PS Plastic/foam_sheets/PS-845_jpg.rf.ba559f9b729aa7a658400deabf493207.jpg,4,PS Plastic,4,PS Plastic,0.9999997615814209,1.3295056078277412e-07,1.7271160501763916e-08,3.072686283189796e-08,4.309485746034625e-08,0.9999997615814209
"/Users/aswanathjs/Downloads/test10/ai_plastic_waste_management_training/PET Plastic/plastic_bottles/PET1,455.jpg",2,PET Plastic,2,PET Plastic,0.9998828172683716,3.580880957088084e-06,2.9361654014792293e-06,0.9998828172683716,0.00010801940516103059,2.660861355252564e-06
/Users/aswanathjs/Downloads/test10/ai_plastic_waste_management_training/PS Plastic/foam_sheets/PS-820_jpg.rf.a6ea3d2586d430a5e339abbaff6a2d46.jpg,4,PS Plastic,4,PS Plastic,1.0,4.937864872545106e-08,1.5565259081640193e-09,6.634903182423102e-10,1.2970085006003274e-09,1.0
"/Users/aswanathjs/Downloads/test10/ai_plastic_waste_management_training/PET Plastic/plastic_bottles/PET1,672.jpg",2,PET Plastic,2,PET Plastic,0.9999997615814209,2.1794274118747126e-07,1.605439692298205e-08,0.9999997615814209,8.37576319412392e-09,3.587808450333796e-08
"/Users/aswanathjs/Downloads/test10/ai_plastic_waste_management_training/PET Plastic/plastic_bottles/PET1,728.jpg",2,PET Plastic,2,PET Plastic,1.0,2.021295841814208e-08,1.6685108850111874e-09,1.0,8.323243427810212e-09,7.976586502422833e-09
/Users/aswanathjs/Downloads/test10/ai_plastic_waste_management_training/HDPE Plastic/milk_bottles/P_W (1037).jpg,0,HDPE Plastic,0,HDPE Plastic,0.999990701675415,0.999990701675415,2.221846898464719e-06,1.658172621432641e-08,3.4354470699327067e-06,3.6431772514333716e-06
/Users/aswanathjs/Downloads/test10/ai_plastic_waste_management_training/PS Plastic/foam_sheets/PS-566_jpg.rf.77dfd3a5d8980d89dcf4055090951cbe.jpg,4,PS Plastic,4,PS Plastic,0.9999996423721313,3.260133780713659e-07,2.755231243156686e-08,1.662437476568357e-08,3.675271198488872e-09,0.9999996423721313
/Users/aswanathjs/Downloads/test10/ai_plastic_waste_management_training/HDPE Plastic/detergent_bottles/0010_a02b01c2d1e0f1g0h3.jpg,0,HDPE Plastic,0,HDPE Plastic,0.9999994039535522,0.9999994039535522,1.680390653291397e-07,1.2220858991440764e-07,1.7684361353076383e-07,1.0407337924789317e-07
/Users/aswanathjs/Downloads/test10/ai_plastic_waste_management_training/PET Plastic/black_white_plastic_bottles/dlbka_jpg.rf.d60c28c1a226fc15ca815cd1c65e4956.jpg,2,PET Plastic,2,PET Plastic,0.9999959468841553,8.099586352727783e-07,1.4395337757378002e-06,0.9999959468841553,1.241757217940176e-06,6.002884447298129e-07
"/Users/aswanathjs/Downloads/test10/ai_plastic_waste_management_training/PET Plastic/plastic_bottles/PET1,599.jpg",2,PET Plastic,2,PET Plastic,0.9996697902679443,0.00027632919955067337,2.1680300051230006e-05,0.9996697902679443,1.9130773580400273e-05,1.3132684216543566e-05
/Users/aswanathjs/Downloads/test10/ai_plastic_waste_management_training/PET Plastic/plastic_bottles/PET492.jpg,2,PET Plastic,2,PET Plastic,0.9999723434448242,1.1989958693447988e-05,4.107156200916506e-06,0.9999723434448242,6.9336329033831134e-06,4.565411018120358e-06
/Users/aswanathjs/Downloads/test10/ai_plastic_waste_management_training/LDPE Plastic/bin_bags/Image_142.png,1,LDPE Plastic,1,LDPE Plastic,0.9980046153068542,0.0011281861225143075,0.9980046153068542,0.000154464301886037,0.00047504252870567143,0.00023766965023241937
/Users/aswanathjs/Downloads/test10/ai_plastic_waste_management_training/PP Plastic/square_containers/Image_142.png,1,LDPE Plastic,1,LDPE Plastic,0.9977533221244812,0.00024068597122095525,0.9977533221244812,1.7883601231005741e-06,0.0015233344165608287,0.0004808860248886049
/Users/aswanathjs/Downloads/test10/ai_plastic_waste_management_training/PS Plastic/foam_containers/Image_142.png,1,LDPE Plastic,1,LDPE Plastic,0.4458576440811157,0.09676094353199005,0.4458576440811157,0.013566412962973118,0.21167369186878204,0.23214134573936462
/Users/aswanathjs/Downloads/test10/ai_plastic_waste_management_training/PET Plastic/black_white_plastic_bottles/amuig_jpg.rf.bee9647efb21b19bb3276f9708ff4540.jpg,2,PET Plastic,2,PET Plastic,0.9999990463256836,8.997714218139663e-08,6.781738193240017e-07,0.9999990463256836,3.966108153008463e-08,1.8910492372015142e-07
/Users/aswanathjs/Downloads/test10/ai_plastic_waste_management_training/LDPE Plastic/plastic_bags/plasticbag (82).jpg,1,LDPE Plastic,1,LDPE Plastic,0.9999971389770508,4.2720579074284615e-08,0.9999971389770508,3.4101176993317495e-07,9.650768788560526e-07,1.560090481689258e-06
/Users/aswanathjs/Downloads/test10/ai_plastic_waste_management_training/PS Plastic/foam_sheets/PS-834_jpg.rf.bcbbff023961e64bb814b60b8bb20850.jpg,4,PS Plastic,4,PS Plastic,1.0,1.6814303283041454e-09,3.631958622740683e-11,2.3444601815469923e-10,4.989387722420524e-11,1.0
/Users/aswanathjs/Downloads/test10/ai_plastic_waste_management_training/PET Plastic/plastic_bottles/PET478.jpg,2,PET Plastic,2,PET Plastic,0.9999923706054688,6.08919799560681e-06,8.670112379149941e-07,0.9999923706054688,1.6027453852984763e-07,4.858179636357818e-07
/Users/aswanathjs/Downloads/test10/ai_plastic_waste_management_training/PS Plastic/foam_containers/styrofoam-124-_jpg.rf.18f3ee8b1d383f6b1915cd5d96a56d9a.jpg,4,PS Plastic,4,PS Plastic,1.0,4.7506207301317716e-11,1.677019017631929e-14,1.7047202408373985e-12,7.95164567091828e-16,1.0
"/Users/aswanathjs/Downloads/test10/ai_plastic_waste_management_training/PET Plastic/plastic_bottles/PET1,322.jpg",2,PET Plastic,2,PET Plastic,0.999987006187439,9.031987246999051e-06,3.625086009151346e-08,0.999987006187439,3.2841344363987446e-06,5.836059244757053e-07
/Users/aswanathjs/Downloads/test10/ai_plastic_waste_management_training/PS Plastic/foam_sheets/PS-812_jpg.rf.e510582f79605a4beeefdf035876a97d.jpg,4,PS Plastic,4,PS Plastic,0.9999998807907104,7.27290014879145e-08,1.4412130378005372e-09,1.3518275387980339e-09,2.1880515177485904e-09,0.9999998807907104
/Users/aswanathjs/Downloads/test10/ai_plastic_waste_management_training/PET Plastic/plastic_bottles/PET449.jpg,2,PET Plastic,2,PET Plastic,0.9999949932098389,3.2226641906163422e-06,1.146119188888406e-06,0.9999949932098389,2.2837829760646855e-07,3.991593473529065e-07
/Users/aswanathjs/Downloads/test10/ai_plastic_waste_management_training/LDPE Plastic/plastic_bags/plasticbag (93).jpg,1,LDPE Plastic,1,LDPE Plastic,1.0,2.1618629466885891e-13,1.0,9.3450932756034e-12,1.3315745871927444e-14,1.826160614870273e-13
"/Users/aswanathjs/Downloads/test10/ai_plastic_waste_management_training/PET Plastic/plastic_bottles/PET1,503.jpg",2,PET Plastic,2,PET Plastic,0.9990181922912598,0.0006134537397883832,0.00017855661280918866,0.9990181922912598,0.00015362683916464448,3.6142097087576985e-05
/Users/aswanathjs/Downloads/test10/ai_plastic_waste_management_training/PS Plastic/form_containers_grey/0058_a06b01c1d0e0f0g0h3.jpg,4,PS Plastic,4,PS Plastic,0.9999995231628418,3.838893007923616e-07,7.359649778493349e-09,9.441491144457359e-09,1.5976216616309102e-07,0.9999995231628418
/Users/aswanathjs/Downloads/test10/ai_plastic_waste_management_training/PS Plastic/foam_containers/0058_a06b01c1d0e0f0g0h3.jpg,4,PS Plastic,4,PS Plastic,0.9999998807907104,6.26142195869761e-08,4.91335105934354e-09,5.703761907227545e-09,2.9033632387154285e-08,0.9999998807907104
/Users/aswanathjs/Downloads/test10/ai_plastic_waste_management_training/HDPE Plastic/milk_bottles/HDPEM111.jpg,0,HDPE Plastic,0,HDPE Plastic,0.9999988079071045,0.9999988079071045,1.5866062907932132e-09,9.593844652044936e-07,2.3570601115352474e-07,1.539482852308538e-08
/Users/aswanathjs/Downloads/test10/ai_plastic_waste_management_training/LDPE Plastic/plastic_bags/plasticbag (196) 17.43.56.jpg,1,LDPE Plastic,1,LDPE Plastic,0.8601239323616028,0.00044384534703567624,0.8601239323616028,0.00013549414870794863,0.1388292908668518,0.00046740667312406003
/Users/aswanathjs/Downloads/test10/ai_plastic_waste_management_training/PET Plastic/black_white_plastic_bottles/dfkjq_jpg.rf.6e651ecdd8fe3a76179812411de22e9d.jpg,2,PET Plastic,2,PET Plastic,0.9996591806411743,0.00023560092085972428,1.3808822814098676e-06,0.9996591806411743,7.580768578918651e-05,2.7999241865472868e-05
/Users/aswanathjs/Downloads/test10/ai_plastic_waste_management_training/PET Plastic/shampoo_bottles/IMG_20220209_182849.jpg,2,PET Plastic,2,PET Plastic,0.9944341778755188,0.0010117817437276244,0.0001559148367960006,0.9944341778755188,0.004372637718915939,2.5502327844151296e-05
/Users/aswanathjs/Downloads/test10/ai_plastic_waste_management_training/PP Plastic/square_containers/IMG_20220209_173152.jpg,3,PP Plastic,3,PP Plastic,0.999994158744812,5.48102252651006e-06,2.15590262087062e-07,1.0129212313358948e-07,0.999994158744812,5.959701354640856e-08
/Users/aswanathjs/Downloads/test10/ai_plastic_waste_management_training/PET Plastic/black_white_plastic_bottles/alnpj_jpg.rf.c7284636cf60fe3b3fb0e9a49cef2ab8.jpg,2,PET Plastic,2,PET Plastic,0.9998948574066162,9.16672361199744e-05,3.037336284705816e-07,0.9998948574066162,1.158504619525047e-05,1.5697775097578415e-06
/Users/aswanathjs/Downloads/test10/ai_plastic_waste_management_training/PET Plastic/black_white_plastic_bottles/anhes_jpg.rf.c3b9effe704965c126e4d31a6b45f3e5.jpg,2,PET Plastic,2,PET Plastic,0.9999569654464722,1.5800744222360663e-05,1.7812781152315438e-06,0.9999569654464722,2.5171619199682027e-05,2.9147588520572754e-07
"/Users/aswanathjs/Downloads/test10/ai_plastic_waste_management_training/PET Plastic/plastic_bottles/PET1,305.jpg",2,PET Plastic,2,PET Plastic,0.9999223947525024,4.415287548908964e-05,1.2610824740022508e-07,0.9999223947525024,3.2990916224662215e-05,3.370689398707327e-07
/Users/aswanathjs/Downloads/test10/ai_plastic_waste_management_training/PET Plastic/plastic_bottles/PET436.jpg,2,PET Plastic,2,PET Plastic,0.9999996423721313,1.7283556985603354e-07,7.076117469750898e-08,0.9999996423721313,4.2469647354437257e-08,5.208623221619746e-08
/Users/aswanathjs/Downloads/test10/ai_plastic_waste_management_training/PET Plastic/plastic_bottles/PET391.jpg,2,PET Plastic,2,PET Plastic,1.0,1.0231146596595408e-08,5.8245195333483935e-09,1.0,1.2618006195452836e-08,2.320159175894787e-09
/Users/aswanathjs/Downloads/test10/ai_plastic_waste_management_training/HDPE Plastic/detergent_bottles/0010_a02b01c1d1e0f1g0h1.jpg,0,HDPE Plastic,0,HDPE Plastic,0.9988905787467957,0.9988905787467957,7.819218444637954e-05,0.0005062620039097965,0.0004354755219537765,8.938655082602054e-05
/Users/aswanathjs/Downloads/test10/ai_plastic_waste_management_training/PET Plastic/black_white_plastic_bottles/aixpd_jpg.rf.65705a0e6f8eae8b80e3623ef226391b.jpg,2,PET Plastic,2,PET Plastic,0.9998961687088013,0.00010219798423349857,1.5564549471491773e-07,0.9998961687088013,1.128233293457015e-06,3.4298764717277663e-07
/Users/aswanathjs/Downloads/test10/ai_plastic_waste_management_training/LDPE Plastic/plastic_bags/train_LDPE-78_jpg.rf.36e54212f7c07bb9c19a99a7ea7e76ad.jpg,1,LDPE Plastic,1,LDPE Plastic,0.9999685287475586,4.952782092004782e-06,0.9999685287475586,2.254118726341403e-06,3.165041334796115e-06,2.110402965627145e-05
/Users/aswanathjs/Downloads/test10/ai_plastic_waste_management_training/PET Plastic/black_white_plastic_bottles/bzxcs_jpg.rf.117168966aaafafdebec9e40ab50662c.jpg,2,PET Plastic,2,PET Plastic,0.9980158805847168,6.809381011407822e-05,0.0016018255846574903,0.9980158805847168,0.00011753354192478582,0.00019660088582895696
/Users/aswanathjs/Downloads/test10/ai_plastic_waste_management_training/HDPE Plastic/shampoo_bottles/0077_a02b01c1d2e0f1g0h0.jpg,0,HDPE Plastic,0,HDPE Plastic,1.0,1.0,1.1691658752255307e-10,4.749354798327943e-10,5.523067558854677e-10,1.0849417891867219e-10
/Users/aswanathjs/Downloads/test10/ai_plastic_waste_management_training/PS Plastic/foam_containers/0058_a06b01c2d0e0f0g0h4.jpg,4,PS Plastic,4,PS Plastic,0.999911904335022,1.0507418664928991e-05,6.929379651410272e-06,3.7556508232228225e-06,6.686930282739922e-05,0.999911904335022
/Users/aswanathjs/Downloads/test10/ai_plastic_waste_management_training/PP Plastic/irregular_containers/train_PP-57_jpg.rf.6501caafdc2c74dc664e5f85a2089bd9.jpg,3,PP Plastic,3,PP Plastic,0.9999947547912598,2.529485527702491e-06,1.5308518186429865e-06,1.995753251549104e-07,0.9999947547912598,9.92838067759294e-07
/Users/aswanathjs/Downloads/test10/ai_plastic_waste_management_training/HDPE Plastic/milk_bottles/HDPEM6.jpg,0,HDPE Plastic,0,HDPE Plastic,0.999988317489624,0.999988317489624,4.914360488328384e-06,4.618769935404998e-07,1.408307412020804e-06,4.830945272260578e-06
/Users/aswanathjs/Downloads/test10/ai_plastic_waste_management_training/HDPE Plastic/milk_bottles_grey/HDPEM6.jpg,0,HDPE Plastic,0,HDPE Plastic,0.9999204874038696,0.9999204874038696,5.350059655029327e-05,3.0274830464804836e-07,1.2751365829899441e-05,1.2882347618869971e-05
/Users/aswanathjs/Downloads/test10/ai_plastic_waste_management_training/HDPE Plastic/shampoo_bottles/0061_a02b01c2d3e0f1g0h3.jpg,0,HDPE Plastic,0,HDPE Plastic,0.9137821793556213,0.9137821793556213,0.0012851108331233263,0.06120021268725395,0.0072145708836615086,0.01651785522699356
/Users/aswanathjs/Downloads/test10/ai_plastic_waste_management_training/HDPE Plastic/milk_bottles/HDPEM249.jpg,0,HDPE Plastic,0,HDPE Plastic,0.999993085861206,0.999993085861206,2.857416916413058e-07,4.27717304773978e-06,1.538172227810719e-06,8.04503599738382e-07
/Users/aswanathjs/Downloads/test10/ai_plastic_waste_management_training/PET Plastic/black_white_plastic_bottles/bmhoi_jpg.rf.3bfe369baadbbbae82d8cdf2ffeeea92.jpg,2,PET Plastic,2,PET Plastic,0.9999890327453613,4.221543804305838e-06,1.274856117561285e-06,0.9999890327453613,5.102537670609308e-06,3.7246735473672743e-07
"/Users/aswanathjs/Downloads/test10/ai_plastic_waste_management_training/PET Plastic/plastic_bottles/PET1,522.jpg",2,PET Plastic,2,PET Plastic,0.5236502885818481,0.4677470326423645,0.0033471372444182634,0.5236502885818481,0.003964634146541357,0.0012909736251458526
/Users/aswanathjs/Downloads/test10/ai_plastic_waste_management_training/LDPE Plastic/plastic_bags/plasticbag (13).jpg,1,LDPE Plastic,1,LDPE Plastic,0.9978179931640625,0.0018255752511322498,0.9978179931640625,9.639146583140246e-07,0.0003471986565273255,8.278580935439095e-06
/Users/aswanathjs/Downloads/test10/ai_plastic_waste_management_training/PET Plastic/shampoo_bottles/0015_a05b00c2d2e1f1g0h4.jpg,2,PET Plastic,2,PET Plastic,0.9999997615814209,1.0604393452240402e-07,2.2415090228378176e-08,0.9999997615814209,8.816152785584563e-08,2.3792798842237062e-08
/Users/aswanathjs/Downloads/test10/ai_plastic_waste_management_training/HDPE Plastic/detergent_bottles/IMG_20220209_182742.jpg,0,HDPE Plastic,0,HDPE Plastic,0.9988799691200256,0.9988799691200256,4.95986059831921e-05,0.001040648203343153,2.6088839149451815e-05,3.6655430903920205e-06
/Users/aswanathjs/Downloads/test10/ai_plastic_waste_management_training/PP Plastic/round_containers/IMG_20220209_173232.jpg,3,PP Plastic,3,PP Plastic,0.9955825209617615,0.0023264382034540176,0.0009469384676776826,0.0006299430970102549,0.9955825209617615,0.0005141754518263042
/Users/aswanathjs/Downloads/test10/ai_plastic_waste_management_training/PET Plastic/black_white_plastic_bottles/dbtzq_jpg.rf.aa9447335486de27a9c52d8fc3b3b1a1.jpg,2,PET Plastic,2,PET Plastic,0.9999988079071045,5.889675662729132e-07,1.560878075679284e-07,0.9999988079071045,2.4691746602911735e-07,2.6941046371575794e-07
/Users/aswanathjs/Downloads/test10/ai_plastic_waste_management_training/PP Plastic/round_containers/0035_a06b01c2d0e0f0g0h4.jpg,3,PP Plastic,3,PP Plastic,0.9999746084213257,1.5488717508560512e-06,3.6514367707241036e-07,2.3279131710296497e-05,0.9999746084213257,2.589039240774582e-07
/Users/aswanathjs/Downloads/test10/ai_plastic_waste_management_training/PET Plastic/black_white_plastic_bottles/bjmal_jpg.rf.86e1cf3a75a737e48728f41344f3df09.jpg,2,PET Plastic,2,PET Plastic,0.9977867603302002,0.0013975604670122266,0.00022411115060094744,0.9977867603302002,0.00028470956021919847,0.0003067671204917133
"/Users/aswanathjs/Downloads/test10/ai_plastic_waste_management_training/PET Plastic/plastic_bottles/PET1,354.jpg",2,PET Plastic,2,PET Plastic,0.9999676942825317,2.884735840780195e-05,1.605808392923791e-07,0.9999676942825317,2.9916468520241324e-06,3.7362167404353386e-07
/Users/aswanathjs/Downloads/test10/ai_plastic_waste_management_training/LDPE Plastic/plastic_bags_grey/LDPE-58_jpg.rf.71f48fe653acbed28b643dc0999fd4ae.jpg,1,LDPE Plastic,1,LDPE Plastic,0.9999585151672363,1.472428448323626e-05,0.9999585151672363,3.8884212472112267e-07,1.831283952924423e-05,7.987458047864493e-06
/Users/aswanathjs/Downloads/test10/ai_plastic_waste_management_training/LDPE Plastic/plastic_bags/LDPE-58_jpg.rf.71f48fe653acbed28b643dc0999fd4ae.jpg,1,LDPE Plastic,1,LDPE Plastic,0.9999552965164185,2.5007246222230606e-05,0.9999552965164185,5.868030825695314e-07,3.9867118175607175e-06,1.5198300388874486e-05
/Users/aswanathjs/Downloads/test10/ai_plastic_waste_management_training/LDPE Plastic/plastic_bags/LDPE-58_jpg.rf.3debb673d4b1e836928219fe3a35138a.jpg,1,LDPE Plastic,1,LDPE Plastic,0.9999926090240479,1.4787740383326309e-06,0.9999926090240479,1.949436864379095e-06,8.989804882730823e-07,2.98120630759513e-06
/Users/aswanathjs/Downloads/test10/ai_plastic_waste_management_training/LDPE Plastic/plastic_bags/plasticbag (147).jpg,1,LDPE Plastic,1,LDPE Plastic,0.9999265670776367,1.0959865903714672e-05,0.9999265670776367,2.6526280635152943e-05,2.0150147975073196e-05,1.578794399392791e-05
/Users/aswanathjs/Downloads/test10/ai_plastic_waste_management_training/HDPE Plastic/milk_bottles/HDPEM29.jpg,0,HDPE Plastic,0,HDPE Plastic,0.9999773502349854,0.9999773502349854,4.840775545744691e-06,3.3323843240395945e-07,9.972072803066112e-06,7.4665722422651015e-06
/Users/aswanathjs/Downloads/test10/ai_plastic_waste_management_training/PP Plastic/square_containers/Image_173.png,3,PP Plastic,3,PP Plastic,0.9609376192092896,0.002909713424742222,0.03505012020468712,0.00016440493345726281,0.9609376192092896,0.0009380880510434508
/Users/aswanathjs/Downloads/test10/ai_plastic_waste_management_training/PS Plastic/foam_containers/Image_173.png,3,PP Plastic,3,PP Plastic,0.7596110105514526,0.06044882535934448,0.03928619623184204,0.0036051918286830187,0.7596110105514526,0.13704879581928253
/Users/aswanathjs/Downloads/test10/ai_plastic_waste_management_training/PS Plastic/foam_containers/styrofoam-117-_jpg.rf.ffe9f7fff56df44f314626ab7661d6d6.jpg,4,PS Plastic,4,PS Plastic,1.0,4.3303909791347905e-08,1.7946968355886384e-09,5.764484889425603e-09,4.3951606798486864e-09,1.0
/Users/aswanathjs/Downloads/test10/ai_plastic_waste_management_training/HDPE Plastic/shampoo_bottles/0065_a02b03c2d1e0f1g0h2.jpg,0,HDPE Plastic,0,HDPE Plastic,1.0,1.0,1.8558333689244755e-11,2.1639731673239737e-11,3.365805967270319e-10,7.941268476141516e-11
/Users/aswanathjs/Downloads/test10/ai_plastic_waste_management_training/PET Plastic/black_white_plastic_bottles/beykw_jpg.rf.d4f8d5cb56ef7fcf8175803ed1bcb603.jpg,2,PET Plastic,2,PET Plastic,0.9999779462814331,1.9389686713111587e-05,3.3759823736545513e-07,0.9999779462814331,1.0159477596971556e-06,1.3528109548133216e-06
/Users/aswanathjs/Downloads/test10/ai_plastic_waste_management_training/HDPE Plastic/milk_bottles/HDPEM466.jpg,0,HDPE Plastic,0,HDPE Plastic,0.999942421913147,0.999942421913147,8.013934404971224e-08,5.538238110602833e-05,1.7805456309361034e-06,2.0564269220813003e-07
/Users/aswanathjs/Downloads/test10/ai_plastic_waste_management_training/LDPE Plastic/plastic_bags_grey/LDPE-50_jpg.rf.d966517407e941fa99dbd47e58adedc7.jpg,1,LDPE Plastic,1,LDPE Plastic,0.9999998807907104,4.847449019962369e-08,0.9999998807907104,1.4448103824449277e-09,2.0413253309925494e-09,5.5714888702596e-08
/Users/aswanathjs/Downloads/test10/ai_plastic_waste_management_training/LDPE Plastic/plastic_bags/LDPE-50_jpg.rf.d966517407e941fa99dbd47e58adedc7.jpg,1,LDPE Plastic,1,LDPE Plastic,0.9999992847442627,3.887182060680061e-07,0.9999992847442627,1.0323053523109138e-08,1.8596548301275106e-08,3.0837244935355557e-07
/Users/aswanathjs/Downloads/test10/ai_plastic_waste_management_training/PET Plastic/shampoo_bottles/0080_a05b00c2d1e0f1g0h2.jpg,2,PET Plastic,2,PET Plastic,0.997928261756897,0.0019572621677070856,7.167106446104299e-07,0.997928261756897,0.00010818943701451644,5.66578637517523e-06
/Users/aswanathjs/Downloads/test10/ai_plastic_waste_management_training/PP Plastic/irregular_containers/train_PP-96_jpg.rf.aec6ca49fecc115cc5090ef8493e58a5.jpg,3,PP Plastic,3,PP Plastic,0.9962322115898132,0.00015209625416900963,0.0033799607772380114,2.809765464917291e-05,0.9962322115898132,0.0002076846722047776
/Users/aswanathjs/Downloads/test10/ai_plastic_waste_management_training/PET Plastic/plastic_bottles/PET403.jpg,2,PET Plastic,2,PET Plastic,1.0,7.323944117842984e-09,3.581563101651142e-10,1.0,1.0204622036269484e-08,3.358343381165696e-09
/Users/aswanathjs/Downloads/test10/ai_plastic_waste_management_training/LDPE Plastic/plastic_bags/train_LDPE-0_jpg.rf.b47a37b99b1bc5be1b759c3acffb6a48.jpg,1,LDPE Plastic,1,LDPE Plastic,0.9999861717224121,9.373433158543776e-07,0.9999861717224121,8.665541827213019e-06,3.7270881421136437e-06,5.018438287152094e-07
/Users/aswanathjs/Downloads/test10/ai_plastic_waste_management_training/LDPE Plastic/black_white__plastic_bags/0048_jpg.rf.dd762cfb071cfab4175d95abfb0da0a8.jpg,1,LDPE Plastic,1,LDPE Plastic,0.9999898672103882,1.046863303599821e-06,0.9999898672103882,1.3312109103935654e-06,5.909779247303959e-06,1.78480559043237e-06
/Users/aswanathjs/Downloads/test10/ai_plastic_waste_management_training/PET Plastic/black_white_plastic_bottles/drmax_jpg.rf.84350c376fa54b0e21cdf7a2440b6c2c.jpg,2,PET Plastic,2,PET Plastic,0.9999498128890991,3.7328201869968325e-05,5.354833319870522e-06,0.9999498128890991,3.6670728604804026e-06,3.839714736386668e-06
/Users/aswanathjs/Downloads/test10/ai_plastic_waste_management_training/LDPE Plastic/black_white__plastic_bags/0169_jpg.rf.065339a4103cd68696b6a27a26715130.jpg,1,LDPE Plastic,1,LDPE Plastic,1.0,9.49444345366146e-09,1.0,1.7312570821381712e-10,1.2438687857496689e-09,3.4983245189579293e-09
/Users/aswanathjs/Downloads/test10/ai_plastic_waste_management_training/PET Plastic/shampoo_bottles/0050_a05b00c2d2e1f1g0h2.jpg,2,PET Plastic,2,PET Plastic,0.99985671043396,2.154829417122528e-05,1.1780733984778635e-05,0.99985671043396,0.00010373914119554684,6.225642664503539e-06
/Users/aswanathjs/Downloads/test10/ai_plastic_waste_management_training/PS Plastic/foam_sheets/PS-723_jpg.rf.1d002cf09c96407465d3bc4dd934b736.jpg,4,PS Plastic,4,PS Plastic,0.9999663829803467,3.135143288091058e-06,8.042439731070772e-06,2.0220800251991022e-06,2.040727667917963e-05,0.9999663829803467
/Users/aswanathjs/Downloads/test10/ai_plastic_waste_management_training/PP Plastic/round_containers/0095_a05b01c2d3e0f0g0h0.jpg,3,PP Plastic,3,PP Plastic,0.9999798536300659,1.9415629139984958e-05,3.716861840530328e-07,5.2225662017235663e-08,0.9999798536300659,3.1149804158303596e-07
/Users/aswanathjs/Downloads/test10/ai_plastic_waste_management_training/PS Plastic/foam_sheets/IMG_9356_JPG.rf.449d68e1e60fb945166a31c55a885523.jpg,4,PS Plastic,4,PS Plastic,0.9999986886978149,2.7511037892224977e-10,7.1772204845999e-10,1.360214355372591e-06,7.332093374286253e-14,0.9999986886978149
/Users/aswanathjs/Downloads/test10/ai_plastic_waste_management_training/PS Plastic/foam_sheets/IMG_9356_JPG.rf.c2efeb00e1e594b919446d1f81862b49.jpg,4,PS Plastic,4,PS Plastic,1.0,3.626937942688424e-12,3.316205532399863e-09,2.2477377736862536e-09,1.4120710080823412e-13,1.0
/Users/aswanathjs/Downloads/test10/ai_plastic_waste_management_training/PS Plastic/foam_sheets/IMG_9356_JPG.rf.d270e574363b08104a6b10f261779a2c.jpg,4,PS Plastic,4,PS Plastic,0.9999998807907104,1.0122721237626475e-11,6.546506114979422e-10,1.3633841433602356e-07,2.3110711630682347e-15,0.9999998807907104
/Users/aswanathjs/Downloads/test10/ai_plastic_waste_management_training/LDPE Plastic/bin_bags/Image_113.png,1,LDPE Plastic,1,LDPE Plastic,0.9987053871154785,0.000693900918122381,0.9987053871154785,0.00010135544289369136,0.0004405424406286329,5.88048787903972e-05
/Users/aswanathjs/Downloads/test10/ai_plastic_waste_management_training/PP Plastic/square_containers/Image_113.png,1,LDPE Plastic,3,PP Plastic,0.9634682536125183,0.005033532623201609,0.030645010992884636,5.7774876040639356e-05,0.9634682536125183,0.0007954728207550943
/Users/aswanathjs/Downloads/test10/ai_plastic_waste_management_training/PS Plastic/form_containers_grey/Image_113.png,1,LDPE Plastic,4,PS Plastic,0.5071830749511719,0.045525744557380676,0.32435664534568787,0.007008576299995184,0.11592599004507065,0.5071830749511719
/Users/aswanathjs/Downloads/test10/ai_plastic_waste_management_training/PS Plastic/foam_containers/Image_113.png,1,LDPE Plastic,4,PS Plastic,0.6276664733886719,0.04343903064727783,0.2247275561094284,0.010430354624986649,0.09373660385608673,0.6276664733886719
/Users/aswanathjs/Downloads/test10/ai_plastic_waste_management_training/PET Plastic/shampoo_bottles/0100_a05b00c1d0e0f0g0h0.jpg,2,PET Plastic,2,PET Plastic,1.0,6.548405151463044e-10,1.3842152979393063e-09,1.0,4.7550763326853485e-09,5.324871654721619e-10
/Users/aswanathjs/Downloads/test10/ai_plastic_waste_management_training/HDPE Plastic/shampoo_bottles/0061_a02b01c2d0e0f1g0h2.jpg,0,HDPE Plastic,0,HDPE Plastic,0.9999828338623047,0.9999828338623047,3.934956680495816e-07,4.885883754468523e-06,2.711934712351649e-06,9.180544111586642e-06
/Users/aswanathjs/Downloads/test10/ai_plastic_waste_management_training/PS Plastic/foam_sheets/PS-760_jpg.rf.482c5a6e014a9373db7547fe30aa4f5e.jpg,4,PS Plastic,4,PS Plastic,0.999997615814209,1.736397280183155e-06,1.2287051731618703e-07,1.313896973442752e-07,3.7802558949806553e-07,0.999997615814209
/Users/aswanathjs/Downloads/test10/ai_plastic_waste_management_training/PET Plastic/shampoo_bottles/0100_a05b00c1d1e0f0g0h2.jpg,2,PET Plastic,2,PET Plastic,0.9999980926513672,1.359347212570583e-08,5.8767245292301595e-08,0.9999980926513672,1.8924195046565728e-06,5.659700264004641e-09
/Users/aswanathjs/Downloads/test10/ai_plastic_waste_management_training/PET Plastic/plastic_bottles/PET442.jpg,2,PET Plastic,2,PET Plastic,0.9999946355819702,3.0181870442902436e-06,1.8669921928449185e-06,0.9999946355819702,1.3875862237000547e-07,3.351290160935605e-07
/Users/aswanathjs/Downloads/test10/ai_plastic_waste_management_training/HDPE Plastic/detergent_bottles/0039_a02b01c2d3e0f1g0h1.jpg,0,HDPE Plastic,0,HDPE Plastic,1.0,1.0,4.3925415388335054e-11,1.9549281637942784e-10,3.094499989586552e-09,3.094055844865551e-10
/Users/aswanathjs/Downloads/test10/ai_plastic_waste_management_training/LDPE Plastic/plastic_bags/plasticbag (180).jpg,1,LDPE Plastic,1,LDPE Plastic,0.9999998807907104,2.2404490707117475e-08,0.9999998807907104,3.645695134668614e-10,5.747861742122495e-09,4.401437792012075e-08
/Users/aswanathjs/Downloads/test10/ai_plastic_waste_management_training/LDPE Plastic/plastic_bags/P_W (1392).jpg,1,LDPE Plastic,1,LDPE Plastic,0.9990585446357727,0.00025511972489766777,0.9990585446357727,3.523901250446215e-05,0.000368192937457934,0.0002828696451615542
/Users/aswanathjs/Downloads/test10/ai_plastic_waste_management_training/PET Plastic/shampoo_bottles/0015_a05b00c1d0e1f1g0h3.jpg,2,PET Plastic,2,PET Plastic,0.9999963045120239,2.5573299353709444e-06,5.457052054680389e-08,0.9999963045120239,4.854248345509404e-07,5.082296752334514e-07
/Users/aswanathjs/Downloads/test10/ai_plastic_waste_management_training/LDPE Plastic/black_white__plastic_bags/0103_jpg.rf.4d437349b94708d7e37a79fca80dc4c5.jpg,1,LDPE Plastic,1,LDPE Plastic,0.999990701675415,3.980290159688593e-07,0.999990701675415,2.1003640426897618e-07,1.094077447305608e-06,7.602431196573889e-06
/Users/aswanathjs/Downloads/test10/ai_plastic_waste_management_training/LDPE Plastic/plastic_bags/LDPE-323_jpg.rf.375792d9fe526a399377f29d46bcf119.jpg,1,LDPE Plastic,1,LDPE Plastic,0.9999969005584717,6.480129144392777e-08,0.9999969005584717,4.5915143687125237e-07,6.466279955930077e-07,1.933794919750653e-06
/Users/aswanathjs/Downloads/test10/ai_plastic_waste_management_training/HDPE Plastic/detergent_bottles/IMG_20220209_182129.jpg,0,HDPE Plastic,0,HDPE Plastic,0.9524166584014893,0.9524166584014893,0.0001065116812242195,0.038609545677900314,0.008633101359009743,0.00023408727429341525
/Users/aswanathjs/Downloads/test10/ai_plastic_waste_management_training/PET Plastic/plastic_bottles/PET989.jpg,2,PET Plastic,2,PET Plastic,0.9999998807907104,1.7060254720036028e-07,2.131922904879957e-08,0.9999998807907104,1.3535458309732462e-09,6.883253522715904e-09
/Users/aswanathjs/Downloads/test10/ai_plastic_waste_management_training/HDPE Plastic/milk_bottles/HDPEM81.jpg,0,HDPE Plastic,0,HDPE Plastic,0.9999986886978149,0.9999986886978149,7.312488836674902e-09,7.29968292034755e-07,8.313114818747636e-08,5.12700808030786e-07
/Users/aswanathjs/Downloads/test10/ai_plastic_waste_management_training/PS Plastic/foam_containers/Image_211.png,4,PS Plastic,4,PS Plastic,0.6524919867515564,0.0628732293844223,0.1637277752161026,0.013410691171884537,0.10749628394842148,0.6524919867515564
/Users/aswanathjs/Downloads/test10/ai_plastic_waste_management_training/PP Plastic/square_containers/IMG_20220209_175258.jpg,3,PP Plastic,3,PP Plastic,0.9999983310699463,1.3181972917664098e-06,8.213863367245722e-08,3.984507657150971e-08,0.9999983310699463,2.0242913478796254e-07
/Users/aswanathjs/Downloads/test10/ai_plastic_waste_management_training/LDPE Plastic/plastic_bags/LDPE-604_jpg.rf.756b913bf5fcb4b486de84bf12c21774.jpg,1,LDPE Plastic,1,LDPE Plastic,0.999970555305481,3.926907083950937e-06,0.999970555305481,5.5549713806613e-07,6.608369403693359e-06,1.842073288571555e-05
/Users/aswanathjs/Downloads/test10/ai_plastic_waste_management_training/LDPE Plastic/plastic_bags/train_LDPE-54_jpg.rf.50fc13ad289d3716682a5c115cd3531d.jpg,1,LDPE Plastic,1,LDPE Plastic,0.9999979734420776,8.841956855576427e-07,0.9999979734420776,3.733642373049406e-08,5.617192755380529e-07,4.829464614886092e-07
/Users/aswanathjs/Downloads/test10/ai_plastic_waste_management_training/HDPE Plastic/detergent_bottles/0010_a02b01c2d2e0f1g0h3.jpg,0,HDPE Plastic,0,HDPE Plastic,1.0,1.0,1.405739274984441e-10,5.703075234286814e-10,1.8934385170865653e-09,3.51851853208629e-10
/Users/aswanathjs/Downloads/test10/ai_plastic_waste_management_training/HDPE Plastic/detergent_bottles/IMG_20220209_182730.jpg,0,HDPE Plastic,0,HDPE Plastic,0.9999990463256836,0.9999990463256836,6.137359775948426e-08,2.600946800157544e-07,6.566106094396673e-07,5.876057684872649e-08
/Users/aswanathjs/Downloads/test10/ai_plastic_waste_management_training/HDPE Plastic/milk_bottles/HDPEM201.jpg,0,HDPE Plastic,0,HDPE Plastic,1.0,1.0,2.9833968628878438e-09,3.0129385653054896e-09,3.7666097796318354e-08,1.4097683909142233e-08
/Users/aswanathjs/Downloads/test10/ai_plastic_waste_management_training/PET Plastic/black_white_plastic_bottles/bxwoj_jpg.rf.e4ac90cdf1ded1946460d46f3c654441.jpg,2,PET Plastic,2,PET Plastic,0.998499870300293,7.649281178601086e-05,0.0006007698830217123,0.998499870300293,0.0006752425106242299,0.00014769456174690276
"/Users/aswanathjs/Downloads/test10/ai_plastic_waste_management_training/PET Plastic/plastic_bottles/PET1,627.jpg",2,PET Plastic,2,PET Plastic,0.9999990463256836,7.209538352981326e-07,2.274366828203256e-08,0.9999990463256836,1.8752720620796026e-07,1.496538892808985e-08
/Users/aswanathjs/Downloads/test10/ai_plastic_waste_management_training/LDPE Plastic/plastic_bags/LDPE-38_jpg.rf.015f221730b5b26920216df131560310.jpg,1,LDPE Plastic,1,LDPE Plastic,0.9999792575836182,1.6611230648777564e-06,0.9999792575836182,3.952631288939301e-07,1.4599680980609264e-05,4.151479515712708e-06
/Users/aswanathjs/Downloads/test10/ai_plastic_waste_management_training/PS Plastic/foam_sheets/IMG_9341_JPG.rf.b4d717a5176faa98baf3981781ea5b0e.jpg,4,PS Plastic,4,PS Plastic,0.9999992847442627,1.2246441638552596e-09,3.1233849995260243e-07,3.240171224661026e-07,1.776098799283199e-13,0.9999992847442627
/Users/aswanathjs/Downloads/test10/ai_plastic_waste_management_training/PS Plastic/foam_sheets/IMG_9341_JPG.rf.579526ba104a927e9157888d71533d4a.jpg,4,PS Plastic,4,PS Plastic,0.999997615814209,7.937548502923164e-07,9.195554184771026e-07,6.286643383646151e-07,1.882412448139803e-08,0.999997615814209
/Users/aswanathjs/Downloads/test10/ai_plastic_waste_management_training/PS Plastic/foam_sheets/IMG_9341_JPG.rf.5a3b45c1a7038ff839c23cd70be7f93b.jpg,4,PS Plastic,4,PS Plastic,1.0,1.542377892072011e-10,7.048959194122517e-09,9.47969613918076e-09,3.2585255836919264e-14,1.0
/Users/aswanathjs/Downloads/test10/ai_plastic_waste_management_training/PET Plastic/black_white_plastic_bottles/cytxp_jpg.rf.cc5f967d7defe5addfcc405d6e8cb045.jpg,2,PET Plastic,2,PET Plastic,0.9999938011169434,5.249734840617748e-06,7.708262472760907e-08,0.9999938011169434,4.543437910342618e-07,4.941638280797633e-07
/Users/aswanathjs/Downloads/test10/ai_plastic_waste_management_training/HDPE Plastic/shampoo_bottles/0077_a02b01c2d1e0f1g0h2.jpg,0,HDPE Plastic,0,HDPE Plastic,1.0,1.0,9.127899824878938e-12,4.73073913376254e-10,3.195827977253707e-11,1.4523277025446646e-10
/Users/aswanathjs/Downloads/test10/ai_plastic_waste_management_training/HDPE Plastic/shampoo_bottles/0061_a02b01c1d1e0f1g0h4.jpg,0,HDPE Plastic,0,HDPE Plastic,0.9994986057281494,0.9994986057281494,1.3135408153175376e-05,5.204929402680136e-05,4.4182801502756774e-05,0.0003920319431927055
/Users/aswanathjs/Downloads/test10/ai_plastic_waste_management_training/LDPE Plastic/black_white__plastic_bags/0244_jpg.rf.ccfd6e3c23c652f24d479f7e3a9dd1c3.jpg,1,LDPE Plastic,1,LDPE Plastic,1.0,8.435840470610856e-09,1.0,4.057893188136319e-10,5.918665557658187e-10,1.4987197261007168e-08
/Users/aswanathjs/Downloads/test10/ai_plastic_waste_management_training/LDPE Plastic/bin_bags/Image_37.png,1,LDPE Plastic,1,LDPE Plastic,0.9963719844818115,0.0018286695703864098,0.9963719844818115,0.00020023342221975327,0.0012323360424488783,0.0003668400167953223
/Users/aswanathjs/Downloads/test10/ai_plastic_waste_management_training/PP Plastic/square_containers/Image_37.png,1,LDPE Plastic,1,LDPE Plastic,0.9448305368423462,0.01071223895996809,0.9448305368423462,0.00021933381503913552,0.04361123591661453,0.0006266325945034623
/Users/aswanathjs/Downloads/test10/ai_plastic_waste_management_training/PS Plastic/foam_containers/Image_37.png,1,LDPE Plastic,4,PS Plastic,0.5148545503616333,0.02949269488453865,0.08159752190113068,0.004017752129584551,0.37003740668296814,0.5148545503616333
/Users/aswanathjs/Downloads/test10/ai_plastic_waste_management_training/PS Plastic/foam_sheets/PS-548_jpg.rf.e7e36c9ebc2200666cac0fda232f739d.jpg,4,PS Plastic,4,PS Plastic,0.9999978542327881,2.0360125745355617e-06,7.052457817735558e-08,5.5041319058091176e-08,2.369610463404115e-08,0.9999978542327881
/Users/aswanathjs/Downloads/test10/ai_plastic_waste_management_training/HDPE Plastic/milk_bottles/HDPEM26.jpg,0,HDPE Plastic,0,HDPE Plastic,1.0,1.0,1.494506633025622e-19,5.620277638015781e-19,1.0091484727492597e-20,2.25556953599455e-18
/Users/aswanathjs/Downloads/test10/ai_plastic_waste_management_training/PET Plastic/black_white_plastic_bottles/aitlp_jpg.rf.217114f2f76b7474fca86cb653a94833.jpg,2,PET Plastic,2,PET Plastic,0.9998990297317505,7.591697067255154e-05,8.865826202963945e-06,0.9998990297317505,1.3365527593123261e-05,2.7273983960185433e-06
/Users/aswanathjs/Downloads/test10/ai_plastic_waste_management_training/PET Plastic/black_white_plastic_bottles/bnrfw_jpg.rf.2bc828426e9c1c5cad267d2579c86555.jpg,2,PET Plastic,2,PET Plastic,0.9999935626983643,1.2483642422012053e-06,2.367025672356249e-06,0.9999935626983643,1.8186541410614154e-06,1.0063581612484995e-06
/Users/aswanathjs/Downloads/test10/ai_plastic_waste_management_training/HDPE Plastic/shampoo_bottles/0076_a02b06c2d0e0f1g0h0.jpg,0,HDPE Plastic,0,HDPE Plastic,0.9986074566841125,0.9986074566841125,1.4093575373408385e-05,0.0013451409758999944,2.4998225853778422e-05,8.303275535581633e-06
/Users/aswanathjs/Downloads/test10/ai_plastic_waste_management_training/PP Plastic/round_containers/0032_a05b01c2d0e0f0g0h2.jpg,3,PP Plastic,3,PP Plastic,0.9219616055488586,0.0767667144536972,0.00027329346630722284,0.0001928359706653282,0.9219616055488586,0.0008054542122408748
/Users/aswanathjs/Downloads/test10/ai_plastic_waste_management_training/PET Plastic/plastic_bottles/PET548.jpg,2,PET Plastic,2,PET Plastic,0.9999986886978149,2.7489625153975794e-07,3.362376901350217e-07,0.9999986886978149,5.071238007303691e-08,6.714677169838978e-07
/Users/aswanathjs/Downloads/test10/ai_plastic_waste_management_training/PS Plastic/foam_sheets/PS-775_jpg.rf.cd132bb8ffafc291a243c7960246852d.jpg,4,PS Plastic,4,PS Plastic,0.9999963045120239,3.010766249644803e-06,1.9387822192129534e-07,1.6560667859266687e-07,4.5937716208754864e-07,0.9999963045120239
/Users/aswanathjs/Downloads/test10/ai_plastic_waste_management_training/HDPE Plastic/shampoo_bottles/0099_a02b01c1d1e0f1g0h4.jpg,0,HDPE Plastic,0,HDPE Plastic,1.0,1.0,2.5486747044431435e-15,9.523456377886e-14,4.19706621074354e-14,7.810209591693415e-14
"/Users/aswanathjs/Downloads/test10/ai_plastic_waste_management_training/HDPE Plastic/milk_bottles/HDPEM1,022.JPG",0,HDPE Plastic,0,HDPE Plastic,0.9999988079071045,0.9999988079071045,1.0306968611928369e-09,1.0288383691658964e-06,1.3167943180292241e-08,1.1209608175022368e-07
/Users/aswanathjs/Downloads/test10/ai_plastic_waste_management_training/PET Plastic/plastic_bottles/PET955.jpg,2,PET Plastic,2,PET Plastic,1.0,1.2649277181253638e-09,3.273657733782187e-10,1.0,2.5733501995972574e-09,1.182779096886577e-09
/Users/aswanathjs/Downloads/test10/ai_plastic_waste_management_training/PS Plastic/foam_containers/Image_185.png,4,PS Plastic,4,PS Plastic,0.5808007717132568,0.035048868507146835,0.1410648375749588,0.01573587954044342,0.22734962403774261,0.5808007717132568
/Users/aswanathjs/Downloads/test10/ai_plastic_waste_management_training/LDPE Plastic/black_white__plastic_bags/0051_jpg.rf.350925dc95a475cf5e1462022dd27616.jpg,1,LDPE Plastic,1,LDPE Plastic,0.9998528957366943,1.0117649935637019e-06,0.9998528957366943,1.0289826377629652e-06,4.757884016726166e-05,9.751396282808855e-05
/Users/aswanathjs/Downloads/test10/ai_plastic_waste_management_training/PS Plastic/foam_sheets/PS-792_jpg.rf.c4cb08f064535f65bb2c131706f50a21.jpg,4,PS Plastic,4,PS Plastic,0.9999908208847046,6.135606327006826e-06,5.089757451059995e-07,4.801632371709275e-07,2.1706327970605344e-06,0.9999908208847046
/Users/aswanathjs/Downloads/test10/ai_plastic_waste_management_training/PP Plastic/round_containers/0022_a05b00c2d1e0f0g0h1.jpg,3,PP Plastic,3,PP Plastic,0.999988317489624,4.400476427690592e-06,7.639220598321117e-07,6.498001766885864e-06,0.999988317489624,1.2756876799357997e-07
/Users/aswanathjs/Downloads/test10/ai_plastic_waste_management_training/LDPE Plastic/plastic_bags/plasticbag (126).jpg,1,LDPE Plastic,1,LDPE Plastic,0.9999994039535522,6.803476537697861e-08,0.9999994039535522,3.1100483965929016e-07,1.2884568434401444e-07,1.487466363414569e-07
/Users/aswanathjs/Downloads/test10/ai_plastic_waste_management_training/PET Plastic/black_white_plastic_bottles/csgqu_jpg.rf.859aadd97b4352462e24f0d5b849eb0c.jpg,2,PET Plastic,2,PET Plastic,0.9999805688858032,9.068463441508356e-06,1.796006046106413e-07,0.9999805688858032,9.044910257216543e-06,1.1244625284234644e-06
/Users/aswanathjs/Downloads/test10/ai_plastic_waste_management_training/LDPE Plastic/plastic_bags/LDPE-277_jpg.rf.0cad8f494c977241b4ef80afb0359042.jpg,1,LDPE Plastic,1,LDPE Plastic,0.9999982118606567,1.4600236397654953e-07,0.9999982118606567,1.6874564323643426e-07,1.0643217365213786e-06,3.9295159126595536e-07
/Users/aswanathjs/Downloads/test10/ai_plastic_waste_management_training/PP Plastic/round_containers/IMG_20220210_105629.jpg,3,PP Plastic,3,PP Plastic,0.9465460181236267,0.047636181116104126,0.0007131549646146595,0.004762053955346346,0.9465460181236267,0.0003425664908718318
/Users/aswanathjs/Downloads/test10/ai_plastic_waste_management_training/HDPE Plastic/milk_bottles/HDPEM106.jpg,0,HDPE Plastic,0,HDPE Plastic,0.9998164772987366,0.9998164772987366,1.3256538977657328e-07,0.00018109117809217423,9.240476401828346e-07,1.449273781872762e-06
/Users/aswanathjs/Downloads/test10/ai_plastic_waste_management_training/PET Plastic/plastic_bottles/PET997.jpg,2,PET Plastic,2,PET Plastic,0.9999938011169434,6.890712711538072e-07,5.441562734631589e-06,0.9999938011169434,3.361400047197094e-08,3.0878670287393106e-08
/Users/aswanathjs/Downloads/test10/ai_plastic_waste_management_training/PP Plastic/round_containers/0043_a06b01c2d2e0f0g0h2.jpg,3,PP Plastic,3,PP Plastic,0.9994751811027527,0.0005007126019336283,2.142266748705879e-05,7.172707796598843e-07,0.9994751811027527,1.9208014236937743e-06
/Users/aswanathjs/Downloads/test10/ai_plastic_waste_management_training/PS Plastic/foam_containers/Image_9.png,4,PS Plastic,4,PS Plastic,0.6228650212287903,0.022647105157375336,0.20056593418121338,0.004695693962275982,0.14922618865966797,0.6228650212287903
/Users/aswanathjs/Downloads/test10/ai_plastic_waste_management_training/PET Plastic/black_white_plastic_bottles/dcita_jpg.rf.270d280c79b9dba3ba7ae5443d447379.jpg,2,PET Plastic,2,PET Plastic,0.9999840259552002,1.3759714420302771e-05,2.777948679977271e-07,0.9999840259552002,7.496155944863858e-07,1.109228037421417e-06
/Users/aswanathjs/Downloads/test10/ai_plastic_waste_management_training/LDPE Plastic/bin_bags/Image_165.png,1,LDPE Plastic,1,LDPE Plastic,0.9986478686332703,0.0007213453645817935,0.9986478686332703,0.00010793930414365605,0.00046106637455523014,6.179268530104309e-05
/Users/aswanathjs/Downloads/test10/ai_plastic_waste_management_training/PP Plastic/square_containers/Image_165.png,1,LDPE Plastic,1,LDPE Plastic,0.8090209364891052,0.022291941568255424,0.8090209364891052,0.00060903379926458,0.1574661135673523,0.010611907579004765
/Users/aswanathjs/Downloads/test10/ai_plastic_waste_management_training/PS Plastic/form_containers_grey/Image_165.png,1,LDPE Plastic,4,PS Plastic,0.5616626739501953,0.033003076910972595,0.22008730471134186,0.005993993487209082,0.1792529672384262,0.5616626739501953
/Users/aswanathjs/Downloads/test10/ai_plastic_waste_management_training/PS Plastic/foam_containers/Image_165.png,1,LDPE Plastic,4,PS Plastic,0.72621750831604,0.02382798306643963,0.08891359716653824,0.004560446832329035,0.1564805507659912,0.72621750831604
/Users/aswanathjs/Downloads/test10/ai_plastic_waste_management_training/PET Plastic/shampoo_bottles/0050_a05b00c2d2e1f1g0h1.jpg,2,PET Plastic,2,PET Plastic,0.9999998807907104,8.70010765652296e-08,1.3377925434099325e-08,0.9999998807907104,4.045925550144602e-08,1.3867943460255105e-09
/Users/aswanathjs/Downloads/test10/ai_plastic_waste_management_training/LDPE Plastic/plastic_bags/LDPE-422_jpg.rf.3227a7e63f624c6cf1a4b13fcb82a1af.jpg,1,LDPE Plastic,1,LDPE Plastic,0.9999287128448486,4.871782039117534e-06,0.9999287128448486,6.742816822224995e-06,1.3763559763901867e-05,4.600905594998039e-05
/Users/aswanathjs/Downloads/test10/ai_plastic_waste_management_training/LDPE Plastic/plastic_bags/plasticbag (209).jpg,1,LDPE Plastic,1,LDPE Plastic,0.9955381155014038,0.0009557264274917543,0.9955381155014038,0.0005238157464191318,0.002576265251263976,0.00040610061842016876
/Users/aswanathjs/Downloads/test10/ai_plastic_waste_management_training/HDPE Plastic/milk_bottles/HDPEM250.jpg,0,HDPE Plastic,0,HDPE Plastic,0.999997615814209,0.999997615814209,1.4388299973688845e-07,1.8445533669364522e-06,3.065001692448277e-07,8.210630397798013e-08
/Users/aswanathjs/Downloads/test10/ai_plastic_waste_management_training/PS Plastic/foam_sheets/PS-570_jpg.rf.c1e576f77c7a9411bcec44f0938d9ee4.jpg,4,PS Plastic,4,PS Plastic,0.9999990463256836,6.870485549370642e-07,2.501604399185453e-07,3.47702915348691e-08,2.42935858096871e-08,0.9999990463256836
/Users/aswanathjs/Downloads/test10/ai_plastic_waste_management_training/HDPE Plastic/milk_bottles/HDPEM417.jpg,0,HDPE Plastic,0,HDPE Plastic,0.9999998807907104,0.9999998807907104,3.577270257792975e-09,4.058012947893985e-08,7.504053911588926e-08,4.573993628298467e-09
"/Users/aswanathjs/Downloads/test10/ai_plastic_waste_management_training/PET Plastic/plastic_bottles/PET1,149.jpg",2,PET Plastic,2,PET Plastic,0.9999984502792358,9.754443226484e-07,3.8983981198725814e-07,0.9999984502792358,2.648247132697179e-08,1.8465885887053446e-07
/Users/aswanathjs/Downloads/test10/ai_plastic_waste_management_training/LDPE Plastic/plastic_bags/train_LDPE-30_jpg.rf.b8df470679b54d451ca16ae7cb85ade5.jpg,1,LDPE Plastic,1,LDPE Plastic,0.9999732971191406,2.503143718968204e-07,0.9999732971191406,1.9873291989824793e-07,4.266966300292552e-07,2.5817969799390994e-05
/Users/aswanathjs/Downloads/test10/ai_plastic_waste_management_training/PET Plastic/plastic_bottles/PET507.jpg,2,PET Plastic,2,PET Plastic,0.9999995231628418,1.797378246237713e-07,9.791215660470698e-08,0.9999995231628418,7.521934008991593e-08,2.0350015006442845e-07
/Users/aswanathjs/Downloads/test10/ai_plastic_waste_management_training/LDPE Plastic/plastic_bags/train_LDPE-28_jpg.rf.be68b80e9ac812d5237101c87b4a9106.jpg,1,LDPE Plastic,1,LDPE Plastic,0.999996542930603,3.911877755058413e-08,0.999996542930603,3.0315518415591214e-06,3.0397231398637814e-07,1.1376442898836103e-08
/Users/aswanathjs/Downloads/test10/ai_plastic_waste_management_training/LDPE Plastic/black_white__plastic_bags/0251_jpg.rf.43d1bf3b60d305d5e85940d769b4f15b.jpg,1,LDPE Plastic,1,LDPE Plastic,1.0,1.7739377966563552e-08,1.0,2.7888946707577134e-09,3.576724916243279e-09,3.289433436748368e-08
/Users/aswanathjs/Downloads/test10/ai_plastic_waste_management_training/PP Plastic/round_containers/IMG_20220209_174516.jpg,3,PP Plastic,3,PP Plastic,0.9998776912689209,0.00010775534610729665,1.397000869474141e-05,2.9333614293136634e-07,0.9998776912689209,3.2624481605125766e-07
/Users/aswanathjs/Downloads/test10/ai_plastic_waste_management_training/PET Plastic/plastic_bottles/PET730.jpg,2,PET Plastic,2,PET Plastic,1.0,4.670165765219281e-08,1.6594836615979602e-10,1.0,3.047638807984754e-10,1.0386724813571391e-10
/Users/aswanathjs/Downloads/test10/ai_plastic_waste_management_training/PET Plastic/black_white_plastic_bottles/crpwg_jpg.rf.5155b165c8daf4ce65b9f23d37fa7fe7.jpg,2,PET Plastic,2,PET Plastic,0.9999535083770752,1.3290347851580009e-05,1.0332229066989385e-05,0.9999535083770752,2.189223414461594e-05,1.0164909554077894e-06
"/Users/aswanathjs/Downloads/test10/ai_plastic_waste_management_training/PET Plastic/plastic_bottles/PET1,649.jpg",2,PET Plastic,2,PET Plastic,0.9986863732337952,0.001277863048017025,2.968493390653748e-05,0.9986863732337952,2.5558001652825624e-06,3.531901711539831e-06
/Users/aswanathjs/Downloads/test10/ai_plastic_waste_management_training/LDPE Plastic/plastic_bags/train_LDPE-21_jpg.rf.d49a12a02092f718be5ff49097e31cf7.jpg,1,LDPE Plastic,1,LDPE Plastic,0.9999991655349731,1.4970436268413323e-07,0.9999991655349731,2.148073576790921e-07,1.547290118253386e-08,4.546908485281165e-07
"/Users/aswanathjs/Downloads/test10/ai_plastic_waste_management_training/PET Plastic/plastic_bottles/PET1,465.jpg",2,PET Plastic,2,PET Plastic,0.9998643398284912,3.824801297014346e-06,8.268801821031957e-07,0.9998643398284912,0.00013057563046459109,5.205830575505388e-07
/Users/aswanathjs/Downloads/test10/ai_plastic_waste_management_training/PET Plastic/plastic_bottles/PET845.jpg,2,PET Plastic,2,PET Plastic,0.9999617338180542,3.571863999241032e-05,8.455157995967966e-08,0.9999617338180542,3.4407361226840294e-07,2.0751363081217278e-06
/Users/aswanathjs/Downloads/test10/ai_plastic_waste_management_training/PET Plastic/shampoo_bottles/0080_a05b00c1d3e0f1g0h0.jpg,2,PET Plastic,2,PET Plastic,0.9999998807907104,1.2465720899967891e-08,1.1199292160313234e-08,0.9999998807907104,7.080615205268259e-08,3.4362135359344848e-09
/Users/aswanathjs/Downloads/test10/ai_plastic_waste_management_training/HDPE Plastic/shampoo_bottles/0023_a02b01c1d3e0f1g0h1.jpg,0,HDPE Plastic,0,HDPE Plastic,0.9999998807907104,0.9999998807907104,4.547158205525648e-09,1.2885906564008565e-08,9.718563376281963e-08,1.3970828938170143e-08
/Users/aswanathjs/Downloads/test10/ai_plastic_waste_management_training/PS Plastic/foam_sheets/PS-719_jpg.rf.bf0406b2e6441bf226bab17ef1385c5c.jpg,4,PS Plastic,4,PS Plastic,0.9999926090240479,4.382440693007084e-06,7.494519991269044e-07,3.7068872416057275e-07,1.8695861854212126e-06,0.9999926090240479
/Users/aswanathjs/Downloads/test10/ai_plastic_waste_management_training/PET Plastic/plastic_bottles/PET412.jpg,2,PET Plastic,2,PET Plastic,0.9999998807907104,1.6869009300535254e-07,8.737615075915528e-10,0.9999998807907104,1.2593240228397917e-08,4.516938378884561e-09
/Users/aswanathjs/Downloads/test10/ai_plastic_waste_management_training/PS Plastic/foam_sheets/PS-846_jpg.rf.578d88453f23f4c831e951b08d6ce3dd.jpg,4,PS Plastic,4,PS Plastic,1.0,3.949479410181311e-09,1.2300263585451887e-10,5.990901108532398e-10,2.2515983522097827e-10,1.0
/Users/aswanathjs/Downloads/test10/ai_plastic_waste_management_training/PET Plastic/black_white_plastic_bottles/cljxk_jpg.rf.2843d464c6d7fa8072b5c22279c4e799.jpg,2,PET Plastic,2,PET Plastic,0.9996683597564697,5.393257742980495e-05,5.2109095122432336e-05,0.9996683597564697,0.0001697433617664501,5.580613651545718e-05
/Users/aswanathjs/Downloads/test10/ai_plastic_waste_management_training/PET Plastic/plastic_bottles/PET497.jpg,2,PET Plastic,2,PET Plastic,0.9999997615814209,1.218485721210527e-07,1.9688611629931074e-08,0.9999997615814209,2.070820137589635e-08,1.3787817465527041e-07
/Users/aswanathjs/Downloads/test10/ai_plastic_waste_management_training/HDPE Plastic/shampoo_bottles/0023_a02b01c1d1e0f1g0h0.jpg,0,HDPE Plastic,0,HDPE Plastic,1.0,1.0,9.09154707073867e-09,3.4704912277305766e-09,9.362180364291817e-09,1.175432373656804e-08
/Users/aswanathjs/Downloads/test10/ai_plastic_waste_management_training/HDPE Plastic/detergent_bottles/0039_a02b01c1d0e0f1g0h1.jpg,0,HDPE Plastic,0,HDPE Plastic,1.0,1.0,2.5969576489259794e-10,2.222672740304077e-10,5.718967521772811e-10,1.962201512384354e-10
/Users/aswanathjs/Downloads/test10/ai_plastic_waste_management_training/PS Plastic/foam_containers/0058_a06b01c2d3e0f0g0h1.jpg,4,PS Plastic,4,PS Plastic,0.9999985694885254,9.573086572345346e-07,7.091905018796751e-08,5.533271973945375e-08,3.6198477459947753e-07,0.9999985694885254
"/Users/aswanathjs/Downloads/test10/ai_plastic_waste_management_training/PET Plastic/plastic_bottles/PET1,255.jpg",2,PET Plastic,2,PET Plastic,1.0,2.3472857435535843e-08,3.6989793450459274e-09,1.0,2.3447354280392574e-08,8.707087828518922e-10
/Users/aswanathjs/Downloads/test10/ai_plastic_waste_management_training/LDPE Plastic/plastic_bags/train_LDPE-31_jpg.rf.84a2977ca89b69b3f46edb0cbe4a8a6c.jpg,1,LDPE Plastic,1,LDPE Plastic,0.9999932050704956,3.956105047109304e-06,0.9999932050704956,2.4645860463579083e-08,5.735122954320104e-08,2.853317937479005e-06
/Users/aswanathjs/Downloads/test10/ai_plastic_waste_management_training/HDPE Plastic/milk_bottles/HDPEM104.jpg,0,HDPE Plastic,0,HDPE Plastic,0.999882698059082,0.999882698059082,1.3373117724313488e-08,0.0001153005359810777,1.9028689166589174e-06,1.642806068957725e-07
/Users/aswanathjs/Downloads/test10/ai_plastic_waste_management_training/PET Plastic/shampoo_bottles/0050_a05b00c1d3e1f1g0h4.jpg,2,PET Plastic,2,PET Plastic,1.0,4.3251863202087293e-10,6.90044466011841e-10,1.0,2.1526741500466073e-10,6.545654296363779e-11
/Users/aswanathjs/Downloads/test10/ai_plastic_waste_management_training/PET Plastic/plastic_bottles/PET723.jpg,2,PET Plastic,2,PET Plastic,1.0,1.960145157298143e-09,4.318377322398703e-10,1.0,1.132580834672936e-10,6.175692335991245e-12
/Users/aswanathjs/Downloads/test10/ai_plastic_waste_management_training/LDPE Plastic/bin_bags/Image_184.png,1,LDPE Plastic,1,LDPE Plastic,0.997121274471283,0.0003728778974618763,0.997121274471283,3.873412060784176e-05,0.002100185491144657,0.0003669160360004753
/Users/aswanathjs/Downloads/test10/ai_plastic_waste_management_training/LDPE Plastic/bin_bags_grey/Image_184.png,1,LDPE Plastic,1,LDPE Plastic,0.9966834187507629,0.0004661611746996641,0.9966834187507629,5.023193443776108e-05,0.002386418404057622,0.00041382957715541124
/Users/aswanathjs/Downloads/test10/ai_plastic_waste_management_training/PS Plastic/foam_containers/Image_184.png,1,LDPE Plastic,4,PS Plastic,0.6188631057739258,0.037348974496126175,0.11451088637113571,0.008688290603458881,0.2205888032913208,0.6188631057739258
/Users/aswanathjs/Downloads/test10/ai_plastic_waste_management_training/PET Plastic/plastic_bottles/PET392.jpg,2,PET Plastic,2,PET Plastic,1.0,3.927337033360345e-08,2.884717353879296e-08,1.0,3.026244144166412e-08,1.6848471062758108e-08
/Users/aswanathjs/Downloads/test10/ai_plastic_waste_management_training/PP Plastic/square_containers/Image_175.png,3,PP Plastic,3,PP Plastic,0.9999538660049438,4.1457813495071605e-05,2.7845871954923496e-06,1.0647318759993141e-07,0.9999538660049438,1.8562410559752607e-06
/Users/aswanathjs/Downloads/test10/ai_plastic_waste_management_training/PS Plastic/foam_containers/Image_175.png,3,PP Plastic,3,PP Plastic,0.5174772143363953,0.07131423056125641,0.14522933959960938,0.019311759620904922,0.5174772143363953,0.24666744470596313
/Users/aswanathjs/Downloads/test10/ai_plastic_waste_management_training/LDPE Plastic/plastic_bags/plasticbag (10).jpg,1,LDPE Plastic,1,LDPE Plastic,0.9965805411338806,0.002264000941067934,0.9965805411338806,2.614164986880496e-05,0.0008330672280862927,0.0002963368606287986
/Users/aswanathjs/Downloads/test10/ai_plastic_waste_management_training/LDPE Plastic/black_white__plastic_bags/0092_jpg.rf.2cf02337b6a42e1d81d749ed38dafce8.jpg,1,LDPE Plastic,1,LDPE Plastic,1.0,2.5466720288136457e-08,1.0,5.14808473628392e-10,1.6768801458511007e-08,1.891522671826351e-08
/Users/aswanathjs/Downloads/test10/ai_plastic_waste_management_training/LDPE Plastic/plastic_bags/plasticbag (197).jpg,1,LDPE Plastic,1,LDPE Plastic,0.999718964099884,7.735950930509716e-06,0.999718964099884,5.905615125811892e-06,2.260195105918683e-05,0.00024470171774737537
/Users/aswanathjs/Downloads/test10/ai_plastic_waste_management_training/PP Plastic/rectangle_containers/test_PP-9-_jpg.rf.9d2fff290e08d6db8a91e9399d8df6c4.jpg,3,PP Plastic,3,PP Plastic,0.9993738532066345,0.00014593341620638967,0.0004141622921451926,2.9995978820807068e-06,0.9993738532066345,6.312251935014501e-05
/Users/aswanathjs/Downloads/test10/ai_plastic_waste_management_training/PP Plastic/rectangle_containers_grey/test_PP-9-_jpg.rf.9d2fff290e08d6db8a91e9399d8df6c4.jpg,3,PP Plastic,3,PP Plastic,0.9955163598060608,0.0005433564074337482,0.003033712971955538,3.7227899156278e-05,0.9955163598060608,0.0008693565032444894
/Users/aswanathjs/Downloads/test10/ai_plastic_waste_management_training/PET Plastic/shampoo_bottles/0015_a05b00c2d1e1f1g0h2.jpg,2,PET Plastic,2,PET Plastic,1.0,3.4749376709442004e-08,7.311421468259027e-10,1.0,8.498172721083108e-10,1.4418400917648455e-09
/Users/aswanathjs/Downloads/test10/ai_plastic_waste_management_training/PP Plastic/square_containers/Image_192.png,3,PP Plastic,3,PP Plastic,0.9222378134727478,0.040354494005441666,0.026913829147815704,0.000433266133768484,0.9222378134727478,0.010060582309961319
/Users/aswanathjs/Downloads/test10/ai_plastic_waste_management_training/PS Plastic/foam_containers/Image_192.png,3,PP Plastic,3,PP Plastic,0.6879044771194458,0.01992434449493885,0.09297788888216019,0.00963191781193018,0.6879044771194458,0.1895613670349121
/Users/aswanathjs/Downloads/test10/ai_plastic_waste_management_training/PET Plastic/shampoo_bottles/0100_a05b00c2d1e0f0g0h1.jpg,2,PET Plastic,2,PET Plastic,0.9999986886978149,1.7406632579763937e-08,1.1438504543548333e-07,0.9999986886978149,1.2165900216132286e-06,5.422594373527545e-09
/Users/aswanathjs/Downloads/test10/ai_plastic_waste_management_training/PET Plastic/plastic_bottles/PET370.jpg,2,PET Plastic,2,PET Plastic,1.0,2.1117967818895522e-08,7.496383069849344e-09,1.0,8.28060020552357e-09,9.584343985125088e-09
/Users/aswanathjs/Downloads/test10/ai_plastic_waste_management_training/PET Plastic/black_white_plastic_bottles/cdupi_jpg.rf.09ca0d8134037c17c3a12ef8ce06151a.jpg,2,PET Plastic,2,PET Plastic,0.999276340007782,0.0005211425013840199,1.4169140740705188e-05,0.999276340007782,0.0001787400833563879,9.665584002505057e-06
/Users/aswanathjs/Downloads/test10/ai_plastic_waste_management_training/LDPE Plastic/black_white__plastic_bags/0025_jpg.rf.6de9afef7eeac63c4e5900ddf504e4ef.jpg,1,LDPE Plastic,1,LDPE Plastic,0.9999874830245972,5.792843467133935e-07,0.9999874830245972,2.9598956174936575e-08,2.0769598449987825e-06,9.8774198704632e-06
/Users/aswanathjs/Downloads/test10/ai_plastic_waste_management_training/LDPE Plastic/black_white__plastic_bags/0285_jpg.rf.9490d4f310bf55e0d3994b8594c36b66.jpg,1,LDPE Plastic,1,LDPE Plastic,0.9999994039535522,4.759778846619156e-07,0.9999994039535522,4.952601884156138e-09,8.416388475041003e-09,1.5938731223741343e-07
/Users/aswanathjs/Downloads/test10/ai_plastic_waste_management_training/LDPE Plastic/black_white__plastic_bags/0131_jpg.rf.fab7d748a4a3173bd681b71d0470a0b9.jpg,1,LDPE Plastic,1,LDPE Plastic,0.9979428648948669,0.00058597611496225,0.9979428648948669,4.177305891062133e-05,0.0002029260795097798,0.0012264333199709654
"/Users/aswanathjs/Downloads/test10/ai_plastic_waste_management_training/HDPE Plastic/milk_bottles/HDPEM1,023.JPG",0,HDPE Plastic,0,HDPE Plastic,0.9999996423721313,0.9999996423721313,2.7777136146767134e-09,1.4691113392473198e-07,5.528296487256057e-09,2.242506269567457e-07
/Users/aswanathjs/Downloads/test10/ai_plastic_waste_management_training/LDPE Plastic/plastic_bags/plasticbag (72).jpg,1,LDPE Plastic,1,LDPE Plastic,0.9990624785423279,4.3397326408012304e-06,0.9990624785423279,2.71021917797043e-06,7.473844016203657e-05,0.0008557278197258711
/Users/aswanathjs/Downloads/test10/ai_plastic_waste_management_training/LDPE Plastic/black_white__plastic_bags/0065_jpg.rf.93c3c3217441af813392d166aacbae5f.jpg,1,LDPE Plastic,1,LDPE Plastic,0.9997000694274902,4.7104542318265885e-05,0.9997000694274902,1.791860631783493e-05,0.00022950036509428173,5.371835868572816e-06
/Users/aswanathjs/Downloads/test10/ai_plastic_waste_management_training/HDPE Plastic/shampoo_bottles/0075_a02b01c2d1e0f0g0h4.jpg,0,HDPE Plastic,0,HDPE Plastic,0.9999020099639893,0.9999020099639893,1.3774372291663894e-06,9.343933197669685e-05,8.645995421829866e-07,2.3138413780543488e-06
/Users/aswanathjs/Downloads/test10/ai_plastic_waste_management_training/HDPE Plastic/milk_bottles/HDPEM407.jpg,0,HDPE Plastic,0,HDPE Plastic,1.0,1.0,4.682110255060934e-11,4.6876412473917384e-11,1.2182541087035759e-10,2.5040887766114572e-11
"/Users/aswanathjs/Downloads/test10/ai_plastic_waste_management_training/PET Plastic/plastic_bottles/PET1,447.jpg",2,PET Plastic,2,PET Plastic,0.999998927116394,2.067464777155692e-07,1.591308631532229e-07,0.999998927116394,6.361751161421125e-07,7.726550066422533e-09
/Users/aswanathjs/Downloads/test10/ai_plastic_waste_management_training/PET Plastic/black_white_plastic_bottles/cjpsy_jpg.rf.3194f126fb4a49fb0908791283d80b8e.jpg,2,PET Plastic,2,PET Plastic,0.9999961853027344,7.700422202105983e-07,1.2881350812676828e-06,0.9999961853027344,8.283042234324967e-07,8.933668596000643e-07
/Users/aswanathjs/Downloads/test10/ai_plastic_waste_management_training/PS Plastic/foam_sheets/Plastic_376_jpg.rf.14b8dbe731b220c7da8b5cb195682226.jpg,4,PS Plastic,4,PS Plastic,0.9999977350234985,2.3148927539295983e-06,4.055022984061907e-09,8.779214688559023e-09,6.525134599311144e-11,0.9999977350234985
/Users/aswanathjs/Downloads/test10/ai_plastic_waste_management_training/PP Plastic/square_containers_grey/orangecontainer.jpg,3,PP Plastic,3,PP Plastic,0.9999994039535522,4.894445169156825e-07,7.744514363139388e-08,5.934434277321543e-09,0.9999994039535522,1.1754893725068882e-09
/Users/aswanathjs/Downloads/test10/ai_plastic_waste_management_training/PP Plastic/square_containers/orangecontainer.jpg,3,PP Plastic,3,PP Plastic,0.9999994039535522,5.645831038236793e-07,3.2420125251064746e-08,1.1918913633834904e-09,0.9999994039535522,2.0904572517466136e-10
/Users/aswanathjs/Downloads/test10/ai_plastic_waste_management_training/PP Plastic/square_containers/Image_118.png,3,PP Plastic,3,PP Plastic,0.4988040328025818,0.015374976210296154,0.4679388105869293,0.00045534904347732663,0.4988040328025818,0.017426788806915283
/Users/aswanathjs/Downloads/test10/ai_plastic_waste_management_training/PS Plastic/foam_containers/Image_118.png,3,PP Plastic,3,PP Plastic,0.5728415846824646,0.12486761808395386,0.16745568811893463,0.010228153318166733,0.5728415846824646,0.12460700422525406
/Users/aswanathjs/Downloads/test10/ai_plastic_waste_management_training/HDPE Plastic/shampoo_bottles/0065_a02b03c1d2e0f1g0h4.jpg,0,HDPE Plastic,0,HDPE Plastic,1.0,1.0,1.3732461001669805e-10,3.935273495958569e-10,9.906664377723473e-10,8.946153817745994e-10
/Users/aswanathjs/Downloads/test10/ai_plastic_waste_management_training/HDPE Plastic/shampoo_bottles/0076_a02b06c1d3e0f1g0h0.jpg,0,HDPE Plastic,0,HDPE Plastic,1.0,1.0,4.582892731974653e-09,2.6488775617394822e-08,2.1696167085138995e-09,3.0975706444280604e-09
"/Users/aswanathjs/Downloads/test10/ai_plastic_waste_management_training/PET Plastic/plastic_bottles/PET1,241.jpg",2,PET Plastic,2,PET Plastic,1.0,7.18919412889818e-09,8.73553762659185e-09,1.0,7.556398839980716e-10,9.852840765489645e-11
/Users/aswanathjs/Downloads/test10/ai_plastic_waste_management_training/PP Plastic/square_containers/Image_50.png,3,PP Plastic,3,PP Plastic,0.9423871040344238,0.009530664421617985,0.046432673931121826,0.00010559598740655929,0.9423871040344238,0.0015439455164596438
/Users/aswanathjs/Downloads/test10/ai_plastic_waste_management_training/PS Plastic/foam_containers/Image_50.png,3,PP Plastic,4,PS Plastic,0.6892223358154297,0.026710927486419678,0.10916346311569214,0.005096858367323875,0.16980645060539246,0.6892223358154297
"/Users/aswanathjs/Downloads/test10/ai_plastic_waste_management_training/PET Plastic/plastic_bottles/PET1,618.jpg",2,PET Plastic,2,PET Plastic,0.9951844811439514,0.004807483870536089,3.873207788274158e-06,0.9951844811439514,1.0479921002115589e-06,3.1681770451541524e-06
/Users/aswanathjs/Downloads/test10/ai_plastic_waste_management_training/LDPE Plastic/plastic_bags/LDPE-129_jpg.rf.bd87ae80d240c75440e24a8f94624de0.jpg,1,LDPE Plastic,1,LDPE Plastic,0.9999678134918213,4.8205147322732955e-06,0.9999678134918213,1.8810806068358943e-06,4.467478902370203e-06,2.1108762666699477e-05
/Users/aswanathjs/Downloads/test10/ai_plastic_waste_management_training/PET Plastic/shampoo_bottles/0080_a05b00c2d1e0f1g0h4.jpg,2,PET Plastic,2,PET Plastic,0.9999977350234985,2.1278883650666103e-06,6.2789977661736884e-09,0.9999977350234985,1.4646083457137138e-07,4.0845382187626456e-08
/Users/aswanathjs/Downloads/test10/ai_plastic_waste_management_training/LDPE Plastic/plastic_bags/plasticbag (193).jpg,1,LDPE Plastic,1,LDPE Plastic,0.9999998807907104,1.2854656894489835e-08,0.9999998807907104,1.0727625454620693e-09,5.772078282006987e-08,1.426839872920027e-07
/Users/aswanathjs/Downloads/test10/ai_plastic_waste_management_training/PET Plastic/shampoo_bottles/0100_a05b00c2d1e0f0g0h2.jpg,2,PET Plastic,2,PET Plastic,0.9999996423721313,2.9001676615791894e-09,1.7041379862803296e-08,0.9999996423721313,3.113577804469969e-07,1.6547492265317487e-09
"/Users/aswanathjs/Downloads/test10/ai_plastic_waste_management_training/HDPE Plastic/milk_bottles/HDPEM1,004.JPG",0,HDPE Plastic,0,HDPE Plastic,0.99991774559021,0.99991774559021,2.8564548296139414e-11,8.229271770687774e-05,5.272778394460609e-11,4.105181261593316e-08
"/Users/aswanathjs/Downloads/test10/ai_plastic_waste_management_training/HDPE Plastic/milk_bottles_grey/HDPEM1,004.JPG",0,HDPE Plastic,0,HDPE Plastic,0.9998570680618286,0.9998570680618286,1.0361389080060235e-08,0.00014268395898398012,6.056911860952141e-09,2.048848273261683e-07
/Users/aswanathjs/Downloads/test10/ai_plastic_waste_management_training/LDPE Plastic/black_white__plastic_bags/0005_jpg.rf.3c08b63b37ea52926895eb6508d6d17b.jpg,1,LDPE Plastic,1,LDPE Plastic,0.9998315572738647,2.996289185830392e-05,0.9998315572738647,2.0765683075296693e-06,3.8937985664233565e-05,9.739245433593169e-05
/Users/aswanathjs/Downloads/test10/ai_plastic_waste_management_training/LDPE Plastic/plastic_bags/plasticbag (196).jpg,1,LDPE Plastic,1,LDPE Plastic,0.8601239323616028,0.00044384534703567624,0.8601239323616028,0.00013549414870794863,0.1388292908668518,0.00046740667312406003
/Users/aswanathjs/Downloads/test10/ai_plastic_waste_management_training/PS Plastic/foam_containers/styrofoam-152-_jpg.rf.85bd94b3d2d7b7228c3d1fb1b6f98ada.jpg,4,PS Plastic,4,PS Plastic,0.9995920062065125,6.98775183991529e-05,0.00029171889764256775,3.4537817555246875e-05,1.1955534318985883e-05,0.9995920062065125
/Users/aswanathjs/Downloads/test10/ai_plastic_waste_management_training/HDPE Plastic/milk_bottles/HDPEM110.jpg,0,HDPE Plastic,0,HDPE Plastic,0.9999998807907104,0.9999998807907104,5.952617843085761e-10,7.64318883739179e-08,1.031668173112621e-08,4.150197074892503e-09
/Users/aswanathjs/Downloads/test10/ai_plastic_waste_management_training/LDPE Plastic/bubble_wrap/train_LDPE-75_jpg.rf.774086413daadb20a94091c69cb92c3b.jpg,1,LDPE Plastic,1,LDPE Plastic,0.9999984502792358,1.2034153087370214e-06,0.9999984502792358,3.352335227191361e-07,5.564724236961638e-09,1.1594209148313439e-08
/Users/aswanathjs/Downloads/test10/ai_plastic_waste_management_training/PET Plastic/black_white_plastic_bottles/ayods_jpg.rf.a1eafc0f28f24cda0021d54322d0b0ff.jpg,2,PET Plastic,2,PET Plastic,0.9383893013000488,0.047631751745939255,6.294844934018329e-05,0.9383893013000488,0.013850120827555656,6.59368306514807e-05
/Users/aswanathjs/Downloads/test10/ai_plastic_waste_management_training/HDPE Plastic/shampoo_bottles/0063_a02b01c2d1e0f1g1h3.jpg,0,HDPE Plastic,0,HDPE Plastic,0.999943733215332,0.999943733215332,7.682619980187155e-07,1.1977638678217772e-05,8.705096661287826e-06,3.4935939766000956e-05
/Users/aswanathjs/Downloads/test10/ai_plastic_waste_management_training/PS Plastic/foam_sheets/PS-755_jpg.rf.5cbd0650fb21aaba6e85354b463a4a92.jpg,4,PS Plastic,4,PS Plastic,0.9999160766601562,3.1607232813257724e-05,1.6449585018563084e-05,1.988101530514541e-06,3.387140895938501e-05,0.9999160766601562
/Users/aswanathjs/Downloads/test10/ai_plastic_waste_management_training/HDPE Plastic/detergent_bottles/0039_a02b01c2d0e0f1g0h4.jpg,0,HDPE Plastic,0,HDPE Plastic,0.9999997615814209,0.9999997615814209,8.56138093752179e-09,1.0052890075940013e-08,2.688781250981265e-07,3.1862946059391106e-08
/Users/aswanathjs/Downloads/test10/ai_plastic_waste_management_training/LDPE Plastic/plastic_bags/train_LDPE-36_jpg.rf.29e7ce23f14b4a6abe4e217fd79e2234.jpg,1,LDPE Plastic,1,LDPE Plastic,0.9999997615814209,2.8400759788382857e-07,0.9999997615814209,7.639288646110742e-10,1.091282508802749e-09,1.049480591319707e-08
"/Users/aswanathjs/Downloads/test10/ai_plastic_waste_management_training/PET Plastic/plastic_bottles/PET1,648.jpg",2,PET Plastic,2,PET Plastic,0.9999887943267822,1.0832204679900315e-05,2.5322782448711223e-07,0.9999887943267822,1.294094147397118e-07,1.7881001568298416e-08
/Users/aswanathjs/Downloads/test10/ai_plastic_waste_management_training/PET Plastic/plastic_bottles/PET454.jpg,2,PET Plastic,2,PET Plastic,0.9999899864196777,2.2414465092879254e-06,7.435492221929962e-08,0.9999899864196777,6.403422958101146e-06,1.2983809938305058e-06
/Users/aswanathjs/Downloads/test10/ai_plastic_waste_management_training/HDPE Plastic/milk_bottles/HDPEM438.jpg,0,HDPE Plastic,0,HDPE Plastic,0.9999903440475464,0.9999903440475464,1.9585202792882228e-08,8.76138892635936e-06,3.777709309815691e-07,6.119273621152388e-07
/Users/aswanathjs/Downloads/test10/ai_plastic_waste_management_training/LDPE Plastic/bin_bags/Image_76.png,1,LDPE Plastic,1,LDPE Plastic,0.9926227331161499,0.0042876023799180984,0.9926227331161499,0.0004908369737677276,0.0020931283943355083,0.0005056720110587776
/Users/aswanathjs/Downloads/test10/ai_plastic_waste_management_training/PP Plastic/square_containers/Image_76.png,1,LDPE Plastic,1,LDPE Plastic,0.4420873820781708,0.15701140463352203,0.4420873820781708,0.0013525980757549405,0.38488736748695374,0.014661283232271671
/Users/aswanathjs/Downloads/test10/ai_plastic_waste_management_training/PS Plastic/foam_containers/Image_76.png,1,LDPE Plastic,4,PS Plastic,0.7313311696052551,0.027093565091490746,0.08129183202981949,0.0015384599100798368,0.1587449461221695,0.7313311696052551
/Users/aswanathjs/Downloads/test10/ai_plastic_waste_management_training/PET Plastic/plastic_bottles/PET673.jpg,2,PET Plastic,2,PET Plastic,1.0,5.5432199275173843e-08,1.0052586318920476e-08,1.0,1.9245225857389414e-08,1.5182434198734995e-09
/Users/aswanathjs/Downloads/test10/ai_plastic_waste_management_training/PP Plastic/round_containers/IMG_20220210_105844.jpg,3,PP Plastic,3,PP Plastic,0.996123731136322,0.003021633718162775,0.00013873848365619779,0.00048149682697840035,0.996123731136322,0.0002344613749301061
/Users/aswanathjs/Downloads/test10/ai_plastic_waste_management_training/PS Plastic/foam_containers/Image_122.png,4,PS Plastic,4,PS Plastic,0.6993409991264343,0.017447419464588165,0.055677853524684906,0.004447753541171551,0.22308596968650818,0.6993409991264343
/Users/aswanathjs/Downloads/test10/ai_plastic_waste_management_training/PP Plastic/square_containers_grey/Image_203.png,3,PP Plastic,3,PP Plastic,0.9890511631965637,0.00025885881041176617,0.005745690315961838,9.767407027538866e-05,0.9890511631965637,0.004846592899411917
/Users/aswanathjs/Downloads/test10/ai_plastic_waste_management_training/PP Plastic/square_containers/Image_203.png,3,PP Plastic,3,PP Plastic,0.9902713894844055,0.0003535486466716975,0.006595826242119074,3.1688541639596224e-05,0.9902713894844055,0.002747535239905119
/Users/aswanathjs/Downloads/test10/ai_plastic_waste_management_training/PS Plastic/foam_containers/Image_203.png,3,PP Plastic,3,PP Plastic,0.5956494212150574,0.031709302216768265,0.010686760768294334,0.007228472735732794,0.5956494212150574,0.35472604632377625
/Users/aswanathjs/Downloads/test10/ai_plastic_waste_management_training/PET Plastic/black_white_plastic_bottles/apkre_jpg.rf.ea93618a937a0de3528ee57319afe542.jpg,2,PET Plastic,2,PET Plastic,0.9996395111083984,0.00010033469152403995,0.00015237911429721862,0.9996395111083984,5.1809092838084325e-05,5.597284689429216e-05
/Users/aswanathjs/Downloads/test10/ai_plastic_waste_management_training/HDPE Plastic/milk_bottles/HDPEM128.jpg,0,HDPE Plastic,0,HDPE Plastic,1.0,1.0,4.47587411578354e-10,3.025090222763538e-08,4.004519826850128e-09,4.0835637094005506e-09
/Users/aswanathjs/Downloads/test10/ai_plastic_waste_management_training/PP Plastic/round_containers/cream.jpg,3,PP Plastic,3,PP Plastic,0.9998058676719666,0.00011432924657128751,2.2527518012793735e-05,3.2179017580347136e-05,0.9998058676719666,2.517335997254122e-05
/Users/aswanathjs/Downloads/test10/ai_plastic_waste_management_training/PS Plastic/foam_containers/plastic-23-_jpg.rf.84b851e52b8b9f1cd0d2c523b1f636af.jpg,4,PS Plastic,4,PS Plastic,0.9982869029045105,0.0003252997121307999,0.0011523367138579488,0.00013282902364153415,0.00010271143401041627,0.9982869029045105
/Users/aswanathjs/Downloads/test10/ai_plastic_waste_management_training/HDPE Plastic/detergent_bottles/0098_a02b03c2d3e0f0g0h0.jpg,0,HDPE Plastic,0,HDPE Plastic,1.0,1.0,5.099759725624153e-09,2.3579058705536227e-09,4.798702946118283e-08,3.363600065142691e-09
/Users/aswanathjs/Downloads/test10/ai_plastic_waste_management_training/HDPE Plastic/detergent_botteles_grey/0098_a02b03c2d3e0f0g0h0.jpg,0,HDPE Plastic,0,HDPE Plastic,0.9987685084342957,0.9987685084342957,6.12527273347041e-08,9.429513880832019e-08,0.0012310626916587353,2.552749265305465e-07
/Users/aswanathjs/Downloads/test10/ai_plastic_waste_management_training/PET Plastic/black_white_plastic_bottles/dafyh_jpg.rf.076c73290a94ca01aef23325419a693c.jpg,2,PET Plastic,2,PET Plastic,0.9999970197677612,6.601133577532892e-07,3.757293995931832e-07,0.9999970197677612,9.88996021078492e-07,1.067278276423167e-06
/Users/aswanathjs/Downloads/test10/ai_plastic_waste_management_training/LDPE Plastic/black_white__plastic_bags/0181_jpg.rf.d1a2b529ab43e74fdd4400ead4a2e147.jpg,1,LDPE Plastic,1,LDPE Plastic,0.9999998807907104,3.685719462964698e-08,0.9999998807907104,1.7196413182318793e-08,5.637558864179937e-09,1.6276020531336144e-08
/Users/aswanathjs/Downloads/test10/ai_plastic_waste_management_training/PS Plastic/foam_containers/0058_a06b01c1d0e0f0g0h2.jpg,4,PS Plastic,4,PS Plastic,0.9999910593032837,7.994918632903136e-06,2.139396002576177e-07,3.733244682280201e-07,4.3203843347328075e-07,0.9999910593032837
/Users/aswanathjs/Downloads/test10/ai_plastic_waste_management_training/HDPE Plastic/shampoo_bottles/0065_a02b03c1d3e0f1g0h1.jpg,0,HDPE Plastic,0,HDPE Plastic,1.0,1.0,9.623797314617377e-10,7.609425090038258e-09,1.1334463145828977e-08,2.5622082233667243e-09
/Users/aswanathjs/Downloads/test10/ai_plastic_waste_management_training/PET Plastic/black_white_plastic_bottles/axjwn_jpg.rf.930c442321a753724f00d9eeac68df83.jpg,2,PET Plastic,2,PET Plastic,0.9999871253967285,2.1333163147119194e-07,1.116469138651155e-05,0.9999871253967285,1.2783990541720414e-06,2.8784324968000874e-07
/Users/aswanathjs/Downloads/test10/ai_plastic_waste_management_training/HDPE Plastic/shampoo_bottles/0099_a02b01c2d0e0f1g0h1.jpg,0,HDPE Plastic,0,HDPE Plastic,1.0,1.0,1.915229606852531e-11,1.681259576002958e-10,3.4796895920230497e-10,1.6700987814921575e-10
/Users/aswanathjs/Downloads/test10/ai_plastic_waste_management_training/PET Plastic/black_white_plastic_bottles/dlqim_jpg.rf.49aecf04ac43203ab00f4ba6060dd26a.jpg,2,PET Plastic,2,PET Plastic,0.9999923706054688,1.429342660230759e-06,2.5391204871993978e-06,0.9999923706054688,1.1995157365163323e-06,2.4551839032938005e-06
/Users/aswanathjs/Downloads/test10/ai_plastic_waste_management_training/HDPE Plastic/milk_bottles/HDPEM411.jpg,0,HDPE Plastic,0,HDPE Plastic,1.0,1.0,6.499052684905138e-11,2.821734165769918e-11,5.071807904211134e-11,2.1885838627500043e-11
/Users/aswanathjs/Downloads/test10/ai_plastic_waste_management_training/PS Plastic/foam_sheets/PS-831_jpg.rf.85802094eda0cff845692991503fa453.jpg,4,PS Plastic,4,PS Plastic,1.0,1.1992650428283014e-08,4.09759004504906e-10,1.6304195771255081e-09,9.501431863512266e-10,1.0
/Users/aswanathjs/Downloads/test10/ai_plastic_waste_management_training/PS Plastic/foam_sheets/PS-707_jpg.rf.94f9902175998b011ca94b428c05fc69.jpg,4,PS Plastic,4,PS Plastic,0.9999639987945557,8.514757610100787e-06,4.1366665755049326e-06,9.599629265721887e-06,1.3778138054476585e-05,0.9999639987945557
/Users/aswanathjs/Downloads/test10/ai_plastic_waste_management_training/PET Plastic/shampoo_bottles/IMG_20220209_220416.jpg,2,PET Plastic,2,PET Plastic,0.9912331700325012,0.0025633445475250483,1.5794747014297172e-05,0.9912331700325012,0.006119060795754194,6.869226490380242e-05
/Users/aswanathjs/Downloads/test10/ai_plastic_waste_management_training/HDPE Plastic/shampoo_bottles/0065_a02b03c2d2e0f1g0h1.jpg,0,HDPE Plastic,0,HDPE Plastic,1.0,1.0,5.4091109369380774e-09,3.73818709320517e-09,1.4631015843313833e-10,4.4776929386536324e-10
/Users/aswanathjs/Downloads/test10/ai_plastic_waste_management_training/PP Plastic/square_containers_grey/0011_a05b00c2d3e0f0g0h1.jpg,3,PP Plastic,3,PP Plastic,0.9997876286506653,0.00010174453927902505,4.333695687819272e-05,6.3455750932917e-05,0.9997876286506653,3.776109679165529e-06
/Users/aswanathjs/Downloads/test10/ai_plastic_waste_management_training/PP Plastic/rectangle_containers/0011_a05b00c2d3e0f0g0h1.jpg,3,PP Plastic,3,PP Plastic,0.9987667798995972,2.631975439726375e-05,1.6114801837829873e-05,0.001180501887574792,0.9987667798995972,1.0338386346120387e-05
/Users/aswanathjs/Downloads/test10/ai_plastic_waste_management_training/PP Plastic/square_containers/0011_a05b00c2d3e0f0g0h1.jpg,3,PP Plastic,3,PP Plastic,0.9987667798995972,2.631975439726375e-05,1.6114801837829873e-05,0.001180501887574792,0.9987667798995972,1.0338386346120387e-05
/Users/aswanathjs/Downloads/test10/ai_plastic_waste_management_training/PET Plastic/black_white_plastic_bottles/bwstv_jpg.rf.aa64a9e9449fb51bac43ffbe4a3b5e5a.jpg,2,PET Plastic,2,PET Plastic,0.9998914003372192,1.5714040273451246e-05,9.792857781576458e-06,0.9998914003372192,8.151065412675962e-05,1.5613929917890346e-06
/Users/aswanathjs/Downloads/test10/ai_plastic_waste_management_training/HDPE Plastic/milk_bottles/HDPEM272.jpg,0,HDPE Plastic,0,HDPE Plastic,0.999995231628418,0.999995231628418,3.5997189229419746e-08,1.904950579501019e-07,4.432935838849517e-06,1.08402190335255e-07
/Users/aswanathjs/Downloads/test10/ai_plastic_waste_management_training/LDPE Plastic/plastic_bags/plasticbag (56).jpg,1,LDPE Plastic,1,LDPE Plastic,0.9999992847442627,4.587351654095073e-08,0.9999992847442627,1.1575640712635504e-07,7.511223287792745e-08,4.688756405357708e-07
/Users/aswanathjs/Downloads/test10/ai_plastic_waste_management_training/LDPE Plastic/plastic_bags_grey/LDPE-594_jpg.rf.b89035ec3ef6f06c7fa939db6fa7491c.jpg,1,LDPE Plastic,1,LDPE Plastic,0.9999806880950928,6.80453695167671e-06,0.9999806880950928,3.119164148301934e-06,2.096719526889501e-06,7.2705001912254374e-06
/Users/aswanathjs/Downloads/test10/ai_plastic_waste_management_training/LDPE Plastic/plastic_bags/LDPE-594_jpg.rf.b89035ec3ef6f06c7fa939db6fa7491c.jpg,1,LDPE Plastic,1,LDPE Plastic,0.9999823570251465,6.154765287647024e-06,0.9999823570251465,4.9049949666368775e-06,1.1536900501596392e-06,5.3477506298804656e-06
/Users/aswanathjs/Downloads/test10/ai_plastic_waste_management_training/PP Plastic/square_containers/IMG_20220209_173832.jpg,3,PP Plastic,3,PP Plastic,0.9997319579124451,0.0001491119764978066,6.967149238334969e-05,3.076737993978895e-05,0.9997319579124451,1.8410048141959123e-05
/Users/aswanathjs/Downloads/test10/ai_plastic_waste_management_training/PET Plastic/black_white_plastic_bottles/adfmq_jpg.rf.3240fe07a40fdb2eecf27c4d47cc6306.jpg,2,PET Plastic,2,PET Plastic,0.9999960660934448,6.20681760210573e-07,2.90980125328133e-07,0.9999960660934448,2.9351538159971824e-06,5.8811082226384315e-08
/Users/aswanathjs/Downloads/test10/ai_plastic_waste_management_training/LDPE Plastic/plastic_bags/LDPE-67_jpg.rf.cf77b7d764d46a171a85693acb521d0e.jpg,1,LDPE Plastic,1,LDPE Plastic,0.999961256980896,2.6232667096337536e-06,0.999961256980896,1.2369201840556343e-06,1.2577962479554117e-05,2.2292026187642477e-05
/Users/aswanathjs/Downloads/test10/ai_plastic_waste_management_training/PET Plastic/plastic_bottles/PET846.jpg,2,PET Plastic,2,PET Plastic,0.9999995231628418,4.145361742757814e-07,5.250132328882273e-09,0.9999995231628418,3.457843344989442e-09,1.9703746190202764e-08
/Users/aswanathjs/Downloads/test10/ai_plastic_waste_management_training/LDPE Plastic/black_white__plastic_bags/0296_jpg.rf.4db10543b11aae0afd69dbd7096d9149.jpg,1,LDPE Plastic,1,LDPE Plastic,0.9987589120864868,0.0006269249715842307,0.9987589120864868,1.5991496184142306e-05,7.194268982857466e-05,0.0005262918421067297
/Users/aswanathjs/Downloads/test10/ai_plastic_waste_management_training/LDPE Plastic/black_white__plastic_bags/0136_jpg.rf.db95282b34819b780bbbcb1a06e489aa.jpg,1,LDPE Plastic,1,LDPE Plastic,1.0,6.3218288381960974e-09,1.0,1.0448161780196585e-10,1.648703257250972e-10,6.394491602890184e-10
/Users/aswanathjs/Downloads/test10/ai_plastic_waste_management_training/PP Plastic/irregular_containers/valid_PP-79_jpg.rf.760ad3fd57bfa59090e9a557a7d90c2a.jpg,3,PP Plastic,3,PP Plastic,0.9999997615814209,5.460983221183824e-09,9.722715788029745e-08,1.5057429436637904e-07,0.9999997615814209,4.304963330259426e-10
/Users/aswanathjs/Downloads/test10/ai_plastic_waste_management_training/PP Plastic/round_containers/0009_a06b01c2d0e0f0g0h1.jpg,3,PP Plastic,3,PP Plastic,0.9956477284431458,0.004342162515968084,2.149544570784201e-06,5.552952643483877e-06,0.9956477284431458,2.39881364905159e-06
"/Users/aswanathjs/Downloads/test10/ai_plastic_waste_management_training/HDPE Plastic/milk_bottles/HDPEM1,026.JPG",0,HDPE Plastic,0,HDPE Plastic,0.9999998807907104,0.9999998807907104,1.6354421983333367e-10,1.7702609511616174e-07,1.7276070352068018e-08,1.05490083335269e-09
/Users/aswanathjs/Downloads/test10/ai_plastic_waste_management_training/HDPE Plastic/milk_bottles/HDPEM119.jpg,0,HDPE Plastic,0,HDPE Plastic,0.9999998807907104,0.9999998807907104,2.8470631407984115e-10,1.1704627667086243e-07,8.986003940947285e-09,3.4092972889254725e-09
/Users/aswanathjs/Downloads/test10/ai_plastic_waste_management_training/LDPE Plastic/black_white__plastic_bags/0142_jpg.rf.dfab9f74fd01fafc1030c55c45a76b64.jpg,1,LDPE Plastic,1,LDPE Plastic,0.9999585151672363,5.821876129630255e-06,0.9999585151672363,6.277281272559776e-08,3.172181823174469e-05,3.83203632736695e-06
/Users/aswanathjs/Downloads/test10/ai_plastic_waste_management_training/PET Plastic/plastic_bottles/PET859.jpg,2,PET Plastic,2,PET Plastic,0.9999998807907104,1.1796901588922992e-07,5.508919542762669e-09,0.9999998807907104,3.383614569085758e-11,6.912434624695152e-09
/Users/aswanathjs/Downloads/test10/ai_plastic_waste_management_training/PP Plastic/round_containers/0035_a06b01c1d3e0f0g0h4.jpg,3,PP Plastic,3,PP Plastic,0.9999980926513672,1.1958253480770509e-06,8.951931818046432e-08,5.012184942643216e-07,0.9999980926513672,7.788023737020922e-08
/Users/aswanathjs/Downloads/test10/ai_plastic_waste_management_training/PP Plastic/round_containers_grey/0035_a06b01c1d3e0f0g0h4.jpg,3,PP Plastic,3,PP Plastic,0.9997939467430115,0.00020526687148958445,3.872029878948524e-07,2.197547956939161e-07,0.9997939467430115,1.8506372612137056e-07
/Users/aswanathjs/Downloads/test10/ai_plastic_waste_management_training/PP Plastic/round_containers/IMG_20220209_174641.jpg,3,PP Plastic,3,PP Plastic,0.9993419051170349,0.0001299478899454698,9.126136865234002e-05,0.0003277059004176408,0.9993419051170349,0.00010913965525105596
/Users/aswanathjs/Downloads/test10/ai_plastic_waste_management_training/LDPE Plastic/plastic_bags/LDPE-373_jpg.rf.5bbeb3f948cb4fa84774488ae303496c.jpg,1,LDPE Plastic,1,LDPE Plastic,0.9999997615814209,5.333868902113181e-09,0.9999997615814209,2.2375195030122086e-08,1.6182195139435862e-08,1.5712893741692824e-07
/Users/aswanathjs/Downloads/test10/ai_plastic_waste_management_training/HDPE Plastic/shampoo_bottles/0063_a02b01c2d2e0f1g1h1.jpg,0,HDPE Plastic,0,HDPE Plastic,1.0,1.0,2.698961609759465e-10,4.3998976684278546e-10,7.639003207771111e-09,4.882761972524463e-10
"/Users/aswanathjs/Downloads/test10/ai_plastic_waste_management_training/HDPE Plastic/milk_bottles/HDPEM1,012.JPG",0,HDPE Plastic,0,HDPE Plastic,1.0,1.0,2.7382657252772447e-10,4.4746236937953654e-08,1.249184977680784e-09,6.940465979710098e-10
/Users/aswanathjs/Downloads/test10/ai_plastic_waste_management_training/HDPE Plastic/shampoo_bottles/0061_a02b01c1d2e0f1g0h3.jpg,0,HDPE Plastic,0,HDPE Plastic,0.9999996423721313,0.9999996423721313,1.4485054045110246e-08,1.3577370339135086e-07,8.900325809690912e-08,9.890660379596738e-08
/Users/aswanathjs/Downloads/test10/ai_plastic_waste_management_training/LDPE Plastic/bin_bags/LDPE252-Photoroom_0_8871_jpg.rf.a6c1dae810868b40bac8d448e9130ad4.jpg,1,LDPE Plastic,1,LDPE Plastic,0.9996383190155029,0.00011766445095418021,0.9996383190155029,1.0578757610346656e-05,0.00021668363478966057,1.678578155406285e-05
/Users/aswanathjs/Downloads/test10/ai_plastic_waste_management_training/LDPE Plastic/bin_bags/LDPE252-Photoroom_0_8871_jpg.rf.ed69737cc822f338040688cc60f7c004.jpg,1,LDPE Plastic,1,LDPE Plastic,1.0,2.9759630315595587e-09,1.0,3.23477800101557e-10,7.246391819926146e-10,4.241396212023574e-08
"/Users/aswanathjs/Downloads/test10/ai_plastic_waste_management_training/PET Plastic/plastic_bottles/PET1,757.jpg",2,PET Plastic,2,PET Plastic,0.9889631271362305,0.010405855253338814,0.0002125505416188389,0.9889631271362305,0.0003452848468441516,7.313138485187665e-05
/Users/aswanathjs/Downloads/test10/ai_plastic_waste_management_training/PP Plastic/round_containers/0095_a05b01c1d1e0f0g0h4.jpg,3,PP Plastic,3,PP Plastic,0.9998854398727417,0.00011411350715206936,3.0931929018152005e-07,6.734472179914519e-08,0.9998854398727417,2.73289906260743e-08
/Users/aswanathjs/Downloads/test10/ai_plastic_waste_management_training/PS Plastic/foam_sheets/PS-639_jpg.rf.dca9e30e205b052860e04ea7ba640d16.jpg,4,PS Plastic,4,PS Plastic,0.9999934434890747,4.7411376726813614e-06,1.13746068564069e-06,2.728281458530546e-07,3.7171281519476906e-07,0.9999934434890747
/Users/aswanathjs/Downloads/test10/ai_plastic_waste_management_training/LDPE Plastic/plastic_bags/plasticbag (205) 17.43.56.jpg,1,LDPE Plastic,1,LDPE Plastic,0.9950281977653503,9.628904808778316e-05,0.9950281977653503,2.4087382826110115e-06,3.588097752071917e-05,0.004837323445826769
/Users/aswanathjs/Downloads/test10/ai_plastic_waste_management_training/LDPE Plastic/bin_bags/Image_35.png,1,LDPE Plastic,1,LDPE Plastic,0.9979719519615173,0.0012421711580827832,0.9979719519615173,0.00022754522797185928,0.00044124407577328384,0.00011708457168424502
/Users/aswanathjs/Downloads/test10/ai_plastic_waste_management_training/LDPE Plastic/bin_bags_grey/Image_35.png,1,LDPE Plastic,1,LDPE Plastic,0.9977189898490906,0.0014750221744179726,0.9977189898490906,0.00020676663552876562,0.0004897903418168426,0.00010940202628262341
/Users/aswanathjs/Downloads/test10/ai_plastic_waste_management_training/PP Plastic/square_containers/Image_35.png,1,LDPE Plastic,3,PP Plastic,0.47180235385894775,0.010111772455275059,0.4509466290473938,0.0043048253282904625,0.47180235385894775,0.06283442676067352
/Users/aswanathjs/Downloads/test10/ai_plastic_waste_management_training/PS Plastic/foam_containers/Image_35.png,1,LDPE Plastic,4,PS Plastic,0.4233008027076721,0.05097431689500809,0.3777346611022949,0.0006133272545412183,0.14737695455551147,0.4233008027076721
/Users/aswanathjs/Downloads/test10/ai_plastic_waste_management_training/LDPE Plastic/black_white__plastic_bags/0288_jpg.rf.eb988942aef4f64be141c15b0730883c.jpg,1,LDPE Plastic,1,LDPE Plastic,0.9999991655349731,5.702823955289205e-07,0.9999991655349731,4.701978362220416e-09,1.6324609930506995e-07,1.550125148241932e-07
/Users/aswanathjs/Downloads/test10/ai_plastic_waste_management_training/PP Plastic/square_containers/Image_81.png,3,PP Plastic,3,PP Plastic,0.9898584485054016,0.001322819502092898,0.0035944299306720495,0.0003080737660638988,0.9898584485054016,0.004916182719171047
/Users/aswanathjs/Downloads/test10/ai_plastic_waste_management_training/PS Plastic/foam_containers/Image_81.png,3,PP Plastic,4,PS Plastic,0.6369993686676025,0.03151104226708412,0.12499495595693588,0.009680702351033688,0.19681398570537567,0.6369993686676025
/Users/aswanathjs/Downloads/test10/ai_plastic_waste_management_training/LDPE Plastic/plastic_bags/LDPE-720_jpg.rf.eddaa6e2078e036d7189603785b0e98d.jpg,1,LDPE Plastic,1,LDPE Plastic,0.999840259552002,5.570555367739871e-05,0.999840259552002,9.811930794967338e-06,7.552761962870136e-05,1.861553027993068e-05
/Users/aswanathjs/Downloads/test10/ai_plastic_waste_management_training/PS Plastic/foam_containers/0058_a06b01c1d1e0f0g0h3.jpg,4,PS Plastic,4,PS Plastic,0.9999750852584839,7.914357411209494e-06,3.339087697895593e-06,1.1622721558524063e-06,1.2548973245429806e-05,0.9999750852584839
/Users/aswanathjs/Downloads/test10/ai_plastic_waste_management_training/PET Plastic/plastic_bottles/PET980.jpg,2,PET Plastic,2,PET Plastic,0.9999953508377075,2.5786632704694057e-06,2.678440012005012e-07,0.9999953508377075,6.344176313177741e-07,1.0742191989265848e-06
/Users/aswanathjs/Downloads/test10/ai_plastic_waste_management_training/PET Plastic/plastic_bottles/PET597.jpg,2,PET Plastic,2,PET Plastic,0.9999998807907104,5.2113467319259144e-08,6.822109988036118e-09,0.9999998807907104,1.692283468912592e-08,8.84938877732111e-09
/Users/aswanathjs/Downloads/test10/ai_plastic_waste_management_training/HDPE Plastic/shampoo_bottles/0099_a02b01c1d3e0f1g0h3.jpg,0,HDPE Plastic,0,HDPE Plastic,0.9999998807907104,0.9999998807907104,2.2481791983608446e-09,3.860993302851057e-09,9.265968259342117e-08,6.3323755128408266e-09
/Users/aswanathjs/Downloads/test10/ai_plastic_waste_management_training/PS Plastic/foam_containers/Image_231.png,4,PS Plastic,4,PS Plastic,0.6047421097755432,0.014757721684873104,0.08709295839071274,0.004128023516386747,0.28927916288375854,0.6047421097755432
/Users/aswanathjs/Downloads/test10/ai_plastic_waste_management_training/PET Plastic/plastic_bottles/PET345.jpg,2,PET Plastic,2,PET Plastic,0.9998748302459717,3.7265795981511474e-05,2.3409711502608843e-05,0.9998748302459717,5.503964075614931e-06,5.8909117797156796e-05
/Users/aswanathjs/Downloads/test10/ai_plastic_waste_management_training/PET Plastic/black_white_plastic_bottles/bsagu_jpg.rf.e7fc2809e4f1e5c278e8eeb0e20335e7.jpg,2,PET Plastic,2,PET Plastic,0.9996370077133179,3.066191129619256e-05,0.0001906329853227362,0.9996370077133179,0.00013318420678842813,8.540066119167022e-06
/Users/aswanathjs/Downloads/test10/ai_plastic_waste_management_training/LDPE Plastic/plastic_bags/plasticbag (124) 17.43.56.jpg,1,LDPE Plastic,1,LDPE Plastic,0.9999957084655762,1.980952447411255e-06,0.9999957084655762,1.424524612048117e-06,8.566712494939566e-07,8.070796297943161e-08
/Users/aswanathjs/Downloads/test10/ai_plastic_waste_management_training/LDPE Plastic/plastic_bags/plasticbag (76).jpg,1,LDPE Plastic,1,LDPE Plastic,0.999731719493866,0.00021137147268746048,0.999731719493866,4.487299520405941e-05,7.298523996723816e-06,4.793235802935669e-06
/Users/aswanathjs/Downloads/test10/ai_plastic_waste_management_training/PET Plastic/plastic_bottles/PET918.jpg,2,PET Plastic,2,PET Plastic,0.9999985694885254,1.0833956594069605e-06,1.244309544290445e-07,0.9999985694885254,7.463562212706165e-08,4.9616488695392036e-08
/Users/aswanathjs/Downloads/test10/ai_plastic_waste_management_training/PET Plastic/plastic_bottles/PET641.jpg,2,PET Plastic,2,PET Plastic,0.9999991655349731,6.227993480933947e-07,1.9932466344130262e-08,0.9999991655349731,9.33345418729914e-08,1.510779270574858e-07
/Users/aswanathjs/Downloads/test10/ai_plastic_waste_management_training/PET Plastic/black_white_plastic_bottles/bmgvp_jpg.rf.727f4623eba05871250143f70b1d3a2f.jpg,2,PET Plastic,2,PET Plastic,0.99947589635849,0.00013123809185344726,1.5086602616065647e-05,0.99947589635849,0.00029520742828026414,8.265850192401558e-05
/Users/aswanathjs/Downloads/test10/ai_plastic_waste_management_training/PS Plastic/foam_containers/Image_206.png,4,PS Plastic,4,PS Plastic,0.6099676489830017,0.0805375725030899,0.08395187556743622,0.005004529841244221,0.22053834795951843,0.6099676489830017
/Users/aswanathjs/Downloads/test10/ai_plastic_waste_management_training/PP Plastic/round_containers/0043_a06b01c2d2e0f0g0h4.jpg,3,PP Plastic,3,PP Plastic,0.9997372031211853,0.00021301010565366596,3.50889858964365e-05,3.075136419283808e-06,0.9997372031211853,1.1606970474531408e-05
/Users/aswanathjs/Downloads/test10/ai_plastic_waste_management_training/HDPE Plastic/shampoo_bottles/0099_a02b01c2d3e0f1g0h1.jpg,0,HDPE Plastic,0,HDPE Plastic,0.9999992847442627,0.9999992847442627,8.621992897417385e-09,5.179554563028432e-08,7.311085141736839e-07,3.365312650771557e-08
/Users/aswanathjs/Downloads/test10/ai_plastic_waste_management_training/LDPE Plastic/plastic_bags/LDPE-378_jpg.rf.8a91c4aa5f84d7394018793dc121b7b6.jpg,1,LDPE Plastic,1,LDPE Plastic,0.9999985694885254,7.511905408819075e-08,0.9999985694885254,2.643000698299147e-07,2.5568394335095945e-07,8.055721423261275e-07
/Users/aswanathjs/Downloads/test10/ai_plastic_waste_management_training/PS Plastic/foam_sheets/PS-640_jpg.rf.3c405ab3ce363ce4062d8548c785c29d.jpg,4,PS Plastic,4,PS Plastic,0.9998538494110107,0.00011049800377804786,2.8049811589880846e-05,3.588130084608565e-06,4.028806870337576e-06,0.9998538494110107
/Users/aswanathjs/Downloads/test10/ai_plastic_waste_management_training/HDPE Plastic/shampoo_bottles/0078_a02b07c1d1e0f1g0h4.jpg,0,HDPE Plastic,0,HDPE Plastic,1.0,1.0,3.08892289524465e-08,3.1609747708216673e-08,5.9916467343157365e-09,4.007224330138115e-09
/Users/aswanathjs/Downloads/test10/ai_plastic_waste_management_training/LDPE Plastic/plastic_bags/plasticbag (136).jpg,1,LDPE Plastic,1,LDPE Plastic,0.9989963173866272,1.5438876289408654e-05,0.9989963173866272,0.0009709417936392128,1.6862271877471358e-05,3.6172025374980876e-07
/Users/aswanathjs/Downloads/test10/ai_plastic_waste_management_training/PET Plastic/black_white_plastic_bottles/amcip_jpg.rf.07ca697a8a4cf55090b0845e49e5dee3.jpg,2,PET Plastic,2,PET Plastic,0.9997096657752991,5.05241405335255e-05,9.067303835763596e-06,0.9997096657752991,0.00020612304797396064,2.460068390064407e-05
/Users/aswanathjs/Downloads/test10/ai_plastic_waste_management_training/HDPE Plastic/detergent_bottles/0096_a02b04c1d0e0f0g0h1.jpg,0,HDPE Plastic,0,HDPE Plastic,0.9999998807907104,0.9999998807907104,9.253142252418911e-09,1.5652755758210901e-09,5.357476240419601e-08,3.3846245806046227e-09
/Users/aswanathjs/Downloads/test10/ai_plastic_waste_management_training/PET Plastic/black_white_plastic_bottles/bgohi_jpg.rf.cf847f578fcd94148a6c31a83fbfe20f.jpg,2,PET Plastic,2,PET Plastic,0.9997184872627258,2.2477845050161704e-05,7.02062379787094e-06,0.9997184872627258,0.0002452927583362907,6.750753527740017e-06
/Users/aswanathjs/Downloads/test10/ai_plastic_waste_management_training/LDPE Plastic/black_white__plastic_bags/0157_jpg.rf.7f3e73c17f516b83e16707a2c6852456.jpg,1,LDPE Plastic,1,LDPE Plastic,0.999996542930603,1.79751012296947e-07,0.999996542930603,4.883550985823604e-08,1.6768431976288412e-07,3.0881881230016006e-06
/Users/aswanathjs/Downloads/test10/ai_plastic_waste_management_training/PS Plastic/foam_containers/Image_159.png,4,PS Plastic,4,PS Plastic,0.6521009206771851,0.023668473586440086,0.11662891507148743,0.00956021063029766,0.19804151356220245,0.6521009206771851
/Users/aswanathjs/Downloads/test10/ai_plastic_waste_management_training/PS Plastic/foam_containers/Image_157.png,4,PS Plastic,4,PS Plastic,0.6689856648445129,0.021497247740626335,0.13171754777431488,0.008431073278188705,0.16936850547790527,0.6689856648445129
/Users/aswanathjs/Downloads/test10/ai_plastic_waste_management_training/HDPE Plastic/detergent_bottles/0096_a02b04c1d1e0f0g0h3.jpg,0,HDPE Plastic,0,HDPE Plastic,0.9999992847442627,0.9999992847442627,2.6473011871530616e-07,1.5300427591569132e-08,2.785705532915017e-07,8.247655358673e-08
/Users/aswanathjs/Downloads/test10/ai_plastic_waste_management_training/HDPE Plastic/detergent_botteles_grey/0096_a02b04c1d1e0f0g0h3.jpg,0,HDPE Plastic,0,HDPE Plastic,0.9999985694885254,0.9999985694885254,1.2411553598212777e-06,9.354367058733715e-09,1.7600606838641397e-07,2.5831683458932275e-08
/Users/aswanathjs/Downloads/test10/ai_plastic_waste_management_training/LDPE Plastic/plastic_bags/plasticbag (108).jpg,1,LDPE Plastic,1,LDPE Plastic,0.9999897480010986,5.553698883886682e-06,0.9999897480010986,3.750996256712824e-06,2.350046823806906e-09,9.149268862529425e-07
/Users/aswanathjs/Downloads/test10/ai_plastic_waste_management_training/LDPE Plastic/black_white__plastic_bags/0098_jpg.rf.5b705dd9b706e7b8b8e109c0fbc07f06.jpg,1,LDPE Plastic,1,LDPE Plastic,0.9880275726318359,0.0031895542051643133,0.9880275726318359,0.007139392662793398,0.0008180359727703035,0.0008255061693489552
/Users/aswanathjs/Downloads/test10/ai_plastic_waste_management_training/LDPE Plastic/black_white__plastic_bags/0241_jpg.rf.62b35e16b1e00c19df5a1d505eefbf4f.jpg,1,LDPE Plastic,1,LDPE Plastic,0.9999998807907104,4.249866236705202e-08,0.9999998807907104,7.020646730637736e-09,4.475226855760184e-09,8.205671520045144e-08
/Users/aswanathjs/Downloads/test10/ai_plastic_waste_management_training/PET Plastic/black_white_plastic_bottles/cfklg_jpg.rf.bb2bd11c0ad56a75e50c389e2a8ead15.jpg,2,PET Plastic,2,PET Plastic,0.9999868869781494,1.1207551324332599e-05,1.5955595245031873e-07,0.9999868869781494,1.6567028069403023e-06,6.214629166834129e-08
/Users/aswanathjs/Downloads/test10/ai_plastic_waste_management_training/PET Plastic/shampoo_bottles/0015_a05b00c1d3e1f1g0h2.jpg,2,PET Plastic,2,PET Plastic,0.9998459815979004,1.2356594197626691e-05,5.90802429201176e-09,0.9998459815979004,0.00014073928468860686,8.951983545557596e-07
/Users/aswanathjs/Downloads/test10/ai_plastic_waste_management_training/HDPE Plastic/milk_bottles/HDPEM229.jpg,0,HDPE Plastic,0,HDPE Plastic,0.9999985694885254,0.9999985694885254,4.9806406110519674e-08,7.272756192833185e-07,5.510966616384394e-07,1.5417781185078638e-07
/Users/aswanathjs/Downloads/test10/ai_plastic_waste_management_training/HDPE Plastic/milk_bottles_grey/HDPEM229.jpg,0,HDPE Plastic,0,HDPE Plastic,1.0,1.0,2.4648130203530627e-09,1.7088776615992174e-08,1.4517586244267022e-08,1.85449167133811e-08
/Users/aswanathjs/Downloads/test10/ai_plastic_waste_management_training/PP Plastic/round_containers/IMG_20220209_174703.jpg,3,PP Plastic,3,PP Plastic,0.9901310205459595,0.0014031929895281792,0.0005396486958488822,0.00732132513076067,0.9901310205459595,0.0006048174691386521
"/Users/aswanathjs/Downloads/test10/ai_plastic_waste_management_training/PET Plastic/plastic_bottles/PET1,633.jpg",2,PET Plastic,2,PET Plastic,0.9999996423721313,2.774793586013402e-07,8.081888580591112e-08,0.9999996423721313,1.043992181593012e-08,7.129273171813111e-09
/Users/aswanathjs/Downloads/test10/ai_plastic_waste_management_training/PET Plastic/plastic_bottles/PET998.jpg,2,PET Plastic,2,PET Plastic,1.0,2.3287125117121832e-08,1.6085756726624822e-08,1.0,8.027314368774796e-10,1.2329701704061335e-09
/Users/aswanathjs/Downloads/test10/ai_plastic_waste_management_training/LDPE Plastic/black_white__plastic_bags/0261_jpg.rf.f37ca61bfe06d11a4b818dbe14bcce94.jpg,1,LDPE Plastic,1,LDPE Plastic,0.9999685287475586,2.0772449715877883e-06,0.9999685287475586,5.511258791557339e-07,2.2230449758353643e-05,6.64504841552116e-06
/Users/aswanathjs/Downloads/test10/ai_plastic_waste_management_training/LDPE Plastic/black_white__plastic_bags/0238_jpg.rf.90501b6479a5078099f052c36ce27707.jpg,1,LDPE Plastic,1,LDPE Plastic,0.9999994039535522,1.1764056040419746e-07,0.9999994039535522,1.2707839225356565e-09,1.7724316236922277e-08,4.2584144921420375e-07
/Users/aswanathjs/Downloads/test10/ai_plastic_waste_management_training/PET Plastic/plastic_bottles/PET697.jpg,2,PET Plastic,2,PET Plastic,1.0,1.3071635995842712e-09,3.767461065340427e-10,1.0,7.48921549775794e-11,3.640517054481762e-11
/Users/aswanathjs/Downloads/test10/ai_plastic_waste_management_training/HDPE Plastic/milk_bottles/HDPEM386.jpg,0,HDPE Plastic,0,HDPE Plastic,0.9999736547470093,0.9999736547470093,1.2115815479774028e-05,1.20218728625332e-05,1.7485675698480918e-06,4.4199751414453203e-07
/Users/aswanathjs/Downloads/test10/ai_plastic_waste_management_training/HDPE Plastic/milk_bottles/HDPEM131.jpg,0,HDPE Plastic,0,HDPE Plastic,0.9999985694885254,0.9999985694885254,1.887421330337702e-09,7.803264701067292e-09,1.3855375300408923e-06,2.4399216869142037e-08
/Users/aswanathjs/Downloads/test10/ai_plastic_waste_management_training/PS Plastic/foam_sheets/PS-516_jpg.rf.3facb79a8b04a6d852f51994a02adf8d.jpg,4,PS Plastic,4,PS Plastic,0.9999903440475464,5.935493391007185e-06,3.4673334994295146e-06,6.095889659718523e-08,5.596272600882912e-08,0.9999903440475464
/Users/aswanathjs/Downloads/test10/ai_plastic_waste_management_training/HDPE Plastic/milk_bottles/HDPEM22.jpg,0,HDPE Plastic,0,HDPE Plastic,0.9999986886978149,0.9999986886978149,1.2797268311715015e-07,1.3462681636156049e-07,1.0537966232959661e-07,9.188428293782636e-07
/Users/aswanathjs/Downloads/test10/ai_plastic_waste_management_training/PS Plastic/foam_sheets/PS-553_jpg.rf.2b55405fe1c5400324d71fefd8fa7800.jpg,4,PS Plastic,4,PS Plastic,0.9999997615814209,2.392486919688963e-07,3.169746420894626e-08,8.379598348540185e-09,2.8127788986864743e-09,0.9999997615814209
"/Users/aswanathjs/Downloads/test10/ai_plastic_waste_management_training/PET Plastic/plastic_bottles/PET1,246.jpg",2,PET Plastic,2,PET Plastic,0.9999990463256836,5.283808945932833e-07,1.2346505684490694e-07,0.9999990463256836,2.775096277218836e-07,1.2011662775535115e-08
/Users/aswanathjs/Downloads/test10/ai_plastic_waste_management_training/PS Plastic/foam_sheets/PS-745_jpg.rf.fa2e8c9df1912a705ad9bb778658360b.jpg,4,PS Plastic,4,PS Plastic,0.9999876022338867,1.3936750065113301e-06,1.0622175068419892e-06,2.9573880055977497e-06,6.895636943227146e-06,0.9999876022338867
/Users/aswanathjs/Downloads/test10/ai_plastic_waste_management_training/LDPE Plastic/plastic_bags_grey/LDPE-587_jpg.rf.71633c7f379410ab207a7f5f645cec75.jpg,1,LDPE Plastic,1,LDPE Plastic,0.9999924898147583,3.74188658724961e-07,0.9999924898147583,5.476885078792293e-08,4.802614057553001e-06,2.2724896098225145e-06
/Users/aswanathjs/Downloads/test10/ai_plastic_waste_management_training/LDPE Plastic/plastic_bags/LDPE-587_jpg.rf.71633c7f379410ab207a7f5f645cec75.jpg,1,LDPE Plastic,1,LDPE Plastic,0.9999818801879883,7.215694495243952e-07,0.9999818801879883,3.7406337582979177e-07,1.0157508768315893e-05,6.889904398121871e-06
/Users/aswanathjs/Downloads/test10/ai_plastic_waste_management_training/PET Plastic/plastic_bottles/PET315.jpg,2,PET Plastic,2,PET Plastic,0.9999798536300659,1.5885931134107523e-05,2.5473277673881967e-06,0.9999798536300659,1.616996428310813e-06,1.3672902809958032e-07
/Users/aswanathjs/Downloads/test10/ai_plastic_waste_management_training/LDPE Plastic/black_white__plastic_bags/0190_jpg.rf.978a839afed93a8942f10bfa53782ca3.jpg,1,LDPE Plastic,1,LDPE Plastic,0.9999322891235352,5.821593003929593e-05,0.9999322891235352,2.6415492015985365e-08,9.153468454314861e-06,2.958542779651907e-07
/Users/aswanathjs/Downloads/test10/ai_plastic_waste_management_training/HDPE Plastic/detergent_bottles/0039_a02b01c2d2e0f1g0h2.jpg,0,HDPE Plastic,0,HDPE Plastic,1.0,1.0,1.9893977090679194e-11,5.209401660044577e-11,2.6603028113747484e-10,5.681231041165802e-10
/Users/aswanathjs/Downloads/test10/ai_plastic_waste_management_training/PET Plastic/black_white_plastic_bottles/arbgx_jpg.rf.18ab2d8a97f0ed6065c96264854b42ef.jpg,2,PET Plastic,2,PET Plastic,0.9999805688858032,1.0178974662267137e-05,2.3422191475219734e-07,0.9999805688858032,6.937983016541693e-06,2.105126441165339e-06
/Users/aswanathjs/Downloads/test10/ai_plastic_waste_management_training/HDPE Plastic/milk_bottles/HDPEM209.jpg,0,HDPE Plastic,0,HDPE Plastic,0.9999997615814209,0.9999997615814209,2.8176596611473315e-09,1.916627923037595e-08,2.0116481813658993e-09,2.679287547380227e-07
/Users/aswanathjs/Downloads/test10/ai_plastic_waste_management_training/LDPE Plastic/plastic_bags/LDPE-471_jpg.rf.c31a2c365dd4102deb4f27a80bad3d4e.jpg,1,LDPE Plastic,1,LDPE Plastic,0.9999940395355225,2.4625392143207137e-06,0.9999940395355225,1.2423233783920296e-06,5.718309239455266e-07,1.713232677502674e-06
/Users/aswanathjs/Downloads/test10/ai_plastic_waste_management_training/PET Plastic/shampoo_bottles/0080_a05b00c1d2e0f1g0h3.jpg,2,PET Plastic,2,PET Plastic,1.0,1.525055992601665e-08,2.3240046331807207e-08,1.0,2.7922972378746636e-08,1.1397201404861335e-08
/Users/aswanathjs/Downloads/test10/ai_plastic_waste_management_training/PET Plastic/plastic_bottles/PET301.jpg,2,PET Plastic,2,PET Plastic,0.9999878406524658,9.356583177577704e-06,8.321246127707127e-07,0.9999878406524658,1.8131886463379487e-06,1.5463676561466855e-07
/Users/aswanathjs/Downloads/test10/ai_plastic_waste_management_training/PET Plastic/plastic_bottles/PET566.jpg,2,PET Plastic,2,PET Plastic,0.9999935626983643,3.7357915516622597e-06,7.379523481176875e-07,0.9999935626983643,2.6691483867580246e-07,1.7751177665559226e-06
/Users/aswanathjs/Downloads/test10/ai_plastic_waste_management_training/LDPE Plastic/plastic_bags/LDPE-483_jpg.rf.6953799daaa8663a1b0f83270c56396d.jpg,1,LDPE Plastic,1,LDPE Plastic,0.9999996423721313,1.1630397267481385e-07,0.9999996423721313,3.178542939963336e-08,3.072446119745109e-08,1.9636902948150237e-07
/Users/aswanathjs/Downloads/test10/ai_plastic_waste_management_training/HDPE Plastic/shampoo_bottles/0099_a02b01c2d2e0f1g0h1.jpg,0,HDPE Plastic,0,HDPE Plastic,1.0,1.0,2.572919525004047e-12,2.688499249614562e-11,1.264739007966753e-10,8.782569289877973e-12
/Users/aswanathjs/Downloads/test10/ai_plastic_waste_management_training/LDPE Plastic/plastic_bags/LDPE-31_jpg.rf.11403c96c374608d8e1d3b7e6780402c.jpg,1,LDPE Plastic,1,LDPE Plastic,0.9999964237213135,1.19587230074103e-06,0.9999964237213135,8.563851565668301e-07,1.3449874813886709e-06,2.536962995236536e-07
/Users/aswanathjs/Downloads/test10/ai_plastic_waste_management_training/HDPE Plastic/shampoo_bottles/0077_a02b01c2d3e0f1g0h1.jpg,0,HDPE Plastic,0,HDPE Plastic,0.9999998807907104,0.9999998807907104,1.957618095405067e-10,6.26783887014426e-08,1.6066314501017587e-08,4.41034320175504e-09
/Users/aswanathjs/Downloads/test10/ai_plastic_waste_management_training/HDPE Plastic/milk_bottles/HDPEM360.jpg,0,HDPE Plastic,0,HDPE Plastic,0.9999964237213135,0.9999964237213135,3.3717040537339926e-07,9.9515852980403e-07,1.4053135828362429e-06,8.921836069930578e-07
/Users/aswanathjs/Downloads/test10/ai_plastic_waste_management_training/PS Plastic/foam_containers/styrofoam-155-_jpg.rf.8112fc6e200813cb30aa96a85bb1e9b8.jpg,4,PS Plastic,4,PS Plastic,0.7814947962760925,0.044529009610414505,0.0026956473011523485,0.000333240459440276,0.17094729840755463,0.7814947962760925
/Users/aswanathjs/Downloads/test10/ai_plastic_waste_management_training/HDPE Plastic/detergent_bottles/0098_a02b03c1d1e0f0g0h4.jpg,0,HDPE Plastic,0,HDPE Plastic,1.0,1.0,1.1258861030982725e-11,2.624189656807302e-13,1.344203637287933e-10,2.204334588126744e-12
/Users/aswanathjs/Downloads/test10/ai_plastic_waste_management_training/PET Plastic/black_white_plastic_bottles/dpomr_jpg.rf.ab8a28a7730fb63c0b7ae72fc5b64c7a.jpg,2,PET Plastic,2,PET Plastic,0.9999421834945679,3.314493005746044e-05,3.893247139785672e-06,0.9999421834945679,1.6856874935911037e-05,3.953093255404383e-06
/Users/aswanathjs/Downloads/test10/ai_plastic_waste_management_training/PET Plastic/black_white_plastic_bottles/cqkau_jpg.rf.2182440ea8e7e4e637da1f4d7699d4f4.jpg,2,PET Plastic,2,PET Plastic,0.9993146657943726,0.00012586401135195047,0.00015963213809300214,0.9993146657943726,0.0003681726520881057,3.1679785024607554e-05
/Users/aswanathjs/Downloads/test10/ai_plastic_waste_management_training/HDPE Plastic/shampoo_bottles/0061_a02b01c2d3e0f1g0h0.jpg,0,HDPE Plastic,0,HDPE Plastic,0.9999947547912598,0.9999947547912598,2.7060750085183827e-07,2.564156602602452e-06,4.7470183517361875e-07,1.941753907885868e-06
/Users/aswanathjs/Downloads/test10/ai_plastic_waste_management_training/PP Plastic/square_containers_grey/IMG_20220209_173111.jpg,3,PP Plastic,3,PP Plastic,0.999997615814209,7.408444275824877e-07,9.100218107960245e-07,2.0215195206674252e-07,0.999997615814209,5.169047199160559e-07
/Users/aswanathjs/Downloads/test10/ai_plastic_waste_management_training/PP Plastic/square_containers/IMG_20220209_173111.jpg,3,PP Plastic,3,PP Plastic,0.9999934434890747,3.2957993880700087e-06,2.135478325726581e-06,1.4982505547322944e-07,0.9999934434890747,1.0224614470644156e-06
/Users/aswanathjs/Downloads/test10/ai_plastic_waste_management_training/PET Plastic/shampoo_bottles/0015_a05b00c1d2e1f1g0h3.jpg,2,PET Plastic,2,PET Plastic,1.0,8.514641214318885e-10,6.069771796290979e-09,1.0,1.2497117785059686e-09,6.069491020888051e-10
/Users/aswanathjs/Downloads/test10/ai_plastic_waste_management_training/LDPE Plastic/plastic_bags/train_LDPE-6_jpg.rf.e4dbd04b7817daefe90e70465425a44a.jpg,1,LDPE Plastic,1,LDPE Plastic,0.9999785423278809,3.6278881907492178e-06,0.9999785423278809,2.1924790871707955e-07,9.308044354838785e-06,8.30625958769815e-06
/Users/aswanathjs/Downloads/test10/ai_plastic_waste_management_training/HDPE Plastic/shampoo_bottles/0063_a02b01c2d2e0f1g1h2.jpg,0,HDPE Plastic,0,HDPE Plastic,1.0,1.0,7.47681916379861e-09,4.556292232393844e-09,1.602489918539618e-09,2.8862968903808905e-08
/Users/aswanathjs/Downloads/test10/ai_plastic_waste_management_training/HDPE Plastic/milk_bottles/P_W (1066).jpg,0,HDPE Plastic,0,HDPE Plastic,0.9999669790267944,0.9999669790267944,3.908307348865492e-07,4.915358431389905e-07,1.8028271369985305e-05,1.407664422004018e-05
/Users/aswanathjs/Downloads/test10/ai_plastic_waste_management_training/PP Plastic/rectangle_containers/0011_a05b00c1d2e0f0g0h0.jpg,3,PP Plastic,3,PP Plastic,0.9999713897705078,9.665892548582633e-07,4.1169229803017515e-07,2.718108589760959e-05,0.9999713897705078,1.334727244284295e-07
/Users/aswanathjs/Downloads/test10/ai_plastic_waste_management_training/PP Plastic/square_containers/0011_a05b00c1d2e0f0g0h0.jpg,3,PP Plastic,3,PP Plastic,0.9999713897705078,9.665892548582633e-07,4.1169229803017515e-07,2.718108589760959e-05,0.9999713897705078,1.334727244284295e-07
/Users/aswanathjs/Downloads/test10/ai_plastic_waste_management_training/LDPE Plastic/plastic_bags/train_LDPE-71_jpg.rf.02a70bcaf7f2d9df1c71fb6ca68860e6.jpg,1,LDPE Plastic,1,LDPE Plastic,0.999815046787262,7.229288257804001e-06,0.999815046787262,2.304132067365572e-06,2.3603192857990507e-06,0.00017301103798672557
/Users/aswanathjs/Downloads/test10/ai_plastic_waste_management_training/HDPE Plastic/shampoo_bottles/0061_a02b01c1d3e0f1g0h0.jpg,0,HDPE Plastic,0,HDPE Plastic,0.9999945163726807,0.9999945163726807,4.5888023691986746e-07,1.1692377483996097e-06,3.0525598049280234e-07,3.554133172656293e-06
/Users/aswanathjs/Downloads/test10/ai_plastic_waste_management_training/PS Plastic/foam_sheets/PS-596_jpg.rf.d5ef4bfb65cddfd280ac731f411a2f78.jpg,4,PS Plastic,4,PS Plastic,0.9999799728393555,1.861177406681236e-05,1.0072432132801623e-06,3.249255655646266e-07,1.0255975269046758e-07,0.9999799728393555
/Users/aswanathjs/Downloads/test10/ai_plastic_waste_management_training/PET Plastic/plastic_bottles/PET318.jpg,2,PET Plastic,2,PET Plastic,0.9999990463256836,8.24521237063891e-07,1.708781560694206e-08,0.9999990463256836,1.2056796094839228e-07,9.306002191067364e-09
/Users/aswanathjs/Downloads/test10/ai_plastic_waste_management_training/HDPE Plastic/shampoo_bottles/0099_a02b01c1d3e0f1g0h1.jpg,0,HDPE Plastic,0,HDPE Plastic,0.9999943971633911,0.9999943971633911,7.878084318235778e-08,4.6368640482796764e-08,5.508666163223097e-06,3.8850416217428574e-08
/Users/aswanathjs/Downloads/test10/ai_plastic_waste_management_training/PET Plastic/plastic_bottles/PET590.jpg,2,PET Plastic,2,PET Plastic,1.0,2.601764315102173e-08,1.5245120721374406e-08,1.0,1.5482862991689217e-08,1.234467372768222e-08
/Users/aswanathjs/Downloads/test10/ai_plastic_waste_management_training/LDPE Plastic/black_white__plastic_bags/0231_jpg.rf.8f1ada47c955efa6f7a8ff3805caa693.jpg,1,LDPE Plastic,1,LDPE Plastic,0.9999977350234985,7.821198551027919e-07,0.9999977350234985,5.565678051766554e-08,1.2364558870103792e-06,2.7818040848615055e-07
/Users/aswanathjs/Downloads/test10/ai_plastic_waste_management_training/PP Plastic/round_containers/IMG20220210150831.jpg,3,PP Plastic,3,PP Plastic,0.9983938336372375,0.00011620002624113113,0.00010458715405547991,5.2963285270379856e-05,0.9983938336372375,0.0013323244638741016
/Users/aswanathjs/Downloads/test10/ai_plastic_waste_management_training/LDPE Plastic/bin_bags/Image_58.png,1,LDPE Plastic,1,LDPE Plastic,0.9984385371208191,0.0006356199737638235,0.9984385371208191,8.27220719656907e-05,0.0007064681267365813,0.00013654974463861436
/Users/aswanathjs/Downloads/test10/ai_plastic_waste_management_training/PS Plastic/form_containers_grey/Image_58.png,1,LDPE Plastic,4,PS Plastic,0.6098521947860718,0.03306053578853607,0.15003076195716858,0.009013932198286057,0.19804251194000244,0.6098521947860718
/Users/aswanathjs/Downloads/test10/ai_plastic_waste_management_training/PS Plastic/foam_containers/Image_58.png,1,LDPE Plastic,4,PS Plastic,0.6100040078163147,0.03306323662400246,0.14995115995407104,0.00899476557970047,0.19798672199249268,0.6100040078163147
/Users/aswanathjs/Downloads/test10/ai_plastic_waste_management_training/HDPE Plastic/shampoo_bottles/0075_a02b01c1d0e0f0g0h1.jpg,0,HDPE Plastic,0,HDPE Plastic,0.9999994039535522,0.9999994039535522,1.0096685798544058e-07,3.895116549301747e-07,1.1753324713481561e-07,5.343910558508469e-08
/Users/aswanathjs/Downloads/test10/ai_plastic_waste_management_training/HDPE Plastic/milk_bottles/HDPEM80.jpg,0,HDPE Plastic,0,HDPE Plastic,1.0,1.0,1.8635810949962917e-10,1.0380338366644537e-08,6.473475533397277e-09,1.4935546133187927e-08
/Users/aswanathjs/Downloads/test10/ai_plastic_waste_management_training/LDPE Plastic/bin_bags/Image_60.png,1,LDPE Plastic,1,LDPE Plastic,0.9980360865592957,0.0011122486321255565,0.9980360865592957,0.00014411393203772604,0.0005045753205195069,0.00020302945631556213
/Users/aswanathjs/Downloads/test10/ai_plastic_waste_management_training/PS Plastic/foam_containers/Image_60.png,1,LDPE Plastic,3,PP Plastic,0.39301782846450806,0.04279640316963196,0.1956304907798767,0.01188304740935564,0.39301782846450806,0.3566722273826599
/Users/aswanathjs/Downloads/test10/ai_plastic_waste_management_training/HDPE Plastic/shampoo_bottles/0023_a02b01c1d3e0f1g0h0.jpg,0,HDPE Plastic,0,HDPE Plastic,0.9999921321868896,0.9999921321868896,1.6835561211792083e-07,1.911098621576457e-07,7.102289600879885e-06,3.321557073832082e-07
/Users/aswanathjs/Downloads/test10/ai_plastic_waste_management_training/PET Plastic/black_white_plastic_bottles/bxqtf_jpg.rf.8953710a25c45ea6d46dd60a14bd9685.jpg,2,PET Plastic,2,PET Plastic,0.9999955892562866,3.0111518753983546e-06,1.2698549767264922e-07,0.9999955892562866,5.385230110732664e-07,6.376290002663154e-07
/Users/aswanathjs/Downloads/test10/ai_plastic_waste_management_training/HDPE Plastic/detergent_bottles/0096_a02b04c2d2e0f0g0h3.jpg,0,HDPE Plastic,0,HDPE Plastic,0.9999998807907104,0.9999998807907104,2.563005807587615e-08,4.4004472954384255e-08,6.205163316508333e-08,5.5919620933764236e-08
/Users/aswanathjs/Downloads/test10/ai_plastic_waste_management_training/HDPE Plastic/detergent_botteles_grey/0096_a02b04c2d2e0f0g0h3.jpg,0,HDPE Plastic,0,HDPE Plastic,0.9999998807907104,0.9999998807907104,8.921777805426245e-08,3.4073666110856493e-09,9.362572050974904e-09,9.28762222685009e-09
/Users/aswanathjs/Downloads/test10/ai_plastic_waste_management_training/LDPE Plastic/plastic_bags/LDPE-62_jpg.rf.c42e94513945b3935fa53a486ff698f9.jpg,1,LDPE Plastic,1,LDPE Plastic,0.9999786615371704,2.5165215902234195e-06,0.9999786615371704,1.0034232218458783e-06,1.3980762560095172e-05,3.882517830788856e-06
/Users/aswanathjs/Downloads/test10/ai_plastic_waste_management_training/LDPE Plastic/plastic_bags/LDPE-126_jpg.rf.afd7529378d3973e56c85621c07344fd.jpg,1,LDPE Plastic,1,LDPE Plastic,0.9999768733978271,3.90095647162525e-06,0.9999768733978271,2.9964342047605896e-06,2.3243858322530286e-06,1.4009166079631541e-05
/Users/aswanathjs/Downloads/test10/ai_plastic_waste_management_training/HDPE Plastic/shampoo_bottles/0078_a02b07c2d2e0f1g0h2.jpg,0,HDPE Plastic,0,HDPE Plastic,1.0,1.0,6.261470075069608e-12,2.009054554663603e-11,4.3519125803026526e-11,3.0199529942737113e-12
/Users/aswanathjs/Downloads/test10/ai_plastic_waste_management_training/PP Plastic/rectangle_containers/0011_a05b00c1d1e0f0g0h2.jpg,3,PP Plastic,3,PP Plastic,0.9999996423721313,1.684942105839582e-07,6.943357533373273e-08,7.86060994073523e-08,0.9999996423721313,4.043646750773178e-09
/Users/aswanathjs/Downloads/test10/ai_plastic_waste_management_training/PP Plastic/square_containers/0011_a05b00c1d1e0f0g0h2.jpg,3,PP Plastic,3,PP Plastic,0.9999996423721313,1.684942105839582e-07,6.943357533373273e-08,7.86060994073523e-08,0.9999996423721313,4.043646750773178e-09
/Users/aswanathjs/Downloads/test10/ai_plastic_waste_management_training/LDPE Plastic/plastic_bags/plasticbag (110).jpg,1,LDPE Plastic,1,LDPE Plastic,1.0,9.23640441907736e-10,1.0,1.062740784263383e-09,2.4917277130498405e-09,3.049624908157966e-08
/Users/aswanathjs/Downloads/test10/ai_plastic_waste_management_training/PP Plastic/irregular_containers/valid_PP-99_jpg.rf.5722276814f4225b80e324036bebfad4.jpg,3,PP Plastic,3,PP Plastic,0.9999963045120239,4.1042433451821125e-08,3.585627609936637e-06,2.7419115866678112e-08,0.9999963045120239,4.4169802038140915e-08
/Users/aswanathjs/Downloads/test10/ai_plastic_waste_management_training/PP Plastic/irregular_containers_grey/valid_PP-99_jpg.rf.5722276814f4225b80e324036bebfad4.jpg,3,PP Plastic,3,PP Plastic,0.9999799728393555,2.0241229492512502e-07,1.9614319171523675e-05,1.560511364573358e-08,0.9999799728393555,1.248539547304972e-07
/Users/aswanathjs/Downloads/test10/ai_plastic_waste_management_training/PS Plastic/foam_containers/img_-_1_jpeg.rf.aae6e0cb2d96a114b2a2151b2c2fcc75.jpg,4,PS Plastic,4,PS Plastic,0.9693992137908936,0.0023260239977389574,0.01380455307662487,0.0006293131154961884,0.013840810395777225,0.9693992137908936
/Users/aswanathjs/Downloads/test10/ai_plastic_waste_management_training/HDPE Plastic/milk_bottles/HDPEM24.jpg,0,HDPE Plastic,0,HDPE Plastic,0.999977707862854,0.999977707862854,2.0929255697410554e-06,1.83296506293118e-05,5.742332405134221e-07,1.3605919093606644e-06
/Users/aswanathjs/Downloads/test10/ai_plastic_waste_management_training/HDPE Plastic/milk_bottles_grey/HDPEM24.jpg,0,HDPE Plastic,0,HDPE Plastic,0.9999972581863403,0.9999972581863403,4.418781145432149e-07,1.81279938260559e-06,1.6761104859597253e-07,3.148157929899753e-07
/Users/aswanathjs/Downloads/test10/ai_plastic_waste_management_training/PET Plastic/black_white_plastic_bottles/bcqux_jpg.rf.f3976177316a74e116b0044901dcfca4.jpg,2,PET Plastic,2,PET Plastic,0.9993359446525574,0.00011683731281664222,0.00017742501222528517,0.9993359446525574,0.00027647780370898545,9.33411211008206e-05
/Users/aswanathjs/Downloads/test10/ai_plastic_waste_management_training/PET Plastic/shampoo_bottles/0015_a05b00c1d2e1f1g0h1.jpg,2,PET Plastic,2,PET Plastic,0.9999858140945435,9.708368452265859e-06,3.845376852495974e-07,0.9999858140945435,3.1683664474257967e-06,9.57557631409145e-07
/Users/aswanathjs/Downloads/test10/ai_plastic_waste_management_training/HDPE Plastic/shampoo_bottles/0099_a02b01c2d3e0f1g0h4.jpg,0,HDPE Plastic,0,HDPE Plastic,1.0,1.0,6.20389989380854e-11,2.7870214469594146e-10,1.016223008520889e-10,3.4162805917503647e-10
"/Users/aswanathjs/Downloads/test10/ai_plastic_waste_management_training/PET Plastic/plastic_bottles/PET1,442.jpg",2,PET Plastic,2,PET Plastic,0.999972939491272,5.2884879551129416e-06,8.512848239661253e-07,0.999972939491272,2.0755425794050097e-05,2.21552227230859e-07
/Users/aswanathjs/Downloads/test10/ai_plastic_waste_management_training/LDPE Plastic/plastic_bags/LDPE-51_jpg.rf.ce5a2bd661d9d7eae064df3df00d5257.jpg,1,LDPE Plastic,1,LDPE Plastic,0.9999997615814209,1.6625794785340986e-07,0.9999997615814209,9.003690237818773e-09,4.214605553443107e-08,3.674103155049124e-08
/Users/aswanathjs/Downloads/test10/ai_plastic_waste_management_training/PET Plastic/shampoo_bottles/0080_a05b00c2d0e0f1g0h0.jpg,2,PET Plastic,2,PET Plastic,0.9999759197235107,2.343846244912129e-05,1.7113382710931546e-08,0.9999759197235107,1.0399811856132146e-07,5.509218112820236e-07
/Users/aswanathjs/Downloads/test10/ai_plastic_waste_management_training/HDPE Plastic/shampoo_bottles/0061_a02b01c1d3e0f1g0h2(1).jpg,0,HDPE Plastic,0,HDPE Plastic,0.9999923706054688,0.9999923706054688,1.0770185099318041e-06,5.366165169107262e-06,1.0781010217897347e-07,1.114556198444916e-06
"/Users/aswanathjs/Downloads/test10/ai_plastic_waste_management_training/PET Plastic/plastic_bottles/PET1,300.jpg",2,PET Plastic,2,PET Plastic,0.9966897964477539,0.002086432185024023,8.566555334255099e-05,0.9966897964477539,0.0011345179518684745,3.4718912047537742e-06
/Users/aswanathjs/Downloads/test10/ai_plastic_waste_management_training/PET Plastic/plastic_bottles/PET732.jpg,2,PET Plastic,2,PET Plastic,0.9999980926513672,1.7707517372400616e-06,5.7984735235550033e-08,0.9999980926513672,3.1062043603924394e-08,4.771102180001208e-09
/Users/aswanathjs/Downloads/test10/ai_plastic_waste_management_training/HDPE Plastic/shampoo_bottles/0061_a02b01c2d1e0f1g0h3.jpg,0,HDPE Plastic,0,HDPE Plastic,0.9999995231628418,0.9999995231628418,1.9449237775859274e-09,1.601530641437421e-08,3.1202449690681533e-07,6.115335793310805e-08
/Users/aswanathjs/Downloads/test10/ai_plastic_waste_management_training/HDPE Plastic/detergent_bottles/P_W (488).jpg,0,HDPE Plastic,0,HDPE Plastic,0.9999974966049194,0.9999974966049194,3.277105919963219e-09,1.3613755527330795e-06,1.0477720913115718e-08,1.1479072554720915e-06
/Users/aswanathjs/Downloads/test10/ai_plastic_waste_management_training/PS Plastic/foam_sheets/PS-880_jpg.rf.a916936ed34d0cd3ee2b75c9c82b5aa2.jpg,4,PS Plastic,4,PS Plastic,1.0,1.0898022928529372e-08,3.8862449369680974e-10,1.4714589546827028e-09,8.80465145236542e-10,1.0
/Users/aswanathjs/Downloads/test10/ai_plastic_waste_management_training/HDPE Plastic/milk_bottles/HDPEM27.jpg,0,HDPE Plastic,0,HDPE Plastic,0.999990701675415,0.999990701675415,2.221846898464719e-06,1.658172621432641e-08,3.4354470699327067e-06,3.6431772514333716e-06
/Users/aswanathjs/Downloads/test10/ai_plastic_waste_management_training/HDPE Plastic/milk_bottles_grey/HDPEM27.jpg,0,HDPE Plastic,0,HDPE Plastic,0.9996845722198486,0.9996845722198486,4.0562368667451665e-05,2.1073500988677552e-07,0.00020893532200716436,6.568256503669545e-05
/Users/aswanathjs/Downloads/test10/ai_plastic_waste_management_training/PP Plastic/square_containers_grey/Image_13.png,3,PP Plastic,3,PP Plastic,0.880645215511322,0.005174411926418543,0.10628099739551544,0.0011837808415293694,0.880645215511322,0.006715675815939903
/Users/aswanathjs/Downloads/test10/ai_plastic_waste_management_training/PP Plastic/square_containers/Image_13.png,3,PP Plastic,3,PP Plastic,0.9975036978721619,0.0005490624462254345,0.0018697038758546114,1.953565515577793e-05,0.9975036978721619,5.8020290452986956e-05
/Users/aswanathjs/Downloads/test10/ai_plastic_waste_management_training/PS Plastic/foam_containers/Image_13.png,3,PP Plastic,3,PP Plastic,0.5351882576942444,0.033313773572444916,0.12383054941892624,0.006745241116732359,0.5351882576942444,0.30092212557792664
/Users/aswanathjs/Downloads/test10/ai_plastic_waste_management_training/HDPE Plastic/shampoo_bottles/0063_a02b01c2d3e0f1g1h3.jpg,0,HDPE Plastic,0,HDPE Plastic,0.9999997615814209,0.9999997615814209,1.655562300584279e-07,1.796406401410877e-08,5.740775321783076e-08,5.756970722359256e-08
"/Users/aswanathjs/Downloads/test10/ai_plastic_waste_management_training/PET Plastic/plastic_bottles/PET1,242.jpg",2,PET Plastic,2,PET Plastic,0.9999997615814209,1.3234297568942566e-07,4.496679295584727e-08,0.9999997615814209,6.005767261285655e-08,2.379087815640446e-09
/Users/aswanathjs/Downloads/test10/ai_plastic_waste_management_training/HDPE Plastic/shampoo_bottles/0063_a02b01c1d3e0f1g1h4.jpg,0,HDPE Plastic,0,HDPE Plastic,0.9999910593032837,0.9999910593032837,3.31645111373291e-07,4.743641056847991e-06,3.100053845628281e-06,7.634951089130482e-07
/Users/aswanathjs/Downloads/test10/ai_plastic_waste_management_training/HDPE Plastic/milk_bottles/HDPEM36.jpg,0,HDPE Plastic,0,HDPE Plastic,0.9999828338623047,0.9999828338623047,4.278016660919093e-07,3.959768548611464e-07,1.630861333978828e-05,1.0886560630751774e-07
/Users/aswanathjs/Downloads/test10/ai_plastic_waste_management_training/LDPE Plastic/plastic_bags/plasticbag (45).jpg,1,LDPE Plastic,1,LDPE Plastic,0.9999985694885254,6.74082116347563e-07,0.9999985694885254,9.195180439292017e-08,4.2657131160694917e-08,6.62851618926652e-07
/Users/aswanathjs/Downloads/test10/ai_plastic_waste_management_training/HDPE Plastic/shampoo_bottles/0065_a02b03c1d2e0f1g0h0.jpg,0,HDPE Plastic,0,HDPE Plastic,1.0,1.0,7.675511892735187e-10,1.2925213122016999e-09,9.888394991719451e-09,3.9483949443308575e-09
"/Users/aswanathjs/Downloads/test10/ai_plastic_waste_management_training/PET Plastic/plastic_bottles/PET1,332.jpg",2,PET Plastic,2,PET Plastic,0.999990701675415,6.6643433456192724e-06,3.82918415198219e-07,0.999990701675415,1.4215250985216699e-06,8.031938705244102e-07
/Users/aswanathjs/Downloads/test10/ai_plastic_waste_management_training/LDPE Plastic/plastic_bags/plasticbag (182).jpg,1,LDPE Plastic,1,LDPE Plastic,0.9999980926513672,1.4098491192271467e-06,0.9999980926513672,5.186757903175021e-07,1.7445167532770256e-09,7.842636762234179e-09
/Users/aswanathjs/Downloads/test10/ai_plastic_waste_management_training/LDPE Plastic/plastic_bags/train_LDPE-38_jpg.rf.dd7b92b1dfdcc37993b6847f2dcbbf0c.jpg,1,LDPE Plastic,1,LDPE Plastic,0.9999985694885254,1.2420966868376127e-06,0.9999985694885254,3.013866844980839e-08,1.6448831630100358e-08,1.2595295117989735e-07
"/Users/aswanathjs/Downloads/test10/ai_plastic_waste_management_training/PET Plastic/plastic_bottles/PET1,066.jpg",2,PET Plastic,2,PET Plastic,0.9999983310699463,9.114546628552489e-07,2.4505936835339526e-07,0.9999983310699463,2.2461206583557214e-07,2.780320755846333e-07
/Users/aswanathjs/Downloads/test10/ai_plastic_waste_management_training/PP Plastic/round_containers/0043_a06b01c2d3e0f0g0h1.jpg,3,PP Plastic,3,PP Plastic,0.9999229907989502,3.204640597687103e-05,3.415772152948193e-05,3.943521733162925e-06,0.9999229907989502,6.775013389415108e-06
/Users/aswanathjs/Downloads/test10/ai_plastic_waste_management_training/PS Plastic/foam_sheets/PS-527_jpg.rf.1ab717892253dd8aef80e9d9c9967b72.jpg,4,PS Plastic,4,PS Plastic,0.9999995231628418,4.2039650338665524e-07,7.743550689554013e-09,6.287289799900009e-09,1.6704079230933644e-09,0.9999995231628418
/Users/aswanathjs/Downloads/test10/ai_plastic_waste_management_training/LDPE Plastic/plastic_bags/plasticbag (116).jpg,1,LDPE Plastic,1,LDPE Plastic,0.9990837574005127,0.0001574311318108812,0.9990837574005127,0.00010071288124890998,0.000488887308165431,0.00016915009473450482
/Users/aswanathjs/Downloads/test10/ai_plastic_waste_management_training/HDPE Plastic/milk_bottles/HDPEM145.jpg,0,HDPE Plastic,0,HDPE Plastic,1.0,1.0,3.1093369545764915e-10,1.6944087022352505e-08,9.7688319655731e-09,1.9606722911902352e-09
/Users/aswanathjs/Downloads/test10/ai_plastic_waste_management_training/PP Plastic/round_containers/Image_216.png,3,PP Plastic,3,PP Plastic,0.6713411808013916,0.020380977541208267,0.22588112950325012,0.003178392304107547,0.6713411808013916,0.0792183130979538
/Users/aswanathjs/Downloads/test10/ai_plastic_waste_management_training/PS Plastic/foam_containers/Image_216.png,3,PP Plastic,4,PS Plastic,0.5933826565742493,0.0374426543712616,0.17748548090457916,0.005105149932205677,0.1865839958190918,0.5933826565742493
/Users/aswanathjs/Downloads/test10/ai_plastic_waste_management_training/LDPE Plastic/plastic_bags/LDPE-593_jpg.rf.ad93dd8a1bb5cebd09f0d26f2ae840bf.jpg,1,LDPE Plastic,1,LDPE Plastic,0.9998822212219238,3.910731538780965e-05,0.9998822212219238,1.6664143913658336e-05,2.4613591449451633e-05,3.744347850442864e-05
/Users/aswanathjs/Downloads/test10/ai_plastic_waste_management_training/PET Plastic/plastic_bottles/PET292.jpg,2,PET Plastic,2,PET Plastic,0.9435250163078308,0.05645788833498955,1.031872784551524e-06,0.9435250163078308,9.519861123408191e-06,6.5076951614173595e-06
/Users/aswanathjs/Downloads/test10/ai_plastic_waste_management_training/PET Plastic/black_white_plastic_bottles/cltka_jpg.rf.9d65e5c02ad8651d6b3ce4e4872928a2.jpg,2,PET Plastic,2,PET Plastic,0.9999946355819702,4.0859636101231445e-06,8.026877935662924e-07,0.9999946355819702,3.865833093641413e-07,5.101885136582496e-08
/Users/aswanathjs/Downloads/test10/ai_plastic_waste_management_training/PP Plastic/round_containers/0043_a06b01c1d0e0f0g0h1.jpg,3,PP Plastic,3,PP Plastic,0.9993422627449036,0.0005701303598470986,4.77552785014268e-05,3.1626834243070334e-05,0.9993422627449036,8.25212373456452e-06
/Users/aswanathjs/Downloads/test10/ai_plastic_waste_management_training/PP Plastic/round_containers_grey/0043_a06b01c1d0e0f0g0h1.jpg,3,PP Plastic,0,HDPE Plastic,0.5008023381233215,0.5008023381233215,0.00011241892934776843,3.789815673371777e-05,0.49898001551628113,6.735624629072845e-05
/Users/aswanathjs/Downloads/test10/ai_plastic_waste_management_training/PP Plastic/round_containers/0009_a06b01c2d0e0f0g0h0.jpg,3,PP Plastic,3,PP Plastic,0.9814168810844421,0.01853966899216175,1.4777366232010536e-05,1.942344351846259e-05,0.9814168810844421,9.245560249837581e-06
/Users/aswanathjs/Downloads/test10/ai_plastic_waste_management_training/HDPE Plastic/detergent_bottles/Image_245.png,0,HDPE Plastic,0,HDPE Plastic,0.9941121935844421,0.9941121935844421,0.0031919435132294893,0.0006155792507342994,0.0017996554961428046,0.00028068028041161597
/Users/aswanathjs/Downloads/test10/ai_plastic_waste_management_training/PS Plastic/foam_containers/Image_245.png,0,HDPE Plastic,4,PS Plastic,0.37079107761383057,0.08182001858949661,0.24795114994049072,0.03656526282429695,0.26287251710891724,0.37079107761383057
/Users/aswanathjs/Downloads/test10/ai_plastic_waste_management_training/PP Plastic/round_containers/0043_a06b01c1d0e0f0g0h3.jpg,3,PP Plastic,3,PP Plastic,0.9999862909317017,5.1302140491316095e-06,8.102379069896415e-06,5.5894652462029626e-08,0.9999862909317017,4.2957663026754744e-07
"/Users/aswanathjs/Downloads/test10/ai_plastic_waste_management_training/PET Plastic/plastic_bottles/PET1,309.jpg",2,PET Plastic,2,PET Plastic,0.9999960660934448,1.2535140285763191e-06,8.859475997269328e-08,0.9999960660934448,2.5124720650637755e-06,4.13959746481396e-08
/Users/aswanathjs/Downloads/test10/ai_plastic_waste_management_training/LDPE Plastic/plastic_bags/plasticbag (171).jpg,1,LDPE Plastic,1,LDPE Plastic,0.9999991655349731,4.280314556126541e-07,0.9999991655349731,1.001433602709767e-09,1.6219390275296064e-08,3.619791186793009e-07
/Users/aswanathjs/Downloads/test10/ai_plastic_waste_management_training/LDPE Plastic/plastic_bags/plasticbag (113).jpg,1,LDPE Plastic,1,LDPE Plastic,0.9880950450897217,0.0035909858997911215,0.9880950450897217,0.0005135610117577016,0.0016102563822641969,0.006190021522343159
/Users/aswanathjs/Downloads/test10/ai_plastic_waste_management_training/PS Plastic/foam_sheets/PS-685_jpg.rf.9eef114ced0976930f55ec95b2871d87.jpg,4,PS Plastic,4,PS Plastic,0.9999819993972778,1.2095874808437657e-05,3.917525646102149e-06,6.997914283601858e-07,1.3189994660933735e-06,0.9999819993972778
/Users/aswanathjs/Downloads/test10/ai_plastic_waste_management_training/PET Plastic/shampoo_bottles/IMG_20220209_220437.jpg,2,PET Plastic,0,HDPE Plastic,0.6625444293022156,0.6625444293022156,0.000520572648383677,0.27662378549575806,0.05949404463171959,0.0008172502857632935
/Users/aswanathjs/Downloads/test10/ai_plastic_waste_management_training/HDPE Plastic/milk_bottles/milk.JPG,0,HDPE Plastic,0,HDPE Plastic,0.996692419052124,0.996692419052124,1.9305605292174732e-07,0.0033048843033611774,8.188845157519609e-09,2.4506971385562792e-06
/Users/aswanathjs/Downloads/test10/ai_plastic_waste_management_training/PET Plastic/plastic_bottles/PET789.jpg,2,PET Plastic,2,PET Plastic,0.999998927116394,4.2313502035540296e-07,3.7675025055250444e-07,0.999998927116394,1.3739882831487193e-07,1.3510465635135915e-07
/Users/aswanathjs/Downloads/test10/ai_plastic_waste_management_training/PET Plastic/shampoo_bottles/0050_a05b00c2d3e1f1g0h4.jpg,2,PET Plastic,2,PET Plastic,1.0,4.2878126049750165e-10,3.8487130149533755e-10,1.0,1.35830652281399e-10,3.7149477938314135e-11
/Users/aswanathjs/Downloads/test10/ai_plastic_waste_management_training/HDPE Plastic/milk_bottles/HDPEM282.jpg,0,HDPE Plastic,0,HDPE Plastic,1.0,1.0,6.742315733498927e-11,3.2598190813359906e-10,2.1394355037562818e-11,1.4347835419759036e-10
/Users/aswanathjs/Downloads/test10/ai_plastic_waste_management_training/LDPE Plastic/plastic_bags/LDPE-766_jpg.rf.46cb6df95c0d853c8ce793e6211684d2.jpg,1,LDPE Plastic,1,LDPE Plastic,0.9998395442962646,1.5827270544832572e-05,0.9998395442962646,1.6920177586143836e-05,0.00010616815416142344,2.148163184756413e-05
/Users/aswanathjs/Downloads/test10/ai_plastic_waste_management_training/PS Plastic/form_containers_grey/styrofoam-4-_jpg.rf.3aec867512b18a5a9b59e9feb2bf10d0.jpg,4,PS Plastic,4,PS Plastic,0.965222954750061,0.00017176149412989616,0.0006481314776465297,1.5332867405959405e-05,0.03394182026386261,0.965222954750061
/Users/aswanathjs/Downloads/test10/ai_plastic_waste_management_training/PS Plastic/foam_containers/styrofoam-4-_jpg.rf.3aec867512b18a5a9b59e9feb2bf10d0.jpg,4,PS Plastic,4,PS Plastic,0.9966797828674316,9.839276572165545e-06,0.00016382474859710783,1.7084170394809917e-05,0.003129481105133891,0.9966797828674316
/Users/aswanathjs/Downloads/test10/ai_plastic_waste_management_training/PET Plastic/shampoo_bottles/0100_a05b00c1d2e0f0g0h3.jpg,2,PET Plastic,3,PP Plastic,0.6379148364067078,0.00017828491399995983,0.0011707429075613618,0.36066633462905884,0.6379148364067078,6.9860128860455e-05
/Users/aswanathjs/Downloads/test10/ai_plastic_waste_management_training/PET Plastic/black_white_plastic_bottles/corew_jpg.rf.47f45a139299ce3a0724a2796e576123.jpg,2,PET Plastic,2,PET Plastic,0.9995539784431458,5.978754415991716e-05,0.00020465784473344684,0.9995539784431458,8.794948371360078e-05,9.356435475638136e-05
/Users/aswanathjs/Downloads/test10/ai_plastic_waste_management_training/PET Plastic/black_white_plastic_bottles/bqkyr_jpg.rf.59ac8694ceb4aab37594c7e7bf52e73b.jpg,2,PET Plastic,2,PET Plastic,0.9999974966049194,8.741016586100159e-07,4.750523316943145e-07,0.9999974966049194,1.0791193290060619e-06,8.548425967092044e-08
/Users/aswanathjs/Downloads/test10/ai_plastic_waste_management_training/PS Plastic/foam_containers/Image_21.png,4,PS Plastic,4,PS Plastic,0.6540564894676208,0.08989057689905167,0.052191782742738724,0.0015038304263725877,0.20235741138458252,0.6540564894676208
"/Users/aswanathjs/Downloads/test10/ai_plastic_waste_management_training/PET Plastic/plastic_bottles/PET1,777.jpg",2,PET Plastic,2,PET Plastic,0.9999963045120239,1.7138083876488963e-06,1.3152040878594562e-07,0.9999963045120239,1.4512232837660122e-06,4.0558842329119216e-07
/Users/aswanathjs/Downloads/test10/ai_plastic_waste_management_training/PP Plastic/round_containers/0095_a05b01c2d3e0f0g0h1.jpg,3,PP Plastic,3,PP Plastic,0.9999237060546875,7.248158362926915e-05,2.3348261493083555e-06,9.776847491593799e-07,0.9999237060546875,4.532084574293549e-07
/Users/aswanathjs/Downloads/test10/ai_plastic_waste_management_training/PP Plastic/round_containers_grey/0095_a05b01c2d3e0f0g0h1.jpg,3,PP Plastic,3,PP Plastic,0.9995287656784058,0.0004114164912607521,2.953355578938499e-05,5.945378688920755e-06,0.9995287656784058,2.431904613331426e-05
"/Users/aswanathjs/Downloads/test10/ai_plastic_waste_management_training/PET Plastic/plastic_bottles/PET1,702.jpg",2,PET Plastic,2,PET Plastic,0.9999998807907104,6.168652788574036e-08,9.741046858025015e-10,0.9999998807907104,1.2620050782174985e-08,9.729186345452945e-09
/Users/aswanathjs/Downloads/test10/ai_plastic_waste_management_training/LDPE Plastic/black_white__plastic_bags/0272_jpg.rf.26d2856c0f890cd1ac5db1ca7a86e546.jpg,1,LDPE Plastic,1,LDPE Plastic,0.9999233484268188,1.4265076970332302e-05,0.9999233484268188,8.556890520594607e-07,1.0761243174783885e-05,5.0839331379393116e-05
/Users/aswanathjs/Downloads/test10/ai_plastic_waste_management_training/PET Plastic/black_white_plastic_bottles/dqlxt_jpg.rf.2384d14ec357475cf833b123d11ef5fa.jpg,2,PET Plastic,2,PET Plastic,0.9996447563171387,3.756837759283371e-05,0.0001581466058269143,0.9996447563171387,2.850538476195652e-05,0.00013101751392241567
/Users/aswanathjs/Downloads/test10/ai_plastic_waste_management_training/PP Plastic/round_containers/Image_126.png,3,PP Plastic,3,PP Plastic,0.9728996157646179,0.0029881512746214867,0.021144745871424675,0.0004157332587055862,0.9728996157646179,0.002551737939938903
/Users/aswanathjs/Downloads/test10/ai_plastic_waste_management_training/PS Plastic/foam_containers/Image_126.png,3,PP Plastic,3,PP Plastic,0.5157264471054077,0.03447164222598076,0.13917569816112518,0.006207948550581932,0.5157264471054077,0.30441829562187195
"/Users/aswanathjs/Downloads/test10/ai_plastic_waste_management_training/PET Plastic/plastic_bottles/PET1,376.jpg",2,PET Plastic,2,PET Plastic,0.9999916553497314,7.486958111257991e-06,8.78856383224047e-08,0.9999916553497314,4.805749540537363e-07,2.783591810384678e-07
/Users/aswanathjs/Downloads/test10/ai_plastic_waste_management_training/LDPE Plastic/plastic_bags/LDPE-571_jpg.rf.d57d81eb5c26e21d8cafd2208957dc3c.jpg,1,LDPE Plastic,1,LDPE Plastic,0.9999490976333618,3.521575763443252e-06,0.9999490976333618,9.225112194144458e-07,1.750170486047864e-05,2.8895832656417042e-05
/Users/aswanathjs/Downloads/test10/ai_plastic_waste_management_training/LDPE Plastic/plastic_bags/LDPE-72_jpg.rf.3dae5ebb0480b992b63239f9a82e0a8c.jpg,1,LDPE Plastic,1,LDPE Plastic,0.9999997615814209,4.268778397431561e-08,0.9999997615814209,2.964378609249252e-08,6.320769330159237e-08,7.58465912298334e-09
/Users/aswanathjs/Downloads/test10/ai_plastic_waste_management_training/LDPE Plastic/plastic_bags/LDPE-72_jpg.rf.1b0bdc39a4d34c33d7ce7acc305db1de.jpg,1,LDPE Plastic,1,LDPE Plastic,0.9999985694885254,2.4710490720281086e-07,0.9999985694885254,1.4240227130812855e-07,7.562022688034631e-07,2.7972495786343643e-07
/Users/aswanathjs/Downloads/test10/ai_plastic_waste_management_training/HDPE Plastic/detergent_bottles/0039_a02b01c2d3e0f1g0h3.jpg,0,HDPE Plastic,0,HDPE Plastic,1.0,1.0,6.7435983013008904e-12,6.154306231298534e-11,5.0039881960284305e-11,1.5587912904901913e-11
/Users/aswanathjs/Downloads/test10/ai_plastic_waste_management_training/LDPE Plastic/black_white__plastic_bags/0239_jpg.rf.604826f1a1dfce456b0fa3b2bc7bd19b.jpg,1,LDPE Plastic,1,LDPE Plastic,0.9999996423721313,2.1029742924838501e-07,0.9999996423721313,5.723682861002999e-09,6.734316571055388e-08,4.9818812186686046e-08
/Users/aswanathjs/Downloads/test10/ai_plastic_waste_management_training/PP Plastic/round_containers/IMG_20220209_174645.jpg,3,PP Plastic,3,PP Plastic,0.999990701675415,6.875442863929493e-07,9.619666343496647e-07,7.457967967638979e-06,0.999990701675415,1.8395559209238854e-07
/Users/aswanathjs/Downloads/test10/ai_plastic_waste_management_training/HDPE Plastic/milk_bottles/HDPEM28.jpg,0,HDPE Plastic,0,HDPE Plastic,0.9999997615814209,0.9999997615814209,1.116293546488123e-07,6.481467362817739e-09,4.26376356443825e-09,7.486824671332215e-08
/Users/aswanathjs/Downloads/test10/ai_plastic_waste_management_training/LDPE Plastic/plastic_bags/plasticbag (204).jpg,1,LDPE Plastic,1,LDPE Plastic,0.991258442401886,0.003050692845135927,0.991258442401886,0.00046514003770425916,0.0020132276695221663,0.0032124901190400124
/Users/aswanathjs/Downloads/test10/ai_plastic_waste_management_training/PET Plastic/black_white_plastic_bottles/azkfu_jpg.rf.8a64cada2bcb4cf189a6632506e5ca72.jpg,2,PET Plastic,2,PET Plastic,0.9999986886978149,6.651110311395314e-07,1.938024318803855e-08,0.9999986886978149,4.342595616435574e-07,1.5704638656188763e-07
/Users/aswanathjs/Downloads/test10/ai_plastic_waste_management_training/LDPE Plastic/plastic_bags/LDPE-44_jpg.rf.e8eec4dc28eec1f2c4df017f874700c1.jpg,1,LDPE Plastic,1,LDPE Plastic,0.9979251623153687,0.0016356098931282759,0.9979251623153687,3.333315544296056e-05,0.00020046179997734725,0.00020546805171761662
/Users/aswanathjs/Downloads/test10/ai_plastic_waste_management_training/LDPE Plastic/black_white__plastic_bags/0242_jpg.rf.136587477251768593ccc5a7f7d8915f.jpg,1,LDPE Plastic,1,LDPE Plastic,0.9999902248382568,1.6997331613310962e-06,0.9999902248382568,3.8069110530614125e-08,3.5868112036041566e-07,7.6225151133257896e-06
/Users/aswanathjs/Downloads/test10/ai_plastic_waste_management_training/PET Plastic/black_white_plastic_bottles/bdspr_jpg.rf.c8895c268de492b4b5be760c1bc3f8d6.jpg,2,PET Plastic,2,PET Plastic,0.9999939203262329,2.3962132900123834e-07,2.8315146209934028e-06,0.9999939203262329,1.84660927970981e-06,1.1584099866013275e-06
/Users/aswanathjs/Downloads/test10/ai_plastic_waste_management_training/HDPE Plastic/shampoo_bottles/0078_a02b07c2d3e0f1g0h3.jpg,0,HDPE Plastic,0,HDPE Plastic,1.0,1.0,1.0717517845426627e-10,3.454342645259345e-10,1.397294779881264e-10,1.7272388380673576e-11
/Users/aswanathjs/Downloads/test10/ai_plastic_waste_management_training/HDPE Plastic/milk_bottles/HDPEM222.jpg,0,HDPE Plastic,0,HDPE Plastic,0.9999988079071045,0.9999988079071045,3.510299606546141e-08,7.075129815348191e-07,2.0406632472713682e-07,2.0729552829834574e-07
/Users/aswanathjs/Downloads/test10/ai_plastic_waste_management_training/HDPE Plastic/milk_bottles/HDPEM368.jpg,0,HDPE Plastic,0,HDPE Plastic,0.9998668432235718,0.9998668432235718,6.0149645833007526e-06,1.3491725781022978e-07,0.00012644840171560645,5.438353127829032e-07
/Users/aswanathjs/Downloads/test10/ai_plastic_waste_management_training/PS Plastic/foam_containers/Image_237.png,4,PS Plastic,4,PS Plastic,0.5815680623054504,0.05136197805404663,0.14072191715240479,0.010587000288069248,0.21576112508773804,0.5815680623054504
/Users/aswanathjs/Downloads/test10/ai_plastic_waste_management_training/HDPE Plastic/milk_bottles/HDPEM295.jpg,0,HDPE Plastic,0,HDPE Plastic,1.0,1.0,5.895186006021902e-10,7.194928208775764e-09,4.0320935479343234e-10,2.4320949698619643e-09
/Users/aswanathjs/Downloads/test10/ai_plastic_waste_management_training/PET Plastic/black_white_plastic_bottles/dglcy_jpg.rf.b875417d36c5bf8d5e77f5596d46088d.jpg,2,PET Plastic,2,PET Plastic,0.9914195537567139,0.006961507722735405,7.245221786433831e-05,0.9914195537567139,0.0011841190280392766,0.00036241361522115767
/Users/aswanathjs/Downloads/test10/ai_plastic_waste_management_training/PET Plastic/black_white_plastic_bottles/btkay_jpg.rf.cb759ab24ba2f19ce9be482f703ffbcb.jpg,2,PET Plastic,2,PET Plastic,0.9999994039535522,1.9141185703119845e-07,3.815531357531654e-08,0.9999994039535522,2.8364206627884414e-07,3.305910922790645e-08
/Users/aswanathjs/Downloads/test10/ai_plastic_waste_management_training/PP Plastic/square_containers/IMG_20220209_175355.jpg,3,PP Plastic,3,PP Plastic,0.9999793767929077,1.8119815649697557e-05,9.864119192570797e-07,3.1264428912436415e-07,0.9999793767929077,1.1931293784073205e-06
/Users/aswanathjs/Downloads/test10/ai_plastic_waste_management_training/LDPE Plastic/plastic_bags/P_W (1386).jpg,1,LDPE Plastic,1,LDPE Plastic,0.9906882047653198,0.0017792778089642525,0.9906882047653198,0.00035557703813537955,0.004123686347156763,0.003053210908547044
/Users/aswanathjs/Downloads/test10/ai_plastic_waste_management_training/HDPE Plastic/shampoo_bottles/0077_a02b01c1d0e0f1g0h0.jpg,0,HDPE Plastic,0,HDPE Plastic,0.9999983310699463,0.9999983310699463,4.230256323012327e-08,1.3732819752476644e-06,2.1511459280532108e-08,1.4009613380494557e-07
/Users/aswanathjs/Downloads/test10/ai_plastic_waste_management_training/LDPE Plastic/black_white__plastic_bags/0177_jpg.rf.64924e1d5329253cb34911140edc0779.jpg,1,LDPE Plastic,1,LDPE Plastic,0.9999547004699707,3.607493272284046e-05,0.9999547004699707,1.2267123850051576e-07,9.041545126819983e-06,2.8974401544701323e-08
/Users/aswanathjs/Downloads/test10/ai_plastic_waste_management_training/PP Plastic/round_containers/0035_a06b01c2d2e0f0g0h4.jpg,3,PP Plastic,3,PP Plastic,0.9999995231628418,4.325528948356805e-07,3.435786766203819e-09,5.123956370312044e-09,0.9999995231628418,2.192019010749391e-09
/Users/aswanathjs/Downloads/test10/ai_plastic_waste_management_training/HDPE Plastic/detergent_bottles/0062_a02b05c1d0e0f1g1h4.jpg,0,HDPE Plastic,0,HDPE Plastic,0.9999998807907104,0.9999998807907104,2.1524297011410454e-08,6.74883580131791e-08,8.618360469725417e-10,5.214633169714489e-10
/Users/aswanathjs/Downloads/test10/ai_plastic_waste_management_training/HDPE Plastic/detergent_botteles_grey/0062_a02b05c1d0e0f1g1h4.jpg,0,HDPE Plastic,0,HDPE Plastic,0.9999841451644897,0.9999841451644897,3.38131803800934e-06,7.315679340536008e-06,3.665978283606819e-06,1.5730169025118812e-06
/Users/aswanathjs/Downloads/test10/ai_plastic_waste_management_training/LDPE Plastic/plastic_bags/plasticbag (152) 17.43.56.jpg,1,LDPE Plastic,1,LDPE Plastic,0.9997667670249939,0.00022639482631348073,0.9997667670249939,7.635961765117827e-07,5.458292889670702e-06,6.174986424412054e-07
/Users/aswanathjs/Downloads/test10/ai_plastic_waste_management_training/PP Plastic/square_containers/IMG_20220209_173121.jpg,3,PP Plastic,3,PP Plastic,0.9973670840263367,0.0024544198531657457,0.0001236997195519507,6.761743861716241e-06,0.9973670840263367,4.8130081268027425e-05
/Users/aswanathjs/Downloads/test10/ai_plastic_waste_management_training/PP Plastic/round_containers/Image_235.png,3,PP Plastic,3,PP Plastic,0.868818998336792,0.010679435916244984,0.11279676854610443,0.0011922228150069714,0.868818998336792,0.006512519903481007
/Users/aswanathjs/Downloads/test10/ai_plastic_waste_management_training/PS Plastic/foam_containers/Image_235.png,3,PP Plastic,3,PP Plastic,0.48882976174354553,0.02053883858025074,0.07440928369760513,0.0012598230969160795,0.48882976174354553,0.4149623215198517
/Users/aswanathjs/Downloads/test10/ai_plastic_waste_management_training/PP Plastic/rectangle_containers/0011_a05b00c2d1e0f0g0h1.jpg,3,PP Plastic,3,PP Plastic,0.992318868637085,0.00030297378543764353,7.132228802220197e-06,0.007333630695939064,0.992318868637085,3.742884655366652e-05
/Users/aswanathjs/Downloads/test10/ai_plastic_waste_management_training/PP Plastic/square_containers/0011_a05b00c2d1e0f0g0h1.jpg,3,PP Plastic,3,PP Plastic,0.992318868637085,0.00030297378543764353,7.132228802220197e-06,0.007333630695939064,0.992318868637085,3.742884655366652e-05
"/Users/aswanathjs/Downloads/test10/ai_plastic_waste_management_training/PET Plastic/plastic_bottles/PET1,165.jpg",2,PET Plastic,2,PET Plastic,1.0,1.6803948232890775e-09,4.4020822542734095e-09,1.0,2.5039087470091204e-10,1.012617545370631e-08
/Users/aswanathjs/Downloads/test10/ai_plastic_waste_management_training/HDPE Plastic/shampoo_bottles/0021_a02b01c1d3e1f0g0h3.jpg,0,HDPE Plastic,0,HDPE Plastic,0.9999985694885254,0.9999985694885254,1.3196982173724336e-08,1.0838151638381532e-06,1.7769127680367092e-07,1.3213183081006719e-07
/Users/aswanathjs/Downloads/test10/ai_plastic_waste_management_training/HDPE Plastic/milk_bottles/HDPEM188.jpg,0,HDPE Plastic,0,HDPE Plastic,0.9999992847442627,0.9999992847442627,3.5269586362574046e-08,4.800503106139331e-08,2.769726847873244e-07,3.7453142454069166e-07
/Users/aswanathjs/Downloads/test10/ai_plastic_waste_management_training/PET Plastic/shampoo_bottles/IMG_20220209_220630.jpg,2,PET Plastic,2,PET Plastic,0.996762752532959,0.002248115371912718,0.00021453641238622367,0.996762752532959,0.0006368651520460844,0.0001377017906634137
/Users/aswanathjs/Downloads/test10/ai_plastic_waste_management_training/HDPE Plastic/milk_bottles/HDPEM82.jpg,0,HDPE Plastic,0,HDPE Plastic,1.0,1.0,9.613335127944822e-11,5.424991122993106e-09,9.494959679612336e-11,2.270783117097608e-09
/Users/aswanathjs/Downloads/test10/ai_plastic_waste_management_training/HDPE Plastic/shampoo_bottles/0065_a02b03c2d1e0f1g0h1.jpg,0,HDPE Plastic,0,HDPE Plastic,0.9999997615814209,0.9999997615814209,7.501673060517078e-09,2.1560401819442632e-07,2.6281728793264847e-08,2.5442730589020357e-08
/Users/aswanathjs/Downloads/test10/ai_plastic_waste_management_training/PET Plastic/plastic_bottles/PET915.jpg,2,PET Plastic,2,PET Plastic,0.9999998807907104,8.156315800533775e-08,2.714296343242495e-08,0.9999998807907104,8.184736444150076e-09,1.0164138863899552e-08
/Users/aswanathjs/Downloads/test10/ai_plastic_waste_management_training/HDPE Plastic/shampoo_bottles/0078_a02b07c1d1e0f1g0h2.jpg,0,HDPE Plastic,0,HDPE Plastic,1.0,1.0,1.0410108192138168e-10,1.7751722314329754e-09,1.1291840795735197e-09,8.963724901223102e-11
/Users/aswanathjs/Downloads/test10/ai_plastic_waste_management_training/PET Plastic/plastic_bottles/PET515.jpg,2,PET Plastic,2,PET Plastic,0.9999998807907104,3.2480730993711404e-08,3.56253537781015e-09,0.9999998807907104,2.4607412996147104e-08,3.593294195525232e-08
/Users/aswanathjs/Downloads/test10/ai_plastic_waste_management_training/PET Plastic/plastic_bottles/PET316.jpg,2,PET Plastic,2,PET Plastic,0.9999040365219116,8.726940723136067e-05,8.50102151161991e-06,0.9999040365219116,2.485633956439415e-07,1.1588139336993208e-08
/Users/aswanathjs/Downloads/test10/ai_plastic_waste_management_training/PET Plastic/plastic_bottles/PET437.jpg,2,PET Plastic,2,PET Plastic,0.9999279975891113,4.883659130427986e-06,6.340157415252179e-05,0.9999279975891113,3.783310376093141e-07,3.30171474161034e-06
/Users/aswanathjs/Downloads/test10/ai_plastic_waste_management_training/LDPE Plastic/plastic_bags/plasticbag (203) 17.43.56.jpg,1,LDPE Plastic,1,LDPE Plastic,0.9997314810752869,2.0927413970639464e-06,0.9997314810752869,8.077795854433134e-08,5.421309197117807e-06,0.00026098720263689756
/Users/aswanathjs/Downloads/test10/ai_plastic_waste_management_training/PET Plastic/plastic_bottles/PET404.jpg,2,PET Plastic,2,PET Plastic,0.9999756813049316,2.0507179215201177e-05,1.0249595305822368e-07,0.9999756813049316,1.5906792896203115e-06,2.1425087197712855e-06
/Users/aswanathjs/Downloads/test10/ai_plastic_waste_management_training/PET Plastic/black_white_plastic_bottles/aozvf_jpg.rf.12e5d8d5eaf34b60713e818bf51ba5b6.jpg,2,PET Plastic,2,PET Plastic,0.9999938011169434,3.721728489836096e-06,7.630044933648605e-07,0.9999938011169434,9.150021469395142e-07,8.549133099222672e-07
/Users/aswanathjs/Downloads/test10/ai_plastic_waste_management_training/PS Plastic/foam_sheets/PS-512_jpg.rf.e5fcb33ae46eaac9678218c5ee5b841b.jpg,4,PS Plastic,4,PS Plastic,0.9999979734420776,1.8634550542628858e-06,1.266911198172238e-07,5.036292094473538e-08,8.873473511528118e-09,0.9999979734420776
/Users/aswanathjs/Downloads/test10/ai_plastic_waste_management_training/PET Plastic/black_white_plastic_bottles/dagml_jpg.rf.a8e7001b533c67265b30cd7ac97562fb.jpg,2,PET Plastic,2,PET Plastic,0.9999639987945557,1.487206645833794e-05,2.1819669200340286e-06,0.9999639987945557,1.4067168194742408e-05,4.870968950854149e-06
/Users/aswanathjs/Downloads/test10/ai_plastic_waste_management_training/PP Plastic/round_containers/IMG_20220209_173643.jpg,3,PP Plastic,3,PP Plastic,0.9997422099113464,1.6568146747886203e-05,0.00011636705312412232,4.282530062482692e-05,0.9997422099113464,8.203757170122117e-05
/Users/aswanathjs/Downloads/test10/ai_plastic_waste_management_training/LDPE Plastic/plastic_bags/plasticbag (183).jpg,1,LDPE Plastic,1,LDPE Plastic,0.9999313354492188,1.539548611617647e-05,0.9999313354492188,8.614821126684546e-06,4.197737871436402e-05,2.653927367646247e-06
"/Users/aswanathjs/Downloads/test10/ai_plastic_waste_management_training/PET Plastic/plastic_bottles/PET1,341.jpg",2,PET Plastic,2,PET Plastic,0.9999964237213135,3.195968020008877e-06,2.104443197481487e-08,0.9999964237213135,2.8380736694089137e-07,4.5430184059114254e-08
"/Users/aswanathjs/Downloads/test10/ai_plastic_waste_management_training/PET Plastic/plastic_bottles/PET1,445.jpg",2,PET Plastic,2,PET Plastic,0.9999998807907104,2.3383528002796083e-08,2.7946200020778633e-08,0.9999998807907104,4.161470812391599e-08,1.348693379199517e-09
/Users/aswanathjs/Downloads/test10/ai_plastic_waste_management_training/LDPE Plastic/plastic_bags/plasticbag (159).jpg,1,LDPE Plastic,1,LDPE Plastic,0.9999537467956543,1.1538572834979277e-06,0.9999537467956543,8.10331641787343e-07,2.0913083062623627e-05,2.3468137442250736e-05
/Users/aswanathjs/Downloads/test10/ai_plastic_waste_management_training/LDPE Plastic/plastic_bags/LDPE-66_jpg.rf.cd4c70aedcc1562962304e3187a39c61.jpg,1,LDPE Plastic,1,LDPE Plastic,0.9998929500579834,5.096683707961347e-06,0.9998929500579834,3.28736655319517e-06,9.81670236797072e-05,3.928518026441452e-07
/Users/aswanathjs/Downloads/test10/ai_plastic_waste_management_training/LDPE Plastic/plastic_bags/LDPE-66_jpg.rf.7d36831c3d3388a7f9a94b6df5407773.jpg,1,LDPE Plastic,1,LDPE Plastic,0.9999403953552246,2.3434433387592435e-05,0.9999403953552246,3.1220474738802295e-06,2.2677935703541152e-05,1.0419078535051085e-05
/Users/aswanathjs/Downloads/test10/ai_plastic_waste_management_training/PP Plastic/square_containers/IMG_20220209_173808.jpg,3,PP Plastic,3,PP Plastic,0.9967154264450073,0.001338452217169106,0.001716333325020969,9.210762800648808e-05,0.9967154264450073,0.00013775161642115563
/Users/aswanathjs/Downloads/test10/ai_plastic_waste_management_training/PS Plastic/foam_sheets/IMG_9370_JPG.rf.702ceb3fee1655a5b35754507e40284d.jpg,4,PS Plastic,4,PS Plastic,1.0,1.5144306642067562e-10,4.0419383395828845e-08,1.1327979443365166e-08,7.809025127925029e-12,1.0
/Users/aswanathjs/Downloads/test10/ai_plastic_waste_management_training/PS Plastic/foam_sheets/IMG_9370_JPG.rf.a1c344ba4e35e73f30fb053ec8df95e0.jpg,4,PS Plastic,4,PS Plastic,0.9999986886978149,2.2313563496911826e-10,3.5032846312788024e-07,9.190005698656023e-07,1.2199585959493664e-11,0.9999986886978149
/Users/aswanathjs/Downloads/test10/ai_plastic_waste_management_training/PS Plastic/foam_sheets/IMG_9370_JPG.rf.3aed904c44d464c3da11dd53783ed5fd.jpg,4,PS Plastic,4,PS Plastic,0.9999996423721313,2.2590393444765766e-10,4.0972042825160315e-07,1.276661709681548e-08,2.045680291828944e-11,0.9999996423721313
/Users/aswanathjs/Downloads/test10/ai_plastic_waste_management_training/PET Plastic/black_white_plastic_bottles/bxzay_jpg.rf.c1dbbfc0deb2e96335a04e1e250f0a8d.jpg,2,PET Plastic,2,PET Plastic,0.9999932050704956,1.0073296152768307e-06,1.8612776102600037e-06,0.9999932050704956,3.042449179702089e-06,9.338397717328917e-07
/Users/aswanathjs/Downloads/test10/ai_plastic_waste_management_training/HDPE Plastic/shampoo_bottles/0075_a02b01c2d0e0f0g0h4.jpg,0,HDPE Plastic,0,HDPE Plastic,0.9999878406524658,0.9999878406524658,7.47875787965313e-08,1.0866814591281582e-05,1.330235477325914e-07,1.1133582802358433e-06
/Users/aswanathjs/Downloads/test10/ai_plastic_waste_management_training/HDPE Plastic/milk_bottles/HDPEM561.JPG,0,HDPE Plastic,0,HDPE Plastic,1.0,1.0,1.4408715887093138e-10,2.2561401635812217e-08,9.181195387286678e-11,9.449905302716388e-10
/Users/aswanathjs/Downloads/test10/ai_plastic_waste_management_training/LDPE Plastic/bubble_wrap/LDPE-84_jpg.rf.a924f90fbd2087c2d694641dd44d80af.jpg,1,LDPE Plastic,1,LDPE Plastic,0.9999936819076538,2.4938151454989566e-06,0.9999936819076538,9.287697366744396e-07,2.4220287286880193e-06,5.402266651799437e-07
/Users/aswanathjs/Downloads/test10/ai_plastic_waste_management_training/LDPE Plastic/bubble_wrap/LDPE-84_jpg.rf.6d4b4769279b2132c86811339dd8235f.jpg,1,LDPE Plastic,1,LDPE Plastic,0.9999998807907104,2.96639246499808e-08,0.9999998807907104,3.765998712879082e-08,2.589016823151269e-08,1.851731035173998e-08
/Users/aswanathjs/Downloads/test10/ai_plastic_waste_management_training/PET Plastic/plastic_bottles/PET908.jpg,2,PET Plastic,2,PET Plastic,0.9999940395355225,5.123491973790806e-06,8.534407243132591e-07,0.9999940395355225,2.8939972196440067e-08,1.929215365237269e-08
/Users/aswanathjs/Downloads/test10/ai_plastic_waste_management_training/PS Plastic/form_containers_grey/0058_a06b01c1d0e0f0g0h0.jpg,4,PS Plastic,4,PS Plastic,0.9999040365219116,7.260066922754049e-05,2.486775656507234e-06,1.4501528085020254e-06,1.9502953364280984e-05,0.9999040365219116
/Users/aswanathjs/Downloads/test10/ai_plastic_waste_management_training/PS Plastic/foam_containers/0058_a06b01c1d0e0f0g0h0.jpg,4,PS Plastic,4,PS Plastic,0.9999994039535522,4.6446837131952634e-07,4.4991054437559796e-08,4.157184463338126e-08,4.216960647340784e-08,0.9999994039535522
/Users/aswanathjs/Downloads/test10/ai_plastic_waste_management_training/PET Plastic/plastic_bottles/PET468.jpg,2,PET Plastic,2,PET Plastic,0.999659538269043,0.0003240252553950995,8.922011716094858e-07,0.999659538269043,4.636027824744815e-06,1.0903413567575626e-05
/Users/aswanathjs/Downloads/test10/ai_plastic_waste_management_training/LDPE Plastic/plastic_bags/plasticbag (194).jpg,1,LDPE Plastic,1,LDPE Plastic,1.0,2.3049494257687542e-10,1.0,1.480152632404863e-11,1.8379192612272277e-09,2.9971765069802814e-09
/Users/aswanathjs/Downloads/test10/ai_plastic_waste_management_training/PET Plastic/black_white_plastic_bottles/bdlsc_jpg.rf.d4c7c10c83024eec3d7edd6677a580be.jpg,2,PET Plastic,2,PET Plastic,0.9999979734420776,7.790076779201627e-07,2.4511584229003347e-07,0.9999979734420776,4.974549483449664e-07,5.330981593942852e-07
/Users/aswanathjs/Downloads/test10/ai_plastic_waste_management_training/PET Plastic/shampoo_bottles/0080_a05b00c2d2e0f1g0h4.jpg,2,PET Plastic,2,PET Plastic,1.0,9.124357935874627e-10,9.853070581655743e-10,1.0,2.1139506811707065e-10,1.557151629860698e-10
/Users/aswanathjs/Downloads/test10/ai_plastic_waste_management_training/HDPE Plastic/detergent_bottles/0062_a02b05c2d0e0f1g1h3.jpg,0,HDPE Plastic,0,HDPE Plastic,1.0,1.0,5.525764845693004e-10,7.622897452153055e-11,2.1406395753209573e-11,3.488279803898209e-11
/Users/aswanathjs/Downloads/test10/ai_plastic_waste_management_training/PET Plastic/shampoo_bottles/0080_a05b00c2d2e0f1g0h2.jpg,2,PET Plastic,2,PET Plastic,1.0,2.5355981203567524e-11,3.5836542067180233e-10,1.0,1.320449027897297e-10,2.655226732928284e-11
/Users/aswanathjs/Downloads/test10/ai_plastic_waste_management_training/HDPE Plastic/shampoo_bottles/0099_a02b01c1d3e0f1g0h0.jpg,0,HDPE Plastic,0,HDPE Plastic,0.9999994039535522,0.9999994039535522,6.266864360782165e-09,1.8698973480724135e-09,5.318050284586207e-07,1.2878184740827692e-08
/Users/aswanathjs/Downloads/test10/ai_plastic_waste_management_training/PS Plastic/foam_containers/Image_188.png,4,PS Plastic,3,PP Plastic,0.43369004130363464,0.03309100866317749,0.12284613400697708,0.01265222579240799,0.43369004130363464,0.3977205157279968
/Users/aswanathjs/Downloads/test10/ai_plastic_waste_management_training/PP Plastic/round_containers/IMG_20220209_173628.jpg,3,PP Plastic,3,PP Plastic,0.9999579191207886,1.6262980352621526e-05,1.4278717571869493e-05,8.49333628138993e-06,0.9999579191207886,2.9746988730039448e-06
/Users/aswanathjs/Downloads/test10/ai_plastic_waste_management_training/HDPE Plastic/shampoo_bottles/0063_a02b01c2d0e0f1g1h0.jpg,0,HDPE Plastic,0,HDPE Plastic,0.999998927116394,0.999998927116394,9.945299694891219e-09,4.3696530838133185e-09,1.0416017630632268e-06,1.0644889414379577e-08
/Users/aswanathjs/Downloads/test10/ai_plastic_waste_management_training/HDPE Plastic/milk_bottles/HDPEM477.jpg,0,HDPE Plastic,0,HDPE Plastic,1.0,1.0,9.631798830733729e-11,4.479209536611961e-08,2.8926168127441088e-09,3.075846244371405e-09
/Users/aswanathjs/Downloads/test10/ai_plastic_waste_management_training/LDPE Plastic/black_white__plastic_bags/0246_jpg.rf.28f96f8c99015a44e99a90ad80757b4e.jpg,1,LDPE Plastic,1,LDPE Plastic,0.9995248317718506,0.00039563552127219737,0.9995248317718506,7.037925115582766e-06,1.82934327312978e-05,5.418888758867979e-05
/Users/aswanathjs/Downloads/test10/ai_plastic_waste_management_training/HDPE Plastic/detergent_bottles/HDPEM14.jpg,0,HDPE Plastic,0,HDPE Plastic,0.9944879412651062,0.9944879412651062,8.112670184345916e-05,0.0013307316694408655,0.0016298526898026466,0.002470361767336726
/Users/aswanathjs/Downloads/test10/ai_plastic_waste_management_training/PET Plastic/plastic_bottles/PET390.jpg,2,PET Plastic,2,PET Plastic,0.9999411106109619,5.289926775731146e-05,1.268124719899788e-06,0.9999411106109619,1.5529336394592974e-07,4.527197688730666e-06
/Users/aswanathjs/Downloads/test10/ai_plastic_waste_management_training/PET Plastic/plastic_bottles/PET895.jpg,2,PET Plastic,2,PET Plastic,0.999893069267273,3.392283906578086e-05,6.089426824473776e-05,0.999893069267273,1.908786543936003e-06,1.0145830856345128e-05
/Users/aswanathjs/Downloads/test10/ai_plastic_waste_management_training/HDPE Plastic/milk_bottles/HDPEM138.jpg,0,HDPE Plastic,0,HDPE Plastic,1.0,1.0,8.118305507009982e-12,1.829478790682515e-10,1.6898862309489004e-09,1.1796108534412042e-10
/Users/aswanathjs/Downloads/test10/ai_plastic_waste_management_training/PS Plastic/foam_containers/0058_a06b01c2d3e0f0g0h3.jpg,4,PS Plastic,4,PS Plastic,0.9999995231628418,3.961946219988022e-07,2.8920155159539718e-08,1.9172748721985045e-08,5.709009442966817e-08,0.9999995231628418
"/Users/aswanathjs/Downloads/test10/ai_plastic_waste_management_training/PET Plastic/plastic_bottles/PET1,163.jpg",2,PET Plastic,2,PET Plastic,1.0,6.847685196653686e-10,2.7496541155080934e-10,1.0,3.466695246839846e-12,2.3982316132986625e-10
/Users/aswanathjs/Downloads/test10/ai_plastic_waste_management_training/LDPE Plastic/plastic_bags/plasticbag (17).jpg,1,LDPE Plastic,1,LDPE Plastic,0.9999470710754395,3.597715112846345e-05,0.9999470710754395,1.0801861662912415e-06,5.8997397900384385e-06,1.0027462849393487e-05
/Users/aswanathjs/Downloads/test10/ai_plastic_waste_management_training/HDPE Plastic/milk_bottles/HDPEM74.jpg,0,HDPE Plastic,0,HDPE Plastic,1.0,1.0,3.96855014128672e-11,3.190185671186896e-09,1.2575288366178938e-08,4.878163428756466e-10
/Users/aswanathjs/Downloads/test10/ai_plastic_waste_management_training/HDPE Plastic/milk_bottles_grey/HDPEM74.jpg,0,HDPE Plastic,0,HDPE Plastic,1.0,1.0,4.543749265728536e-10,8.9884166776244e-10,2.0170940473462906e-08,1.8629993103758125e-09
"/Users/aswanathjs/Downloads/test10/ai_plastic_waste_management_training/PET Plastic/plastic_bottles/PET1,250.jpg",2,PET Plastic,2,PET Plastic,0.9999995231628418,1.290866293857107e-07,1.0361625157884191e-07,0.9999995231628418,2.2209989936072816e-07,4.060634051228362e-09
/Users/aswanathjs/Downloads/test10/ai_plastic_waste_management_training/PET Plastic/black_white_plastic_bottles/bvsaq_jpg.rf.48d7ed6e9789e4a08a7f98ef57c0fb0d.jpg,2,PET Plastic,2,PET Plastic,0.9999127388000488,2.4976128770504147e-05,4.49661001766799e-06,0.9999127388000488,2.4585297069279477e-05,3.317868322483264e-05
"/Users/aswanathjs/Downloads/test10/ai_plastic_waste_management_training/HDPE Plastic/milk_bottles/HDPEM1,013.JPG",0,HDPE Plastic,0,HDPE Plastic,1.0,1.0,4.1569134245911243e-10,4.1718980270388784e-08,1.4816511351156691e-09,1.8142838342782852e-09
/Users/aswanathjs/Downloads/test10/ai_plastic_waste_management_training/PS Plastic/form_containers_grey/styrofoam-133-_jpg.rf.0385a8c46aba6f0d72fd0875b00e582e.jpg,4,PS Plastic,4,PS Plastic,0.9999712705612183,9.959931048797444e-06,1.1352057782687552e-07,9.757084740158461e-08,1.8436878235661425e-05,0.9999712705612183
/Users/aswanathjs/Downloads/test10/ai_plastic_waste_management_training/PS Plastic/foam_containers/styrofoam-133-_jpg.rf.0385a8c46aba6f0d72fd0875b00e582e.jpg,4,PS Plastic,4,PS Plastic,0.9999998807907104,8.885181301820921e-08,1.5302209499523656e-09,2.7222860410347494e-08,2.4481948912580265e-08,0.9999998807907104
/Users/aswanathjs/Downloads/test10/ai_plastic_waste_management_training/LDPE Plastic/plastic_bags/LDPE-300_jpg.rf.0cf91204d7b95144c61221065a50fc5d.jpg,1,LDPE Plastic,1,LDPE Plastic,0.9999212026596069,1.5371504559880123e-05,0.9999212026596069,3.643026502686553e-05,2.2142969100968912e-05,4.876291768596275e-06
/Users/aswanathjs/Downloads/test10/ai_plastic_waste_management_training/LDPE Plastic/black_white__plastic_bags/0274_jpg.rf.37a314e0e94111fefd7a3e3b841fc38e.jpg,1,LDPE Plastic,1,LDPE Plastic,0.9999370574951172,6.66487540001981e-06,0.9999370574951172,8.709601502232545e-07,3.5119483072776347e-06,5.193132892600261e-05
/Users/aswanathjs/Downloads/test10/ai_plastic_waste_management_training/PP Plastic/square_containers/0011_a05b00c1d0e0f0g0h0.jpg,3,PP Plastic,3,PP Plastic,0.9999943971633911,4.023824203613913e-06,7.8552623961059e-08,9.789995374376304e-07,0.9999943971633911,5.284591111376358e-07
"/Users/aswanathjs/Downloads/test10/ai_plastic_waste_management_training/PET Plastic/plastic_bottles/PET1,589.jpg",2,PET Plastic,2,PET Plastic,0.9999788999557495,8.17279942566529e-06,1.2513073670561425e-05,0.9999788999557495,7.783924615978322e-08,3.4083808486684575e-07
/Users/aswanathjs/Downloads/test10/ai_plastic_waste_management_training/PP Plastic/round_containers/0044_a06b01c2d0e0f0g0h0.jpg,3,PP Plastic,3,PP Plastic,0.9999667406082153,4.660160357161658e-06,1.540094854135532e-05,1.000617521640379e-05,0.9999667406082153,3.1679467156209284e-06
/Users/aswanathjs/Downloads/test10/ai_plastic_waste_management_training/PS Plastic/foam_containers/styrofoam-119-_jpg.rf.4830073696e2704015ac4956d72e719c.jpg,4,PS Plastic,4,PS Plastic,1.0,3.922882285678497e-08,4.625245499101371e-13,3.905891235445047e-11,2.1965774739483163e-13,1.0
/Users/aswanathjs/Downloads/test10/ai_plastic_waste_management_training/PET Plastic/plastic_bottles/PET576.jpg,2,PET Plastic,2,PET Plastic,0.9999971389770508,2.6686400360631524e-06,5.6637034617779136e-08,0.9999971389770508,8.775597137855584e-08,9.974523607070296e-08
/Users/aswanathjs/Downloads/test10/ai_plastic_waste_management_training/PS Plastic/foam_sheets/PS-690_jpg.rf.9036746e09ea5bba865eb13252721bc2.jpg,4,PS Plastic,4,PS Plastic,0.9999935626983643,1.5177437262536841e-06,4.529495072347345e-06,1.9491588432174467e-07,1.0132123406947358e-07,0.9999935626983643
/Users/aswanathjs/Downloads/test10/ai_plastic_waste_management_training/HDPE Plastic/milk_bottles/HDPEM92.jpg,0,HDPE Plastic,0,HDPE Plastic,1.0,1.0,1.8703683046794595e-10,3.1833535807379576e-09,2.6355980509151777e-08,1.4610840537443437e-08
/Users/aswanathjs/Downloads/test10/ai_plastic_waste_management_training/LDPE Plastic/plastic_bags/plasticbag (199).jpg,1,LDPE Plastic,1,LDPE Plastic,0.9915361404418945,0.0056656780652701855,0.9915361404418945,4.111987800570205e-05,0.0012714883778244257,0.0014855603221803904
/Users/aswanathjs/Downloads/test10/ai_plastic_waste_management_training/PP Plastic/round_containers/0044_a06b01c1d3e0f0g0h1.jpg,3,PP Plastic,3,PP Plastic,0.9999972581863403,1.6917900893531623e-06,6.681228228444525e-07,8.683704066925202e-08,0.9999972581863403,2.671134211595927e-07
/Users/aswanathjs/Downloads/test10/ai_plastic_waste_management_training/PET Plastic/black_white_plastic_bottles/abhno_jpg.rf.a216ee1333beabbc6932645b75194dc4.jpg,2,PET Plastic,2,PET Plastic,0.999981164932251,1.520932164567057e-05,1.9668888739943213e-07,0.999981164932251,3.3146998248412274e-06,1.9458100553038093e-07
/Users/aswanathjs/Downloads/test10/ai_plastic_waste_management_training/PET Plastic/shampoo_bottles/0015_a05b00c2d0e1f1g0h0.jpg,2,PET Plastic,2,PET Plastic,0.9999966621398926,3.811107660567359e-07,3.2964871365948056e-07,0.9999966621398926,2.304983809153782e-06,2.832512677741761e-07
/Users/aswanathjs/Downloads/test10/ai_plastic_waste_management_training/LDPE Plastic/plastic_bags/train_LDPE-64_jpg.rf.b4d0c1b714d1ab1bc000ebc5b1ae7398.jpg,1,LDPE Plastic,1,LDPE Plastic,0.9999955892562866,8.741854173877073e-08,0.9999955892562866,2.795927684928756e-06,1.23167262700008e-06,2.9519659960897116e-07
/Users/aswanathjs/Downloads/test10/ai_plastic_waste_management_training/PS Plastic/foam_sheets/PS-779_jpg.rf.33709a1c396d238c2338e554ccbe79c3.jpg,4,PS Plastic,4,PS Plastic,0.9999710321426392,9.62568537943298e-06,2.9444668143696617e-06,4.494921086006798e-06,1.1877194992848672e-05,0.9999710321426392
"/Users/aswanathjs/Downloads/test10/ai_plastic_waste_management_training/PET Plastic/plastic_bottles/PET1,353.jpg",2,PET Plastic,2,PET Plastic,0.9999996423721313,2.5647327106526063e-07,2.062450654705117e-09,0.9999996423721313,7.265175838711002e-08,3.865501696509455e-09
/Users/aswanathjs/Downloads/test10/ai_plastic_waste_management_training/LDPE Plastic/black_white__plastic_bags/0170_jpg.rf.07afc1a6fc3d2703a8dae4b685cb723e.jpg,1,LDPE Plastic,1,LDPE Plastic,0.9999991655349731,1.194077867694432e-07,0.9999991655349731,4.241576423424931e-09,5.859703833266394e-07,8.097592285594146e-08
/Users/aswanathjs/Downloads/test10/ai_plastic_waste_management_training/PS Plastic/foam_containers/styrofoam-143-_jpg.rf.73dc94a54d8a1d27900dc3eb4d6333b0.jpg,4,PS Plastic,4,PS Plastic,0.8993527293205261,0.0007273409282788634,0.09917396306991577,7.720718713244423e-05,0.0006688614375889301,0.8993527293205261
"/Users/aswanathjs/Downloads/test10/ai_plastic_waste_management_training/PET Plastic/plastic_bottles/PET1,440.jpg",2,PET Plastic,2,PET Plastic,0.9999998807907104,1.3583440150455317e-08,1.3631013651149715e-08,0.9999998807907104,1.119348951306165e-07,7.25425886027864e-10
/Users/aswanathjs/Downloads/test10/ai_plastic_waste_management_training/PET Plastic/black_white_plastic_bottles/dfmpc_jpg.rf.4bff585f608375a17b5024ebbdd5a387.jpg,2,PET Plastic,2,PET Plastic,0.9997677206993103,0.00020420071086846292,5.696771950169932e-06,0.9997677206993103,1.8930457372334786e-05,3.4121437693102052e-06
/Users/aswanathjs/Downloads/test10/ai_plastic_waste_management_training/HDPE Plastic/shampoo_bottles/0023_a02b01c1d2e0f1g0h0.jpg,0,HDPE Plastic,0,HDPE Plastic,1.0,1.0,2.5989084148636543e-11,2.4081209915038926e-08,1.5405021702719068e-10,1.6791420476280905e-09
/Users/aswanathjs/Downloads/test10/ai_plastic_waste_management_training/PP Plastic/square_containers/mixedcontainer.png,3,PP Plastic,1,LDPE Plastic,0.8090209364891052,0.022291941568255424,0.8090209364891052,0.00060903379926458,0.1574661135673523,0.010611907579004765
"/Users/aswanathjs/Downloads/test10/ai_plastic_waste_management_training/PET Plastic/plastic_bottles/PET1,761.jpg",2,PET Plastic,2,PET Plastic,1.0,1.413039196762611e-08,2.3716422922759328e-11,1.0,2.1884680179162785e-10,1.51329018760471e-10
/Users/aswanathjs/Downloads/test10/ai_plastic_waste_management_training/PET Plastic/black_white_plastic_bottles/bokpl_jpg.rf.2b28346b836baed6ca15c1685081a158.jpg,2,PET Plastic,2,PET Plastic,0.9999735355377197,8.243574484367855e-06,6.666904937446816e-06,0.9999735355377197,7.406439635815332e-06,4.136942607146921e-06
"/Users/aswanathjs/Downloads/test10/ai_plastic_waste_management_training/PET Plastic/plastic_bottles/PET1,507.jpg",2,PET Plastic,2,PET Plastic,0.9999316930770874,8.698129022377543e-06,4.382284532766789e-05,0.9999316930770874,1.4557376744050998e-05,1.1418018175390898e-06
/Users/aswanathjs/Downloads/test10/ai_plastic_waste_management_training/PS Plastic/foam_sheets/IMG_9352_JPG.rf.fcd77c76e4f3ad63144539f2a0a439c6.jpg,4,PS Plastic,4,PS Plastic,1.0,1.0006444457755226e-12,1.3341946214495692e-08,1.679128364129312e-10,7.900427176784589e-16,1.0
/Users/aswanathjs/Downloads/test10/ai_plastic_waste_management_training/PS Plastic/foam_sheets/IMG_9352_JPG.rf.7faa030cbe1134f6bb37e21f8b766655.jpg,4,PS Plastic,4,PS Plastic,0.9999990463256836,9.4806762440669e-10,9.498248232375772e-07,9.696424996263886e-09,5.898309726921902e-13,0.9999990463256836
/Users/aswanathjs/Downloads/test10/ai_plastic_waste_management_training/PS Plastic/foam_sheets/IMG_9352_JPG.rf.5c08cd7564fa60b669c27a4bf45e8a96.jpg,4,PS Plastic,4,PS Plastic,0.9999995231628418,1.6266922031604736e-08,4.2434922420397925e-07,4.340179415862622e-08,4.704983069814261e-10,0.9999995231628418
/Users/aswanathjs/Downloads/test10/ai_plastic_waste_management_training/HDPE Plastic/shampoo_bottles/0099_a02b01c1d2e0f1g0h4.jpg,0,HDPE Plastic,0,HDPE Plastic,0.9999988079071045,0.9999988079071045,2.742279470169251e-08,2.2833866353266785e-07,6.616959353777929e-07,1.976613219767387e-07
/Users/aswanathjs/Downloads/test10/ai_plastic_waste_management_training/HDPE Plastic/shampoo_bottles/0061_a02b01c2d2e0f1g0h2.jpg,0,HDPE Plastic,0,HDPE Plastic,0.9999713897705078,0.9999713897705078,8.745416266719985e-07,4.403323600854492e-06,3.2713546715967823e-06,2.0028472135891207e-05
/Users/aswanathjs/Downloads/test10/ai_plastic_waste_management_training/PET Plastic/black_white_plastic_bottles/bshya_jpg.rf.d680f8c9e1ab7a0d58370c8ca0a7bee8.jpg,2,PET Plastic,2,PET Plastic,0.9993218183517456,0.00015645210805814713,0.00024481970467604697,0.9993218183517456,0.00024215583107434213,3.477444624877535e-05
/Users/aswanathjs/Downloads/test10/ai_plastic_waste_management_training/PET Plastic/plastic_bottles/PET614.jpg,2,PET Plastic,2,PET Plastic,0.9999994039535522,1.7612511271636322e-07,3.553623457719368e-07,0.9999994039535522,4.331354830355849e-08,1.1046798675806713e-07
/Users/aswanathjs/Downloads/test10/ai_plastic_waste_management_training/PP Plastic/round_containers/IMG20220210154515.jpg,3,PP Plastic,3,PP Plastic,0.9997966885566711,0.00010619023669278249,8.02046197350137e-05,9.682326890469994e-06,0.9997966885566711,7.256037406477844e-06
/Users/aswanathjs/Downloads/test10/ai_plastic_waste_management_training/HDPE Plastic/milk_bottles/HDPEM91.jpg,0,HDPE Plastic,0,HDPE Plastic,0.9999983310699463,0.9999983310699463,8.018965047540405e-09,1.2099560535716591e-06,4.0755233499112364e-07,1.0497439006940112e-07
/Users/aswanathjs/Downloads/test10/ai_plastic_waste_management_training/HDPE Plastic/detergent_bottles/0098_a02b03c2d0e0f0g0h2.jpg,0,HDPE Plastic,0,HDPE Plastic,1.0,1.0,3.776151613621437e-10,5.032972302809746e-11,1.645923508597491e-09,8.442640336836504e-11
/Users/aswanathjs/Downloads/test10/ai_plastic_waste_management_training/LDPE Plastic/bubble_wrap/train_LDPE-99_jpg.rf.bb2dc10956e69c18e1ff310e36773a34.jpg,1,LDPE Plastic,1,LDPE Plastic,0.9999957084655762,3.0190508368832525e-06,0.9999957084655762,1.0411484936412307e-06,2.363719175946244e-08,2.2889391004810022e-07
/Users/aswanathjs/Downloads/test10/ai_plastic_waste_management_training/LDPE Plastic/plastic_bags/plasticbag (27).jpg,1,LDPE Plastic,1,LDPE Plastic,0.9999985694885254,1.4382058566297928e-07,0.9999985694885254,2.2745076933006203e-07,7.444606922035746e-07,3.642380761448294e-07
/Users/aswanathjs/Downloads/test10/ai_plastic_waste_management_training/HDPE Plastic/detergent_bottles/0096_a02b04c1d2e0f0g0h2.jpg,0,HDPE Plastic,0,HDPE Plastic,0.9998791217803955,0.9998791217803955,3.2517738191018e-07,3.474053755780915e-08,0.0001197335368487984,7.97191944457154e-07
/Users/aswanathjs/Downloads/test10/ai_plastic_waste_management_training/PET Plastic/black_white_plastic_bottles/cumet_jpg.rf.31e35770c6dce5027564585d54ec6e9f.jpg,2,PET Plastic,2,PET Plastic,0.9999690055847168,1.5461735529243015e-05,1.125663493439788e-05,0.9999690055847168,3.496400267977151e-06,7.645151072210865e-07
/Users/aswanathjs/Downloads/test10/ai_plastic_waste_management_training/HDPE Plastic/detergent_bottles/0098_a02b03c1d1e0f0g0h0.jpg,0,HDPE Plastic,0,HDPE Plastic,0.9999793767929077,0.9999793767929077,6.49964158583316e-06,6.025726975167345e-07,1.3079459677101113e-05,4.6344936777131807e-07
/Users/aswanathjs/Downloads/test10/ai_plastic_waste_management_training/PET Plastic/plastic_bottles/PET834.jpg,2,PET Plastic,2,PET Plastic,0.9999809265136719,3.108257942585624e-06,1.4072290468902793e-05,0.9999809265136719,1.0976816611218965e-06,7.814282980689313e-07
/Users/aswanathjs/Downloads/test10/ai_plastic_waste_management_training/PS Plastic/foam_sheets/PS-843_jpg.rf.872e19b12be437a02865cb3a99b3b746.jpg,4,PS Plastic,4,PS Plastic,0.9999998807907104,7.163409776467233e-08,4.677267906316729e-09,1.75034597926782e-09,3.2547133876903445e-09,0.9999998807907104
/Users/aswanathjs/Downloads/test10/ai_plastic_waste_management_training/PET Plastic/black_white_plastic_bottles/cigbo_jpg.rf.ff89cb2b2e7d7250f967e160ce76f47d.jpg,2,PET Plastic,2,PET Plastic,0.9998273253440857,0.0001699994463706389,4.9621995401594177e-08,0.9998273253440857,1.1028567996618222e-06,1.5186149084911449e-06
/Users/aswanathjs/Downloads/test10/ai_plastic_waste_management_training/PP Plastic/round_containers/0032_a05b01c1d1e0f0g0h1.jpg,3,PP Plastic,3,PP Plastic,0.999998927116394,3.604261564760236e-07,4.697354327731773e-08,6.378189709721482e-07,0.999998927116394,8.992411437702685e-08
/Users/aswanathjs/Downloads/test10/ai_plastic_waste_management_training/PP Plastic/round_containers_grey/0032_a05b01c1d1e0f0g0h1.jpg,3,PP Plastic,3,PP Plastic,0.9999997615814209,1.6339930652975454e-07,3.64233478933329e-08,4.8483734360615927e-08,0.9999997615814209,2.5921988111576866e-08
/Users/aswanathjs/Downloads/test10/ai_plastic_waste_management_training/LDPE Plastic/plastic_bags/LDPE-29_jpg.rf.81e5e7255851ff24b2dda8df50c974ae.jpg,1,LDPE Plastic,1,LDPE Plastic,0.9998132586479187,6.33742893114686e-05,0.9998132586479187,4.634826382243773e-06,6.101310282247141e-05,5.7674944400787354e-05
/Users/aswanathjs/Downloads/test10/ai_plastic_waste_management_training/LDPE Plastic/plastic_bags/LDPE-29_jpg.rf.f2f04c6bf85df5b5951f72ed4ed079e6.jpg,1,LDPE Plastic,1,LDPE Plastic,1.0,6.504317529021364e-09,1.0,1.434601593075513e-08,2.6517676943171864e-09,2.1456890431093e-10
/Users/aswanathjs/Downloads/test10/ai_plastic_waste_management_training/HDPE Plastic/detergent_bottles/Image_176.png,0,HDPE Plastic,0,HDPE Plastic,0.9999986886978149,0.9999986886978149,6.891298767186527e-07,3.868827036512812e-08,6.066904916224303e-07,4.198192460336259e-09
/Users/aswanathjs/Downloads/test10/ai_plastic_waste_management_training/HDPE Plastic/detergent_botteles_grey/Image_176.png,0,HDPE Plastic,0,HDPE Plastic,0.9999988079071045,0.9999988079071045,5.082558729441189e-08,7.88424792119713e-09,1.1119124110336998e-06,7.617630970457867e-10
/Users/aswanathjs/Downloads/test10/ai_plastic_waste_management_training/PP Plastic/round_containers/Image_176.png,0,HDPE Plastic,3,PP Plastic,0.3339552581310272,0.1104646548628807,0.3313457667827606,0.012433812022209167,0.3339552581310272,0.21180053055286407
/Users/aswanathjs/Downloads/test10/ai_plastic_waste_management_training/PS Plastic/foam_containers/Image_176.png,0,HDPE Plastic,3,PP Plastic,0.5157264471054077,0.03447164222598076,0.13917569816112518,0.006207948550581932,0.5157264471054077,0.30441829562187195
/Users/aswanathjs/Downloads/test10/ai_plastic_waste_management_training/PS Plastic/foam_sheets/PS-851_jpg.rf.ac36c6ad3097250ed2ba43fbcb22f028.jpg,4,PS Plastic,4,PS Plastic,1.0,3.905121914726806e-08,3.0521060678800893e-10,5.276665215880882e-10,5.092359867120422e-10,1.0
/Users/aswanathjs/Downloads/test10/ai_plastic_waste_management_training/HDPE Plastic/milk_bottles/HDPEM13.jpg,0,HDPE Plastic,0,HDPE Plastic,1.0,1.0,1.0068010958587945e-16,8.993088561435204e-16,6.627821715772577e-17,9.672170121842027e-15
/Users/aswanathjs/Downloads/test10/ai_plastic_waste_management_training/LDPE Plastic/plastic_bags/LDPE-238_jpg.rf.39ddc8a03e6c076e2457c169ba2a4d7f.jpg,1,LDPE Plastic,1,LDPE Plastic,0.9999842643737793,2.362184659432387e-06,0.9999842643737793,1.2090994232494268e-06,1.1575943062780425e-05,6.528825338136812e-07
/Users/aswanathjs/Downloads/test10/ai_plastic_waste_management_training/HDPE Plastic/shampoo_bottles/0075_a02b01c1d3e0f0g0h1.jpg,0,HDPE Plastic,0,HDPE Plastic,1.0,1.0,7.417141206778055e-11,9.100924180938108e-11,8.441919940871401e-10,5.3441501224327226e-11
/Users/aswanathjs/Downloads/test10/ai_plastic_waste_management_training/LDPE Plastic/plastic_bags/LDPE-494_jpg.rf.b4a3c24b11da018231133eafbcd48faf.jpg,1,LDPE Plastic,1,LDPE Plastic,0.9998949766159058,7.385809294646606e-05,0.9998949766159058,4.872649697063025e-06,5.175997557671508e-06,2.116416726494208e-05
/Users/aswanathjs/Downloads/test10/ai_plastic_waste_management_training/PET Plastic/plastic_bottles/PET522.jpg,2,PET Plastic,2,PET Plastic,0.9999889135360718,2.4743203539401293e-06,1.955386096597067e-06,0.9999889135360718,5.149511252966477e-06,1.4651017181677162e-06
/Users/aswanathjs/Downloads/test10/ai_plastic_waste_management_training/HDPE Plastic/milk_bottles/HDPEM124.jpg,0,HDPE Plastic,0,HDPE Plastic,0.9999958276748657,0.9999958276748657,2.5708683182301684e-08,3.664322321128566e-06,3.2887570000639244e-07,1.470525745617124e-07
/Users/aswanathjs/Downloads/test10/ai_plastic_waste_management_training/PS Plastic/foam_sheets/PS-832_jpg.rf.8d2941d3aaeb1e4107d76677c159b278.jpg,4,PS Plastic,4,PS Plastic,0.9999998807907104,7.292167225614321e-08,1.7635828353235183e-09,1.123686033110971e-09,1.6654360113221855e-09,0.9999998807907104
/Users/aswanathjs/Downloads/test10/ai_plastic_waste_management_training/PS Plastic/foam_containers/Image_1.png,4,PS Plastic,4,PS Plastic,0.6906747221946716,0.02991630882024765,0.10902371257543564,0.010044829919934273,0.16034045815467834,0.6906747221946716
/Users/aswanathjs/Downloads/test10/ai_plastic_waste_management_training/HDPE Plastic/shampoo_bottles/0065_a02b03c2d1e0f1g0h0.jpg,0,HDPE Plastic,0,HDPE Plastic,1.0,1.0,1.472660660084557e-09,2.4717582647326708e-08,1.8227723330710432e-08,2.691010747568612e-09
/Users/aswanathjs/Downloads/test10/ai_plastic_waste_management_training/HDPE Plastic/shampoo_bottles/0099_a02b01c1d2e0f1g0h0.jpg,0,HDPE Plastic,0,HDPE Plastic,0.9988947510719299,0.9988947510719299,3.7214533222140744e-05,2.168467835872434e-05,0.0009801045525819063,6.628262781305239e-05
/Users/aswanathjs/Downloads/test10/ai_plastic_waste_management_training/LDPE Plastic/plastic_bags/P_W (1408).jpg,1,LDPE Plastic,1,LDPE Plastic,0.9992232322692871,0.0002506609307602048,0.9992232322692871,4.457009708858095e-06,0.00010201676923315972,0.0004196447553113103
/Users/aswanathjs/Downloads/test10/ai_plastic_waste_management_training/PET Plastic/black_white_plastic_bottles/afkrz_jpg.rf.7f8943cef102f1e7b0185e3fd79cc4b9.jpg,2,PET Plastic,2,PET Plastic,0.9991266131401062,0.0006360795814543962,6.215912890183972e-06,0.9991266131401062,0.00020676630083471537,2.4330274754902348e-05
"/Users/aswanathjs/Downloads/test10/ai_plastic_waste_management_training/PET Plastic/plastic_bottles/PET1,471.jpg",2,PET Plastic,2,PET Plastic,0.9999790191650391,8.141124453686643e-06,1.7188267520396039e-06,0.9999790191650391,1.0607572221488226e-05,5.798709139526181e-07
/Users/aswanathjs/Downloads/test10/ai_plastic_waste_management_training/LDPE Plastic/plastic_bags/plasticbag (137) 17.43.56.jpg,1,LDPE Plastic,1,LDPE Plastic,0.9999982118606567,1.538657841138047e-07,0.9999982118606567,4.886263695880189e-07,8.15545035948162e-07,2.902750964040024e-07
/Users/aswanathjs/Downloads/test10/ai_plastic_waste_management_training/HDPE Plastic/detergent_bottles/Image_161.png,0,HDPE Plastic,0,HDPE Plastic,0.9990636706352234,0.9990636706352234,3.0955976399127394e-05,1.629566031624563e-05,0.0008827624842524529,6.311403467407217e-06
/Users/aswanathjs/Downloads/test10/ai_plastic_waste_management_training/PS Plastic/foam_containers/Image_161.png,0,HDPE Plastic,4,PS Plastic,0.5482001900672913,0.06501160562038422,0.15581248700618744,0.013440879061818123,0.2175348401069641,0.5482001900672913
/Users/aswanathjs/Downloads/test10/ai_plastic_waste_management_training/HDPE Plastic/milk_bottles/HDPEM408.jpg,0,HDPE Plastic,0,HDPE Plastic,0.9999985694885254,0.9999985694885254,2.333895281481091e-07,7.38911012376775e-07,1.8842149529518792e-07,1.9341624124535883e-07
/Users/aswanathjs/Downloads/test10/ai_plastic_waste_management_training/HDPE Plastic/shampoo_bottiles_grey/0065_a02b03c2d2e0f1g0h0.jpg,0,HDPE Plastic,0,HDPE Plastic,0.9999998807907104,0.9999998807907104,1.1818159784127147e-09,1.3397069009712936e-09,1.3106348717428773e-07,5.90541837652836e-09
/Users/aswanathjs/Downloads/test10/ai_plastic_waste_management_training/HDPE Plastic/shampoo_bottles/0065_a02b03c2d2e0f1g0h0.jpg,0,HDPE Plastic,0,HDPE Plastic,1.0,1.0,1.4665324510332312e-10,1.1887356377027203e-10,7.234335908101741e-10,5.44733314011836e-10
/Users/aswanathjs/Downloads/test10/ai_plastic_waste_management_training/PET Plastic/black_white_plastic_bottles/azdgf_jpg.rf.41d05dbd8ae8ea78e2a69ff45617dead.jpg,2,PET Plastic,2,PET Plastic,0.9978322386741638,0.00027639686595648527,8.676246216055006e-05,0.9978322386741638,0.0017930744215846062,1.1608389286266174e-05
/Users/aswanathjs/Downloads/test10/ai_plastic_waste_management_training/PP Plastic/round_containers/IMG_20220210_105638.jpg,3,PP Plastic,3,PP Plastic,0.9996304512023926,0.0002159121067961678,9.391955245519057e-05,4.00188728235662e-05,0.9996304512023926,1.9706087186932564e-05
/Users/aswanathjs/Downloads/test10/ai_plastic_waste_management_training/PP Plastic/irregular_containers/valid_PP-66_jpg.rf.ee23cdc54f12850194f8ad6ecc589277.jpg,3,PP Plastic,3,PP Plastic,0.9999878406524658,4.65000375982072e-08,1.1861422535730526e-05,8.161290310226832e-08,0.9999878406524658,9.538531742236955e-08
/Users/aswanathjs/Downloads/test10/ai_plastic_waste_management_training/PP Plastic/square_containers/Image_84.png,3,PP Plastic,3,PP Plastic,0.47020095586776733,0.010112055577337742,0.4525856375694275,0.0043010469526052475,0.47020095586776733,0.06280028074979782
/Users/aswanathjs/Downloads/test10/ai_plastic_waste_management_training/PS Plastic/foam_containers/Image_84.png,3,PP Plastic,4,PS Plastic,0.834240198135376,0.00847556907683611,0.05219889432191849,0.001752308220602572,0.10333303362131119,0.834240198135376
/Users/aswanathjs/Downloads/test10/ai_plastic_waste_management_training/LDPE Plastic/plastic_bags/plasticbag (48).jpg,1,LDPE Plastic,1,LDPE Plastic,0.9996421337127686,2.573357051005587e-05,0.9996421337127686,2.3956938548508333e-06,0.0002978258125949651,3.192848453181796e-05
/Users/aswanathjs/Downloads/test10/ai_plastic_waste_management_training/HDPE Plastic/detergent_bottles/0010_a02b01c2d1e0f1g0h1.jpg,0,HDPE Plastic,0,HDPE Plastic,0.9996393918991089,0.9996393918991089,1.956966116267722e-05,0.00012908414646517485,0.0001799700694391504,3.2035877666203305e-05
/Users/aswanathjs/Downloads/test10/ai_plastic_waste_management_training/HDPE Plastic/detergent_botteles_grey/0010_a02b01c2d1e0f1g0h1.jpg,0,HDPE Plastic,0,HDPE Plastic,0.998874843120575,0.998874843120575,0.00011860571976285428,0.0002313438308192417,0.000681287026964128,9.386368765262887e-05
/Users/aswanathjs/Downloads/test10/ai_plastic_waste_management_training/PP Plastic/round_containers/0035_a06b01c1d0e0f0g0h1.jpg,3,PP Plastic,3,PP Plastic,1.0,1.879826427853004e-08,2.5017843352515e-10,1.9034867015932377e-09,1.0,4.5902892598093104e-11
/Users/aswanathjs/Downloads/test10/ai_plastic_waste_management_training/PS Plastic/foam_sheets/PS-735_jpg.rf.74d2eecc3489f63511117471833b1c0a.jpg,4,PS Plastic,4,PS Plastic,0.9999254941940308,2.7646012313198298e-05,1.9435599824646488e-05,5.843522558279801e-06,2.157904236810282e-05,0.9999254941940308
/Users/aswanathjs/Downloads/test10/ai_plastic_waste_management_training/LDPE Plastic/black_white__plastic_bags/0038_jpg.rf.5659dea18108cb7d43df04810d60ee75.jpg,1,LDPE Plastic,1,LDPE Plastic,0.9999997615814209,2.4199920289902366e-07,0.9999997615814209,3.399548420546239e-10,4.164374178827757e-09,2.0226682551083286e-08
/Users/aswanathjs/Downloads/test10/ai_plastic_waste_management_training/PET Plastic/black_white_plastic_bottles/anqur_jpg.rf.7899d90c7d54b3a351a27f197d61e5bb.jpg,2,PET Plastic,2,PET Plastic,0.9925649166107178,0.005814320407807827,6.369492894009454e-06,0.9925649166107178,0.001587335835210979,2.7037203835789114e-05
/Users/aswanathjs/Downloads/test10/ai_plastic_waste_management_training/LDPE Plastic/plastic_bags/LDPE-655_jpg.rf.c358d1c206d03cb2b09291eb684f3d85.jpg,1,LDPE Plastic,1,LDPE Plastic,0.9999918937683105,5.2224804676370695e-06,0.9999918937683105,1.615527622789159e-07,1.4835925412626239e-06,1.2591651739057852e-06
/Users/aswanathjs/Downloads/test10/ai_plastic_waste_management_training/PET Plastic/shampoo_bottles/0100_a05b00c2d2e0f0g0h3.jpg,2,PET Plastic,2,PET Plastic,0.7972517609596252,0.00038084943662397563,0.0005398501525633037,0.7972517609596252,0.20170709490776062,0.00012050418445141986
/Users/aswanathjs/Downloads/test10/ai_plastic_waste_management_training/PET Plastic/black_white_plastic_bottles/axhyi_jpg.rf.a86a0e1e6836cc96f67cf1531f5fce00.jpg,2,PET Plastic,2,PET Plastic,0.9999864101409912,3.4161432722612517e-06,9.178725690617284e-07,0.9999864101409912,3.5653308714245213e-06,5.617660917778267e-06
/Users/aswanathjs/Downloads/test10/ai_plastic_waste_management_training/HDPE Plastic/shampoo_bottles/0063_a02b01c2d1e0f1g1h1.jpg,0,HDPE Plastic,0,HDPE Plastic,1.0,1.0,9.447151505526108e-09,2.250239639067786e-08,1.3820000255293508e-08,7.317688677233036e-09
/Users/aswanathjs/Downloads/test10/ai_plastic_waste_management_training/PP Plastic/round_containers/IMG_20220209_174841.jpg,3,PP Plastic,3,PP Plastic,0.9999351501464844,7.134370889616548e-07,6.012821177137084e-05,8.097109116533829e-07,0.9999351501464844,3.275831886639935e-06
/Users/aswanathjs/Downloads/test10/ai_plastic_waste_management_training/PS Plastic/foam_sheets/PS-667_jpg.rf.0887ea8d8aa6587212e19a43b64b7914.jpg,4,PS Plastic,4,PS Plastic,0.9999161958694458,5.969376434222795e-05,1.7314563592663035e-05,2.551750867496594e-06,4.2348010538262315e-06,0.9999161958694458
/Users/aswanathjs/Downloads/test10/ai_plastic_waste_management_training/LDPE Plastic/plastic_bags/plasticbag (91).jpg,1,LDPE Plastic,1,LDPE Plastic,0.8978097438812256,0.021599512547254562,0.8978097438812256,0.004536121618002653,0.0683198794722557,0.007734724786132574
/Users/aswanathjs/Downloads/test10/ai_plastic_waste_management_training/PET Plastic/shampoo_bottles/0050_a05b00c1d0e1f1g0h4.jpg,2,PET Plastic,2,PET Plastic,0.9999998807907104,8.089740788363997e-08,4.867477088055239e-09,0.9999998807907104,3.0294244890427535e-09,5.371066091885979e-11
/Users/aswanathjs/Downloads/test10/ai_plastic_waste_management_training/PP Plastic/rectangle_containers/0011_a05b00c1d2e0f0g0h1.jpg,3,PP Plastic,3,PP Plastic,0.9988756775856018,5.982297443551943e-05,8.171120498445816e-06,0.001051966450177133,0.9988756775856018,4.291177447157679e-06
/Users/aswanathjs/Downloads/test10/ai_plastic_waste_management_training/PP Plastic/square_containers/0011_a05b00c1d2e0f0g0h1.jpg,3,PP Plastic,3,PP Plastic,0.9988756775856018,5.982297443551943e-05,8.171120498445816e-06,0.001051966450177133,0.9988756775856018,4.291177447157679e-06
/Users/aswanathjs/Downloads/test10/ai_plastic_waste_management_training/LDPE Plastic/plastic_bags/plasticbag (137).jpg,1,LDPE Plastic,1,LDPE Plastic,0.9999982118606567,1.538657841138047e-07,0.9999982118606567,4.886263695880189e-07,8.15545035948162e-07,2.902750964040024e-07
/Users/aswanathjs/Downloads/test10/ai_plastic_waste_management_training/HDPE Plastic/milk_bottles/HDPEM57.jpg,0,HDPE Plastic,0,HDPE Plastic,0.9999998807907104,0.9999998807907104,2.6735530456178935e-10,1.95095806176937e-09,1.0234761305127904e-07,8.391302652732691e-10
"/Users/aswanathjs/Downloads/test10/ai_plastic_waste_management_training/PET Plastic/plastic_bottles/PET1,780.jpg",2,PET Plastic,2,PET Plastic,0.9999998807907104,5.629234678394823e-08,2.0493018393352713e-10,0.9999998807907104,6.254221140977734e-09,4.891712812593596e-09
/Users/aswanathjs/Downloads/test10/ai_plastic_waste_management_training/PS Plastic/form_containers_grey/0058_a06b01c2d0e0f0g0h3.jpg,4,PS Plastic,4,PS Plastic,0.9999983310699463,1.1058491509174928e-06,3.603927467565882e-08,3.6682791915154667e-08,6.019615170771431e-07,0.9999983310699463
/Users/aswanathjs/Downloads/test10/ai_plastic_waste_management_training/PS Plastic/foam_containers/0058_a06b01c2d0e0f0g0h3.jpg,4,PS Plastic,4,PS Plastic,1.0,7.047964434292453e-09,1.945591465712937e-10,5.794576485307346e-10,1.2738472499052023e-09,1.0
/Users/aswanathjs/Downloads/test10/ai_plastic_waste_management_training/PS Plastic/foam_sheets/PS-766_jpg.rf.d8043d9fbcebff2f5e67595b5aad510c.jpg,4,PS Plastic,4,PS Plastic,0.9999889135360718,1.0500434655114077e-05,1.8794013101341989e-07,9.451972715623924e-08,2.83562286540473e-07,0.9999889135360718
/Users/aswanathjs/Downloads/test10/ai_plastic_waste_management_training/PET Plastic/black_white_plastic_bottles/awkxc_jpg.rf.83d9f92faa46b6a5e708b2515e5efd11.jpg,2,PET Plastic,2,PET Plastic,0.9998847246170044,4.3262250983389094e-05,1.3015649528824724e-05,0.9998847246170044,4.933471791446209e-05,9.683512871561106e-06
/Users/aswanathjs/Downloads/test10/ai_plastic_waste_management_training/LDPE Plastic/plastic_bags/LDPE-600_jpg.rf.dc852cae2c8dc2a869b59cafee35ba42.jpg,1,LDPE Plastic,1,LDPE Plastic,0.9999415874481201,1.977371357497759e-05,0.9999415874481201,1.4230306987883523e-05,9.86989471130073e-06,1.4498912605631631e-05
/Users/aswanathjs/Downloads/test10/ai_plastic_waste_management_training/PS Plastic/foam_containers/0058_a06b01c2d1e0f0g0h1.jpg,4,PS Plastic,4,PS Plastic,0.9999991655349731,4.79482253012975e-07,3.7040827294276824e-08,7.711759053563583e-08,2.0737884653954097e-07,0.9999991655349731
"/Users/aswanathjs/Downloads/test10/ai_plastic_waste_management_training/PET Plastic/plastic_bottles/PET1,204.jpg",2,PET Plastic,2,PET Plastic,0.9999878406524658,5.4383394854085054e-06,3.7937063552817563e-06,0.9999878406524658,1.9434874047874473e-06,1.0453088634676533e-06
/Users/aswanathjs/Downloads/test10/ai_plastic_waste_management_training/PET Plastic/black_white_plastic_bottles/amqph_jpg.rf.2fe950f511d559a62dd4647fd866da2d.jpg,2,PET Plastic,2,PET Plastic,0.9999978542327881,1.7643593537286506e-06,5.2948671225294675e-08,0.9999978542327881,2.4054247660387773e-07,9.486409169312537e-08
/Users/aswanathjs/Downloads/test10/ai_plastic_waste_management_training/PP Plastic/round_containers/0022_a05b00c2d0e0f0g0h3.jpg,3,PP Plastic,3,PP Plastic,0.9998784065246582,2.4510476578143425e-05,2.3165786842582747e-05,6.907082570251077e-05,0.9998784065246582,4.879590051132254e-06
/Users/aswanathjs/Downloads/test10/ai_plastic_waste_management_training/HDPE Plastic/detergent_bottles/0098_a02b03c1d2e0f0g0h3.jpg,0,HDPE Plastic,0,HDPE Plastic,0.9999986886978149,0.9999986886978149,2.210421286008568e-07,5.886307974378724e-08,1.122308049161802e-06,2.8532761930932793e-08
/Users/aswanathjs/Downloads/test10/ai_plastic_waste_management_training/LDPE Plastic/black_white__plastic_bags/0007_jpg.rf.0e0bd85ebe663ccd675b6a08c21be77a.jpg,1,LDPE Plastic,1,LDPE Plastic,0.9999920129776001,4.2959260326824733e-07,0.9999920129776001,1.571387542753655e-06,1.2286848232179182e-06,4.754628207592759e-06
/Users/aswanathjs/Downloads/test10/ai_plastic_waste_management_training/PP Plastic/round_containers/0032_a05b01c2d2e0f0g0h1.jpg,3,PP Plastic,3,PP Plastic,0.9999384880065918,5.4183092288440093e-05,4.655984184864792e-07,5.600504664471373e-06,0.9999384880065918,1.2603472896444146e-06
/Users/aswanathjs/Downloads/test10/ai_plastic_waste_management_training/LDPE Plastic/bubble_wrap_grey/LDPE-94_jpg.rf.7e0c943462765e42beffe94456407b6d.jpg,1,LDPE Plastic,1,LDPE Plastic,0.999998927116394,4.0627315911478945e-07,0.999998927116394,2.2846133163056948e-07,3.056794355416059e-07,9.555991908882788e-08
/Users/aswanathjs/Downloads/test10/ai_plastic_waste_management_training/LDPE Plastic/bubble_wrap/LDPE-94_jpg.rf.7e0c943462765e42beffe94456407b6d.jpg,1,LDPE Plastic,1,LDPE Plastic,0.9999994039535522,2.307696576053786e-07,0.9999994039535522,1.9703756493072433e-07,1.37521723786449e-07,3.7246074668928486e-08
/Users/aswanathjs/Downloads/test10/ai_plastic_waste_management_training/LDPE Plastic/plastic_bags/plasticbag (160).jpg,1,LDPE Plastic,1,LDPE Plastic,0.999955415725708,2.1957816898066085e-06,0.999955415725708,3.559378853879025e-07,2.062287649096106e-06,3.9991668018046767e-05
/Users/aswanathjs/Downloads/test10/ai_plastic_waste_management_training/PS Plastic/foam_sheets/PS-888_jpg.rf.26284a6d81a66c1248aa80fbf2be7fe5.jpg,4,PS Plastic,4,PS Plastic,1.0,2.5263284797460983e-08,9.84322845454244e-10,6.332094848460201e-10,5.251143408990799e-10,1.0
/Users/aswanathjs/Downloads/test10/ai_plastic_waste_management_training/HDPE Plastic/detergent_bottles/0010_a02b01c2d2e0f1g0h4.jpg,0,HDPE Plastic,0,HDPE Plastic,1.0,1.0,6.615300668366686e-11,3.5736477665970767e-10,9.755792840238087e-10,2.0393746413827074e-10
/Users/aswanathjs/Downloads/test10/ai_plastic_waste_management_training/HDPE Plastic/detergent_botteles_grey/0010_a02b01c2d2e0f1g0h4.jpg,0,HDPE Plastic,0,HDPE Plastic,1.0,1.0,6.37987218610192e-10,2.414405619877158e-10,5.300777150551994e-09,5.105577072228584e-10
"/Users/aswanathjs/Downloads/test10/ai_plastic_waste_management_training/HDPE Plastic/milk_bottles/HDPEM1,021.JPG",0,HDPE Plastic,0,HDPE Plastic,1.0,1.0,2.1960172395807387e-12,1.0259730842676618e-09,5.981364709084502e-11,1.7521756268124022e-10
/Users/aswanathjs/Downloads/test10/ai_plastic_waste_management_training/PS Plastic/foam_sheets/PS-902_jpg.rf.3e405abf1c38efc9697085217bdb30a3.jpg,4,PS Plastic,4,PS Plastic,0.9999997615814209,1.3651313679474697e-07,3.459626896074042e-08,8.000506035443777e-09,3.4235107193580916e-08,0.9999997615814209
/Users/aswanathjs/Downloads/test10/ai_plastic_waste_management_training/PS Plastic/form_sheets_grey/PS-902_jpg.rf.3e405abf1c38efc9697085217bdb30a3.jpg,4,PS Plastic,4,PS Plastic,0.9999998807907104,1.067951700406411e-07,1.9144762219980294e-08,5.500488509113666e-09,1.53629589050297e-08,0.9999998807907104
/Users/aswanathjs/Downloads/test10/ai_plastic_waste_management_training/PP Plastic/round_containers/0022_a05b00c1d2e0f0g0h3.jpg,3,PP Plastic,3,PP Plastic,0.9999673366546631,1.2944379705004394e-05,2.543557457101997e-06,1.6734937162254937e-05,0.9999673366546631,4.3203149857617973e-07
/Users/aswanathjs/Downloads/test10/ai_plastic_waste_management_training/HDPE Plastic/milk_bottles/HDPEM499.jpg,0,HDPE Plastic,0,HDPE Plastic,1.0,1.0,4.381605148151557e-11,5.782331835568755e-10,1.4794815372809467e-10,3.889313177074527e-11
/Users/aswanathjs/Downloads/test10/ai_plastic_waste_management_training/PET Plastic/plastic_bottles/PET360.jpg,2,PET Plastic,2,PET Plastic,0.9999986886978149,1.0598736253086827e-06,1.799006987823759e-08,0.9999986886978149,4.8915040906649665e-08,1.6612828801498836e-07
/Users/aswanathjs/Downloads/test10/ai_plastic_waste_management_training/LDPE Plastic/plastic_bags/plasticbag (42).jpg,1,LDPE Plastic,1,LDPE Plastic,0.9999850988388062,7.2332422860199586e-06,0.9999850988388062,8.719099042764356e-08,3.794958502112422e-06,3.7315048757591285e-06
/Users/aswanathjs/Downloads/test10/ai_plastic_waste_management_training/LDPE Plastic/plastic_bags/plasticbag (156).jpg,1,LDPE Plastic,1,LDPE Plastic,0.9965079426765442,0.0015286956913769245,0.9965079426765442,0.0002107409090967849,0.0010930749122053385,0.0006595131708309054
"/Users/aswanathjs/Downloads/test10/ai_plastic_waste_management_training/PET Plastic/plastic_bottles/PET1,508.jpg",2,PET Plastic,2,PET Plastic,0.9999736547470093,1.1231370990572032e-05,8.377834092243575e-06,0.9999736547470093,6.4719874899310526e-06,2.6211520776087127e-07
/Users/aswanathjs/Downloads/test10/ai_plastic_waste_management_training/LDPE Plastic/plastic_bags/LDPE-545_jpg.rf.98a9d3aa0408925d1e5afe27dcba453b.jpg,1,LDPE Plastic,1,LDPE Plastic,0.9997153878211975,9.572055569151416e-05,0.9997153878211975,8.990948117570952e-05,4.791875835508108e-05,5.107067772769369e-05
/Users/aswanathjs/Downloads/test10/ai_plastic_waste_management_training/HDPE Plastic/detergent_bottles/0098_a02b03c1d1e0f0g0h2.jpg,0,HDPE Plastic,0,HDPE Plastic,1.0,1.0,1.324240495037543e-09,7.260790579888265e-11,1.9447549348683424e-08,3.503637935331483e-10
/Users/aswanathjs/Downloads/test10/ai_plastic_waste_management_training/PP Plastic/round_containers/Image_89.png,3,PP Plastic,3,PP Plastic,0.563744843006134,0.022322846576571465,0.32712820172309875,0.0017089032335206866,0.563744843006134,0.08509527146816254
/Users/aswanathjs/Downloads/test10/ai_plastic_waste_management_training/PS Plastic/foam_containers/Image_89.png,3,PP Plastic,4,PS Plastic,0.5803271532058716,0.042830727994441986,0.1264549344778061,0.014837988652288914,0.2355492115020752,0.5803271532058716
/Users/aswanathjs/Downloads/test10/ai_plastic_waste_management_training/HDPE Plastic/shampoo_bottles/0065_a02b03c1d0e0f1g0h2.jpg,0,HDPE Plastic,0,HDPE Plastic,0.9999997615814209,0.9999997615814209,6.332387059160283e-09,8.297202924723024e-08,5.093908939102221e-08,1.2929623949275992e-07
/Users/aswanathjs/Downloads/test10/ai_plastic_waste_management_training/PP Plastic/round_containers/0044_a06b01c1d3e0f0g0h2.jpg,3,PP Plastic,3,PP Plastic,0.9999990463256836,1.238454814256329e-07,6.585540290870995e-07,5.52205641213277e-08,0.9999990463256836,9.158096503369961e-08
/Users/aswanathjs/Downloads/test10/ai_plastic_waste_management_training/PS Plastic/foam_containers/Image_144.png,4,PS Plastic,4,PS Plastic,0.6276637315750122,0.05036812275648117,0.1425957977771759,0.015982184559106827,0.1633901596069336,0.6276637315750122
/Users/aswanathjs/Downloads/test10/ai_plastic_waste_management_training/PP Plastic/round_containers/0095_a05b01c1d2e0f0g0h0.jpg,3,PP Plastic,3,PP Plastic,0.999998927116394,6.412802804334206e-07,1.9407741547183832e-07,1.315035689231081e-07,0.999998927116394,2.740407722967575e-08
/Users/aswanathjs/Downloads/test10/ai_plastic_waste_management_training/PS Plastic/foam_containers/Image_208.png,4,PS Plastic,4,PS Plastic,0.4570825695991516,0.06674790382385254,0.19207821786403656,0.013148210942745209,0.2709431052207947,0.4570825695991516
/Users/aswanathjs/Downloads/test10/ai_plastic_waste_management_training/PP Plastic/square_containers/Image_246.png,3,PP Plastic,3,PP Plastic,0.9786472320556641,0.0004143972764723003,0.02082129381597042,8.239419003075454e-06,0.9786472320556641,0.00010882491915253922
/Users/aswanathjs/Downloads/test10/ai_plastic_waste_management_training/PS Plastic/foam_containers/Image_246.png,3,PP Plastic,4,PS Plastic,0.6982142925262451,0.02269919402897358,0.09241203218698502,0.007640344090759754,0.17903409898281097,0.6982142925262451
/Users/aswanathjs/Downloads/test10/ai_plastic_waste_management_training/PP Plastic/round_containers/0035_a06b01c2d0e0f0g0h2.jpg,3,PP Plastic,3,PP Plastic,0.9997736811637878,0.00022309929772745818,6.46130445147719e-07,2.4958783342299284e-06,0.9997736811637878,1.9463121248008974e-07
/Users/aswanathjs/Downloads/test10/ai_plastic_waste_management_training/PP Plastic/round_containers_grey/0035_a06b01c2d0e0f0g0h2.jpg,3,PP Plastic,3,PP Plastic,0.9999959468841553,3.836861196759855e-06,7.862379902690009e-08,4.654096485978698e-08,0.9999959468841553,5.663197022443001e-09
/Users/aswanathjs/Downloads/test10/ai_plastic_waste_management_training/HDPE Plastic/shampoo_bottles/0065_a02b03c1d2e0f1g0h2.jpg,0,HDPE Plastic,0,HDPE Plastic,1.0,1.0,1.5611774026313974e-11,3.800731951386638e-11,8.565032710849962e-11,3.300017550889045e-11
/Users/aswanathjs/Downloads/test10/ai_plastic_waste_management_training/HDPE Plastic/milk_bottles/HDPEM198.jpg,0,HDPE Plastic,0,HDPE Plastic,0.9999997615814209,0.9999997615814209,1.2908413893342185e-08,1.6208080211299603e-08,8.856298450155009e-08,1.0315347509504136e-07
/Users/aswanathjs/Downloads/test10/ai_plastic_waste_management_training/HDPE Plastic/milk_bottles_grey/HDPEM198.jpg,0,HDPE Plastic,0,HDPE Plastic,0.9999997615814209,0.9999997615814209,2.6406040021242916e-08,4.319836488519968e-09,8.156314379448304e-08,6.981257882898717e-08
/Users/aswanathjs/Downloads/test10/ai_plastic_waste_management_training/PS Plastic/form_containers_grey/Image_120.png,4,PS Plastic,3,PP Plastic,0.5605196356773376,0.03705628588795662,0.14413459599018097,0.005771503783762455,0.5605196356773376,0.2525179982185364
/Users/aswanathjs/Downloads/test10/ai_plastic_waste_management_training/PS Plastic/foam_containers/Image_120.png,4,PS Plastic,3,PP Plastic,0.5351425409317017,0.0334053710103035,0.1233527809381485,0.006983994506299496,0.5351425409317017,0.30111533403396606
/Users/aswanathjs/Downloads/test10/ai_plastic_waste_management_training/PS Plastic/foam_sheets/PS-666_jpg.rf.e3a34e2cf55d3b20ac51d4554ab1ec15.jpg,4,PS Plastic,4,PS Plastic,0.9999899864196777,8.42838653625222e-06,1.1251371461185045e-06,1.7890704384626588e-07,2.2131315802198515e-07,0.9999899864196777
/Users/aswanathjs/Downloads/test10/ai_plastic_waste_management_training/LDPE Plastic/black_white__plastic_bags/0095_jpg.rf.09c6ac8f16cd24bde4f0f6bb505e3633.jpg,1,LDPE Plastic,1,LDPE Plastic,0.9999983310699463,8.228223009609792e-07,0.9999983310699463,1.076451425774394e-07,3.5591784808275406e-07,3.6470862596615916e-07
/Users/aswanathjs/Downloads/test10/ai_plastic_waste_management_training/PP Plastic/round_containers/0035_a06b01c2d2e0f0g0h1.jpg,3,PP Plastic,3,PP Plastic,0.999998927116394,8.563832238905889e-07,5.0528850437103756e-08,1.4627241284870252e-07,0.999998927116394,4.616491366959963e-08
/Users/aswanathjs/Downloads/test10/ai_plastic_waste_management_training/PP Plastic/round_containers_grey/0035_a06b01c2d2e0f0g0h1.jpg,3,PP Plastic,3,PP Plastic,0.9944491386413574,0.005544319748878479,2.7830462840938708e-06,6.924096283000836e-07,0.9944491386413574,3.1832471449888544e-06
/Users/aswanathjs/Downloads/test10/ai_plastic_waste_management_training/PET Plastic/black_white_plastic_bottles/dpaml_jpg.rf.4d5a9e8d3863f8e7c4fc1d9e8cc658a9.jpg,2,PET Plastic,2,PET Plastic,0.9999845027923584,5.092036303722125e-07,1.048686772264773e-05,0.9999845027923584,2.2580320546694566e-06,2.196660261688521e-06
/Users/aswanathjs/Downloads/test10/ai_plastic_waste_management_training/PET Plastic/plastic_bottles/PET843.jpg,2,PET Plastic,2,PET Plastic,1.0,1.593198639682214e-08,1.181047704079674e-09,1.0,2.4082424943117076e-10,5.6079385579721475e-09
"/Users/aswanathjs/Downloads/test10/ai_plastic_waste_management_training/PET Plastic/plastic_bottles/PET1,710.jpg",2,PET Plastic,2,PET Plastic,0.9997465014457703,0.00024567279615439475,6.648174348811153e-06,0.9997465014457703,2.48068630526177e-07,8.728785587663879e-07
"/Users/aswanathjs/Downloads/test10/ai_plastic_waste_management_training/PET Plastic/plastic_bottles/PET1,428.jpg",2,PET Plastic,2,PET Plastic,0.9999691247940063,2.961223515285383e-07,2.720932025113143e-05,0.9999691247940063,2.414856453469838e-06,9.017266506816668e-07
"/Users/aswanathjs/Downloads/test10/ai_plastic_waste_management_training/PET Plastic/plastic_bottles/PET1,615.jpg",2,PET Plastic,2,PET Plastic,0.9999829530715942,1.685402457951568e-05,2.161642065345859e-08,0.9999829530715942,3.997486075490997e-08,2.166653167989807e-08
/Users/aswanathjs/Downloads/test10/ai_plastic_waste_management_training/HDPE Plastic/milk_bottles/HDPEM234.jpg,0,HDPE Plastic,0,HDPE Plastic,0.9999983310699463,0.9999983310699463,4.91164051652504e-08,6.755950607839623e-07,5.587585292232689e-07,3.395524856841803e-07
/Users/aswanathjs/Downloads/test10/ai_plastic_waste_management_training/PET Plastic/black_white_plastic_bottles/dmslo_jpg.rf.41d409832e3d933647d869b28eaaae55.jpg,2,PET Plastic,2,PET Plastic,0.9999982118606567,1.0242043799735256e-06,3.250647750974167e-07,0.9999982118606567,1.4385605595634843e-07,2.5263685188292584e-07
/Users/aswanathjs/Downloads/test10/ai_plastic_waste_management_training/PP Plastic/round_containers/0009_a06b01c1d1e0f0g0h1.jpg,3,PP Plastic,3,PP Plastic,0.9998654127120972,0.00013075632159598172,2.0982181467843475e-06,1.3479058225129847e-06,0.9998654127120972,2.7932412649533944e-07
/Users/aswanathjs/Downloads/test10/ai_plastic_waste_management_training/PET Plastic/plastic_bottles/PET893.jpg,2,PET Plastic,2,PET Plastic,0.9999947547912598,1.1200613698747475e-06,2.840247361746151e-06,0.9999947547912598,1.2603858294824022e-06,1.74817920139958e-08
/Users/aswanathjs/Downloads/test10/ai_plastic_waste_management_training/HDPE Plastic/milk_bottles/HDPEM193.jpg,0,HDPE Plastic,0,HDPE Plastic,0.9999905824661255,0.9999905824661255,1.8729203077327838e-07,1.045509065988881e-06,7.180630063885474e-07,7.410515536321327e-06
/Users/aswanathjs/Downloads/test10/ai_plastic_waste_management_training/LDPE Plastic/plastic_bags/plasticbag (115) 17.43.56.jpg,1,LDPE Plastic,1,LDPE Plastic,0.9989457726478577,0.0001470264687668532,0.9989457726478577,9.054186375578865e-05,0.0007859714096412063,3.068571459152736e-05
/Users/aswanathjs/Downloads/test10/ai_plastic_waste_management_training/PS Plastic/foam_containers/0058_a06b01c1d1e0f0g0h4.jpg,4,PS Plastic,4,PS Plastic,1.0,1.5238958539498526e-08,4.2607847805520294e-11,5.5834916551367186e-11,2.0096996289353797e-10,1.0
/Users/aswanathjs/Downloads/test10/ai_plastic_waste_management_training/HDPE Plastic/milk_bottles/HDPEM284.jpg,0,HDPE Plastic,0,HDPE Plastic,1.0,1.0,1.01877846436782e-11,2.2553408793313245e-11,1.5212876531417452e-12,1.995516252240037e-11
/Users/aswanathjs/Downloads/test10/ai_plastic_waste_management_training/PP Plastic/round_containers/0031_a05b01c1d2e0f0g0h3.jpg,3,PP Plastic,3,PP Plastic,0.9999991655349731,5.736883963436412e-07,1.5049711521442077e-07,2.768879880932218e-08,0.9999991655349731,6.420388842798275e-08
/Users/aswanathjs/Downloads/test10/ai_plastic_waste_management_training/PET Plastic/plastic_bottles/PET817.jpg,2,PET Plastic,2,PET Plastic,0.9999995231628418,9.26529395428588e-08,2.3609875654528878e-07,0.9999995231628418,9.618683094458902e-08,2.257137587946545e-08
/Users/aswanathjs/Downloads/test10/ai_plastic_waste_management_training/PET Plastic/plastic_bottles/PET295.jpg,2,PET Plastic,2,PET Plastic,0.9999548196792603,4.4944048568140715e-05,2.004918115972032e-07,0.9999548196792603,3.9360081416361936e-08,1.8759950037861017e-08
/Users/aswanathjs/Downloads/test10/ai_plastic_waste_management_training/PP Plastic/rectangle_containers/0011_a05b00c2d2e0f0g0h1.jpg,3,PP Plastic,3,PP Plastic,0.9994515776634216,7.227939204312861e-05,3.3229878226848086e-06,0.00046804227167740464,0.9994515776634216,4.725558028439991e-06
/Users/aswanathjs/Downloads/test10/ai_plastic_waste_management_training/PP Plastic/square_containers/0011_a05b00c2d2e0f0g0h1.jpg,3,PP Plastic,3,PP Plastic,0.9994515776634216,7.227939204312861e-05,3.3229878226848086e-06,0.00046804227167740464,0.9994515776634216,4.725558028439991e-06
/Users/aswanathjs/Downloads/test10/ai_plastic_waste_management_training/HDPE Plastic/shampoo_bottles/0076_a02b06c2d1e0f1g0h3.jpg,0,HDPE Plastic,0,HDPE Plastic,0.9999986886978149,0.9999986886978149,1.2033575558234588e-07,1.1177502301507047e-06,1.5129145936043642e-08,1.0624039958884168e-07
/Users/aswanathjs/Downloads/test10/ai_plastic_waste_management_training/PP Plastic/round_containers/0035_a06b01c2d1e0f0g0h0.jpg,3,PP Plastic,3,PP Plastic,0.9999943971633911,1.5752098079246935e-06,9.380078580534246e-08,3.911284238711232e-06,0.9999943971633911,3.3859702597283103e-08
/Users/aswanathjs/Downloads/test10/ai_plastic_waste_management_training/PET Plastic/black_white_plastic_bottles/cbtik_jpg.rf.f2bd33af751ae09c8501f0dcb45e5a8e.jpg,2,PET Plastic,2,PET Plastic,0.9999961853027344,3.107303882643464e-06,8.88779254637484e-08,0.9999961853027344,3.3085990480685723e-07,2.824450859861827e-07
/Users/aswanathjs/Downloads/test10/ai_plastic_waste_management_training/PET Plastic/plastic_bottles/PET362.jpg,2,PET Plastic,2,PET Plastic,0.9999997615814209,9.249334453897973e-08,8.375560156537176e-08,0.9999997615814209,3.707923212914466e-08,7.49285362644514e-08
/Users/aswanathjs/Downloads/test10/ai_plastic_waste_management_training/PET Plastic/black_white_plastic_bottles/cvxfi_jpg.rf.c2ee4cdf5923b61892ec5e7996caf401.jpg,2,PET Plastic,2,PET Plastic,0.999721109867096,0.00023354552104137838,1.0162382295675343e-06,0.999721109867096,3.5276647395221516e-05,9.005832907860167e-06
/Users/aswanathjs/Downloads/test10/ai_plastic_waste_management_training/PET Plastic/plastic_bottles/PET447.jpg,2,PET Plastic,2,PET Plastic,0.9999998807907104,1.050160065574346e-07,8.44530489985118e-09,0.9999998807907104,1.208912969730136e-08,8.996378753067802e-09
/Users/aswanathjs/Downloads/test10/ai_plastic_waste_management_training/PET Plastic/plastic_bottles/PET487.jpg,2,PET Plastic,2,PET Plastic,0.8575726747512817,0.14231248199939728,3.382934039564134e-07,0.8575726747512817,2.0728331946884282e-05,9.37834702199325e-05
/Users/aswanathjs/Downloads/test10/ai_plastic_waste_management_training/PET Plastic/black_white_plastic_bottles/ahptq_jpg.rf.dbe2d1ffb9f82f2932f4d32992cb52ba.jpg,2,PET Plastic,2,PET Plastic,0.9999536275863647,1.9394412447582e-05,3.514542640914442e-06,0.9999536275863647,1.9145149053656496e-05,4.2924216359097045e-06
/Users/aswanathjs/Downloads/test10/ai_plastic_waste_management_training/HDPE Plastic/shampoo_bottles/0063_a02b01c2d3e0f1g1h1.jpg,0,HDPE Plastic,0,HDPE Plastic,1.0,1.0,1.4136134041109472e-08,2.5230393774222648e-08,2.047104707969538e-08,5.951920556412915e-08
/Users/aswanathjs/Downloads/test10/ai_plastic_waste_management_training/LDPE Plastic/plastic_bags_grey/plasticbag (3).jpg,1,LDPE Plastic,1,LDPE Plastic,0.9977026581764221,0.00021096921409480274,0.9977026581764221,0.0005135692772455513,0.0015132648404687643,5.957916800980456e-05
/Users/aswanathjs/Downloads/test10/ai_plastic_waste_management_training/LDPE Plastic/plastic_bags/plasticbag (3).png,1,LDPE Plastic,1,LDPE Plastic,0.9727204442024231,0.0066070170141756535,0.9727204442024231,0.00045641924953088164,0.019211776554584503,0.0010043325601145625
/Users/aswanathjs/Downloads/test10/ai_plastic_waste_management_training/LDPE Plastic/plastic_bags/plasticbag (3).jpg,1,LDPE Plastic,1,LDPE Plastic,0.9949644804000854,0.0006476081907749176,0.9949644804000854,0.000822303700260818,0.0034482511691749096,0.00011744492076104507
"/Users/aswanathjs/Downloads/test10/ai_plastic_waste_management_training/PET Plastic/plastic_bottles/PET1,617.jpg",2,PET Plastic,2,PET Plastic,0.9999922513961792,7.499539606214967e-06,2.3453836206499545e-08,0.9999922513961792,3.785652324950206e-08,1.836920375808404e-07
/Users/aswanathjs/Downloads/test10/ai_plastic_waste_management_training/HDPE Plastic/shampoo_bottles/0065_a02b03c1d0e0f1g0h4.jpg,0,HDPE Plastic,0,HDPE Plastic,1.0,1.0,3.3376090780024015e-09,2.1635308655731933e-08,6.237579786017022e-09,3.15366843750553e-09
"/Users/aswanathjs/Downloads/test10/ai_plastic_waste_management_training/PET Plastic/plastic_bottles/PET1,476.jpg",2,PET Plastic,2,PET Plastic,0.9999986886978149,6.137694299468421e-07,6.109318633207295e-07,0.9999986886978149,8.693510977764163e-08,2.979930968649569e-08
/Users/aswanathjs/Downloads/test10/ai_plastic_waste_management_training/PS Plastic/foam_sheets/PS-622_jpg.rf.d7d94ec6cc0c23ffb7637a72ff78e1ff.jpg,4,PS Plastic,4,PS Plastic,0.9999678134918213,2.796030094032176e-05,2.912391209974885e-06,6.672836434518103e-07,5.716316309190006e-07,0.9999678134918213
/Users/aswanathjs/Downloads/test10/ai_plastic_waste_management_training/LDPE Plastic/plastic_bags/test_LDPE-19_jpg.rf.21132858ab560a67930a1364f9826754.jpg,1,LDPE Plastic,1,LDPE Plastic,0.9999997615814209,5.2725646071394294e-08,0.9999997615814209,7.525681411379992e-08,6.50684750524988e-09,1.2883380406947254e-07
"/Users/aswanathjs/Downloads/test10/ai_plastic_waste_management_training/PET Plastic/plastic_bottles/PET1,282.jpg",2,PET Plastic,2,PET Plastic,0.9999958276748657,2.939217438324704e-06,1.5121830898578992e-08,0.9999958276748657,1.1601124469962087e-06,3.363215839158329e-08
/Users/aswanathjs/Downloads/test10/ai_plastic_waste_management_training/PET Plastic/black_white_plastic_bottles/cvpiu_jpg.rf.c4bcb69e2914fc43a8e2b30c6a0830fc.jpg,2,PET Plastic,2,PET Plastic,0.9999982118606567,6.181831508911273e-07,4.916422540190979e-07,0.9999982118606567,2.9884915875300067e-07,3.906312713297666e-07
/Users/aswanathjs/Downloads/test10/ai_plastic_waste_management_training/HDPE Plastic/shampoo_bottles/0078_a02b07c1d1e0f1g0h3.jpg,0,HDPE Plastic,0,HDPE Plastic,1.0,1.0,5.582543802229445e-11,1.1645128195070242e-09,2.7319324580332704e-10,1.4962105165938766e-10
/Users/aswanathjs/Downloads/test10/ai_plastic_waste_management_training/HDPE Plastic/milk_bottles/P_W (1371).jpg,0,HDPE Plastic,0,HDPE Plastic,0.9998737573623657,0.9998737573623657,7.950545295898337e-06,1.6253798094112426e-05,5.906121805310249e-05,4.3027819629060104e-05
/Users/aswanathjs/Downloads/test10/ai_plastic_waste_management_training/HDPE Plastic/milk_bottles_grey/P_W (1371).jpg,0,HDPE Plastic,0,HDPE Plastic,0.9999556541442871,0.9999556541442871,1.2136986242694547e-06,2.2933672880753875e-06,3.895778354490176e-05,1.9364242689334787e-06
"/Users/aswanathjs/Downloads/test10/ai_plastic_waste_management_training/PET Plastic/plastic_bottles/PET1,245.jpg",2,PET Plastic,2,PET Plastic,0.9999996423721313,1.820291970489052e-07,2.4754374550184366e-08,0.9999996423721313,4.386125951327813e-08,3.332270903655399e-09
/Users/aswanathjs/Downloads/test10/ai_plastic_waste_management_training/PS Plastic/foam_sheets/PS-865_jpg.rf.e109b98ff9dec196e9e2a0047b6ed3ea.jpg,4,PS Plastic,4,PS Plastic,0.9999998807907104,1.154251165758069e-07,9.655369836991667e-09,3.166445772251336e-09,5.5181001989978995e-09,0.9999998807907104
/Users/aswanathjs/Downloads/test10/ai_plastic_waste_management_training/LDPE Plastic/plastic_bags/plasticbag (202).jpg,1,LDPE Plastic,1,LDPE Plastic,0.9957542419433594,0.0021153115667402744,0.9957542419433594,0.0006819422706030309,0.00023184431483969092,0.001216747798025608
/Users/aswanathjs/Downloads/test10/ai_plastic_waste_management_training/LDPE Plastic/plastic_bags/test_LDPE-3_jpg.rf.c2e0d498a2dd821a25dc896fde6a06d3.jpg,1,LDPE Plastic,1,LDPE Plastic,0.9999839067459106,1.2909362339996733e-05,0.9999839067459106,2.0228245034559222e-07,1.7210165879077977e-06,1.2987026138944202e-06
/Users/aswanathjs/Downloads/test10/ai_plastic_waste_management_training/HDPE Plastic/milk_bottles/P_W (1077).jpg,0,HDPE Plastic,0,HDPE Plastic,1.0,1.0,5.0749623253798504e-11,1.7305490374042165e-08,1.7744943014985637e-10,1.453637299420052e-08
/Users/aswanathjs/Downloads/test10/ai_plastic_waste_management_training/PET Plastic/black_white_plastic_bottles/dhpri_jpg.rf.f81dc58e4ced62a8ae353540bcf5b08d.jpg,2,PET Plastic,2,PET Plastic,0.9999481439590454,2.9747450753347948e-05,3.92657511838479e-06,0.9999481439590454,5.674331077898387e-06,1.2391869859129656e-05
/Users/aswanathjs/Downloads/test10/ai_plastic_waste_management_training/PET Plastic/shampoo_bottles/0100_a05b00c2d0e0f0g0h2.jpg,2,PET Plastic,2,PET Plastic,0.999816358089447,9.9520084404503e-06,2.507869794499129e-06,0.999816358089447,0.0001707156770862639,5.0067069423676e-07
/Users/aswanathjs/Downloads/test10/ai_plastic_waste_management_training/PET Plastic/plastic_bottles/PET785.jpg,2,PET Plastic,2,PET Plastic,0.9999985694885254,8.998332532428321e-07,2.4909519424909377e-07,0.9999985694885254,7.836722915044447e-08,1.671255631663371e-07
/Users/aswanathjs/Downloads/test10/ai_plastic_waste_management_training/PS Plastic/foam_sheets/IMG_9349_JPG.rf.ecc1c4f2cd983955ec66e0272704c1a1.jpg,4,PS Plastic,4,PS Plastic,0.999985933303833,2.56424992350901e-09,5.446046102974833e-08,1.4009226106281858e-05,5.600395702742844e-10,0.999985933303833
/Users/aswanathjs/Downloads/test10/ai_plastic_waste_management_training/PS Plastic/foam_sheets/IMG_9349_JPG.rf.121fcc0fa8d7f74c4fc2bf5e9f474b71.jpg,4,PS Plastic,4,PS Plastic,0.9999996423721313,1.4178345997262198e-10,2.8791587780574446e-08,3.9832536913309013e-07,6.466252771945846e-13,0.9999996423721313
/Users/aswanathjs/Downloads/test10/ai_plastic_waste_management_training/PS Plastic/foam_sheets/IMG_9349_JPG.rf.b937c1d1fd6403d6d97223f6dc800b14.jpg,4,PS Plastic,4,PS Plastic,1.0,6.3461267491016216e-12,4.1109551318641024e-09,6.319754941586098e-09,5.749385342812552e-13,1.0
/Users/aswanathjs/Downloads/test10/ai_plastic_waste_management_training/PS Plastic/foam_containers/Image_71.png,4,PS Plastic,4,PS Plastic,0.7925882935523987,0.01465875469148159,0.09093791246414185,0.0020295034628361464,0.09978550672531128,0.7925882935523987
"/Users/aswanathjs/Downloads/test10/ai_plastic_waste_management_training/PET Plastic/plastic_bottles/PET1,755.jpg",2,PET Plastic,2,PET Plastic,0.9963042736053467,0.0011168185155838728,0.00015597390301991254,0.9963042736053467,0.0021300690714269876,0.0002928389876615256
/Users/aswanathjs/Downloads/test10/ai_plastic_waste_management_training/LDPE Plastic/plastic_bags/plasticbag.png,1,LDPE Plastic,1,LDPE Plastic,0.9995909333229065,3.5042918170802295e-05,0.9995909333229065,6.0806996771134436e-05,0.00010544098040554672,0.00020778576435986906
/Users/aswanathjs/Downloads/test10/ai_plastic_waste_management_training/PET Plastic/plastic_bottles/PET368.jpg,2,PET Plastic,2,PET Plastic,1.0,3.861142872096934e-08,6.477300362739413e-10,1.0,1.3075924787386839e-09,6.223592752263585e-09
/Users/aswanathjs/Downloads/test10/ai_plastic_waste_management_training/PP Plastic/square_containers/Image_218.png,3,PP Plastic,3,PP Plastic,0.9998804330825806,1.5185369193204679e-05,9.450916695641354e-05,1.2956834325450473e-06,0.9998804330825806,8.556079592381138e-06
/Users/aswanathjs/Downloads/test10/ai_plastic_waste_management_training/PS Plastic/foam_containers/Image_218.png,3,PP Plastic,4,PS Plastic,0.6103218793869019,0.03274376317858696,0.11315648257732391,0.013058435171842575,0.2307194471359253,0.6103218793869019
/Users/aswanathjs/Downloads/test10/ai_plastic_waste_management_training/LDPE Plastic/plastic_bags/plasticbag (178) 17.43.56.jpg,1,LDPE Plastic,1,LDPE Plastic,1.0,3.907161261196279e-09,1.0,5.000396541277041e-09,1.284759187925033e-09,7.69163666092254e-09
/Users/aswanathjs/Downloads/test10/ai_plastic_waste_management_training/HDPE Plastic/detergent_bottles/0039_a02b01c2d1e0f1g0h2.jpg,0,HDPE Plastic,0,HDPE Plastic,1.0,1.0,8.984474830775468e-10,6.550675279992646e-11,2.8170585864017994e-09,1.0823689722272434e-09
/Users/aswanathjs/Downloads/test10/ai_plastic_waste_management_training/PET Plastic/shampoo_bottles/0015_a05b00c2d3e1f1g0h1.jpg,2,PET Plastic,2,PET Plastic,0.999929666519165,1.1517015991557855e-05,7.944843360974119e-08,0.999929666519165,5.09684432472568e-05,7.794467819621786e-06
/Users/aswanathjs/Downloads/test10/ai_plastic_waste_management_training/HDPE Plastic/shampoo_bottles/0077_a02b01c2d2e0f1g0h0.jpg,0,HDPE Plastic,0,HDPE Plastic,1.0,1.0,3.644734167251862e-11,2.057624036433392e-11,5.375903888715783e-11,8.934605139065965e-11
/Users/aswanathjs/Downloads/test10/ai_plastic_waste_management_training/PP Plastic/round_containers/0043_a06b01c2d2e0f0g0h3.jpg,3,PP Plastic,3,PP Plastic,0.9997637867927551,0.00022065611847210675,1.5347975931945257e-05,1.4136784187712692e-08,0.9997637867927551,2.2683403244627698e-07
/Users/aswanathjs/Downloads/test10/ai_plastic_waste_management_training/LDPE Plastic/plastic_bags/LDPE-71_jpg.rf.a71ad898f1fda611ef5996a9ae77ccc9.jpg,1,LDPE Plastic,1,LDPE Plastic,0.9999995231628418,3.377331481146939e-08,0.9999995231628418,3.924038480818126e-07,5.664170998898044e-08,1.6507716082969637e-08
/Users/aswanathjs/Downloads/test10/ai_plastic_waste_management_training/LDPE Plastic/plastic_bags/LDPE-71_jpg.rf.fb19519ffcf7a5e910688db4dbfd2eb7.jpg,1,LDPE Plastic,1,LDPE Plastic,0.9999744892120361,1.4178208402881864e-06,0.9999744892120361,1.9002815179192112e-06,4.71601561002899e-06,1.7436010239180177e-05
/Users/aswanathjs/Downloads/test10/ai_plastic_waste_management_training/HDPE Plastic/shampoo_bottles/0061_a02b01c1d0e0f1g0h0(1).jpg,0,HDPE Plastic,0,HDPE Plastic,0.9997561573982239,0.9997561573982239,1.4367291441885754e-05,0.00014601835573557764,9.720857633510605e-06,7.380826718872413e-05
/Users/aswanathjs/Downloads/test10/ai_plastic_waste_management_training/PET Plastic/plastic_bottles/PET900.jpg,2,PET Plastic,2,PET Plastic,0.9999836683273315,2.185837729484774e-06,1.3907452739658765e-05,0.9999836683273315,1.0242407455507418e-07,1.1338965322238437e-07
/Users/aswanathjs/Downloads/test10/ai_plastic_waste_management_training/PS Plastic/foam_sheets/IMG_9384_JPG.rf.ec19f5a3cc6b04ab6954a583d499f874.jpg,4,PS Plastic,4,PS Plastic,0.9998722076416016,8.28741866798488e-11,0.000127765626530163,1.8402070978140728e-08,2.9178248359129633e-12,0.9998722076416016
/Users/aswanathjs/Downloads/test10/ai_plastic_waste_management_training/PS Plastic/foam_sheets/IMG_9384_JPG.rf.f65a6b899d2ca6abe3b10e2b56d66cb8.jpg,4,PS Plastic,4,PS Plastic,0.9992157220840454,1.3865002983948216e-05,0.000712064909748733,2.195701381424442e-05,3.644746175268665e-05,0.9992157220840454
/Users/aswanathjs/Downloads/test10/ai_plastic_waste_management_training/PS Plastic/foam_sheets/IMG_9384_JPG.rf.46ad34425888597716abe96e79e09225.jpg,4,PS Plastic,4,PS Plastic,0.9998942613601685,7.133384656299313e-07,9.629302803659812e-05,8.448510016023647e-06,2.1178568943014398e-07,0.9998942613601685
/Users/aswanathjs/Downloads/test10/ai_plastic_waste_management_training/LDPE Plastic/plastic_bags/LDPE-322_jpg.rf.c2955913084b3d9a440be2bfb645b150.jpg,1,LDPE Plastic,1,LDPE Plastic,1.0,3.0553286567425175e-09,1.0,1.8251544720016e-09,1.562355689266326e-09,4.65262139925926e-09
/Users/aswanathjs/Downloads/test10/ai_plastic_waste_management_training/LDPE Plastic/plastic_bags/plasticbag (191).jpg,1,LDPE Plastic,1,LDPE Plastic,0.999138355255127,0.0003262672107666731,0.999138355255127,7.80737100285478e-05,0.00014426829875446856,0.0003130782279185951
/Users/aswanathjs/Downloads/test10/ai_plastic_waste_management_training/PET Plastic/plastic_bottles/PET927.jpg,2,PET Plastic,2,PET Plastic,0.9999979734420776,1.475530666539271e-06,2.2156517331950454e-07,0.9999979734420776,2.0942248113442474e-07,6.279326214553294e-08
/Users/aswanathjs/Downloads/test10/ai_plastic_waste_management_training/PS Plastic/foam_sheets/PS-540_jpg.rf.1e99cb1d9db3f3babe66278cc7b93de0.jpg,4,PS Plastic,4,PS Plastic,0.9999960660934448,3.3507533316878835e-06,6.381949901879125e-07,1.9507732318402304e-08,1.1642445230108933e-08,0.9999960660934448
/Users/aswanathjs/Downloads/test10/ai_plastic_waste_management_training/PP Plastic/irregular_containers/train_PP-61_jpg.rf.7f34d189081b6370d7a8dfd056c49de6.jpg,3,PP Plastic,3,PP Plastic,0.9999605417251587,5.628390681522433e-06,3.1650055461796e-05,9.422333846487163e-07,0.9999605417251587,1.2122064845243585e-06
/Users/aswanathjs/Downloads/test10/ai_plastic_waste_management_training/PP Plastic/irregular_containers_grey/train_PP-61_jpg.rf.7f34d189081b6370d7a8dfd056c49de6.jpg,3,PP Plastic,3,PP Plastic,0.9998394250869751,2.739522824413143e-05,0.00012587608944159,3.612290811361163e-06,0.9998394250869751,3.6817596082983073e-06
/Users/aswanathjs/Downloads/test10/ai_plastic_waste_management_training/PET Plastic/plastic_bottles/PET897.jpg,2,PET Plastic,2,PET Plastic,0.999708354473114,3.5427368857199326e-05,0.00019929428526666015,0.999708354473114,3.1975698220776394e-05,2.482568015693687e-05
"/Users/aswanathjs/Downloads/test10/ai_plastic_waste_management_training/PET Plastic/plastic_bottles/PET1,234.jpg",2,PET Plastic,2,PET Plastic,0.9999995231628418,2.2512119812745368e-07,2.5673545067661507e-08,0.9999995231628418,1.8141516022751603e-07,3.0665425754250464e-09
/Users/aswanathjs/Downloads/test10/ai_plastic_waste_management_training/HDPE Plastic/shampoo_bottles/0065_a02b03c1d1e0f1g0h2.jpg,0,HDPE Plastic,0,HDPE Plastic,1.0,1.0,3.952512969696009e-11,6.517574674402837e-11,4.717961576972129e-10,3.360481615199973e-10
/Users/aswanathjs/Downloads/test10/ai_plastic_waste_management_training/LDPE Plastic/black_white__plastic_bags/0071_jpg.rf.170d70685a25d34ae8bc2f483f99a07a.jpg,1,LDPE Plastic,1,LDPE Plastic,0.9999498128890991,1.317082205787301e-05,0.9999498128890991,7.45544457458891e-06,4.44876832261798e-06,2.5194591216859408e-05
/Users/aswanathjs/Downloads/test10/ai_plastic_waste_management_training/HDPE Plastic/milk_bottles/HDPEM51.jpg,0,HDPE Plastic,0,HDPE Plastic,0.9999998807907104,0.9999998807907104,1.6289054549645243e-09,7.859843442759029e-09,8.763210246343078e-08,2.6209734382831584e-09
/Users/aswanathjs/Downloads/test10/ai_plastic_waste_management_training/LDPE Plastic/plastic_bags/plasticbag (40).jpg,1,LDPE Plastic,1,LDPE Plastic,0.9999865293502808,2.046277131739771e-06,0.9999865293502808,3.0245954008023546e-07,6.897665230098937e-07,1.0398990525573026e-05
/Users/aswanathjs/Downloads/test10/ai_plastic_waste_management_training/LDPE Plastic/plastic_bags/P_W (1388).jpg,1,LDPE Plastic,1,LDPE Plastic,0.999998927116394,2.0234723763223883e-07,0.999998927116394,4.561019295579172e-08,1.3854592850748304e-07,6.465152182499878e-07
/Users/aswanathjs/Downloads/test10/ai_plastic_waste_management_training/PP Plastic/irregular_containers/train_PP-2_jpg.rf.92287825373efbbb08c318fd5ccfc97f.jpg,3,PP Plastic,3,PP Plastic,0.9999173879623413,7.438204920617864e-05,3.8017763017705875e-06,1.4662939520349028e-06,0.9999173879623413,2.911400088123628e-06
/Users/aswanathjs/Downloads/test10/ai_plastic_waste_management_training/PP Plastic/irregular_containers_grey/train_PP-2_jpg.rf.92287825373efbbb08c318fd5ccfc97f.jpg,3,PP Plastic,3,PP Plastic,0.9999419450759888,2.456124457239639e-05,1.2677057384280488e-05,1.1886537322425283e-05,0.9999419450759888,8.963330401456915e-06
/Users/aswanathjs/Downloads/test10/ai_plastic_waste_management_training/PET Plastic/black_white_plastic_bottles/aiwro_jpg.rf.b28dd5745b41c57fc71024dedba51892.jpg,2,PET Plastic,2,PET Plastic,0.9999951124191284,6.554243441314611e-07,2.0998695617890917e-06,0.9999951124191284,8.797587724984623e-07,1.2081109161954373e-06
/Users/aswanathjs/Downloads/test10/ai_plastic_waste_management_training/LDPE Plastic/plastic_bags/LDPE-598_jpg.rf.3ba5b9eee0295b3992c757691e731153.jpg,1,LDPE Plastic,1,LDPE Plastic,0.9999631643295288,1.353977950202534e-05,0.9999631643295288,1.8819474689735216e-06,8.539194823242724e-06,1.2829807928937953e-05
/Users/aswanathjs/Downloads/test10/ai_plastic_waste_management_training/HDPE Plastic/milk_bottles/HDPEM487.jpg,0,HDPE Plastic,0,HDPE Plastic,1.0,1.0,3.853384555885242e-10,3.325573372237045e-09,9.331836636761182e-09,4.649000073797538e-10
/Users/aswanathjs/Downloads/test10/ai_plastic_waste_management_training/HDPE Plastic/milk_bottles/HDPEM298.jpg,0,HDPE Plastic,0,HDPE Plastic,0.9999467134475708,0.9999467134475708,1.5246102691435226e-07,5.2259831136325374e-05,1.5834234545764048e-07,6.983727303122578e-07
/Users/aswanathjs/Downloads/test10/ai_plastic_waste_management_training/HDPE Plastic/milk_bottles/HDPEM23.jpg,0,HDPE Plastic,0,HDPE Plastic,1.0,1.0,4.933933375251588e-14,4.82238599706507e-15,3.059986481866381e-14,7.096944559803475e-13
/Users/aswanathjs/Downloads/test10/ai_plastic_waste_management_training/HDPE Plastic/shampoo_bottles/0078_a02b07c2d1e0f1g0h2.jpg,0,HDPE Plastic,0,HDPE Plastic,1.0,1.0,5.062510480269289e-11,1.783316938563928e-09,2.346258465291129e-10,4.810012804723485e-11
/Users/aswanathjs/Downloads/test10/ai_plastic_waste_management_training/HDPE Plastic/milk_bottles/HDPEM52.jpg,0,HDPE Plastic,0,HDPE Plastic,0.9999991655349731,0.9999991655349731,8.311243249181643e-09,8.929176686933715e-08,7.158920425354154e-07,2.5513859469583622e-08
/Users/aswanathjs/Downloads/test10/ai_plastic_waste_management_training/PP Plastic/round_containers/0095_a05b01c2d2e0f0g0h2.jpg,3,PP Plastic,3,PP Plastic,0.9999996423721313,1.5792213048371195e-07,6.691934828495505e-08,7.334387674973186e-08,0.9999996423721313,2.9543687496413895e-09
/Users/aswanathjs/Downloads/test10/ai_plastic_waste_management_training/HDPE Plastic/detergent_bottles/0039_a02b01c1d1e0f1g0h0.jpg,0,HDPE Plastic,0,HDPE Plastic,1.0,1.0,3.381988259050766e-15,1.1617783202345e-15,1.0233320979068528e-14,3.8639140071382045e-15
/Users/aswanathjs/Downloads/test10/ai_plastic_waste_management_training/PP Plastic/round_containers/0022_a05b00c2d0e0f0g0h1.jpg,3,PP Plastic,3,PP Plastic,0.9999922513961792,1.4462420949712396e-06,4.7602756580999994e-07,5.5726372920616996e-06,0.9999922513961792,2.1581551834515267e-07
"/Users/aswanathjs/Downloads/test10/ai_plastic_waste_management_training/PET Plastic/plastic_bottles/PET1,330.jpg",2,PET Plastic,2,PET Plastic,0.9905589818954468,0.008782274089753628,0.0003572290006559342,0.9905589818954468,0.00010475664748810232,0.0001967856369446963
/Users/aswanathjs/Downloads/test10/ai_plastic_waste_management_training/HDPE Plastic/shampoo_bottles/0061_a02b01c2d1e0f1g0h0.jpg,0,HDPE Plastic,0,HDPE Plastic,0.9999321699142456,0.9999321699142456,1.098182110581547e-06,5.7946399465436116e-05,2.8366113724587194e-07,8.426484782830812e-06
/Users/aswanathjs/Downloads/test10/ai_plastic_waste_management_training/LDPE Plastic/bin_bags/Image_24.png,1,LDPE Plastic,1,LDPE Plastic,0.9981264472007751,0.0010436621960252523,0.9981264472007751,0.00012368922762107104,0.000502806156873703,0.00020336468878667802
/Users/aswanathjs/Downloads/test10/ai_plastic_waste_management_training/PS Plastic/foam_containers/Image_24.png,1,LDPE Plastic,4,PS Plastic,0.7351844906806946,0.028378071263432503,0.10070809721946716,0.010150150395929813,0.1255791336297989,0.7351844906806946
/Users/aswanathjs/Downloads/test10/ai_plastic_waste_management_training/PP Plastic/square_containers/IMG_20220209_175307.jpg,3,PP Plastic,3,PP Plastic,0.9999991655349731,7.069810976645385e-07,3.452867858300124e-08,1.7788797990192506e-08,0.9999991655349731,8.708884280395068e-08
/Users/aswanathjs/Downloads/test10/ai_plastic_waste_management_training/HDPE Plastic/shampoo_bottles/0075_a02b01c1d0e0f0g0h3.jpg,0,HDPE Plastic,0,HDPE Plastic,1.0,1.0,2.2719168213392038e-10,1.985252851000041e-09,1.3294665368590586e-09,5.41890754490737e-10
/Users/aswanathjs/Downloads/test10/ai_plastic_waste_management_training/LDPE Plastic/plastic_bags/LDPE-413_jpg.rf.a64d1e5215eef21c7e395b525e6ef390.jpg,1,LDPE Plastic,1,LDPE Plastic,0.9999914169311523,4.5477859202947e-06,0.9999914169311523,5.46888031749404e-07,1.8349429637964931e-06,1.6436845271528e-06
/Users/aswanathjs/Downloads/test10/ai_plastic_waste_management_training/LDPE Plastic/bin_bags/Image_137.png,1,LDPE Plastic,1,LDPE Plastic,0.9986679553985596,0.0007125571137294173,0.9986679553985596,0.00010665899026207626,0.0004512523300945759,6.158331962069497e-05
/Users/aswanathjs/Downloads/test10/ai_plastic_waste_management_training/LDPE Plastic/bin_bags_grey/Image_137.png,1,LDPE Plastic,1,LDPE Plastic,0.9986679553985596,0.0007125571137294173,0.9986679553985596,0.00010665899026207626,0.0004512523300945759,6.158331962069497e-05
/Users/aswanathjs/Downloads/test10/ai_plastic_waste_management_training/PP Plastic/round_containers/Image_137.png,1,LDPE Plastic,3,PP Plastic,0.7761344909667969,0.012425404973328114,0.20261834561824799,0.00220890692435205,0.7761344909667969,0.006612899247556925
/Users/aswanathjs/Downloads/test10/ai_plastic_waste_management_training/PP Plastic/round_containers_grey/Image_137.png,1,LDPE Plastic,3,PP Plastic,0.7629318833351135,0.011008083820343018,0.22144454717636108,0.001480370992794633,0.7629318833351135,0.0031350692734122276
/Users/aswanathjs/Downloads/test10/ai_plastic_waste_management_training/PS Plastic/foam_containers/Image_137.png,1,LDPE Plastic,3,PP Plastic,0.45664605498313904,0.03780569136142731,0.1515687257051468,0.014490487985312939,0.45664605498313904,0.33948901295661926
/Users/aswanathjs/Downloads/test10/ai_plastic_waste_management_training/HDPE Plastic/shampoo_bottles/0065_a02b03c1d1e0f1g0h0.jpg,0,HDPE Plastic,0,HDPE Plastic,1.0,1.0,1.8799977130612433e-09,1.3079971772356203e-08,2.25850840251951e-08,1.733931331848737e-09
/Users/aswanathjs/Downloads/test10/ai_plastic_waste_management_training/PET Plastic/black_white_plastic_bottles/cukvq_jpg.rf.9655df3fd824b4d510853a85f46cfb93.jpg,2,PET Plastic,2,PET Plastic,0.9998924732208252,8.735041774343699e-05,2.4326118364115246e-06,0.9998924732208252,1.704003443592228e-05,7.488724804716185e-07
"/Users/aswanathjs/Downloads/test10/ai_plastic_waste_management_training/HDPE Plastic/milk_bottles/HDPEM1,008.JPG",0,HDPE Plastic,0,HDPE Plastic,1.0,1.0,2.618444072677306e-10,3.366173784158377e-09,1.3611722859963038e-10,7.566740012343587e-10
/Users/aswanathjs/Downloads/test10/ai_plastic_waste_management_training/PET Plastic/plastic_bottles/PET649.jpg,2,PET Plastic,2,PET Plastic,0.9999948740005493,1.718626805313761e-07,4.201338470011251e-06,0.9999948740005493,4.648380240723782e-07,3.028043238373357e-07
/Users/aswanathjs/Downloads/test10/ai_plastic_waste_management_training/HDPE Plastic/shampoo_bottles/0063_a02b01c2d3e0f1g1h2.jpg,0,HDPE Plastic,0,HDPE Plastic,1.0,1.0,2.539424004410762e-09,2.363952367190336e-10,2.787545305693584e-08,1.892456191754377e-09
/Users/aswanathjs/Downloads/test10/ai_plastic_waste_management_training/HDPE Plastic/shampoo_bottles/0077_a02b01c2d1e0f1g0h1.jpg,0,HDPE Plastic,0,HDPE Plastic,1.0,1.0,5.351534255478409e-15,7.092907533014225e-14,3.0132741818362585e-15,8.168123024742541e-14
/Users/aswanathjs/Downloads/test10/ai_plastic_waste_management_training/PET Plastic/black_white_plastic_bottles/aiejc_jpg.rf.971a219c201257a70bc22ccb862396dc.jpg,2,PET Plastic,2,PET Plastic,0.9999994039535522,3.402786319384177e-07,8.004689533436249e-08,0.9999994039535522,1.3848668345417536e-07,3.247724933430618e-08
"/Users/aswanathjs/Downloads/test10/ai_plastic_waste_management_training/PET Plastic/plastic_bottles/PET1,314.jpg",2,PET Plastic,2,PET Plastic,0.9999130964279175,8.576909021940082e-05,7.122923761926359e-08,0.9999130964279175,7.671673074582941e-07,3.2020241746977263e-07
/Users/aswanathjs/Downloads/test10/ai_plastic_waste_management_training/PET Plastic/black_white_plastic_bottles/bphik_jpg.rf.bbc19cde3cb6f66a2f65c778f45bec29.jpg,2,PET Plastic,2,PET Plastic,0.9999934434890747,2.0730774394905893e-06,1.194500896417594e-06,0.9999934434890747,2.83094641417847e-06,4.258535568624211e-07
/Users/aswanathjs/Downloads/test10/ai_plastic_waste_management_training/HDPE Plastic/shampoo_bottles/0099_a02b01c2d1e0f1g0h2.jpg,0,HDPE Plastic,0,HDPE Plastic,1.0,1.0,1.0419956564255983e-11,6.049701017918352e-11,1.5851464585381336e-10,7.346252078876958e-11
/Users/aswanathjs/Downloads/test10/ai_plastic_waste_management_training/PP Plastic/round_containers/pinkbowl.jpg,3,PP Plastic,3,PP Plastic,0.9998776912689209,0.00010775534610729665,1.397000869474141e-05,2.9333614293136634e-07,0.9998776912689209,3.2624481605125766e-07
/Users/aswanathjs/Downloads/test10/ai_plastic_waste_management_training/LDPE Plastic/plastic_bags/LDPE-363_jpg.rf.f58cfd1370673dadec035fc1190ded87.jpg,1,LDPE Plastic,1,LDPE Plastic,0.9999994039535522,3.023138717139773e-08,0.9999994039535522,6.792921425358145e-08,1.1603826521877636e-07,3.6717145235343196e-07
/Users/aswanathjs/Downloads/test10/ai_plastic_waste_management_training/HDPE Plastic/detergent_bottles/0039_a02b01c1d1e0f1g0h4.jpg,0,HDPE Plastic,0,HDPE Plastic,1.0,1.0,5.460882180480242e-12,9.81745587602667e-12,7.61063642662485e-11,1.3179774112359599e-11
/Users/aswanathjs/Downloads/test10/ai_plastic_waste_management_training/PP Plastic/irregular_containers/train_PP-90_jpg.rf.66887877c30083ca48a73bc09c1b65e6.jpg,3,PP Plastic,3,PP Plastic,0.9999994039535522,1.1810373512499694e-10,6.227822382243176e-07,9.438250181403873e-09,0.9999994039535522,8.544109864061511e-11
/Users/aswanathjs/Downloads/test10/ai_plastic_waste_management_training/PS Plastic/foam_sheets/PS-836_jpg.rf.12ea34b3982e990003a609514a76ba6d.jpg,4,PS Plastic,4,PS Plastic,1.0,3.2533687743807604e-08,2.5301076789219223e-09,6.839123156687776e-10,1.229895629784039e-09,1.0
/Users/aswanathjs/Downloads/test10/ai_plastic_waste_management_training/HDPE Plastic/shampoo_bottles/0099_a02b01c1d0e0f1g0h4.jpg,0,HDPE Plastic,0,HDPE Plastic,0.9997963309288025,0.9997963309288025,4.7047092266438995e-06,0.0001581493124831468,2.276115628774278e-05,1.8125207134289667e-05
/Users/aswanathjs/Downloads/test10/ai_plastic_waste_management_training/PP Plastic/square_containers_grey/IMG_20220209_173141.jpg,3,PP Plastic,3,PP Plastic,0.9999995231628418,4.3674984340213996e-07,1.5242786588487434e-08,2.0956973045827e-08,0.9999995231628418,4.762253702494945e-09
/Users/aswanathjs/Downloads/test10/ai_plastic_waste_management_training/PP Plastic/square_containers/IMG_20220209_173141.jpg,3,PP Plastic,3,PP Plastic,0.9999964237213135,1.98275301954709e-06,9.189362799588707e-07,2.4473192183904757e-07,0.9999964237213135,4.4915876173945435e-07
/Users/aswanathjs/Downloads/test10/ai_plastic_waste_management_training/LDPE Plastic/bin_bags/Image_46.png,1,LDPE Plastic,1,LDPE Plastic,0.9957253932952881,0.001068937941454351,0.9957253932952881,4.4979700760450214e-05,0.0029132787603884935,0.00024746247800067067
/Users/aswanathjs/Downloads/test10/ai_plastic_waste_management_training/LDPE Plastic/bin_bags_grey/Image_46.png,1,LDPE Plastic,1,LDPE Plastic,0.998975396156311,0.0006535984575748444,0.998975396156311,6.665565888397396e-05,0.0002412889152765274,6.307045987341553e-05
/Users/aswanathjs/Downloads/test10/ai_plastic_waste_management_training/PS Plastic/foam_containers/Image_46.png,1,LDPE Plastic,4,PS Plastic,0.49339205026626587,0.006528077647089958,0.40243518352508545,0.0011103632859885693,0.09653433412313461,0.49339205026626587
/Users/aswanathjs/Downloads/test10/ai_plastic_waste_management_training/PET Plastic/plastic_bottles/PET533.jpg,2,PET Plastic,2,PET Plastic,0.9998216032981873,0.00014117569662630558,4.226456439937465e-06,0.9998216032981873,9.210956704919226e-06,2.3813245206838474e-05
/Users/aswanathjs/Downloads/test10/ai_plastic_waste_management_training/PP Plastic/round_containers/IMG_20220209_174805.jpg,3,PP Plastic,3,PP Plastic,0.9998857975006104,8.215826528612524e-05,2.396927993686404e-05,1.232647832694056e-06,0.9998857975006104,6.782338004995836e-06
/Users/aswanathjs/Downloads/test10/ai_plastic_waste_management_training/PET Plastic/shampoo_bottles/0015_a05b00c1d1e1f1g0h2.jpg,2,PET Plastic,2,PET Plastic,1.0,1.2441542018848395e-08,1.0019880758438404e-10,1.0,1.875479459234608e-11,2.9727903472220873e-10
/Users/aswanathjs/Downloads/test10/ai_plastic_waste_management_training/HDPE Plastic/detergent_bottles/0096_a02b04c1d0e0f0g0h3.jpg,0,HDPE Plastic,0,HDPE Plastic,0.9999998807907104,0.9999998807907104,4.0419379843115166e-08,3.486389132945078e-08,4.3574090113907005e-08,2.6413951914605605e-08
/Users/aswanathjs/Downloads/test10/ai_plastic_waste_management_training/HDPE Plastic/milk_bottles/HDPEM323.jpg,0,HDPE Plastic,0,HDPE Plastic,0.9975201487541199,0.9975201487541199,3.432205630815588e-06,0.0021691680885851383,0.00030303874518722296,4.193524091533618e-06
/Users/aswanathjs/Downloads/test10/ai_plastic_waste_management_training/PP Plastic/round_containers/Image_124.png,3,PP Plastic,3,PP Plastic,0.7489118576049805,0.013803624548017979,0.20846891403198242,0.002967945532873273,0.7489118576049805,0.02584768272936344
/Users/aswanathjs/Downloads/test10/ai_plastic_waste_management_training/PS Plastic/foam_containers/Image_124.png,3,PP Plastic,3,PP Plastic,0.5065727829933167,0.029870465397834778,0.11255090683698654,0.007890591397881508,0.5065727829933167,0.34311532974243164
/Users/aswanathjs/Downloads/test10/ai_plastic_waste_management_training/PET Plastic/plastic_bottles/PET588.jpg,2,PET Plastic,2,PET Plastic,1.0,1.8928768275028318e-11,3.870855719290134e-11,1.0,2.5171820183800264e-10,1.4453906821421114e-11
/Users/aswanathjs/Downloads/test10/ai_plastic_waste_management_training/PS Plastic/foam_containers/Image_215.png,4,PS Plastic,4,PS Plastic,0.6832120418548584,0.04206237569451332,0.11710565537214279,0.010168010368943214,0.14745187759399414,0.6832120418548584
/Users/aswanathjs/Downloads/test10/ai_plastic_waste_management_training/HDPE Plastic/milk_bottles/HDPEM88.jpg,0,HDPE Plastic,0,HDPE Plastic,1.0,1.0,4.195337965917645e-10,1.0411508988283913e-08,2.5260488811795767e-08,1.570312235799065e-08
/Users/aswanathjs/Downloads/test10/ai_plastic_waste_management_training/LDPE Plastic/plastic_bags/LDPE-244_jpg.rf.77fcf0073ec3b7909b8ec01bc9b72506.jpg,1,LDPE Plastic,1,LDPE Plastic,0.9999325275421143,1.10928476715344e-05,0.9999325275421143,3.062472615056322e-06,5.0307287892792374e-05,3.0391386189876357e-06
/Users/aswanathjs/Downloads/test10/ai_plastic_waste_management_training/LDPE Plastic/plastic_bags/plasticbag (176).jpg,1,LDPE Plastic,1,LDPE Plastic,0.998007595539093,0.000292827287921682,0.998007595539093,7.693371117056813e-06,0.0005123289301991463,0.001179615268483758
/Users/aswanathjs/Downloads/test10/ai_plastic_waste_management_training/PET Plastic/plastic_bottles/PET320.jpg,2,PET Plastic,2,PET Plastic,0.9999986886978149,1.184953816846246e-06,3.425283523483813e-08,0.9999986886978149,3.8115643974379054e-08,1.8619248365325802e-08
/Users/aswanathjs/Downloads/test10/ai_plastic_waste_management_training/PP Plastic/round_containers/IMG_20220209_174251.jpg,3,PP Plastic,3,PP Plastic,0.9855543375015259,0.009713212959468365,0.003466676687821746,0.000433389563113451,0.9855543375015259,0.0008324008085764945
/Users/aswanathjs/Downloads/test10/ai_plastic_waste_management_training/PP Plastic/rectangle_containers/0011_a05b00c2d0e0f0g0h4.jpg,3,PP Plastic,3,PP Plastic,0.9999954700469971,2.0808761291846167e-06,9.66610627983755e-07,8.208574513446365e-07,0.9999954700469971,6.192677233229915e-07
/Users/aswanathjs/Downloads/test10/ai_plastic_waste_management_training/PP Plastic/square_containers/0011_a05b00c2d0e0f0g0h4.jpg,3,PP Plastic,3,PP Plastic,0.9999954700469971,2.0808761291846167e-06,9.66610627983755e-07,8.208574513446365e-07,0.9999954700469971,6.192677233229915e-07
/Users/aswanathjs/Downloads/test10/ai_plastic_waste_management_training/PET Plastic/black_white_plastic_bottles/csvro_jpg.rf.c2e4f469716521a4c9aebc64cb816761.jpg,2,PET Plastic,2,PET Plastic,0.9997602105140686,0.00012860735296271741,1.160982901637908e-05,0.9997602105140686,8.95500706974417e-05,9.969013262889348e-06
/Users/aswanathjs/Downloads/test10/ai_plastic_waste_management_training/PS Plastic/foam_sheets/PS-894_jpg.rf.587d199173e494fb5b6c552a69b22e4e.jpg,4,PS Plastic,4,PS Plastic,1.0,2.3281041094946886e-08,9.637615150381862e-09,1.1498531016229663e-09,7.762793075016816e-09,1.0
/Users/aswanathjs/Downloads/test10/ai_plastic_waste_management_training/PS Plastic/foam_sheets/PS-626_jpg.rf.f05c771b66590b7222eda1a9af293cab.jpg,4,PS Plastic,4,PS Plastic,0.999997615814209,1.0912254992945236e-06,1.147495822806377e-06,1.2022998419070063e-07,5.211235531987768e-08,0.999997615814209
/Users/aswanathjs/Downloads/test10/ai_plastic_waste_management_training/PP Plastic/square_containers/Image_179.png,3,PP Plastic,3,PP Plastic,0.9936237335205078,0.0032374116126447916,4.451164568308741e-05,3.3501757570775226e-05,0.9936237335205078,0.0030607774388045073
/Users/aswanathjs/Downloads/test10/ai_plastic_waste_management_training/PS Plastic/foam_containers/Image_179.png,3,PP Plastic,4,PS Plastic,0.6164440512657166,0.04807928949594498,0.2281373292207718,0.011974770575761795,0.0953645259141922,0.6164440512657166
/Users/aswanathjs/Downloads/test10/ai_plastic_waste_management_training/LDPE Plastic/plastic_bags_grey/plasticbag (166).jpg,1,LDPE Plastic,1,LDPE Plastic,0.999413013458252,2.300941378052812e-05,0.999413013458252,0.00023433950264006853,0.00022749164781998843,0.00010220940021099523
/Users/aswanathjs/Downloads/test10/ai_plastic_waste_management_training/LDPE Plastic/plastic_bags/plasticbag (166).jpg,1,LDPE Plastic,1,LDPE Plastic,0.9978386759757996,0.00029886531410738826,0.9978386759757996,0.00032640949939377606,0.0006744418642483652,0.0008615739061497152
/Users/aswanathjs/Downloads/test10/ai_plastic_waste_management_training/LDPE Plastic/bin_bags/LDPE256-Photoroom_0_9606_jpg.rf.14b4f74f05798c27f3104ef60cb014ef.jpg,1,LDPE Plastic,1,LDPE Plastic,0.8710142970085144,0.051389507949352264,0.8710142970085144,0.007881228812038898,0.05622963607311249,0.013485359959304333
/Users/aswanathjs/Downloads/test10/ai_plastic_waste_management_training/LDPE Plastic/bin_bags/LDPE256-Photoroom_0_9606_jpg.rf.3fe500898222ea198e0459b907365021.jpg,1,LDPE Plastic,1,LDPE Plastic,0.9056172966957092,0.030828457325696945,0.9056172966957092,0.007033997680991888,0.0368850938975811,0.019635148346424103
/Users/aswanathjs/Downloads/test10/ai_plastic_waste_management_training/LDPE Plastic/bin_bags_grey/LDPE256-Photoroom_0_9606_jpg.rf.14b4f74f05798c27f3104ef60cb014ef.jpg,1,LDPE Plastic,1,LDPE Plastic,0.8756582140922546,0.050759363919496536,0.8756582140922546,0.006901137996464968,0.05494905635714531,0.011732124723494053
/Users/aswanathjs/Downloads/test10/ai_plastic_waste_management_training/LDPE Plastic/plastic_bags/LDPE-294_jpg.rf.577a262b887e6b6bab1762bc740401f2.jpg,1,LDPE Plastic,1,LDPE Plastic,0.9999650716781616,1.0003773240896408e-05,0.9999650716781616,1.2861059076385573e-05,1.0325422408641316e-05,1.7171872741528205e-06
/Users/aswanathjs/Downloads/test10/ai_plastic_waste_management_training/PET Plastic/plastic_bottles/PET540.jpg,2,PET Plastic,2,PET Plastic,0.9999996423721313,1.1302461189188762e-07,4.149280030674163e-08,0.9999996423721313,5.0935391016082576e-08,1.2568646923227789e-07
/Users/aswanathjs/Downloads/test10/ai_plastic_waste_management_training/LDPE Plastic/plastic_bags/plasticbag (205).jpg,1,LDPE Plastic,1,LDPE Plastic,0.9950281977653503,9.628904808778316e-05,0.9950281977653503,2.4087382826110115e-06,3.588097752071917e-05,0.004837323445826769
/Users/aswanathjs/Downloads/test10/ai_plastic_waste_management_training/HDPE Plastic/milk_bottles/HDPEM204.jpg,0,HDPE Plastic,0,HDPE Plastic,0.9999979734420776,0.9999979734420776,9.627110841847752e-08,2.5631538846937474e-07,8.190097133820018e-08,1.6464501868540538e-06
/Users/aswanathjs/Downloads/test10/ai_plastic_waste_management_training/HDPE Plastic/milk_bottles/HDPEM292.jpg,0,HDPE Plastic,0,HDPE Plastic,1.0,1.0,1.5668574077087882e-11,3.939738490998934e-08,1.3157419598286424e-11,3.806712167708781e-10
/Users/aswanathjs/Downloads/test10/ai_plastic_waste_management_training/PET Plastic/plastic_bottles/PET847.jpg,2,PET Plastic,2,PET Plastic,1.0,2.3343056376745608e-09,2.019813899467593e-10,1.0,6.013507747315572e-11,3.273994686470161e-10
/Users/aswanathjs/Downloads/test10/ai_plastic_waste_management_training/PP Plastic/round_containers/IMG_20220209_174356.jpg,3,PP Plastic,3,PP Plastic,0.9999988079071045,1.8361477316375385e-07,7.23259603319093e-08,7.973162041707837e-07,0.9999988079071045,7.411459534978349e-08
/Users/aswanathjs/Downloads/test10/ai_plastic_waste_management_training/PP Plastic/round_containers/0044_a06b01c1d0e0f0g0h4.jpg,3,PP Plastic,3,PP Plastic,0.9989029169082642,0.0004186833102721721,3.212188312318176e-05,0.000574460020288825,0.9989029169082642,7.176426152000204e-05
/Users/aswanathjs/Downloads/test10/ai_plastic_waste_management_training/HDPE Plastic/shampoo_bottles/0065_a02b03c1d1e0f1g0h3.jpg,0,HDPE Plastic,0,HDPE Plastic,1.0,1.0,8.47264550185578e-11,3.4578544888530516e-11,2.5062354969129785e-10,8.776830651147094e-11
/Users/aswanathjs/Downloads/test10/ai_plastic_waste_management_training/PS Plastic/foam_sheets/PS-750_jpg.rf.a83b96b3cdc323c2f17212bcca8e8ac6.jpg,4,PS Plastic,4,PS Plastic,0.9999953508377075,4.245164745952934e-06,6.888164705287636e-08,8.030470866060568e-08,1.3412771693310788e-07,0.9999953508377075
/Users/aswanathjs/Downloads/test10/ai_plastic_waste_management_training/LDPE Plastic/plastic_bags/plasticbag (26).jpg,1,LDPE Plastic,1,LDPE Plastic,0.9997491240501404,4.088384230271913e-05,0.9997491240501404,3.3549437716828834e-07,0.0001849853142630309,2.4696671971469186e-05
/Users/aswanathjs/Downloads/test10/ai_plastic_waste_management_training/LDPE Plastic/plastic_bags/LDPE-68_jpg.rf.fa587dd4862cb9c0ef6618636e7f9cd8.jpg,1,LDPE Plastic,1,LDPE Plastic,0.9999246597290039,2.137761293852236e-05,0.9999246597290039,1.1045808605558705e-06,4.097948476555757e-05,1.1817103768407833e-05
/Users/aswanathjs/Downloads/test10/ai_plastic_waste_management_training/LDPE Plastic/plastic_bags/LDPE-68_jpg.rf.bab23514005b35e67614029f4e48a73a.jpg,1,LDPE Plastic,1,LDPE Plastic,0.9999982118606567,1.5659853147553804e-07,0.9999982118606567,1.294569216270247e-07,7.407585940200079e-07,7.305968665605178e-07
"/Users/aswanathjs/Downloads/test10/ai_plastic_waste_management_training/PET Plastic/plastic_bottles/PET1,357.jpg",2,PET Plastic,2,PET Plastic,0.9999496936798096,3.243494938942604e-05,1.3919844832344097e-06,0.9999496936798096,1.4941798326617572e-05,1.5268142306013033e-06
/Users/aswanathjs/Downloads/test10/ai_plastic_waste_management_training/HDPE Plastic/shampoo_bottles/0099_a02b01c2d2e0f1g0h3.jpg,0,HDPE Plastic,0,HDPE Plastic,0.9999998807907104,0.9999998807907104,1.1195212756831552e-08,1.5216155446751145e-08,1.1353605344766038e-07,2.8099652382707063e-08
/Users/aswanathjs/Downloads/test10/ai_plastic_waste_management_training/LDPE Plastic/plastic_bags/LDPE-52_jpg.rf.b5507c8199364780355006e92e1b0f1b.jpg,1,LDPE Plastic,1,LDPE Plastic,0.9999486207962036,3.100308094872162e-05,0.9999486207962036,3.1257313821697608e-06,1.5553941921098158e-05,1.7507297798147192e-06
/Users/aswanathjs/Downloads/test10/ai_plastic_waste_management_training/LDPE Plastic/plastic_bags/LDPE-52_jpg.rf.30a88492708fea24fd79e398b613ee19.jpg,1,LDPE Plastic,1,LDPE Plastic,0.9944175481796265,1.9131935005134437e-06,0.9944175481796265,0.005529585760086775,4.637896563508548e-05,4.561820787785109e-06
/Users/aswanathjs/Downloads/test10/ai_plastic_waste_management_training/LDPE Plastic/plastic_bags/plasticbag (134).jpg,1,LDPE Plastic,1,LDPE Plastic,0.9999964237213135,3.2285904580930946e-06,0.9999964237213135,1.7006549057896336e-08,1.5251923457526573e-07,2.5300067818534444e-07
/Users/aswanathjs/Downloads/test10/ai_plastic_waste_management_training/PS Plastic/foam_sheets/PS-505_jpg.rf.ea1f2db3cc1b57ba0a1742051464aeec.jpg,4,PS Plastic,4,PS Plastic,0.9999946355819702,5.1194119805586524e-06,5.220392651494876e-08,6.664757279395417e-08,1.0129327598917826e-08,0.9999946355819702
"/Users/aswanathjs/Downloads/test10/ai_plastic_waste_management_training/PET Plastic/plastic_bottles/PET1,058.jpg",2,PET Plastic,2,PET Plastic,0.9999556541442871,1.2585702279466204e-05,9.278178367821965e-06,0.9999556541442871,2.0606437828973867e-05,1.879537080640148e-06
/Users/aswanathjs/Downloads/test10/ai_plastic_waste_management_training/PS Plastic/foam_containers/Image_6.png,4,PS Plastic,4,PS Plastic,0.5445131659507751,0.016901634633541107,0.2634076476097107,0.006784690078347921,0.1683928370475769,0.5445131659507751
/Users/aswanathjs/Downloads/test10/ai_plastic_waste_management_training/HDPE Plastic/shampoo_bottles/0078_a02b07c2d1e0f1g0h1.jpg,0,HDPE Plastic,0,HDPE Plastic,1.0,1.0,2.219717465390403e-12,1.2806336546766772e-10,1.3847050242543624e-11,3.133290285214918e-12
/Users/aswanathjs/Downloads/test10/ai_plastic_waste_management_training/PP Plastic/round_containers/0095_a05b01c2d1e0f0g0h3.jpg,3,PP Plastic,3,PP Plastic,1.0,2.841397162001158e-08,2.8295154663737776e-08,1.840621344229021e-08,1.0,3.4234837187341327e-09
/Users/aswanathjs/Downloads/test10/ai_plastic_waste_management_training/PS Plastic/foam_containers/styrofoam-63-_jpg.rf.192a817bf8aec5e5e8590fa960ff4ca8.jpg,4,PS Plastic,4,PS Plastic,0.9267440438270569,0.01988471858203411,0.001675437786616385,5.9136120398761705e-05,0.05163680762052536,0.9267440438270569
/Users/aswanathjs/Downloads/test10/ai_plastic_waste_management_training/PP Plastic/square_containers/Image_207.png,3,PP Plastic,3,PP Plastic,0.9934926629066467,0.0006161776254884899,0.005525082815438509,1.1985126548097469e-05,0.9934926629066467,0.000354081072146073
/Users/aswanathjs/Downloads/test10/ai_plastic_waste_management_training/PS Plastic/foam_containers/Image_207.png,3,PP Plastic,4,PS Plastic,0.41098788380622864,0.038886718451976776,0.3167682886123657,0.007080904208123684,0.226276233792305,0.41098788380622864
/Users/aswanathjs/Downloads/test10/ai_plastic_waste_management_training/PS Plastic/foam_containers/Image_121.png,4,PS Plastic,3,PP Plastic,0.8198928236961365,0.01187528669834137,0.05617867782711983,0.0038934149779379368,0.8198928236961365,0.10815974324941635
/Users/aswanathjs/Downloads/test10/ai_plastic_waste_management_training/PET Plastic/black_white_plastic_bottles/bftlq_jpg.rf.0b388b8d728f0f3f82b960995fd1f15a.jpg,2,PET Plastic,2,PET Plastic,1.0,2.964396195181962e-08,2.155712586215941e-08,1.0,9.204683237840072e-09,6.976716537820948e-09
/Users/aswanathjs/Downloads/test10/ai_plastic_waste_management_training/LDPE Plastic/plastic_bags/train_LDPE-11_jpg.rf.54c3b09f961c1ccf895add7400657f05.jpg,1,LDPE Plastic,1,LDPE Plastic,0.9997949004173279,0.00014498674136120826,0.9997949004173279,3.619274593802402e-06,1.342739869869547e-05,4.302820161683485e-05
/Users/aswanathjs/Downloads/test10/ai_plastic_waste_management_training/HDPE Plastic/milk_bottles/HDPEM78.jpg,0,HDPE Plastic,0,HDPE Plastic,1.0,1.0,8.126598005642194e-11,3.9464076451167784e-09,4.741138592834204e-09,8.618936675475197e-10
/Users/aswanathjs/Downloads/test10/ai_plastic_waste_management_training/PS Plastic/foam_containers/Image_63.png,4,PS Plastic,4,PS Plastic,0.4650699496269226,0.0823352187871933,0.36274999380111694,0.01453094370663166,0.07531384378671646,0.4650699496269226
/Users/aswanathjs/Downloads/test10/ai_plastic_waste_management_training/PP Plastic/round_containers/0022_a05b00c1d2e0f0g0h2.jpg,3,PP Plastic,3,PP Plastic,0.999994158744812,2.540304649301106e-06,2.1924256543570664e-07,3.073302423217683e-06,0.999994158744812,4.584389756701057e-08
/Users/aswanathjs/Downloads/test10/ai_plastic_waste_management_training/LDPE Plastic/plastic_bags/train_LDPE-20_jpg.rf.5e4f85dee74ddcdd87f6fc4ecd270f62.jpg,1,LDPE Plastic,1,LDPE Plastic,0.9999996423721313,1.4423629401960625e-08,0.9999996423721313,1.8310963412204728e-08,2.9149023195174095e-09,3.259820005041547e-07
/Users/aswanathjs/Downloads/test10/ai_plastic_waste_management_training/LDPE Plastic/black_white__plastic_bags/0243_jpg.rf.b3f171135eadcd3fce708c2615f56df5.jpg,1,LDPE Plastic,1,LDPE Plastic,0.9999990463256836,2.0182264393042715e-07,0.9999990463256836,5.968315619497844e-09,2.7299064342400925e-08,6.939966965546773e-07
"/Users/aswanathjs/Downloads/test10/ai_plastic_waste_management_training/PET Plastic/plastic_bottles/PET1,133.jpg",2,PET Plastic,2,PET Plastic,1.0,6.732889801241981e-09,5.6292137173841184e-08,1.0,1.6048482542885267e-09,3.6826455773741884e-10
/Users/aswanathjs/Downloads/test10/ai_plastic_waste_management_training/LDPE Plastic/plastic_bags/plasticbag (146).jpg,1,LDPE Plastic,1,LDPE Plastic,0.9999986886978149,6.777939915991738e-07,0.9999986886978149,4.514366214181109e-09,5.660828961140396e-08,6.121309183981793e-07
/Users/aswanathjs/Downloads/test10/ai_plastic_waste_management_training/PET Plastic/black_white_plastic_bottles/afbns_jpg.rf.8355bb9d48346b529afc5884c8c8c171.jpg,2,PET Plastic,2,PET Plastic,0.9999980926513672,4.4827498868471594e-07,2.481739045379072e-07,0.9999980926513672,7.065307272569044e-07,4.469567898013338e-07
/Users/aswanathjs/Downloads/test10/ai_plastic_waste_management_training/PET Plastic/shampoo_bottles/0050_a05b00c1d3e1f1g0h3.jpg,2,PET Plastic,2,PET Plastic,0.9999997615814209,1.1389217746682334e-07,9.483388652142821e-08,0.9999997615814209,8.119880767765153e-09,3.529394554391274e-09
/Users/aswanathjs/Downloads/test10/ai_plastic_waste_management_training/PP Plastic/round_containers/0031_a05b01c2d0e0f0g0h0.jpg,3,PP Plastic,3,PP Plastic,0.6340100169181824,0.365829735994339,0.00012831241474486887,5.986480118735926e-06,0.6340100169181824,2.5974242817028426e-05
/Users/aswanathjs/Downloads/test10/ai_plastic_waste_management_training/PP Plastic/round_containers_grey/0031_a05b01c2d0e0f0g0h0.jpg,3,PP Plastic,3,PP Plastic,0.6912088990211487,0.30750682950019836,0.0003339188697282225,0.0007294797687791288,0.6912088990211487,0.0002209502417827025
/Users/aswanathjs/Downloads/test10/ai_plastic_waste_management_training/PET Plastic/plastic_bottles/PET343.jpg,2,PET Plastic,2,PET Plastic,0.9996458292007446,0.0002582338929641992,8.17073214420816e-06,0.9996458292007446,2.2823360268375836e-06,8.543086005374789e-05
/Users/aswanathjs/Downloads/test10/ai_plastic_waste_management_training/LDPE Plastic/plastic_bags/LDPE-204_jpg.rf.19572998f43cf7f675bfd568cf658c55.jpg,1,LDPE Plastic,1,LDPE Plastic,0.9999881982803345,7.92982348229998e-07,0.9999881982803345,2.6780596726894146e-06,7.707036274950951e-06,6.360390898407786e-07
/Users/aswanathjs/Downloads/test10/ai_plastic_waste_management_training/LDPE Plastic/bubble_wrap/test_LDPE-73_jpg.rf.13066b3e71ab4d3c938ea5f2585cb2f5.jpg,1,LDPE Plastic,1,LDPE Plastic,0.9999942779541016,3.1021045288071036e-06,0.9999942779541016,2.1933449261268834e-06,3.1101689046408865e-07,4.195982228338835e-08
/Users/aswanathjs/Downloads/test10/ai_plastic_waste_management_training/PP Plastic/round_containers/0032_a05b01c2d3e0f0g0h1.jpg,3,PP Plastic,3,PP Plastic,0.9999567270278931,1.0289349120284896e-05,6.262278020585654e-07,3.135222505079582e-05,0.9999567270278931,1.034568526847579e-06
/Users/aswanathjs/Downloads/test10/ai_plastic_waste_management_training/PET Plastic/plastic_bottles/PET857.jpg,2,PET Plastic,2,PET Plastic,1.0,6.012252473652779e-09,1.0648855131023538e-09,1.0,7.017993408631185e-10,1.938628368947093e-09
/Users/aswanathjs/Downloads/test10/ai_plastic_waste_management_training/PP Plastic/round_containers/IMG_20220209_173358.jpg,3,PP Plastic,3,PP Plastic,1.0,2.4620829819355095e-09,1.2685229533460074e-09,3.854274122083723e-10,1.0,1.479588812580701e-10
/Users/aswanathjs/Downloads/test10/ai_plastic_waste_management_training/LDPE Plastic/bubble_wrap/LDPE-92_jpg.rf.02d5d90f1edb1da1849c6ee37a1d3e93.jpg,1,LDPE Plastic,1,LDPE Plastic,0.9999995231628418,6.247307737794472e-08,0.9999995231628418,6.494759929864813e-08,2.1393938709479698e-07,5.378863932037348e-08
/Users/aswanathjs/Downloads/test10/ai_plastic_waste_management_training/LDPE Plastic/bubble_wrap/LDPE-92_jpg.rf.d573c4bf002d71badbb12a9df5865050.jpg,1,LDPE Plastic,1,LDPE Plastic,0.9999964237213135,1.081211394193815e-06,0.9999964237213135,2.498126718819549e-07,2.0069978745596018e-06,2.6175399625572027e-07
/Users/aswanathjs/Downloads/test10/ai_plastic_waste_management_training/PP Plastic/round_containers/IMG_20220209_174114.jpg,3,PP Plastic,3,PP Plastic,0.9999853372573853,5.834182502439944e-06,2.9693298984057037e-06,5.609212621493498e-06,0.9999853372573853,2.579359090759681e-07
/Users/aswanathjs/Downloads/test10/ai_plastic_waste_management_training/HDPE Plastic/detergent_bottles/0098_a02b03c1d1e0f0g0h3.jpg,0,HDPE Plastic,0,HDPE Plastic,1.0,1.0,6.415552533667324e-10,3.2053160126110924e-10,2.3556088191156732e-09,3.9738845547532264e-10
/Users/aswanathjs/Downloads/test10/ai_plastic_waste_management_training/HDPE Plastic/detergent_botteles_grey/0098_a02b03c1d1e0f0g0h3.jpg,0,HDPE Plastic,0,HDPE Plastic,0.9999905824661255,0.9999905824661255,7.981902427900422e-08,1.8632822218478395e-07,8.926537702791393e-06,9.276280366066203e-08
/Users/aswanathjs/Downloads/test10/ai_plastic_waste_management_training/HDPE Plastic/detergent_bottles/IMG_20220209_182135.jpg,0,HDPE Plastic,0,HDPE Plastic,0.9999444484710693,0.9999444484710693,1.7510261614006595e-06,2.6388082915218547e-05,2.6436924599693157e-05,1.0403228998256964e-06
/Users/aswanathjs/Downloads/test10/ai_plastic_waste_management_training/PP Plastic/round_containers/0009_a06b01c2d1e0f0g0h2.jpg,3,PP Plastic,3,PP Plastic,0.999373733997345,0.0006130865076556802,5.307351329975063e-06,1.2378887959130225e-06,0.999373733997345,6.598394065804314e-06
/Users/aswanathjs/Downloads/test10/ai_plastic_waste_management_training/LDPE Plastic/plastic_bags/plasticbag (41).jpg,1,LDPE Plastic,1,LDPE Plastic,1.0,1.5282661247617568e-10,1.0,3.9303751919739227e-10,2.216718995862177e-11,1.7053951306689186e-10
/Users/aswanathjs/Downloads/test10/ai_plastic_waste_management_training/PP Plastic/irregular_containers/train_PP-70_jpg.rf.73ca74c241a9196b80947d922f8c8789.jpg,3,PP Plastic,3,PP Plastic,0.9999762773513794,2.522807562854723e-07,7.871311026974581e-06,1.549350781715475e-05,0.9999762773513794,1.0856401644332436e-07
/Users/aswanathjs/Downloads/test10/ai_plastic_waste_management_training/PS Plastic/foam_sheets/PS-599_jpg.rf.518bc33058b75c11e511991cddea74c5.jpg,4,PS Plastic,4,PS Plastic,0.9999972581863403,2.493422016414115e-06,7.100491217215676e-08,6.405771557638218e-08,1.0667126737473609e-08,0.9999972581863403
/Users/aswanathjs/Downloads/test10/ai_plastic_waste_management_training/PP Plastic/round_containers/0031_a05b01c1d3e0f0g0h1.jpg,3,PP Plastic,3,PP Plastic,0.9995478987693787,0.0004119546210858971,2.690097244339995e-05,1.3417329682852142e-06,0.9995478987693787,1.1831851224997081e-05
/Users/aswanathjs/Downloads/test10/ai_plastic_waste_management_training/HDPE Plastic/milk_bottles/HDPEM257.jpg,0,HDPE Plastic,0,HDPE Plastic,0.9999104738235474,0.9999104738235474,2.314743824172183e-06,5.5746240832377225e-05,1.9683055143104866e-05,1.1673797416733578e-05
/Users/aswanathjs/Downloads/test10/ai_plastic_waste_management_training/HDPE Plastic/detergent_bottles/0098_a02b03c1d2e0f0g0h0.jpg,0,HDPE Plastic,0,HDPE Plastic,1.0,1.0,9.695823699473749e-09,1.3065928339273114e-09,3.488571209686597e-08,4.132266973044807e-09
/Users/aswanathjs/Downloads/test10/ai_plastic_waste_management_training/PP Plastic/rectangle_containers/0011_a05b00c2d1e0f0g0h2.jpg,3,PP Plastic,3,PP Plastic,0.9999998807907104,5.4960757722710696e-08,4.478729920265323e-08,3.312552721013162e-08,0.9999998807907104,2.1269137562285323e-09
/Users/aswanathjs/Downloads/test10/ai_plastic_waste_management_training/PP Plastic/square_containers/0011_a05b00c2d1e0f0g0h2.jpg,3,PP Plastic,3,PP Plastic,0.9999998807907104,5.4960757722710696e-08,4.478729920265323e-08,3.312552721013162e-08,0.9999998807907104,2.1269137562285323e-09
/Users/aswanathjs/Downloads/test10/ai_plastic_waste_management_training/PET Plastic/plastic_bottles/PET964.jpg,2,PET Plastic,2,PET Plastic,1.0,4.450677604239672e-09,1.081308376171819e-09,1.0,3.872691056727717e-09,1.4671355685891285e-08
/Users/aswanathjs/Downloads/test10/ai_plastic_waste_management_training/HDPE Plastic/milk_bottles/HDPEM388.jpg,0,HDPE Plastic,0,HDPE Plastic,0.9999985694885254,0.9999985694885254,6.713434004268493e-07,7.345705910211109e-08,7.737888552128425e-09,6.517559540952789e-07
/Users/aswanathjs/Downloads/test10/ai_plastic_waste_management_training/PET Plastic/plastic_bottles/PET984.jpg,2,PET Plastic,2,PET Plastic,0.9999099969863892,8.53824894875288e-05,5.277295258565573e-07,0.9999099969863892,3.431405559695122e-07,3.759413402804057e-06
/Users/aswanathjs/Downloads/test10/ai_plastic_waste_management_training/LDPE Plastic/black_white__plastic_bags/0283_jpg.rf.37620826a664c461407a154e42787357.jpg,1,LDPE Plastic,1,LDPE Plastic,0.9999997615814209,1.1686245215969393e-07,0.9999997615814209,6.233162319624341e-10,5.397062352585635e-09,7.47087653962808e-08
/Users/aswanathjs/Downloads/test10/ai_plastic_waste_management_training/PP Plastic/irregular_containers/train_PP-76_jpg.rf.3814f40c819ebb410cfa752673e60d72.jpg,3,PP Plastic,3,PP Plastic,1.0,2.2473710392656443e-11,3.7030101207591315e-09,9.131727374267484e-09,1.0,4.576674976497497e-12
/Users/aswanathjs/Downloads/test10/ai_plastic_waste_management_training/LDPE Plastic/plastic_bags/plasticbag (181).jpg,1,LDPE Plastic,1,LDPE Plastic,0.9355579018592834,0.006182945799082518,0.9355579018592834,0.0003110894758719951,0.055133331567049026,0.002814741339534521
/Users/aswanathjs/Downloads/test10/ai_plastic_waste_management_training/LDPE Plastic/black_white__plastic_bags/0262_jpg.rf.f5566c2100d936ba4cd566805ac80730.jpg,1,LDPE Plastic,1,LDPE Plastic,0.999945878982544,1.0676548299670685e-05,0.999945878982544,6.193811259436188e-07,3.8431044231401756e-05,4.478898517845664e-06
/Users/aswanathjs/Downloads/test10/ai_plastic_waste_management_training/PS Plastic/foam_sheets/PS-652_jpg.rf.2c1909f53de7a59439116026bf6915cd.jpg,4,PS Plastic,4,PS Plastic,0.9999951124191284,4.023258952656761e-06,5.661302111548139e-07,1.0921488780013533e-07,1.577529786800369e-07,0.9999951124191284
/Users/aswanathjs/Downloads/test10/ai_plastic_waste_management_training/LDPE Plastic/plastic_bags/plasticbag (12).jpg,1,LDPE Plastic,1,LDPE Plastic,0.38917768001556396,0.0858144760131836,0.38917768001556396,0.025196462869644165,0.3490270972251892,0.15078434348106384
/Users/aswanathjs/Downloads/test10/ai_plastic_waste_management_training/PP Plastic/irregular_containers/train_PP-88_jpg.rf.edc1eeb626fc8068aacb88b94d00a5b1.jpg,3,PP Plastic,3,PP Plastic,0.999997615814209,7.3512040899004205e-09,2.266393494210206e-06,1.5063572789131285e-07,0.999997615814209,6.2838374503826344e-09
/Users/aswanathjs/Downloads/test10/ai_plastic_waste_management_training/HDPE Plastic/shampoo_bottles/0077_a02b01c1d2e0f1g0h3.jpg,0,HDPE Plastic,0,HDPE Plastic,1.0,1.0,5.752397169711543e-11,4.161040401129412e-09,2.6175690087670844e-11,1.2601307775028658e-09
/Users/aswanathjs/Downloads/test10/ai_plastic_waste_management_training/HDPE Plastic/shampoo_bottles/0061_a02b01c2d3e0f1g0h4.jpg,0,HDPE Plastic,0,HDPE Plastic,0.9999282360076904,0.9999282360076904,5.769763902208069e-07,8.838330813887296e-07,6.485629273811355e-05,5.445992428576574e-06
/Users/aswanathjs/Downloads/test10/ai_plastic_waste_management_training/PP Plastic/round_containers/IMG_20220209_174620.jpg,3,PP Plastic,3,PP Plastic,0.9996751546859741,4.023823203169741e-05,0.0002826164709404111,1.701753490124247e-06,0.9996751546859741,2.4028534539866087e-07
/Users/aswanathjs/Downloads/test10/ai_plastic_waste_management_training/PS Plastic/foam_sheets/IMG_9365_JPG.rf.dd7f155f018bf708e40a4ccd76bc12bb.jpg,4,PS Plastic,4,PS Plastic,1.0,3.7898839882338775e-13,4.797837682701811e-10,2.4445403479234074e-09,3.4866411913872845e-16,1.0
/Users/aswanathjs/Downloads/test10/ai_plastic_waste_management_training/PS Plastic/foam_sheets/IMG_9365_JPG.rf.76775a900a45ba91c83236f2f03aaca6.jpg,4,PS Plastic,4,PS Plastic,1.0,1.300742391401044e-12,3.0005913309594234e-09,3.1282612056315884e-09,1.0506092693138725e-14,1.0
/Users/aswanathjs/Downloads/test10/ai_plastic_waste_management_training/PS Plastic/foam_sheets/IMG_9365_JPG.rf.dee467d12c869c0afc8939779ab15579.jpg,4,PS Plastic,4,PS Plastic,0.9999986886978149,1.155199935709561e-09,3.0813032481091795e-07,9.136899166151125e-07,1.1454752424366887e-10,0.9999986886978149
/Users/aswanathjs/Downloads/test10/ai_plastic_waste_management_training/PS Plastic/form_sheets_grey/IMG_9365_JPG.rf.dd7f155f018bf708e40a4ccd76bc12bb.jpg,4,PS Plastic,4,PS Plastic,0.9999996423721313,2.9217417374383103e-10,2.8392767603691027e-07,1.5883881587797077e-07,1.773876878718994e-11,0.9999996423721313
/Users/aswanathjs/Downloads/test10/ai_plastic_waste_management_training/PP Plastic/round_containers/0035_a06b01c2d0e0f0g0h0.jpg,3,PP Plastic,3,PP Plastic,0.9997758269309998,0.00011897734657395631,1.0623365596984513e-05,8.930960029829293e-05,0.9997758269309998,5.2696509555971716e-06
/Users/aswanathjs/Downloads/test10/ai_plastic_waste_management_training/PS Plastic/foam_containers/styrofoam-109-_jpg.rf.084c9ce4657426fb31988e0cef71ddeb.jpg,4,PS Plastic,4,PS Plastic,0.9998031258583069,0.00019672958296723664,2.3768242929378403e-09,7.641451560402857e-08,1.6479991815643302e-09,0.9998031258583069
/Users/aswanathjs/Downloads/test10/ai_plastic_waste_management_training/PS Plastic/foam_sheets/PS-552_jpg.rf.7bad9fad655747ea45716921a1d5977e.jpg,4,PS Plastic,4,PS Plastic,0.9999998807907104,1.437615253507829e-07,4.103731576776681e-09,4.244889773019622e-09,1.028245599776767e-09,0.9999998807907104
/Users/aswanathjs/Downloads/test10/ai_plastic_waste_management_training/LDPE Plastic/bin_bags/Image_47.png,1,LDPE Plastic,1,LDPE Plastic,0.9670972228050232,0.014790356159210205,0.9670972228050232,0.0026283273473381996,0.014618217013776302,0.0008658661390654743
/Users/aswanathjs/Downloads/test10/ai_plastic_waste_management_training/LDPE Plastic/bin_bags_grey/Image_47.png,1,LDPE Plastic,1,LDPE Plastic,0.967535674571991,0.016344228759407997,0.967535674571991,0.001934508210979402,0.01346774585545063,0.000717820250429213
/Users/aswanathjs/Downloads/test10/ai_plastic_waste_management_training/PP Plastic/round_containers/Image_47.png,1,LDPE Plastic,1,LDPE Plastic,0.43276649713516235,0.05889984592795372,0.43276649713516235,0.019702093675732613,0.3873469829559326,0.10128459334373474
/Users/aswanathjs/Downloads/test10/ai_plastic_waste_management_training/PS Plastic/foam_containers/Image_47.png,1,LDPE Plastic,4,PS Plastic,0.6978515386581421,0.03082852251827717,0.0933900773525238,0.006117363926023245,0.17181243002414703,0.6978515386581421
/Users/aswanathjs/Downloads/test10/ai_plastic_waste_management_training/PS Plastic/foam_sheets/PS-584_jpg.rf.992546102d4e30110544c8111f9149c4.jpg,4,PS Plastic,4,PS Plastic,0.9999982118606567,1.8113806845576619e-06,3.203528819994972e-08,2.515980312978172e-08,8.837953480167471e-09,0.9999982118606567
/Users/aswanathjs/Downloads/test10/ai_plastic_waste_management_training/PET Plastic/black_white_plastic_bottles/bowrq_jpg.rf.485b1ea75fc030697de1f760237ac1fb.jpg,2,PET Plastic,2,PET Plastic,0.9999908208847046,8.573989362048451e-06,2.705543522552034e-07,0.9999908208847046,1.2900649437597167e-07,3.030966411188274e-07
"/Users/aswanathjs/Downloads/test10/ai_plastic_waste_management_training/PET Plastic/plastic_bottles/PET1,047.jpg",2,PET Plastic,2,PET Plastic,0.9999945163726807,3.6375979561853455e-06,4.585425301684154e-07,0.9999945163726807,1.2395356634442578e-06,1.4875259068958258e-07
"/Users/aswanathjs/Downloads/test10/ai_plastic_waste_management_training/PET Plastic/plastic_bottles/PET1,492.jpg",2,PET Plastic,2,PET Plastic,0.9925790429115295,0.0001323875767411664,0.00011539905244717374,0.9925790429115295,0.007142977323383093,3.0237088139983825e-05
/Users/aswanathjs/Downloads/test10/ai_plastic_waste_management_training/LDPE Plastic/plastic_bags/plasticbag (161).jpg,1,LDPE Plastic,1,LDPE Plastic,0.9985406398773193,0.0009406864992342889,0.9985406398773193,0.0001427538663847372,0.0002156713599106297,0.00016023896750994027
/Users/aswanathjs/Downloads/test10/ai_plastic_waste_management_training/PP Plastic/round_containers/0032_a05b01c1d1e0f0g0h3.jpg,3,PP Plastic,3,PP Plastic,0.9953598380088806,0.0046197944320738316,5.725162736780476e-06,5.230313490756089e-06,0.9953598380088806,9.441862857784145e-06
/Users/aswanathjs/Downloads/test10/ai_plastic_waste_management_training/PP Plastic/round_containers/0044_a06b01c1d1e0f0g0h3.jpg,3,PP Plastic,3,PP Plastic,0.9998852014541626,0.00010994382319040596,1.1927381819987204e-06,3.19439209306438e-07,0.9998852014541626,3.2765647119958885e-06
"/Users/aswanathjs/Downloads/test10/ai_plastic_waste_management_training/PET Plastic/plastic_bottles/PET1,467.jpg",2,PET Plastic,2,PET Plastic,0.9999998807907104,2.789885300558126e-08,4.305986678332374e-08,0.9999998807907104,8.325914535589618e-08,2.9571674886597066e-08
/Users/aswanathjs/Downloads/test10/ai_plastic_waste_management_training/HDPE Plastic/shampoo_bottles/0099_a02b01c1d3e0f1g0h4.jpg,0,HDPE Plastic,0,HDPE Plastic,1.0,1.0,2.425852053955513e-11,8.887100777510426e-11,4.7316574269817835e-11,9.249992438675747e-11
/Users/aswanathjs/Downloads/test10/ai_plastic_waste_management_training/PET Plastic/plastic_bottles/PET639.jpg,2,PET Plastic,2,PET Plastic,0.997891366481781,0.0014677251456305385,4.1777078877203166e-05,0.997891366481781,4.232071660226211e-05,0.0005567785701714456
/Users/aswanathjs/Downloads/test10/ai_plastic_waste_management_training/LDPE Plastic/plastic_bags/LDPE-47_jpg.rf.ecc1032e8fe7ba4db2fa914736103a2c.jpg,1,LDPE Plastic,1,LDPE Plastic,0.9998611211776733,0.00010145444684894755,0.9998611211776733,5.871002031199168e-06,1.060733302438166e-05,2.09449772228254e-05
/Users/aswanathjs/Downloads/test10/ai_plastic_waste_management_training/LDPE Plastic/plastic_bags/LDPE-47_jpg.rf.30a4a5fd0c833392bf1d4c46d02d6397.jpg,1,LDPE Plastic,1,LDPE Plastic,0.9999376535415649,4.533777973847464e-05,0.9999376535415649,9.090833827940514e-07,1.004026103146316e-06,1.5201163478195667e-05
/Users/aswanathjs/Downloads/test10/ai_plastic_waste_management_training/HDPE Plastic/milk_bottles/HDPEM25.jpg,0,HDPE Plastic,0,HDPE Plastic,0.9999998807907104,0.9999998807907104,3.337244092183056e-10,4.047199197998452e-08,2.0353933649630562e-08,8.375896953793927e-08
/Users/aswanathjs/Downloads/test10/ai_plastic_waste_management_training/HDPE Plastic/milk_bottles_grey/HDPEM25.jpg,0,HDPE Plastic,0,HDPE Plastic,1.0,1.0,4.151335109003895e-10,1.9302245135577323e-08,1.0469458189277248e-08,3.064376485895082e-08
/Users/aswanathjs/Downloads/test10/ai_plastic_waste_management_training/PS Plastic/foam_sheets/PS-638_jpg.rf.2a30edae550448f61538e3aa459cd0ac.jpg,4,PS Plastic,4,PS Plastic,0.9999974966049194,2.2879644347995054e-06,1.3990027980526065e-07,8.76793748716409e-08,3.375051349507885e-08,0.9999974966049194
/Users/aswanathjs/Downloads/test10/ai_plastic_waste_management_training/PS Plastic/form_sheets_grey/PS-638_jpg.rf.2a30edae550448f61538e3aa459cd0ac.jpg,4,PS Plastic,4,PS Plastic,0.9999969005584717,2.8003585157421185e-06,2.1368147429257078e-07,1.5157779387209303e-07,4.1772437953113695e-08,0.9999969005584717
/Users/aswanathjs/Downloads/test10/ai_plastic_waste_management_training/PS Plastic/foam_sheets/PS-712_jpg.rf.b51acb2d02d4ee2fdf7ba9226a78778c.jpg,4,PS Plastic,4,PS Plastic,0.9999735355377197,4.326631824369542e-06,6.557768756465521e-06,1.5227528820105363e-06,1.4062782611290459e-05,0.9999735355377197
/Users/aswanathjs/Downloads/test10/ai_plastic_waste_management_training/PP Plastic/square_containers_grey/square.png,3,PP Plastic,3,PP Plastic,0.9705911874771118,0.009005412459373474,0.014198605902493,0.0003739238018169999,0.9705911874771118,0.005830962676554918
/Users/aswanathjs/Downloads/test10/ai_plastic_waste_management_training/PP Plastic/square_containers/square.png,3,PP Plastic,3,PP Plastic,0.9979516863822937,0.0015341996913775802,0.00045174499973654747,2.6547488232608885e-05,0.9979516863822937,3.584579098969698e-05
/Users/aswanathjs/Downloads/test10/ai_plastic_waste_management_training/PP Plastic/irregular_containers/valid_PP-75-_jpg.rf.99d559140a790606b9da4d31a532ab0e.jpg,3,PP Plastic,3,PP Plastic,0.9998917579650879,5.314305599313229e-05,3.4508050248405198e-06,4.9437458073953167e-05,0.9998917579650879,2.1646092136506923e-06
/Users/aswanathjs/Downloads/test10/ai_plastic_waste_management_training/PP Plastic/irregular_containers_grey/valid_PP-75-_jpg.rf.99d559140a790606b9da4d31a532ab0e.jpg,3,PP Plastic,3,PP Plastic,0.9994578957557678,0.00044210319174453616,1.2637551662919577e-05,8.270029502455145e-05,0.9994578957557678,4.63382457382977e-06
/Users/aswanathjs/Downloads/test10/ai_plastic_waste_management_training/PET Plastic/black_white_plastic_bottles/dpzof_jpg.rf.28976b527e116f95ea6741a205c74956.jpg,2,PET Plastic,2,PET Plastic,0.9999698400497437,2.1848083633813076e-05,5.17459830007283e-06,0.9999698400497437,8.186388527064992e-07,2.367518163737259e-06
/Users/aswanathjs/Downloads/test10/ai_plastic_waste_management_training/PP Plastic/rectangle_containers/0011_a05b00c2d0e0f0g0h0.jpg,3,PP Plastic,3,PP Plastic,0.9999734163284302,1.993304795178119e-05,9.946701595708873e-08,5.423655238701031e-06,0.9999734163284302,1.050541527547466e-06
/Users/aswanathjs/Downloads/test10/ai_plastic_waste_management_training/PP Plastic/square_containers/0011_a05b00c2d0e0f0g0h0.jpg,3,PP Plastic,3,PP Plastic,0.9999734163284302,1.993304795178119e-05,9.946701595708873e-08,5.423655238701031e-06,0.9999734163284302,1.050541527547466e-06
/Users/aswanathjs/Downloads/test10/ai_plastic_waste_management_training/PET Plastic/black_white_plastic_bottles/brfya_jpg.rf.2ba1709a570ca49febead16780844fbe.jpg,2,PET Plastic,2,PET Plastic,0.9999986886978149,4.996505253984651e-07,2.710946773731848e-07,0.9999986886978149,2.2792546872096864e-07,3.712602278937993e-07
/Users/aswanathjs/Downloads/test10/ai_plastic_waste_management_training/HDPE Plastic/shampoo_bottles/0061_a02b01c1d1e0f1g0h3(1).jpg,0,HDPE Plastic,0,HDPE Plastic,0.9999966621398926,0.9999966621398926,1.0887209356269523e-07,1.0004890782511211e-07,1.6317604831783683e-06,1.4507033938571112e-06
/Users/aswanathjs/Downloads/test10/ai_plastic_waste_management_training/PP Plastic/square_containers/Image_16.png,3,PP Plastic,3,PP Plastic,0.9930334091186523,0.000842906185425818,0.006029706448316574,9.758449778018985e-06,0.9930334091186523,8.412698662141338e-05
/Users/aswanathjs/Downloads/test10/ai_plastic_waste_management_training/PS Plastic/foam_containers/Image_16.png,3,PP Plastic,4,PS Plastic,0.464557409286499,0.051189105957746506,0.08537298440933228,0.005801019258797169,0.3930794596672058,0.464557409286499
/Users/aswanathjs/Downloads/test10/ai_plastic_waste_management_training/LDPE Plastic/plastic_bags/plasticbag (80).jpg,1,LDPE Plastic,1,LDPE Plastic,0.9999749660491943,4.199252089165384e-06,0.9999749660491943,1.5696194344272385e-09,1.9903387510566972e-05,9.080939662453602e-07
/Users/aswanathjs/Downloads/test10/ai_plastic_waste_management_training/LDPE Plastic/bin_bags/Image_139.png,1,LDPE Plastic,1,LDPE Plastic,0.998028576374054,0.0012040856527164578,0.998028576374054,0.00022390522644855082,0.0004292270168662071,0.00011421061208238825
/Users/aswanathjs/Downloads/test10/ai_plastic_waste_management_training/PP Plastic/round_containers/Image_139.png,1,LDPE Plastic,1,LDPE Plastic,0.437332421541214,0.06815081089735031,0.437332421541214,0.015896715223789215,0.31928032636642456,0.15933971107006073
/Users/aswanathjs/Downloads/test10/ai_plastic_waste_management_training/PP Plastic/round_containers_grey/Image_139.png,1,LDPE Plastic,1,LDPE Plastic,0.5231524109840393,0.03715319186449051,0.5231524109840393,0.01229021791368723,0.3467762768268585,0.08062796294689178
/Users/aswanathjs/Downloads/test10/ai_plastic_waste_management_training/PS Plastic/foam_containers/Image_139.png,1,LDPE Plastic,4,PS Plastic,0.40495434403419495,0.04821520298719406,0.1455765813589096,0.014443451538681984,0.38681045174598694,0.40495434403419495
/Users/aswanathjs/Downloads/test10/ai_plastic_waste_management_training/PS Plastic/foam_sheets/PS-529_jpg.rf.4c99e4b2dd1f410d9ebbf6be0a49fe79.jpg,4,PS Plastic,4,PS Plastic,0.9999940395355225,4.05385844715056e-06,1.8830468206942896e-06,3.15746682133522e-08,2.7947903546987618e-08,0.9999940395355225
/Users/aswanathjs/Downloads/test10/ai_plastic_waste_management_training/PP Plastic/round_containers/IMG_20220209_172657.jpg,3,PP Plastic,3,PP Plastic,0.9999997615814209,1.827629318995605e-07,3.959520000762495e-08,1.673180172190314e-08,0.9999997615814209,2.235568841157942e-09
"/Users/aswanathjs/Downloads/test10/ai_plastic_waste_management_training/PET Plastic/plastic_bottles/PET1,096.jpg",2,PET Plastic,2,PET Plastic,0.9959267973899841,0.00010742244921857491,0.0014795830938965082,0.9959267973899841,0.0024604361969977617,2.583738387329504e-05
/Users/aswanathjs/Downloads/test10/ai_plastic_waste_management_training/LDPE Plastic/plastic_bags/plasticbag (125).jpg,1,LDPE Plastic,1,LDPE Plastic,0.999994158744812,2.4254586605820805e-07,0.999994158744812,6.831870678070118e-07,1.750170781633642e-07,4.82689347336418e-06
/Users/aswanathjs/Downloads/test10/ai_plastic_waste_management_training/PET Plastic/black_white_plastic_bottles/cybdg_jpg.rf.3e32fdb9cb34c7691a349c4e5ac99d51.jpg,2,PET Plastic,2,PET Plastic,0.9999998807907104,6.290966325650516e-08,3.8169016391975674e-08,0.9999998807907104,1.1831292390240833e-08,9.511629883718342e-08
/Users/aswanathjs/Downloads/test10/ai_plastic_waste_management_training/LDPE Plastic/plastic_bags/plasticbag (60).jpg,1,LDPE Plastic,1,LDPE Plastic,0.9999996423721313,1.506927844729944e-07,0.9999996423721313,2.3199824283892667e-08,1.9178813204234757e-07,2.059749704130809e-09
/Users/aswanathjs/Downloads/test10/ai_plastic_waste_management_training/PP Plastic/square_containers/Image_212.png,3,PP Plastic,3,PP Plastic,0.9343670606613159,0.0015376036753877997,0.05090424045920372,0.0001319899456575513,0.9343670606613159,0.013059072196483612
/Users/aswanathjs/Downloads/test10/ai_plastic_waste_management_training/PS Plastic/foam_containers/Image_212.png,3,PP Plastic,3,PP Plastic,0.6757214665412903,0.10367833822965622,0.1356096714735031,0.0022778804413974285,0.6757214665412903,0.08271265029907227
/Users/aswanathjs/Downloads/test10/ai_plastic_waste_management_training/PP Plastic/round_containers/IMG_20220209_173518.jpg,3,PP Plastic,3,PP Plastic,0.9999997615814209,1.0858623511467158e-07,1.0991358578849031e-07,2.9560602854417084e-09,0.9999997615814209,2.07391814832647e-09
/Users/aswanathjs/Downloads/test10/ai_plastic_waste_management_training/PET Plastic/black_white_plastic_bottles/cbxqt_jpg.rf.52531406b5668ed489f722eda1234b82.jpg,2,PET Plastic,2,PET Plastic,0.9996908903121948,0.0002210022503277287,7.0752084866398945e-06,0.9996908903121948,7.736121187917888e-05,3.579248186724726e-06
/Users/aswanathjs/Downloads/test10/ai_plastic_waste_management_training/LDPE Plastic/plastic_bags_grey/LDPE-709_jpg.rf.e0c041e2a581709b14418365e47f31c8.jpg,1,LDPE Plastic,1,LDPE Plastic,0.9996962547302246,6.857946573290974e-05,0.9996962547302246,2.41282100432727e-06,0.00014079982065595686,9.206206595990807e-05
/Users/aswanathjs/Downloads/test10/ai_plastic_waste_management_training/LDPE Plastic/plastic_bags/LDPE-709_jpg.rf.e0c041e2a581709b14418365e47f31c8.jpg,1,LDPE Plastic,1,LDPE Plastic,0.999485969543457,0.00011873579205712304,0.999485969543457,6.117917109804694e-06,0.000214870335184969,0.0001743612956488505
/Users/aswanathjs/Downloads/test10/ai_plastic_waste_management_training/PP Plastic/round_containers/0032_a05b01c2d2e0f0g0h4.jpg,3,PP Plastic,3,PP Plastic,0.85898756980896,0.14088916778564453,8.575231186114252e-05,2.9835764507879503e-06,0.85898756980896,3.454333636909723e-05
/Users/aswanathjs/Downloads/test10/ai_plastic_waste_management_training/HDPE Plastic/milk_bottles/HDPEM268.jpg,0,HDPE Plastic,0,HDPE Plastic,1.0,1.0,5.631677901796195e-10,2.367735119079839e-09,3.100746681639066e-08,5.656203505566282e-09
/Users/aswanathjs/Downloads/test10/ai_plastic_waste_management_training/HDPE Plastic/milk_bottles/HDPEM107.jpg,0,HDPE Plastic,0,HDPE Plastic,0.9999996423721313,0.9999996423721313,3.904657042141935e-09,2.6829869170796883e-07,8.617676883204695e-08,8.415604213496408e-09
/Users/aswanathjs/Downloads/test10/ai_plastic_waste_management_training/PET Plastic/plastic_bottles/PET783.jpg,2,PET Plastic,2,PET Plastic,1.0,2.988558378547168e-08,5.037762917936561e-08,1.0,1.8653245614785874e-09,4.778315076947592e-09
"/Users/aswanathjs/Downloads/test10/ai_plastic_waste_management_training/PET Plastic/plastic_bottles/PET1,570.jpg",2,PET Plastic,2,PET Plastic,0.9999902248382568,8.557231012673583e-06,5.715071438316954e-07,0.9999902248382568,2.7259449097982724e-07,3.7257083818076353e-07
/Users/aswanathjs/Downloads/test10/ai_plastic_waste_management_training/PS Plastic/foam_sheets/PS-821_jpg.rf.0e9beff389d1f2c533e116ce4700cb8f.jpg,4,PS Plastic,4,PS Plastic,1.0,5.282481296831065e-08,2.4059849668134348e-09,1.4781453838708103e-09,3.0525268979175735e-09,1.0
/Users/aswanathjs/Downloads/test10/ai_plastic_waste_management_training/HDPE Plastic/milk_bottles/P_W (1063).jpg,0,HDPE Plastic,0,HDPE Plastic,1.0,1.0,2.130142633463561e-12,5.957848363963292e-12,1.1294290502839033e-10,1.0462054833570988e-11
/Users/aswanathjs/Downloads/test10/ai_plastic_waste_management_training/HDPE Plastic/milk_bottles_grey/P_W (1063).jpg,0,HDPE Plastic,0,HDPE Plastic,1.0,1.0,1.6109833952948627e-11,4.455622936577752e-12,2.519381925303321e-10,1.8300154794315127e-11
/Users/aswanathjs/Downloads/test10/ai_plastic_waste_management_training/PET Plastic/plastic_bottles/PET786.jpg,2,PET Plastic,2,PET Plastic,0.9999985694885254,4.7050755824784574e-07,6.407084924830997e-07,0.9999985694885254,1.7883027680909436e-07,1.2527229387160332e-07
/Users/aswanathjs/Downloads/test10/ai_plastic_waste_management_training/PS Plastic/foam_sheets/PS-761_jpg.rf.a42344405350083224374a55aa540b72.jpg,4,PS Plastic,4,PS Plastic,0.9999499320983887,2.5068502509384416e-05,6.060286523279501e-06,1.6798950355223496e-06,1.727393282635603e-05,0.9999499320983887
/Users/aswanathjs/Downloads/test10/ai_plastic_waste_management_training/LDPE Plastic/plastic_bags/LDPE-225_jpg.rf.c28a869289439016d8b409f48fd5ecdf.jpg,1,LDPE Plastic,1,LDPE Plastic,0.999991774559021,1.8232025240649818e-06,0.999991774559021,2.3110474103305023e-06,2.9893149076087866e-06,1.1238180377404206e-06
/Users/aswanathjs/Downloads/test10/ai_plastic_waste_management_training/LDPE Plastic/plastic_bags/plasticbag (18).jpg,1,LDPE Plastic,1,LDPE Plastic,0.9913232326507568,0.0004145265556871891,0.9913232326507568,0.0002243809140054509,0.0013269296614453197,0.00671085249632597
/Users/aswanathjs/Downloads/test10/ai_plastic_waste_management_training/PS Plastic/foam_containers/styrofoam-5-_jpg.rf.df3780f823c7514ba9fc7d643c034625.jpg,4,PS Plastic,4,PS Plastic,0.9999839067459106,1.2552710359159391e-05,2.3682243863731856e-06,1.2363785799607285e-06,2.069867122145297e-08,0.9999839067459106
"/Users/aswanathjs/Downloads/test10/ai_plastic_waste_management_training/PET Plastic/plastic_bottles/PET1,383.jpg",2,PET Plastic,2,PET Plastic,0.9999914169311523,1.9514209270710126e-06,8.151157544489251e-07,0.9999914169311523,4.6278428271762095e-06,1.1782482260969118e-06
/Users/aswanathjs/Downloads/test10/ai_plastic_waste_management_training/PET Plastic/black_white_plastic_bottles/beirz_jpg.rf.178f44e894411750e7f2fc42ab9f4d6e.jpg,2,PET Plastic,2,PET Plastic,0.9999933242797852,5.451134938994073e-07,1.2535811038105749e-06,0.9999933242797852,2.6279683424945688e-06,2.1872310753678903e-06
/Users/aswanathjs/Downloads/test10/ai_plastic_waste_management_training/PP Plastic/round_containers/0022_a05b00c2d1e0f0g0h0.jpg,3,PP Plastic,3,PP Plastic,0.9999794960021973,6.021554781909799e-06,1.2313158777033095e-06,1.2801357115677092e-05,0.9999794960021973,5.461898808789556e-07
/Users/aswanathjs/Downloads/test10/ai_plastic_waste_management_training/PET Plastic/plastic_bottles/PET433.jpg,2,PET Plastic,2,PET Plastic,0.9999827146530151,6.844629751867615e-06,8.767465260461904e-06,0.9999827146530151,6.846610745014914e-07,9.822837228057324e-07
/Users/aswanathjs/Downloads/test10/ai_plastic_waste_management_training/HDPE Plastic/milk_bottles/HDPEM389.jpg,0,HDPE Plastic,0,HDPE Plastic,0.9999997615814209,0.9999997615814209,5.8751314924165854e-08,7.811117308520465e-10,1.1213526107667349e-08,9.408223888840439e-08
/Users/aswanathjs/Downloads/test10/ai_plastic_waste_management_training/PET Plastic/black_white_plastic_bottles/ctpsz_jpg.rf.ff4ad7b6ac7ba952bf067e75b2b3f4d1.jpg,2,PET Plastic,2,PET Plastic,0.9999516010284424,2.3584643713547848e-05,6.1057776292727794e-06,0.9999516010284424,1.4500398719974328e-05,4.198585429548984e-06
/Users/aswanathjs/Downloads/test10/ai_plastic_waste_management_training/LDPE Plastic/bin_bags/Image_143.png,1,LDPE Plastic,1,LDPE Plastic,0.9976792931556702,0.0015586625086143613,0.9976792931556702,7.887685933383182e-05,0.0006040657754056156,7.914141315268353e-05
/Users/aswanathjs/Downloads/test10/ai_plastic_waste_management_training/PP Plastic/round_containers/Image_143.png,1,LDPE Plastic,3,PP Plastic,0.9738299250602722,0.0008471861365251243,0.024763869121670723,6.293288606684655e-05,0.9738299250602722,0.000496115128044039
/Users/aswanathjs/Downloads/test10/ai_plastic_waste_management_training/PS Plastic/foam_containers/Image_143.png,1,LDPE Plastic,1,LDPE Plastic,0.4568031132221222,0.05875995755195618,0.4568031132221222,0.018443113192915916,0.1263284832239151,0.33966538310050964
/Users/aswanathjs/Downloads/test10/ai_plastic_waste_management_training/PP Plastic/round_containers/IMG_20220209_173653.jpg,3,PP Plastic,3,PP Plastic,0.999985933303833,1.0292575097992085e-05,2.350534714423702e-06,2.2144504896459694e-07,0.999985933303833,1.125297785620205e-06
/Users/aswanathjs/Downloads/test10/ai_plastic_waste_management_training/HDPE Plastic/shampoo_bottles/0076_a02b06c1d3e0f1g0h4.jpg,0,HDPE Plastic,0,HDPE Plastic,0.9999810457229614,0.9999810457229614,6.235008640942397e-06,3.6733513297804166e-06,1.239705852640327e-06,7.730418474238832e-06
/Users/aswanathjs/Downloads/test10/ai_plastic_waste_management_training/HDPE Plastic/milk_bottles/HDPEM251.jpg,0,HDPE Plastic,0,HDPE Plastic,0.9999985694885254,0.9999985694885254,1.4272577786300644e-08,1.3228773241280578e-06,4.34498765855551e-08,7.77431381493443e-08
/Users/aswanathjs/Downloads/test10/ai_plastic_waste_management_training/PET Plastic/black_white_plastic_bottles/dojvf_jpg.rf.688bc5642b8f8491c0bc897182556fc9.jpg,2,PET Plastic,2,PET Plastic,0.9999995231628418,4.077199946550536e-07,3.653264002423384e-08,0.9999995231628418,3.320420915997602e-08,2.011897315412625e-09
/Users/aswanathjs/Downloads/test10/ai_plastic_waste_management_training/PET Plastic/black_white_plastic_bottles/bcxos_jpg.rf.2188d116bc1129d44ce87e6c7b169a57.jpg,2,PET Plastic,2,PET Plastic,0.9999284744262695,1.821041041694116e-05,1.5405603335238993e-05,0.9999284744262695,4.721526693174383e-06,3.317455411888659e-05
/Users/aswanathjs/Downloads/test10/ai_plastic_waste_management_training/PP Plastic/round_containers/Image_180.png,3,PP Plastic,3,PP Plastic,0.8602132797241211,0.010249350219964981,0.10593883693218231,0.0007575216004624963,0.8602132797241211,0.022841045632958412
/Users/aswanathjs/Downloads/test10/ai_plastic_waste_management_training/PS Plastic/foam_containers/Image_180.png,3,PP Plastic,4,PS Plastic,0.6371545791625977,0.044305119663476944,0.12440642714500427,0.014510609209537506,0.1796233206987381,0.6371545791625977
/Users/aswanathjs/Downloads/test10/ai_plastic_waste_management_training/HDPE Plastic/milk_bottles/HDPEM191.jpg,0,HDPE Plastic,0,HDPE Plastic,0.9999997615814209,0.9999997615814209,1.3542745591621497e-08,9.97888847109607e-08,8.560041564464882e-09,1.6422150395101198e-07
/Users/aswanathjs/Downloads/test10/ai_plastic_waste_management_training/HDPE Plastic/milk_bottles/HDPEM454.jpg,0,HDPE Plastic,0,HDPE Plastic,1.0,1.0,1.1719025055922927e-11,1.070393773616729e-09,1.3785655950115938e-10,4.412551921073593e-11
/Users/aswanathjs/Downloads/test10/ai_plastic_waste_management_training/LDPE Plastic/plastic_bags/LDPE-169_jpg.rf.701027552a8ac65a60f254c0bb0d1284.jpg,1,LDPE Plastic,1,LDPE Plastic,0.9999798536300659,8.64484354679007e-06,0.9999798536300659,5.618192062684102e-06,3.914451099262806e-06,1.9310161860630615e-06
/Users/aswanathjs/Downloads/test10/ai_plastic_waste_management_training/LDPE Plastic/bubble_wrap/train_LDPE-86_jpg.rf.de19a5a093d2f44f002d55af708ec34a.jpg,1,LDPE Plastic,1,LDPE Plastic,0.9999947547912598,2.9104066925356165e-06,0.9999947547912598,2.3052584765537176e-06,2.6886946002946388e-08,3.076096177778709e-08
/Users/aswanathjs/Downloads/test10/ai_plastic_waste_management_training/LDPE Plastic/black_white__plastic_bags/0106_jpg.rf.173cad6f9c322e959de8745ce71d09bd.jpg,1,LDPE Plastic,1,LDPE Plastic,0.9999616146087646,2.149376268789638e-05,0.9999616146087646,1.9467113077098475e-07,9.480142580287065e-06,7.18385763320839e-06
/Users/aswanathjs/Downloads/test10/ai_plastic_waste_management_training/HDPE Plastic/milk_bottles/HDPEM71.jpg,0,HDPE Plastic,0,HDPE Plastic,0.9999995231628418,0.9999995231628418,8.599523315666602e-10,1.2576175834055903e-07,3.0457414368356694e-07,1.2055989984105508e-08
/Users/aswanathjs/Downloads/test10/ai_plastic_waste_management_training/HDPE Plastic/detergent_bottles/0098_a02b03c1d0e0f0g0h4.jpg,0,HDPE Plastic,0,HDPE Plastic,0.9999996423721313,0.9999996423721313,2.2619261130785162e-08,1.1303257219097418e-09,3.6828041061198746e-07,3.5745206794501883e-09
/Users/aswanathjs/Downloads/test10/ai_plastic_waste_management_training/LDPE Plastic/plastic_bags/train_LDPE-88_jpg.rf.8472ac42ef276d2bcb8c165830aa2622.jpg,1,LDPE Plastic,1,LDPE Plastic,0.9999991655349731,6.309058164788439e-08,0.9999991655349731,2.118474924373004e-07,1.075132871619644e-07,4.224440601774404e-07
/Users/aswanathjs/Downloads/test10/ai_plastic_waste_management_training/HDPE Plastic/milk_bottles/HDPEM99.jpg,0,HDPE Plastic,0,HDPE Plastic,0.9999932050704956,0.9999932050704956,3.470979237363281e-08,5.3375974857772235e-06,1.1334635701132356e-06,2.3307687513351993e-07
/Users/aswanathjs/Downloads/test10/ai_plastic_waste_management_training/PP Plastic/round_containers/0032_a05b01c2d1e0f0g0h1.jpg,3,PP Plastic,3,PP Plastic,0.9999986886978149,5.596012329078803e-07,1.1247814768466924e-07,5.2189182042639e-07,0.9999986886978149,1.58509976699861e-07
/Users/aswanathjs/Downloads/test10/ai_plastic_waste_management_training/HDPE Plastic/milk_bottles/HDPEM34.jpg,0,HDPE Plastic,0,HDPE Plastic,0.9508981108665466,0.9508981108665466,9.654441237216815e-05,7.551028829766437e-05,0.046065881848335266,0.0028640199452638626
/Users/aswanathjs/Downloads/test10/ai_plastic_waste_management_training/PET Plastic/black_white_plastic_bottles/bhwyv_jpg.rf.09ee027258fb5748a6867d5b22e43213.jpg,2,PET Plastic,2,PET Plastic,0.9999799728393555,1.0704133273975458e-05,8.122004260258109e-07,0.9999799728393555,6.877661235193955e-06,1.535759906801104e-06
/Users/aswanathjs/Downloads/test10/ai_plastic_waste_management_training/LDPE Plastic/bubble_wrap_grey/train_LDPE-97_jpg.rf.f27ded9af5bc8d452667e73298f9fcd5.jpg,1,LDPE Plastic,1,LDPE Plastic,0.9999940395355225,9.465728112445504e-07,0.9999940395355225,3.829089564533206e-06,2.59443083905353e-07,9.103996490011923e-07
/Users/aswanathjs/Downloads/test10/ai_plastic_waste_management_training/LDPE Plastic/bubble_wrap/train_LDPE-97_jpg.rf.f27ded9af5bc8d452667e73298f9fcd5.jpg,1,LDPE Plastic,1,LDPE Plastic,0.9994248151779175,2.6871892259805463e-05,0.9994248151779175,0.00045083826989866793,6.845810275990516e-06,9.066661004908383e-05
/Users/aswanathjs/Downloads/test10/ai_plastic_waste_management_training/HDPE Plastic/detergent_bottles/0098_a02b03c2d3e0f0g0h3.jpg,0,HDPE Plastic,0,HDPE Plastic,1.0,1.0,1.0735963229535628e-08,1.2498238000091533e-09,1.4678633419862308e-08,2.022575218418865e-09
/Users/aswanathjs/Downloads/test10/ai_plastic_waste_management_training/HDPE Plastic/shampoo_bottles/0077_a02b01c1d1e0f1g0h4.jpg,0,HDPE Plastic,0,HDPE Plastic,1.0,1.0,2.3299942530918827e-10,2.8078210867477083e-09,3.8338235364143713e-11,5.41390765551597e-10
/Users/aswanathjs/Downloads/test10/ai_plastic_waste_management_training/LDPE Plastic/plastic_bags/plasticbag (179).jpg,1,LDPE Plastic,1,LDPE Plastic,0.9999868869781494,7.86400349284122e-08,0.9999868869781494,5.431683902656914e-08,3.2397556424257345e-06,9.785613656276837e-06
/Users/aswanathjs/Downloads/test10/ai_plastic_waste_management_training/HDPE Plastic/detergent_bottles/0062_a02b05c2d0e0f1g1h0.jpg,0,HDPE Plastic,0,HDPE Plastic,1.0,1.0,1.6336638708480677e-08,5.719734019749012e-09,1.4583972252069088e-08,2.214865846283942e-09
/Users/aswanathjs/Downloads/test10/ai_plastic_waste_management_training/HDPE Plastic/detergent_botteles_grey/0062_a02b05c2d0e0f1g1h0.jpg,0,HDPE Plastic,0,HDPE Plastic,0.9999933242797852,0.9999933242797852,1.4453426899763144e-07,1.1410567601899402e-08,6.29675378149841e-06,2.0534528744065028e-07
/Users/aswanathjs/Downloads/test10/ai_plastic_waste_management_training/HDPE Plastic/milk_bottles/HDPEM369.jpg,0,HDPE Plastic,0,HDPE Plastic,0.9997499585151672,0.9997499585151672,3.663273309939541e-05,1.7803370155888842e-06,0.00017007743008434772,4.154045745963231e-05
/Users/aswanathjs/Downloads/test10/ai_plastic_waste_management_training/LDPE Plastic/plastic_bags/plasticbag (92).jpg,1,LDPE Plastic,1,LDPE Plastic,0.9885489344596863,0.0048260195180773735,0.9885489344596863,0.0002749608538579196,0.0013699016999453306,0.004980104044079781
/Users/aswanathjs/Downloads/test10/ai_plastic_waste_management_training/HDPE Plastic/milk_bottles/HDPEM197.jpg,0,HDPE Plastic,0,HDPE Plastic,0.9999996423721313,0.9999996423721313,3.959527461461221e-08,4.606432568721175e-08,6.606734359593247e-08,2.43007974631837e-07
/Users/aswanathjs/Downloads/test10/ai_plastic_waste_management_training/HDPE Plastic/shampoo_bottles/0061_a02b01c1d1e0f1g0h2.jpg,0,HDPE Plastic,0,HDPE Plastic,0.9999961853027344,0.9999961853027344,9.329884420594681e-08,3.584855789995345e-07,1.978625505216769e-06,1.4296533663582522e-06
/Users/aswanathjs/Downloads/test10/ai_plastic_waste_management_training/PET Plastic/black_white_plastic_bottles/ckxtz_jpg.rf.e56142e9a641cda544fee935b4b14a09.jpg,2,PET Plastic,2,PET Plastic,0.9999518394470215,1.9388053260627203e-05,1.1397675052648992e-06,0.9999518394470215,1.0437665878271218e-05,1.7193693565786816e-05
/Users/aswanathjs/Downloads/test10/ai_plastic_waste_management_training/PET Plastic/shampoo_bottles/0080_a05b00c2d0e0f1g0h1.jpg,2,PET Plastic,2,PET Plastic,0.9999979734420776,1.4358072348841233e-06,1.254871495603993e-08,0.9999979734420776,4.625280780601315e-07,1.6560584015223867e-07
/Users/aswanathjs/Downloads/test10/ai_plastic_waste_management_training/HDPE Plastic/detergent_bottles/0010_a02b01c2d2e0f1g0h0.jpg,0,HDPE Plastic,0,HDPE Plastic,0.9999991655349731,0.9999991655349731,1.1407630395865453e-08,1.877309507847258e-08,8.455736519863422e-07,4.451174984154704e-09
/Users/aswanathjs/Downloads/test10/ai_plastic_waste_management_training/PP Plastic/round_containers/0032_a05b01c1d0e0f0g0h0.jpg,3,PP Plastic,3,PP Plastic,0.9999966621398926,7.79026720465481e-07,2.3511617541771557e-07,2.2420215373131214e-06,0.9999966621398926,9.043631621352688e-08
/Users/aswanathjs/Downloads/test10/ai_plastic_waste_management_training/PET Plastic/black_white_plastic_bottles/bfody_jpg.rf.8de89c7efe09fb3d1bfa0057258f0b54.jpg,2,PET Plastic,2,PET Plastic,0.9982489347457886,0.0011906439904123545,5.735970989917405e-05,0.9982489347457886,0.0004406902298796922,6.240080983843654e-05
/Users/aswanathjs/Downloads/test10/ai_plastic_waste_management_training/PS Plastic/foam_sheets/PS-537_jpg.rf.36f7c05a257c73ccf0dddda9a2cc276f.jpg,4,PS Plastic,4,PS Plastic,0.9999998807907104,1.693267392965936e-07,1.0967062813449502e-08,2.7115631962004727e-09,7.00844104972731e-10,0.9999998807907104
/Users/aswanathjs/Downloads/test10/ai_plastic_waste_management_training/PET Plastic/shampoo_bottles/0100_a05b00c1d3e0f0g0h3.jpg,2,PET Plastic,2,PET Plastic,0.9999934434890747,1.2244274927297738e-08,1.0814246707013808e-06,0.9999934434890747,5.52143092136248e-06,4.0630826703136336e-08
/Users/aswanathjs/Downloads/test10/ai_plastic_waste_management_training/PET Plastic/plastic_bottles/PET367.jpg,2,PET Plastic,2,PET Plastic,1.0,2.7617669928758914e-08,8.738083034920407e-10,1.0,1.0428675700779877e-09,4.50124337803004e-09
/Users/aswanathjs/Downloads/test10/ai_plastic_waste_management_training/HDPE Plastic/milk_bottles/HDPEM225.jpg,0,HDPE Plastic,0,HDPE Plastic,1.0,1.0,1.655405673650634e-10,3.552778071735929e-09,8.737766066246877e-10,1.4207161003199076e-09
/Users/aswanathjs/Downloads/test10/ai_plastic_waste_management_training/PET Plastic/plastic_bottles/PET306.jpg,2,PET Plastic,2,PET Plastic,1.0,5.5973085721916505e-08,1.7200037227826925e-10,1.0,1.0374567871451745e-10,1.3292300593548134e-10
/Users/aswanathjs/Downloads/test10/ai_plastic_waste_management_training/LDPE Plastic/plastic_bags/plasticbag (19).jpg,1,LDPE Plastic,1,LDPE Plastic,0.999607264995575,4.3748088501160964e-05,0.999607264995575,9.297422366216779e-06,0.0001226663589477539,0.0002170936786569655
/Users/aswanathjs/Downloads/test10/ai_plastic_waste_management_training/HDPE Plastic/milk_bottles/HDPEM357.jpg,0,HDPE Plastic,0,HDPE Plastic,1.0,1.0,5.004258119001292e-10,3.0397913075574934e-09,2.049506564461012e-09,2.2752713491058785e-08
/Users/aswanathjs/Downloads/test10/ai_plastic_waste_management_training/HDPE Plastic/milk_bottles_grey/HDPEM357.jpg,0,HDPE Plastic,0,HDPE Plastic,0.9999998807907104,0.9999998807907104,1.0373865322321763e-08,3.75893023374374e-08,2.1377333681016353e-08,1.2951529981819476e-07
/Users/aswanathjs/Downloads/test10/ai_plastic_waste_management_training/PET Plastic/black_white_plastic_bottles/ctvun_jpg.rf.8cc404ae0b3222c021bd955bec2fec1f.jpg,2,PET Plastic,2,PET Plastic,0.9999908208847046,1.0141884558834136e-06,4.304046797187766e-06,0.9999908208847046,3.037287342522177e-06,8.174233698809985e-07
/Users/aswanathjs/Downloads/test10/ai_plastic_waste_management_training/PET Plastic/shampoo_bottles/0100_a05b00c2d1e0f0g0h4.jpg,2,PET Plastic,2,PET Plastic,0.9999128580093384,5.046914566264604e-07,1.6613074649285409e-06,0.9999128580093384,8.466545841656625e-05,3.3940298749257636e-07
/Users/aswanathjs/Downloads/test10/ai_plastic_waste_management_training/PP Plastic/irregular_containers/0036_a05b00c2d0e0f0g0h0.jpg,3,PP Plastic,3,PP Plastic,0.9998984336853027,6.29686182946898e-05,1.6415711797890253e-05,2.050217335636262e-05,0.9998984336853027,1.6894946384127252e-06
/Users/aswanathjs/Downloads/test10/ai_plastic_waste_management_training/PP Plastic/irregular_containers_grey/0036_a05b00c2d0e0f0g0h0.jpg,3,PP Plastic,3,PP Plastic,0.9999707937240601,2.2682886992697604e-05,6.169091193442e-06,1.185835856176709e-07,0.9999707937240601,2.1781632142392482e-07
/Users/aswanathjs/Downloads/test10/ai_plastic_waste_management_training/PP Plastic/rectangle_containers/test_PP-3-_JPG.rf.3be7e153a1e1a597107483aaff0eda84.jpg,3,PP Plastic,3,PP Plastic,0.999969482421875,2.9777716918033548e-05,4.899010264125536e-07,1.0290622576292208e-08,0.999969482421875,2.4811711796246527e-07
/Users/aswanathjs/Downloads/test10/ai_plastic_waste_management_training/PET Plastic/plastic_bottles/PET584.jpg,2,PET Plastic,2,PET Plastic,0.9999951124191284,1.1603274288063403e-06,7.905632628535386e-07,0.9999951124191284,6.747288239239424e-07,2.2660399281448917e-06
/Users/aswanathjs/Downloads/test10/ai_plastic_waste_management_training/HDPE Plastic/shampoo_bottles/0065_a02b03c1d0e0f1g0h0.jpg,0,HDPE Plastic,0,HDPE Plastic,1.0,1.0,1.6296226867940078e-10,1.1621469758749114e-10,3.8785732958679375e-10,2.8952151787109415e-10
/Users/aswanathjs/Downloads/test10/ai_plastic_waste_management_training/HDPE Plastic/milk_bottles/HDPEM297.jpg,0,HDPE Plastic,0,HDPE Plastic,1.0,1.0,1.3268305724956075e-11,7.452160666332475e-09,5.391231731877166e-12,1.4549846882871975e-09
/Users/aswanathjs/Downloads/test10/ai_plastic_waste_management_training/PP Plastic/rectangle_containers/0011_a05b00c2d3e0f0g0h3.jpg,3,PP Plastic,3,PP Plastic,0.9999765157699585,4.542429905995959e-06,1.5182823744908092e-06,1.6866024452610873e-05,0.9999765157699585,5.267157803245937e-07
/Users/aswanathjs/Downloads/test10/ai_plastic_waste_management_training/PP Plastic/square_containers/0011_a05b00c2d3e0f0g0h3.jpg,3,PP Plastic,3,PP Plastic,0.9999765157699585,4.542429905995959e-06,1.5182823744908092e-06,1.6866024452610873e-05,0.9999765157699585,5.267157803245937e-07
/Users/aswanathjs/Downloads/test10/ai_plastic_waste_management_training/HDPE Plastic/milk_bottles/HDPEM336.jpg,0,HDPE Plastic,0,HDPE Plastic,0.9999998807907104,0.9999998807907104,2.817589939141385e-09,7.168220861331065e-08,1.5182179069483936e-08,1.7606497593192216e-08
/Users/aswanathjs/Downloads/test10/ai_plastic_waste_management_training/HDPE Plastic/milk_bottles/HDPEM483.jpg,0,HDPE Plastic,0,HDPE Plastic,0.9999997615814209,0.9999997615814209,3.342079946122567e-09,2.407255976777378e-07,3.212448973499704e-08,4.896640870555302e-09
/Users/aswanathjs/Downloads/test10/ai_plastic_waste_management_training/HDPE Plastic/shampoo_bottles/0077_a02b01c1d0e0f1g0h2.jpg,0,HDPE Plastic,0,HDPE Plastic,0.9999864101409912,0.9999864101409912,2.676239319043816e-08,1.3219274478615262e-05,4.997372737847172e-09,3.362618201663281e-07
"/Users/aswanathjs/Downloads/test10/ai_plastic_waste_management_training/PET Plastic/plastic_bottles/PET1,551.jpg",2,PET Plastic,2,PET Plastic,0.999942421913147,5.03709125041496e-05,1.1822774013126036e-06,0.999942421913147,7.201550147328817e-07,5.308048002916621e-06
/Users/aswanathjs/Downloads/test10/ai_plastic_waste_management_training/PET Plastic/shampoo_bottles/0015_a05b00c1d2e1f1g0h2.jpg,2,PET Plastic,2,PET Plastic,1.0,5.962234261858157e-09,4.225535477075937e-09,1.0,3.58341871731227e-08,1.4756045274566532e-09
/Users/aswanathjs/Downloads/test10/ai_plastic_waste_management_training/HDPE Plastic/shampoo_bottles/0063_a02b01c1d2e0f1g1h3.jpg,0,HDPE Plastic,0,HDPE Plastic,0.9999986886978149,0.9999986886978149,1.2819139527664447e-08,6.164000154740279e-08,6.298982384578267e-07,5.833462637383491e-07
/Users/aswanathjs/Downloads/test10/ai_plastic_waste_management_training/PS Plastic/foam_containers/Image_134.png,4,PS Plastic,3,PP Plastic,0.4268961250782013,0.06564418971538544,0.152727872133255,0.011112991720438004,0.4268961250782013,0.34361886978149414
/Users/aswanathjs/Downloads/test10/ai_plastic_waste_management_training/HDPE Plastic/detergent_bottles/0039_a02b01c1d0e0f1g0h0.jpg,0,HDPE Plastic,0,HDPE Plastic,0.999998927116394,0.999998927116394,3.677864768292238e-08,7.384114297792621e-08,8.293063160635938e-07,9.913809151385067e-08
/Users/aswanathjs/Downloads/test10/ai_plastic_waste_management_training/HDPE Plastic/detergent_bottles/P_W (367).jpg,0,HDPE Plastic,0,HDPE Plastic,0.9997747540473938,0.9997747540473938,9.932977991411462e-05,3.318315066280775e-05,1.3606472748506349e-05,7.912073488114402e-05
/Users/aswanathjs/Downloads/test10/ai_plastic_waste_management_training/PP Plastic/square_containers_grey/Image_225.png,3,PP Plastic,3,PP Plastic,0.849069356918335,0.010685804300010204,0.10272786021232605,0.003347184509038925,0.849069356918335,0.03416988253593445
/Users/aswanathjs/Downloads/test10/ai_plastic_waste_management_training/PP Plastic/square_containers/Image_225.png,3,PP Plastic,3,PP Plastic,0.8425806164741516,0.011082738637924194,0.10527867823839188,0.0034926871303468943,0.8425806164741516,0.03756529092788696
/Users/aswanathjs/Downloads/test10/ai_plastic_waste_management_training/PS Plastic/foam_containers/Image_225.png,3,PP Plastic,3,PP Plastic,0.5019917488098145,0.19589407742023468,0.05889580771327019,0.017477089539170265,0.5019917488098145,0.22574137151241302
/Users/aswanathjs/Downloads/test10/ai_plastic_waste_management_training/PS Plastic/foam_sheets/PS-890_jpg.rf.e6f1115fb7950a098e7a9592176873b3.jpg,4,PS Plastic,4,PS Plastic,1.0,9.854372429174418e-09,3.9841832610854055e-10,1.8581836069841984e-09,5.972498051676212e-10,1.0
/Users/aswanathjs/Downloads/test10/ai_plastic_waste_management_training/LDPE Plastic/plastic_bags/plasticbag (135).jpg,1,LDPE Plastic,1,LDPE Plastic,0.9997771382331848,4.156938302912749e-06,0.9997771382331848,0.0001517855271231383,6.0899863456143066e-05,6.060804935259512e-06
/Users/aswanathjs/Downloads/test10/ai_plastic_waste_management_training/PP Plastic/irregular_containers/train_PP-83_jpg.rf.7046174ce8dbe58e860b73a6f32cfcb6.jpg,3,PP Plastic,3,PP Plastic,0.9999978542327881,5.6806039872014935e-09,2.0850882265222026e-06,8.657645622633936e-08,0.9999978542327881,9.068766293474084e-10
/Users/aswanathjs/Downloads/test10/ai_plastic_waste_management_training/PET Plastic/plastic_bottles/PET684.jpg,2,PET Plastic,2,PET Plastic,0.9999997615814209,2.6061081825901056e-07,3.0208170187506767e-08,0.9999997615814209,1.0435901032224137e-08,4.06161904109581e-09
/Users/aswanathjs/Downloads/test10/ai_plastic_waste_management_training/HDPE Plastic/milk_bottles/HDPEM286.jpg,0,HDPE Plastic,0,HDPE Plastic,0.9999291896820068,0.9999291896820068,2.091056558128912e-06,4.992052708985284e-05,1.3609599591291044e-05,5.133542799740098e-06
/Users/aswanathjs/Downloads/test10/ai_plastic_waste_management_training/PET Plastic/shampoo_bottles/IMG_20220209_220427.jpg,2,PET Plastic,2,PET Plastic,0.9453176259994507,0.001384920789860189,0.002499363152310252,0.9453176259994507,0.04915642365813255,0.001641558250412345
/Users/aswanathjs/Downloads/test10/ai_plastic_waste_management_training/PET Plastic/plastic_bottles/PET852.jpg,2,PET Plastic,2,PET Plastic,1.0,1.4816814442042414e-10,4.582937761926642e-12,1.0,7.25084597398562e-13,1.9662617020688167e-11
/Users/aswanathjs/Downloads/test10/ai_plastic_waste_management_training/LDPE Plastic/plastic_bags/plasticbag (58).jpg,1,LDPE Plastic,1,LDPE Plastic,0.9998903274536133,1.906391844386235e-05,0.9998903274536133,2.5074203335861966e-07,8.150737994583324e-05,8.85925783222774e-06
/Users/aswanathjs/Downloads/test10/ai_plastic_waste_management_training/PET Plastic/plastic_bottles/PET591.jpg,2,PET Plastic,2,PET Plastic,0.9999998807907104,9.691981261994442e-08,2.5407137727029294e-08,0.9999998807907104,2.0568577951962652e-08,3.798367487206633e-08
/Users/aswanathjs/Downloads/test10/ai_plastic_waste_management_training/HDPE Plastic/shampoo_bottles/0065_a02b03c2d2e0f1g0h3.jpg,0,HDPE Plastic,0,HDPE Plastic,0.9999926090240479,0.9999926090240479,2.0165762748547422e-07,4.585273927659728e-06,1.456963758528218e-07,2.4981375190691324e-06
/Users/aswanathjs/Downloads/test10/ai_plastic_waste_management_training/PET Plastic/black_white_plastic_bottles/cklog_jpg.rf.4aae70a1f9111e87f9a9bf5e5f43a287.jpg,2,PET Plastic,2,PET Plastic,0.999858021736145,7.620947599207284e-06,3.482470856397413e-05,0.999858021736145,5.30769357283134e-05,4.6474342525471e-05
/Users/aswanathjs/Downloads/test10/ai_plastic_waste_management_training/HDPE Plastic/milk_bottles/HDPEM45.jpg,0,HDPE Plastic,0,HDPE Plastic,0.999982476234436,0.999982476234436,2.260537357301473e-08,2.4432227974102716e-07,1.720018917694688e-05,6.725074541691356e-08
/Users/aswanathjs/Downloads/test10/ai_plastic_waste_management_training/HDPE Plastic/shampoo_bottiles_grey/0099_a02b01c2d0e0f1g0h0.jpg,0,HDPE Plastic,0,HDPE Plastic,1.0,1.0,4.874597081538923e-08,7.831381765299739e-09,1.3455637715154012e-09,1.3608856264113456e-08
/Users/aswanathjs/Downloads/test10/ai_plastic_waste_management_training/HDPE Plastic/shampoo_bottles/0099_a02b01c2d0e0f1g0h0.jpg,0,HDPE Plastic,0,HDPE Plastic,1.0,1.0,1.4508761379816715e-11,8.185931793525114e-11,1.8264828885450335e-11,9.202216072479175e-11
/Users/aswanathjs/Downloads/test10/ai_plastic_waste_management_training/HDPE Plastic/detergent_bottles/0098_a02b03c2d0e0f0g0h0.jpg,0,HDPE Plastic,0,HDPE Plastic,0.9999707937240601,0.9999707937240601,9.5472466909996e-07,3.7382991990853043e-07,2.752359250735026e-05,3.5591551750258077e-07
/Users/aswanathjs/Downloads/test10/ai_plastic_waste_management_training/HDPE Plastic/detergent_bottles/0098_a02b03c1d1e0f0g0h1.jpg,0,HDPE Plastic,0,HDPE Plastic,0.9999996423721313,0.9999996423721313,2.602382664917968e-07,6.400834307029868e-10,1.5502116923471476e-07,4.0931071865202284e-09
/Users/aswanathjs/Downloads/test10/ai_plastic_waste_management_training/LDPE Plastic/black_white__plastic_bags/0225_jpg.rf.5ddaa7f9d7e6346d2a23c5c816e9975c.jpg,1,LDPE Plastic,1,LDPE Plastic,0.9999055862426758,2.0391929865581915e-05,0.9999055862426758,7.946792379698309e-07,2.909282272867131e-07,7.302261656150222e-05
/Users/aswanathjs/Downloads/test10/ai_plastic_waste_management_training/LDPE Plastic/plastic_bags/LDPE-288_jpg.rf.ec558a77e98e22bdf9ec9f3c753dceb0.jpg,1,LDPE Plastic,1,LDPE Plastic,0.999995231628418,3.7945136455164175e-07,0.999995231628418,3.040768774553726e-07,3.767777570828912e-06,2.9825179126419243e-07
/Users/aswanathjs/Downloads/test10/ai_plastic_waste_management_training/PS Plastic/foam_sheets/PS-576_jpg.rf.288ea43fde0368c034919c6d30e20589.jpg,4,PS Plastic,4,PS Plastic,0.9999985694885254,1.4474890122073703e-06,3.650223590057067e-08,3.247301094688737e-08,1.3700824474938145e-08,0.9999985694885254
/Users/aswanathjs/Downloads/test10/ai_plastic_waste_management_training/PET Plastic/plastic_bottles/PET364.jpg,2,PET Plastic,2,PET Plastic,0.9999945163726807,2.958195636892924e-06,1.1672857453959296e-06,0.9999945163726807,1.3073978379907203e-06,5.939084957162777e-08
/Users/aswanathjs/Downloads/test10/ai_plastic_waste_management_training/PP Plastic/round_containers/0022_a05b00c2d2e0f0g0h0.jpg,3,PP Plastic,3,PP Plastic,0.9999842643737793,5.455836344481213e-06,3.886932972818613e-06,5.3184958233032376e-06,0.9999842643737793,9.985593578676344e-07
/Users/aswanathjs/Downloads/test10/ai_plastic_waste_management_training/PET Plastic/plastic_bottles/PET901.jpg,2,PET Plastic,2,PET Plastic,0.9999914169311523,3.943261162930867e-06,2.5127501430688426e-06,0.9999914169311523,1.439796392332937e-06,7.442672540491913e-07
"/Users/aswanathjs/Downloads/test10/ai_plastic_waste_management_training/PET Plastic/plastic_bottles/PET1,676.jpg",2,PET Plastic,2,PET Plastic,0.9999973773956299,8.006306728702839e-08,2.4751652745180763e-06,0.9999973773956299,3.154057237608754e-09,1.9735525214059635e-08
/Users/aswanathjs/Downloads/test10/ai_plastic_waste_management_training/HDPE Plastic/shampoo_bottles/0021_a02b01c1d3e1f0g0h0.jpg,0,HDPE Plastic,0,HDPE Plastic,0.9999970197677612,0.9999970197677612,7.076854302567881e-08,1.5531864505646809e-07,2.6792379230755614e-06,1.2661224957355444e-07
/Users/aswanathjs/Downloads/test10/ai_plastic_waste_management_training/PET Plastic/shampoo_bottles/0015_a05b00c2d2e1f1g0h0.jpg,2,PET Plastic,2,PET Plastic,0.9999949932098389,4.844990144192707e-06,1.9609403878462217e-08,0.9999949932098389,8.65311022835158e-09,1.727255067862643e-07
/Users/aswanathjs/Downloads/test10/ai_plastic_waste_management_training/HDPE Plastic/shampoo_bottles/0078_a02b07c2d3e0f1g0h0.jpg,0,HDPE Plastic,0,HDPE Plastic,1.0,1.0,4.434237144135267e-10,6.827265863762477e-09,4.989875734828786e-10,2.7241950362189016e-10
/Users/aswanathjs/Downloads/test10/ai_plastic_waste_management_training/PS Plastic/foam_containers/Image_146.png,4,PS Plastic,4,PS Plastic,0.5592498779296875,0.032207779586315155,0.19094762206077576,0.005643904209136963,0.21195083856582642,0.5592498779296875
/Users/aswanathjs/Downloads/test10/ai_plastic_waste_management_training/PET Plastic/plastic_bottles/PET405.jpg,2,PET Plastic,2,PET Plastic,0.9999988079071045,9.925222457241034e-07,3.6393985602956036e-09,0.9999988079071045,8.873857382241113e-08,7.0523434203551e-08
/Users/aswanathjs/Downloads/test10/ai_plastic_waste_management_training/LDPE Plastic/bin_bags/LDPE13w-Photoroom_0_1426_jpg.rf.59d412bfab4775ac1d16d6633402f8d1.jpg,1,LDPE Plastic,1,LDPE Plastic,0.83035808801651,0.02043500728905201,0.83035808801651,0.005972231738269329,0.13053512573242188,0.0126994913443923
/Users/aswanathjs/Downloads/test10/ai_plastic_waste_management_training/LDPE Plastic/bin_bags/LDPE13w-Photoroom_0_1426_jpg.rf.8dfa7f49717efb95792b559165023396.jpg,1,LDPE Plastic,1,LDPE Plastic,0.9678255915641785,0.004913490265607834,0.9678255915641785,0.0009376733796671033,0.020901352167129517,0.005421868525445461
/Users/aswanathjs/Downloads/test10/ai_plastic_waste_management_training/PP Plastic/rectangle_containers/0011_a05b00c1d1e0f0g0h4.jpg,3,PP Plastic,3,PP Plastic,0.9999793767929077,2.8280840069783153e-06,3.305392510810634e-07,1.708634772512596e-05,0.9999793767929077,3.863924007418973e-07
/Users/aswanathjs/Downloads/test10/ai_plastic_waste_management_training/PP Plastic/square_containers/0011_a05b00c1d1e0f0g0h4.jpg,3,PP Plastic,3,PP Plastic,0.9999793767929077,2.8280840069783153e-06,3.305392510810634e-07,1.708634772512596e-05,0.9999793767929077,3.863924007418973e-07
/Users/aswanathjs/Downloads/test10/ai_plastic_waste_management_training/PP Plastic/rectangle_containers_grey/0011_a05b00c1d1e0f0g0h4.jpg,3,PP Plastic,3,PP Plastic,0.9999996423721313,1.3675170862370578e-07,3.996058950406223e-08,2.546539121794922e-07,0.9999996423721313,6.6061258685579105e-09
/Users/aswanathjs/Downloads/test10/ai_plastic_waste_management_training/LDPE Plastic/plastic_bags/plasticbag (111).jpg,1,LDPE Plastic,1,LDPE Plastic,0.9975661039352417,0.00013495289022102952,0.9975661039352417,2.7770163342211163e-06,0.0021353433839976788,0.0001609071041457355
/Users/aswanathjs/Downloads/test10/ai_plastic_waste_management_training/LDPE Plastic/plastic_bags/plasticbag (114).jpg,1,LDPE Plastic,1,LDPE Plastic,1.0,2.8123285492932804e-13,1.0,4.397652814819297e-12,1.835278673825713e-12,4.580788439539907e-12
/Users/aswanathjs/Downloads/test10/ai_plastic_waste_management_training/PP Plastic/round_containers/0032_a05b01c1d0e0f0g0h3.jpg,3,PP Plastic,3,PP Plastic,0.9857763648033142,0.013556214049458504,0.00010619009117363021,6.849064084235579e-05,0.9857763648033142,0.0004927407135255635
/Users/aswanathjs/Downloads/test10/ai_plastic_waste_management_training/PET Plastic/plastic_bottles/PET772.jpg,2,PET Plastic,2,PET Plastic,0.9999991655349731,4.700456557316102e-08,1.3126754083714332e-07,0.9999991655349731,5.536234084502212e-07,6.74871500905283e-08
/Users/aswanathjs/Downloads/test10/ai_plastic_waste_management_training/PET Plastic/shampoo_bottles/0050_a05b00c2d0e1f1g0h1.jpg,2,PET Plastic,2,PET Plastic,1.0,2.5650832569112936e-09,1.3462253534157753e-10,1.0,2.4727789260658994e-10,5.7524519869733837e-11
"/Users/aswanathjs/Downloads/test10/ai_plastic_waste_management_training/PET Plastic/plastic_bottles/PET1,148.jpg",2,PET Plastic,2,PET Plastic,0.9999982118606567,9.916983572111349e-07,4.885458224634931e-07,0.9999982118606567,1.8367228449278628e-07,1.3130897968949284e-07
"/Users/aswanathjs/Downloads/test10/ai_plastic_waste_management_training/PET Plastic/plastic_bottles/PET1,565.jpg",2,PET Plastic,2,PET Plastic,1.0,3.935470616056591e-09,5.1046281868138976e-08,1.0,1.7513905603561142e-10,2.0352062257700254e-09
/Users/aswanathjs/Downloads/test10/ai_plastic_waste_management_training/HDPE Plastic/milk_bottles/HDPEM264.jpg,0,HDPE Plastic,0,HDPE Plastic,0.999990701675415,0.999990701675415,1.849999193836993e-07,4.7650769374740776e-06,2.1869834654353326e-06,2.096684511343483e-06
/Users/aswanathjs/Downloads/test10/ai_plastic_waste_management_training/PET Plastic/shampoo_bottles/0080_a05b00c1d0e0f1g0h2.jpg,2,PET Plastic,2,PET Plastic,0.9999196529388428,4.846466981689446e-05,1.732864006953605e-06,0.9999196529388428,2.9233940949779935e-05,9.084317298402311e-07
/Users/aswanathjs/Downloads/test10/ai_plastic_waste_management_training/LDPE Plastic/plastic_bags/plasticbag (118) 17.43.56.jpg,1,LDPE Plastic,1,LDPE Plastic,0.999934196472168,1.3597699535239371e-06,0.999934196472168,1.6762694485805696e-06,5.456133294501342e-05,8.182877536455635e-06
/Users/aswanathjs/Downloads/test10/ai_plastic_waste_management_training/LDPE Plastic/plastic_bags/LDPE-377_jpg.rf.7c281f7d4ab04cda5775eb575536e268.jpg,1,LDPE Plastic,1,LDPE Plastic,0.999980092048645,1.5371845165645937e-06,0.999980092048645,1.7357027672915137e-06,6.433474936784478e-06,1.0180532626691274e-05
/Users/aswanathjs/Downloads/test10/ai_plastic_waste_management_training/PP Plastic/round_containers/IMG_20220210_105850.jpg,3,PP Plastic,3,PP Plastic,0.9999982118606567,9.33390424506797e-07,8.870624697010498e-07,3.951290494796922e-08,0.9999982118606567,1.0312985132543417e-08
/Users/aswanathjs/Downloads/test10/ai_plastic_waste_management_training/PET Plastic/plastic_bottles/PET302.jpg,2,PET Plastic,2,PET Plastic,0.9999980926513672,1.8978017806148273e-06,2.9840112603096713e-09,0.9999980926513672,1.0671491246228015e-08,8.702588649711629e-10
/Users/aswanathjs/Downloads/test10/ai_plastic_waste_management_training/HDPE Plastic/detergent_bottles/0010_a02b01c1d2e0f1g0h0.jpg,0,HDPE Plastic,0,HDPE Plastic,0.9999904632568359,0.9999904632568359,1.5439108835835214e-07,1.6725368823244935e-07,9.174837941827718e-06,1.1876360872520308e-07
/Users/aswanathjs/Downloads/test10/ai_plastic_waste_management_training/PET Plastic/plastic_bottles/PET324.jpg,2,PET Plastic,2,PET Plastic,0.9986863732337952,0.001277863048017025,2.968493390653748e-05,0.9986863732337952,2.5558001652825624e-06,3.531901711539831e-06
/Users/aswanathjs/Downloads/test10/ai_plastic_waste_management_training/HDPE Plastic/milk_bottles/HDPEM30.jpg,0,HDPE Plastic,0,HDPE Plastic,0.9999669790267944,0.9999669790267944,3.908307348865492e-07,4.915358431389905e-07,1.8028271369985305e-05,1.407664422004018e-05
/Users/aswanathjs/Downloads/test10/ai_plastic_waste_management_training/PS Plastic/foam_containers/Image_39.png,4,PS Plastic,4,PS Plastic,0.5462493896484375,0.03304308280348778,0.11683191359043121,0.009742596186697483,0.2941330671310425,0.5462493896484375
/Users/aswanathjs/Downloads/test10/ai_plastic_waste_management_training/HDPE Plastic/milk_bottles/HDPEM280.jpg,0,HDPE Plastic,0,HDPE Plastic,1.0,1.0,4.335339198746624e-09,3.580740326469822e-08,6.828421161841902e-10,3.3214972994244363e-09
/Users/aswanathjs/Downloads/test10/ai_plastic_waste_management_training/LDPE Plastic/plastic_bags/LDPE-568_jpg.rf.65f4ca9651e5106181591696f8e2a905.jpg,1,LDPE Plastic,1,LDPE Plastic,0.9998875856399536,2.8279229809413664e-05,0.9998875856399536,1.0771352208394092e-05,1.9259765394963324e-05,5.4045693104853854e-05
/Users/aswanathjs/Downloads/test10/ai_plastic_waste_management_training/PP Plastic/square_containers/IMG_20220209_175331.jpg,3,PP Plastic,3,PP Plastic,1.0,2.578348201609515e-08,4.888723800777761e-11,3.050185659603244e-10,1.0,5.26216986651562e-11
/Users/aswanathjs/Downloads/test10/ai_plastic_waste_management_training/LDPE Plastic/plastic_bags/plasticbag (49).jpg,1,LDPE Plastic,1,LDPE Plastic,0.9999843835830688,1.725789360307317e-07,0.9999843835830688,5.1401702449993536e-08,1.0833974556589965e-05,4.536457254289417e-06
/Users/aswanathjs/Downloads/test10/ai_plastic_waste_management_training/PP Plastic/round_containers/0043_a06b01c1d3e0f0g0h0.jpg,3,PP Plastic,3,PP Plastic,0.9996360540390015,0.00018420656851958483,0.0001048050107783638,5.896346920053475e-06,0.9996360540390015,6.905914779054001e-05
/Users/aswanathjs/Downloads/test10/ai_plastic_waste_management_training/PP Plastic/round_containers_grey/0043_a06b01c1d3e0f0g0h0.jpg,3,PP Plastic,3,PP Plastic,0.9977333545684814,0.0022020358592271805,2.647584733495023e-05,6.876126690258388e-07,0.9977333545684814,3.737408769666217e-05
/Users/aswanathjs/Downloads/test10/ai_plastic_waste_management_training/PS Plastic/foam_containers/Image_145.png,4,PS Plastic,4,PS Plastic,0.5269085168838501,0.05409339815378189,0.19497641921043396,0.00848014559596777,0.21554149687290192,0.5269085168838501
/Users/aswanathjs/Downloads/test10/ai_plastic_waste_management_training/PET Plastic/plastic_bottles/PET479.jpg,2,PET Plastic,2,PET Plastic,0.9999614953994751,3.6707315302919596e-05,1.7426280862764543e-08,0.9999614953994751,9.227276223100489e-07,8.234412121055357e-07
/Users/aswanathjs/Downloads/test10/ai_plastic_waste_management_training/HDPE Plastic/milk_bottles/HDPEM208.jpg,0,HDPE Plastic,0,HDPE Plastic,0.9999998807907104,0.9999998807907104,5.2970881014857696e-09,9.876179873913316e-09,2.4683977084549724e-09,8.841598742037604e-08
/Users/aswanathjs/Downloads/test10/ai_plastic_waste_management_training/PP Plastic/square_containers/Image_228.png,3,PP Plastic,3,PP Plastic,0.9997560381889343,0.00018915052351076156,4.4882905058329925e-05,1.3520452739612665e-06,0.9997560381889343,8.581629117543343e-06
/Users/aswanathjs/Downloads/test10/ai_plastic_waste_management_training/PS Plastic/foam_containers/Image_228.png,3,PP Plastic,4,PS Plastic,0.5900043249130249,0.026789948344230652,0.14352808892726898,0.010796483606100082,0.22888122498989105,0.5900043249130249
/Users/aswanathjs/Downloads/test10/ai_plastic_waste_management_training/PS Plastic/foam_sheets/foamsheet.jpg,4,PS Plastic,4,PS Plastic,0.9999932050704956,6.830714028183138e-06,1.5512435780351552e-08,3.7789398277254804e-08,1.5879186854306226e-11,0.9999932050704956
/Users/aswanathjs/Downloads/test10/ai_plastic_waste_management_training/PS Plastic/form_sheets_grey/foamsheet.jpg,4,PS Plastic,4,PS Plastic,0.9998569488525391,0.00014244153862819076,4.631849321867776e-07,9.88619390795975e-08,2.0052617899501968e-10,0.9998569488525391
/Users/aswanathjs/Downloads/test10/ai_plastic_waste_management_training/LDPE Plastic/plastic_bags/plasticbag (71).jpg,1,LDPE Plastic,1,LDPE Plastic,0.9965676069259644,1.551192326587625e-05,0.9965676069259644,0.0033125525806099176,7.59424947318621e-05,2.8430757083697245e-05
/Users/aswanathjs/Downloads/test10/ai_plastic_waste_management_training/PP Plastic/irregular_containers/0036_a05b00c2d0e0f0g0h1.jpg,3,PP Plastic,3,PP Plastic,0.9999781847000122,2.1561725588981062e-05,2.8872952384517703e-07,3.149886040887395e-08,0.9999781847000122,1.8166760540339055e-08
/Users/aswanathjs/Downloads/test10/ai_plastic_waste_management_training/LDPE Plastic/black_white__plastic_bags/0105_jpg.rf.21aeef1d5208ba0839bf05b506762f44.jpg,1,LDPE Plastic,1,LDPE Plastic,0.9999617338180542,9.142331691691652e-07,0.9999617338180542,4.6698067990291747e-07,3.703443951508234e-07,3.647011908469722e-05
/Users/aswanathjs/Downloads/test10/ai_plastic_waste_management_training/PP Plastic/round_containers/0035_a06b01c1d3e0f0g0h2.jpg,3,PP Plastic,3,PP Plastic,0.9999818801879883,5.6765793488011695e-06,3.6112826364842476e-06,6.119493264122866e-06,0.9999818801879883,2.784516709652962e-06
/Users/aswanathjs/Downloads/test10/ai_plastic_waste_management_training/PS Plastic/foam_sheets/PS-882_jpg.rf.74953b48021aa966c3893e148b2753d4.jpg,4,PS Plastic,4,PS Plastic,0.9999998807907104,6.408991026773947e-08,1.0028393671035474e-09,6.784450223840111e-10,1.0768318459142279e-09,0.9999998807907104
/Users/aswanathjs/Downloads/test10/ai_plastic_waste_management_training/LDPE Plastic/black_white__plastic_bags/0160_jpg.rf.4123771222164c2fe026e8c6719c7bcd.jpg,1,LDPE Plastic,1,LDPE Plastic,0.9998480081558228,7.48668608139269e-05,0.9998480081558228,5.900314590689959e-06,2.8588137865881436e-06,6.83692705933936e-05
/Users/aswanathjs/Downloads/test10/ai_plastic_waste_management_training/PET Plastic/black_white_plastic_bottles/bhanr_jpg.rf.ee884277ff9f91fb1c596021193171db.jpg,2,PET Plastic,2,PET Plastic,0.9996738433837891,9.758840315043926e-05,1.47772962009185e-05,0.9996738433837891,0.0002116557297995314,2.210035290772794e-06
/Users/aswanathjs/Downloads/test10/ai_plastic_waste_management_training/HDPE Plastic/shampoo_bottles/0075_a02b01c2d0e0f0g0h3.jpg,0,HDPE Plastic,0,HDPE Plastic,1.0,1.0,2.934621989858499e-10,2.6446358436515993e-09,1.7471231406052112e-10,7.20170700851952e-10
/Users/aswanathjs/Downloads/test10/ai_plastic_waste_management_training/PS Plastic/foam_sheets/IMG_9378_JPG.rf.c86604c3ffa09370e2ba29c94a19d6db.jpg,4,PS Plastic,4,PS Plastic,0.9999997615814209,1.8330735818139487e-09,6.305789668203943e-08,8.957992747582466e-08,4.454540736276158e-09,0.9999997615814209
/Users/aswanathjs/Downloads/test10/ai_plastic_waste_management_training/PS Plastic/foam_sheets/IMG_9378_JPG.rf.edd19613d2311e1102cceca4b7efd0e4.jpg,4,PS Plastic,4,PS Plastic,1.0,8.356444008983388e-12,3.42110761941683e-09,4.287986854478731e-09,2.0598297373330965e-12,1.0
/Users/aswanathjs/Downloads/test10/ai_plastic_waste_management_training/PS Plastic/foam_sheets/IMG_9378_JPG.rf.aa353879abc9669517550c2fdc7f44c2.jpg,4,PS Plastic,4,PS Plastic,0.9999822378158569,8.529834061299368e-10,1.718806743156165e-05,6.532499128297786e-07,9.095070530040772e-11,0.9999822378158569
/Users/aswanathjs/Downloads/test10/ai_plastic_waste_management_training/LDPE Plastic/plastic_bags/plasticbag (24).jpg,1,LDPE Plastic,1,LDPE Plastic,0.9935270547866821,0.005464815068989992,0.9935270547866821,1.8673013983061537e-05,0.00033221920602954924,0.0006572108832187951
/Users/aswanathjs/Downloads/test10/ai_plastic_waste_management_training/LDPE Plastic/plastic_bags/plasticbag (85).jpg,1,LDPE Plastic,1,LDPE Plastic,0.999993085861206,2.0230154404998757e-06,0.999993085861206,4.18146464653546e-06,6.927623275032602e-08,5.693268008144514e-07
/Users/aswanathjs/Downloads/test10/ai_plastic_waste_management_training/PET Plastic/black_white_plastic_bottles/achnp_jpg.rf.cf9480750ee414a409b6c70bb12ebe17.jpg,2,PET Plastic,2,PET Plastic,0.9999972581863403,4.2506169251055326e-08,2.6292821075912798e-06,0.9999972581863403,5.734774433108214e-08,7.478582197961714e-09
/Users/aswanathjs/Downloads/test10/ai_plastic_waste_management_training/PP Plastic/round_containers/IMG_20220209_174420.jpg,3,PP Plastic,3,PP Plastic,0.9999688863754272,6.424470029742224e-06,2.43452814174816e-05,3.366521639236453e-07,0.9999688863754272,8.590728128865521e-08
/Users/aswanathjs/Downloads/test10/ai_plastic_waste_management_training/PET Plastic/shampoo_bottles/0015_a05b00c2d0e1f1g0h2.jpg,2,PET Plastic,2,PET Plastic,0.9999970197677612,2.220359419879969e-06,3.5587305546869175e-08,0.9999970197677612,2.698041612347879e-07,4.3033654151258816e-07
/Users/aswanathjs/Downloads/test10/ai_plastic_waste_management_training/HDPE Plastic/shampoo_bottiles_grey/0063_a02b01c1d2e0f1g1h1.jpg,0,HDPE Plastic,0,HDPE Plastic,1.0,1.0,2.6593220681103702e-11,4.864964334161392e-12,3.3773750462984253e-10,1.5959972926582466e-11
/Users/aswanathjs/Downloads/test10/ai_plastic_waste_management_training/HDPE Plastic/shampoo_bottles/0063_a02b01c1d2e0f1g1h1.jpg,0,HDPE Plastic,0,HDPE Plastic,1.0,1.0,8.839819987116471e-10,5.529128266346106e-10,1.0757363000379883e-08,9.424577784855614e-10
/Users/aswanathjs/Downloads/test10/ai_plastic_waste_management_training/HDPE Plastic/milk_bottles/P_W (1036).jpg,0,HDPE Plastic,0,HDPE Plastic,0.9999994039535522,0.9999994039535522,1.8265717827148364e-08,1.3401982812411006e-07,1.791585191313061e-07,1.8383792621534667e-07
/Users/aswanathjs/Downloads/test10/ai_plastic_waste_management_training/PET Plastic/black_white_plastic_bottles/aljsh_jpg.rf.a71869b0fd1d06684b543f2d84022ff6.jpg,2,PET Plastic,2,PET Plastic,0.9999524354934692,4.298645581002347e-05,4.020626818146411e-07,0.9999524354934692,3.525519105096464e-06,6.310535809461726e-07
/Users/aswanathjs/Downloads/test10/ai_plastic_waste_management_training/PS Plastic/foam_sheets/PS-515_jpg.rf.7172808d5bae73f679d487c029560e9d.jpg,4,PS Plastic,4,PS Plastic,0.9999988079071045,1.2512183502622065e-06,9.204953244079661e-09,2.3097284085338288e-08,2.456723269261829e-09,0.9999988079071045
/Users/aswanathjs/Downloads/test10/ai_plastic_waste_management_training/PP Plastic/rectangle_containers/0011_a05b00c2d0e0f0g0h1.jpg,3,PP Plastic,3,PP Plastic,0.9999068975448608,4.748498758999631e-05,2.3361128114629537e-05,1.1574285053939093e-05,0.9999068975448608,1.0614912753226236e-05
/Users/aswanathjs/Downloads/test10/ai_plastic_waste_management_training/PP Plastic/square_containers/0011_a05b00c2d0e0f0g0h1.jpg,3,PP Plastic,3,PP Plastic,0.9999068975448608,4.748498758999631e-05,2.3361128114629537e-05,1.1574285053939093e-05,0.9999068975448608,1.0614912753226236e-05
/Users/aswanathjs/Downloads/test10/ai_plastic_waste_management_training/PP Plastic/round_containers/IMG_20220209_174505.jpg,3,PP Plastic,3,PP Plastic,0.9999229907989502,5.839778168592602e-05,1.5706806152593344e-05,1.0525984635023633e-06,0.9999229907989502,1.8548954585639876e-06
/Users/aswanathjs/Downloads/test10/ai_plastic_waste_management_training/PET Plastic/black_white_plastic_bottles/byvnf_jpg.rf.caefe86d601fcef65caa30cf82d6aee0.jpg,2,PET Plastic,2,PET Plastic,0.9999855756759644,1.0916418432316277e-05,2.0752084139985527e-07,0.9999855756759644,2.8218728402862325e-06,5.472819566421094e-07
/Users/aswanathjs/Downloads/test10/ai_plastic_waste_management_training/LDPE Plastic/bubble_wrap/train_LDPE-92_jpg.rf.70dbf389d730d4d2c1a55cd094ab60d9.jpg,1,LDPE Plastic,1,LDPE Plastic,0.9999918937683105,7.945277502585668e-06,0.9999918937683105,2.0872455763765174e-07,9.59538670741722e-09,1.0304169961727894e-08
/Users/aswanathjs/Downloads/test10/ai_plastic_waste_management_training/LDPE Plastic/bin_bags/Image_219.png,1,LDPE Plastic,1,LDPE Plastic,0.9981196522712708,0.0010494340676814318,0.9981196522712708,0.0001235900417668745,0.0005035034846514463,0.00020370142010506243
/Users/aswanathjs/Downloads/test10/ai_plastic_waste_management_training/PP Plastic/square_containers/Image_219.png,1,LDPE Plastic,1,LDPE Plastic,0.41381755471229553,0.06868916749954224,0.41381755471229553,0.003896244801580906,0.33580756187438965,0.17778946459293365
/Users/aswanathjs/Downloads/test10/ai_plastic_waste_management_training/PS Plastic/foam_containers/Image_219.png,1,LDPE Plastic,4,PS Plastic,0.40672212839126587,0.06471185386180878,0.31652355194091797,0.018360009416937828,0.19368240237236023,0.40672212839126587
/Users/aswanathjs/Downloads/test10/ai_plastic_waste_management_training/HDPE Plastic/detergent_bottles/0096_a02b04c2d1e0f0g0h4.jpg,0,HDPE Plastic,0,HDPE Plastic,0.9999998807907104,0.9999998807907104,5.354021226366967e-09,2.982895708214528e-09,8.140541041257165e-08,1.0601720390468472e-08
/Users/aswanathjs/Downloads/test10/ai_plastic_waste_management_training/HDPE Plastic/milk_bottles/HDPEM31.jpg,0,HDPE Plastic,0,HDPE Plastic,1.0,1.0,3.6353425825197405e-10,5.312900674958598e-10,7.160660953076103e-09,9.092929742493538e-10
/Users/aswanathjs/Downloads/test10/ai_plastic_waste_management_training/PS Plastic/foam_sheets/Plastic_370_jpg.rf.29b9ad62cb808ae80031277f13245cd5.jpg,4,PS Plastic,4,PS Plastic,0.9999765157699585,2.2520127458847128e-05,6.262592933126143e-07,3.934853225473489e-07,1.989875625385551e-10,0.9999765157699585
/Users/aswanathjs/Downloads/test10/ai_plastic_waste_management_training/HDPE Plastic/milk_bottles/HDPEM123.jpg,0,HDPE Plastic,0,HDPE Plastic,0.9999902248382568,0.9999902248382568,4.668784470140963e-08,8.037455700105056e-06,1.1457004802650772e-06,5.463473371492e-07
/Users/aswanathjs/Downloads/test10/ai_plastic_waste_management_training/HDPE Plastic/detergent_bottles/0096_a02b04c2d3e0f0g0h3.jpg,0,HDPE Plastic,0,HDPE Plastic,0.9999990463256836,0.9999990463256836,1.8217001240827813e-08,1.5360859606516897e-07,5.58741305667354e-07,1.9822185493012512e-07
/Users/aswanathjs/Downloads/test10/ai_plastic_waste_management_training/PET Plastic/plastic_bottles/PET461.jpg,2,PET Plastic,2,PET Plastic,0.9999995231628418,2.7417280534791644e-07,7.482051422869063e-09,0.9999995231628418,1.1430520174826597e-07,5.4300539176210805e-08
/Users/aswanathjs/Downloads/test10/ai_plastic_waste_management_training/PET Plastic/plastic_bottles/PET346.jpg,2,PET Plastic,2,PET Plastic,0.9999393224716187,2.631238203321118e-05,3.4336064800299937e-06,0.9999393224716187,2.033642203969066e-06,2.8826216293964535e-05
"/Users/aswanathjs/Downloads/test10/ai_plastic_waste_management_training/PET Plastic/plastic_bottles/PET1,375.jpg",2,PET Plastic,2,PET Plastic,1.0,3.491445133008142e-09,1.984755831907492e-10,1.0,1.3249049635177812e-09,2.258553344347547e-10
/Users/aswanathjs/Downloads/test10/ai_plastic_waste_management_training/LDPE Plastic/plastic_bags/train_LDPE-58_jpg.rf.dc6a91c8a627a6c867d948465df5c5c4.jpg,1,LDPE Plastic,1,LDPE Plastic,0.9998828172683716,2.6552479539532214e-05,0.9998828172683716,2.5441249817959033e-05,5.378497917263303e-06,5.986587348161265e-05
/Users/aswanathjs/Downloads/test10/ai_plastic_waste_management_training/PP Plastic/rectangle_containers/train_PP-80-_jpg.rf.009061e32bd8418b0d380afb048674bc.jpg,3,PP Plastic,3,PP Plastic,0.9820548892021179,0.012108580209314823,0.0044069718569517136,0.000792008766438812,0.9820548892021179,0.000637490360531956
/Users/aswanathjs/Downloads/test10/ai_plastic_waste_management_training/HDPE Plastic/shampoo_bottles/0075_a02b01c2d1e0f0g0h0.jpg,0,HDPE Plastic,0,HDPE Plastic,1.0,1.0,8.539931539708334e-10,4.415006138458466e-09,1.1423317403114197e-08,1.4203883624830382e-09
"/Users/aswanathjs/Downloads/test10/ai_plastic_waste_management_training/PET Plastic/plastic_bottles/PET1,614.jpg",2,PET Plastic,2,PET Plastic,0.9999990463256836,5.655607537846663e-08,8.604569643466675e-07,0.9999990463256836,4.476879311710036e-09,8.819640129331674e-09
/Users/aswanathjs/Downloads/test10/ai_plastic_waste_management_training/HDPE Plastic/shampoo_bottiles_grey/0075_a02b01c1d2e0f0g0h4.jpg,0,HDPE Plastic,0,HDPE Plastic,0.9999979734420776,0.9999979734420776,2.191075338942028e-07,5.186655371858251e-08,1.5832532653803355e-06,2.8403309215718764e-07
/Users/aswanathjs/Downloads/test10/ai_plastic_waste_management_training/HDPE Plastic/shampoo_bottles/0075_a02b01c1d2e0f0g0h4.jpg,0,HDPE Plastic,0,HDPE Plastic,1.0,1.0,8.339224866205086e-10,6.4181384651362805e-09,8.712254806475528e-10,5.3690132340022956e-09
/Users/aswanathjs/Downloads/test10/ai_plastic_waste_management_training/LDPE Plastic/plastic_bags/LDPE-220_jpg.rf.75bbbbc4b0c7b5ee4ea92b27daaa4ed0.jpg,1,LDPE Plastic,1,LDPE Plastic,0.999994158744812,1.4399554402189096e-06,0.999994158744812,1.7463203221268486e-06,2.3511304334533634e-06,2.276316166671677e-07
"/Users/aswanathjs/Downloads/test10/ai_plastic_waste_management_training/PET Plastic/plastic_bottles/PET1,653.jpg",2,PET Plastic,2,PET Plastic,0.9977625608444214,0.001963663613423705,7.215331424959004e-05,0.9977625608444214,0.000151670363266021,4.989713124814443e-05
/Users/aswanathjs/Downloads/test10/ai_plastic_waste_management_training/HDPE Plastic/shampoo_bottles/0099_a02b01c1d2e0f1g0h1.jpg,0,HDPE Plastic,0,HDPE Plastic,0.9999997615814209,0.9999997615814209,4.934375130716262e-10,9.915892107414948e-09,2.3049611286296567e-07,2.4121966646362125e-09
/Users/aswanathjs/Downloads/test10/ai_plastic_waste_management_training/PET Plastic/black_white_plastic_bottles/airgu_jpg.rf.44b78e02a39e62eeb61c11fe3098a245.jpg,2,PET Plastic,2,PET Plastic,0.9999057054519653,1.060191061696969e-05,1.3479710105457343e-05,0.9999057054519653,6.096808283473365e-05,9.20001093618339e-06
/Users/aswanathjs/Downloads/test10/ai_plastic_waste_management_training/HDPE Plastic/milk_bottles/HDPEM140.jpg,0,HDPE Plastic,0,HDPE Plastic,0.9999959468841553,0.9999959468841553,5.292313076665778e-08,4.904657089355169e-07,3.2030818601924693e-06,3.3671139476609824e-07
/Users/aswanathjs/Downloads/test10/ai_plastic_waste_management_training/PS Plastic/foam_containers/Image_223.png,4,PS Plastic,4,PS Plastic,0.836490273475647,0.008377554826438427,0.04844226315617561,0.001657871063798666,0.10503199696540833,0.836490273475647
/Users/aswanathjs/Downloads/test10/ai_plastic_waste_management_training/HDPE Plastic/detergent_bottles/0039_a02b01c1d2e0f1g0h3.jpg,0,HDPE Plastic,0,HDPE Plastic,0.9999970197677612,0.9999970197677612,1.7735409585384332e-07,4.851671420169623e-08,1.577641910444072e-06,1.1526533398864558e-06
/Users/aswanathjs/Downloads/test10/ai_plastic_waste_management_training/PET Plastic/plastic_bottles/PET296.jpg,2,PET Plastic,2,PET Plastic,0.9999990463256836,7.209538352981326e-07,2.274366828203256e-08,0.9999990463256836,1.8752720620796026e-07,1.496538892808985e-08
/Users/aswanathjs/Downloads/test10/ai_plastic_waste_management_training/PP Plastic/round_containers/0022_a05b00c1d0e0f0g0h3.jpg,3,PP Plastic,3,PP Plastic,0.9999909400939941,2.134055876013008e-06,1.668797494858154e-06,4.933706350129796e-06,0.9999909400939941,2.6551344944891753e-07
/Users/aswanathjs/Downloads/test10/ai_plastic_waste_management_training/LDPE Plastic/plastic_bags_grey/LDPE-768_jpg.rf.1c59b3b55f7c92e5e286990b75fe78a3.jpg,1,LDPE Plastic,1,LDPE Plastic,0.9999182224273682,1.470314873586176e-05,0.9999182224273682,6.916054644534597e-06,3.8058224163251e-05,2.216518987552263e-05
/Users/aswanathjs/Downloads/test10/ai_plastic_waste_management_training/LDPE Plastic/plastic_bags/LDPE-768_jpg.rf.1c59b3b55f7c92e5e286990b75fe78a3.jpg,1,LDPE Plastic,1,LDPE Plastic,0.9998929500579834,1.5243148482113611e-05,0.9998929500579834,1.2676411643042229e-05,5.4979500418994576e-05,2.4111666789394803e-05
/Users/aswanathjs/Downloads/test10/ai_plastic_waste_management_training/PP Plastic/irregular_containers/0036_a05b00c1d0e0f0g0h2.jpg,3,PP Plastic,3,PP Plastic,0.9999775886535645,1.7782147551770322e-05,5.192085268390656e-07,3.937303063139552e-06,0.9999775886535645,1.7820954667513433e-07
/Users/aswanathjs/Downloads/test10/ai_plastic_waste_management_training/LDPE Plastic/black_white__plastic_bags/0265_jpg.rf.8d220bb1d146aed3a954f2359b4b5923.jpg,1,LDPE Plastic,1,LDPE Plastic,0.999953031539917,1.760779741744045e-05,0.999953031539917,1.5532714314758778e-06,4.122880170598364e-08,2.7833279091282748e-05
/Users/aswanathjs/Downloads/test10/ai_plastic_waste_management_training/PP Plastic/round_containers/IMG_20220209_175540.jpg,3,PP Plastic,3,PP Plastic,0.9999890327453613,3.893250777764479e-06,6.577148724318249e-06,3.1037495773489354e-07,0.9999890327453613,1.6249796885858814e-07
/Users/aswanathjs/Downloads/test10/ai_plastic_waste_management_training/PP Plastic/round_containers/0022_a05b00c2d1e0f0g0h4.jpg,3,PP Plastic,3,PP Plastic,0.9999326467514038,1.7905229469761252e-05,5.697711912944214e-06,4.131969762966037e-05,0.9999326467514038,2.351391458432772e-06
/Users/aswanathjs/Downloads/test10/ai_plastic_waste_management_training/PET Plastic/black_white_plastic_bottles/cypqz_jpg.rf.efe25dbb56844f1b8bd4b1430ae86d94.jpg,2,PET Plastic,2,PET Plastic,0.9989888072013855,4.2296931496821344e-05,0.0009563771891407669,0.9989888072013855,5.4968008953437675e-06,7.023532361927209e-06
/Users/aswanathjs/Downloads/test10/ai_plastic_waste_management_training/PET Plastic/black_white_plastic_bottles/diqoz_jpg.rf.0f4bd51b84d81c843ad2f8848e17e0e4.jpg,2,PET Plastic,2,PET Plastic,0.9910325407981873,0.001859281212091446,0.0008965295855887234,0.9910325407981873,0.003436349332332611,0.0027752937749028206
/Users/aswanathjs/Downloads/test10/ai_plastic_waste_management_training/HDPE Plastic/detergent_bottles/0010_a02b01c2d0e0f1g0h3.jpg,0,HDPE Plastic,0,HDPE Plastic,0.999997615814209,0.999997615814209,7.374252675163007e-08,7.530400694122363e-07,1.4991136367825675e-06,1.1940930733089772e-07
/Users/aswanathjs/Downloads/test10/ai_plastic_waste_management_training/LDPE Plastic/plastic_bags/plasticbag (62).jpg,1,LDPE Plastic,1,LDPE Plastic,1.0,4.3881642763921036e-10,1.0,5.16058723531998e-11,3.957729699521906e-09,2.6745290426788415e-09
/Users/aswanathjs/Downloads/test10/ai_plastic_waste_management_training/PP Plastic/round_containers/0031_a05b01c1d2e0f0g0h1.jpg,3,PP Plastic,3,PP Plastic,0.9999337196350098,6.341323751257733e-05,2.5220567749784095e-06,1.715453095130215e-07,0.9999337196350098,1.9124418315641378e-07
/Users/aswanathjs/Downloads/test10/ai_plastic_waste_management_training/PP Plastic/round_containers_grey/0031_a05b01c1d2e0f0g0h1.jpg,3,PP Plastic,3,PP Plastic,0.9999767541885376,2.2424677808885463e-05,6.876658176224737e-07,7.850540129084038e-08,0.9999767541885376,2.8511138339126774e-08
/Users/aswanathjs/Downloads/test10/ai_plastic_waste_management_training/PET Plastic/black_white_plastic_bottles/cyfjr_jpg.rf.2f0dda5c36837a619a85df9366e7734f.jpg,2,PET Plastic,2,PET Plastic,0.9999996423721313,2.405755772372231e-08,9.522628374725173e-08,0.9999996423721313,1.344052691365505e-07,5.30302308732189e-08
/Users/aswanathjs/Downloads/test10/ai_plastic_waste_management_training/PET Plastic/shampoo_bottles/0100_a05b00c2d1e0f0g0h0.jpg,2,PET Plastic,2,PET Plastic,0.9999992847442627,1.0110650983108371e-08,1.4946029125439964e-07,0.9999992847442627,5.766355570813175e-07,1.1323478155134126e-08
/Users/aswanathjs/Downloads/test10/ai_plastic_waste_management_training/LDPE Plastic/plastic_bags/LDPE-160_jpg.rf.713715b3764d477f13b79c1c156717e6.jpg,1,LDPE Plastic,1,LDPE Plastic,0.9998425245285034,4.356555291451514e-05,0.9998425245285034,4.3091353290947154e-05,3.9264206861844286e-05,3.161343920510262e-05
/Users/aswanathjs/Downloads/test10/ai_plastic_waste_management_training/PET Plastic/plastic_bottles/PET963.jpg,2,PET Plastic,2,PET Plastic,1.0,3.657954772418037e-10,2.9054808906026075e-11,1.0,5.715151130125662e-10,1.0436037589656166e-09
/Users/aswanathjs/Downloads/test10/ai_plastic_waste_management_training/PET Plastic/shampoo_bottles/IMG_20220209_182844.jpg,2,PET Plastic,2,PET Plastic,0.920890212059021,0.06996055692434311,0.0020274193957448006,0.920890212059021,0.00636534346267581,0.0007564030238427222
/Users/aswanathjs/Downloads/test10/ai_plastic_waste_management_training/PS Plastic/foam_sheets/PS-558_jpg.rf.08ae2d5e10696cea9901327ee6745750.jpg,4,PS Plastic,4,PS Plastic,0.9999953508377075,4.0648073991178535e-06,6.067197091397247e-07,1.7748737590750352e-08,1.1709738068077513e-08,0.9999953508377075
/Users/aswanathjs/Downloads/test10/ai_plastic_waste_management_training/PET Plastic/black_white_plastic_bottles/dbhgm_jpg.rf.49dbfa6e1676f82a0db14455f3ad4348.jpg,2,PET Plastic,2,PET Plastic,0.9988352656364441,8.644699846627191e-05,7.035642192931846e-05,0.9988352656364441,0.0010009219404309988,6.978031251492212e-06
/Users/aswanathjs/Downloads/test10/ai_plastic_waste_management_training/LDPE Plastic/plastic_bags/LDPE-243_jpg.rf.c7a544f891b9f058c66a8eef607bf96d.jpg,1,LDPE Plastic,1,LDPE Plastic,0.9997678399085999,3.454168836469762e-05,0.9997678399085999,1.404991780873388e-05,0.0001698206615401432,1.37521883516456e-05
"/Users/aswanathjs/Downloads/test10/ai_plastic_waste_management_training/PET Plastic/plastic_bottles/PET1,331.jpg",2,PET Plastic,2,PET Plastic,0.9994471669197083,0.00033613963751122355,3.147320603602566e-05,0.9994471669197083,0.00017427107377443463,1.0902022950176615e-05
/Users/aswanathjs/Downloads/test10/ai_plastic_waste_management_training/PET Plastic/plastic_bottles/PET344.jpg,2,PET Plastic,2,PET Plastic,0.9999731779098511,7.003111022640951e-06,4.007894858659711e-06,0.9999731779098511,1.3141331692168023e-05,2.6807456379174255e-06
/Users/aswanathjs/Downloads/test10/ai_plastic_waste_management_training/HDPE Plastic/shampoo_bottles/0061_a02b01c2d1e0f1g0h4(1).jpg,0,HDPE Plastic,0,HDPE Plastic,0.9982578158378601,0.9982578158378601,2.1001284039812163e-05,0.00012185036757728085,0.00022784387692809105,0.0013714528176933527
/Users/aswanathjs/Downloads/test10/ai_plastic_waste_management_training/HDPE Plastic/milk_bottles/HDPEM115.jpg,0,HDPE Plastic,0,HDPE Plastic,0.9999990463256836,0.9999990463256836,9.960710034562226e-10,8.511414648637583e-07,9.19799205689742e-08,2.1305268660398724e-08
/Users/aswanathjs/Downloads/test10/ai_plastic_waste_management_training/LDPE Plastic/plastic_bags/LDPE-649_jpg.rf.c30dfafb621c96e4c215f72083db871b.jpg,1,LDPE Plastic,1,LDPE Plastic,0.9998598098754883,4.1638792026787996e-05,0.9998598098754883,5.033647539676167e-06,8.929895557230338e-05,4.180868018011097e-06
/Users/aswanathjs/Downloads/test10/ai_plastic_waste_management_training/HDPE Plastic/milk_bottles/HDPEM273.jpg,0,HDPE Plastic,0,HDPE Plastic,0.9999929666519165,0.9999929666519165,1.53985922679567e-07,6.583943559235195e-07,5.275612238619942e-06,8.193763960662181e-07
"/Users/aswanathjs/Downloads/test10/ai_plastic_waste_management_training/PET Plastic/plastic_bottles/PET1,318.jpg",2,PET Plastic,2,PET Plastic,0.9959855675697327,0.0007712488295510411,1.8065173890136066e-06,0.9959855675697327,0.003239650512114167,1.6505570101799094e-06
/Users/aswanathjs/Downloads/test10/ai_plastic_waste_management_training/LDPE Plastic/black_white__plastic_bags/0138_jpg.rf.c08eb75ce148d02891df48bd547959c1.jpg,1,LDPE Plastic,1,LDPE Plastic,1.0,1.3424594769162468e-09,1.0,3.9462530465605994e-11,5.966119265288228e-11,4.220925831077693e-10
"/Users/aswanathjs/Downloads/test10/ai_plastic_waste_management_training/PET Plastic/plastic_bottles/PET1,719.jpg",2,PET Plastic,2,PET Plastic,0.9999997615814209,2.0857834215348703e-07,2.1361832303057326e-09,0.9999997615814209,1.1048187253948072e-08,6.526236884241143e-09
/Users/aswanathjs/Downloads/test10/ai_plastic_waste_management_training/HDPE Plastic/detergent_bottles/0096_a02b04c2d0e0f0g0h2.jpg,0,HDPE Plastic,0,HDPE Plastic,0.9999949932098389,0.9999949932098389,3.083429191974574e-07,1.2151836017437745e-06,2.98577447210846e-06,4.5734435616395785e-07
/Users/aswanathjs/Downloads/test10/ai_plastic_waste_management_training/PS Plastic/form_containers_grey/0058_a06b01c1d3e0f0g0h1.jpg,4,PS Plastic,4,PS Plastic,0.9974946975708008,0.0014495165087282658,4.622696360456757e-05,4.893483037449187e-06,0.0010046623647212982,0.9974946975708008
/Users/aswanathjs/Downloads/test10/ai_plastic_waste_management_training/PS Plastic/foam_containers/0058_a06b01c1d3e0f0g0h1.jpg,4,PS Plastic,4,PS Plastic,0.9999891519546509,7.2752300184220076e-06,5.297698066897283e-07,2.966910983559501e-07,2.7972380394203356e-06,0.9999891519546509
/Users/aswanathjs/Downloads/test10/ai_plastic_waste_management_training/HDPE Plastic/shampoo_bottles/0061_a02b01c2d0e0f1g0h4(1).jpg,0,HDPE Plastic,0,HDPE Plastic,0.9999628067016602,0.9999628067016602,7.411937872348062e-07,6.653983746218728e-06,5.857566520717228e-06,2.396232775936369e-05
/Users/aswanathjs/Downloads/test10/ai_plastic_waste_management_training/PET Plastic/black_white_plastic_bottles/anthl_jpg.rf.618a418691ec4f2a10752d5a5af9eaa2.jpg,2,PET Plastic,2,PET Plastic,0.9999816417694092,3.2402085707872175e-06,3.1706460390523716e-07,0.9999816417694092,8.20701643533539e-06,6.558691438840469e-06
/Users/aswanathjs/Downloads/test10/ai_plastic_waste_management_training/HDPE Plastic/shampoo_bottles/0023_a02b01c2d0e0f1g0h4.jpg,0,HDPE Plastic,0,HDPE Plastic,1.0,1.0,1.928350368274323e-09,4.9764789622486205e-08,2.558400247210102e-08,5.51341861054766e-09
/Users/aswanathjs/Downloads/test10/ai_plastic_waste_management_training/HDPE Plastic/detergent_bottles/0010_a02b01c2d1e0f1g0h0.jpg,0,HDPE Plastic,0,HDPE Plastic,1.0,1.0,1.2499948298660968e-10,3.4807068338693625e-09,3.6833991412521527e-09,4.017287835722527e-09
/Users/aswanathjs/Downloads/test10/ai_plastic_waste_management_training/LDPE Plastic/plastic_bags/LDPE-76_jpg.rf.b94a99e43f4a65c63957fe768a3063e3.jpg,1,LDPE Plastic,1,LDPE Plastic,0.9999983310699463,2.9083207664371e-07,0.9999983310699463,1.7841391297679365e-07,8.438256600129534e-07,3.5093825090370956e-07
/Users/aswanathjs/Downloads/test10/ai_plastic_waste_management_training/PS Plastic/foam_containers/Image_160.png,4,PS Plastic,3,PP Plastic,0.40925905108451843,0.022312194108963013,0.222249373793602,0.0012858245754614472,0.40925905108451843,0.34489354491233826
/Users/aswanathjs/Downloads/test10/ai_plastic_waste_management_training/PS Plastic/foam_containers/0058_a06b01c1d1e0f0g0h0.jpg,4,PS Plastic,4,PS Plastic,0.999988317489624,3.3691680982883554e-06,9.807558853935916e-07,2.094294586640899e-07,7.083005584718194e-06,0.999988317489624
/Users/aswanathjs/Downloads/test10/ai_plastic_waste_management_training/PET Plastic/shampoo_bottles/0015_a05b00c1d1e1f1g0h3.jpg,2,PET Plastic,2,PET Plastic,0.9999991655349731,6.579684281859954e-07,8.637250914489414e-09,0.9999991655349731,5.535988378824186e-08,3.5189355429565694e-08
"/Users/aswanathjs/Downloads/test10/ai_plastic_waste_management_training/PET Plastic/plastic_bottles/PET1,775.jpg",2,PET Plastic,2,PET Plastic,0.9999998807907104,1.2696544615664607e-07,4.979913370561917e-09,0.9999998807907104,4.670067355050378e-08,1.3428183898156476e-08
/Users/aswanathjs/Downloads/test10/ai_plastic_waste_management_training/HDPE Plastic/detergent_bottles/0096_a02b04c2d3e0f0g0h4.jpg,0,HDPE Plastic,0,HDPE Plastic,0.999987006187439,0.999987006187439,2.7214738906877756e-07,9.235417905983923e-07,4.326347152527887e-06,7.347023256443208e-06
"/Users/aswanathjs/Downloads/test10/ai_plastic_waste_management_training/PET Plastic/plastic_bottles/PET1,594.jpg",2,PET Plastic,2,PET Plastic,0.9994499087333679,0.0005436964565888047,4.36753634858178e-06,0.9994499087333679,5.501968871612917e-07,1.4966032040319988e-06
/Users/aswanathjs/Downloads/test10/ai_plastic_waste_management_training/PET Plastic/black_white_plastic_bottles/aqotb_jpg.rf.c0dc5bb2a5cf4ffb31fa0e859e5a519a.jpg,2,PET Plastic,2,PET Plastic,0.9999986886978149,5.745937414758373e-07,2.2562244339496829e-07,0.9999986886978149,3.67708054227478e-07,1.856794256127614e-07
/Users/aswanathjs/Downloads/test10/ai_plastic_waste_management_training/LDPE Plastic/plastic_bags/LDPE-295_jpg.rf.58c0c43d8113f93491fb12d4a19f641e.jpg,1,LDPE Plastic,1,LDPE Plastic,0.9999556541442871,4.243971943651559e-06,0.9999556541442871,6.964366093598073e-06,3.034015026059933e-05,2.7082942324341275e-06
/Users/aswanathjs/Downloads/test10/ai_plastic_waste_management_training/PET Plastic/black_white_plastic_bottles/bipvn_jpg.rf.8753400b8d72c671b7b06e9f5ba20116.jpg,2,PET Plastic,2,PET Plastic,0.999800980091095,7.198925595730543e-05,2.2691474441671744e-05,0.999800980091095,9.828848124016076e-05,6.069336450309493e-06
/Users/aswanathjs/Downloads/test10/ai_plastic_waste_management_training/PET Plastic/plastic_bottles/PET959.jpg,2,PET Plastic,2,PET Plastic,0.9999996423721313,1.1503123431566564e-07,8.584943422818014e-09,0.9999996423721313,2.579809574854153e-07,1.8716507454996645e-08
/Users/aswanathjs/Downloads/test10/ai_plastic_waste_management_training/PET Plastic/plastic_bottles/PET503.jpg,2,PET Plastic,2,PET Plastic,0.9999583959579468,1.863803481683135e-05,4.925147436551924e-07,0.9999583959579468,1.8257976989843883e-05,4.244076535542263e-06
/Users/aswanathjs/Downloads/test10/ai_plastic_waste_management_training/PP Plastic/round_containers/Image_196.png,3,PP Plastic,3,PP Plastic,0.6385703682899475,0.025670118629932404,0.3320976197719574,0.0005669330712407827,0.6385703682899475,0.0030950396321713924
/Users/aswanathjs/Downloads/test10/ai_plastic_waste_management_training/PP Plastic/round_containers_grey/Image_196.png,3,PP Plastic,3,PP Plastic,0.4925558865070343,0.013138792477548122,0.49101483821868896,0.0006637810729444027,0.4925558865070343,0.002626728732138872
/Users/aswanathjs/Downloads/test10/ai_plastic_waste_management_training/PS Plastic/foam_containers/Image_196.png,3,PP Plastic,4,PS Plastic,0.6758878231048584,0.038774583488702774,0.1199435144662857,0.010510383173823357,0.15488366782665253,0.6758878231048584
/Users/aswanathjs/Downloads/test10/ai_plastic_waste_management_training/PET Plastic/black_white_plastic_bottles/cmhqi_jpg.rf.e22d22662bb044b652113e15ccb216ea.jpg,2,PET Plastic,2,PET Plastic,0.9688732028007507,0.00103126117028296,0.0011215509148314595,0.9688732028007507,0.028696756809949875,0.00027718639466911554
/Users/aswanathjs/Downloads/test10/ai_plastic_waste_management_training/PP Plastic/square_containers_grey/Image_226.png,3,PP Plastic,3,PP Plastic,0.9396268725395203,0.003393894527107477,0.03805456683039665,0.0008211306994780898,0.9396268725395203,0.01810348965227604
/Users/aswanathjs/Downloads/test10/ai_plastic_waste_management_training/PP Plastic/square_containers/Image_226.png,3,PP Plastic,3,PP Plastic,0.9356076121330261,0.003721610875800252,0.03921477496623993,0.0009144733194261789,0.9356076121330261,0.02054152823984623
/Users/aswanathjs/Downloads/test10/ai_plastic_waste_management_training/PS Plastic/foam_containers/Image_226.png,3,PP Plastic,4,PS Plastic,0.5317996740341187,0.0325150340795517,0.07145418971776962,0.010345224291086197,0.3538858890533447,0.5317996740341187
/Users/aswanathjs/Downloads/test10/ai_plastic_waste_management_training/PET Plastic/black_white_plastic_bottles/drcax_jpg.rf.d16711fd73cf97a79c16a50a61b0fe80.jpg,2,PET Plastic,2,PET Plastic,0.999991774559021,2.539581373639521e-06,1.3748257288170862e-06,0.999991774559021,2.9250647912704153e-06,1.3529278248824994e-06
"/Users/aswanathjs/Downloads/test10/ai_plastic_waste_management_training/PET Plastic/plastic_bottles/PET1,550.jpg",2,PET Plastic,2,PET Plastic,0.9994275569915771,0.00044787104707211256,1.532265196146909e-05,0.9994275569915771,1.964550028787926e-05,8.953794895205647e-05
/Users/aswanathjs/Downloads/test10/ai_plastic_waste_management_training/PS Plastic/foam_sheets/PS-586_jpg.rf.0241f484a2d521baaba25ddc7646ba94.jpg,4,PS Plastic,4,PS Plastic,0.999998927116394,9.667697895565652e-07,1.6594306373463041e-07,2.4776747764576612e-08,1.22840155825088e-08,0.999998927116394
/Users/aswanathjs/Downloads/test10/ai_plastic_waste_management_training/PP Plastic/round_containers/IMG_20220209_174635.jpg,3,PP Plastic,3,PP Plastic,0.9969438910484314,0.00023614327074028552,0.00041058409260585904,0.0017269921954721212,0.9969438910484314,0.0006823299918323755
/Users/aswanathjs/Downloads/test10/ai_plastic_waste_management_training/LDPE Plastic/plastic_bags/plasticbag (194) 17.43.56.jpg,1,LDPE Plastic,1,LDPE Plastic,1.0,2.3049494257687542e-10,1.0,1.480152632404863e-11,1.8379192612272277e-09,2.9971765069802814e-09
/Users/aswanathjs/Downloads/test10/ai_plastic_waste_management_training/LDPE Plastic/black_white__plastic_bags/0153_jpg.rf.a5d1ea2820218e501628141291f77051.jpg,1,LDPE Plastic,1,LDPE Plastic,0.9998760223388672,2.9502721190510783e-06,0.9998760223388672,1.2069440344930626e-05,9.786512237042189e-05,1.1086646736657713e-05
/Users/aswanathjs/Downloads/test10/ai_plastic_waste_management_training/PET Plastic/plastic_bottles/PET282.jpg,2,PET Plastic,2,PET Plastic,0.9951844811439514,0.004807483870536089,3.873207788274158e-06,0.9951844811439514,1.0479921002115589e-06,3.1681770451541524e-06
/Users/aswanathjs/Downloads/test10/ai_plastic_waste_management_training/HDPE Plastic/milk_bottles/HDPEM448.jpg,0,HDPE Plastic,0,HDPE Plastic,0.9999980926513672,0.9999980926513672,1.085182388393946e-09,1.9014847794096568e-06,2.8225877191090376e-09,1.7899074444827079e-09
/Users/aswanathjs/Downloads/test10/ai_plastic_waste_management_training/HDPE Plastic/shampoo_bottles/0076_a02b06c2d1e0f1g0h2.jpg,0,HDPE Plastic,0,HDPE Plastic,0.9999904632568359,0.9999904632568359,1.1888984374763822e-07,9.276952368963975e-06,4.47888215404646e-09,6.664691198920991e-08
/Users/aswanathjs/Downloads/test10/ai_plastic_waste_management_training/HDPE Plastic/detergent_bottles/0096_a02b04c2d2e0f0g0h1.jpg,0,HDPE Plastic,0,HDPE Plastic,0.9999791383743286,0.9999791383743286,1.4688437204313232e-06,1.0216094779025298e-06,1.580934076628182e-05,2.527606056901277e-06
/Users/aswanathjs/Downloads/test10/ai_plastic_waste_management_training/LDPE Plastic/plastic_bags/plasticbag (84).jpg,1,LDPE Plastic,1,LDPE Plastic,0.9999998807907104,1.1965181068163133e-09,0.9999998807907104,1.0551046258910901e-08,2.1925592452731735e-09,1.33117026734908e-07
/Users/aswanathjs/Downloads/test10/ai_plastic_waste_management_training/LDPE Plastic/plastic_bags/plasticbag (176) 17.43.56.jpg,1,LDPE Plastic,1,LDPE Plastic,0.998007595539093,0.000292827287921682,0.998007595539093,7.693371117056813e-06,0.0005123289301991463,0.001179615268483758
/Users/aswanathjs/Downloads/test10/ai_plastic_waste_management_training/PET Plastic/black_white_plastic_bottles/cudqi_jpg.rf.ab2014716ce77e9d9072c34381cceb53.jpg,2,PET Plastic,2,PET Plastic,0.9999839067459106,9.592671631253324e-06,5.067636834610312e-07,0.9999839067459106,3.34289256898046e-06,2.645379254317959e-06
/Users/aswanathjs/Downloads/test10/ai_plastic_waste_management_training/LDPE Plastic/bin_bags/Image_52.png,1,LDPE Plastic,1,LDPE Plastic,0.9992259740829468,0.00015181806520558894,0.9992259740829468,2.0031471649417654e-05,0.000570114585570991,3.2134172215592116e-05
/Users/aswanathjs/Downloads/test10/ai_plastic_waste_management_training/PS Plastic/form_containers_grey/Image_52.png,1,LDPE Plastic,4,PS Plastic,0.377056360244751,0.05726989358663559,0.3308125138282776,0.014052976854145527,0.2208082377910614,0.377056360244751
/Users/aswanathjs/Downloads/test10/ai_plastic_waste_management_training/PS Plastic/foam_containers/Image_52.png,1,LDPE Plastic,4,PS Plastic,0.3783769905567169,0.060376569628715515,0.3187604248523712,0.015852155163884163,0.22663387656211853,0.3783769905567169
/Users/aswanathjs/Downloads/test10/ai_plastic_waste_management_training/PET Plastic/shampoo_bottles/0050_a05b00c1d2e1f1g0h2.jpg,2,PET Plastic,2,PET Plastic,0.9998036026954651,2.8934091460541822e-05,2.071450035145972e-05,0.9998036026954651,0.00014179314894136041,5.013411282561719e-06
/Users/aswanathjs/Downloads/test10/ai_plastic_waste_management_training/LDPE Plastic/black_white__plastic_bags/0023_jpg.rf.2e4a394f5d6d99485f595d6757c9a969.jpg,1,LDPE Plastic,1,LDPE Plastic,0.9999979734420776,1.6115319567688857e-07,0.9999979734420776,4.657629233406624e-07,3.66834939313776e-07,1.0109298500537989e-06
/Users/aswanathjs/Downloads/test10/ai_plastic_waste_management_training/PET Plastic/plastic_bottles/PET853.jpg,2,PET Plastic,2,PET Plastic,1.0,1.918618330876143e-08,4.7479442599751565e-09,1.0,7.415278391320612e-10,3.295297368310912e-09
/Users/aswanathjs/Downloads/test10/ai_plastic_waste_management_training/PS Plastic/foam_containers/Image_107.png,4,PS Plastic,4,PS Plastic,0.5074172616004944,0.05644037202000618,0.19550339877605438,0.018770186230540276,0.22186879813671112,0.5074172616004944
/Users/aswanathjs/Downloads/test10/ai_plastic_waste_management_training/LDPE Plastic/plastic_bags/plasticbag (149).jpg,1,LDPE Plastic,1,LDPE Plastic,0.6529039740562439,0.00745832035318017,0.6529039740562439,0.0006453369278460741,0.2549097537994385,0.08408261090517044
"/Users/aswanathjs/Downloads/test10/ai_plastic_waste_management_training/PET Plastic/plastic_bottles/PET1,350.jpg",2,PET Plastic,2,PET Plastic,0.9999982118606567,1.2425263093973626e-06,2.1923643345189703e-08,0.9999982118606567,4.836020366383309e-07,1.797476301135248e-08
/Users/aswanathjs/Downloads/test10/ai_plastic_waste_management_training/HDPE Plastic/detergent_bottles/IMG_20220209_182235.jpg,0,HDPE Plastic,0,HDPE Plastic,0.9999949932098389,0.9999949932098389,1.8217606339021586e-06,2.3536817650438024e-07,2.5681094939500326e-06,3.8898613752280653e-07
/Users/aswanathjs/Downloads/test10/ai_plastic_waste_management_training/HDPE Plastic/detergent_botteles_grey/IMG_20220209_182235.jpg,0,HDPE Plastic,0,HDPE Plastic,0.9718812108039856,0.9718812108039856,0.0034388501662760973,6.208398554008454e-05,0.024077288806438446,0.0005405364208854735
/Users/aswanathjs/Downloads/test10/ai_plastic_waste_management_training/LDPE Plastic/plastic_bags/LDPE-16_jpg.rf.845d2d87d44b85c3b68f1aead2680d86.jpg,1,LDPE Plastic,1,LDPE Plastic,0.9999572038650513,2.9540790364990244e-06,0.9999572038650513,1.4654940514446935e-06,1.515396979812067e-05,2.324629167560488e-05
/Users/aswanathjs/Downloads/test10/ai_plastic_waste_management_training/LDPE Plastic/plastic_bags/LDPE-16_jpg.rf.2102b8148a5cd895e99a4d7b8e0ad4c5.jpg,1,LDPE Plastic,1,LDPE Plastic,0.9999986886978149,3.6860594576637595e-08,0.9999986886978149,2.438964941120503e-07,7.463463447265895e-08,9.363615163238137e-07
/Users/aswanathjs/Downloads/test10/ai_plastic_waste_management_training/PET Plastic/black_white_plastic_bottles/aiewg_jpg.rf.53e6602ad5bf281c6de4096da1fe6cb6.jpg,2,PET Plastic,2,PET Plastic,0.9967517852783203,0.0006286760326474905,0.0021018674597144127,0.9967517852783203,0.0001604464341653511,0.00035723482142202556
/Users/aswanathjs/Downloads/test10/ai_plastic_waste_management_training/LDPE Plastic/black_white__plastic_bags/0185_jpg.rf.46bff0f04cd5c707db59170b971055fa.jpg,1,LDPE Plastic,1,LDPE Plastic,0.9999641180038452,3.307887163828127e-05,0.9999641180038452,7.723809858362074e-08,5.4424695861143846e-08,2.70530222223897e-06
/Users/aswanathjs/Downloads/test10/ai_plastic_waste_management_training/PET Plastic/plastic_bottles/PET305.jpg,2,PET Plastic,2,PET Plastic,0.999950647354126,4.826418808079325e-05,3.701094044572528e-07,0.999950647354126,6.138020012258494e-07,1.8692072956127959e-07
/Users/aswanathjs/Downloads/test10/ai_plastic_waste_management_training/PS Plastic/foam_containers/Image_15.png,4,PS Plastic,4,PS Plastic,0.7201064229011536,0.01710732840001583,0.14077281951904297,0.0029637166298925877,0.11904977262020111,0.7201064229011536
/Users/aswanathjs/Downloads/test10/ai_plastic_waste_management_training/PET Plastic/black_white_plastic_bottles/byutk_jpg.rf.76f747bf2b37e8313e893ebf15683241.jpg,2,PET Plastic,2,PET Plastic,0.9997865557670593,1.919917485793121e-05,7.277222903212532e-05,0.9997865557670593,0.00011878408258780837,2.7606695311988005e-06
/Users/aswanathjs/Downloads/test10/ai_plastic_waste_management_training/HDPE Plastic/milk_bottles/HDPEM270.jpg,0,HDPE Plastic,0,HDPE Plastic,1.0,1.0,8.568660364582925e-11,1.199122690032084e-09,1.5441449230380044e-09,9.841182313508057e-10
/Users/aswanathjs/Downloads/test10/ai_plastic_waste_management_training/PP Plastic/rectangle_containers/0011_a05b00c1d0e0f0g0h1.jpg,3,PP Plastic,3,PP Plastic,0.9999727010726929,1.4787142390559893e-05,7.470775472029345e-06,3.606720383686479e-06,0.9999727010726929,1.3784348311673966e-06
/Users/aswanathjs/Downloads/test10/ai_plastic_waste_management_training/PP Plastic/square_containers/0011_a05b00c1d0e0f0g0h1.jpg,3,PP Plastic,3,PP Plastic,0.9999727010726929,1.4787142390559893e-05,7.470775472029345e-06,3.606720383686479e-06,0.9999727010726929,1.3784348311673966e-06
/Users/aswanathjs/Downloads/test10/ai_plastic_waste_management_training/LDPE Plastic/plastic_bags/LDPE-273_jpg.rf.46f79d73feef80e3872b14db1ed5fd17.jpg,1,LDPE Plastic,1,LDPE Plastic,0.9999890327453613,1.017680347104033e-06,0.9999890327453613,2.3341278847510694e-06,6.155786650197115e-06,1.4154230711937998e-06
/Users/aswanathjs/Downloads/test10/ai_plastic_waste_management_training/PET Plastic/black_white_plastic_bottles/dpacg_jpg.rf.33909cd6979777d753c545164ea5477b.jpg,2,PET Plastic,2,PET Plastic,0.9999181032180786,9.278828656533733e-06,8.099369551928248e-06,0.9999181032180786,4.521913797361776e-05,1.927211087604519e-05
/Users/aswanathjs/Downloads/test10/ai_plastic_waste_management_training/PET Plastic/black_white_plastic_bottles/bompe_jpg.rf.b337c58e6b7559d31a26dc524d3bd41d.jpg,2,PET Plastic,2,PET Plastic,0.9999994039535522,1.742942856708396e-07,6.913332128988259e-08,0.9999994039535522,3.2732220489606334e-08,3.1518115406470315e-07
/Users/aswanathjs/Downloads/test10/ai_plastic_waste_management_training/PS Plastic/foam_containers/styrofoam-127-_jpg.rf.ceefe41576d517b7e5577b842405c917.jpg,4,PS Plastic,4,PS Plastic,1.0,2.5780024781596467e-09,4.399106773300687e-11,1.8481902119837912e-10,1.1730004988164122e-11,1.0
/Users/aswanathjs/Downloads/test10/ai_plastic_waste_management_training/HDPE Plastic/milk_bottles/HDPEM291.jpg,0,HDPE Plastic,0,HDPE Plastic,0.9999569654464722,0.9999569654464722,5.059385088657109e-08,4.2400919483043253e-05,6.964387466723565e-08,4.810021891898941e-07
/Users/aswanathjs/Downloads/test10/ai_plastic_waste_management_training/HDPE Plastic/milk_bottles/HDPEM83.jpg,0,HDPE Plastic,0,HDPE Plastic,0.9999998807907104,0.9999998807907104,2.2578984515408962e-10,6.30629628517454e-08,1.0917682757849434e-08,2.9622124753103662e-09
/Users/aswanathjs/Downloads/test10/ai_plastic_waste_management_training/LDPE Plastic/plastic_bags/plasticbag (201).jpg,1,LDPE Plastic,1,LDPE Plastic,0.8888768553733826,0.012661227025091648,0.8888768553733826,0.010345985181629658,0.041746363043785095,0.046369634568691254
/Users/aswanathjs/Downloads/test10/ai_plastic_waste_management_training/LDPE Plastic/plastic_bags/LDPE-297_jpg.rf.8c4a7d4e980cc6a2ba9e1b2c48366280.jpg,1,LDPE Plastic,1,LDPE Plastic,0.9999475479125977,1.615115616004914e-05,0.9999475479125977,2.4300457880599424e-05,9.258824320568237e-06,2.6569587134872563e-06
/Users/aswanathjs/Downloads/test10/ai_plastic_waste_management_training/LDPE Plastic/plastic_bags/LDPE-202_jpg.rf.8ece211624afdeefd2fc79ae3bf49c35.jpg,1,LDPE Plastic,1,LDPE Plastic,0.9999713897705078,4.862938112637494e-06,0.9999713897705078,1.6621457689325325e-05,5.6520707403251436e-06,1.5519422049692366e-06
/Users/aswanathjs/Downloads/test10/ai_plastic_waste_management_training/PET Plastic/shampoo_bottles/0050_a05b00c2d0e1f1g0h2.jpg,2,PET Plastic,2,PET Plastic,0.9999916553497314,7.982094757608138e-06,1.176111581457917e-07,0.9999916553497314,2.5830829031292524e-07,3.9482738856122523e-08
/Users/aswanathjs/Downloads/test10/ai_plastic_waste_management_training/PET Plastic/plastic_bottles/PET926.jpg,2,PET Plastic,2,PET Plastic,0.9999818801879883,1.7353757357341237e-05,1.7894808479468338e-07,0.9999818801879883,4.5263050196808763e-07,2.082816195070336e-07
/Users/aswanathjs/Downloads/test10/ai_plastic_waste_management_training/HDPE Plastic/detergent_bottles/IMG_20220209_182154.jpg,0,HDPE Plastic,0,HDPE Plastic,0.9999727010726929,0.9999727010726929,4.83343910673284e-07,1.5791042642376851e-06,2.513066283427179e-05,1.620412746206057e-07
/Users/aswanathjs/Downloads/test10/ai_plastic_waste_management_training/HDPE Plastic/shampoo_bottles/0075_a02b01c1d2e0f0g0h2.jpg,0,HDPE Plastic,0,HDPE Plastic,1.0,1.0,2.3048449815377126e-09,2.9398297130001083e-08,4.6676188247829486e-08,3.0199405198771956e-09
/Users/aswanathjs/Downloads/test10/ai_plastic_waste_management_training/PET Plastic/plastic_bottles/PET375.jpg,2,PET Plastic,2,PET Plastic,0.9999990463256836,7.581146519441972e-07,3.183103203241444e-08,0.9999990463256836,1.2618626499261154e-07,1.2841455543366465e-07
/Users/aswanathjs/Downloads/test10/ai_plastic_waste_management_training/PET Plastic/black_white_plastic_bottles/bxfwn_jpg.rf.0c6547d324a916a7ee885acbf1395e17.jpg,2,PET Plastic,2,PET Plastic,0.9997163414955139,0.00018051284132525325,3.1441429655387765e-06,0.9997163414955139,8.41794753796421e-05,1.5727478967164643e-05
/Users/aswanathjs/Downloads/test10/ai_plastic_waste_management_training/HDPE Plastic/shampoo_bottiles_grey/0021_a02b01c2d3e1f0g0h2.jpg,0,HDPE Plastic,0,HDPE Plastic,0.9995457530021667,0.9995457530021667,6.639784828621487e-07,0.0002747850085143,0.0001777953002601862,9.799040299185435e-07
/Users/aswanathjs/Downloads/test10/ai_plastic_waste_management_training/HDPE Plastic/shampoo_bottles/0021_a02b01c2d3e1f0g0h2.jpg,0,HDPE Plastic,0,HDPE Plastic,0.9992799162864685,0.9992799162864685,7.146383040890214e-08,0.0007178015657700598,1.2512791727203876e-06,1.0102809255840839e-06
/Users/aswanathjs/Downloads/test10/ai_plastic_waste_management_training/LDPE Plastic/plastic_bags/plasticbag (75).jpg,1,LDPE Plastic,1,LDPE Plastic,0.99985671043396,5.364750904846005e-06,0.99985671043396,5.462215995066799e-06,9.683920507086441e-05,3.5680979635799304e-05
"/Users/aswanathjs/Downloads/test10/ai_plastic_waste_management_training/HDPE Plastic/milk_bottles/HDPEM1,020.JPG",0,HDPE Plastic,0,HDPE Plastic,0.9999992847442627,0.9999992847442627,7.818894420807965e-10,5.929105668656121e-07,3.287587446720863e-08,1.5052224000555725e-07
/Users/aswanathjs/Downloads/test10/ai_plastic_waste_management_training/PP Plastic/square_containers/IMG_20220209_175325.jpg,3,PP Plastic,3,PP Plastic,0.9999991655349731,6.2500856756742e-07,1.7613404068583804e-08,5.858477436504472e-08,0.9999991655349731,1.0747535839072953e-07
/Users/aswanathjs/Downloads/test10/ai_plastic_waste_management_training/PS Plastic/foam_containers/Image_163.png,4,PS Plastic,4,PS Plastic,0.6628714203834534,0.028614871203899384,0.12347523868083954,0.0027811145409941673,0.18225736916065216,0.6628714203834534
"/Users/aswanathjs/Downloads/test10/ai_plastic_waste_management_training/PET Plastic/plastic_bottles/PET1,266.jpg",2,PET Plastic,2,PET Plastic,0.999987006187439,4.8284014155797195e-06,4.954158612235915e-06,0.999987006187439,2.0136872080911417e-06,1.2035505960739101e-06
/Users/aswanathjs/Downloads/test10/ai_plastic_waste_management_training/LDPE Plastic/bubble_wrap/LDPE-93_jpg.rf.acd78e25e55014c37816b6ef602acbec.jpg,1,LDPE Plastic,1,LDPE Plastic,0.9999808073043823,2.1185119294386823e-06,0.9999808073043823,7.526505214627832e-07,1.4041576832823921e-05,2.211049149991595e-06
/Users/aswanathjs/Downloads/test10/ai_plastic_waste_management_training/LDPE Plastic/black_white__plastic_bags/0167_jpg.rf.bfb27df2cd9cef80f5c4a029956180ca.jpg,1,LDPE Plastic,1,LDPE Plastic,0.9999381303787231,2.4812509309413144e-06,0.9999381303787231,1.9400761175347725e-06,5.70924157727859e-06,5.169691939954646e-05
/Users/aswanathjs/Downloads/test10/ai_plastic_waste_management_training/PS Plastic/foam_sheets/IMG_9371_JPG.rf.195f115fb87b77a4f429c91951b50871.jpg,4,PS Plastic,4,PS Plastic,1.0,2.249588362812638e-11,4.3107693414867754e-08,6.686418640988734e-10,1.132197308996441e-12,1.0
/Users/aswanathjs/Downloads/test10/ai_plastic_waste_management_training/PS Plastic/foam_sheets/IMG_9371_JPG.rf.afceb9594b3446cfff27f10dabf23181.jpg,4,PS Plastic,4,PS Plastic,0.9832817912101746,1.0371876690840054e-09,0.01671620085835457,2.0373986444610637e-06,1.1522559989485259e-10,0.9832817912101746
/Users/aswanathjs/Downloads/test10/ai_plastic_waste_management_training/PS Plastic/foam_sheets/IMG_9371_JPG.rf.4bf300e0974a4706b87efc110356229e.jpg,4,PS Plastic,4,PS Plastic,0.9999185800552368,7.380265287793009e-09,7.926701800897717e-05,2.1764706161775393e-06,5.401104008484481e-09,0.9999185800552368
/Users/aswanathjs/Downloads/test10/ai_plastic_waste_management_training/PET Plastic/plastic_bottles/PET739.jpg,2,PET Plastic,2,PET Plastic,0.9974665641784668,0.002474089153110981,4.554043334792368e-05,0.9974665641784668,8.191209417418577e-06,5.6032222346402705e-06
/Users/aswanathjs/Downloads/test10/ai_plastic_waste_management_training/HDPE Plastic/shampoo_bottles/0061_a02b01c1d3e0f1g0h1(1).jpg,0,HDPE Plastic,0,HDPE Plastic,0.9999998807907104,0.9999998807907104,3.5778024987109802e-09,5.880760411969277e-08,4.635775141537124e-08,1.3329412240636884e-07
/Users/aswanathjs/Downloads/test10/ai_plastic_waste_management_training/PET Plastic/plastic_bottles/PET778.jpg,2,PET Plastic,2,PET Plastic,0.9999982118606567,8.183248496607121e-07,3.203133474016795e-07,0.9999982118606567,2.1452792964282708e-07,5.307207402438507e-07
/Users/aswanathjs/Downloads/test10/ai_plastic_waste_management_training/PP Plastic/round_containers/0095_a05b01c1d0e0f0g0h0.jpg,3,PP Plastic,3,PP Plastic,0.9999946355819702,2.460904397594277e-06,8.930945796237211e-07,1.5058020608194056e-06,0.9999946355819702,5.174748594072298e-07
/Users/aswanathjs/Downloads/test10/ai_plastic_waste_management_training/LDPE Plastic/plastic_bags/train_LDPE-68_jpg.rf.fc5826b6c915e1b0aab072f246864480.jpg,1,LDPE Plastic,1,LDPE Plastic,0.9999997615814209,1.6372422351196292e-07,0.9999997615814209,1.0722520471517782e-07,3.039676244043221e-08,2.0347409090959445e-08
/Users/aswanathjs/Downloads/test10/ai_plastic_waste_management_training/PET Plastic/plastic_bottles/PET386.jpg,2,PET Plastic,2,PET Plastic,0.9999996423721313,2.722445344716107e-07,2.7656298584588512e-08,0.9999996423721313,2.233557871988978e-08,6.730439139346345e-08
/Users/aswanathjs/Downloads/test10/ai_plastic_waste_management_training/HDPE Plastic/milk_bottles/P_W (500).jpg,0,HDPE Plastic,0,HDPE Plastic,0.999997615814209,0.999997615814209,6.150636444601787e-09,8.799770512268879e-08,8.458694300550462e-10,2.3051090920489514e-06
/Users/aswanathjs/Downloads/test10/ai_plastic_waste_management_training/HDPE Plastic/milk_bottles/HDPEM469.jpg,0,HDPE Plastic,0,HDPE Plastic,0.9998724460601807,0.9998724460601807,1.2140252181325195e-07,0.00012486845662351698,1.2715386219497304e-06,1.21650612072699e-06
/Users/aswanathjs/Downloads/test10/ai_plastic_waste_management_training/LDPE Plastic/bin_bags/greenbin.png,1,LDPE Plastic,1,LDPE Plastic,0.9957868456840515,0.001052806037478149,0.9957868456840515,4.452914799912833e-05,0.002870319876819849,0.00024549823137931526
/Users/aswanathjs/Downloads/test10/ai_plastic_waste_management_training/LDPE Plastic/bin_bags_grey/greenbin.png,1,LDPE Plastic,1,LDPE Plastic,0.9989515542984009,0.0006657367921434343,0.9989515542984009,6.821910210419446e-05,0.0002490083279553801,6.545436917804182e-05
/Users/aswanathjs/Downloads/test10/ai_plastic_waste_management_training/PP Plastic/round_containers/IMG_20220210_105854.jpg,3,PP Plastic,3,PP Plastic,0.9850063920021057,0.014467240311205387,0.00037856842391192913,0.00013122592645231634,0.9850063920021057,1.652590981393587e-05
/Users/aswanathjs/Downloads/test10/ai_plastic_waste_management_training/HDPE Plastic/detergent_bottles/0096_a02b04c2d0e0f0g0h1.jpg,0,HDPE Plastic,0,HDPE Plastic,0.9999996423721313,0.9999996423721313,4.678366138932688e-08,1.6899218024946094e-08,3.1074046091816854e-07,2.9038112359103252e-08
/Users/aswanathjs/Downloads/test10/ai_plastic_waste_management_training/PET Plastic/plastic_bottles/PET504.jpg,2,PET Plastic,2,PET Plastic,0.9999996423721313,1.2767404200531018e-07,8.485994129614483e-09,0.9999996423721313,1.0397817362672868e-07,5.2763169833269785e-08
/Users/aswanathjs/Downloads/test10/ai_plastic_waste_management_training/LDPE Plastic/bin_bags/Image_69.png,1,LDPE Plastic,1,LDPE Plastic,0.9980559349060059,0.001103135640732944,0.9980559349060059,0.00014294401626102626,0.0004979971563443542,0.00019992787565570325
/Users/aswanathjs/Downloads/test10/ai_plastic_waste_management_training/PP Plastic/square_containers_grey/Image_69.png,1,LDPE Plastic,3,PP Plastic,0.9909188747406006,4.023938163300045e-05,0.00851756427437067,1.349568810837809e-05,0.9909188747406006,0.0005098820547573268
/Users/aswanathjs/Downloads/test10/ai_plastic_waste_management_training/PP Plastic/square_containers/Image_69.png,1,LDPE Plastic,3,PP Plastic,0.9792344570159912,1.2077354767825454e-05,0.02045775204896927,7.828858542779926e-06,0.9792344570159912,0.00028794363606721163
/Users/aswanathjs/Downloads/test10/ai_plastic_waste_management_training/PS Plastic/foam_containers/Image_69.png,1,LDPE Plastic,4,PS Plastic,0.4096250534057617,0.03280702233314514,0.3242115378379822,0.007685356307774782,0.22567102313041687,0.4096250534057617
/Users/aswanathjs/Downloads/test10/ai_plastic_waste_management_training/PET Plastic/black_white_plastic_bottles/arnfl_jpg.rf.3f7c86239864c3296cf7b468b4096163.jpg,2,PET Plastic,2,PET Plastic,0.9335973858833313,0.004067529458552599,0.05501514673233032,0.9335973858833313,0.005498566664755344,0.001821323181502521
/Users/aswanathjs/Downloads/test10/ai_plastic_waste_management_training/HDPE Plastic/milk_bottles/HDPEM68.jpg,0,HDPE Plastic,0,HDPE Plastic,0.9999998807907104,0.9999998807907104,1.3502401419174248e-09,8.862501488238195e-08,2.3074191446426084e-08,1.1991688531054479e-08
/Users/aswanathjs/Downloads/test10/ai_plastic_waste_management_training/PET Plastic/plastic_bottles/PET321.jpg,2,PET Plastic,2,PET Plastic,0.9999997615814209,1.52576603795751e-07,1.603893906576559e-08,0.9999997615814209,6.988784662098624e-08,6.763079540839101e-10
/Users/aswanathjs/Downloads/test10/ai_plastic_waste_management_training/PS Plastic/foam_containers/Image_168.png,4,PS Plastic,4,PS Plastic,0.43444639444351196,0.027193816378712654,0.09587489813566208,0.00982928927987814,0.4326556622982025,0.43444639444351196
/Users/aswanathjs/Downloads/test10/ai_plastic_waste_management_training/HDPE Plastic/milk_bottles/HDPEM196.jpg,0,HDPE Plastic,0,HDPE Plastic,0.9999978542327881,0.9999978542327881,1.4994593300343695e-07,2.7001078706234694e-07,8.516162210980838e-07,9.26927782529674e-07
/Users/aswanathjs/Downloads/test10/ai_plastic_waste_management_training/PP Plastic/round_containers/0095_a05b01c1d1e0f0g0h3.jpg,3,PP Plastic,3,PP Plastic,0.9999988079071045,6.950927513571514e-07,2.407802526249725e-07,1.9684284779941663e-07,0.9999988079071045,2.755465544623803e-08
/Users/aswanathjs/Downloads/test10/ai_plastic_waste_management_training/HDPE Plastic/detergent_bottles/0010_a02b01c1d1e0f1g0h4.jpg,0,HDPE Plastic,0,HDPE Plastic,0.9999998807907104,0.9999998807907104,8.019604536002589e-09,2.119746689288604e-08,9.034436487809216e-08,7.76971020854944e-09
/Users/aswanathjs/Downloads/test10/ai_plastic_waste_management_training/LDPE Plastic/plastic_bags/LDPE-267_jpg.rf.08f5f7fdd6295e5a9f6e699deb3ab5f1.jpg,1,LDPE Plastic,1,LDPE Plastic,0.9999841451644897,1.2088190715076053e-06,0.9999841451644897,1.1470591516626882e-06,1.0421581464470364e-05,3.090727659582626e-06
"/Users/aswanathjs/Downloads/test10/ai_plastic_waste_management_training/PET Plastic/plastic_bottles/PET1,682.jpg",2,PET Plastic,2,PET Plastic,0.9883692264556885,0.00027739195502363145,0.0009501177701167762,0.9883692264556885,0.010381198488175869,2.198543370468542e-05
/Users/aswanathjs/Downloads/test10/ai_plastic_waste_management_training/PP Plastic/round_containers/IMG_20220210_105901.jpg,3,PP Plastic,3,PP Plastic,0.8924793601036072,0.09963887184858322,0.003256978001445532,0.0029375602025538683,0.8924793601036072,0.001687284093350172
/Users/aswanathjs/Downloads/test10/ai_plastic_waste_management_training/HDPE Plastic/detergent_bottles/P_W (498).jpg,0,HDPE Plastic,0,HDPE Plastic,0.9999997615814209,0.9999997615814209,7.642707089416945e-08,2.6092328297977474e-08,1.9698077835528238e-08,1.203690516149436e-07
/Users/aswanathjs/Downloads/test10/ai_plastic_waste_management_training/HDPE Plastic/detergent_botteles_grey/P_W (498).jpg,0,HDPE Plastic,0,HDPE Plastic,0.9997904896736145,0.9997904896736145,3.775412915274501e-05,1.6002708207452088e-06,0.00013807846698909998,3.217192352167331e-05
/Users/aswanathjs/Downloads/test10/ai_plastic_waste_management_training/PP Plastic/round_containers/0035_a06b01c1d0e0f0g0h4.jpg,3,PP Plastic,3,PP Plastic,0.999963641166687,1.3965380958325113e-06,5.2050415888516e-07,3.413380909478292e-05,0.999963641166687,3.919840025901067e-07
/Users/aswanathjs/Downloads/test10/ai_plastic_waste_management_training/PET Plastic/black_white_plastic_bottles/aukjz_jpg.rf.d404c4389f3e6f61d76bf3cef52ebd77.jpg,2,PET Plastic,2,PET Plastic,0.9999501705169678,2.524043884477578e-05,4.492997504712548e-06,0.9999501705169678,8.201970558729954e-06,1.1916123185073957e-05
/Users/aswanathjs/Downloads/test10/ai_plastic_waste_management_training/PET Plastic/shampoo_bottles/0050_a05b00c1d0e1f1g0h0.jpg,2,PET Plastic,2,PET Plastic,0.9999970197677612,4.1650457660580287e-07,4.4692092160403263e-07,0.9999970197677612,1.9989361135230865e-06,3.628242239983592e-08
/Users/aswanathjs/Downloads/test10/ai_plastic_waste_management_training/PET Plastic/plastic_bottles/PET988.jpg,2,PET Plastic,2,PET Plastic,0.9999996423721313,3.5498780448506295e-07,4.6055095737074225e-08,0.9999996423721313,5.832721861054324e-09,3.537483550530851e-08
/Users/aswanathjs/Downloads/test10/ai_plastic_waste_management_training/HDPE Plastic/shampoo_bottles/0078_a02b07c2d3e0f1g0h2.jpg,0,HDPE Plastic,0,HDPE Plastic,0.9999994039535522,0.9999994039535522,4.5542390125774546e-07,3.05635445840835e-08,8.6014672717738e-08,9.291373892494903e-09
/Users/aswanathjs/Downloads/test10/ai_plastic_waste_management_training/HDPE Plastic/milk_bottles/HDPEM189.jpg,0,HDPE Plastic,0,HDPE Plastic,0.9999905824661255,0.9999905824661255,4.1661394334369106e-07,2.622366821469768e-07,6.690913778584218e-07,8.132947186823003e-06
/Users/aswanathjs/Downloads/test10/ai_plastic_waste_management_training/PP Plastic/square_containers/Image_178.png,3,PP Plastic,3,PP Plastic,0.9998986721038818,4.0152612200472504e-05,4.690440255217254e-05,1.2516807146312203e-07,0.9998986721038818,1.4101144188316539e-05
/Users/aswanathjs/Downloads/test10/ai_plastic_waste_management_training/PS Plastic/foam_containers/Image_178.png,3,PP Plastic,3,PP Plastic,0.4531486928462982,0.03693006932735443,0.13417799770832062,0.011506904847919941,0.4531486928462982,0.36423638463020325
/Users/aswanathjs/Downloads/test10/ai_plastic_waste_management_training/PP Plastic/round_containers/0032_a05b01c2d2e0f0g0h0.jpg,3,PP Plastic,3,PP Plastic,0.999783456325531,8.191836241167039e-05,4.067552708875155e-06,0.00012465794861782342,0.999783456325531,5.8916853049595375e-06
/Users/aswanathjs/Downloads/test10/ai_plastic_waste_management_training/PP Plastic/round_containers/IMG_20220209_173243.jpg,3,PP Plastic,3,PP Plastic,0.9998992681503296,9.478797437623143e-05,3.692409563882393e-06,1.1338630656609894e-06,0.9998992681503296,1.1185379662492778e-06
/Users/aswanathjs/Downloads/test10/ai_plastic_waste_management_training/PP Plastic/square_containers_grey/IMG_20220209_173137.jpg,3,PP Plastic,3,PP Plastic,1.0,2.0357546759441902e-08,1.5541704589949745e-09,1.4810181969693303e-09,1.0,3.5155200972525336e-10
/Users/aswanathjs/Downloads/test10/ai_plastic_waste_management_training/PP Plastic/square_containers/IMG_20220209_173137.jpg,3,PP Plastic,3,PP Plastic,1.0,1.2832537699125623e-08,8.627033309949184e-09,1.4696329708741018e-09,1.0,6.75743350164737e-10
/Users/aswanathjs/Downloads/test10/ai_plastic_waste_management_training/HDPE Plastic/milk_bottles/HDPEM69.jpg,0,HDPE Plastic,0,HDPE Plastic,1.0,1.0,1.9529566852583002e-10,8.649885252509648e-09,4.2628460761307e-09,2.461852943724807e-09
/Users/aswanathjs/Downloads/test10/ai_plastic_waste_management_training/PP Plastic/round_containers/IMG_20220209_172725.jpg,3,PP Plastic,3,PP Plastic,0.9998601675033569,8.708550012670457e-05,4.1976272768806666e-05,8.622690074844286e-06,0.9998601675033569,2.1053426735306857e-06
/Users/aswanathjs/Downloads/test10/ai_plastic_waste_management_training/LDPE Plastic/plastic_bags/LDPE-304_jpg.rf.6a4737fb686649f07f91cdd5603931d4.jpg,1,LDPE Plastic,1,LDPE Plastic,1.0,1.853274200769306e-09,1.0,2.079356686834899e-09,1.0439084041635738e-09,2.3920561087464876e-09
/Users/aswanathjs/Downloads/test10/ai_plastic_waste_management_training/HDPE Plastic/shampoo_bottles/0076_a02b06c1d1e0f1g0h2.jpg,0,HDPE Plastic,0,HDPE Plastic,0.9999914169311523,0.9999914169311523,1.2345138600267092e-07,8.297245585708879e-06,2.0022195457158887e-08,1.2496785473103955e-07
/Users/aswanathjs/Downloads/test10/ai_plastic_waste_management_training/PET Plastic/plastic_bottles/PET929.jpg,2,PET Plastic,2,PET Plastic,0.9999886751174927,1.0624380593071692e-05,1.3195194981108216e-07,0.9999886751174927,1.4165750883421424e-07,4.470630017294752e-07
/Users/aswanathjs/Downloads/test10/ai_plastic_waste_management_training/PP Plastic/round_containers/0032_a05b01c2d3e0f0g0h0.jpg,3,PP Plastic,3,PP Plastic,0.9996762275695801,0.0002692237903829664,1.6207644648602582e-06,4.969924339093268e-05,0.9996762275695801,3.2113180168380495e-06
/Users/aswanathjs/Downloads/test10/ai_plastic_waste_management_training/HDPE Plastic/detergent_bottles/P_W (497).jpg,0,HDPE Plastic,0,HDPE Plastic,0.9999990463256836,0.9999990463256836,1.891772569706518e-07,8.53685477864019e-08,1.1027469071223095e-07,4.859463160755695e-07
/Users/aswanathjs/Downloads/test10/ai_plastic_waste_management_training/HDPE Plastic/shampoo_bottles/0061_a02b01c1d0e0f1g0h1.jpg,0,HDPE Plastic,0,HDPE Plastic,0.9999924898147583,0.9999924898147583,1.5001621989085834e-07,2.2098586214269744e-06,6.535501597682014e-07,4.361575975053711e-06
/Users/aswanathjs/Downloads/test10/ai_plastic_waste_management_training/HDPE Plastic/shampoo_bottles/0075_a02b01c2d2e0f0g0h2.jpg,0,HDPE Plastic,0,HDPE Plastic,1.0,1.0,1.4730821007447048e-09,2.597430714956772e-08,4.1765954250649884e-08,2.331177917369587e-09
/Users/aswanathjs/Downloads/test10/ai_plastic_waste_management_training/LDPE Plastic/plastic_bags/LDPE-540_jpg.rf.422bc66460f31f2bfe56acaf6490d8be.jpg,1,LDPE Plastic,1,LDPE Plastic,0.9997005462646484,0.00012387589958962053,0.9997005462646484,2.2290507331490517e-05,5.999869972583838e-05,9.333324851468205e-05
/Users/aswanathjs/Downloads/test10/ai_plastic_waste_management_training/PET Plastic/shampoo_bottles/0050_a05b00c2d3e1f1g0h3.jpg,2,PET Plastic,2,PET Plastic,1.0,4.8125503582241436e-09,9.96496218874654e-09,1.0,1.9044819055125117e-09,8.667586093302759e-10
"/Users/aswanathjs/Downloads/test10/ai_plastic_waste_management_training/PET Plastic/plastic_bottles/PET1,019.jpg",2,PET Plastic,2,PET Plastic,0.9999997615814209,1.0105417658223814e-07,1.4319995500500227e-07,0.9999997615814209,2.6593292012933034e-09,6.009992503663852e-09
/Users/aswanathjs/Downloads/test10/ai_plastic_waste_management_training/HDPE Plastic/milk_bottles/HDPEM363.jpg,0,HDPE Plastic,0,HDPE Plastic,0.9999898672103882,0.9999898672103882,3.933994037197408e-07,9.566570042807143e-07,5.9906524256803095e-06,2.75953038908483e-06
/Users/aswanathjs/Downloads/test10/ai_plastic_waste_management_training/PS Plastic/foam_sheets/PS-757_jpg.rf.9e920e626766a1795cd9085be3b44eda.jpg,4,PS Plastic,4,PS Plastic,0.9999971389770508,2.6606226128933486e-06,5.708179173780081e-08,6.685003484108165e-08,5.5456574443724094e-08,0.9999971389770508
/Users/aswanathjs/Downloads/test10/ai_plastic_waste_management_training/LDPE Plastic/plastic_bags/LDPE-382_jpg.rf.81219eceeb06ef2a9b2549721bc03643.jpg,1,LDPE Plastic,1,LDPE Plastic,0.9999998807907104,7.061661921881068e-09,0.9999998807907104,8.691014130590702e-09,1.3510240037817312e-08,7.366396914676443e-08
/Users/aswanathjs/Downloads/test10/ai_plastic_waste_management_training/PP Plastic/irregular_containers/train_PP-55_jpg.rf.8c2c94bed4bde80d5205e6898c5ba4ce.jpg,3,PP Plastic,3,PP Plastic,0.9999998807907104,7.090250875307902e-08,8.172179377652355e-09,6.495319837540592e-08,0.9999998807907104,8.557790032170942e-09
/Users/aswanathjs/Downloads/test10/ai_plastic_waste_management_training/PET Plastic/plastic_bottles/PET962.jpg,2,PET Plastic,2,PET Plastic,1.0,1.4819592220050026e-09,1.9062543210601746e-10,1.0,6.76398437260417e-10,5.278376624673342e-10
/Users/aswanathjs/Downloads/test10/ai_plastic_waste_management_training/PET Plastic/black_white_plastic_bottles/covrq_jpg.rf.bc93fdb5afb3d0650a66d76e971b8ac5.jpg,2,PET Plastic,2,PET Plastic,0.9976319074630737,0.0010798765579238534,0.0006509577506221831,0.9976319074630737,0.00038124946877360344,0.0002560118737164885
/Users/aswanathjs/Downloads/test10/ai_plastic_waste_management_training/LDPE Plastic/black_white__plastic_bags/0145_jpg.rf.17daf4d0b51d83ccf09f95bde89f1452.jpg,1,LDPE Plastic,1,LDPE Plastic,0.9997434020042419,3.5494729672791436e-05,0.9997434020042419,6.805901193729369e-06,0.00020395130559336394,1.0422701052448247e-05
/Users/aswanathjs/Downloads/test10/ai_plastic_waste_management_training/PET Plastic/plastic_bottles/PET790.jpg,2,PET Plastic,2,PET Plastic,0.9999982118606567,9.925404356181389e-07,6.783064918636228e-07,0.9999982118606567,9.054105021277792e-08,1.2174407970633183e-07
"/Users/aswanathjs/Downloads/test10/ai_plastic_waste_management_training/PET Plastic/plastic_bottles/PET1,270.jpg",2,PET Plastic,2,PET Plastic,0.9998807907104492,7.678108522668481e-05,7.879444638092536e-06,0.9998807907104492,2.9059441658318974e-05,5.421560217655497e-06
/Users/aswanathjs/Downloads/test10/ai_plastic_waste_management_training/PP Plastic/round_containers/IMG_20220209_173451.jpg,3,PP Plastic,3,PP Plastic,1.0,5.322770002536004e-10,8.118515304467167e-10,8.056023903524334e-11,1.0,9.087649903427586e-12
/Users/aswanathjs/Downloads/test10/ai_plastic_waste_management_training/LDPE Plastic/plastic_bags/LDPE-399_jpg.rf.55d36afa8afe74c2e3877698b625e26e.jpg,1,LDPE Plastic,1,LDPE Plastic,0.9999853372573853,1.2441586250133696e-06,0.9999853372573853,1.2951027201779652e-06,2.320954081369564e-06,9.832305295276456e-06
"/Users/aswanathjs/Downloads/test10/ai_plastic_waste_management_training/PET Plastic/plastic_bottles/PET1,718.jpg",2,PET Plastic,2,PET Plastic,0.9876113533973694,0.011681754142045975,8.872523176250979e-05,0.9876113533973694,0.0005568992928601801,6.121471233200282e-05
/Users/aswanathjs/Downloads/test10/ai_plastic_waste_management_training/PET Plastic/plastic_bottles/PET833.jpg,2,PET Plastic,2,PET Plastic,0.9998946189880371,1.13127152872039e-05,8.988735498860478e-05,0.9998946189880371,1.4805763157710317e-06,2.593699264252791e-06
/Users/aswanathjs/Downloads/test10/ai_plastic_waste_management_training/PP Plastic/round_containers/0031_a05b01c1d0e0f0g0h0.jpg,3,PP Plastic,3,PP Plastic,0.9433257579803467,0.056346599012613297,0.00025992258451879025,1.597606205905322e-05,0.9433257579803467,5.183525718166493e-05
/Users/aswanathjs/Downloads/test10/ai_plastic_waste_management_training/HDPE Plastic/milk_bottles/P_W (1042).jpg,0,HDPE Plastic,0,HDPE Plastic,0.9999988079071045,0.9999988079071045,8.43809914385929e-07,3.6532128433464095e-08,1.4107288848208555e-07,2.815065442973719e-07
/Users/aswanathjs/Downloads/test10/ai_plastic_waste_management_training/HDPE Plastic/shampoo_bottles/0077_a02b01c2d0e0f1g0h3.jpg,0,HDPE Plastic,0,HDPE Plastic,0.9999979734420776,0.9999979734420776,2.9544824542426795e-07,1.4399938663700595e-06,6.620927450740055e-08,1.8936621870579984e-07
/Users/aswanathjs/Downloads/test10/ai_plastic_waste_management_training/HDPE Plastic/detergent_bottles/finish.jpg,0,HDPE Plastic,0,HDPE Plastic,0.9999955892562866,0.9999955892562866,1.2894420251541305e-06,1.282740299757279e-06,7.58979794568404e-08,1.834084628171695e-06
/Users/aswanathjs/Downloads/test10/ai_plastic_waste_management_training/PP Plastic/square_containers_grey/0011_a05b00c2d3e0f0g0h2.jpg,3,PP Plastic,3,PP Plastic,0.9999996423721313,8.145586605223798e-08,1.935477023096155e-08,3.074584355999832e-07,0.9999996423721313,3.309014173780156e-09
/Users/aswanathjs/Downloads/test10/ai_plastic_waste_management_training/PP Plastic/rectangle_containers/0011_a05b00c2d3e0f0g0h2.jpg,3,PP Plastic,3,PP Plastic,0.9999865293502808,4.496360475059191e-07,1.0456509613732123e-07,1.2858404261351097e-05,0.9999865293502808,5.811305214820095e-08
/Users/aswanathjs/Downloads/test10/ai_plastic_waste_management_training/PP Plastic/square_containers/0011_a05b00c2d3e0f0g0h2.jpg,3,PP Plastic,3,PP Plastic,0.9999865293502808,4.496360475059191e-07,1.0456509613732123e-07,1.2858404261351097e-05,0.9999865293502808,5.811305214820095e-08
/Users/aswanathjs/Downloads/test10/ai_plastic_waste_management_training/PET Plastic/shampoo_bottles/0050_a05b00c1d1e1f1g0h2.jpg,2,PET Plastic,2,PET Plastic,0.9999977350234985,2.0487643723754445e-06,6.398546048558273e-08,0.9999977350234985,1.1511606601288804e-07,8.193465461658889e-09
/Users/aswanathjs/Downloads/test10/ai_plastic_waste_management_training/HDPE Plastic/milk_bottles/HDPEM58.jpg,0,HDPE Plastic,0,HDPE Plastic,1.0,1.0,3.5535760445348785e-10,1.3305826440657142e-09,5.8033752026176444e-08,6.631550308888734e-10
/Users/aswanathjs/Downloads/test10/ai_plastic_waste_management_training/HDPE Plastic/milk_bottles_grey/HDPEM58.jpg,0,HDPE Plastic,0,HDPE Plastic,0.9999674558639526,0.9999674558639526,1.1485083462048351e-07,7.198184448498068e-08,3.2181145797949284e-05,1.2279852512619982e-07
/Users/aswanathjs/Downloads/test10/ai_plastic_waste_management_training/HDPE Plastic/milk_bottles/HDPEM144.jpg,0,HDPE Plastic,0,HDPE Plastic,0.9999957084655762,0.9999957084655762,2.369497131837761e-08,3.1575839329889277e-06,1.021128696265805e-06,9.221499652767307e-08
/Users/aswanathjs/Downloads/test10/ai_plastic_waste_management_training/PET Plastic/black_white_plastic_bottles/crhvi_jpg.rf.48f9aed63469779d4cfbf4b3b4b1ce1c.jpg,2,PET Plastic,2,PET Plastic,0.9999878406524658,5.5040823099261615e-06,1.2909885072076577e-06,0.9999878406524658,3.109394356215489e-06,2.195226898038527e-06
"/Users/aswanathjs/Downloads/test10/ai_plastic_waste_management_training/PET Plastic/plastic_bottles/PET1,134.jpg",2,PET Plastic,2,PET Plastic,0.9999997615814209,1.0832909680402736e-07,1.2310842123497423e-07,0.9999997615814209,8.200236933930682e-09,3.203404208562688e-09
/Users/aswanathjs/Downloads/test10/ai_plastic_waste_management_training/HDPE Plastic/milk_bottles/HDPEM289.jpg,0,HDPE Plastic,0,HDPE Plastic,0.9999805688858032,0.9999805688858032,3.1078450035693095e-08,1.886568861664273e-05,2.312866058673535e-07,3.464429028099403e-07
/Users/aswanathjs/Downloads/test10/ai_plastic_waste_management_training/HDPE Plastic/shampoo_bottles/0061_a02b01c1d2e0f1g0h0.jpg,0,HDPE Plastic,0,HDPE Plastic,0.9998729228973389,0.9998729228973389,1.0263350304740015e-05,5.852313552168198e-05,8.05680247140117e-06,5.020823664381169e-05
/Users/aswanathjs/Downloads/test10/ai_plastic_waste_management_training/HDPE Plastic/shampoo_bottles/0065_a02b03c2d1e0f1g0h4.jpg,0,HDPE Plastic,0,HDPE Plastic,1.0,1.0,2.0960070484798976e-11,2.868293380586806e-10,1.2416311312435369e-09,9.070873913108457e-11
"/Users/aswanathjs/Downloads/test10/ai_plastic_waste_management_training/PET Plastic/plastic_bottles/PET1,253.jpg",2,PET Plastic,2,PET Plastic,1.0,1.2580829711339447e-08,4.1030823183518805e-09,1.0,3.241303403456186e-08,5.423353988120994e-10
"/Users/aswanathjs/Downloads/test10/ai_plastic_waste_management_training/PET Plastic/plastic_bottles/PET1,502.jpg",2,PET Plastic,2,PET Plastic,0.9999146461486816,3.581611599656753e-05,3.056811328860931e-05,0.9999146461486816,8.647073627798818e-06,1.0365964953962248e-05
/Users/aswanathjs/Downloads/test10/ai_plastic_waste_management_training/PET Plastic/black_white_plastic_bottles/aznsw_jpg.rf.7864545913a69ecd6256c025d2b5853e.jpg,2,PET Plastic,2,PET Plastic,0.9997938275337219,0.00017078756354749203,5.768756636825856e-07,0.9997938275337219,9.945580131898168e-06,2.4927710910560563e-05
/Users/aswanathjs/Downloads/test10/ai_plastic_waste_management_training/HDPE Plastic/milk_bottles/HDPEM130.jpg,0,HDPE Plastic,0,HDPE Plastic,0.9999998807907104,0.9999998807907104,1.758875683988137e-10,1.2398136961522255e-09,6.09922850003386e-08,1.3868790560422894e-09
/Users/aswanathjs/Downloads/test10/ai_plastic_waste_management_training/PET Plastic/shampoo_bottles/IMG_20220209_220305.jpg,2,PET Plastic,2,PET Plastic,0.6284196972846985,0.23298780620098114,0.0023657428100705147,0.6284196972846985,0.13156628608703613,0.004660503473132849
/Users/aswanathjs/Downloads/test10/ai_plastic_waste_management_training/HDPE Plastic/milk_bottles/HDPEM266.jpg,0,HDPE Plastic,0,HDPE Plastic,0.9999997615814209,0.9999997615814209,4.53352058116252e-08,4.66003875487786e-08,1.5010101606094395e-07,1.3087404937550673e-08
/Users/aswanathjs/Downloads/test10/ai_plastic_waste_management_training/HDPE Plastic/milk_bottles/HDPEM11.jpg,0,HDPE Plastic,0,HDPE Plastic,0.9999797344207764,0.9999797344207764,2.7881642381544225e-06,2.1151269891106494e-07,8.996167366603913e-08,1.719924148346763e-05
/Users/aswanathjs/Downloads/test10/ai_plastic_waste_management_training/HDPE Plastic/shampoo_bottles/0078_a02b07c2d2e0f1g0h1.jpg,0,HDPE Plastic,0,HDPE Plastic,1.0,1.0,2.18369263643714e-11,1.446120112547078e-09,1.6876619893246847e-11,9.181121141121906e-12
/Users/aswanathjs/Downloads/test10/ai_plastic_waste_management_training/LDPE Plastic/black_white__plastic_bags/0129_jpg.rf.ae6a8d268dbd6910c95e855cf06cd7f9.jpg,1,LDPE Plastic,1,LDPE Plastic,0.983059287071228,0.01179670449346304,0.983059287071228,0.0002480628900229931,0.002882239408791065,0.002013645600527525
/Users/aswanathjs/Downloads/test10/ai_plastic_waste_management_training/PET Plastic/black_white_plastic_bottles/amyit_jpg.rf.5a1bf148fd2170f04ec49c8ee841b105.jpg,2,PET Plastic,2,PET Plastic,0.9995487332344055,0.00014137574180494994,1.2466344742279034e-05,0.9995487332344055,0.00023194411187432706,6.546865188283846e-05
/Users/aswanathjs/Downloads/test10/ai_plastic_waste_management_training/HDPE Plastic/shampoo_bottles/0063_a02b01c1d1e0f1g1h4.jpg,0,HDPE Plastic,0,HDPE Plastic,0.9999990463256836,0.9999990463256836,2.2493588858196745e-07,5.760467729487573e-07,4.765388439409435e-08,7.773532217925094e-08
/Users/aswanathjs/Downloads/test10/ai_plastic_waste_management_training/HDPE Plastic/shampoo_bottles/0063_a02b01c1d1e0f1g1h2.jpg,0,HDPE Plastic,0,HDPE Plastic,0.9998756647109985,0.9998756647109985,6.941828360140789e-06,1.5034563602966955e-06,0.00011074982467107475,5.148741365701426e-06
"/Users/aswanathjs/Downloads/test10/ai_plastic_waste_management_training/PET Plastic/plastic_bottles/PET1,203.jpg",2,PET Plastic,2,PET Plastic,0.9999966621398926,3.2390752835453895e-07,2.4419914552709088e-06,0.9999966621398926,5.250723802419088e-07,8.035322451860338e-08
/Users/aswanathjs/Downloads/test10/ai_plastic_waste_management_training/PP Plastic/round_containers/0043_a06b01c1d1e0f0g0h4.jpg,3,PP Plastic,3,PP Plastic,0.9990562796592712,0.0008821458322927356,5.1178452849853784e-05,1.2377221310089226e-06,0.9990562796592712,9.128676538239233e-06
/Users/aswanathjs/Downloads/test10/ai_plastic_waste_management_training/HDPE Plastic/shampoo_bottles/0061_a02b01c1d0e0f1g0h3.jpg,0,HDPE Plastic,0,HDPE Plastic,0.9999945163726807,0.9999945163726807,8.655553074277123e-08,4.858060833612399e-07,3.12349698106118e-06,1.8240353938381304e-06
/Users/aswanathjs/Downloads/test10/ai_plastic_waste_management_training/LDPE Plastic/plastic_bags/LDPE-14_jpg.rf.ab69978daed73af447299f1983365e66.jpg,1,LDPE Plastic,1,LDPE Plastic,0.9999926090240479,4.5405672608467285e-06,0.9999926090240479,6.092803914725664e-07,2.1462360564328264e-06,1.5265761987848236e-07
/Users/aswanathjs/Downloads/test10/ai_plastic_waste_management_training/HDPE Plastic/shampoo_bottles/0061_a02b01c2d1e0f1g0h1(1).jpg,0,HDPE Plastic,0,HDPE Plastic,0.9999446868896484,0.9999446868896484,5.218086243985454e-06,6.449458851420786e-06,1.1654462468868587e-05,3.19970422424376e-05
/Users/aswanathjs/Downloads/test10/ai_plastic_waste_management_training/PP Plastic/round_containers/0044_a06b01c1d2e0f0g0h4.jpg,3,PP Plastic,3,PP Plastic,0.9874561429023743,0.012356420047581196,9.126318764174357e-05,4.691258436650969e-05,0.9874561429023743,4.92802428198047e-05
/Users/aswanathjs/Downloads/test10/ai_plastic_waste_management_training/PS Plastic/foam_sheets/PS-738_jpg.rf.16d2cdfe8999d6e332e483dac5beca65.jpg,4,PS Plastic,4,PS Plastic,0.9999834299087524,3.6891651689074934e-06,3.733050789378467e-06,9.958879445548519e-07,8.218466973630711e-06,0.9999834299087524
/Users/aswanathjs/Downloads/test10/ai_plastic_waste_management_training/LDPE Plastic/plastic_bags/plasticbag (120).jpg,1,LDPE Plastic,1,LDPE Plastic,0.9999995231628418,1.7473966806846875e-07,0.9999995231628418,6.204167135592797e-08,2.0568295511225188e-08,1.929795701016701e-07
/Users/aswanathjs/Downloads/test10/ai_plastic_waste_management_training/HDPE Plastic/detergent_bottles/0096_a02b04c1d1e0f0g0h4.jpg,0,HDPE Plastic,0,HDPE Plastic,0.9999998807907104,0.9999998807907104,6.3177174602913055e-09,1.4998282615863445e-09,1.1567415469926345e-07,1.389092929571234e-08
/Users/aswanathjs/Downloads/test10/ai_plastic_waste_management_training/HDPE Plastic/milk_bottles/HDPEM387.jpg,0,HDPE Plastic,0,HDPE Plastic,0.9999997615814209,0.9999997615814209,3.366559653272816e-08,1.4960797045660001e-09,5.1164700920480755e-08,1.4699455164191022e-07
/Users/aswanathjs/Downloads/test10/ai_plastic_waste_management_training/HDPE Plastic/milk_bottles/HDPEM97.jpg,0,HDPE Plastic,0,HDPE Plastic,0.9999971389770508,0.9999971389770508,1.2696673046264095e-08,2.001561369979754e-06,6.838344006609987e-07,1.5096068750608538e-07
/Users/aswanathjs/Downloads/test10/ai_plastic_waste_management_training/PP Plastic/irregular_containers/train_PP-77_jpg.rf.4b2f1cf2391ee884d4caa557cc60d005.jpg,3,PP Plastic,3,PP Plastic,0.9999585151672363,3.451759411632338e-08,3.856359398923814e-05,2.608162503747735e-06,0.9999585151672363,2.4307374246745894e-07
/Users/aswanathjs/Downloads/test10/ai_plastic_waste_management_training/PS Plastic/foam_containers/Image_23.png,4,PS Plastic,4,PS Plastic,0.6343082189559937,0.03916037827730179,0.1146685779094696,0.013341674581170082,0.19852113723754883,0.6343082189559937
/Users/aswanathjs/Downloads/test10/ai_plastic_waste_management_training/LDPE Plastic/plastic_bags/plasticbag (32).jpg,1,LDPE Plastic,1,LDPE Plastic,0.9999579191207886,3.0555659122910583e-06,0.9999579191207886,1.3954689848105772e-06,1.3236596714705229e-05,2.4366057914448902e-05
/Users/aswanathjs/Downloads/test10/ai_plastic_waste_management_training/LDPE Plastic/plastic_bags/LDPE-316_jpg.rf.83ca2f22ad905e488516a44d976149f5.jpg,1,LDPE Plastic,1,LDPE Plastic,1.0,2.792001629892127e-10,1.0,8.75822303569862e-10,9.663688599337306e-11,3.576231810686892e-10
/Users/aswanathjs/Downloads/test10/ai_plastic_waste_management_training/PS Plastic/foam_containers/0058_a06b01c1d1e0f0g0h2.jpg,4,PS Plastic,4,PS Plastic,0.9999988079071045,9.96035282696539e-07,5.047923679057931e-08,5.943439163047515e-08,2.0360327823709667e-07,0.9999988079071045
"/Users/aswanathjs/Downloads/test10/ai_plastic_waste_management_training/PET Plastic/plastic_bottles/PET1,347.jpg",2,PET Plastic,2,PET Plastic,0.9999591112136841,3.685744013637304e-05,3.461019275619037e-07,0.9999591112136841,3.638891939772293e-06,1.3139303689513326e-07
/Users/aswanathjs/Downloads/test10/ai_plastic_waste_management_training/HDPE Plastic/shampoo_bottles/0077_a02b01c1d0e0f1g0h4.jpg,0,HDPE Plastic,0,HDPE Plastic,0.9999998807907104,0.9999998807907104,3.184270180867088e-09,1.468411312544049e-07,5.543795422724429e-10,1.560995066540727e-08
/Users/aswanathjs/Downloads/test10/ai_plastic_waste_management_training/PP Plastic/rectangle_containers/train_PP-34-_jpg.rf.f55235ecaa1a8ecd391b63c35e33b0e1.jpg,3,PP Plastic,3,PP Plastic,0.99155592918396,0.0008595958934165537,0.0035107319708913565,9.444519491808023e-06,0.99155592918396,0.004064306151121855
/Users/aswanathjs/Downloads/test10/ai_plastic_waste_management_training/PP Plastic/rectangle_containers_grey/train_PP-34-_jpg.rf.f55235ecaa1a8ecd391b63c35e33b0e1.jpg,3,PP Plastic,3,PP Plastic,0.9982643723487854,0.00011784657544922084,0.0010542112868279219,1.0057415238406975e-06,0.9982643723487854,0.0005625009653158486
/Users/aswanathjs/Downloads/test10/ai_plastic_waste_management_training/LDPE Plastic/plastic_bags/plasticbag (43).jpg,1,LDPE Plastic,1,LDPE Plastic,0.9997010827064514,3.274604387115687e-05,0.9997010827064514,4.870598331763176e-06,1.6600901290075853e-05,0.0002447099541313946
/Users/aswanathjs/Downloads/test10/ai_plastic_waste_management_training/PET Plastic/plastic_bottles/PET287.jpg,2,PET Plastic,2,PET Plastic,0.9999520778656006,4.72795836685691e-05,5.409692676039413e-07,0.9999520778656006,5.564006477776218e-10,1.1275831823809312e-08
"/Users/aswanathjs/Downloads/test10/ai_plastic_waste_management_training/PET Plastic/plastic_bottles/PET1,285.jpg",2,PET Plastic,2,PET Plastic,0.999962329864502,3.454211400821805e-05,1.2127717354815104e-06,0.999962329864502,1.3506461300494266e-06,4.542016824871098e-07
/Users/aswanathjs/Downloads/test10/ai_plastic_waste_management_training/PET Plastic/black_white_plastic_bottles/dbeav_jpg.rf.94dea5a2435a077ef60c927ecc8f40c4.jpg,2,PET Plastic,2,PET Plastic,0.999992847442627,2.531073278078111e-06,4.1058288502426876e-07,0.999992847442627,1.3996454981679562e-06,2.8235112949914765e-06
/Users/aswanathjs/Downloads/test10/ai_plastic_waste_management_training/PET Plastic/black_white_plastic_bottles/cjdyf_jpg.rf.256e5435b5cf40af12fda51f80f22b06.jpg,2,PET Plastic,2,PET Plastic,0.9999421834945679,1.8442849977873266e-05,9.477426829107571e-06,0.9999421834945679,1.8277629351359792e-05,1.158633403974818e-05
/Users/aswanathjs/Downloads/test10/ai_plastic_waste_management_training/LDPE Plastic/plastic_bags/plasticbag (63).jpg,1,LDPE Plastic,1,LDPE Plastic,0.9999234676361084,1.2155458534834906e-05,0.9999234676361084,4.78863491082393e-08,5.689702447853051e-05,7.421729605994187e-06
/Users/aswanathjs/Downloads/test10/ai_plastic_waste_management_training/PP Plastic/rectangle_containers/0011_a05b00c2d3e0f0g0h0.jpg,3,PP Plastic,3,PP Plastic,0.9995015859603882,0.00010507710976526141,6.672737526969286e-06,0.00038413662696257234,0.9995015859603882,2.5727831598487683e-06
/Users/aswanathjs/Downloads/test10/ai_plastic_waste_management_training/PP Plastic/square_containers/0011_a05b00c2d3e0f0g0h0.jpg,3,PP Plastic,3,PP Plastic,0.9995015859603882,0.00010507710976526141,6.672737526969286e-06,0.00038413662696257234,0.9995015859603882,2.5727831598487683e-06
/Users/aswanathjs/Downloads/test10/ai_plastic_waste_management_training/PET Plastic/shampoo_bottles/0080_a05b00c1d3e0f1g0h4.jpg,2,PET Plastic,2,PET Plastic,0.9999741315841675,7.691236532991752e-06,1.8500425369438744e-07,0.9999741315841675,1.679454362601973e-05,1.2479757742767106e-06
/Users/aswanathjs/Downloads/test10/ai_plastic_waste_management_training/LDPE Plastic/plastic_bags/plasticbag (67).jpg,1,LDPE Plastic,1,LDPE Plastic,0.9999734163284302,1.697015068202745e-05,0.9999734163284302,1.2441668673091044e-07,7.062745225994149e-06,2.477717771398602e-06
/Users/aswanathjs/Downloads/test10/ai_plastic_waste_management_training/HDPE Plastic/milk_bottles/HDPEM118.jpg,0,HDPE Plastic,0,HDPE Plastic,0.9999954700469971,0.9999954700469971,7.996871609350364e-09,4.1110524762189016e-06,2.506715759409417e-07,1.8629519615842582e-07
/Users/aswanathjs/Downloads/test10/ai_plastic_waste_management_training/HDPE Plastic/shampoo_bottles/0076_a02b06c2d3e0f1g0h1.jpg,0,HDPE Plastic,0,HDPE Plastic,1.0,1.0,5.693264082395899e-09,1.2711004693244377e-08,4.6263313180361365e-09,3.948289695188123e-09
/Users/aswanathjs/Downloads/test10/ai_plastic_waste_management_training/LDPE Plastic/plastic_bags/LDPE-550_jpg.rf.3fd6e176828d49db1ae5409b73cc46dc.jpg,1,LDPE Plastic,1,LDPE Plastic,0.9998977184295654,1.3926032806921285e-05,0.9998977184295654,1.8596875861476292e-06,4.322219319874421e-05,4.321271262597293e-05
/Users/aswanathjs/Downloads/test10/ai_plastic_waste_management_training/LDPE Plastic/plastic_bags/train_LDPE-35_jpg.rf.83dfa5eda3f82cf88195daaaa429e567.jpg,1,LDPE Plastic,1,LDPE Plastic,0.9998719692230225,0.00011994502710876986,0.9998719692230225,6.378742796186998e-07,4.37780136053334e-06,3.031908590855892e-06
/Users/aswanathjs/Downloads/test10/ai_plastic_waste_management_training/PS Plastic/foam_containers/Image_95.png,4,PS Plastic,4,PS Plastic,0.48443856835365295,0.02419268526136875,0.14494718611240387,0.010688651353120804,0.33573293685913086,0.48443856835365295
"/Users/aswanathjs/Downloads/test10/ai_plastic_waste_management_training/PET Plastic/plastic_bottles/PET1,453.jpg",2,PET Plastic,2,PET Plastic,0.999915361404419,1.785918175301049e-05,2.0317443159001414e-06,0.999915361404419,6.17214827798307e-05,2.97097722068429e-06
"/Users/aswanathjs/Downloads/test10/ai_plastic_waste_management_training/PET Plastic/plastic_bottles/PET1,060.jpg",2,PET Plastic,2,PET Plastic,0.9999837875366211,2.833536427715444e-06,1.0920230124611408e-05,0.9999837875366211,1.6716032860131236e-06,7.629298011124774e-07
/Users/aswanathjs/Downloads/test10/ai_plastic_waste_management_training/LDPE Plastic/plastic_bags/plasticbag (203).jpg,1,LDPE Plastic,1,LDPE Plastic,0.9997314810752869,2.0927413970639464e-06,0.9997314810752869,8.077795854433134e-08,5.421309197117807e-06,0.00026098720263689756
"/Users/aswanathjs/Downloads/test10/ai_plastic_waste_management_training/PET Plastic/plastic_bottles/PET1,170.jpg",2,PET Plastic,2,PET Plastic,1.0,2.502445362040362e-08,4.7905913902468455e-08,1.0,5.607432851384431e-10,1.8984398497678967e-09
/Users/aswanathjs/Downloads/test10/ai_plastic_waste_management_training/HDPE Plastic/detergent_bottles/0098_a02b03c1d3e0f0g0h2.jpg,0,HDPE Plastic,0,HDPE Plastic,1.0,1.0,2.034983848098193e-10,1.1929215948391914e-10,2.537211551967289e-09,6.659534035335923e-11
/Users/aswanathjs/Downloads/test10/ai_plastic_waste_management_training/HDPE Plastic/detergent_bottles/0096_a02b04c1d1e0f0g0h0.jpg,0,HDPE Plastic,0,HDPE Plastic,0.9999997615814209,0.9999997615814209,1.3121493225298764e-07,1.126405191342883e-08,1.073795203865302e-07,2.3259598691538486e-08
/Users/aswanathjs/Downloads/test10/ai_plastic_waste_management_training/PS Plastic/foam_containers/Image_158.png,4,PS Plastic,4,PS Plastic,0.6583588123321533,0.037955280393362045,0.07875055819749832,0.005839151330292225,0.21909616887569427,0.6583588123321533
/Users/aswanathjs/Downloads/test10/ai_plastic_waste_management_training/PET Plastic/plastic_bottles/PET812.jpg,2,PET Plastic,2,PET Plastic,0.9999997615814209,1.9681740681676274e-08,1.9836987519283866e-07,0.9999997615814209,3.107488044662432e-09,4.21779677850509e-09
/Users/aswanathjs/Downloads/test10/ai_plastic_waste_management_training/LDPE Plastic/black_white__plastic_bags/0300_jpg.rf.3e144ddad01220b31b104cefe54d3b4f.jpg,1,LDPE Plastic,1,LDPE Plastic,0.9999669790267944,3.0893181246938184e-05,0.9999669790267944,3.085660580381955e-07,1.389760768688575e-07,1.6394925523854909e-06
"/Users/aswanathjs/Downloads/test10/ai_plastic_waste_management_training/PET Plastic/plastic_bottles/PET1,464.jpg",2,PET Plastic,2,PET Plastic,0.9765450358390808,0.008234275504946709,0.0001589963649166748,0.9765450358390808,0.01496385969221592,9.778103412827477e-05
/Users/aswanathjs/Downloads/test10/ai_plastic_waste_management_training/PS Plastic/foam_containers/Image_210.png,4,PS Plastic,4,PS Plastic,0.9593551158905029,0.0012982708867639303,0.0035595018416643143,0.00041685058386065066,0.03537025302648544,0.9593551158905029
/Users/aswanathjs/Downloads/test10/ai_plastic_waste_management_training/PET Plastic/black_white_plastic_bottles/bgptc_jpg.rf.dab44768825d858df269e2ea67e18976.jpg,2,PET Plastic,2,PET Plastic,0.9999877214431763,4.4446915126172826e-06,4.4148955566925e-06,0.9999877214431763,6.364781484080595e-07,2.818866505549522e-06
/Users/aswanathjs/Downloads/test10/ai_plastic_waste_management_training/PP Plastic/round_containers/0095_a05b01c1d3e0f0g0h2.jpg,3,PP Plastic,3,PP Plastic,0.995731770992279,0.004180861171334982,2.8381135052768514e-05,5.0308175559621304e-05,0.995731770992279,8.737923963053618e-06
/Users/aswanathjs/Downloads/test10/ai_plastic_waste_management_training/PP Plastic/round_containers_grey/0095_a05b01c1d3e0f0g0h2.jpg,3,PP Plastic,3,PP Plastic,0.9976018071174622,0.002188561949878931,7.17903021723032e-05,7.701841968810186e-05,0.9976018071174622,6.075495548429899e-05
/Users/aswanathjs/Downloads/test10/ai_plastic_waste_management_training/HDPE Plastic/detergent_bottles/0096_a02b04c1d3e0f0g0h4.jpg,0,HDPE Plastic,0,HDPE Plastic,0.9999970197677612,0.9999970197677612,1.207908098876942e-06,1.7674742025519663e-07,6.790305633330718e-07,9.362323112327431e-07
/Users/aswanathjs/Downloads/test10/ai_plastic_waste_management_training/HDPE Plastic/milk_bottles/HDPEM254.jpg,0,HDPE Plastic,0,HDPE Plastic,0.9999744892120361,0.9999744892120361,2.912498189289181e-07,1.957775020855479e-05,3.341936917422572e-06,2.4105665943352506e-06
/Users/aswanathjs/Downloads/test10/ai_plastic_waste_management_training/PET Plastic/plastic_bottles/PET541.jpg,2,PET Plastic,2,PET Plastic,0.9999935626983643,2.107192585754092e-06,7.498493914681603e-07,0.9999935626983643,2.0379075067467056e-06,1.597556661181443e-06
/Users/aswanathjs/Downloads/test10/ai_plastic_waste_management_training/PS Plastic/foam_containers/0058_a06b01c2d1e0f0g0h0.jpg,4,PS Plastic,4,PS Plastic,0.9999507665634155,1.19421029012301e-05,3.3277656257268973e-06,8.422386486017786e-07,3.318526069051586e-05,0.9999507665634155
/Users/aswanathjs/Downloads/test10/ai_plastic_waste_management_training/PS Plastic/foam_sheets/PS-673_jpg.rf.fddd5ce6f1abf3a0d5b4704101b89be3.jpg,4,PS Plastic,4,PS Plastic,0.9999873638153076,1.0235200534225442e-05,1.8182804524258245e-06,2.904926361679827e-07,3.126599494862603e-07,0.9999873638153076
"/Users/aswanathjs/Downloads/test10/ai_plastic_waste_management_training/PET Plastic/plastic_bottles/PET1,558.jpg",2,PET Plastic,2,PET Plastic,1.0,1.0569839226093336e-08,1.589109843713743e-09,1.0,2.146524957780116e-09,1.7033999766269403e-09
/Users/aswanathjs/Downloads/test10/ai_plastic_waste_management_training/LDPE Plastic/black_white__plastic_bags/0000_jpg.rf.d30b3fb31177b9d3bf0d1d6bf0d253ed.jpg,1,LDPE Plastic,1,LDPE Plastic,0.9968553781509399,0.002629851223900914,0.9968553781509399,2.0117053281865083e-05,0.0002863758127205074,0.00020818787743337452
/Users/aswanathjs/Downloads/test10/ai_plastic_waste_management_training/PET Plastic/shampoo_bottles/0050_a05b00c1d2e1f1g0h0.jpg,2,PET Plastic,2,PET Plastic,0.9999887943267822,5.6499920901842415e-06,2.0265744637981697e-07,0.9999887943267822,5.319833235262195e-06,2.4909455831334526e-08
"/Users/aswanathjs/Downloads/test10/ai_plastic_waste_management_training/PET Plastic/plastic_bottles/PET1,441.jpg",2,PET Plastic,2,PET Plastic,0.9999960660934448,3.9812871932554117e-07,6.339569580404714e-08,0.9999960660934448,3.4300246625207365e-06,1.9414192919953166e-08
/Users/aswanathjs/Downloads/test10/ai_plastic_waste_management_training/LDPE Plastic/plastic_bags/P_W (1375).jpg,1,LDPE Plastic,1,LDPE Plastic,0.9994392991065979,0.00015093266847543418,0.9994392991065979,5.200023679208243e-06,0.0002267110103275627,0.0001778341829776764
/Users/aswanathjs/Downloads/test10/ai_plastic_waste_management_training/HDPE Plastic/detergent_bottles/0039_a02b01c2d1e0f1g0h1.jpg,0,HDPE Plastic,0,HDPE Plastic,1.0,1.0,6.18936901730649e-09,1.2493518442013851e-09,1.0010205997446064e-08,5.821398474381567e-09
/Users/aswanathjs/Downloads/test10/ai_plastic_waste_management_training/HDPE Plastic/detergent_botteles_grey/0039_a02b01c2d1e0f1g0h1.jpg,0,HDPE Plastic,0,HDPE Plastic,1.0,1.0,6.552056674991036e-09,1.179946140794641e-10,1.0158786034608625e-09,1.6054323148662064e-10
/Users/aswanathjs/Downloads/test10/ai_plastic_waste_management_training/HDPE Plastic/shampoo_bottles/0077_a02b01c2d0e0f1g0h1.jpg,0,HDPE Plastic,0,HDPE Plastic,0.999968409538269,0.999968409538269,3.751549115804664e-08,2.915212098741904e-05,1.3431457546175807e-07,2.246727035526419e-06
/Users/aswanathjs/Downloads/test10/ai_plastic_waste_management_training/HDPE Plastic/milk_bottles/HDPEM1-003_jpg.rf.02cead67f36887e93c67c41f5f1bfa44.jpg,0,HDPE Plastic,0,HDPE Plastic,0.9999839067459106,0.9999839067459106,5.7813626881397795e-06,1.7745168179317261e-06,2.00832823793462e-06,6.610153377550887e-06
/Users/aswanathjs/Downloads/test10/ai_plastic_waste_management_training/PET Plastic/plastic_bottles/PET808.jpg,2,PET Plastic,2,PET Plastic,0.9999988079071045,1.7056365209100477e-07,6.56089639505808e-07,0.9999988079071045,1.4312293217244587e-07,1.5616805626450514e-07
/Users/aswanathjs/Downloads/test10/ai_plastic_waste_management_training/HDPE Plastic/milk_bottles/HDPEM19.jpg,0,HDPE Plastic,0,HDPE Plastic,0.9999951124191284,0.9999951124191284,2.416458926290943e-07,1.799206415853405e-06,1.926305685628904e-06,9.61819523581653e-07
/Users/aswanathjs/Downloads/test10/ai_plastic_waste_management_training/HDPE Plastic/shampoo_bottles/0061_a02b01c2d2e0f1g0h3.jpg,0,HDPE Plastic,0,HDPE Plastic,0.9999853372573853,0.9999853372573853,6.291471663644188e-07,6.079894319555024e-06,2.897523700085003e-06,5.047874765296001e-06
/Users/aswanathjs/Downloads/test10/ai_plastic_waste_management_training/LDPE Plastic/bin_bags/Image_162.png,1,LDPE Plastic,1,LDPE Plastic,0.998784601688385,0.0004265547904651612,0.998784601688385,2.5242532501579262e-05,0.0007288168999366462,3.4859487641369924e-05
/Users/aswanathjs/Downloads/test10/ai_plastic_waste_management_training/PP Plastic/round_containers/Image_162.png,1,LDPE Plastic,3,PP Plastic,0.5818255543708801,0.01766907423734665,0.39366284012794495,0.001645379699766636,0.5818255543708801,0.005197158083319664
/Users/aswanathjs/Downloads/test10/ai_plastic_waste_management_training/PS Plastic/foam_containers/Image_162.png,1,LDPE Plastic,4,PS Plastic,0.40177175402641296,0.06957016885280609,0.2841385304927826,0.01800522767007351,0.2265142798423767,0.40177175402641296
/Users/aswanathjs/Downloads/test10/ai_plastic_waste_management_training/HDPE Plastic/milk_bottles/HDPEM206.jpg,0,HDPE Plastic,0,HDPE Plastic,0.9999996423721313,0.9999996423721313,8.42430836200947e-09,6.349212355871714e-08,1.7387170814231467e-08,2.768177864709287e-07
/Users/aswanathjs/Downloads/test10/ai_plastic_waste_management_training/PP Plastic/round_containers/0035_a06b01c1d1e0f0g0h4.jpg,3,PP Plastic,3,PP Plastic,0.9160013794898987,0.0003149772237520665,0.00022691016783937812,0.08344009518623352,0.9160013794898987,1.6619882444501854e-05
/Users/aswanathjs/Downloads/test10/ai_plastic_waste_management_training/PET Plastic/black_white_plastic_bottles/anclz_jpg.rf.92ecae87db87c10f1c8d75dea103471d.jpg,2,PET Plastic,2,PET Plastic,0.9999986886978149,4.10666700645379e-07,4.444568446615449e-07,0.9999986886978149,1.2630492562948348e-07,2.852798957064806e-07
/Users/aswanathjs/Downloads/test10/ai_plastic_waste_management_training/LDPE Plastic/plastic_bags_grey/LDPE-61_jpg.rf.3a5a2fda5a32c4e56371b068fd24c573.jpg,1,LDPE Plastic,1,LDPE Plastic,0.9999918937683105,2.4877625293129313e-08,0.9999918937683105,3.7034906199551187e-06,2.4045859845500672e-06,2.0251077330613043e-06
/Users/aswanathjs/Downloads/test10/ai_plastic_waste_management_training/LDPE Plastic/plastic_bags/LDPE-61_jpg.rf.3a5a2fda5a32c4e56371b068fd24c573.jpg,1,LDPE Plastic,1,LDPE Plastic,0.9999994039535522,3.790202285358646e-08,0.9999994039535522,1.8745541296993906e-07,4.138531437547499e-07,3.81233782320578e-08
/Users/aswanathjs/Downloads/test10/ai_plastic_waste_management_training/LDPE Plastic/plastic_bags/LDPE-61_jpg.rf.4814fa8f010b9ef2e752d3f3d967b1c8.jpg,1,LDPE Plastic,1,LDPE Plastic,0.9999878406524658,4.597688530338928e-06,0.9999878406524658,3.4099653589692025e-07,2.977254098368576e-06,4.266729774826672e-06
"/Users/aswanathjs/Downloads/test10/ai_plastic_waste_management_training/PET Plastic/plastic_bottles/PET1,660.jpg",2,PET Plastic,2,PET Plastic,0.9999305009841919,6.594044680241495e-05,2.5458914976184133e-09,0.9999305009841919,5.8187321627656274e-08,3.4797733405866893e-06
/Users/aswanathjs/Downloads/test10/ai_plastic_waste_management_training/HDPE Plastic/milk_bottles/HDPEM437.jpg,0,HDPE Plastic,0,HDPE Plastic,0.9999932050704956,0.9999932050704956,4.317057378244726e-09,6.823545390943764e-06,2.2244284636485645e-08,5.3348340856018694e-08
/Users/aswanathjs/Downloads/test10/ai_plastic_waste_management_training/LDPE Plastic/bin_bags/Image_152.png,1,LDPE Plastic,1,LDPE Plastic,0.9958013892173767,0.0027617509476840496,0.9958013892173767,0.000106941515696235,0.0011337629985064268,0.0001961811212822795
/Users/aswanathjs/Downloads/test10/ai_plastic_waste_management_training/PP Plastic/square_containers/Image_152.png,1,LDPE Plastic,3,PP Plastic,0.8411309123039246,0.005707839969545603,0.14872069656848907,0.00033844367135316133,0.8411309123039246,0.004102115053683519
/Users/aswanathjs/Downloads/test10/ai_plastic_waste_management_training/PS Plastic/foam_containers/Image_152.png,1,LDPE Plastic,3,PP Plastic,0.4455564618110657,0.027328994125127792,0.28809842467308044,0.0020676683634519577,0.4455564618110657,0.23694853484630585
/Users/aswanathjs/Downloads/test10/ai_plastic_waste_management_training/PP Plastic/irregular_containers/0036_a05b00c2d1e0f0g0h0.jpg,3,PP Plastic,3,PP Plastic,0.9999755620956421,1.4524275684379973e-05,2.077355020446703e-06,7.854778232285753e-06,0.9999755620956421,6.533542773468071e-08
"/Users/aswanathjs/Downloads/test10/ai_plastic_waste_management_training/HDPE Plastic/milk_bottles/HDPEM1,014.JPG",0,HDPE Plastic,0,HDPE Plastic,0.9999817609786987,0.9999817609786987,1.1136513222709254e-07,1.715779580990784e-05,4.5277852223080117e-07,4.567298503843631e-07
/Users/aswanathjs/Downloads/test10/ai_plastic_waste_management_training/LDPE Plastic/plastic_bags/LDPE-5_jpg.rf.c7e9902a1147d1b10e321ad8b4f666c2.jpg,1,LDPE Plastic,1,LDPE Plastic,0.9999905824661255,3.6742303421988254e-08,0.9999905824661255,8.368848284590058e-06,8.983727184386225e-07,3.638787759996376e-08
/Users/aswanathjs/Downloads/test10/ai_plastic_waste_management_training/HDPE Plastic/detergent_bottles/P_W (1078).jpg,0,HDPE Plastic,0,HDPE Plastic,1.0,1.0,1.3478518301468512e-10,2.6400659436376372e-08,9.022392277735491e-10,3.2559741569571088e-09
/Users/aswanathjs/Downloads/test10/ai_plastic_waste_management_training/PP Plastic/round_containers/0044_a06b01c1d0e0f0g0h1.jpg,3,PP Plastic,3,PP Plastic,0.9999957084655762,2.6299363753423677e-07,3.905958692485001e-06,2.8731680146165672e-08,0.9999957084655762,7.805613222444663e-08
/Users/aswanathjs/Downloads/test10/ai_plastic_waste_management_training/PP Plastic/round_containers/0009_a06b01c1d0e0f0g0h2.jpg,3,PP Plastic,3,PP Plastic,0.9999911785125732,2.3513035785072134e-07,4.8790372630946877e-08,8.601815352449194e-06,0.9999911785125732,2.362762074881175e-08
/Users/aswanathjs/Downloads/test10/ai_plastic_waste_management_training/PET Plastic/shampoo_bottles/0015_a05b00c2d1e1f1g0h3.jpg,2,PET Plastic,2,PET Plastic,0.9999998807907104,5.967083183122668e-08,3.2901095181614437e-09,0.9999998807907104,1.2448589714608715e-08,1.020238293847342e-08
/Users/aswanathjs/Downloads/test10/ai_plastic_waste_management_training/HDPE Plastic/milk_bottles/HDPEM258.jpg,0,HDPE Plastic,0,HDPE Plastic,0.9999692440032959,0.9999692440032959,9.330616421721061e-07,5.2219038479961455e-06,1.8821376215782948e-05,5.744099780713441e-06
/Users/aswanathjs/Downloads/test10/ai_plastic_waste_management_training/LDPE Plastic/plastic_bags/plasticbag (109).jpg,1,LDPE Plastic,1,LDPE Plastic,0.9999971389770508,5.769088318174909e-09,0.9999971389770508,8.593329425821139e-08,1.3517819752451032e-06,1.430440420335799e-06
/Users/aswanathjs/Downloads/test10/ai_plastic_waste_management_training/LDPE Plastic/plastic_bags/LDPE-583_jpg.rf.4c1a14d59ab4ba0936b3f23635a42c15.jpg,1,LDPE Plastic,1,LDPE Plastic,0.9999672174453735,3.438253770582378e-06,0.9999672174453735,4.754807605422684e-07,1.1807354894699529e-05,1.704223541310057e-05
/Users/aswanathjs/Downloads/test10/ai_plastic_waste_management_training/HDPE Plastic/detergent_bottles/0096_a02b04c1d2e0f0g0h0.jpg,0,HDPE Plastic,0,HDPE Plastic,0.9999997615814209,0.9999997615814209,1.3073352400638782e-09,5.173716455253441e-10,2.776400549464597e-07,3.0261728678482314e-09
/Users/aswanathjs/Downloads/test10/ai_plastic_waste_management_training/HDPE Plastic/milk_bottles/HDPEM359.jpg,0,HDPE Plastic,0,HDPE Plastic,0.9997602105140686,0.9997602105140686,1.1543674190761521e-05,8.74299366842024e-05,0.00010309971548849717,3.764825305552222e-05
/Users/aswanathjs/Downloads/test10/ai_plastic_waste_management_training/PP Plastic/round_containers/IMG_20220209_173657.jpg,3,PP Plastic,3,PP Plastic,0.9996966123580933,0.0002818610519170761,1.222194896399742e-05,7.165985607571201e-06,0.9996966123580933,2.099659468512982e-06
/Users/aswanathjs/Downloads/test10/ai_plastic_waste_management_training/LDPE Plastic/plastic_bags/LDPE-272_jpg.rf.4e7f25c6f9db130c4596ba89621123d2.jpg,1,LDPE Plastic,1,LDPE Plastic,0.9998486042022705,2.858413427020423e-05,0.9998486042022705,1.0756109077192377e-05,9.430170030100271e-05,1.7758875401341356e-05
/Users/aswanathjs/Downloads/test10/ai_plastic_waste_management_training/HDPE Plastic/shampoo_bottles/0075_a02b01c1d0e0f0g0h4.jpg,0,HDPE Plastic,0,HDPE Plastic,0.9999676942825317,0.9999676942825317,4.819394234800711e-07,2.9091694159433246e-05,2.9754670549664297e-07,2.345227812838857e-06
"/Users/aswanathjs/Downloads/test10/ai_plastic_waste_management_training/PET Plastic/plastic_bottles/PET1,103.jpg",2,PET Plastic,2,PET Plastic,0.9999866485595703,9.04989519767696e-07,6.501685675175395e-06,0.9999866485595703,5.475395937537542e-06,5.527713256014977e-07
/Users/aswanathjs/Downloads/test10/ai_plastic_waste_management_training/LDPE Plastic/plastic_bags/LDPE-270_jpg.rf.f6d5e2bcb00709b3f700d5fbcf849dce.jpg,1,LDPE Plastic,1,LDPE Plastic,0.9998421669006348,1.6150284864124842e-05,0.9998421669006348,6.891383236506954e-05,4.3989122787024826e-05,2.8729449695674703e-05
/Users/aswanathjs/Downloads/test10/ai_plastic_waste_management_training/PET Plastic/plastic_bottles/PET514.jpg,2,PET Plastic,2,PET Plastic,0.9999959468841553,2.3156617316999473e-06,3.001538004809845e-07,0.9999959468841553,7.241322919071536e-07,6.250792239370639e-07
/Users/aswanathjs/Downloads/test10/ai_plastic_waste_management_training/LDPE Plastic/plastic_bags/plasticbag (7).jpg,1,LDPE Plastic,1,LDPE Plastic,0.9996975660324097,3.1996612960938364e-05,0.9996975660324097,5.0923041271744296e-05,0.00017475166532676667,4.487351543502882e-05
/Users/aswanathjs/Downloads/test10/ai_plastic_waste_management_training/LDPE Plastic/plastic_bags/plasticbag (7).png,1,LDPE Plastic,1,LDPE Plastic,0.9999047517776489,3.481054591247812e-06,0.9999047517776489,4.066913334099809e-06,1.7747272806900583e-07,8.754195732763037e-05
"/Users/aswanathjs/Downloads/test10/ai_plastic_waste_management_training/PET Plastic/plastic_bottles/PET1,670.jpg",2,PET Plastic,2,PET Plastic,0.871487021446228,0.0002761993382591754,0.12776914238929749,0.871487021446228,2.3638476704945788e-05,0.00044410937698557973
/Users/aswanathjs/Downloads/test10/ai_plastic_waste_management_training/PS Plastic/foam_containers/styrofoam-148-_jpg.rf.26d009aa3b832ec97a774c06610da1e6.jpg,4,PS Plastic,4,PS Plastic,0.9994460940361023,0.00012222459190525115,0.00037435104604810476,5.5595668527530506e-05,1.653022195569065e-06,0.9994460940361023
/Users/aswanathjs/Downloads/test10/ai_plastic_waste_management_training/PS Plastic/foam_sheets/PS-508_jpg.rf.6ac5540d7e7275188eca3a373dcca6b2.jpg,4,PS Plastic,4,PS Plastic,0.999998927116394,1.0601801250231802e-06,4.172456158357818e-09,1.0383772952593517e-08,7.2945449680617e-10,0.999998927116394
/Users/aswanathjs/Downloads/test10/ai_plastic_waste_management_training/PS Plastic/foam_sheets/PS-763_jpg.rf.118ef12ce4c6fbb53c807d751ea31f6e.jpg,4,PS Plastic,4,PS Plastic,0.9999967813491821,2.250260422442807e-06,1.292765006155605e-07,2.1412884620986006e-07,5.780954666079197e-07,0.9999967813491821
"/Users/aswanathjs/Downloads/test10/ai_plastic_waste_management_training/PET Plastic/plastic_bottles/PET1,778.jpg",2,PET Plastic,2,PET Plastic,0.9998772144317627,0.0001074668180081062,2.6810432700585807e-06,0.9998772144317627,1.134947615355486e-05,1.285966504838143e-06
/Users/aswanathjs/Downloads/test10/ai_plastic_waste_management_training/LDPE Plastic/plastic_bags/LDPE-279_jpg.rf.b51bf1ea5a10af9f8523007699e5e630.jpg,1,LDPE Plastic,1,LDPE Plastic,0.999990701675415,9.065671520147589e-07,0.999990701675415,1.9577946659410372e-06,5.6351564126089215e-06,7.882508157308621e-07
/Users/aswanathjs/Downloads/test10/ai_plastic_waste_management_training/PET Plastic/shampoo_bottles/0050_a05b00c2d2e1f1g0h0.jpg,2,PET Plastic,2,PET Plastic,0.9999986886978149,2.930517268850963e-07,5.9009106934126976e-08,0.9999986886978149,8.776896152085101e-07,6.111305239642206e-09
/Users/aswanathjs/Downloads/test10/ai_plastic_waste_management_training/HDPE Plastic/shampoo_bottles/0061_a02b01c2d0e0f1g0h4.jpg,0,HDPE Plastic,0,HDPE Plastic,0.9999628067016602,0.9999628067016602,7.411937872348062e-07,6.653983746218728e-06,5.857566520717228e-06,2.396232775936369e-05
/Users/aswanathjs/Downloads/test10/ai_plastic_waste_management_training/PET Plastic/black_white_plastic_bottles/cmsfy_jpg.rf.74b37563b2371c3d80c6f8ebbb569889.jpg,2,PET Plastic,2,PET Plastic,0.9986521601676941,0.0013207278680056334,1.8047397816189914e-06,0.9986521601676941,1.4307873243524227e-05,1.1116541827504989e-05
/Users/aswanathjs/Downloads/test10/ai_plastic_waste_management_training/HDPE Plastic/shampoo_bottles/0061_a02b01c1d1e0f1g0h1.jpg,0,HDPE Plastic,0,HDPE Plastic,0.9999724626541138,0.9999724626541138,2.4741643755987752e-06,4.076469394931337e-06,6.8907402237528e-06,1.4073568308958784e-05
/Users/aswanathjs/Downloads/test10/ai_plastic_waste_management_training/PS Plastic/foam_containers/Image_239.png,4,PS Plastic,4,PS Plastic,0.6363466382026672,0.029167138040065765,0.20517423748970032,0.00493207760155201,0.12437987327575684,0.6363466382026672
/Users/aswanathjs/Downloads/test10/ai_plastic_waste_management_training/LDPE Plastic/black_white__plastic_bags/0229_jpg.rf.43db647d7481373438f83d562fe10e22.jpg,1,LDPE Plastic,1,LDPE Plastic,0.9999969005584717,5.423220841294096e-07,0.9999969005584717,1.1967324553552317e-07,1.59735770921543e-06,8.427227271567972e-07
/Users/aswanathjs/Downloads/test10/ai_plastic_waste_management_training/HDPE Plastic/shampoo_bottles/0061_a02b01c1d0e0f1g0h4.jpg,0,HDPE Plastic,0,HDPE Plastic,0.9999942779541016,0.9999942779541016,1.988730105040304e-07,8.511755140716559e-07,1.035853301800671e-06,3.7374586554506095e-06
/Users/aswanathjs/Downloads/test10/ai_plastic_waste_management_training/PET Plastic/black_white_plastic_bottles/abwiq_jpg.rf.35d594d23a6a3437c12a43c047569fe9.jpg,2,PET Plastic,2,PET Plastic,0.9981910586357117,0.0011363719822838902,0.00033535127295181155,0.9981910586357117,0.00011305398220429197,0.0002241989568574354
/Users/aswanathjs/Downloads/test10/ai_plastic_waste_management_training/PET Plastic/black_white_plastic_bottles/bcihj_jpg.rf.d1246403448e2310d052ea8a6885953e.jpg,2,PET Plastic,2,PET Plastic,0.9999935626983643,1.9504282136040274e-06,2.630044946272392e-06,0.9999935626983643,1.3300332284416072e-06,6.056104098206561e-07
/Users/aswanathjs/Downloads/test10/ai_plastic_waste_management_training/PP Plastic/round_containers/Image_247.png,3,PP Plastic,3,PP Plastic,0.9173839092254639,0.007075690198689699,0.06533417850732803,0.0016116031911224127,0.9173839092254639,0.008594594895839691
/Users/aswanathjs/Downloads/test10/ai_plastic_waste_management_training/PS Plastic/foam_containers/Image_247.png,3,PP Plastic,3,PP Plastic,0.4804221987724304,0.031053800135850906,0.07350076735019684,0.0011378847993910313,0.4804221987724304,0.41388535499572754
/Users/aswanathjs/Downloads/test10/ai_plastic_waste_management_training/PS Plastic/foam_containers/styrofoam-116-_jpg.rf.77c495a5bd456678ba051f8397934c93.jpg,4,PS Plastic,4,PS Plastic,1.0,4.253254193287148e-09,9.174551309637513e-13,9.996686811675204e-11,1.9116328799865384e-13,1.0
/Users/aswanathjs/Downloads/test10/ai_plastic_waste_management_training/LDPE Plastic/plastic_bags/plasticbag (83).jpg,1,LDPE Plastic,1,LDPE Plastic,0.9991071820259094,1.5251984223141335e-05,0.9991071820259094,1.4066755284147803e-05,0.0008402423118241131,2.3208442144095898e-05
/Users/aswanathjs/Downloads/test10/ai_plastic_waste_management_training/PET Plastic/black_white_plastic_bottles/akdtr_jpg.rf.0a33803a2791f55c373c4a4e035193be.jpg,2,PET Plastic,2,PET Plastic,0.9973843693733215,0.0018324988195672631,8.121414430206642e-05,0.9973843693733215,0.0003720679087564349,0.0003298905212432146
/Users/aswanathjs/Downloads/test10/ai_plastic_waste_management_training/HDPE Plastic/shampoo_bottles/0076_a02b06c2d2e0f1g0h4.jpg,0,HDPE Plastic,0,HDPE Plastic,0.9999850988388062,0.9999850988388062,1.8926684219877643e-07,1.3558902537624817e-05,6.889239898555388e-07,4.777269282385532e-07
/Users/aswanathjs/Downloads/test10/ai_plastic_waste_management_training/LDPE Plastic/black_white__plastic_bags/0159_jpg.rf.79c071387355e4cc8c4989f0fad18fce.jpg,1,LDPE Plastic,1,LDPE Plastic,0.9999998807907104,4.9347853803283215e-08,0.9999998807907104,4.517332619080605e-10,1.8109725274939592e-08,2.9671790358065664e-08
/Users/aswanathjs/Downloads/test10/ai_plastic_waste_management_training/LDPE Plastic/plastic_bags/train_LDPE-39_jpg.rf.0a43040e9739e0163aae726e4ae5a364.jpg,1,LDPE Plastic,1,LDPE Plastic,0.9999780654907227,2.0710152966785245e-05,0.9999780654907227,7.610248786704688e-08,2.5368814604576073e-08,1.155112954620563e-06
/Users/aswanathjs/Downloads/test10/ai_plastic_waste_management_training/HDPE Plastic/shampoo_bottles/0075_a02b01c2d0e0f0g0h2.jpg,0,HDPE Plastic,0,HDPE Plastic,0.9999299049377441,0.9999299049377441,4.5061034370519337e-07,6.553004641318694e-05,3.408836391827208e-06,6.834690111645614e-07
/Users/aswanathjs/Downloads/test10/ai_plastic_waste_management_training/PET Plastic/black_white_plastic_bottles/cjliy_jpg.rf.d3fbe741b445c6580f00d43d48f619af.jpg,2,PET Plastic,2,PET Plastic,0.9999666213989258,2.4238936020992696e-05,2.8996171295148088e-06,0.9999666213989258,4.3859936340595596e-06,1.8429647070661304e-06
/Users/aswanathjs/Downloads/test10/ai_plastic_waste_management_training/PET Plastic/black_white_plastic_bottles/bvwxn_jpg.rf.347921633e39044edb3dfe6a06c4b3e8.jpg,2,PET Plastic,2,PET Plastic,0.9983793497085571,0.0007966189878061414,0.0005169874639250338,0.9983793497085571,0.00018654062296263874,0.00012047174095641822
/Users/aswanathjs/Downloads/test10/ai_plastic_waste_management_training/PS Plastic/foam_sheets/PS-550_jpg.rf.b077ebd012550a3ddea244d0c60a8813.jpg,4,PS Plastic,4,PS Plastic,0.9999990463256836,1.0115992381543037e-06,3.722397323713267e-08,2.1370672342868602e-08,7.049504091583003e-09,0.9999990463256836
/Users/aswanathjs/Downloads/test10/ai_plastic_waste_management_training/PET Plastic/black_white_plastic_bottles/ahwmb_jpg.rf.19aebb854d5c32d1e7b0528307c4b015.jpg,2,PET Plastic,2,PET Plastic,0.999815046787262,8.237471047323197e-05,3.5890552680939436e-06,0.999815046787262,4.9108974053524435e-05,4.992039976059459e-05
/Users/aswanathjs/Downloads/test10/ai_plastic_waste_management_training/HDPE Plastic/shampoo_bottles/0023_a02b01c2d1e0f1g0h2.jpg,0,HDPE Plastic,0,HDPE Plastic,1.0,1.0,8.054594491380129e-11,2.7387265788547666e-09,1.6147290171630857e-09,3.571394069368239e-09
/Users/aswanathjs/Downloads/test10/ai_plastic_waste_management_training/PET Plastic/black_white_plastic_bottles/azqbf_jpg.rf.a75cc54cead79edf1d23d3eefe7c0b9f.jpg,2,PET Plastic,2,PET Plastic,0.9999998807907104,9.702560532787174e-08,7.753211267447213e-11,0.9999998807907104,1.118084097528893e-10,8.672794149511276e-10
/Users/aswanathjs/Downloads/test10/ai_plastic_waste_management_training/HDPE Plastic/milk_bottles/HDPEM577.JPG,0,HDPE Plastic,0,HDPE Plastic,1.0,1.0,1.3105319496276024e-08,3.878523724409888e-09,1.0058935018264492e-08,9.750253937568232e-09
"/Users/aswanathjs/Downloads/test10/ai_plastic_waste_management_training/PET Plastic/plastic_bottles/PET1,289.jpg",2,PET Plastic,2,PET Plastic,0.999985933303833,1.3316076547198463e-05,1.7610895497455203e-07,0.999985933303833,5.574252099904697e-07,7.55624256498777e-08
/Users/aswanathjs/Downloads/test10/ai_plastic_waste_management_training/PET Plastic/plastic_bottles/PET734.jpg,2,PET Plastic,2,PET Plastic,1.0,3.814657922873721e-09,9.170222220467039e-11,1.0,1.1057349480481093e-10,7.07972708235971e-11
/Users/aswanathjs/Downloads/test10/ai_plastic_waste_management_training/PET Plastic/plastic_bottles/PET716.jpg,2,PET Plastic,2,PET Plastic,0.9999997615814209,6.416927789132387e-08,8.369124060436661e-08,0.9999997615814209,6.236091198985605e-09,6.3737197741886575e-09
/Users/aswanathjs/Downloads/test10/ai_plastic_waste_management_training/HDPE Plastic/shampoo_bottles/0023_a02b01c1d0e0f1g0h4.jpg,0,HDPE Plastic,0,HDPE Plastic,0.9999998807907104,0.9999998807907104,5.951485526622946e-09,2.6169036715373295e-08,6.764932436453819e-08,1.1314999603939668e-08
/Users/aswanathjs/Downloads/test10/ai_plastic_waste_management_training/PS Plastic/foam_sheets/PS-699_jpg.rf.e92e566dab8cb8b7087970879c1b7aed.jpg,4,PS Plastic,4,PS Plastic,0.9999985694885254,1.3767297559752478e-06,4.625391269996726e-08,1.802970572839513e-08,3.6721279350615532e-09,0.9999985694885254
/Users/aswanathjs/Downloads/test10/ai_plastic_waste_management_training/HDPE Plastic/milk_bottles/HDPEM112.jpg,0,HDPE Plastic,0,HDPE Plastic,1.0,1.0,3.8940359270434044e-10,4.333249847832121e-08,1.1017466938767484e-08,2.8781044214554186e-09
/Users/aswanathjs/Downloads/test10/ai_plastic_waste_management_training/PET Plastic/plastic_bottles/PET444.jpg,2,PET Plastic,2,PET Plastic,0.9999998807907104,1.085555965119056e-07,1.2999561427307071e-08,0.9999998807907104,1.9973811049567303e-08,1.5043070789033663e-08
/Users/aswanathjs/Downloads/test10/ai_plastic_waste_management_training/PET Plastic/shampoo_bottles/0080_a05b00c2d3e0f1g0h3.jpg,2,PET Plastic,2,PET Plastic,0.9999996423721313,9.690426594488599e-08,2.1397144056578554e-09,0.9999996423721313,1.7134081531366974e-07,1.3785054875370406e-07
/Users/aswanathjs/Downloads/test10/ai_plastic_waste_management_training/PS Plastic/foam_containers/Image_94.png,4,PS Plastic,4,PS Plastic,0.5821039080619812,0.04001421853899956,0.1643122285604477,0.014444987289607525,0.19912466406822205,0.5821039080619812
/Users/aswanathjs/Downloads/test10/ai_plastic_waste_management_training/LDPE Plastic/black_white__plastic_bags/0175_jpg.rf.ec534cdf954bd3dbf1a5ae488d2c504b.jpg,1,LDPE Plastic,1,LDPE Plastic,0.999984622001648,1.2460937796276994e-05,0.999984622001648,1.247131677928337e-07,2.5433782866457477e-06,2.3699782047970075e-07
/Users/aswanathjs/Downloads/test10/ai_plastic_waste_management_training/PP Plastic/round_containers/0043_a06b01c2d2e0f0g0h0.jpg,3,PP Plastic,3,PP Plastic,0.9990001320838928,0.0007682455470785499,0.0002162978344131261,3.2279372135235462e-06,0.9990001320838928,1.2186941603431478e-05
/Users/aswanathjs/Downloads/test10/ai_plastic_waste_management_training/PP Plastic/round_containers_grey/0043_a06b01c2d2e0f0g0h0.jpg,3,PP Plastic,3,PP Plastic,0.9974387884140015,0.0022539286874234676,0.00030605477513745427,2.484869412455737e-07,0.9974387884140015,9.221103596246394e-07
/Users/aswanathjs/Downloads/test10/ai_plastic_waste_management_training/PET Plastic/plastic_bottles/PET848.jpg,2,PET Plastic,2,PET Plastic,1.0,1.2571923502235904e-09,3.199946696508249e-10,1.0,4.678922874146174e-11,1.8863757778042611e-10
/Users/aswanathjs/Downloads/test10/ai_plastic_waste_management_training/PET Plastic/black_white_plastic_bottles/cihfy_jpg.rf.dc7e528302e8d065d63e7346bb517b11.jpg,2,PET Plastic,2,PET Plastic,1.0,5.000930780596491e-09,4.366433881131115e-09,1.0,5.046646212036876e-09,1.780944391960304e-09
/Users/aswanathjs/Downloads/test10/ai_plastic_waste_management_training/PS Plastic/foam_sheets/PS-695_jpg.rf.3c1624021898952566beda2b041641a0.jpg,4,PS Plastic,4,PS Plastic,0.9999982118606567,6.91437492150726e-07,9.58217128754768e-07,7.579445338024016e-08,3.003616200203396e-08,0.9999982118606567
/Users/aswanathjs/Downloads/test10/ai_plastic_waste_management_training/PET Plastic/black_white_plastic_bottles/birhd_jpg.rf.782360e5be41e7c1f52a890a2b11471d.jpg,2,PET Plastic,2,PET Plastic,0.9999911785125732,2.8100964755140012e-06,2.500398068150389e-06,0.9999911785125732,2.2509152586280834e-06,1.1924086038561654e-06
/Users/aswanathjs/Downloads/test10/ai_plastic_waste_management_training/PP Plastic/round_containers/0095_a05b01c2d2e0f0g0h0.jpg,3,PP Plastic,3,PP Plastic,0.9999985694885254,7.447042094099743e-07,3.4695469253165356e-07,2.621232511046401e-07,0.9999985694885254,6.437736743691858e-08
/Users/aswanathjs/Downloads/test10/ai_plastic_waste_management_training/PP Plastic/round_containers/IMG20220210150824.jpg,3,PP Plastic,3,PP Plastic,0.9988503456115723,0.0002664890780579299,0.00028155717882327735,0.0002195958950323984,0.9988503456115723,0.00038195488741621375
/Users/aswanathjs/Downloads/test10/ai_plastic_waste_management_training/PS Plastic/form_containers_grey/styrofoam-128-_jpg.rf.dc796508c08c39ffc4c8b684e09c48ee.jpg,4,PS Plastic,4,PS Plastic,0.9999980926513672,1.8174662272940623e-06,3.5839089473910235e-09,4.252061813758701e-09,1.7101567095778591e-07,0.9999980926513672
/Users/aswanathjs/Downloads/test10/ai_plastic_waste_management_training/PS Plastic/foam_containers/styrofoam-128-_jpg.rf.dc796508c08c39ffc4c8b684e09c48ee.jpg,4,PS Plastic,4,PS Plastic,0.9999995231628418,3.5161673395123216e-07,5.26536503286934e-09,1.9140411922080602e-08,1.0542699158122559e-07,0.9999995231628418
"/Users/aswanathjs/Downloads/test10/ai_plastic_waste_management_training/PET Plastic/plastic_bottles/PET1,537.jpg",2,PET Plastic,2,PET Plastic,1.0,1.7725534373624896e-09,1.1103114871957587e-08,1.0,9.527696853695033e-09,2.107506169579665e-09
/Users/aswanathjs/Downloads/test10/ai_plastic_waste_management_training/PET Plastic/shampoo_bottles/0050_a05b00c1d3e1f1g0h1.jpg,2,PET Plastic,2,PET Plastic,1.0,3.1888716112149496e-09,2.6019615351202674e-09,1.0,4.615666515661587e-09,5.2253538301849645e-11
/Users/aswanathjs/Downloads/test10/ai_plastic_waste_management_training/PP Plastic/round_containers/0035_a06b01c2d2e0f0g0h3.jpg,3,PP Plastic,3,PP Plastic,0.9999845027923584,5.176081231184071e-06,6.044336942068185e-07,9.433587365492713e-06,0.9999845027923584,3.091024893819849e-07
/Users/aswanathjs/Downloads/test10/ai_plastic_waste_management_training/PS Plastic/foam_sheets/PS-794_jpg.rf.504af203eb7fd15f4f5b87fa8fa3b980.jpg,4,PS Plastic,4,PS Plastic,0.9999457597732544,9.406990102434065e-06,7.426256615872262e-06,8.900499778974336e-06,2.840559318428859e-05,0.9999457597732544
/Users/aswanathjs/Downloads/test10/ai_plastic_waste_management_training/PP Plastic/rectangle_containers/0011_a05b00c1d2e0f0g0h2.jpg,3,PP Plastic,3,PP Plastic,0.9988884329795837,0.00016800910816527903,4.024446411676763e-07,0.0009302323451265693,0.9988884329795837,1.2993172276765108e-05
/Users/aswanathjs/Downloads/test10/ai_plastic_waste_management_training/PP Plastic/square_containers/0011_a05b00c1d2e0f0g0h2.jpg,3,PP Plastic,3,PP Plastic,0.9988884329795837,0.00016800910816527903,4.024446411676763e-07,0.0009302323451265693,0.9988884329795837,1.2993172276765108e-05
/Users/aswanathjs/Downloads/test10/ai_plastic_waste_management_training/PET Plastic/plastic_bottles/PET696.jpg,2,PET Plastic,2,PET Plastic,1.0,4.0187034255900755e-10,5.5429365958259424e-11,1.0,1.8555820074928064e-11,1.0214050959189702e-11
/Users/aswanathjs/Downloads/test10/ai_plastic_waste_management_training/LDPE Plastic/plastic_bags/LDPE-704_jpg.rf.34532ea5cacded7ae668174a99844c8a.jpg,1,LDPE Plastic,1,LDPE Plastic,0.9999489784240723,9.76284354692325e-06,0.9999489784240723,2.6212214834231418e-06,3.542150079738349e-05,3.19078844768228e-06
/Users/aswanathjs/Downloads/test10/ai_plastic_waste_management_training/PS Plastic/foam_containers/Image_248.png,4,PS Plastic,4,PS Plastic,0.8898865580558777,0.005944724660366774,0.0387076735496521,9.636199683882296e-05,0.06536472588777542,0.8898865580558777
/Users/aswanathjs/Downloads/test10/ai_plastic_waste_management_training/LDPE Plastic/plastic_bags/LDPE-551_jpg.rf.a76ec903626d6b99a03ba76012eb391a.jpg,1,LDPE Plastic,1,LDPE Plastic,0.9999336004257202,2.0495681383181363e-05,0.9999336004257202,9.839451195148285e-06,6.749489330104552e-06,2.931221024482511e-05
/Users/aswanathjs/Downloads/test10/ai_plastic_waste_management_training/PS Plastic/foam_sheets/PS-595_jpg.rf.09c5947aeb8f35f92f048f22770baf29.jpg,4,PS Plastic,4,PS Plastic,0.9999922513961792,7.498052127630217e-06,1.2939739235662273e-07,1.227382142587885e-07,1.2673504024007798e-08,0.9999922513961792
/Users/aswanathjs/Downloads/test10/ai_plastic_waste_management_training/LDPE Plastic/plastic_bags/P_W (1389).jpg,1,LDPE Plastic,1,LDPE Plastic,0.8584206104278564,0.00664350762963295,0.8584206104278564,0.004900465719401836,0.10970725864171982,0.02032819762825966
/Users/aswanathjs/Downloads/test10/ai_plastic_waste_management_training/PS Plastic/foam_sheets/PS-657_jpg.rf.b74f772b0d3b3293dd98a5fe246afc9a.jpg,4,PS Plastic,4,PS Plastic,0.9999938011169434,2.0831896563322516e-06,3.903944161720574e-06,1.4778446200125472e-07,1.3316967795162782e-07,0.9999938011169434
/Users/aswanathjs/Downloads/test10/ai_plastic_waste_management_training/PS Plastic/foam_sheets/Plastic_373_jpg.rf.57c2ab317eb755eb7c0af504646ad545.jpg,4,PS Plastic,4,PS Plastic,0.9999747276306152,2.5261671908083372e-05,3.1503500252938466e-08,2.1905364633312274e-08,1.8867230694441517e-11,0.9999747276306152
/Users/aswanathjs/Downloads/test10/ai_plastic_waste_management_training/HDPE Plastic/milk_bottles/HDPEM562.JPG,0,HDPE Plastic,0,HDPE Plastic,0.9999995231628418,0.9999995231628418,2.2197539806256827e-07,2.6310578959964914e-07,1.8158175407734234e-08,4.524587282617176e-08
/Users/aswanathjs/Downloads/test10/ai_plastic_waste_management_training/HDPE Plastic/shampoo_bottles/0078_a02b07c1d3e0f1g0h4.jpg,0,HDPE Plastic,0,HDPE Plastic,1.0,1.0,7.609768926108984e-10,1.8710732518911755e-08,2.7214712261525165e-08,1.981170366649465e-10
/Users/aswanathjs/Downloads/test10/ai_plastic_waste_management_training/LDPE Plastic/plastic_bags/train_LDPE-57_jpg.rf.c0097a45e2a6be95f291d98eb9e696d4.jpg,1,LDPE Plastic,1,LDPE Plastic,0.9999995231628418,1.3330895853869151e-07,0.9999995231628418,2.067562832053227e-07,7.289799697218768e-08,7.661007117576446e-08
/Users/aswanathjs/Downloads/test10/ai_plastic_waste_management_training/LDPE Plastic/plastic_bags/plasticbag (162).jpg,1,LDPE Plastic,1,LDPE Plastic,0.9999922513961792,5.401893190537521e-07,0.9999922513961792,1.0064984223845386e-07,4.024383542855503e-06,3.0337253065226832e-06
/Users/aswanathjs/Downloads/test10/ai_plastic_waste_management_training/HDPE Plastic/shampoo_bottles/0063_a02b01c1d3e0f1g1h2.jpg,0,HDPE Plastic,0,HDPE Plastic,0.9999948740005493,0.9999948740005493,8.914860671893621e-08,4.701545819330022e-09,5.052320375398267e-06,3.881643451109085e-08
/Users/aswanathjs/Downloads/test10/ai_plastic_waste_management_training/HDPE Plastic/milk_bottles/HDPEM50.jpg,0,HDPE Plastic,0,HDPE Plastic,1.0,1.0,8.432521902967949e-10,6.495725735078395e-09,5.42784022172782e-08,3.9028269505081425e-09
/Users/aswanathjs/Downloads/test10/ai_plastic_waste_management_training/HDPE Plastic/detergent_bottles/IMG_20220209_220237.jpg,0,HDPE Plastic,2,PET Plastic,0.5156259536743164,0.47786572575569153,0.001966877141967416,0.5156259536743164,0.004264647141098976,0.0002768095291685313
/Users/aswanathjs/Downloads/test10/ai_plastic_waste_management_training/LDPE Plastic/bin_bags/LDPE209-Photoroom_0_9487_jpg.rf.e4c28eea566645d81b5773905e0b7a00.jpg,1,LDPE Plastic,1,LDPE Plastic,0.9993564486503601,0.00013272959040477872,0.9993564486503601,3.3285259632975794e-06,1.5161484043346718e-05,0.0004923234228044748
/Users/aswanathjs/Downloads/test10/ai_plastic_waste_management_training/LDPE Plastic/bin_bags/LDPE209-Photoroom_0_9487_jpg.rf.8eac7da1abbe68883aae72ef4c2c4355.jpg,1,LDPE Plastic,1,LDPE Plastic,0.9591052532196045,0.01896587200462818,0.9591052532196045,0.0007329100626520813,0.01717609167098999,0.004019834101200104
/Users/aswanathjs/Downloads/test10/ai_plastic_waste_management_training/LDPE Plastic/bin_bags_grey/LDPE209-Photoroom_0_9487_jpg.rf.8eac7da1abbe68883aae72ef4c2c4355.jpg,1,LDPE Plastic,1,LDPE Plastic,0.9446926116943359,0.01771049201488495,0.9446926116943359,0.0022885706275701523,0.02705146186053753,0.008256866596639156
/Users/aswanathjs/Downloads/test10/ai_plastic_waste_management_training/LDPE Plastic/plastic_bags/LDPE-284_jpg.rf.b1f03d66dd220fb47fc66de07bab4a54.jpg,1,LDPE Plastic,1,LDPE Plastic,0.9999661445617676,2.2517588149639778e-06,0.9999661445617676,6.0739071159332525e-06,2.4838738681864925e-05,7.503196002289769e-07
/Users/aswanathjs/Downloads/test10/ai_plastic_waste_management_training/HDPE Plastic/shampoo_bottles/0023_a02b01c2d0e0f1g0h0.jpg,0,HDPE Plastic,0,HDPE Plastic,0.9999963045120239,0.9999963045120239,6.182780794006248e-07,1.012704615277471e-06,1.520106252428377e-06,6.540532808685384e-07
/Users/aswanathjs/Downloads/test10/ai_plastic_waste_management_training/PS Plastic/foam_sheets/PS-708_jpg.rf.b5d5e8af61a901af1bf72380443a96d6.jpg,4,PS Plastic,4,PS Plastic,0.9999266862869263,4.2219311580993235e-05,5.096296263218392e-06,5.518451416719472e-06,2.0560553821269423e-05,0.9999266862869263
/Users/aswanathjs/Downloads/test10/ai_plastic_waste_management_training/LDPE Plastic/black_white__plastic_bags/0270_jpg.rf.09bcedb78cbe5e175c675d01e5d99e1f.jpg,1,LDPE Plastic,1,LDPE Plastic,0.9998999834060669,2.9244185498100705e-05,0.9998999834060669,3.8534716395588475e-07,9.928487088473048e-06,6.047216447768733e-05
"/Users/aswanathjs/Downloads/test10/ai_plastic_waste_management_training/PET Plastic/plastic_bottles/PET1,741.jpg",2,PET Plastic,2,PET Plastic,0.9999997615814209,2.6293378141417634e-07,1.2502501256506093e-09,0.9999997615814209,4.059986480342559e-08,7.506239185772756e-09
/Users/aswanathjs/Downloads/test10/ai_plastic_waste_management_training/LDPE Plastic/plastic_bags_grey/LDPE-486_jpg.rf.bc1031eb3c1002b9e60695a48b68d0c7.jpg,1,LDPE Plastic,1,LDPE Plastic,0.9999998807907104,2.6512932294053826e-08,0.9999998807907104,1.0817565510023996e-08,5.261401980760638e-09,6.729811019567933e-08
/Users/aswanathjs/Downloads/test10/ai_plastic_waste_management_training/LDPE Plastic/plastic_bags/LDPE-486_jpg.rf.bc1031eb3c1002b9e60695a48b68d0c7.jpg,1,LDPE Plastic,1,LDPE Plastic,0.9999994039535522,1.5385892027097725e-07,0.9999994039535522,7.543643221197271e-08,4.8713040712300426e-08,3.7094019944561296e-07
/Users/aswanathjs/Downloads/test10/ai_plastic_waste_management_training/PS Plastic/foam_containers/styrofoam-8-_jpg.rf.014c7bfb4fbb9cfb65165b099a2e620a.jpg,4,PS Plastic,4,PS Plastic,0.9721203446388245,0.0003654110769275576,0.02681717462837696,0.00011913823254872113,0.000578003004193306,0.9721203446388245
/Users/aswanathjs/Downloads/test10/ai_plastic_waste_management_training/PP Plastic/square_containers/Image_154.png,3,PP Plastic,3,PP Plastic,0.6379175186157227,0.01539701595902443,0.312831312417984,0.002266922499984503,0.6379175186157227,0.031587228178977966
/Users/aswanathjs/Downloads/test10/ai_plastic_waste_management_training/PS Plastic/foam_containers/Image_154.png,3,PP Plastic,4,PS Plastic,0.6896178722381592,0.008750732988119125,0.019875338301062584,0.0014673919649794698,0.2802886664867401,0.6896178722381592
"/Users/aswanathjs/Downloads/test10/ai_plastic_waste_management_training/PET Plastic/plastic_bottles/PET1,505.jpg",2,PET Plastic,2,PET Plastic,0.9999771118164062,7.417210326821078e-06,1.313225038757082e-05,0.9999771118164062,1.5450781347681186e-06,7.611769774484856e-07
/Users/aswanathjs/Downloads/test10/ai_plastic_waste_management_training/PP Plastic/round_containers/IMG_20220210_105626.jpg,3,PP Plastic,3,PP Plastic,0.9974640607833862,0.001576511305756867,0.0002837326319422573,0.0002560952852945775,0.9974640607833862,0.0004196387017145753
/Users/aswanathjs/Downloads/test10/ai_plastic_waste_management_training/PP Plastic/square_containers/IMG20220210150448.jpg,3,PP Plastic,3,PP Plastic,0.9889223575592041,0.005590931046754122,0.004803046118468046,0.0001573279732838273,0.9889223575592041,0.000526361633092165
/Users/aswanathjs/Downloads/test10/ai_plastic_waste_management_training/PP Plastic/irregular_containers/valid_PP-73-_jpg.rf.7edbb04a95e51deadc234f1d5848eb89.jpg,3,PP Plastic,3,PP Plastic,0.9481185674667358,0.005493000615388155,0.04143106937408447,0.001151990843936801,0.9481185674667358,0.003805394982919097
/Users/aswanathjs/Downloads/test10/ai_plastic_waste_management_training/PP Plastic/irregular_containers_grey/valid_PP-73-_jpg.rf.7edbb04a95e51deadc234f1d5848eb89.jpg,3,PP Plastic,3,PP Plastic,0.9580391645431519,0.0048719746991992,0.03127693757414818,0.001688642892986536,0.9580391645431519,0.004123406950384378
/Users/aswanathjs/Downloads/test10/ai_plastic_waste_management_training/HDPE Plastic/shampoo_bottles/0023_a02b01c1d0e0f1g0h0.jpg,0,HDPE Plastic,0,HDPE Plastic,0.9999774694442749,0.9999774694442749,4.225478733133059e-06,1.8731415138972807e-06,1.0791703061840963e-05,5.603190857073059e-06
/Users/aswanathjs/Downloads/test10/ai_plastic_waste_management_training/HDPE Plastic/detergent_bottles/0039_a02b01c2d1e0f1g0h0.jpg,0,HDPE Plastic,0,HDPE Plastic,1.0,1.0,6.565199230611218e-14,3.085333773406376e-14,7.92295035459932e-14,3.206772683766318e-13
/Users/aswanathjs/Downloads/test10/ai_plastic_waste_management_training/LDPE Plastic/plastic_bags/LDPE-648_jpg.rf.ca2ff2c8cb1057efd133fef3d3b151be.jpg,1,LDPE Plastic,1,LDPE Plastic,0.9999861717224121,2.943854497061693e-06,0.9999861717224121,3.074522396673274e-07,1.0419198588351719e-05,2.607750957395183e-07
/Users/aswanathjs/Downloads/test10/ai_plastic_waste_management_training/PET Plastic/shampoo_bottles/0050_a05b00c1d0e1f1g0h2.jpg,2,PET Plastic,2,PET Plastic,0.9999948740005493,4.487584192247596e-06,1.5687392362906394e-07,0.9999948740005493,3.812391184965236e-07,4.150763999177798e-08
/Users/aswanathjs/Downloads/test10/ai_plastic_waste_management_training/LDPE Plastic/plastic_bags/plasticbag (96).jpg,1,LDPE Plastic,1,LDPE Plastic,0.9999969005584717,2.0585864604072412e-06,0.9999969005584717,3.4308172303099127e-07,1.4350317201206053e-07,5.26300709680072e-07
"/Users/aswanathjs/Downloads/test10/ai_plastic_waste_management_training/PET Plastic/plastic_bottles/PET1,087.jpg",2,PET Plastic,2,PET Plastic,0.9966285824775696,0.0005777522455900908,0.0010838418966159225,0.9966285824775696,0.0013716774992644787,0.0003380920097697526
"/Users/aswanathjs/Downloads/test10/ai_plastic_waste_management_training/PET Plastic/plastic_bottles/PET1,323.jpg",2,PET Plastic,2,PET Plastic,0.999505877494812,0.0001530869776615873,2.7286500881018583e-07,0.999505877494812,0.00033847990562207997,2.2556021121999947e-06
/Users/aswanathjs/Downloads/test10/ai_plastic_waste_management_training/PET Plastic/black_white_plastic_bottles/cwfhv_jpg.rf.15e8353c25daaaf591a6f2b7f36c06a1.jpg,2,PET Plastic,2,PET Plastic,0.9996898174285889,2.6740926841739565e-05,0.00020235135161783546,0.9996898174285889,4.463211735128425e-05,3.654319152701646e-05
/Users/aswanathjs/Downloads/test10/ai_plastic_waste_management_training/PP Plastic/round_containers/0031_a05b01c1d2e0f0g0h2.jpg,3,PP Plastic,3,PP Plastic,0.9998911619186401,0.00010110108996741474,7.045494839985622e-06,5.778676737122623e-08,0.9998911619186401,6.834946475464676e-07
"/Users/aswanathjs/Downloads/test10/ai_plastic_waste_management_training/PET Plastic/plastic_bottles/PET1,438.jpg",2,PET Plastic,2,PET Plastic,0.9999679327011108,1.744615838106256e-05,3.295919668744318e-06,0.9999679327011108,1.0489385203982238e-05,8.337976851180429e-07
/Users/aswanathjs/Downloads/test10/ai_plastic_waste_management_training/LDPE Plastic/black_white__plastic_bags/0087_jpg.rf.3559b8e0d49b0752aae11d7f9a50ce15.jpg,1,LDPE Plastic,1,LDPE Plastic,0.9999992847442627,2.350209626911237e-08,0.9999992847442627,7.122203715681508e-09,7.988978723005857e-08,6.05265768172103e-07
/Users/aswanathjs/Downloads/test10/ai_plastic_waste_management_training/HDPE Plastic/shampoo_bottles/0061_a02b01c1d3e0f1g0h0(1).jpg,0,HDPE Plastic,0,HDPE Plastic,0.9999945163726807,0.9999945163726807,4.5888023691986746e-07,1.1692377483996097e-06,3.0525598049280234e-07,3.554133172656293e-06
/Users/aswanathjs/Downloads/test10/ai_plastic_waste_management_training/LDPE Plastic/plastic_bags/LDPE-461_jpg.rf.3cc1c5434d59d363f6ee298032099ae3.jpg,1,LDPE Plastic,1,LDPE Plastic,0.9999923706054688,4.963568244420458e-06,0.9999923706054688,5.383228085520386e-08,2.3677816898270976e-06,1.9416130214722216e-07
/Users/aswanathjs/Downloads/test10/ai_plastic_waste_management_training/LDPE Plastic/plastic_bags/plasticbag (38).jpg,1,LDPE Plastic,1,LDPE Plastic,0.9994518160820007,4.992158937966451e-05,0.9994518160820007,2.1605588699458167e-05,0.0003043932665605098,0.00017229889635927975
/Users/aswanathjs/Downloads/test10/ai_plastic_waste_management_training/PET Plastic/black_white_plastic_bottles/bofnj_jpg.rf.bf1a0b0e5b4ef201d8c440d009d8288f.jpg,2,PET Plastic,2,PET Plastic,0.9999780654907227,8.03433886176208e-06,2.0996474177081836e-06,0.9999780654907227,6.8508807089529e-06,4.9299883357889485e-06
/Users/aswanathjs/Downloads/test10/ai_plastic_waste_management_training/HDPE Plastic/milk_bottles/HDPEM378.jpg,0,HDPE Plastic,0,HDPE Plastic,1.0,1.0,4.722799040735026e-09,4.2051475190874044e-08,5.963959881505332e-10,6.1545946117291805e-09
/Users/aswanathjs/Downloads/test10/ai_plastic_waste_management_training/PS Plastic/foam_sheets/PS-526_jpg.rf.e957c443cff44bdeb1ef2423588cd6d2.jpg,4,PS Plastic,4,PS Plastic,0.9999958276748657,3.443993591645267e-06,5.55829160475696e-07,7.590320194594824e-08,4.176832746338732e-08,0.9999958276748657
/Users/aswanathjs/Downloads/test10/ai_plastic_waste_management_training/PET Plastic/shampoo_bottles/0015_a05b00c2d0e1f1g0h3.jpg,2,PET Plastic,2,PET Plastic,1.0,3.4734203069319847e-08,1.0031933062037979e-09,1.0,1.219761891491089e-08,7.531810730654342e-09
/Users/aswanathjs/Downloads/test10/ai_plastic_waste_management_training/HDPE Plastic/shampoo_bottles/0078_a02b07c1d2e0f1g0h2.jpg,0,HDPE Plastic,0,HDPE Plastic,1.0,1.0,6.293258449086014e-12,1.1719778793273239e-12,1.3215108261160902e-12,2.6322254922592214e-13
/Users/aswanathjs/Downloads/test10/ai_plastic_waste_management_training/HDPE Plastic/milk_bottles/HDPEM279.jpg,0,HDPE Plastic,0,HDPE Plastic,0.9999998807907104,0.9999998807907104,1.853037279175851e-09,1.3863719061646407e-08,8.3049744858954e-09,9.270033984876136e-08
/Users/aswanathjs/Downloads/test10/ai_plastic_waste_management_training/PET Plastic/plastic_bottles/PET359.jpg,2,PET Plastic,2,PET Plastic,0.9999996423721313,3.702320157117356e-07,8.719320376826545e-09,0.9999996423721313,7.692660730640455e-09,1.6342866615559615e-08
/Users/aswanathjs/Downloads/test10/ai_plastic_waste_management_training/HDPE Plastic/shampoo_bottles/0099_a02b01c2d0e0f1g0h2.jpg,0,HDPE Plastic,0,HDPE Plastic,0.9999985694885254,0.9999985694885254,9.627092900643675e-09,1.29933732750942e-06,8.502157555767553e-08,2.505374041561481e-08
/Users/aswanathjs/Downloads/test10/ai_plastic_waste_management_training/PET Plastic/black_white_plastic_bottles/bypgz_jpg.rf.6b5039bb8ba06ded671996e3de7c9c8f.jpg,2,PET Plastic,2,PET Plastic,0.9998855590820312,3.5373181162867695e-05,7.232460120576434e-06,0.9998855590820312,6.430545909097418e-05,7.575433755846461e-06
/Users/aswanathjs/Downloads/test10/ai_plastic_waste_management_training/LDPE Plastic/plastic_bags/train_LDPE-67_jpg.rf.371818905ea21870f8305b35e5a20d8f.jpg,1,LDPE Plastic,1,LDPE Plastic,0.9999992847442627,3.0804031325715187e-07,0.9999992847442627,1.1073271366512927e-07,8.432798637159067e-08,1.6101915889521479e-07
"/Users/aswanathjs/Downloads/test10/ai_plastic_waste_management_training/PET Plastic/plastic_bottles/PET1,534.jpg",2,PET Plastic,2,PET Plastic,1.0,1.9699114561788633e-10,2.4880529494314407e-12,1.0,6.759982157378275e-11,7.081884557946783e-12
/Users/aswanathjs/Downloads/test10/ai_plastic_waste_management_training/HDPE Plastic/milk_bottles/HDPEM55.jpg,0,HDPE Plastic,0,HDPE Plastic,0.9999998807907104,0.9999998807907104,2.3369248758342565e-09,2.1774062552992746e-09,1.1595569304745368e-07,3.4207157106891373e-09
/Users/aswanathjs/Downloads/test10/ai_plastic_waste_management_training/PP Plastic/square_containers/Image_99.png,3,PP Plastic,3,PP Plastic,0.4780159890651703,0.009623975493013859,0.4485777020454407,0.004101375117897987,0.4780159890651703,0.059680890291929245
/Users/aswanathjs/Downloads/test10/ai_plastic_waste_management_training/PS Plastic/foam_containers/Image_99.png,3,PP Plastic,3,PP Plastic,0.5011739134788513,0.02202874980866909,0.22563450038433075,0.0017655498813837767,0.5011739134788513,0.24939726293087006
/Users/aswanathjs/Downloads/test10/ai_plastic_waste_management_training/PET Plastic/black_white_plastic_bottles/agrfh_jpg.rf.e212b78d5d7b9a9e205dfb3c0431323e.jpg,2,PET Plastic,2,PET Plastic,0.9999880790710449,2.2572542093257653e-06,8.232774234784301e-06,0.9999880790710449,5.211879852140555e-07,9.946521686288179e-07
/Users/aswanathjs/Downloads/test10/ai_plastic_waste_management_training/PS Plastic/foam_sheets/PS-582_jpg.rf.c7df3018db463471aea3bd9af3949550.jpg,4,PS Plastic,4,PS Plastic,0.9999955892562866,3.77152150576876e-06,5.964147931081243e-07,1.3211901794818459e-08,4.866955283233665e-09,0.9999955892562866
/Users/aswanathjs/Downloads/test10/ai_plastic_waste_management_training/HDPE Plastic/shampoo_bottles/0065_a02b03c1d1e0f1g0h1.jpg,0,HDPE Plastic,0,HDPE Plastic,1.0,1.0,7.86887444093054e-09,1.3115295516286096e-08,1.6052041473813006e-08,5.752885723353529e-09
/Users/aswanathjs/Downloads/test10/ai_plastic_waste_management_training/LDPE Plastic/bubble_wrap/LDPE-99_jpg.rf.3d7ba029688b7036c8fa6f12db518e20.jpg,1,LDPE Plastic,1,LDPE Plastic,0.9999996423721313,1.8771143572848814e-07,0.9999996423721313,1.3775292018181062e-07,1.6376503708670498e-08,7.186726946883937e-08
/Users/aswanathjs/Downloads/test10/ai_plastic_waste_management_training/LDPE Plastic/bubble_wrap/LDPE-99_jpg.rf.c4d2980e5e5103a668d39b9de1b680c6.jpg,1,LDPE Plastic,1,LDPE Plastic,0.9999808073043823,1.5443089296240942e-06,0.9999808073043823,2.406619387329556e-06,1.4717305703015882e-06,1.3840411156706978e-05
/Users/aswanathjs/Downloads/test10/ai_plastic_waste_management_training/HDPE Plastic/detergent_bottles/0010_a02b01c2d0e0f1g0h2.jpg,0,HDPE Plastic,0,HDPE Plastic,1.0,1.0,1.076818101353183e-08,7.736906670885446e-10,8.449736910165484e-09,1.2163763329908761e-09
/Users/aswanathjs/Downloads/test10/ai_plastic_waste_management_training/HDPE Plastic/milk_bottles/HDPEM558.JPG,0,HDPE Plastic,0,HDPE Plastic,0.9999997615814209,0.9999997615814209,1.3695609091257666e-09,1.8409467372748622e-07,2.4943649923336864e-10,1.0290620799935368e-08
/Users/aswanathjs/Downloads/test10/ai_plastic_waste_management_training/PS Plastic/foam_containers/styrofoam-123-_jpg.rf.1b0a7d0c0d6721e571b69c9b9545d4d8.jpg,4,PS Plastic,4,PS Plastic,1.0,8.213790758659911e-10,1.6965219507003582e-10,3.363906375675185e-10,3.129457457062834e-11,1.0
/Users/aswanathjs/Downloads/test10/ai_plastic_waste_management_training/PET Plastic/plastic_bottles/PET528.jpg,2,PET Plastic,2,PET Plastic,0.9999634027481079,2.212195067841094e-05,1.1345523489580955e-06,0.9999634027481079,7.83745781518519e-06,5.551016329263803e-06
/Users/aswanathjs/Downloads/test10/ai_plastic_waste_management_training/PET Plastic/black_white_plastic_bottles/bhnvi_jpg.rf.5feba821cab0a965022c48101bc4e810.jpg,2,PET Plastic,2,PET Plastic,0.9999390840530396,8.229066224885173e-06,3.343203934491612e-05,0.9999390840530396,1.2933797734149266e-05,6.310918251983821e-06
/Users/aswanathjs/Downloads/test10/ai_plastic_waste_management_training/LDPE Plastic/black_white__plastic_bags/0260_jpg.rf.5cc83009a56d0bd1362da63c51f3debb.jpg,1,LDPE Plastic,1,LDPE Plastic,0.9999984502792358,4.794484880221717e-07,0.9999984502792358,2.4248192342923858e-09,1.0636198339852854e-06,2.589339054281936e-08
/Users/aswanathjs/Downloads/test10/ai_plastic_waste_management_training/LDPE Plastic/plastic_bags/LDPE-174_jpg.rf.ba724e61131407fce8f435d26f554207.jpg,1,LDPE Plastic,1,LDPE Plastic,0.9999648332595825,1.3657790987053886e-05,0.9999648332595825,6.448253770940937e-06,1.0872337952605449e-05,4.251277914590901e-06
/Users/aswanathjs/Downloads/test10/ai_plastic_waste_management_training/LDPE Plastic/plastic_bags/plasticbag (158).jpg,1,LDPE Plastic,1,LDPE Plastic,0.9961645603179932,0.0033299680799245834,0.9961645603179932,2.2880838514538482e-05,0.0003049408260267228,0.0001777003490133211
/Users/aswanathjs/Downloads/test10/ai_plastic_waste_management_training/LDPE Plastic/plastic_bags/LDPE-321_jpg.rf.502d5cceb8ba6da485ebb716c8e9db1a.jpg,1,LDPE Plastic,1,LDPE Plastic,0.9999923706054688,2.098299205499643e-07,0.9999923706054688,8.318530717588146e-07,1.4940434311938589e-06,5.02369175592321e-06
/Users/aswanathjs/Downloads/test10/ai_plastic_waste_management_training/PS Plastic/foam_sheets/PS-711_jpg.rf.4515a1f0aca07d8e446de37def458a12.jpg,4,PS Plastic,4,PS Plastic,0.9999477863311768,1.4696124708279967e-05,5.696222615370061e-06,2.949766667370568e-06,2.8885600841022097e-05,0.9999477863311768
/Users/aswanathjs/Downloads/test10/ai_plastic_waste_management_training/PET Plastic/plastic_bottles/PET972.jpg,2,PET Plastic,2,PET Plastic,0.9999983310699463,1.0486078281246591e-06,1.1104542352313729e-07,0.9999983310699463,1.668977631652524e-07,3.5851303437084425e-07
/Users/aswanathjs/Downloads/test10/ai_plastic_waste_management_training/PET Plastic/plastic_bottles/PET484.jpg,2,PET Plastic,2,PET Plastic,0.9977472424507141,0.002246134215965867,1.1996679631920415e-06,0.9977472424507141,2.0194695480313385e-06,3.3404485293431208e-06
/Users/aswanathjs/Downloads/test10/ai_plastic_waste_management_training/LDPE Plastic/plastic_bags/LDPE-541_jpg.rf.f283c7032a3dd4169b2b8e248f851d19.jpg,1,LDPE Plastic,1,LDPE Plastic,0.9998584985733032,6.1002887377981097e-05,0.9998584985733032,1.1550591807463206e-05,2.472862252034247e-05,4.4253876694710925e-05
/Users/aswanathjs/Downloads/test10/ai_plastic_waste_management_training/PET Plastic/black_white_plastic_bottles/cgfux_jpg.rf.8a8f634efa0ee9baf3012ae5b0c3f48a.jpg,2,PET Plastic,2,PET Plastic,0.9999735355377197,1.840989716583863e-05,3.619051540226792e-06,0.9999735355377197,1.4936006209609332e-06,2.9541724870796315e-06
/Users/aswanathjs/Downloads/test10/ai_plastic_waste_management_training/PET Plastic/black_white_plastic_bottles/cqzaj_jpg.rf.4140f06e0b046b6ccdb459bdb4c2f9f6.jpg,2,PET Plastic,2,PET Plastic,0.9999215602874756,2.4341808966710232e-05,2.359579229960218e-05,0.9999215602874756,2.5679810278234072e-05,4.847536729357671e-06
/Users/aswanathjs/Downloads/test10/ai_plastic_waste_management_training/PET Plastic/shampoo_bottles/0050_a05b00c1d2e1f1g0h1.jpg,2,PET Plastic,2,PET Plastic,1.0,1.68558962343468e-08,4.666928510310697e-10,1.0,1.7221449821747115e-09,7.998577494783277e-11
/Users/aswanathjs/Downloads/test10/ai_plastic_waste_management_training/PP Plastic/round_containers/IMG20220210154502.jpg,3,PP Plastic,3,PP Plastic,0.999886155128479,3.690560697577894e-05,7.315433322219178e-05,1.9756098481593654e-06,0.999886155128479,1.7677073174127145e-06
/Users/aswanathjs/Downloads/test10/ai_plastic_waste_management_training/HDPE Plastic/shampoo_bottles/0078_a02b07c1d2e0f1g0h4.jpg,0,HDPE Plastic,0,HDPE Plastic,1.0,1.0,1.4813290594162254e-09,1.4487517852046494e-08,4.2124209898020126e-08,3.2348843603813293e-09
/Users/aswanathjs/Downloads/test10/ai_plastic_waste_management_training/LDPE Plastic/plastic_bags/LDPE-434_jpg.rf.e846e651da896157c4e625e39fec91f4.jpg,1,LDPE Plastic,1,LDPE Plastic,0.9999914169311523,4.988727368981927e-07,0.9999914169311523,1.352137815047172e-06,2.200621565862093e-06,4.581820576277096e-06
/Users/aswanathjs/Downloads/test10/ai_plastic_waste_management_training/PET Plastic/plastic_bottles/PET485.jpg,2,PET Plastic,2,PET Plastic,0.9998717308044434,0.00012456461263354868,1.980812385227182e-06,0.9998717308044434,1.3458365799579042e-07,1.5535822512902087e-06
/Users/aswanathjs/Downloads/test10/ai_plastic_waste_management_training/HDPE Plastic/milk_bottles/HDPEM230.jpg,0,HDPE Plastic,0,HDPE Plastic,0.9999997615814209,0.9999997615814209,8.302201592869096e-09,2.455341245877207e-07,3.9137560747803946e-08,4.28005364483397e-08
"/Users/aswanathjs/Downloads/test10/ai_plastic_waste_management_training/PET Plastic/plastic_bottles/PET1,362.jpg",2,PET Plastic,2,PET Plastic,0.9999943971633911,1.094707613447099e-06,2.798227853872959e-07,0.9999943971633911,4.044433808303438e-06,2.655460491496342e-07
/Users/aswanathjs/Downloads/test10/ai_plastic_waste_management_training/LDPE Plastic/bin_bags/Image_109.png,1,LDPE Plastic,1,LDPE Plastic,0.995915949344635,0.0010381139582023025,0.995915949344635,4.295132021070458e-05,0.002768874168395996,0.00023416534531861544
/Users/aswanathjs/Downloads/test10/ai_plastic_waste_management_training/LDPE Plastic/bin_bags_grey/Image_109.png,1,LDPE Plastic,1,LDPE Plastic,0.9989702701568604,0.0006608946714550257,0.9989702701568604,6.627000402659178e-05,0.00024024547019507736,6.240452785277739e-05
/Users/aswanathjs/Downloads/test10/ai_plastic_waste_management_training/PS Plastic/foam_containers/Image_109.png,1,LDPE Plastic,4,PS Plastic,0.6095508933067322,0.018371591344475746,0.17650844156742096,0.005410824902355671,0.19015823304653168,0.6095508933067322
/Users/aswanathjs/Downloads/test10/ai_plastic_waste_management_training/LDPE Plastic/black_white__plastic_bags/0277_jpg.rf.ad7666dc0042d3ba64fd197c26c10a5a.jpg,1,LDPE Plastic,1,LDPE Plastic,0.9999998807907104,2.968015166970872e-09,0.9999998807907104,2.1896075230731782e-10,2.2695822998741733e-10,7.760235831710816e-08
/Users/aswanathjs/Downloads/test10/ai_plastic_waste_management_training/PET Plastic/shampoo_bottles/0050_a05b00c1d3e1f1g0h0.jpg,2,PET Plastic,2,PET Plastic,0.9999955892562866,2.00233898794977e-06,4.2066398009410477e-07,0.9999955892562866,1.942360768225626e-06,5.8095739774444155e-08
/Users/aswanathjs/Downloads/test10/ai_plastic_waste_management_training/LDPE Plastic/plastic_bags_grey/LDPE-60_jpg.rf.e1653fc8d489b27598b545ecb081111a.jpg,1,LDPE Plastic,1,LDPE Plastic,0.9998998641967773,2.060581937257666e-05,0.9998998641967773,4.211545729049249e-06,3.781707346206531e-05,3.756381192943081e-05
/Users/aswanathjs/Downloads/test10/ai_plastic_waste_management_training/LDPE Plastic/plastic_bags/LDPE-60_jpg.rf.e1653fc8d489b27598b545ecb081111a.jpg,1,LDPE Plastic,1,LDPE Plastic,0.999992847442627,7.981118415045785e-07,0.999992847442627,5.384976731193092e-08,5.474177214637166e-06,8.572653769078897e-07
/Users/aswanathjs/Downloads/test10/ai_plastic_waste_management_training/HDPE Plastic/milk_bottles/HDPEM66.jpg,0,HDPE Plastic,0,HDPE Plastic,0.9999825954437256,0.9999825954437256,4.0696548353480466e-08,1.579913714522263e-06,1.5506526324315928e-05,3.9728820411255583e-07
/Users/aswanathjs/Downloads/test10/ai_plastic_waste_management_training/HDPE Plastic/shampoo_bottles/0061_a02b01c1d0e0f1g0h4(1).jpg,0,HDPE Plastic,0,HDPE Plastic,0.9999942779541016,0.9999942779541016,1.988730105040304e-07,8.511755140716559e-07,1.035853301800671e-06,3.7374586554506095e-06
/Users/aswanathjs/Downloads/test10/ai_plastic_waste_management_training/LDPE Plastic/black_white__plastic_bags/0257_jpg.rf.a4ad02e2af3fe9aec7a4163d162916e1.jpg,1,LDPE Plastic,1,LDPE Plastic,1.0,4.862260594151735e-10,1.0,2.1341503564364928e-10,3.1749309847839413e-09,4.156394339815961e-08
/Users/aswanathjs/Downloads/test10/ai_plastic_waste_management_training/LDPE Plastic/bin_bags/Image_36.png,1,LDPE Plastic,1,LDPE Plastic,0.9988248944282532,0.00020504638087004423,0.9988248944282532,0.0006213269080035388,0.00034150242572650313,7.1953240876609925e-06
/Users/aswanathjs/Downloads/test10/ai_plastic_waste_management_training/PS Plastic/foam_containers/Image_36.png,1,LDPE Plastic,4,PS Plastic,0.5006988048553467,0.05570476874709129,0.19636423885822296,0.01414533331990242,0.23308679461479187,0.5006988048553467
/Users/aswanathjs/Downloads/test10/ai_plastic_waste_management_training/LDPE Plastic/bin_bags/Image_187.png,1,LDPE Plastic,1,LDPE Plastic,0.9986133575439453,0.0007805632194504142,0.9986133575439453,0.0001082264498108998,0.00034106720704585314,0.00015682875528000295
/Users/aswanathjs/Downloads/test10/ai_plastic_waste_management_training/PS Plastic/foam_containers/Image_187.png,1,LDPE Plastic,4,PS Plastic,0.6713836789131165,0.01734660565853119,0.148442804813385,0.002682481659576297,0.16014446318149567,0.6713836789131165
/Users/aswanathjs/Downloads/test10/ai_plastic_waste_management_training/PET Plastic/plastic_bottles/PET595.jpg,2,PET Plastic,2,PET Plastic,1.0,9.609109952180006e-09,2.487458905520157e-09,1.0,2.6493915949998836e-09,1.4168060058494802e-09
/Users/aswanathjs/Downloads/test10/ai_plastic_waste_management_training/HDPE Plastic/milk_bottles/P_W (465).jpg,0,HDPE Plastic,0,HDPE Plastic,0.9999853372573853,0.9999853372573853,1.1996758075838443e-07,1.3977096386952326e-05,8.09649236543919e-08,4.237002428908454e-07
/Users/aswanathjs/Downloads/test10/ai_plastic_waste_management_training/LDPE Plastic/black_white__plastic_bags/0219_jpg.rf.c16da776f5a092488537212c325f9d37.jpg,1,LDPE Plastic,1,LDPE Plastic,0.9998817443847656,7.604101119795814e-05,0.9998817443847656,1.7623854091652902e-06,9.88227293419186e-06,3.05302492051851e-05
/Users/aswanathjs/Downloads/test10/ai_plastic_waste_management_training/PET Plastic/plastic_bottles/PET715.jpg,2,PET Plastic,2,PET Plastic,0.9999964237213135,2.8904048576805508e-06,6.082655090722255e-07,0.9999964237213135,3.850318464060365e-08,1.0843747588751285e-07
/Users/aswanathjs/Downloads/test10/ai_plastic_waste_management_training/LDPE Plastic/plastic_bags/LDPE-609_jpg.rf.1c18d32f62f5503b69dfd1fa82a8c207.jpg,1,LDPE Plastic,1,LDPE Plastic,0.9999853372573853,2.046708004854736e-06,0.9999853372573853,5.222537424742768e-07,5.225071618042421e-06,6.810489594499813e-06
/Users/aswanathjs/Downloads/test10/ai_plastic_waste_management_training/HDPE Plastic/detergent_bottles/0039_a02b01c1d3e0f1g0h2.jpg,0,HDPE Plastic,0,HDPE Plastic,1.0,1.0,3.092663347636915e-10,2.1828150398306434e-10,4.3963743756592066e-10,1.559978674015028e-10
"/Users/aswanathjs/Downloads/test10/ai_plastic_waste_management_training/PET Plastic/plastic_bottles/PET1,444.jpg",2,PET Plastic,2,PET Plastic,0.9999984502792358,2.041478239789285e-07,9.41796045594856e-08,0.9999984502792358,1.221947854901373e-06,2.2080726580497867e-08
/Users/aswanathjs/Downloads/test10/ai_plastic_waste_management_training/PP Plastic/square_containers_grey/0011_a05b00c1d0e0f0g0h2.jpg,3,PP Plastic,3,PP Plastic,0.9842517971992493,0.015636833384633064,0.00010717933037085459,1.6299236449413002e-06,0.9842517971992493,2.6160616926063085e-06
/Users/aswanathjs/Downloads/test10/ai_plastic_waste_management_training/PP Plastic/rectangle_containers/0011_a05b00c1d0e0f0g0h2.jpg,3,PP Plastic,3,PP Plastic,0.9999538660049438,3.993169229943305e-05,5.054821485828143e-06,7.018811629677657e-07,0.9999538660049438,4.5164551920606755e-07
/Users/aswanathjs/Downloads/test10/ai_plastic_waste_management_training/PP Plastic/square_containers/0011_a05b00c1d0e0f0g0h2.jpg,3,PP Plastic,3,PP Plastic,0.9999538660049438,3.993169229943305e-05,5.054821485828143e-06,7.018811629677657e-07,0.9999538660049438,4.5164551920606755e-07
/Users/aswanathjs/Downloads/test10/ai_plastic_waste_management_training/PP Plastic/rectangle_containers_grey/0011_a05b00c1d0e0f0g0h2.jpg,3,PP Plastic,3,PP Plastic,0.9842517971992493,0.015636833384633064,0.00010717933037085459,1.6299236449413002e-06,0.9842517971992493,2.6160616926063085e-06
/Users/aswanathjs/Downloads/test10/ai_plastic_waste_management_training/PS Plastic/foam_containers/0058_a06b01c1d2e0f0g0h0.jpg,4,PS Plastic,4,PS Plastic,0.9999996423721313,3.9537636098430085e-07,7.925218703519477e-09,1.13737872453612e-08,3.4078809107995767e-08,0.9999996423721313
/Users/aswanathjs/Downloads/test10/ai_plastic_waste_management_training/LDPE Plastic/black_white__plastic_bags/0174_jpg.rf.a7e0c8215ae5965190cb789c8c09f2f8.jpg,1,LDPE Plastic,1,LDPE Plastic,0.9999492168426514,4.232415449223481e-05,0.9999492168426514,1.2270854767848505e-06,5.02981174577144e-06,2.2188748971530003e-06
/Users/aswanathjs/Downloads/test10/ai_plastic_waste_management_training/PET Plastic/plastic_bottles/PET486.jpg,2,PET Plastic,2,PET Plastic,0.9912214279174805,0.008724302984774113,1.970458288269583e-05,0.9912214279174805,2.651383283591713e-06,3.192692020093091e-05
/Users/aswanathjs/Downloads/test10/ai_plastic_waste_management_training/PP Plastic/rectangle_containers/0011_a05b00c1d1e0f0g0h3.jpg,3,PP Plastic,3,PP Plastic,0.9999973773956299,1.0163911383642699e-06,7.497796872257823e-08,1.3345335219128174e-06,0.9999973773956299,1.1651874842755205e-07
/Users/aswanathjs/Downloads/test10/ai_plastic_waste_management_training/PP Plastic/square_containers/0011_a05b00c1d1e0f0g0h3.jpg,3,PP Plastic,3,PP Plastic,0.9999973773956299,1.0163911383642699e-06,7.497796872257823e-08,1.3345335219128174e-06,0.9999973773956299,1.1651874842755205e-07
"/Users/aswanathjs/Downloads/test10/ai_plastic_waste_management_training/PET Plastic/plastic_bottles/PET1,321.jpg",2,PET Plastic,2,PET Plastic,0.9999798536300659,9.927840437740088e-06,9.986033333575506e-09,0.9999798536300659,1.0182132427871693e-05,7.686411152008077e-08
/Users/aswanathjs/Downloads/test10/ai_plastic_waste_management_training/LDPE Plastic/plastic_bags/plasticbag (61).jpg,1,LDPE Plastic,1,LDPE Plastic,0.9999980926513672,5.144073611518252e-07,0.9999980926513672,3.016096883357022e-08,3.273696904670942e-07,9.845158501775586e-07
/Users/aswanathjs/Downloads/test10/ai_plastic_waste_management_training/PP Plastic/round_containers/0095_a05b01c2d3e0f0g0h2.jpg,3,PP Plastic,3,PP Plastic,0.9631636142730713,0.03677505999803543,4.381455073598772e-05,1.1540926607267465e-05,0.9631636142730713,5.941712061030557e-06
/Users/aswanathjs/Downloads/test10/ai_plastic_waste_management_training/HDPE Plastic/shampoo_bottles/0061_a02b01c2d3e0f1g0h1.jpg,0,HDPE Plastic,0,HDPE Plastic,0.9999947547912598,0.9999947547912598,1.2723630504751782e-07,1.7150828170997556e-06,1.1621598332567373e-06,2.290405518579064e-06
/Users/aswanathjs/Downloads/test10/ai_plastic_waste_management_training/PS Plastic/foam_sheets/PS-896_jpg.rf.f5a1226a916b53702567b35310788274.jpg,4,PS Plastic,4,PS Plastic,1.0,1.414454864345771e-08,3.317721930518047e-10,6.290480358828177e-10,5.219768506314892e-10,1.0
/Users/aswanathjs/Downloads/test10/ai_plastic_waste_management_training/PET Plastic/black_white_plastic_bottles/bucmx_jpg.rf.ed05391c025208296e856dc329fac940.jpg,2,PET Plastic,2,PET Plastic,0.9999961853027344,4.4163837742416945e-07,7.333415510402119e-07,0.9999961853027344,1.5735745364509057e-06,1.0552588491918868e-06
/Users/aswanathjs/Downloads/test10/ai_plastic_waste_management_training/PP Plastic/square_containers/Image_153.png,3,PP Plastic,3,PP Plastic,0.9999159574508667,1.0181462130276486e-05,6.835004751337692e-05,1.1741667549358681e-07,0.9999159574508667,5.47623130842112e-06
/Users/aswanathjs/Downloads/test10/ai_plastic_waste_management_training/PS Plastic/foam_containers/Image_153.png,3,PP Plastic,4,PS Plastic,0.6600319147109985,0.01304513867944479,0.17173032462596893,0.004621512722223997,0.15057113766670227,0.6600319147109985
/Users/aswanathjs/Downloads/test10/ai_plastic_waste_management_training/PET Plastic/black_white_plastic_bottles/cztuv_jpg.rf.5645345b7c029ab43e2ae98bc45b705f.jpg,2,PET Plastic,2,PET Plastic,0.9999827146530151,5.609866548184073e-06,5.492523541761329e-06,0.9999827146530151,5.069416602054844e-06,1.0737887805589708e-06
/Users/aswanathjs/Downloads/test10/ai_plastic_waste_management_training/PP Plastic/irregular_containers/0036_a05b00c1d0e0f0g0h3.jpg,3,PP Plastic,3,PP Plastic,0.999609649181366,0.0003395294479560107,1.7014854165608995e-05,3.180655403411947e-05,0.999609649181366,2.019330167968292e-06
/Users/aswanathjs/Downloads/test10/ai_plastic_waste_management_training/PP Plastic/round_containers/IMG_20220210_105856.jpg,3,PP Plastic,3,PP Plastic,0.999853253364563,9.055854025064036e-05,5.1469447498675436e-05,3.616397862060694e-06,0.999853253364563,1.004719138109067e-06
/Users/aswanathjs/Downloads/test10/ai_plastic_waste_management_training/LDPE Plastic/plastic_bags/LDPE-57_jpg.rf.d8278d1b3a4868875159aed9c484a0ce.jpg,1,LDPE Plastic,1,LDPE Plastic,0.9999992847442627,3.579366989470145e-07,0.9999992847442627,1.0696547647626176e-08,1.6609725150829036e-08,3.2697758456379233e-07
/Users/aswanathjs/Downloads/test10/ai_plastic_waste_management_training/LDPE Plastic/plastic_bags/LDPE-57_jpg.rf.fd80a8096bc6ffe477192da7ba92d797.jpg,1,LDPE Plastic,1,LDPE Plastic,0.9999972581863403,1.729349037304928e-07,0.9999972581863403,1.2472281696318532e-07,1.8816366491591907e-06,5.275305738905445e-07
"/Users/aswanathjs/Downloads/test10/ai_plastic_waste_management_training/PET Plastic/plastic_bottles/PET1,235.jpg",2,PET Plastic,2,PET Plastic,0.9999990463256836,3.0023431918380084e-07,1.1067145777587939e-07,0.9999990463256836,4.90345598791464e-07,8.327586620282545e-09
"/Users/aswanathjs/Downloads/test10/ai_plastic_waste_management_training/PET Plastic/plastic_bottles/PET1,613.jpg",2,PET Plastic,2,PET Plastic,1.0,1.7558576814735716e-08,1.4474895948524136e-08,1.0,7.97754484693769e-09,7.986706296314594e-10
/Users/aswanathjs/Downloads/test10/ai_plastic_waste_management_training/PET Plastic/black_white_plastic_bottles/bcaqx_jpg.rf.d79b0d79c7cf84ddaa330fa95b3b675e.jpg,2,PET Plastic,2,PET Plastic,0.9999791383743286,1.6378347936552018e-05,2.2075677463817556e-07,0.9999791383743286,3.9801589082344435e-06,3.1069203032529913e-07
/Users/aswanathjs/Downloads/test10/ai_plastic_waste_management_training/PET Plastic/plastic_bottles/PET784.jpg,2,PET Plastic,2,PET Plastic,0.9999998807907104,4.3593043841383405e-08,6.055204693211635e-08,0.9999998807907104,2.440780244583607e-09,8.500964376878528e-09
/Users/aswanathjs/Downloads/test10/ai_plastic_waste_management_training/PP Plastic/square_containers_grey/Image_250.png,3,PP Plastic,3,PP Plastic,0.9999929666519165,6.318328360066516e-06,5.421617856882222e-07,5.392927215908117e-10,0.9999929666519165,7.596730000614116e-08
/Users/aswanathjs/Downloads/test10/ai_plastic_waste_management_training/PP Plastic/square_containers/Image_250.png,3,PP Plastic,3,PP Plastic,0.9999611377716064,3.886711783707142e-05,1.5144397735866733e-08,5.516741143768433e-12,0.9999611377716064,8.769348580628389e-10
/Users/aswanathjs/Downloads/test10/ai_plastic_waste_management_training/PS Plastic/foam_containers/Image_250.png,3,PP Plastic,3,PP Plastic,0.9445445537567139,0.0017594436649233103,0.01661112904548645,0.00040680484380573034,0.9445445537567139,0.03667809069156647
/Users/aswanathjs/Downloads/test10/ai_plastic_waste_management_training/LDPE Plastic/plastic_bags/LDPE-41_jpg.rf.20a5f7597f8f602a98886343f404a1e0.jpg,1,LDPE Plastic,1,LDPE Plastic,0.9999842643737793,9.558203601045534e-06,0.9999842643737793,6.548231112901703e-07,7.968971544869419e-07,4.7128560254350305e-06
/Users/aswanathjs/Downloads/test10/ai_plastic_waste_management_training/PS Plastic/foam_sheets/PS-604_jpg.rf.2f88ab91a623f7eb67f048553e7594f7.jpg,4,PS Plastic,4,PS Plastic,0.9999855756759644,1.1564007763809059e-05,2.0660684185713762e-06,2.3621302602805372e-07,5.090124091111647e-07,0.9999855756759644
/Users/aswanathjs/Downloads/test10/ai_plastic_waste_management_training/PS Plastic/foam_sheets/PS-668_jpg.rf.8fe710f9d479a0e9f0ff7b163e677905.jpg,4,PS Plastic,4,PS Plastic,0.9999982118606567,4.115172487217933e-07,1.2655863201871398e-06,1.002161766905374e-07,6.811129082961997e-08,0.9999982118606567
/Users/aswanathjs/Downloads/test10/ai_plastic_waste_management_training/HDPE Plastic/shampoo_bottles/0075_a02b01c2d2e0f0g0h1.jpg,0,HDPE Plastic,0,HDPE Plastic,1.0,1.0,2.482910578527342e-11,1.2697017881535544e-09,1.649209657728079e-10,2.892802941634187e-10
"/Users/aswanathjs/Downloads/test10/ai_plastic_waste_management_training/PET Plastic/plastic_bottles/PET1,608.jpg",2,PET Plastic,2,PET Plastic,0.9999854564666748,6.526390279759653e-06,7.371259471256053e-06,0.9999854564666748,1.986198405745654e-08,6.681142963316233e-07
/Users/aswanathjs/Downloads/test10/ai_plastic_waste_management_training/PP Plastic/round_containers/0095_a05b01c2d1e0f0g0h4.jpg,3,PP Plastic,3,PP Plastic,0.9999151229858398,8.35224345792085e-05,7.647473694305518e-07,5.372773443923506e-07,0.9999151229858398,1.1474323002858e-07
/Users/aswanathjs/Downloads/test10/ai_plastic_waste_management_training/PET Plastic/black_white_plastic_bottles/dboqi_jpg.rf.57ac3d4796ea4575415d2239f7ac7ddb.jpg,2,PET Plastic,2,PET Plastic,0.999954342842102,3.266113708377816e-05,3.815854597633006e-06,0.999954342842102,3.0862941002851585e-06,6.055292487872066e-06
/Users/aswanathjs/Downloads/test10/ai_plastic_waste_management_training/LDPE Plastic/plastic_bags/plasticbag (33).jpg,1,LDPE Plastic,1,LDPE Plastic,0.9998908042907715,1.1736391570593696e-05,0.9998908042907715,1.6130190942931222e-06,3.338039050504449e-06,9.25473723327741e-05
"/Users/aswanathjs/Downloads/test10/ai_plastic_waste_management_training/PET Plastic/plastic_bottles/PET1,475.jpg",2,PET Plastic,2,PET Plastic,1.0,7.976145077748242e-09,6.8008305653677326e-09,1.0,2.759550277176004e-08,1.3180264657464136e-09
/Users/aswanathjs/Downloads/test10/ai_plastic_waste_management_training/PET Plastic/shampoo_bottles/0015_a05b00c1d2e1f1g0h0.jpg,2,PET Plastic,2,PET Plastic,1.0,2.569761292647854e-08,3.1987934523414197e-10,1.0,2.106693430814488e-10,2.126443465755301e-09
/Users/aswanathjs/Downloads/test10/ai_plastic_waste_management_training/LDPE Plastic/plastic_bags/LDPE-19_jpg.rf.686c6c75b2213e4293817309e22c0b79.jpg,1,LDPE Plastic,1,LDPE Plastic,0.999997615814209,2.7736712127079954e-07,0.999997615814209,4.1147970364363573e-07,3.148762743876432e-07,1.3314472653291887e-06
/Users/aswanathjs/Downloads/test10/ai_plastic_waste_management_training/PET Plastic/black_white_plastic_bottles/chlqt_jpg.rf.efc7a16e9513b31941f4a0b6568c10c0.jpg,2,PET Plastic,2,PET Plastic,0.9999728202819824,8.085973604465835e-06,9.85094447969459e-06,0.9999728202819824,5.62674767934368e-06,3.560701998139848e-06
/Users/aswanathjs/Downloads/test10/ai_plastic_waste_management_training/PS Plastic/foam_containers/0058_a06b01c1d0e0f0g0h1.jpg,4,PS Plastic,4,PS Plastic,0.9999411106109619,3.892297900165431e-05,3.074842879868811e-06,2.098581035170355e-06,1.4708871276525315e-05,0.9999411106109619
/Users/aswanathjs/Downloads/test10/ai_plastic_waste_management_training/PP Plastic/irregular_containers/train_PP-59_jpg.rf.d289ca64f9306da06780bc7b797a5ed9.jpg,3,PP Plastic,3,PP Plastic,0.9999823570251465,1.4145522072794847e-05,1.462222257941903e-06,8.860837397151045e-07,0.9999823570251465,1.1386798632884165e-06
/Users/aswanathjs/Downloads/test10/ai_plastic_waste_management_training/PP Plastic/irregular_containers/0036_a05b00c2d0e0f0g0h2.jpg,3,PP Plastic,3,PP Plastic,0.999985933303833,1.2789749234798364e-05,2.6009386644432197e-08,1.3165025620764936e-06,0.999985933303833,1.1212494044343657e-08
/Users/aswanathjs/Downloads/test10/ai_plastic_waste_management_training/LDPE Plastic/black_white__plastic_bags/0222_jpg.rf.cd5ab015af2beb9b1e30cfa9e14a06d5.jpg,1,LDPE Plastic,1,LDPE Plastic,0.9999531507492065,9.283234248869121e-06,0.9999531507492065,7.384649961750256e-06,4.626880127034383e-06,2.5474091671640053e-05
/Users/aswanathjs/Downloads/test10/ai_plastic_waste_management_training/LDPE Plastic/black_white__plastic_bags/0130_jpg.rf.5a3ea53d8834186f5060d887591f1a1a.jpg,1,LDPE Plastic,1,LDPE Plastic,0.9997749924659729,0.00016682191926520318,0.9997749924659729,2.985759692819556e-07,3.360852497280575e-05,2.431872781016864e-05
/Users/aswanathjs/Downloads/test10/ai_plastic_waste_management_training/PP Plastic/round_containers/0032_a05b01c1d2e0f0g0h2.jpg,3,PP Plastic,3,PP Plastic,0.9878586530685425,0.012009797617793083,5.12056503794156e-05,1.3032551578362472e-05,0.9878586530685425,6.731278699589893e-05
"/Users/aswanathjs/Downloads/test10/ai_plastic_waste_management_training/PET Plastic/plastic_bottles/PET1,169.jpg",2,PET Plastic,2,PET Plastic,0.9999990463256836,5.236868787505955e-07,2.2353690098952939e-07,0.9999990463256836,1.646531799792683e-08,2.018399811731797e-07
/Users/aswanathjs/Downloads/test10/ai_plastic_waste_management_training/PP Plastic/irregular_containers/0036_a05b00c1d1e0f0g0h0.jpg,3,PP Plastic,3,PP Plastic,0.999997615814209,2.1655364434991498e-06,2.378326513508e-08,1.8858688122236344e-07,0.999997615814209,3.017889271816898e-09
/Users/aswanathjs/Downloads/test10/ai_plastic_waste_management_training/PET Plastic/black_white_plastic_bottles/bgsqd_jpg.rf.57560a7c7191fb19bbc6d4af5c6ea22c.jpg,2,PET Plastic,2,PET Plastic,0.9998283386230469,0.00016191524628084153,1.1688761105688172e-06,0.9998283386230469,7.151820227591088e-06,1.334743160441576e-06
/Users/aswanathjs/Downloads/test10/ai_plastic_waste_management_training/PP Plastic/square_containers/Image_177.png,3,PP Plastic,3,PP Plastic,0.9901013374328613,0.008846663869917393,0.0007090490544214845,3.876625851262361e-05,0.9901013374328613,0.00030423939460888505
/Users/aswanathjs/Downloads/test10/ai_plastic_waste_management_training/PS Plastic/form_containers_grey/Image_177.png,3,PP Plastic,3,PP Plastic,0.4587308466434479,0.029713042080402374,0.13397063314914703,0.012064273469150066,0.4587308466434479,0.36552122235298157
/Users/aswanathjs/Downloads/test10/ai_plastic_waste_management_training/PS Plastic/foam_containers/Image_177.png,3,PP Plastic,3,PP Plastic,0.42292264103889465,0.032930295914411545,0.12622478604316711,0.012575669214129448,0.42292264103889465,0.40534669160842896
/Users/aswanathjs/Downloads/test10/ai_plastic_waste_management_training/LDPE Plastic/black_white__plastic_bags/0049_jpg.rf.5091fd66f85c75101b69742c987ea664.jpg,1,LDPE Plastic,1,LDPE Plastic,1.0,5.308153028238394e-09,1.0,1.3776929597142384e-10,4.818355048286094e-09,7.206076846344445e-10
/Users/aswanathjs/Downloads/test10/ai_plastic_waste_management_training/HDPE Plastic/milk_bottles/HDPEM190.jpg,0,HDPE Plastic,0,HDPE Plastic,0.9999998807907104,0.9999998807907104,3.1426914404164563e-09,8.653944227887678e-09,6.102797378559899e-09,6.154080267606332e-08
/Users/aswanathjs/Downloads/test10/ai_plastic_waste_management_training/PET Plastic/black_white_plastic_bottles/cegwo_jpg.rf.be048a7a66c9930b0d37e9251bd6ea7d.jpg,2,PET Plastic,2,PET Plastic,1.0,9.238135589839658e-09,9.246134413665175e-10,1.0,5.9644067462727435e-09,5.390952129147308e-09
/Users/aswanathjs/Downloads/test10/ai_plastic_waste_management_training/PET Plastic/shampoo_bottles/0100_a05b00c1d0e0f0g0h2.jpg,2,PET Plastic,2,PET Plastic,0.9999914169311523,9.996032304115943e-07,1.5817163045994675e-07,0.9999914169311523,7.301694040506845e-06,3.503664913750981e-08
/Users/aswanathjs/Downloads/test10/ai_plastic_waste_management_training/PP Plastic/round_containers/0095_a05b01c2d0e0f0g0h0.jpg,3,PP Plastic,3,PP Plastic,0.9999954700469971,3.126757519567036e-06,3.049559893497644e-07,7.749880523988395e-07,0.9999954700469971,2.129788896354512e-07
/Users/aswanathjs/Downloads/test10/ai_plastic_waste_management_training/HDPE Plastic/shampoo_bottles/0063_a02b01c1d0e0f1g1h4.jpg,0,HDPE Plastic,0,HDPE Plastic,0.9999998807907104,0.9999998807907104,1.3972827339614469e-08,5.87320521105994e-08,5.7794373731212545e-08,2.2889430795203225e-08
/Users/aswanathjs/Downloads/test10/ai_plastic_waste_management_training/PET Plastic/plastic_bottles/PET399.jpg,2,PET Plastic,2,PET Plastic,0.9999990463256836,7.932134167276672e-07,7.560663206618301e-09,0.9999990463256836,1.0423346452625992e-07,3.867935660650801e-08
/Users/aswanathjs/Downloads/test10/ai_plastic_waste_management_training/LDPE Plastic/plastic_bags/LDPE-37_jpg.rf.4e86f07473cf8d68dba1b25ef76a9979.jpg,1,LDPE Plastic,1,LDPE Plastic,0.9999918937683105,1.7602303614694392e-07,0.9999918937683105,7.69282542023575e-06,2.1300981245531148e-07,3.546102789186989e-08
/Users/aswanathjs/Downloads/test10/ai_plastic_waste_management_training/LDPE Plastic/plastic_bags/LDPE-37_jpg.rf.a1aee41d19fa68257bc725dfbaf86980.jpg,1,LDPE Plastic,1,LDPE Plastic,0.9999750852584839,1.4845987607259303e-05,0.9999750852584839,1.1265934745097184e-06,5.932442945777439e-06,2.958722006951575e-06
"/Users/aswanathjs/Downloads/test10/ai_plastic_waste_management_training/PET Plastic/plastic_bottles/PET1,290.jpg",2,PET Plastic,2,PET Plastic,0.9997592568397522,0.00022134346363600343,1.7004088022076758e-06,0.9997592568397522,1.4669481970486231e-05,3.092836550422362e-06
/Users/aswanathjs/Downloads/test10/ai_plastic_waste_management_training/PS Plastic/foam_containers/0058_a06b01c1d2e0f0g0h2.jpg,4,PS Plastic,4,PS Plastic,0.9999812841415405,1.7677415598882362e-05,6.418891018711292e-08,6.048846756812054e-08,9.074183253687806e-07,0.9999812841415405
/Users/aswanathjs/Downloads/test10/ai_plastic_waste_management_training/HDPE Plastic/detergent_bottles/0039_a02b01c2d1e0f1g0h4.jpg,0,HDPE Plastic,0,HDPE Plastic,1.0,1.0,5.432580383810115e-13,4.14964503731019e-12,2.4979146355519344e-12,1.800052403140573e-12
/Users/aswanathjs/Downloads/test10/ai_plastic_waste_management_training/LDPE Plastic/black_white__plastic_bags/0027_jpg.rf.87b0ee62a4c3cd90fa7655125af6f3ae.jpg,1,LDPE Plastic,1,LDPE Plastic,1.0,6.241027694642298e-10,1.0,9.202062445368142e-10,1.6063642638286524e-09,5.0594071154819176e-09
/Users/aswanathjs/Downloads/test10/ai_plastic_waste_management_training/LDPE Plastic/plastic_bags/LDPE-409_jpg.rf.8d15c530600d9b051829d588c619dfc8.jpg,1,LDPE Plastic,1,LDPE Plastic,0.9999938011169434,1.2077879318894702e-06,0.9999938011169434,4.8939324415187e-07,1.6367713442377863e-06,2.8256906716706e-06
"/Users/aswanathjs/Downloads/test10/ai_plastic_waste_management_training/PET Plastic/plastic_bottles/PET1,374.jpg",2,PET Plastic,2,PET Plastic,0.9999997615814209,1.3786252850422898e-07,7.451906469668756e-08,0.9999997615814209,1.5652226181828155e-08,3.4946689986270485e-09
/Users/aswanathjs/Downloads/test10/ai_plastic_waste_management_training/HDPE Plastic/milk_bottles/HDPEM202.jpg,0,HDPE Plastic,0,HDPE Plastic,0.9999998807907104,0.9999998807907104,1.6955723936007416e-08,1.4002761616893622e-08,1.0619873869188723e-08,1.1336575767018076e-07
/Users/aswanathjs/Downloads/test10/ai_plastic_waste_management_training/PP Plastic/round_containers/IMG_20220209_174040.jpg,3,PP Plastic,3,PP Plastic,0.9999904632568359,9.352766596748552e-07,1.4356145356941852e-06,6.957890036574099e-06,0.9999904632568359,2.5641662659836584e-07
/Users/aswanathjs/Downloads/test10/ai_plastic_waste_management_training/HDPE Plastic/milk_bottles/HDPEM569.JPG,0,HDPE Plastic,0,HDPE Plastic,1.0,1.0,1.026202123277642e-09,1.0696514785024647e-08,2.6548243603485844e-09,2.3874799914835876e-09
/Users/aswanathjs/Downloads/test10/ai_plastic_waste_management_training/LDPE Plastic/plastic_bags/plasticbag (68).jpg,1,LDPE Plastic,1,LDPE Plastic,0.9978489875793457,0.00020116943051107228,0.9978489875793457,1.470065035391599e-05,0.0014922572299838066,0.0004428486863616854
/Users/aswanathjs/Downloads/test10/ai_plastic_waste_management_training/HDPE Plastic/milk_bottles/HDPEM100.jpg,0,HDPE Plastic,0,HDPE Plastic,0.9884710311889648,0.9884710311889648,9.505278057986288e-07,0.011479723267257214,3.755495708901435e-05,1.0771513188956305e-05
/Users/aswanathjs/Downloads/test10/ai_plastic_waste_management_training/PP Plastic/round_containers/IMG_20220209_175545.jpg,3,PP Plastic,3,PP Plastic,0.999944806098938,2.6355721274740063e-05,2.151505759684369e-05,2.6363704819232225e-06,0.999944806098938,4.7802691369724926e-06
/Users/aswanathjs/Downloads/test10/ai_plastic_waste_management_training/HDPE Plastic/milk_bottles/HDPEM220.jpg,0,HDPE Plastic,0,HDPE Plastic,1.0,1.0,2.177896529786949e-09,5.31576453965954e-08,3.001771631261363e-08,9.878103668370386e-09
"/Users/aswanathjs/Downloads/test10/ai_plastic_waste_management_training/PET Plastic/plastic_bottles/PET1,683.jpg",2,PET Plastic,2,PET Plastic,0.9999393224716187,4.2564497562125325e-05,2.846673623935203e-06,0.9999393224716187,2.650746182553121e-06,1.2593962310347706e-05
"/Users/aswanathjs/Downloads/test10/ai_plastic_waste_management_training/HDPE Plastic/milk_bottles/HDPEM1,010.JPG",0,HDPE Plastic,0,HDPE Plastic,0.9999998807907104,0.9999998807907104,6.5354179845655835e-09,1.2626209411337186e-07,1.8193855311210427e-08,7.578181637768466e-09
/Users/aswanathjs/Downloads/test10/ai_plastic_waste_management_training/PP Plastic/round_containers/IMG_20220209_173404.jpg,3,PP Plastic,3,PP Plastic,1.0,3.308595411533055e-11,3.2676875094672653e-10,7.06166136850428e-13,1.0,2.9732108702135163e-13
/Users/aswanathjs/Downloads/test10/ai_plastic_waste_management_training/HDPE Plastic/detergent_bottles/0098_a02b03c1d0e0f0g0h3.jpg,0,HDPE Plastic,0,HDPE Plastic,0.9999997615814209,0.9999997615814209,7.009807845292926e-09,5.847727191365948e-09,1.85965461696469e-07,6.153536347142108e-09
/Users/aswanathjs/Downloads/test10/ai_plastic_waste_management_training/HDPE Plastic/shampoo_bottles/0076_a02b06c2d1e0f1g0h4.jpg,0,HDPE Plastic,0,HDPE Plastic,0.9999748468399048,0.9999748468399048,3.7013495557403076e-07,2.4526334527763538e-05,7.637431309603926e-08,1.4993247532402165e-07
/Users/aswanathjs/Downloads/test10/ai_plastic_waste_management_training/HDPE Plastic/milk_bottles/HDPEM79.jpg,0,HDPE Plastic,0,HDPE Plastic,0.9999998807907104,0.9999998807907104,1.9706251908058192e-10,8.240867543918284e-08,5.515174983372617e-09,3.320698827025126e-09
/Users/aswanathjs/Downloads/test10/ai_plastic_waste_management_training/PP Plastic/round_containers/0043_a06b01c1d3e0f0g0h3.jpg,3,PP Plastic,3,PP Plastic,0.9999880790710449,3.2066204767033923e-06,8.514020919392351e-06,7.537862245499127e-08,0.9999880790710449,1.5989157020612765e-07
/Users/aswanathjs/Downloads/test10/ai_plastic_waste_management_training/PP Plastic/round_containers_grey/0043_a06b01c1d3e0f0g0h3.jpg,3,PP Plastic,3,PP Plastic,0.9999325275421143,5.808008791063912e-05,8.965203051047865e-06,6.470781954703853e-08,0.9999325275421143,3.68605668654709e-07
/Users/aswanathjs/Downloads/test10/ai_plastic_waste_management_training/PP Plastic/irregular_containers/train_PP-97_jpg.rf.cf900bbf6562c70df187cb016fe6acf0.jpg,3,PP Plastic,3,PP Plastic,0.9997511506080627,1.5809119986442965e-06,0.00011405020632082596,6.883599780849181e-06,0.9997511506080627,0.0001263572194147855
/Users/aswanathjs/Downloads/test10/ai_plastic_waste_management_training/LDPE Plastic/plastic_bags/plasticbag (34).jpg,1,LDPE Plastic,1,LDPE Plastic,0.9999994039535522,8.790057393071038e-08,0.9999994039535522,4.225736560670157e-08,2.0916409937399294e-07,2.0225085961556033e-07
/Users/aswanathjs/Downloads/test10/ai_plastic_waste_management_training/LDPE Plastic/plastic_bags/LDPE-107_jpg.rf.eff93aea63d9964797471e78334123e6.jpg,1,LDPE Plastic,1,LDPE Plastic,0.9999977350234985,2.774417566797638e-07,0.9999977350234985,7.269954949151725e-07,1.3717215097130975e-07,1.1617365771598998e-06
/Users/aswanathjs/Downloads/test10/ai_plastic_waste_management_training/PS Plastic/foam_sheets/PS-774_jpg.rf.595fa8490f5825f8bb10c28bb893831f.jpg,4,PS Plastic,4,PS Plastic,0.9999934434890747,5.552580660150852e-06,2.2642873886979942e-07,1.2589899256454373e-07,5.734023034165148e-07,0.9999934434890747
/Users/aswanathjs/Downloads/test10/ai_plastic_waste_management_training/PET Plastic/shampoo_bottles/0015_a05b00c2d0e1f1g0h1.jpg,2,PET Plastic,2,PET Plastic,0.9999992847442627,4.05493324251438e-07,1.6301765271009572e-08,0.9999992847442627,1.7865517065729364e-07,1.3532023501738877e-08
/Users/aswanathjs/Downloads/test10/ai_plastic_waste_management_training/HDPE Plastic/milk_bottles/HDPEM299.jpg,0,HDPE Plastic,0,HDPE Plastic,0.9999749660491943,0.9999749660491943,2.8527949780254858e-08,2.0403442249516957e-05,2.7295072868582793e-08,4.683402494265465e-06
/Users/aswanathjs/Downloads/test10/ai_plastic_waste_management_training/PET Plastic/black_white_plastic_bottles/dkhzj_jpg.rf.bcbfdf5ca8a966cbd583c6cee011b114.jpg,2,PET Plastic,2,PET Plastic,0.9996415376663208,0.00022381306916940957,4.155653641646495e-06,0.9996415376663208,0.00010154918709304184,2.895081888709683e-05
/Users/aswanathjs/Downloads/test10/ai_plastic_waste_management_training/PS Plastic/foam_sheets/IMG_9369_JPG.rf.756e83ba1f473514cee207b13a0b6217.jpg,4,PS Plastic,4,PS Plastic,0.9999970197677612,3.9485473224409873e-10,4.505210995375819e-07,2.502667030057637e-06,5.288657706215005e-11,0.9999970197677612
/Users/aswanathjs/Downloads/test10/ai_plastic_waste_management_training/PS Plastic/foam_sheets/IMG_9369_JPG.rf.45272a68007313131b0e6c105f3f41fe.jpg,4,PS Plastic,4,PS Plastic,0.9999996423721313,1.04321877525404e-10,1.0133978101123375e-08,3.6310365203462425e-07,4.287585911311176e-12,0.9999996423721313
/Users/aswanathjs/Downloads/test10/ai_plastic_waste_management_training/PS Plastic/foam_sheets/IMG_9369_JPG.rf.615a284429e7f320779dc625f92a7379.jpg,4,PS Plastic,4,PS Plastic,1.0,2.861007004223426e-12,3.4971101570135943e-09,1.0588524723686987e-08,7.985696183639666e-15,1.0
/Users/aswanathjs/Downloads/test10/ai_plastic_waste_management_training/LDPE Plastic/plastic_bags/train_LDPE-44_jpg.rf.cb0b81bc43bfa9aa3a0b11ae0cef4690.jpg,1,LDPE Plastic,1,LDPE Plastic,1.0,1.4500069589473696e-08,1.0,2.6039148268153234e-11,1.0314319927665072e-12,2.1378863956922345e-10
/Users/aswanathjs/Downloads/test10/ai_plastic_waste_management_training/HDPE Plastic/shampoo_bottles/0061_a02b01c1d3e0f1g0h3.jpg,0,HDPE Plastic,0,HDPE Plastic,0.9935979843139648,0.9935979843139648,0.00045823969412595034,0.0015101649332791567,0.0009326055296696723,0.00350108346901834
/Users/aswanathjs/Downloads/test10/ai_plastic_waste_management_training/LDPE Plastic/plastic_bags/plasticbag (99).jpg,1,LDPE Plastic,1,LDPE Plastic,0.9940049052238464,0.0005350728752091527,0.9940049052238464,0.0005209131049923599,0.004411535803228617,0.0005275502917356789
/Users/aswanathjs/Downloads/test10/ai_plastic_waste_management_training/PET Plastic/plastic_bottles/PET805.jpg,2,PET Plastic,2,PET Plastic,0.9999980926513672,8.436090297436749e-07,8.044110018090578e-07,0.9999980926513672,6.238379768319646e-08,2.2125541931927728e-07
/Users/aswanathjs/Downloads/test10/ai_plastic_waste_management_training/HDPE Plastic/milk_bottles/HDPEM256.jpg,0,HDPE Plastic,0,HDPE Plastic,0.9998856782913208,0.9998856782913208,2.2424228518502787e-06,7.57900852477178e-05,2.5878513042698614e-05,1.0406433830212336e-05
/Users/aswanathjs/Downloads/test10/ai_plastic_waste_management_training/PET Plastic/shampoo_bottles/0015_a05b00c1d3e1f1g0h4.jpg,2,PET Plastic,2,PET Plastic,1.0,1.3975566259816219e-09,5.191549967697995e-10,1.0,2.998125525621731e-09,8.943026874597138e-11
/Users/aswanathjs/Downloads/test10/ai_plastic_waste_management_training/PET Plastic/plastic_bottles/PET401.jpg,2,PET Plastic,2,PET Plastic,1.0,8.09128053447239e-09,4.0155542779807263e-10,1.0,4.137101328183235e-09,7.365252296942515e-10
/Users/aswanathjs/Downloads/test10/ai_plastic_waste_management_training/HDPE Plastic/shampoo_bottles/0078_a02b07c1d3e0f1g0h0.jpg,0,HDPE Plastic,0,HDPE Plastic,1.0,1.0,3.2721079318287494e-11,7.462753748299633e-10,1.177724584522366e-10,5.6555937016922186e-11
/Users/aswanathjs/Downloads/test10/ai_plastic_waste_management_training/LDPE Plastic/plastic_bags/train_LDPE-34_jpg.rf.4ff566f02ea8201e9929cd77739494c6.jpg,1,LDPE Plastic,1,LDPE Plastic,0.9999994039535522,6.322407131165164e-08,0.9999994039535522,5.308098849354792e-09,7.446178784675794e-08,3.516998674513161e-07
/Users/aswanathjs/Downloads/test10/ai_plastic_waste_management_training/LDPE Plastic/plastic_bags/P_W (1414).jpg,1,LDPE Plastic,1,LDPE Plastic,0.9985412359237671,0.0004153677436988801,0.9985412359237671,7.820659811841324e-05,0.0006729586748406291,0.0002923015272244811
/Users/aswanathjs/Downloads/test10/ai_plastic_waste_management_training/HDPE Plastic/milk_bottles/HDPEM457.jpg,0,HDPE Plastic,0,HDPE Plastic,0.9999823570251465,0.9999823570251465,6.662253526634743e-10,1.764928674674593e-05,7.752047892495284e-09,7.424264758526533e-09
/Users/aswanathjs/Downloads/test10/ai_plastic_waste_management_training/LDPE Plastic/plastic_bags/LDPE-64_jpg.rf.490d762c6c43a47fd27ec5c2b18d9b14.jpg,1,LDPE Plastic,1,LDPE Plastic,0.9999996423721313,1.2287726391946308e-08,0.9999996423721313,7.560786485782955e-08,2.1502924596461526e-07,2.6273257347497747e-08
/Users/aswanathjs/Downloads/test10/ai_plastic_waste_management_training/HDPE Plastic/detergent_bottles/0010_a02b01c1d2e0f1g0h2.jpg,0,HDPE Plastic,0,HDPE Plastic,0.9999994039535522,0.9999994039535522,3.5038333123793564e-08,6.917274930628992e-08,3.307006863906281e-07,6.736176771937608e-08
/Users/aswanathjs/Downloads/test10/ai_plastic_waste_management_training/PS Plastic/form_containers_grey/styrofoam-149-_jpg.rf.24c814df2da6bcefac6ddd75adcd9d9e.jpg,4,PS Plastic,4,PS Plastic,0.9995993971824646,0.00010523281525820494,0.00023502738622482866,5.941850395174697e-05,8.682059160491917e-07,0.9995993971824646
/Users/aswanathjs/Downloads/test10/ai_plastic_waste_management_training/PS Plastic/foam_containers/styrofoam-149-_jpg.rf.24c814df2da6bcefac6ddd75adcd9d9e.jpg,4,PS Plastic,4,PS Plastic,0.9999982118606567,8.370839736926428e-07,7.92464106780244e-07,8.920333272044445e-08,1.7430070720081403e-09,0.9999982118606567
/Users/aswanathjs/Downloads/test10/ai_plastic_waste_management_training/HDPE Plastic/shampoo_bottles/0078_a02b07c1d2e0f1g0h0.jpg,0,HDPE Plastic,0,HDPE Plastic,1.0,1.0,9.060654310166782e-11,5.0444739940758154e-08,2.5163496175650835e-08,5.287748017224203e-10
/Users/aswanathjs/Downloads/test10/ai_plastic_waste_management_training/PET Plastic/shampoo_bottles/0080_a05b00c2d2e0f1g0h0.jpg,2,PET Plastic,2,PET Plastic,0.9999998807907104,4.7521858448362764e-08,3.3199263338445917e-09,0.9999998807907104,1.152580182406382e-07,9.977628501189884e-09
"/Users/aswanathjs/Downloads/test10/ai_plastic_waste_management_training/PET Plastic/plastic_bottles/PET1,286.jpg",2,PET Plastic,2,PET Plastic,0.999992847442627,6.339785159070743e-06,1.1148198808541565e-07,0.999992847442627,5.763690751336981e-07,5.725874530071451e-08
/Users/aswanathjs/Downloads/test10/ai_plastic_waste_management_training/PP Plastic/round_containers/Image_56.png,3,PP Plastic,3,PP Plastic,0.9994592070579529,0.0002928647445514798,0.00018115977582056075,3.3895379601744935e-05,0.9994592070579529,3.2826097594806924e-05
/Users/aswanathjs/Downloads/test10/ai_plastic_waste_management_training/PS Plastic/foam_containers/Image_56.png,3,PP Plastic,4,PS Plastic,0.4864104390144348,0.02029900625348091,0.08729609847068787,0.00946936197578907,0.3965250849723816,0.4864104390144348
/Users/aswanathjs/Downloads/test10/ai_plastic_waste_management_training/HDPE Plastic/milk_bottles/HDPEM235.jpg,0,HDPE Plastic,0,HDPE Plastic,0.999997615814209,0.999997615814209,7.850030669942498e-08,5.135893843544181e-07,1.4532665773003828e-06,3.224709530513792e-07
/Users/aswanathjs/Downloads/test10/ai_plastic_waste_management_training/PP Plastic/round_containers/0022_a05b00c1d1e0f0g0h1.jpg,3,PP Plastic,3,PP Plastic,0.9999949932098389,3.286586206741049e-06,2.54205986038869e-07,1.3847161426383536e-06,0.9999949932098389,6.733116464374689e-08
/Users/aswanathjs/Downloads/test10/ai_plastic_waste_management_training/PP Plastic/round_containers_grey/0022_a05b00c1d1e0f0g0h1.jpg,3,PP Plastic,3,PP Plastic,0.9999996423721313,2.6290967980457935e-07,8.576584065167481e-08,1.681203087855465e-08,0.9999996423721313,8.07747735365183e-09
/Users/aswanathjs/Downloads/test10/ai_plastic_waste_management_training/LDPE Plastic/black_white__plastic_bags/0187_jpg.rf.c33494af3367fb49104d0d70fd81c3d5.jpg,1,LDPE Plastic,1,LDPE Plastic,0.9999369382858276,4.610694668372162e-05,0.9999369382858276,1.202670205202594e-06,4.904077286482789e-07,1.5213711776596028e-05
/Users/aswanathjs/Downloads/test10/ai_plastic_waste_management_training/PET Plastic/black_white_plastic_bottles/adzfw_jpg.rf.de43f5641ac65eb0474f0776bd6f6666.jpg,2,PET Plastic,2,PET Plastic,0.9999502897262573,3.439673309912905e-05,4.296023234928725e-06,0.9999502897262573,7.137217835406773e-06,3.870015916618286e-06
/Users/aswanathjs/Downloads/test10/ai_plastic_waste_management_training/HDPE Plastic/shampoo_bottles/0063_a02b01c2d1e0f1g1h4.jpg,0,HDPE Plastic,0,HDPE Plastic,1.0,1.0,2.007908506129752e-08,5.122525337242223e-08,9.225545660740408e-09,8.474495771793045e-09
/Users/aswanathjs/Downloads/test10/ai_plastic_waste_management_training/LDPE Plastic/plastic_bags/plasticbag (115).jpg,1,LDPE Plastic,1,LDPE Plastic,0.9989457726478577,0.0001470264687668532,0.9989457726478577,9.054186375578865e-05,0.0007859714096412063,3.068571459152736e-05
/Users/aswanathjs/Downloads/test10/ai_plastic_waste_management_training/PP Plastic/round_containers/IMG_20220209_172738.jpg,3,PP Plastic,3,PP Plastic,0.9988182187080383,0.001094999024644494,6.994198338361457e-05,1.1590054782573134e-05,0.9988182187080383,5.241118287813151e-06
/Users/aswanathjs/Downloads/test10/ai_plastic_waste_management_training/LDPE Plastic/plastic_bags_grey/plasticbag (30).jpg,1,LDPE Plastic,1,LDPE Plastic,0.9999971389770508,2.6126423691152922e-08,0.9999971389770508,2.068134563160129e-06,1.3681356847428106e-07,6.159668259897444e-07
/Users/aswanathjs/Downloads/test10/ai_plastic_waste_management_training/LDPE Plastic/plastic_bags/plasticbag (30).jpg,1,LDPE Plastic,1,LDPE Plastic,0.9999998807907104,3.500179701632078e-09,0.9999998807907104,2.8908143434591693e-08,2.506452823070049e-08,2.828435974322474e-08
/Users/aswanathjs/Downloads/test10/ai_plastic_waste_management_training/LDPE Plastic/bin_bags/Image_150.png,1,LDPE Plastic,1,LDPE Plastic,0.9928969740867615,0.0029271007515490055,0.9928969740867615,0.0004637966922018677,0.002127730753272772,0.0015845230082049966
/Users/aswanathjs/Downloads/test10/ai_plastic_waste_management_training/PS Plastic/foam_containers/Image_150.png,1,LDPE Plastic,4,PS Plastic,0.4618617296218872,0.0839621052145958,0.3624640703201294,0.01475891750305891,0.07695315778255463,0.4618617296218872
/Users/aswanathjs/Downloads/test10/ai_plastic_waste_management_training/HDPE Plastic/milk_bottles/HDPEM203.jpg,0,HDPE Plastic,0,HDPE Plastic,1.0,1.0,7.663574774774418e-10,1.0351427492949483e-09,3.296263539898092e-10,7.938186996625518e-09
"/Users/aswanathjs/Downloads/test10/ai_plastic_waste_management_training/PET Plastic/plastic_bottles/PET1,166.jpg",2,PET Plastic,2,PET Plastic,1.0,1.0743870682006218e-08,1.4690900940195206e-08,1.0,1.100280200283521e-09,1.1636630325995156e-08
/Users/aswanathjs/Downloads/test10/ai_plastic_waste_management_training/PET Plastic/black_white_plastic_bottles/bsyrp_jpg.rf.96cef78e043b3d7a9fcc0ee428eabf13.jpg,2,PET Plastic,2,PET Plastic,1.0,3.181945373853523e-09,1.2848418162736408e-10,1.0,2.1005477357505242e-09,1.0053156085376713e-09
/Users/aswanathjs/Downloads/test10/ai_plastic_waste_management_training/PS Plastic/foam_sheets/IMG_9366_JPG.rf.6d4913cb4a80277a0ec609f78707078b.jpg,4,PS Plastic,4,PS Plastic,0.9999998807907104,3.7864263807696474e-11,1.0157864949178474e-07,2.904724460961461e-09,7.272119104811958e-13,0.9999998807907104
/Users/aswanathjs/Downloads/test10/ai_plastic_waste_management_training/PS Plastic/foam_sheets/IMG_9366_JPG.rf.f79cb342a9788f70778a13954d3c3887.jpg,4,PS Plastic,4,PS Plastic,1.0,2.1922029469489956e-10,4.858094015958159e-08,5.1712760296140914e-08,6.777459669871089e-12,1.0
/Users/aswanathjs/Downloads/test10/ai_plastic_waste_management_training/PS Plastic/foam_sheets/IMG_9366_JPG.rf.72ff362292b12a59f29b5b40df6175a8.jpg,4,PS Plastic,4,PS Plastic,1.0,3.9058315609574734e-11,2.4567695433574954e-08,7.5570518731638e-09,7.552809831549989e-14,1.0
/Users/aswanathjs/Downloads/test10/ai_plastic_waste_management_training/PS Plastic/form_sheets_grey/IMG_9366_JPG.rf.f79cb342a9788f70778a13954d3c3887.jpg,4,PS Plastic,4,PS Plastic,0.999983549118042,6.517722361820688e-09,1.62292635650374e-05,1.9358938629920885e-07,1.4456220664982311e-09,0.999983549118042
/Users/aswanathjs/Downloads/test10/ai_plastic_waste_management_training/PS Plastic/form_sheets_grey/IMG_9366_JPG.rf.72ff362292b12a59f29b5b40df6175a8.jpg,4,PS Plastic,4,PS Plastic,0.9999998807907104,6.179335515499318e-11,1.1397010268865415e-07,4.055480395948052e-09,6.40914567511669e-13,0.9999998807907104
"/Users/aswanathjs/Downloads/test10/ai_plastic_waste_management_training/PET Plastic/plastic_bottles/PET1,680.jpg",2,PET Plastic,2,PET Plastic,0.9999991655349731,3.02419493891648e-07,6.982328493165824e-09,0.9999991655349731,4.1172060605276783e-07,9.734061556798679e-09
/Users/aswanathjs/Downloads/test10/ai_plastic_waste_management_training/PP Plastic/rectangle_containers/0011_a05b00c2d3e0f0g0h4.jpg,3,PP Plastic,3,PP Plastic,0.9850236177444458,7.687145262025297e-05,5.109630001243204e-05,0.014815771020948887,0.9850236177444458,3.260120502091013e-05
/Users/aswanathjs/Downloads/test10/ai_plastic_waste_management_training/PP Plastic/square_containers/0011_a05b00c2d3e0f0g0h4.jpg,3,PP Plastic,3,PP Plastic,0.9850236177444458,7.687145262025297e-05,5.109630001243204e-05,0.014815771020948887,0.9850236177444458,3.260120502091013e-05
/Users/aswanathjs/Downloads/test10/ai_plastic_waste_management_training/PP Plastic/round_containers/0022_a05b00c1d3e0f0g0h4.jpg,3,PP Plastic,3,PP Plastic,0.9998857975006104,5.121733192936517e-05,8.186329068848863e-06,5.177118146093562e-05,0.9998857975006104,2.9340242235775804e-06
/Users/aswanathjs/Downloads/test10/ai_plastic_waste_management_training/PP Plastic/round_containers/0009_a06b01c1d0e0f0g0h4.jpg,3,PP Plastic,3,PP Plastic,0.9994351267814636,1.4725422261108179e-05,8.602100024290849e-06,0.0005378049099817872,0.9994351267814636,3.7326374240365112e-06
/Users/aswanathjs/Downloads/test10/ai_plastic_waste_management_training/PP Plastic/round_containers_grey/0009_a06b01c1d0e0f0g0h4.jpg,3,PP Plastic,3,PP Plastic,0.8214715719223022,0.1783192753791809,2.2693659047945403e-05,8.000549132702872e-05,0.8214715719223022,0.00010642528650350869
/Users/aswanathjs/Downloads/test10/ai_plastic_waste_management_training/HDPE Plastic/shampoo_bottles/0078_a02b07c1d0e0f1g0h2.jpg,0,HDPE Plastic,0,HDPE Plastic,1.0,1.0,2.523291853240295e-10,4.313039525527529e-08,3.3855613867928014e-09,2.8925215000974447e-10
/Users/aswanathjs/Downloads/test10/ai_plastic_waste_management_training/PP Plastic/round_containers/0022_a05b00c2d0e0f0g0h4.jpg,3,PP Plastic,3,PP Plastic,0.9997151494026184,0.00012240145588293672,2.4564762497902848e-05,0.00012322940165176988,0.9997151494026184,1.4615813597629312e-05
/Users/aswanathjs/Downloads/test10/ai_plastic_waste_management_training/PP Plastic/round_containers_grey/0022_a05b00c2d0e0f0g0h4.jpg,3,PP Plastic,3,PP Plastic,0.9998828172683716,5.779949060524814e-05,3.867986015393399e-05,1.5736955901957117e-05,0.9998828172683716,4.83531675854465e-06
/Users/aswanathjs/Downloads/test10/ai_plastic_waste_management_training/LDPE Plastic/bubble_wrap/LDPE-79_jpg.rf.448b50fd197c3a8e149d9ed05e39ff93.jpg,1,LDPE Plastic,1,LDPE Plastic,0.9999961853027344,9.391695954263923e-08,0.9999961853027344,3.353781266923761e-06,2.864812245206849e-07,1.2300857576974522e-07
/Users/aswanathjs/Downloads/test10/ai_plastic_waste_management_training/LDPE Plastic/bubble_wrap/LDPE-79_jpg.rf.626483978ba484915b4c90fd646087d7.jpg,1,LDPE Plastic,1,LDPE Plastic,0.9999982118606567,8.475491881654307e-07,0.9999982118606567,2.2586650061384717e-07,2.2799471821599582e-07,4.4489513584267115e-07
/Users/aswanathjs/Downloads/test10/ai_plastic_waste_management_training/LDPE Plastic/black_white__plastic_bags/0024_jpg.rf.bd2ebe371052315e5899152ca759ad35.jpg,1,LDPE Plastic,1,LDPE Plastic,0.9999704360961914,1.3900406656830455e-06,0.9999704360961914,2.907776490701508e-07,4.018255367554957e-06,2.380021396675147e-05
/Users/aswanathjs/Downloads/test10/ai_plastic_waste_management_training/PP Plastic/round_containers/0035_a06b01c1d3e0f0g0h0.jpg,3,PP Plastic,3,PP Plastic,0.9999749660491943,8.366037036466878e-06,1.1032095244445372e-05,4.986573458154453e-06,0.9999749660491943,5.893838874726498e-07
/Users/aswanathjs/Downloads/test10/ai_plastic_waste_management_training/PP Plastic/square_containers/Image_238.png,3,PP Plastic,3,PP Plastic,0.9634857773780823,0.0028289316687732935,0.032629501074552536,0.00015389951295219362,0.9634857773780823,0.000901942141354084
/Users/aswanathjs/Downloads/test10/ai_plastic_waste_management_training/PS Plastic/foam_containers/Image_238.png,3,PP Plastic,4,PS Plastic,0.645324170589447,0.027981340885162354,0.11535050719976425,0.010794201865792274,0.20054973661899567,0.645324170589447
/Users/aswanathjs/Downloads/test10/ai_plastic_waste_management_training/PP Plastic/round_containers/IMG_20220209_173559.jpg,3,PP Plastic,3,PP Plastic,0.9999730587005615,5.845032319484744e-06,1.6689085896359757e-05,3.5844809644913767e-06,0.9999730587005615,8.601047056799871e-07
/Users/aswanathjs/Downloads/test10/ai_plastic_waste_management_training/HDPE Plastic/milk_bottles/HDPEM137.jpg,0,HDPE Plastic,0,HDPE Plastic,1.0,1.0,1.0441109782322044e-10,1.5254595364666557e-09,3.3462669080108753e-08,6.479734526720904e-10
/Users/aswanathjs/Downloads/test10/ai_plastic_waste_management_training/PP Plastic/round_containers/Image_155.png,3,PP Plastic,3,PP Plastic,0.9774352312088013,0.0013860412873327732,0.021003201603889465,1.4182985978550278e-05,0.9774352312088013,0.0001613527856534347
/Users/aswanathjs/Downloads/test10/ai_plastic_waste_management_training/PS Plastic/foam_containers/Image_155.png,3,PP Plastic,3,PP Plastic,0.8311175107955933,0.010829305276274681,0.057167280465364456,0.0032642174046486616,0.8311175107955933,0.09762166440486908
/Users/aswanathjs/Downloads/test10/ai_plastic_waste_management_training/PET Plastic/shampoo_bottles/0015_a05b00c1d1e1f1g0h1.jpg,2,PET Plastic,2,PET Plastic,0.9999933242797852,6.324117748590652e-06,4.6316884549924e-08,0.9999933242797852,2.296477106256134e-07,1.3019172229178366e-07
/Users/aswanathjs/Downloads/test10/ai_plastic_waste_management_training/PP Plastic/square_containers_grey/IMG20220210150436.jpg,3,PP Plastic,3,PP Plastic,0.9995836615562439,0.00039582731551490724,1.5895242540864274e-05,3.1622967071598396e-06,0.9995836615562439,1.5651921785320155e-06
/Users/aswanathjs/Downloads/test10/ai_plastic_waste_management_training/PP Plastic/square_containers/IMG20220210150436.jpg,3,PP Plastic,3,PP Plastic,0.9999703168869019,2.4942646632553078e-05,3.0997293833934236e-06,1.48442802583304e-06,0.9999703168869019,1.9770887149661576e-07
/Users/aswanathjs/Downloads/test10/ai_plastic_waste_management_training/PET Plastic/black_white_plastic_bottles/debgm_jpg.rf.ff3c67f531d7400abcfb47dbd5797607.jpg,2,PET Plastic,2,PET Plastic,0.9999998807907104,8.031825160514927e-08,6.922155071364955e-10,0.9999998807907104,7.007081581633656e-09,6.149313502845644e-09
/Users/aswanathjs/Downloads/test10/ai_plastic_waste_management_training/HDPE Plastic/milk_bottles/HDPEM114.jpg,0,HDPE Plastic,0,HDPE Plastic,0.9999997615814209,0.9999997615814209,6.037114697043933e-10,1.5157705490764783e-07,1.1722689663429264e-07,7.807546609228666e-09
/Users/aswanathjs/Downloads/test10/ai_plastic_waste_management_training/HDPE Plastic/shampoo_bottles/0078_a02b07c1d2e0f1g0h1.jpg,0,HDPE Plastic,0,HDPE Plastic,1.0,1.0,3.794104613819016e-11,2.81751533215413e-09,2.2902206520125645e-10,5.124804400291616e-11
"/Users/aswanathjs/Downloads/test10/ai_plastic_waste_management_training/PET Plastic/plastic_bottles/PET1,271.jpg",2,PET Plastic,2,PET Plastic,0.9998378753662109,0.00011172285303473473,4.463702498469502e-05,0.9998378753662109,4.131477453483967e-06,1.6640290141367586e-06
/Users/aswanathjs/Downloads/test10/ai_plastic_waste_management_training/PET Plastic/plastic_bottles/PET459.jpg,2,PET Plastic,2,PET Plastic,0.9998916387557983,0.00010721040598582476,3.870257359039897e-08,0.9998916387557983,6.481823220383376e-07,4.6230030648075626e-07
/Users/aswanathjs/Downloads/test10/ai_plastic_waste_management_training/LDPE Plastic/plastic_bags/LDPE-478_jpg.rf.1d7e0ffa518451dde73641348ac95bfc.jpg,1,LDPE Plastic,1,LDPE Plastic,0.9999603033065796,1.6328525816788897e-05,0.9999603033065796,8.202709977922495e-06,7.974410436872859e-06,7.230600658658659e-06
/Users/aswanathjs/Downloads/test10/ai_plastic_waste_management_training/HDPE Plastic/shampoo_bottles/0023_a02b01c2d2e0f1g0h0.jpg,0,HDPE Plastic,0,HDPE Plastic,1.0,1.0,1.8728171791160264e-10,1.54856394374292e-08,4.72531902495632e-10,2.9274900281706095e-09
/Users/aswanathjs/Downloads/test10/ai_plastic_waste_management_training/LDPE Plastic/plastic_bags/plasticbag (21).jpg,1,LDPE Plastic,1,LDPE Plastic,0.9923076629638672,0.0033422959968447685,0.9923076629638672,3.7841437006136402e-06,0.00014929137250874192,0.004196982365101576
/Users/aswanathjs/Downloads/test10/ai_plastic_waste_management_training/LDPE Plastic/black_white__plastic_bags/0146_jpg.rf.626715e0b56dee3eac40b8aed1dee4c8.jpg,1,LDPE Plastic,1,LDPE Plastic,0.998538613319397,0.00046651295269839466,0.998538613319397,2.4060460418695584e-05,0.0008435752824880183,0.0001272562803933397
/Users/aswanathjs/Downloads/test10/ai_plastic_waste_management_training/LDPE Plastic/plastic_bags/plasticbag (187).jpg,1,LDPE Plastic,1,LDPE Plastic,0.9999879598617554,7.668885700695682e-06,0.9999879598617554,1.4713880602812424e-07,4.147744220972527e-06,5.6436377349200484e-08
/Users/aswanathjs/Downloads/test10/ai_plastic_waste_management_training/HDPE Plastic/shampoo_bottiles_grey/0075_a02b01c2d3e0f0g0h3.jpg,0,HDPE Plastic,0,HDPE Plastic,0.9999991655349731,0.9999991655349731,5.093232502417777e-09,5.0890406555481604e-08,7.53242375139962e-07,7.19572241791866e-08
/Users/aswanathjs/Downloads/test10/ai_plastic_waste_management_training/HDPE Plastic/shampoo_bottles/0075_a02b01c2d3e0f0g0h3.jpg,0,HDPE Plastic,0,HDPE Plastic,0.9999985694885254,0.9999985694885254,1.0421149276851338e-08,1.081852133211214e-06,1.2085558864782797e-07,2.277874528999746e-07
/Users/aswanathjs/Downloads/test10/ai_plastic_waste_management_training/PS Plastic/foam_sheets/PS-806_jpg.rf.fb18c19d3a0f4b108ea9a02aba7900c2.jpg,4,PS Plastic,4,PS Plastic,0.9999998807907104,1.5093661431819783e-07,1.560113260801188e-09,1.7713229771842975e-09,2.9703710602291267e-09,0.9999998807907104
/Users/aswanathjs/Downloads/test10/ai_plastic_waste_management_training/LDPE Plastic/plastic_bags/plasticbag (123).jpg,1,LDPE Plastic,1,LDPE Plastic,0.9977299571037292,2.0455878257052973e-05,0.9977299571037292,2.5181467208312824e-05,0.002122130710631609,0.00010232601925963536
/Users/aswanathjs/Downloads/test10/ai_plastic_waste_management_training/HDPE Plastic/shampoo_bottles/0077_a02b01c1d3e0f1g0h0.jpg,0,HDPE Plastic,0,HDPE Plastic,0.9999985694885254,0.9999985694885254,1.8517390287797753e-08,4.8965066667960855e-08,1.3096143902657786e-06,7.231587062506151e-08
/Users/aswanathjs/Downloads/test10/ai_plastic_waste_management_training/LDPE Plastic/plastic_bags/train_LDPE-29_jpg.rf.7c8c2ffa44904c42cca5ba4f5ac463e7.jpg,1,LDPE Plastic,1,LDPE Plastic,0.9999929666519165,2.1617233869619668e-06,0.9999929666519165,5.912528990847932e-07,1.1606945236053434e-06,3.072914978474728e-06
/Users/aswanathjs/Downloads/test10/ai_plastic_waste_management_training/HDPE Plastic/shampoo_bottles/0078_a02b07c1d3e0f1g0h3.jpg,0,HDPE Plastic,0,HDPE Plastic,1.0,1.0,1.8516913558030978e-09,3.3027034440635816e-09,3.3034657231922893e-09,3.199848996882082e-10
"/Users/aswanathjs/Downloads/test10/ai_plastic_waste_management_training/PET Plastic/plastic_bottles/PET1,252.jpg",2,PET Plastic,2,PET Plastic,1.0,2.27870238234118e-08,5.890063992097794e-09,1.0,4.1569968800558854e-08,1.2390146686414027e-09
/Users/aswanathjs/Downloads/test10/ai_plastic_waste_management_training/PET Plastic/black_white_plastic_bottles/ckieq_jpg.rf.9cac2fdbdedd98f7cecd39288bb4bc14.jpg,2,PET Plastic,2,PET Plastic,0.9999983310699463,9.469403039474855e-08,1.3161396736904862e-06,0.9999983310699463,6.997245094453319e-08,1.9978915588581003e-07
/Users/aswanathjs/Downloads/test10/ai_plastic_waste_management_training/PET Plastic/black_white_plastic_bottles/bzluk_jpg.rf.3da618d3cb0509010815e8aa929b279b.jpg,2,PET Plastic,2,PET Plastic,0.9982765913009644,0.0016434515127912164,1.9016866872334504e-06,0.9982765913009644,7.164933776948601e-05,6.461268640123308e-06
/Users/aswanathjs/Downloads/test10/ai_plastic_waste_management_training/PS Plastic/foam_containers/Image_30.png,4,PS Plastic,4,PS Plastic,0.712515115737915,0.029579710215330124,0.11143622547388077,0.008579298853874207,0.13788965344429016,0.712515115737915
/Users/aswanathjs/Downloads/test10/ai_plastic_waste_management_training/HDPE Plastic/shampoo_bottles/0065_a02b03c2d0e0f1g0h2.jpg,0,HDPE Plastic,0,HDPE Plastic,1.0,1.0,1.659823278821193e-09,3.919479141245574e-08,6.9337349195564e-09,2.5950537718699707e-08
/Users/aswanathjs/Downloads/test10/ai_plastic_waste_management_training/PET Plastic/plastic_bottles/PET851.jpg,2,PET Plastic,2,PET Plastic,1.0,3.4300309814661034e-10,3.863995581832036e-11,1.0,7.975509141999737e-12,1.0377101261616062e-10
/Users/aswanathjs/Downloads/test10/ai_plastic_waste_management_training/PS Plastic/foam_sheets/PS-838_jpg.rf.ce49b8d19e58d5f063f7f38ca0e36a38.jpg,4,PS Plastic,4,PS Plastic,1.0,2.8813300190222435e-08,7.257027756502055e-10,4.1947778584017215e-10,7.409170499350637e-10,1.0
/Users/aswanathjs/Downloads/test10/ai_plastic_waste_management_training/PET Plastic/plastic_bottles/PET966.jpg,2,PET Plastic,2,PET Plastic,0.9999948740005493,2.114319158863509e-06,3.4919239055852813e-07,0.9999948740005493,2.2443921352532925e-06,4.072459489634639e-07
/Users/aswanathjs/Downloads/test10/ai_plastic_waste_management_training/HDPE Plastic/shampoo_bottles/0075_a02b01c1d1e0f0g0h2.jpg,0,HDPE Plastic,0,HDPE Plastic,0.9999997615814209,0.9999997615814209,1.2797704229683404e-08,2.2093931306699233e-07,3.97839050592097e-09,1.754852796409523e-08
/Users/aswanathjs/Downloads/test10/ai_plastic_waste_management_training/PET Plastic/shampoo_bottles/0080_a05b00c1d1e0f1g0h4.jpg,2,PET Plastic,2,PET Plastic,0.9999995231628418,4.6273132170426834e-07,4.851623547352801e-10,0.9999995231628418,3.571085649411998e-09,6.065486335415926e-09
/Users/aswanathjs/Downloads/test10/ai_plastic_waste_management_training/PP Plastic/round_containers/0031_a05b01c1d2e0f0g0h0.jpg,3,PP Plastic,3,PP Plastic,0.9999983310699463,1.4005557886775932e-06,2.548340489738621e-07,4.491876315348975e-10,0.9999983310699463,4.6286534605144425e-09
/Users/aswanathjs/Downloads/test10/ai_plastic_waste_management_training/PP Plastic/round_containers_grey/0031_a05b01c1d2e0f0g0h0.jpg,3,PP Plastic,3,PP Plastic,0.9999895095825195,9.744375347509049e-06,7.169948048613151e-07,2.17706386251848e-09,0.9999895095825195,1.3451905145345222e-09
/Users/aswanathjs/Downloads/test10/ai_plastic_waste_management_training/PS Plastic/form_containers_grey/0058_a06b01c1d2e0f0g0h4.jpg,4,PS Plastic,4,PS Plastic,0.9998506307601929,0.00011809250281658024,3.584527348721167e-06,1.929498012032127e-06,2.5749963242560625e-05,0.9998506307601929
/Users/aswanathjs/Downloads/test10/ai_plastic_waste_management_training/PS Plastic/foam_containers/0058_a06b01c1d2e0f0g0h4.jpg,4,PS Plastic,4,PS Plastic,0.9999954700469971,3.8537350519618485e-06,1.4794687785979477e-07,1.335984478600949e-07,4.468234919841052e-07,0.9999954700469971
/Users/aswanathjs/Downloads/test10/ai_plastic_waste_management_training/LDPE Plastic/plastic_bags/LDPE-536_jpg.rf.f1d67d7e935321886cd0433a5bddd8f6.jpg,1,LDPE Plastic,1,LDPE Plastic,0.999945878982544,1.6539441276108846e-05,0.999945878982544,1.873638939287048e-05,8.629606782051269e-06,1.0266732715535909e-05
/Users/aswanathjs/Downloads/test10/ai_plastic_waste_management_training/LDPE Plastic/plastic_bags/LDPE-24_jpg.rf.7b4acfaa4b5b30ec9fb014546a613641.jpg,1,LDPE Plastic,1,LDPE Plastic,0.9999972581863403,1.6424051807462092e-07,0.9999972581863403,1.162574108093395e-06,7.466773581654707e-07,6.907132501510205e-07
/Users/aswanathjs/Downloads/test10/ai_plastic_waste_management_training/HDPE Plastic/detergent_bottles/Image_241.png,0,HDPE Plastic,0,HDPE Plastic,0.9910229444503784,0.9910229444503784,0.0024855986703187227,0.0007839661557227373,0.003647887147963047,0.0020596610847860575
/Users/aswanathjs/Downloads/test10/ai_plastic_waste_management_training/HDPE Plastic/detergent_botteles_grey/Image_241.png,0,HDPE Plastic,0,HDPE Plastic,0.9910570383071899,0.9910570383071899,0.0026569245383143425,0.000334571668645367,0.0028619931545108557,0.0030894214287400246
/Users/aswanathjs/Downloads/test10/ai_plastic_waste_management_training/PP Plastic/square_containers/Image_241.png,0,HDPE Plastic,0,HDPE Plastic,0.9963274598121643,0.9963274598121643,0.0010872621787711978,6.745693826815113e-05,0.0015956956194713712,0.0009221839136444032
/Users/aswanathjs/Downloads/test10/ai_plastic_waste_management_training/PS Plastic/foam_containers/Image_241.png,0,HDPE Plastic,4,PS Plastic,0.640986979007721,0.02550201117992401,0.1181865707039833,0.009726377204060555,0.2055981606245041,0.640986979007721
/Users/aswanathjs/Downloads/test10/ai_plastic_waste_management_training/HDPE Plastic/shampoo_bottles/0078_a02b07c2d0e0f1g0h3.jpg,0,HDPE Plastic,0,HDPE Plastic,1.0,1.0,1.039912296899037e-12,1.9208791501856837e-10,1.0323477316054319e-11,1.7143425351182073e-12
/Users/aswanathjs/Downloads/test10/ai_plastic_waste_management_training/HDPE Plastic/shampoo_bottles/0063_a02b01c2d0e0f1g1h1.jpg,0,HDPE Plastic,0,HDPE Plastic,0.9999997615814209,0.9999997615814209,1.3898400652578857e-08,9.148553203885967e-08,6.709981903441076e-08,4.6970807687785054e-08
/Users/aswanathjs/Downloads/test10/ai_plastic_waste_management_training/LDPE Plastic/plastic_bags/LDPE-305_jpg.rf.dc2050cf75e1d4a29e719c3d3810cc08.jpg,1,LDPE Plastic,1,LDPE Plastic,0.9999940395355225,1.996616134647411e-07,0.9999940395355225,7.291835686373815e-07,8.329078582391958e-07,4.14845362683991e-06
/Users/aswanathjs/Downloads/test10/ai_plastic_waste_management_training/PET Plastic/black_white_plastic_bottles/cgfky_jpg.rf.ad21f5c7da2e7c993f7567b0cab74947.jpg,2,PET Plastic,2,PET Plastic,0.9999997615814209,1.0223561730526853e-07,3.828106898140504e-08,0.9999997615814209,3.7452817736038924e-08,6.027386945106628e-08
/Users/aswanathjs/Downloads/test10/ai_plastic_waste_management_training/HDPE Plastic/milk_bottles/HDPEM460.jpg,0,HDPE Plastic,0,HDPE Plastic,0.9999996423721313,0.9999996423721313,4.556620414319923e-09,1.9769996129070933e-07,8.956146757554961e-08,3.1380082532450615e-08
/Users/aswanathjs/Downloads/test10/ai_plastic_waste_management_training/PET Plastic/shampoo_bottles/0080_a05b00c1d2e0f1g0h4.jpg,2,PET Plastic,2,PET Plastic,1.0,1.9100185877363174e-09,1.125048498806791e-08,1.0,1.009258543405167e-08,1.753303280338514e-09
/Users/aswanathjs/Downloads/test10/ai_plastic_waste_management_training/HDPE Plastic/shampoo_bottles/0076_a02b06c1d0e0f1g0h2.jpg,0,HDPE Plastic,0,HDPE Plastic,0.9999990463256836,0.9999990463256836,1.4211438248423747e-08,9.208661140291952e-07,3.6179026441374162e-09,2.0979841863777438e-08
/Users/aswanathjs/Downloads/test10/ai_plastic_waste_management_training/LDPE Plastic/bubble_wrap/train_LDPE-81_jpg.rf.7030db36b88963ab80d9e399a6e4f698.jpg,1,LDPE Plastic,1,LDPE Plastic,0.9999984502792358,1.2357364767012768e-06,0.9999984502792358,2.932926577159378e-07,1.0927916349601219e-08,1.122605208792038e-08
/Users/aswanathjs/Downloads/test10/ai_plastic_waste_management_training/HDPE Plastic/milk_bottles/HDPEM265.jpg,0,HDPE Plastic,0,HDPE Plastic,0.9999996423721313,0.9999996423721313,7.175564320505146e-08,7.870766438600185e-08,1.0234622749294431e-07,1.1866879390254326e-07
/Users/aswanathjs/Downloads/test10/ai_plastic_waste_management_training/PET Plastic/plastic_bottles/PET860.jpg,2,PET Plastic,2,PET Plastic,0.9999223947525024,5.044624413130805e-05,8.187518687918782e-06,0.9999223947525024,1.4631857084168587e-05,4.390654339658795e-06
/Users/aswanathjs/Downloads/test10/ai_plastic_waste_management_training/PET Plastic/black_white_plastic_bottles/cdgwx_jpg.rf.d8b215c8d13006d057bc6d86b1409398.jpg,2,PET Plastic,2,PET Plastic,0.9997627139091492,2.2925321900402196e-05,0.00015683731180615723,0.9997627139091492,2.3812115614418872e-05,3.3741231163730845e-05
/Users/aswanathjs/Downloads/test10/ai_plastic_waste_management_training/PP Plastic/square_containers/Image_213.png,3,PP Plastic,3,PP Plastic,0.9479126334190369,0.0037554341834038496,0.03184390068054199,0.00011265071952948347,0.9479126334190369,0.016375429928302765
/Users/aswanathjs/Downloads/test10/ai_plastic_waste_management_training/PS Plastic/foam_containers/Image_213.png,3,PP Plastic,4,PS Plastic,0.6981669068336487,0.00849311612546444,0.019891373813152313,0.0014644891489297152,0.27198415994644165,0.6981669068336487
/Users/aswanathjs/Downloads/test10/ai_plastic_waste_management_training/LDPE Plastic/bubble_wrap/bubblewrap.jpg,1,LDPE Plastic,1,LDPE Plastic,0.9999988079071045,4.54484094802865e-08,0.9999988079071045,9.801875648918212e-07,1.7839867894053896e-07,7.90240903825179e-08
/Users/aswanathjs/Downloads/test10/ai_plastic_waste_management_training/PET Plastic/shampoo_bottles/0080_a05b00c1d0e0f1g0h4.jpg,2,PET Plastic,2,PET Plastic,0.999998927116394,2.0037715842136095e-07,8.469110923670087e-08,0.999998927116394,7.362222049778211e-07,7.849710925711406e-08
/Users/aswanathjs/Downloads/test10/ai_plastic_waste_management_training/PP Plastic/square_containers/IMG_20220209_175311.jpg,3,PP Plastic,3,PP Plastic,0.9999790191650391,1.7008533177431673e-05,3.461840663021576e-07,3.280948419615015e-07,0.9999790191650391,3.2271950658468995e-06
/Users/aswanathjs/Downloads/test10/ai_plastic_waste_management_training/HDPE Plastic/detergent_bottles/0010_a02b01c2d2e0f1g0h2.jpg,0,HDPE Plastic,0,HDPE Plastic,1.0,1.0,1.6457780971368408e-10,1.9593218714142324e-10,2.739942717155941e-10,8.039123533531978e-11
/Users/aswanathjs/Downloads/test10/ai_plastic_waste_management_training/PET Plastic/black_white_plastic_bottles/blurrybottle.jpg,2,PET Plastic,2,PET Plastic,0.9993239641189575,0.0006163901416584849,3.0250050258473493e-05,0.9993239641189575,2.0106015654164366e-05,9.331859473604709e-06
/Users/aswanathjs/Downloads/test10/ai_plastic_waste_management_training/PET Plastic/plastic_bottles/PET735.jpg,2,PET Plastic,2,PET Plastic,1.0,3.799119241421067e-09,1.8783506000596972e-11,1.0,1.3204388971121972e-10,5.589866902688811e-10
"/Users/aswanathjs/Downloads/test10/ai_plastic_waste_management_training/PET Plastic/plastic_bottles/PET1,545.jpg",2,PET Plastic,2,PET Plastic,0.9997879862785339,0.0001967873831745237,1.417154271621257e-05,0.9997879862785339,5.225422796684143e-07,5.88961938774446e-07
/Users/aswanathjs/Downloads/test10/ai_plastic_waste_management_training/LDPE Plastic/plastic_bags/plasticbag (140).jpg,1,LDPE Plastic,1,LDPE Plastic,1.0,5.498558941496867e-09,1.0,6.381721817660946e-10,1.203217347978125e-08,2.057803705213246e-08
/Users/aswanathjs/Downloads/test10/ai_plastic_waste_management_training/PP Plastic/irregular_containers/train_PP-52_jpg.rf.78d7499e101430d1f4e95a0578e2b50b.jpg,3,PP Plastic,3,PP Plastic,0.999998927116394,6.152440050755104e-07,2.2780884023632098e-07,1.3960831779513683e-07,0.999998927116394,1.1285015233397644e-07
/Users/aswanathjs/Downloads/test10/ai_plastic_waste_management_training/LDPE Plastic/plastic_bags/plasticbag (105).jpg,1,LDPE Plastic,1,LDPE Plastic,0.9989683628082275,0.00017410487635061145,0.9989683628082275,1.8523480321164243e-05,0.00031357412808574736,0.0005254953284747899
/Users/aswanathjs/Downloads/test10/ai_plastic_waste_management_training/PS Plastic/foam_containers/0058_a06b01c1d3e0f0g0h3.jpg,4,PS Plastic,4,PS Plastic,0.9999998807907104,1.4377125978626282e-07,2.4250457641983303e-08,1.1559579959907751e-08,3.3367385299243324e-08,0.9999998807907104
/Users/aswanathjs/Downloads/test10/ai_plastic_waste_management_training/LDPE Plastic/black_white__plastic_bags/0151_jpg.rf.1124bcc0a3aa7bc916774ebb5ba31838.jpg,1,LDPE Plastic,1,LDPE Plastic,0.9999953508377075,1.7708811128613888e-07,0.9999953508377075,3.526869249981246e-07,1.8606497178552672e-06,2.2244121282710694e-06
/Users/aswanathjs/Downloads/test10/ai_plastic_waste_management_training/LDPE Plastic/plastic_bags_grey/plasticbag (100).jpg,1,LDPE Plastic,1,LDPE Plastic,0.9998490810394287,8.693798736203462e-05,0.9998490810394287,6.148427473817719e-07,3.0363385121745523e-06,6.0402231611078605e-05
/Users/aswanathjs/Downloads/test10/ai_plastic_waste_management_training/LDPE Plastic/plastic_bags/plasticbag (100).jpg,1,LDPE Plastic,1,LDPE Plastic,0.9958384037017822,0.0006911551463417709,0.9958384037017822,1.05882700154325e-05,2.311804382770788e-05,0.003436687169596553
/Users/aswanathjs/Downloads/test10/ai_plastic_waste_management_training/HDPE Plastic/milk_bottles/P_W (1357).jpg,0,HDPE Plastic,0,HDPE Plastic,1.0,1.0,3.7226970395209946e-09,3.740777998473277e-08,9.820874113941613e-10,2.876403115692483e-09
/Users/aswanathjs/Downloads/test10/ai_plastic_waste_management_training/LDPE Plastic/plastic_bags/plasticbag (207).jpg,1,LDPE Plastic,1,LDPE Plastic,0.9753815531730652,0.02124306932091713,0.9753815531730652,0.00015036025433801115,0.000979590811766684,0.0022454257123172283
/Users/aswanathjs/Downloads/test10/ai_plastic_waste_management_training/PET Plastic/plastic_bottles/PET326.jpg,2,PET Plastic,2,PET Plastic,0.9869250059127808,0.013023284263908863,7.890666609000618e-08,0.9869250059127808,8.92211389214026e-08,5.1631552196340635e-05
/Users/aswanathjs/Downloads/test10/ai_plastic_waste_management_training/PS Plastic/foam_containers/styrofoam-136-_jpg.rf.8065ce48d031ee14fde2186f98ffcc0a.jpg,4,PS Plastic,4,PS Plastic,0.9999998807907104,1.9269245754571784e-08,6.9021846016426025e-09,3.836811757196301e-09,1.4579737239728274e-07,0.9999998807907104
/Users/aswanathjs/Downloads/test10/ai_plastic_waste_management_training/LDPE Plastic/black_white__plastic_bags/0221_jpg.rf.b021e1b65a5dae4c8402399bcb04f1e3.jpg,1,LDPE Plastic,1,LDPE Plastic,0.9999459981918335,7.4530062192934565e-06,0.9999459981918335,7.018960332061397e-06,1.2880255781055894e-05,2.664027124410495e-05
/Users/aswanathjs/Downloads/test10/ai_plastic_waste_management_training/LDPE Plastic/plastic_bags/LDPE-653_jpg.rf.6a7026dae6783a2439babd383ac6631b.jpg,1,LDPE Plastic,1,LDPE Plastic,0.999977707862854,5.039544248575112e-06,0.999977707862854,4.259699153408292e-07,1.640821574255824e-05,3.203483345259883e-07
/Users/aswanathjs/Downloads/test10/ai_plastic_waste_management_training/HDPE Plastic/milk_bottles/HDPEM12.jpg,0,HDPE Plastic,0,HDPE Plastic,1.0,1.0,3.7226970395209946e-09,3.740777998473277e-08,9.820874113941613e-10,2.876403115692483e-09
/Users/aswanathjs/Downloads/test10/ai_plastic_waste_management_training/PS Plastic/foam_sheets/PS-521_jpg.rf.020a0ca0b85e26252e1b59df6fec4bcb.jpg,4,PS Plastic,4,PS Plastic,0.9999973773956299,2.4305875285790535e-06,1.876734359029797e-07,2.9015621905159605e-08,1.1731603244413691e-08,0.9999973773956299
/Users/aswanathjs/Downloads/test10/ai_plastic_waste_management_training/LDPE Plastic/bin_bags/Image_26.png,1,LDPE Plastic,1,LDPE Plastic,0.9988760352134705,0.0005887284060008824,0.9988760352134705,6.870000652270392e-05,0.00039368518628180027,7.281787839019671e-05
/Users/aswanathjs/Downloads/test10/ai_plastic_waste_management_training/LDPE Plastic/bin_bags_grey/Image_26.png,1,LDPE Plastic,1,LDPE Plastic,0.9988760352134705,0.0005887284060008824,0.9988760352134705,6.870000652270392e-05,0.00039368518628180027,7.281787839019671e-05
/Users/aswanathjs/Downloads/test10/ai_plastic_waste_management_training/PP Plastic/square_containers/Image_26.png,1,LDPE Plastic,1,LDPE Plastic,0.9907311797142029,0.0003149230033159256,0.9907311797142029,1.7988879335462116e-05,0.00879052933305502,0.00014541277778334916
/Users/aswanathjs/Downloads/test10/ai_plastic_waste_management_training/PS Plastic/foam_containers/Image_26.png,1,LDPE Plastic,4,PS Plastic,0.5759392380714417,0.03332127258181572,0.16355563700199127,0.00904367957264185,0.2181401401758194,0.5759392380714417
/Users/aswanathjs/Downloads/test10/ai_plastic_waste_management_training/PET Plastic/plastic_bottles/PET527.jpg,2,PET Plastic,2,PET Plastic,0.9999942779541016,2.6883162718149833e-06,1.9789489158483775e-07,0.9999942779541016,1.593972228874918e-06,1.2044894219798152e-06
/Users/aswanathjs/Downloads/test10/ai_plastic_waste_management_training/LDPE Plastic/plastic_bags/LDPE-36_jpg.rf.a7d0bb8af47b83da3576a9cdb758276f.jpg,1,LDPE Plastic,1,LDPE Plastic,0.9999984502792358,1.275815009194048e-07,0.9999984502792358,1.0543749340286013e-06,3.41017056371129e-07,4.285594457087427e-08
/Users/aswanathjs/Downloads/test10/ai_plastic_waste_management_training/LDPE Plastic/plastic_bags/LDPE-36_jpg.rf.f41c14cb7f30bf15d9010a1a109384fd.jpg,1,LDPE Plastic,1,LDPE Plastic,0.9999046325683594,5.2216535550542176e-05,0.9999046325683594,1.403708552061289e-06,2.7090074581792578e-05,1.473026077292161e-05
/Users/aswanathjs/Downloads/test10/ai_plastic_waste_management_training/PP Plastic/round_containers/0043_a06b01c1d1e0f0g0h0.jpg,3,PP Plastic,3,PP Plastic,0.9393441081047058,0.06049218028783798,0.00014315963198896497,2.8378633487591287e-06,0.9393441081047058,1.777939178282395e-05
/Users/aswanathjs/Downloads/test10/ai_plastic_waste_management_training/HDPE Plastic/detergent_bottles/0039_a02b01c1d2e0f1g0h0.jpg,0,HDPE Plastic,0,HDPE Plastic,1.0,1.0,4.251131131144392e-12,1.032307811281441e-12,7.70450196696526e-12,3.1961905995123163e-13
"/Users/aswanathjs/Downloads/test10/ai_plastic_waste_management_training/PET Plastic/plastic_bottles/PET1,308.jpg",2,PET Plastic,2,PET Plastic,0.9998524188995361,3.587438914109953e-05,5.291091156323091e-07,0.9998524188995361,0.00011058598465751857,5.461465093503648e-07
/Users/aswanathjs/Downloads/test10/ai_plastic_waste_management_training/PS Plastic/foam_containers/Image_18.png,4,PS Plastic,4,PS Plastic,0.7213342189788818,0.03307676687836647,0.1055307388305664,0.009931112639605999,0.1301271617412567,0.7213342189788818
/Users/aswanathjs/Downloads/test10/ai_plastic_waste_management_training/PP Plastic/round_containers/0035_a06b01c2d2e0f0g0h0.jpg,3,PP Plastic,3,PP Plastic,0.9998923540115356,0.0001007395185297355,3.7792833609273657e-06,2.846029701686348e-06,0.9998923540115356,2.648199881605251e-07
/Users/aswanathjs/Downloads/test10/ai_plastic_waste_management_training/LDPE Plastic/black_white__plastic_bags/0161_jpg.rf.5d94f4e0e2a10928f8bca1f62884ac23.jpg,1,LDPE Plastic,1,LDPE Plastic,0.9999973773956299,1.361468889626849e-06,0.9999973773956299,8.482576419055476e-09,1.3038869894899108e-07,1.117584702114982e-06
/Users/aswanathjs/Downloads/test10/ai_plastic_waste_management_training/HDPE Plastic/milk_bottles/HDPEM324.jpg,0,HDPE Plastic,0,HDPE Plastic,0.9998194575309753,0.9998194575309753,1.1533755923665012e-06,0.00016572077583987266,1.0695517630665563e-05,3.070846787522896e-06
/Users/aswanathjs/Downloads/test10/ai_plastic_waste_management_training/LDPE Plastic/plastic_bags/LDPE-227_jpg.rf.6f3ec0ef7653eb548f826ec66c4b03eb.jpg,1,LDPE Plastic,1,LDPE Plastic,0.999817430973053,1.6731519281165674e-05,0.999817430973053,5.043041528551839e-05,9.464978211326525e-05,2.0807607143069617e-05
/Users/aswanathjs/Downloads/test10/ai_plastic_waste_management_training/LDPE Plastic/plastic_bags/LDPE-362_jpg.rf.dac22e0e3525e77cbcd5544912213c7b.jpg,1,LDPE Plastic,1,LDPE Plastic,0.9999959468841553,1.9564545539196843e-07,0.9999959468841553,2.2459522597273462e-07,5.523306185750698e-07,2.987394964293344e-06
/Users/aswanathjs/Downloads/test10/ai_plastic_waste_management_training/PET Plastic/black_white_plastic_bottles/ayrsl_jpg.rf.e56331d87434d3d162ba35ecccaa016f.jpg,2,PET Plastic,2,PET Plastic,0.999277651309967,7.72256898926571e-05,0.00045377472997643054,0.999277651309967,0.0001285490725422278,6.291014142334461e-05
/Users/aswanathjs/Downloads/test10/ai_plastic_waste_management_training/PP Plastic/round_containers/0095_a05b01c1d2e0f0g0h1.jpg,3,PP Plastic,3,PP Plastic,0.9920051693916321,0.007984504103660583,9.98671748675406e-06,1.17078457151365e-07,0.9920051693916321,3.1091258279047906e-07
/Users/aswanathjs/Downloads/test10/ai_plastic_waste_management_training/PS Plastic/foam_containers/0058_a06b01c2d3e0f0g0h4.jpg,4,PS Plastic,4,PS Plastic,0.9999890327453613,5.649788363371044e-06,5.260146167529456e-07,8.81106984707003e-07,4.015410922875162e-06,0.9999890327453613
/Users/aswanathjs/Downloads/test10/ai_plastic_waste_management_training/PP Plastic/square_containers_grey/0011_a05b00c1d3e0f0g0h2.jpg,3,PP Plastic,3,PP Plastic,0.9999884366989136,4.66973369839252e-06,4.1417314378122683e-07,6.436462626879802e-06,0.9999884366989136,5.2828536212246036e-08
/Users/aswanathjs/Downloads/test10/ai_plastic_waste_management_training/PP Plastic/rectangle_containers/0011_a05b00c1d3e0f0g0h2.jpg,3,PP Plastic,3,PP Plastic,0.9995502829551697,3.142761852359399e-05,6.0160664361319505e-06,0.0004100320511497557,0.9995502829551697,2.218831696154666e-06
/Users/aswanathjs/Downloads/test10/ai_plastic_waste_management_training/PP Plastic/square_containers/0011_a05b00c1d3e0f0g0h2.jpg,3,PP Plastic,3,PP Plastic,0.9995502829551697,3.142761852359399e-05,6.0160664361319505e-06,0.0004100320511497557,0.9995502829551697,2.218831696154666e-06
/Users/aswanathjs/Downloads/test10/ai_plastic_waste_management_training/PET Plastic/black_white_plastic_bottles/dkpxa_jpg.rf.57f87c778bd8087e275852c7ce823372.jpg,2,PET Plastic,2,PET Plastic,0.9999579191207886,3.7808972592756618e-06,2.3924989363877103e-05,0.9999579191207886,1.2055058505211491e-05,2.3568570668430766e-06
/Users/aswanathjs/Downloads/test10/ai_plastic_waste_management_training/HDPE Plastic/milk_bottles/HDPEM117.jpg,0,HDPE Plastic,0,HDPE Plastic,0.9999911785125732,0.9999911785125732,4.7044346196400966e-09,8.505120604240801e-06,2.1338438216389477e-07,1.67175016940746e-07
/Users/aswanathjs/Downloads/test10/ai_plastic_waste_management_training/PS Plastic/foam_sheets/PS-611_jpg.rf.1fb2289975761c9e5bfa79caa1cf43d6.jpg,4,PS Plastic,4,PS Plastic,0.9999929666519165,5.996420895826304e-06,4.855932047576061e-07,4.91110085931723e-07,8.661947248356228e-08,0.9999929666519165
/Users/aswanathjs/Downloads/test10/ai_plastic_waste_management_training/HDPE Plastic/shampoo_bottles/0077_a02b01c1d0e0f1g0h1.jpg,0,HDPE Plastic,0,HDPE Plastic,0.9999622106552124,0.9999622106552124,1.1316819836793002e-06,3.2991792977554724e-05,1.4456029475695686e-06,2.1770990770164644e-06
/Users/aswanathjs/Downloads/test10/ai_plastic_waste_management_training/PP Plastic/round_containers/0009_a06b01c2d0e0f0g0h4.jpg,3,PP Plastic,3,PP Plastic,0.9999948740005493,1.9746300949918805e-06,1.1034949238819536e-06,1.863150714598305e-06,0.9999948740005493,1.6367908983738744e-07
/Users/aswanathjs/Downloads/test10/ai_plastic_waste_management_training/PS Plastic/foam_sheets/IMG_9354_JPG.rf.68c6a586b2c4e7d1e08fb0c5122694eb.jpg,4,PS Plastic,4,PS Plastic,0.9999514818191528,1.191868432215415e-05,3.129679316771217e-05,4.484706551011186e-06,7.31224872652092e-07,0.9999514818191528
/Users/aswanathjs/Downloads/test10/ai_plastic_waste_management_training/PS Plastic/foam_sheets/IMG_9354_JPG.rf.fbaf78a70778ea9a08ac1c810e3b4b42.jpg,4,PS Plastic,4,PS Plastic,0.9999933242797852,2.518331427836529e-07,6.033231784385862e-06,3.024174191068596e-07,6.450113332334695e-09,0.9999933242797852
/Users/aswanathjs/Downloads/test10/ai_plastic_waste_management_training/PS Plastic/foam_sheets/IMG_9354_JPG.rf.660801d1c83e231558aecdd76bd825c0.jpg,4,PS Plastic,4,PS Plastic,0.9999556541442871,1.5500178562888323e-07,4.044271190650761e-05,3.853408998111263e-06,7.664127110729169e-10,0.9999556541442871
/Users/aswanathjs/Downloads/test10/ai_plastic_waste_management_training/PP Plastic/round_containers/IMG_20220209_175537.jpg,3,PP Plastic,3,PP Plastic,0.9999904632568359,3.6742126212629955e-06,5.296813469612971e-06,2.4605222392892756e-07,0.9999904632568359,3.5217331628700776e-07
/Users/aswanathjs/Downloads/test10/ai_plastic_waste_management_training/HDPE Plastic/shampoo_bottles/0061_a02b01c1d0e0f1g0h0.jpg,0,HDPE Plastic,0,HDPE Plastic,0.9997561573982239,0.9997561573982239,1.4367291441885754e-05,0.00014601835573557764,9.720857633510605e-06,7.380826718872413e-05
/Users/aswanathjs/Downloads/test10/ai_plastic_waste_management_training/LDPE Plastic/plastic_bags/plasticbag (141).jpg,1,LDPE Plastic,1,LDPE Plastic,0.9999834299087524,4.756873750011437e-06,0.9999834299087524,1.615961537027033e-06,5.6768158174236305e-06,4.463575351110194e-06
/Users/aswanathjs/Downloads/test10/ai_plastic_waste_management_training/PP Plastic/round_containers/0035_a06b01c2d3e0f0g0h3.jpg,3,PP Plastic,3,PP Plastic,0.999957799911499,3.701329114846885e-05,1.571825350765721e-06,2.3957991288625635e-06,0.999957799911499,1.209031552207307e-06
/Users/aswanathjs/Downloads/test10/ai_plastic_waste_management_training/LDPE Plastic/plastic_bags/train_LDPE-1_jpg.rf.57338725a1c50c623b5b34d9ebb9327a.jpg,1,LDPE Plastic,1,LDPE Plastic,0.9999970197677612,2.453918170886027e-07,0.9999970197677612,2.2557399006473133e-06,5.164853433825556e-08,4.999366751690104e-07
/Users/aswanathjs/Downloads/test10/ai_plastic_waste_management_training/PP Plastic/round_containers/0032_a05b01c2d1e0f0g0h4.jpg,3,PP Plastic,3,PP Plastic,0.8837451338768005,0.11597120761871338,0.0001502240338595584,7.799210834491532e-06,0.8837451338768005,0.0001255524402949959
/Users/aswanathjs/Downloads/test10/ai_plastic_waste_management_training/PP Plastic/irregular_containers/train_PP-33-_jpg.rf.84cee38be8920e77a2fcf7df2869971a.jpg,3,PP Plastic,3,PP Plastic,0.9846401214599609,0.001458663260564208,0.01279999129474163,0.00011856812488986179,0.9846401214599609,0.0009826127206906676
/Users/aswanathjs/Downloads/test10/ai_plastic_waste_management_training/PP Plastic/irregular_containers_grey/train_PP-33-_jpg.rf.84cee38be8920e77a2fcf7df2869971a.jpg,3,PP Plastic,3,PP Plastic,0.9743871092796326,0.0012086441274732351,0.02315572462975979,0.00014175110845826566,0.9743871092796326,0.0011067166924476624
/Users/aswanathjs/Downloads/test10/ai_plastic_waste_management_training/PET Plastic/plastic_bottles/PET529.jpg,2,PET Plastic,2,PET Plastic,0.9999980926513672,6.589020813407842e-07,7.69055503724303e-08,0.9999980926513672,3.9936580265020893e-07,7.469144520655391e-07
/Users/aswanathjs/Downloads/test10/ai_plastic_waste_management_training/PET Plastic/black_white_plastic_bottles/dohik_jpg.rf.2b00acdfd1fcfa5da8d88e36d6f4d7ab.jpg,2,PET Plastic,2,PET Plastic,0.9999262094497681,6.769645551685244e-05,7.123370693307152e-08,0.9999262094497681,5.510544269782258e-06,4.7190789587148174e-07
/Users/aswanathjs/Downloads/test10/ai_plastic_waste_management_training/HDPE Plastic/milk_bottles/HDPEM93.jpg,0,HDPE Plastic,0,HDPE Plastic,0.9999924898147583,0.9999924898147583,1.27584440789974e-08,6.556974312843522e-06,3.507361157062405e-07,5.720558533539588e-07
/Users/aswanathjs/Downloads/test10/ai_plastic_waste_management_training/HDPE Plastic/milk_bottles/HDPEM241.jpg,0,HDPE Plastic,0,HDPE Plastic,0.9999953508377075,0.9999953508377075,1.7112255079609895e-07,2.760890765785007e-06,6.346269856294384e-07,1.067399580279016e-06
"/Users/aswanathjs/Downloads/test10/ai_plastic_waste_management_training/PET Plastic/plastic_bottles/PET1,426.jpg",2,PET Plastic,2,PET Plastic,0.9999954700469971,2.6607006020640256e-07,1.205110265800613e-06,0.9999954700469971,2.1098026081745047e-06,9.808162531044218e-07
/Users/aswanathjs/Downloads/test10/ai_plastic_waste_management_training/HDPE Plastic/detergent_bottles/P_W (489).jpg,0,HDPE Plastic,0,HDPE Plastic,0.9999574422836304,0.9999574422836304,2.24639416046557e-06,8.106530913210008e-07,1.4891014870954677e-05,2.459767711116001e-05
/Users/aswanathjs/Downloads/test10/ai_plastic_waste_management_training/HDPE Plastic/shampoo_bottles/0075_a02b01c2d3e0f0g0h0.jpg,0,HDPE Plastic,0,HDPE Plastic,0.9999996423721313,0.9999996423721313,8.571106491217506e-08,2.1224700219590886e-07,5.1890587826619594e-08,4.4915267949363624e-08
"/Users/aswanathjs/Downloads/test10/ai_plastic_waste_management_training/PET Plastic/plastic_bottles/PET1,684.jpg",2,PET Plastic,2,PET Plastic,0.9995280504226685,0.0004570364544633776,9.550782124279067e-06,0.9995280504226685,3.41891768584901e-06,1.9873111796187004e-06
/Users/aswanathjs/Downloads/test10/ai_plastic_waste_management_training/LDPE Plastic/plastic_bags/LDPE-130_jpg.rf.27c17ec4a630f5eb6ca1cf04f62bf247.jpg,1,LDPE Plastic,1,LDPE Plastic,0.9999734163284302,4.8593506107863504e-06,0.9999734163284302,2.095173385896487e-06,6.6376196627970785e-06,1.2899233297503088e-05
/Users/aswanathjs/Downloads/test10/ai_plastic_waste_management_training/PET Plastic/black_white_plastic_bottles/atnku_jpg.rf.405bee56c262531232c62202d67378b2.jpg,2,PET Plastic,2,PET Plastic,0.9996216297149658,0.00020698319713119417,3.4496131320338463e-06,0.9996216297149658,0.0001635848602745682,4.286338025849545e-06
/Users/aswanathjs/Downloads/test10/ai_plastic_waste_management_training/HDPE Plastic/shampoo_bottles/0065_a02b03c1d3e0f1g0h3.jpg,0,HDPE Plastic,0,HDPE Plastic,1.0,1.0,2.0316071047687956e-09,1.1225507190459894e-09,5.259616298047831e-09,2.3552044758901047e-09
/Users/aswanathjs/Downloads/test10/ai_plastic_waste_management_training/LDPE Plastic/black_white__plastic_bags/0021_jpg.rf.8fa5024e35a1c6b8a271e1c8748ad726.jpg,1,LDPE Plastic,1,LDPE Plastic,0.999968409538269,2.6888365027843975e-06,0.999968409538269,4.220138691835018e-07,1.4217313037079293e-05,1.428611358278431e-05
/Users/aswanathjs/Downloads/test10/ai_plastic_waste_management_training/PET Plastic/plastic_bottles/PET850.jpg,2,PET Plastic,2,PET Plastic,1.0,1.5177583148617835e-11,8.607625029410926e-12,1.0,7.252340004579305e-13,3.3015899042476704e-12
/Users/aswanathjs/Downloads/test10/ai_plastic_waste_management_training/HDPE Plastic/milk_bottles/HDPEM135.jpg,0,HDPE Plastic,0,HDPE Plastic,1.0,1.0,1.7371282190481452e-10,6.37389119262366e-09,1.9083190139213002e-08,2.2560229240298213e-09
/Users/aswanathjs/Downloads/test10/ai_plastic_waste_management_training/HDPE Plastic/shampoo_bottles/0078_a02b07c1d1e0f1g0h0.jpg,0,HDPE Plastic,0,HDPE Plastic,0.9999967813491821,0.9999967813491821,1.1428364388166301e-07,2.4787684651528252e-06,4.573992669065774e-07,1.078416360655865e-07
/Users/aswanathjs/Downloads/test10/ai_plastic_waste_management_training/PS Plastic/foam_sheets/PS-825_jpg.rf.0c4057278f1d18b69408e292a8d02b01.jpg,4,PS Plastic,4,PS Plastic,0.9999984502792358,1.3901326383347623e-06,9.864348271548806e-08,2.4480979021745952e-08,5.871180874805759e-08,0.9999984502792358
"/Users/aswanathjs/Downloads/test10/ai_plastic_waste_management_training/HDPE Plastic/milk_bottles/HDPEM1,017.JPG",0,HDPE Plastic,0,HDPE Plastic,0.9999988079071045,0.9999988079071045,2.2751949657617843e-08,4.20255503286171e-07,5.413166377365997e-07,1.0015718743261459e-07
/Users/aswanathjs/Downloads/test10/ai_plastic_waste_management_training/LDPE Plastic/bubble_wrap/LDPE-89_jpg.rf.aa556e5ac5e97bc0b155a3232196074c.jpg,1,LDPE Plastic,1,LDPE Plastic,0.99996018409729,2.266373485326767e-06,0.99996018409729,1.0770742164822877e-06,3.3742970117600635e-05,2.693457190616755e-06
/Users/aswanathjs/Downloads/test10/ai_plastic_waste_management_training/LDPE Plastic/plastic_bags/LDPE-89_jpg.rf.e016c029cbbd2b9ff02ab895bb5dcac5.jpg,1,LDPE Plastic,1,LDPE Plastic,0.9999963045120239,1.055373559211148e-06,0.9999963045120239,3.85293162707967e-07,1.022450646814832e-06,1.1501774679345544e-06
/Users/aswanathjs/Downloads/test10/ai_plastic_waste_management_training/PS Plastic/form_containers_grey/0058_a06b01c1d3e0f0g0h2.jpg,4,PS Plastic,4,PS Plastic,0.9995859265327454,0.00020511769980657846,1.0344655493099708e-05,2.3686413896939484e-06,0.00019629688176792115,0.9995859265327454
/Users/aswanathjs/Downloads/test10/ai_plastic_waste_management_training/PS Plastic/foam_containers/0058_a06b01c1d3e0f0g0h2.jpg,4,PS Plastic,4,PS Plastic,0.9999997615814209,1.2993109521630686e-07,1.043615949214427e-08,5.615889975274513e-09,8.227296177665266e-08,0.9999997615814209
/Users/aswanathjs/Downloads/test10/ai_plastic_waste_management_training/HDPE Plastic/milk_bottles/HDPEM294.jpg,0,HDPE Plastic,0,HDPE Plastic,0.9999998807907104,0.9999998807907104,4.561776234535131e-10,8.330680145718361e-08,3.845989915429726e-10,1.4466172260085841e-08
/Users/aswanathjs/Downloads/test10/ai_plastic_waste_management_training/LDPE Plastic/black_white__plastic_bags/0282_jpg.rf.3eef626651db77b0f81a1d50bd613295.jpg,1,LDPE Plastic,1,LDPE Plastic,0.9999997615814209,1.618802230041183e-07,0.9999997615814209,1.1365564045462406e-09,2.1691125340339568e-08,4.27834763172541e-08
/Users/aswanathjs/Downloads/test10/ai_plastic_waste_management_training/PP Plastic/rectangle_containers/train_PP-90-_jpg.rf.eccfb3c46b3b172bc695f4f3395ce58a.jpg,3,PP Plastic,3,PP Plastic,0.9983847141265869,0.000672902213409543,0.0007870254921726882,2.1234665837255307e-05,0.9983847141265869,0.00013409963867161423
/Users/aswanathjs/Downloads/test10/ai_plastic_waste_management_training/PP Plastic/rectangle_containers_grey/train_PP-90-_jpg.rf.eccfb3c46b3b172bc695f4f3395ce58a.jpg,3,PP Plastic,3,PP Plastic,0.9985596537590027,0.0005493989447131753,0.0007804181659594178,1.548354521219153e-05,0.9985596537590027,9.50660978560336e-05
/Users/aswanathjs/Downloads/test10/ai_plastic_waste_management_training/PS Plastic/foam_containers/Image_221.png,4,PS Plastic,4,PS Plastic,0.649625301361084,0.0134711479768157,0.06952795386314392,0.00434245215728879,0.2630331218242645,0.649625301361084
/Users/aswanathjs/Downloads/test10/ai_plastic_waste_management_training/LDPE Plastic/bubble_wrap/train_LDPE-93_jpg.rf.6342c616c65cd38f21f81b6405177b96.jpg,1,LDPE Plastic,1,LDPE Plastic,0.9996199607849121,0.0003724004200194031,0.9996199607849121,1.92282300304214e-06,5.097488610772416e-06,5.675518082171038e-07
/Users/aswanathjs/Downloads/test10/ai_plastic_waste_management_training/PP Plastic/round_containers/IMG_20220209_174350.jpg,3,PP Plastic,3,PP Plastic,0.9981794357299805,0.000972951587755233,0.000296327838441357,0.00040820063441060483,0.9981794357299805,0.00014316172746475786
/Users/aswanathjs/Downloads/test10/ai_plastic_waste_management_training/HDPE Plastic/milk_bottles/HDPEM236.jpg,0,HDPE Plastic,0,HDPE Plastic,0.9995402097702026,0.9995402097702026,3.0681042062497e-06,0.0003175931633450091,0.00011867839202750474,2.04874413611833e-05
/Users/aswanathjs/Downloads/test10/ai_plastic_waste_management_training/HDPE Plastic/shampoo_bottles/0065_a02b03c2d1e0f1g0h3.jpg,0,HDPE Plastic,0,HDPE Plastic,1.0,1.0,3.4327143905166224e-10,2.0584023374681237e-10,1.1316528825133787e-09,5.146081893947496e-10
/Users/aswanathjs/Downloads/test10/ai_plastic_waste_management_training/PP Plastic/round_containers/IMG_20220210_105623.jpg,3,PP Plastic,3,PP Plastic,0.9809496998786926,0.01668873429298401,0.001072802348062396,0.0004680584534071386,0.9809496998786926,0.0008207461796700954
/Users/aswanathjs/Downloads/test10/ai_plastic_waste_management_training/LDPE Plastic/plastic_bags/plasticbag (177).jpg,1,LDPE Plastic,1,LDPE Plastic,1.0,2.242796703910699e-08,1.0,4.4782844099700014e-09,1.1031775493108853e-10,3.892857147747009e-09
/Users/aswanathjs/Downloads/test10/ai_plastic_waste_management_training/LDPE Plastic/black_white__plastic_bags/0292_jpg.rf.de37c499d5839998f433ed95c64d404a.jpg,1,LDPE Plastic,1,LDPE Plastic,0.9999285936355591,8.490535037708469e-06,0.9999285936355591,3.69036897609476e-05,1.019497085508192e-05,1.5768790035508573e-05
/Users/aswanathjs/Downloads/test10/ai_plastic_waste_management_training/LDPE Plastic/plastic_bags/LDPE-255_jpg.rf.80232f6cd0c83108cee85e3ff7544e70.jpg,1,LDPE Plastic,1,LDPE Plastic,0.999495267868042,5.7814679166767746e-05,0.999495267868042,2.9774895665468648e-05,0.00031950854463502765,9.753515769261867e-05
/Users/aswanathjs/Downloads/test10/ai_plastic_waste_management_training/PS Plastic/foam_sheets/PS-506_jpg.rf.db5e0d99075ca3ede74cc9b76b20cec6.jpg,4,PS Plastic,4,PS Plastic,0.9999814033508301,1.2531376341939904e-05,5.628975486615673e-06,2.0431124880815332e-07,2.3285326733457623e-07,0.9999814033508301
/Users/aswanathjs/Downloads/test10/ai_plastic_waste_management_training/HDPE Plastic/milk_bottles/HDPEM418.jpg,0,HDPE Plastic,0,HDPE Plastic,0.9999889135360718,0.9999889135360718,3.6708570405608043e-07,2.5118790745182196e-06,7.960262337292079e-06,2.5102349354710896e-07
/Users/aswanathjs/Downloads/test10/ai_plastic_waste_management_training/HDPE Plastic/shampoo_bottles/0023_a02b01c1d0e0f1g0h3.jpg,0,HDPE Plastic,0,HDPE Plastic,1.0,1.0,3.5526186159540174e-11,1.5979575440638882e-09,4.406036369086763e-10,1.4561868377782616e-09
"/Users/aswanathjs/Downloads/test10/ai_plastic_waste_management_training/PET Plastic/plastic_bottles/PET1,443.jpg",2,PET Plastic,2,PET Plastic,0.9998111128807068,5.599772703135386e-05,8.592862286604941e-06,0.9998111128807068,0.00012155305012129247,2.760237293841783e-06
"/Users/aswanathjs/Downloads/test10/ai_plastic_waste_management_training/PET Plastic/plastic_bottles/PET1,355.jpg",2,PET Plastic,2,PET Plastic,0.9999943971633911,4.926821020490024e-06,3.67191859140803e-08,0.9999943971633911,6.716684879393142e-07,1.0492828828034817e-08
/Users/aswanathjs/Downloads/test10/ai_plastic_waste_management_training/PP Plastic/square_containers/Image_48.png,3,PP Plastic,3,PP Plastic,0.9641883969306946,0.006080644205212593,0.024173280224204063,0.0004967616987414658,0.9641883969306946,0.00506086740642786
/Users/aswanathjs/Downloads/test10/ai_plastic_waste_management_training/PS Plastic/foam_containers/Image_48.png,3,PP Plastic,3,PP Plastic,0.8471410274505615,0.030309857800602913,0.019081640988588333,0.005483594257384539,0.8471410274505615,0.09798391908407211
/Users/aswanathjs/Downloads/test10/ai_plastic_waste_management_training/LDPE Plastic/plastic_bags/plasticbag (186).jpg,1,LDPE Plastic,1,LDPE Plastic,0.9999998807907104,2.924455344555099e-08,0.9999998807907104,2.049373337698057e-09,1.1746342565288614e-08,3.532016634721913e-08
/Users/aswanathjs/Downloads/test10/ai_plastic_waste_management_training/LDPE Plastic/plastic_bags/plasticbag (165).jpg,1,LDPE Plastic,1,LDPE Plastic,0.9988077878952026,0.00029866216937080026,0.9988077878952026,0.00014603851013816893,0.0007159734377637506,3.155206286464818e-05
/Users/aswanathjs/Downloads/test10/ai_plastic_waste_management_training/PET Plastic/shampoo_bottles/0050_a05b00c2d1e1f1g0h2.jpg,2,PET Plastic,2,PET Plastic,0.9999994039535522,5.387855139815656e-07,1.67136757767139e-08,0.9999994039535522,3.7198720548303754e-08,3.138299398131039e-09
/Users/aswanathjs/Downloads/test10/ai_plastic_waste_management_training/HDPE Plastic/detergent_bottles/IMG_20220209_182151.jpg,0,HDPE Plastic,0,HDPE Plastic,0.9998036026954651,0.9998036026954651,1.8942505448649172e-06,3.7775641885673394e-06,0.00019035895820707083,3.9624544001526374e-07
/Users/aswanathjs/Downloads/test10/ai_plastic_waste_management_training/HDPE Plastic/milk_bottles/HDPEM86.jpg,0,HDPE Plastic,0,HDPE Plastic,0.9999994039535522,0.9999994039535522,3.5479137405758365e-09,1.0461431543262734e-07,4.2552156287456455e-07,3.494542966109293e-08
/Users/aswanathjs/Downloads/test10/ai_plastic_waste_management_training/PP Plastic/round_containers/0031_a05b01c1d1e0f0g0h4.jpg,3,PP Plastic,3,PP Plastic,0.9999998807907104,1.4203192222339567e-07,4.4217166816906683e-08,1.6182558626454124e-09,0.9999998807907104,1.2801604221124308e-09
/Users/aswanathjs/Downloads/test10/ai_plastic_waste_management_training/PET Plastic/plastic_bottles/PET494.jpg,2,PET Plastic,2,PET Plastic,0.9990467429161072,0.0009010909707285464,1.8273796058565495e-06,0.9990467429161072,4.5203913032310084e-05,5.0525868573458865e-06
"/Users/aswanathjs/Downloads/test10/ai_plastic_waste_management_training/PET Plastic/plastic_bottles/PET1,472.jpg",2,PET Plastic,2,PET Plastic,0.9999985694885254,1.2696841622528154e-07,2.736086059940135e-07,0.9999985694885254,9.840367738433997e-07,1.2512011871024242e-08
/Users/aswanathjs/Downloads/test10/ai_plastic_waste_management_training/PP Plastic/square_containers/Image_67.png,3,PP Plastic,3,PP Plastic,0.9963484406471252,0.0002487278252374381,0.0033864728175103664,1.8513094346417347e-06,0.9963484406471252,1.4507865671475884e-05
/Users/aswanathjs/Downloads/test10/ai_plastic_waste_management_training/PS Plastic/foam_containers/Image_67.png,3,PP Plastic,3,PP Plastic,0.4790459871292114,0.045126400887966156,0.14003892242908478,0.014804324135184288,0.4790459871292114,0.3209843039512634
/Users/aswanathjs/Downloads/test10/ai_plastic_waste_management_training/HDPE Plastic/detergent_bottles/0010_a02b01c1d0e0f1g0h3.jpg,0,HDPE Plastic,0,HDPE Plastic,0.9999923706054688,0.9999923706054688,2.379533299290415e-07,2.0198835954943206e-06,5.111307018523803e-06,2.6760116611512785e-07
/Users/aswanathjs/Downloads/test10/ai_plastic_waste_management_training/PET Plastic/shampoo_bottles/0050_a05b00c1d2e1f1g0h4.jpg,2,PET Plastic,2,PET Plastic,0.9999997615814209,7.03045870409369e-08,8.389566374944479e-08,0.9999997615814209,3.308637275267756e-08,2.524362585631934e-08
/Users/aswanathjs/Downloads/test10/ai_plastic_waste_management_training/PS Plastic/foam_containers/styrofoam-144-_jpg.rf.586e705faa5290a2629532c4d792c272.jpg,4,PS Plastic,4,PS Plastic,0.9972314238548279,0.00035122057306580245,0.001927018747664988,0.00023407138360198587,0.0002563693269621581,0.9972314238548279
/Users/aswanathjs/Downloads/test10/ai_plastic_waste_management_training/PP Plastic/round_containers/IMG_20220209_174035.jpg,3,PP Plastic,3,PP Plastic,0.9993917942047119,0.00015849925694055855,0.0003672146413009614,6.661949737463146e-05,0.9993917942047119,1.5864752640482038e-05
"/Users/aswanathjs/Downloads/test10/ai_plastic_waste_management_training/PET Plastic/plastic_bottles/PET1,292.jpg",2,PET Plastic,2,PET Plastic,0.999962568283081,2.813087667163927e-05,1.6049918372118555e-07,0.999962568283081,8.936746780818794e-06,2.3799186976702913e-07
/Users/aswanathjs/Downloads/test10/ai_plastic_waste_management_training/HDPE Plastic/shampoo_bottles/0075_a02b01c1d3e0f0g0h0.jpg,0,HDPE Plastic,0,HDPE Plastic,0.9998912811279297,0.9998912811279297,9.844656233326532e-06,6.588738324353471e-05,1.816011717892252e-05,1.4796137293160427e-05
/Users/aswanathjs/Downloads/test10/ai_plastic_waste_management_training/PP Plastic/round_containers/IMG_20220210_105640.jpg,3,PP Plastic,3,PP Plastic,0.9962546825408936,0.0012371952179819345,0.0015305234119296074,0.0005519477417692542,0.9962546825408936,0.00042564113391563296
/Users/aswanathjs/Downloads/test10/ai_plastic_waste_management_training/PP Plastic/round_containers/0022_a05b00c1d0e0f0g0h1.jpg,3,PP Plastic,3,PP Plastic,0.9999997615814209,7.362379506048455e-08,8.716479094061924e-09,1.3203953130869195e-07,0.9999997615814209,2.9107025678598575e-09
/Users/aswanathjs/Downloads/test10/ai_plastic_waste_management_training/PP Plastic/round_containers_grey/0022_a05b00c1d0e0f0g0h1.jpg,3,PP Plastic,3,PP Plastic,1.0,2.3275624982943555e-08,8.392012418312333e-09,6.107607308791785e-09,1.0,4.02390371023742e-10
/Users/aswanathjs/Downloads/test10/ai_plastic_waste_management_training/PP Plastic/round_containers/0044_a06b01c1d1e0f0g0h1.jpg,3,PP Plastic,3,PP Plastic,0.999997615814209,2.435618625895586e-06,1.5276052423018882e-08,3.191675368441338e-09,0.999997615814209,2.7065139018844775e-09
/Users/aswanathjs/Downloads/test10/ai_plastic_waste_management_training/HDPE Plastic/detergent_bottles/0096_a02b04c1d0e0f0g0h2.jpg,0,HDPE Plastic,0,HDPE Plastic,0.9999978542327881,0.9999978542327881,1.6020864279653324e-07,2.1388476056927175e-07,1.6504116047144635e-06,1.757970835569722e-07
/Users/aswanathjs/Downloads/test10/ai_plastic_waste_management_training/PP Plastic/round_containers/0032_a05b01c2d1e0f0g0h3.jpg,3,PP Plastic,3,PP Plastic,0.9992328882217407,0.0007657635142095387,4.492697769364895e-07,2.0322026728081255e-07,0.9992328882217407,6.390071121131768e-07
/Users/aswanathjs/Downloads/test10/ai_plastic_waste_management_training/PET Plastic/black_white_plastic_bottles/czjka_jpg.rf.63c1ea90026785055e7c7634445a3676.jpg,2,PET Plastic,2,PET Plastic,0.9998899698257446,6.719866360072047e-05,1.6917343828026787e-06,0.9998899698257446,3.4188891731901094e-05,6.997154287091689e-06
/Users/aswanathjs/Downloads/test10/ai_plastic_waste_management_training/PS Plastic/foam_containers/Image_234.png,4,PS Plastic,4,PS Plastic,0.688322126865387,0.027009811252355576,0.07971499115228653,0.004091624636203051,0.200861394405365,0.688322126865387
/Users/aswanathjs/Downloads/test10/ai_plastic_waste_management_training/PET Plastic/plastic_bottles/PET397.jpg,2,PET Plastic,2,PET Plastic,0.9999996423721313,6.67885231564469e-08,2.682678434950958e-08,0.9999996423721313,2.057613812667114e-07,4.984913459793461e-08
/Users/aswanathjs/Downloads/test10/ai_plastic_waste_management_training/LDPE Plastic/black_white__plastic_bags/0303_jpg.rf.27cc51852f1a997ccca3b1a8691ad242.jpg,1,LDPE Plastic,1,LDPE Plastic,0.9999946355819702,3.136152827210026e-06,0.9999946355819702,4.134210129791427e-08,4.2999749894079287e-07,1.769258574313426e-06
/Users/aswanathjs/Downloads/test10/ai_plastic_waste_management_training/PP Plastic/irregular_containers/test_PP-4_jpg.rf.9d7ef7063a7c27f9e8d0dd5cd36f6c7b.jpg,3,PP Plastic,3,PP Plastic,0.9996542930603027,6.858518645458389e-06,0.0003192995209246874,6.993557690293528e-06,0.9996542930603027,1.2572122614074033e-05
/Users/aswanathjs/Downloads/test10/ai_plastic_waste_management_training/PP Plastic/irregular_containers_grey/test_PP-4_jpg.rf.9d7ef7063a7c27f9e8d0dd5cd36f6c7b.jpg,3,PP Plastic,3,PP Plastic,0.9982147216796875,3.432913945289329e-05,0.0016113646561279893,2.7945827241637744e-05,0.9982147216796875,0.00011174249084433541
/Users/aswanathjs/Downloads/test10/ai_plastic_waste_management_training/PP Plastic/round_containers/0044_a06b01c1d1e0f0g0h2.jpg,3,PP Plastic,3,PP Plastic,0.9977309107780457,0.0022618118673563004,2.7264202344667865e-06,3.476058054729947e-06,0.9977309107780457,1.079344315257913e-06
/Users/aswanathjs/Downloads/test10/ai_plastic_waste_management_training/PS Plastic/foam_sheets/PS-670_jpg.rf.108eab608f2cbc3c438d79858c3311eb.jpg,4,PS Plastic,4,PS Plastic,0.9999074935913086,6.95416601956822e-05,1.7645204934524372e-05,2.317336566193262e-06,3.141321258226526e-06,0.9999074935913086
/Users/aswanathjs/Downloads/test10/ai_plastic_waste_management_training/PS Plastic/form_sheets_grey/PS-670_jpg.rf.108eab608f2cbc3c438d79858c3311eb.jpg,4,PS Plastic,4,PS Plastic,0.9998053908348083,0.0001481680228607729,3.287334038759582e-05,4.299773991078837e-06,9.300780220655724e-06,0.9998053908348083
/Users/aswanathjs/Downloads/test10/ai_plastic_waste_management_training/LDPE Plastic/bin_bags/Image_29.png,1,LDPE Plastic,1,LDPE Plastic,0.9905261993408203,0.0040417625568807125,0.9905261993408203,0.0009555480210110545,0.003296466311439872,0.0011800472857430577
/Users/aswanathjs/Downloads/test10/ai_plastic_waste_management_training/PP Plastic/round_containers/Image_29.png,1,LDPE Plastic,3,PP Plastic,0.6391453146934509,0.026010794565081596,0.331045925617218,0.0005947556928731501,0.6391453146934509,0.003203138941898942
/Users/aswanathjs/Downloads/test10/ai_plastic_waste_management_training/PP Plastic/round_containers_grey/Image_29.png,1,LDPE Plastic,3,PP Plastic,0.49633631110191345,0.013226996175944805,0.48713040351867676,0.000650034926366061,0.49633631110191345,0.0026562961284071207
/Users/aswanathjs/Downloads/test10/ai_plastic_waste_management_training/PS Plastic/foam_containers/Image_29.png,1,LDPE Plastic,4,PS Plastic,0.5520246624946594,0.05417985841631889,0.20546165108680725,0.015602274797856808,0.17273157835006714,0.5520246624946594
/Users/aswanathjs/Downloads/test10/ai_plastic_waste_management_training/PET Plastic/shampoo_bottles/0100_a05b00c1d3e0f0g0h1.jpg,2,PET Plastic,2,PET Plastic,0.9999992847442627,8.027496889440044e-09,1.478904465557207e-07,0.9999992847442627,5.773344469162112e-07,7.493647480316667e-09
/Users/aswanathjs/Downloads/test10/ai_plastic_waste_management_training/LDPE Plastic/plastic_bags/plasticbag (135) 17.43.56.jpg,1,LDPE Plastic,1,LDPE Plastic,0.9997771382331848,4.156938302912749e-06,0.9997771382331848,0.0001517855271231383,6.0899863456143066e-05,6.060804935259512e-06
/Users/aswanathjs/Downloads/test10/ai_plastic_waste_management_training/HDPE Plastic/milk_bottles/HDPEM567.JPG,0,HDPE Plastic,0,HDPE Plastic,0.9999998807907104,0.9999998807907104,4.3151243689365515e-10,1.0034123221203117e-07,3.737790979507771e-11,8.775846160880008e-10
/Users/aswanathjs/Downloads/test10/ai_plastic_waste_management_training/LDPE Plastic/plastic_bags/plasticbag (59).jpg,1,LDPE Plastic,1,LDPE Plastic,0.9995843768119812,9.761768524185754e-06,0.9995843768119812,2.4866706098691793e-06,0.00035109391319565475,5.228675217949785e-05
/Users/aswanathjs/Downloads/test10/ai_plastic_waste_management_training/PP Plastic/irregular_containers/train_PP-87_jpg.rf.c2a1566abfd3e4f58a5b1dd9a1765f21.jpg,3,PP Plastic,3,PP Plastic,0.9999998807907104,2.778609786702191e-09,2.4401204612445326e-08,7.059173867673962e-08,0.9999998807907104,1.2996151377286935e-10
/Users/aswanathjs/Downloads/test10/ai_plastic_waste_management_training/LDPE Plastic/plastic_bags/train_LDPE-65_jpg.rf.bea0a717767184b5e0536c0ed6a0657c.jpg,1,LDPE Plastic,1,LDPE Plastic,1.0,3.789212499327732e-09,1.0,3.336547393928413e-08,1.2784622249739641e-09,1.0745851986015964e-09
/Users/aswanathjs/Downloads/test10/ai_plastic_waste_management_training/PP Plastic/square_containers_grey/Image_201.png,3,PP Plastic,3,PP Plastic,0.9991481304168701,0.00011747034295694903,0.000702630786690861,1.1106677675343235e-06,0.9991481304168701,3.069594094995409e-05
/Users/aswanathjs/Downloads/test10/ai_plastic_waste_management_training/PP Plastic/square_containers/Image_201.png,3,PP Plastic,3,PP Plastic,0.9934080839157104,0.0005996155086904764,0.005627765320241451,1.2230380889377557e-05,0.9934080839157104,0.00035235105315223336
/Users/aswanathjs/Downloads/test10/ai_plastic_waste_management_training/PS Plastic/foam_containers/Image_201.png,3,PP Plastic,4,PS Plastic,0.36135417222976685,0.07599839568138123,0.2535262405872345,0.02812517061829567,0.28099605441093445,0.36135417222976685
/Users/aswanathjs/Downloads/test10/ai_plastic_waste_management_training/LDPE Plastic/black_white__plastic_bags/0258_jpg.rf.841fa65a71394439dc028ee2feb0b4c2.jpg,1,LDPE Plastic,1,LDPE Plastic,1.0,6.371593919141105e-09,1.0,1.234399160665589e-08,8.193002699885543e-12,3.670608350603288e-08
/Users/aswanathjs/Downloads/test10/ai_plastic_waste_management_training/PET Plastic/plastic_bottles/PET642.jpg,2,PET Plastic,2,PET Plastic,0.9999994039535522,2.876574569654622e-07,4.491688798680116e-08,0.9999994039535522,4.119117136269779e-08,1.8128731937849807e-07
/Users/aswanathjs/Downloads/test10/ai_plastic_waste_management_training/PP Plastic/irregular_containers/train_PP-91_jpg.rf.9b1868df755dd1f621d86d8b6803d0c4.jpg,3,PP Plastic,3,PP Plastic,0.9941878318786621,0.00016732521180529147,0.0037803114391863346,0.00019664951832965016,0.9941878318786621,0.001667900593020022
/Users/aswanathjs/Downloads/test10/ai_plastic_waste_management_training/LDPE Plastic/plastic_bags/LDPE-480_jpg.rf.c07e815c4de47b488d06e0c83441bef2.jpg,1,LDPE Plastic,1,LDPE Plastic,0.9999867677688599,1.039739709085552e-05,0.9999867677688599,5.004704917155323e-07,3.9271407104024547e-07,2.0134505120950053e-06
/Users/aswanathjs/Downloads/test10/ai_plastic_waste_management_training/LDPE Plastic/bubble_wrap_grey/LDPE-97_jpg.rf.405c9fc49d66acf1b0e3ec39512a4dc5.jpg,1,LDPE Plastic,1,LDPE Plastic,0.9999966621398926,3.320476196222444e-07,0.9999966621398926,1.636730644349882e-06,8.184968578461849e-07,4.835302434003097e-07
/Users/aswanathjs/Downloads/test10/ai_plastic_waste_management_training/LDPE Plastic/bubble_wrap/LDPE-97_jpg.rf.405c9fc49d66acf1b0e3ec39512a4dc5.jpg,1,LDPE Plastic,1,LDPE Plastic,0.9999909400939941,6.125547997726244e-07,0.9999909400939941,6.630694770137779e-06,1.2479872566473205e-06,6.050559022696689e-07
"/Users/aswanathjs/Downloads/test10/ai_plastic_waste_management_training/PET Plastic/plastic_bottles/PET1,439.jpg",2,PET Plastic,2,PET Plastic,0.9999916553497314,5.5305858950305264e-06,2.578996713964443e-07,0.9999916553497314,2.522135446270113e-06,5.596258745299565e-08
/Users/aswanathjs/Downloads/test10/ai_plastic_waste_management_training/LDPE Plastic/plastic_bags_grey/LDPE-296_jpg.rf.a1c6127d5816bbf2a0a084e34a0b442e.jpg,1,LDPE Plastic,1,LDPE Plastic,0.999992847442627,8.577241601415153e-07,0.999992847442627,5.626068855235644e-07,4.350249582785182e-06,1.4568634014722193e-06
/Users/aswanathjs/Downloads/test10/ai_plastic_waste_management_training/LDPE Plastic/plastic_bags/LDPE-296_jpg.rf.a1c6127d5816bbf2a0a084e34a0b442e.jpg,1,LDPE Plastic,1,LDPE Plastic,0.9999942779541016,9.786605232875445e-07,0.9999942779541016,5.870420523024222e-07,3.002106950589223e-06,1.1557895049918443e-06
/Users/aswanathjs/Downloads/test10/ai_plastic_waste_management_training/PET Plastic/plastic_bottles/PET322.jpg,2,PET Plastic,2,PET Plastic,0.9999985694885254,1.371508915326558e-06,1.7201704949343366e-08,0.9999985694885254,3.8524198942013754e-08,3.5374643214680646e-09
/Users/aswanathjs/Downloads/test10/ai_plastic_waste_management_training/PP Plastic/round_containers/Image_164.png,3,PP Plastic,3,PP Plastic,0.961754322052002,0.0027918661944568157,0.033326514065265656,3.599575211410411e-05,0.961754322052002,0.0020912974141538143
/Users/aswanathjs/Downloads/test10/ai_plastic_waste_management_training/PS Plastic/foam_containers/Image_164.png,3,PP Plastic,4,PS Plastic,0.5606114268302917,0.04857658967375755,0.18974030017852783,0.014415792189538479,0.1866559386253357,0.5606114268302917
/Users/aswanathjs/Downloads/test10/ai_plastic_waste_management_training/PS Plastic/foam_containers/styrofoam-101-_jpg.rf.ea16cdf2074dc5b964e3e2e8b0ea4353.jpg,4,PS Plastic,4,PS Plastic,0.9999790191650391,1.1835240002255887e-05,2.977849817398237e-06,6.678646968794055e-07,5.538797267945483e-06,0.9999790191650391
/Users/aswanathjs/Downloads/test10/ai_plastic_waste_management_training/HDPE Plastic/detergent_bottles/IMG_20220209_182745.jpg,0,HDPE Plastic,0,HDPE Plastic,0.9977050423622131,0.9977050423622131,4.743919998873025e-05,0.002116851042956114,0.00010771550296340138,2.3000602595857345e-05
/Users/aswanathjs/Downloads/test10/ai_plastic_waste_management_training/HDPE Plastic/milk_bottles/HDPEM61.jpg,0,HDPE Plastic,0,HDPE Plastic,1.0,1.0,3.4727276609913815e-10,6.79797385050307e-10,8.96987373266711e-09,8.446945365392367e-10
/Users/aswanathjs/Downloads/test10/ai_plastic_waste_management_training/HDPE Plastic/milk_bottles/HDPEM459.jpg,0,HDPE Plastic,0,HDPE Plastic,1.0,1.0,4.2944870749794806e-12,6.335840740945287e-10,3.8284375669661586e-11,1.5631797939397174e-11
/Users/aswanathjs/Downloads/test10/ai_plastic_waste_management_training/PP Plastic/irregular_containers/train_PP-53_jpg.rf.00d0539f9942f92acdb2fab0e3086ce4.jpg,3,PP Plastic,3,PP Plastic,0.9999994039535522,6.21694837832365e-08,5.011011126043741e-07,3.964398587186224e-09,0.9999994039535522,2.3463790910227544e-09
"/Users/aswanathjs/Downloads/test10/ai_plastic_waste_management_training/PET Plastic/plastic_bottles/PET1,304.jpg",2,PET Plastic,2,PET Plastic,0.9999148845672607,4.000427361461334e-05,8.644556714898499e-07,0.9999148845672607,4.319771323935129e-05,9.946702448360156e-07
/Users/aswanathjs/Downloads/test10/ai_plastic_waste_management_training/PS Plastic/foam_sheets/PS-674_jpg.rf.548d353bc593e159d7aa53c7a7f6ccf2.jpg,4,PS Plastic,4,PS Plastic,0.9999940395355225,4.805131538887508e-06,6.959975280551589e-07,1.8028190140739753e-07,2.937661065516295e-07,0.9999940395355225
/Users/aswanathjs/Downloads/test10/ai_plastic_waste_management_training/LDPE Plastic/black_white__plastic_bags/0148_jpg.rf.bf7d673ef84af08da1c08bb4e243899c.jpg,1,LDPE Plastic,1,LDPE Plastic,0.9999978542327881,5.97159385051782e-07,0.9999978542327881,6.088882997801193e-08,1.35771051645861e-06,1.7946109664990217e-07
/Users/aswanathjs/Downloads/test10/ai_plastic_waste_management_training/HDPE Plastic/detergent_bottles/0039_a02b01c1d2e0f1g0h4.jpg,0,HDPE Plastic,0,HDPE Plastic,1.0,1.0,2.2788142484131413e-09,1.9120378613735056e-09,4.4578417401908155e-08,7.653849998234818e-09
/Users/aswanathjs/Downloads/test10/ai_plastic_waste_management_training/LDPE Plastic/bubble_wrap_grey/Screenshot 2026-05-13 at 10.34.45.png,1,LDPE Plastic,1,LDPE Plastic,0.9148789048194885,0.010484021157026291,0.9148789048194885,0.0004472243890631944,0.06645055115222931,0.0077392589300870895
/Users/aswanathjs/Downloads/test10/ai_plastic_waste_management_training/LDPE Plastic/bubble_wrap_grey/Screenshot 2026-05-13 at 10.35.00.png,1,LDPE Plastic,1,LDPE Plastic,0.9997367262840271,1.4741311815669178e-06,0.9997367262840271,0.00011306707165203989,1.0211070730292704e-05,0.0001384869683533907
/Users/aswanathjs/Downloads/test10/ai_plastic_waste_management_training/LDPE Plastic/bubble_wrap_grey/Screenshot 2026-05-13 at 10.36.23.png,1,LDPE Plastic,1,LDPE Plastic,0.9999680519104004,2.5427405603295483e-07,0.9999680519104004,6.993951728873071e-08,1.0202146540905233e-06,3.056388595723547e-05
/Users/aswanathjs/Downloads/test10/ai_plastic_waste_management_training/LDPE Plastic/bubble_wrap_grey/Screenshot 2026-05-13 at 10.35.59.png,1,LDPE Plastic,1,LDPE Plastic,0.9960825443267822,4.824600910069421e-05,0.9960825443267822,2.2913454813533463e-05,0.00014113816723693162,0.003705049632117152
/Users/aswanathjs/Downloads/test10/ai_plastic_waste_management_training/LDPE Plastic/bubble_wrap_grey/Screenshot 2026-05-13 at 10.32.55.png,1,LDPE Plastic,1,LDPE Plastic,0.9744212031364441,0.0041588242165744305,0.9744212031364441,0.000772764440625906,0.0036113422829657793,0.017035892233252525
/Users/aswanathjs/Downloads/test10/ai_plastic_waste_management_training/LDPE Plastic/bubble_wrap_grey/Screenshot 2026-05-13 at 10.35.41.png,1,LDPE Plastic,1,LDPE Plastic,0.9995636343955994,0.00012026650074403733,0.9995636343955994,5.301611054164823e-06,0.00012980130850337446,0.00018102620379067957
/Users/aswanathjs/Downloads/test10/ai_plastic_waste_management_training/LDPE Plastic/bubble_wrap_grey/Screenshot 2026-05-13 at 10.33.22.png,1,LDPE Plastic,1,LDPE Plastic,0.999975323677063,1.281838137856539e-07,0.999975323677063,5.78785588345454e-08,2.2123394955997355e-05,2.3003844944469165e-06
/Users/aswanathjs/Downloads/test10/ai_plastic_waste_management_training/LDPE Plastic/bubble_wrap_grey/Screenshot 2026-05-13 at 10.33.36.png,1,LDPE Plastic,1,LDPE Plastic,0.9966366291046143,0.00022425090719480067,0.9966366291046143,4.216829620418139e-05,0.0008871604804880917,0.0022097367327660322
/Users/aswanathjs/Downloads/test10/ai_plastic_waste_management_training/LDPE Plastic/bubble_wrap_grey/Screenshot 2026-05-13 at 10.34.03.png,1,LDPE Plastic,1,LDPE Plastic,0.9999949932098389,4.213647457618208e-07,0.9999949932098389,3.840484907868813e-08,3.5775412925431738e-06,9.808467211769312e-07
/Users/aswanathjs/Downloads/test10/ai_plastic_waste_management_training/LDPE Plastic/bubble_wrap_grey/Screenshot 2026-05-13 at 10.35.18.png,1,LDPE Plastic,1,LDPE Plastic,0.9929995536804199,0.0013716367539018393,0.9929995536804199,0.00025865365751087666,0.0008187418570742011,0.004551340825855732
/Users/aswanathjs/Downloads/test10/ai_plastic_waste_management_training/LDPE Plastic/bubble_wrap_grey/Screenshot 2026-05-13 at 10.33.50.png,1,LDPE Plastic,1,LDPE Plastic,0.9999995231628418,2.981560484616175e-11,0.9999995231628418,1.587938808222944e-10,9.708777781725075e-08,4.1470542555543943e-07
/Users/aswanathjs/Downloads/test10/ai_plastic_waste_management_training/LDPE Plastic/bubble_wrap/Screenshot 2026-05-13 at 10.34.45.png,1,LDPE Plastic,1,LDPE Plastic,0.9771320223808289,0.008235265500843525,0.9771320223808289,0.00035410895361565053,0.009223196655511856,0.005055430345237255
/Users/aswanathjs/Downloads/test10/ai_plastic_waste_management_training/LDPE Plastic/bubble_wrap/Screenshot 2026-05-13 at 10.35.00.png,1,LDPE Plastic,1,LDPE Plastic,0.998198926448822,1.6930694073380437e-06,0.998198926448822,0.0004406482039485127,2.1738022041972727e-05,0.001337010064162314
/Users/aswanathjs/Downloads/test10/ai_plastic_waste_management_training/LDPE Plastic/bubble_wrap/Screenshot 2026-05-13 at 10.36.23.png,1,LDPE Plastic,1,LDPE Plastic,0.9991022348403931,7.948143320390955e-05,0.9991022348403931,0.00015797743981238455,0.00017227015632670373,0.0004881500208284706
/Users/aswanathjs/Downloads/test10/ai_plastic_waste_management_training/LDPE Plastic/bubble_wrap/Screenshot 2026-05-13 at 10.35.59.png,1,LDPE Plastic,1,LDPE Plastic,0.9950469732284546,9.474324178881943e-05,0.9950469732284546,3.7647892895620316e-05,0.0026785891968756914,0.002142074517905712
/Users/aswanathjs/Downloads/test10/ai_plastic_waste_management_training/LDPE Plastic/bubble_wrap/Screenshot 2026-05-13 at 10.32.55.png,1,LDPE Plastic,1,LDPE Plastic,0.9760776162147522,0.004271525423973799,0.9760776162147522,0.000694149814080447,0.0033997695427387953,0.015556983649730682
/Users/aswanathjs/Downloads/test10/ai_plastic_waste_management_training/LDPE Plastic/bubble_wrap/Screenshot 2026-05-13 at 10.35.41.png,1,LDPE Plastic,1,LDPE Plastic,0.9986571073532104,0.000696549192070961,0.9986571073532104,3.057447975152172e-05,0.00027901731664314866,0.00033664132934063673
/Users/aswanathjs/Downloads/test10/ai_plastic_waste_management_training/LDPE Plastic/bubble_wrap/Screenshot 2026-05-13 at 10.33.22.png,1,LDPE Plastic,1,LDPE Plastic,0.9997251629829407,7.1008607847034e-06,0.9997251629829407,1.631562554393895e-05,5.503258580574766e-05,0.00019631617760751396
/Users/aswanathjs/Downloads/test10/ai_plastic_waste_management_training/LDPE Plastic/bubble_wrap/Screenshot 2026-05-13 at 10.33.36.png,1,LDPE Plastic,1,LDPE Plastic,0.9991681575775146,6.716597272315994e-05,0.9991681575775146,1.7034122720360756e-05,0.0001584578858455643,0.0005892246845178306
/Users/aswanathjs/Downloads/test10/ai_plastic_waste_management_training/LDPE Plastic/bubble_wrap/Screenshot 2026-05-13 at 10.34.03.png,1,LDPE Plastic,1,LDPE Plastic,0.9999916553497314,6.483220431618975e-07,0.9999916553497314,1.7065110569092212e-07,3.542367267073132e-06,3.9876290429674555e-06
/Users/aswanathjs/Downloads/test10/ai_plastic_waste_management_training/LDPE Plastic/bubble_wrap/Screenshot 2026-05-13 at 10.35.18.png,1,LDPE Plastic,1,LDPE Plastic,0.9803124070167542,0.003887810744345188,0.9803124070167542,0.00031676082289777696,0.0009237187332473695,0.014559337869286537
/Users/aswanathjs/Downloads/test10/ai_plastic_waste_management_training/LDPE Plastic/bubble_wrap/Screenshot 2026-05-13 at 10.33.50.png,1,LDPE Plastic,1,LDPE Plastic,0.9999998807907104,9.029526258641507e-12,0.9999998807907104,1.7943910246565054e-10,7.188854311834803e-08,4.129668695895816e-08
/Users/aswanathjs/Downloads/test10/ai_plastic_waste_management_training/HDPE Plastic/milk_bottles/HDPEM478.jpg,0,HDPE Plastic,0,HDPE Plastic,1.0,1.0,4.255554242327264e-11,8.973707110726536e-09,4.282279530976041e-10,6.131344876258993e-10
/Users/aswanathjs/Downloads/test10/ai_plastic_waste_management_training/PET Plastic/black_white_plastic_bottles/ctbax_jpg.rf.494790482aa35adac5d91d0e6b01934c.jpg,2,PET Plastic,2,PET Plastic,0.999985933303833,7.186787570390152e-06,1.8381382460574969e-06,0.999985933303833,3.2987272788886912e-06,1.7600158344066585e-06
"/Users/aswanathjs/Downloads/test10/ai_plastic_waste_management_training/PET Plastic/plastic_bottles/PET1,261.jpg",2,PET Plastic,2,PET Plastic,0.999968409538269,2.498171124898363e-05,1.1500466143843369e-06,0.999968409538269,3.2079308311949717e-06,2.1546029529417865e-06
/Users/aswanathjs/Downloads/test10/ai_plastic_waste_management_training/HDPE Plastic/shampoo_bottles/0061_a02b01c1d1e0f1g0h3.jpg,0,HDPE Plastic,0,HDPE Plastic,0.9999966621398926,0.9999966621398926,1.0887209356269523e-07,1.0004890782511211e-07,1.6317604831783683e-06,1.4507033938571112e-06
/Users/aswanathjs/Downloads/test10/ai_plastic_waste_management_training/HDPE Plastic/milk_bottles/HDPEM75.jpg,0,HDPE Plastic,0,HDPE Plastic,1.0,1.0,8.789164396283411e-10,6.355560078219469e-09,1.781366520958727e-08,5.4557891537854175e-09
/Users/aswanathjs/Downloads/test10/ai_plastic_waste_management_training/HDPE Plastic/milk_bottles_grey/HDPEM75.jpg,0,HDPE Plastic,0,HDPE Plastic,0.9999992847442627,0.9999992847442627,7.825567749364382e-09,1.3316487468273408e-08,6.761751478734368e-07,1.824040474218691e-08
/Users/aswanathjs/Downloads/test10/ai_plastic_waste_management_training/PP Plastic/rectangle_containers/0011_a05b00c2d1e0f0g0h3.jpg,3,PP Plastic,3,PP Plastic,0.9999972581863403,4.875413424088038e-07,6.252550832641646e-08,2.005212763833697e-06,0.9999972581863403,1.243574843101669e-07
"/Users/aswanathjs/Downloads/test10/ai_plastic_waste_management_training/PET Plastic/plastic_bottles/PET1,344.jpg",2,PET Plastic,2,PET Plastic,0.9999872446060181,1.0846410987142008e-05,1.2701590890173975e-07,0.9999872446060181,1.6664342865624349e-06,6.894798332268692e-08
/Users/aswanathjs/Downloads/test10/ai_plastic_waste_management_training/PET Plastic/plastic_bottles/PET365.jpg,2,PET Plastic,2,PET Plastic,0.9999992847442627,5.03390538142412e-07,6.2445630888419146e-09,0.9999992847442627,5.537383174214483e-08,5.715218165391889e-08
/Users/aswanathjs/Downloads/test10/ai_plastic_waste_management_training/PET Plastic/black_white_plastic_bottles/bjygh_jpg.rf.f4c4a7649c708339528a5684d04fca26.jpg,2,PET Plastic,2,PET Plastic,0.9961193799972534,0.0036355650518089533,6.443867459893227e-05,0.9961193799972534,7.855865260353312e-05,0.00010208370804321021
/Users/aswanathjs/Downloads/test10/ai_plastic_waste_management_training/PP Plastic/round_containers/Image_42.png,3,PP Plastic,3,PP Plastic,0.9738299250602722,0.0008471861365251243,0.024763869121670723,6.293288606684655e-05,0.9738299250602722,0.000496115128044039
/Users/aswanathjs/Downloads/test10/ai_plastic_waste_management_training/PS Plastic/foam_containers/Image_42.png,3,PP Plastic,4,PS Plastic,0.49176591634750366,0.04968173801898956,0.1644751876592636,0.017175955697894096,0.27690109610557556,0.49176591634750366
/Users/aswanathjs/Downloads/test10/ai_plastic_waste_management_training/LDPE Plastic/plastic_bags/LDPE-360_jpg.rf.133d460a0281af37abf1062d4d7f50a7.jpg,1,LDPE Plastic,1,LDPE Plastic,0.9999994039535522,6.241149463903639e-08,0.9999994039535522,8.173504539854548e-08,6.690567033729167e-08,2.748673466612672e-07
/Users/aswanathjs/Downloads/test10/ai_plastic_waste_management_training/LDPE Plastic/plastic_bags/plasticbag (37).jpg,1,LDPE Plastic,1,LDPE Plastic,0.9999219179153442,3.302020559203811e-05,0.9999219179153442,2.255176845267215e-08,7.684830052312464e-06,3.734831261681393e-05
/Users/aswanathjs/Downloads/test10/ai_plastic_waste_management_training/PS Plastic/foam_sheets/PS-504_jpg.rf.0d3e0747d1868ebce48c34f3e61f6f64.jpg,4,PS Plastic,4,PS Plastic,0.9999971389770508,2.691810550459195e-06,1.654385499705313e-07,2.2152196521574297e-08,7.078161168294628e-09,0.9999971389770508
/Users/aswanathjs/Downloads/test10/ai_plastic_waste_management_training/HDPE Plastic/detergent_bottles/0010_a02b01c1d2e0f1g0h3.jpg,0,HDPE Plastic,0,HDPE Plastic,1.0,1.0,1.3478311522430175e-10,5.626932253477435e-10,1.632547985686017e-09,5.425216387244802e-10
/Users/aswanathjs/Downloads/test10/ai_plastic_waste_management_training/HDPE Plastic/detergent_bottles/0039_a02b01c2d2e0f1g0h3.jpg,0,HDPE Plastic,0,HDPE Plastic,1.0,1.0,1.368195667872385e-09,2.3419985950567934e-09,1.2824316719672879e-08,2.5958062366271406e-08
/Users/aswanathjs/Downloads/test10/ai_plastic_waste_management_training/PET Plastic/plastic_bottles/PET979.jpg,2,PET Plastic,2,PET Plastic,0.9999990463256836,9.044779289979488e-07,4.2877886130554543e-08,0.9999990463256836,8.532845541253664e-09,5.055468932368967e-08
/Users/aswanathjs/Downloads/test10/ai_plastic_waste_management_training/LDPE Plastic/plastic_bags/plasticbag (121).jpg,1,LDPE Plastic,1,LDPE Plastic,0.9999904632568359,1.747379343441935e-07,0.9999904632568359,3.308439545435249e-06,2.015382733588922e-06,4.009768872492714e-06
/Users/aswanathjs/Downloads/test10/ai_plastic_waste_management_training/PP Plastic/square_containers_grey/Image_224.png,3,PP Plastic,3,PP Plastic,0.8845665454864502,0.02168985642492771,0.059155892580747604,0.002194554079324007,0.8845665454864502,0.032393213361501694
/Users/aswanathjs/Downloads/test10/ai_plastic_waste_management_training/PP Plastic/square_containers/Image_224.png,3,PP Plastic,3,PP Plastic,0.9708897471427917,0.0039206575602293015,0.019876554608345032,0.00029386207461357117,0.9708897471427917,0.005019133444875479
/Users/aswanathjs/Downloads/test10/ai_plastic_waste_management_training/HDPE Plastic/milk_bottles/HDPEM129.jpg,0,HDPE Plastic,0,HDPE Plastic,0.9999998807907104,0.9999998807907104,9.65451829593178e-10,1.144874861580547e-08,1.5344181747423136e-07,8.682497387724197e-09
/Users/aswanathjs/Downloads/test10/ai_plastic_waste_management_training/PET Plastic/plastic_bottles/PET317.jpg,2,PET Plastic,2,PET Plastic,0.9999959468841553,1.8651599020813592e-06,1.2564712505991338e-06,0.9999959468841553,9.417968840352842e-07,7.376941368875123e-08
/Users/aswanathjs/Downloads/test10/ai_plastic_waste_management_training/PET Plastic/plastic_bottles/PET855.jpg,2,PET Plastic,2,PET Plastic,0.9999997615814209,2.865363626369799e-07,2.167506840677902e-09,0.9999997615814209,1.2850898123417664e-09,7.026164983159333e-09
/Users/aswanathjs/Downloads/test10/ai_plastic_waste_management_training/PP Plastic/square_containers/IMG_20220209_173855.jpg,3,PP Plastic,3,PP Plastic,0.9999967813491821,2.356993718422018e-06,3.599115245833673e-07,2.2905563668018658e-08,0.9999967813491821,4.5720216235167754e-07
/Users/aswanathjs/Downloads/test10/ai_plastic_waste_management_training/HDPE Plastic/shampoo_bottles/0063_a02b01c2d0e0f1g1h2.jpg,0,HDPE Plastic,0,HDPE Plastic,1.0,1.0,1.1107367248186506e-09,3.894868039200361e-10,1.2424277606726264e-08,1.771776059200647e-09
/Users/aswanathjs/Downloads/test10/ai_plastic_waste_management_training/PS Plastic/foam_containers/0058_a06b01c1d0e0f0g0h4.jpg,4,PS Plastic,4,PS Plastic,0.9995936751365662,7.429367542499676e-05,2.9822134820278734e-05,1.2831233107135631e-05,0.00028944420046173036,0.9995936751365662
/Users/aswanathjs/Downloads/test10/ai_plastic_waste_management_training/HDPE Plastic/detergent_bottles/0039_a02b01c2d3e0f1g0h4.jpg,0,HDPE Plastic,0,HDPE Plastic,0.9999955892562866,0.9999955892562866,2.5785249135878985e-07,1.7683796613710001e-06,1.584683218425198e-06,8.892793630366214e-07
/Users/aswanathjs/Downloads/test10/ai_plastic_waste_management_training/LDPE Plastic/plastic_bags/train_LDPE-2_jpg.rf.3d66a1ff0a58b9cc3026c1b1afcdf766.jpg,1,LDPE Plastic,1,LDPE Plastic,0.9999992847442627,6.179939759931585e-07,0.9999992847442627,2.1357431378987712e-08,1.769445567845196e-08,4.4663153175861225e-08
/Users/aswanathjs/Downloads/test10/ai_plastic_waste_management_training/PS Plastic/foam_containers/Image_104.png,4,PS Plastic,4,PS Plastic,0.542742908000946,0.1047261655330658,0.23362064361572266,0.014387995935976505,0.10452236980199814,0.542742908000946
/Users/aswanathjs/Downloads/test10/ai_plastic_waste_management_training/PET Plastic/shampoo_bottles/0080_a05b00c2d0e0f1g0h2.jpg,2,PET Plastic,2,PET Plastic,0.9999960660934448,1.242777329935052e-06,1.0655711690787939e-07,0.9999960660934448,2.439094714645762e-06,1.301249312746222e-07
/Users/aswanathjs/Downloads/test10/ai_plastic_waste_management_training/HDPE Plastic/milk_bottles/HDPEM449.jpg,0,HDPE Plastic,0,HDPE Plastic,0.9999998807907104,0.9999998807907104,1.754931477915278e-10,6.699139021293377e-08,1.3396328490955511e-09,1.1664200716410278e-09
/Users/aswanathjs/Downloads/test10/ai_plastic_waste_management_training/LDPE Plastic/plastic_bags/plasticbag (129).jpg,1,LDPE Plastic,1,LDPE Plastic,0.9999853372573853,2.5948104394046823e-06,0.9999853372573853,1.305295199927059e-06,8.603926175965171e-07,9.980420145438984e-06
/Users/aswanathjs/Downloads/test10/ai_plastic_waste_management_training/PET Plastic/black_white_plastic_bottles/bkeaw_jpg.rf.a39fd1736cd87dfcfb5ae4f3e9f3960c.jpg,2,PET Plastic,2,PET Plastic,0.9999873638153076,8.89752664079424e-06,1.5465358274013852e-06,0.9999873638153076,1.4595768789149588e-06,7.460151891791611e-07
/Users/aswanathjs/Downloads/test10/ai_plastic_waste_management_training/HDPE Plastic/milk_bottles/HDPEM337.jpg,0,HDPE Plastic,0,HDPE Plastic,0.9999996423721313,0.9999996423721313,3.3004290411753345e-09,2.204640310310424e-07,6.359029214308975e-08,3.501222067825438e-08
/Users/aswanathjs/Downloads/test10/ai_plastic_waste_management_training/LDPE Plastic/plastic_bags/LDPE-116_jpg.rf.14f89047074294b24c86c813ff51a903.jpg,1,LDPE Plastic,1,LDPE Plastic,0.9999982118606567,1.9589121791341313e-07,0.9999982118606567,1.0627870778989745e-06,1.2949237770953914e-07,4.65358567680596e-07
/Users/aswanathjs/Downloads/test10/ai_plastic_waste_management_training/LDPE Plastic/plastic_bags/plasticbag (165) 17.43.56.jpg,1,LDPE Plastic,1,LDPE Plastic,0.9988077878952026,0.00029866216937080026,0.9988077878952026,0.00014603851013816893,0.0007159734377637506,3.155206286464818e-05
/Users/aswanathjs/Downloads/test10/ai_plastic_waste_management_training/PET Plastic/plastic_bottles/PET841.jpg,2,PET Plastic,2,PET Plastic,0.9999996423721313,3.5341165016689047e-07,2.50094034370818e-09,0.9999996423721313,1.7799733242895854e-08,5.1824716962300954e-08
/Users/aswanathjs/Downloads/test10/ai_plastic_waste_management_training/LDPE Plastic/plastic_bags_grey/LDPE-1_jpg.rf.3c7a1957241b1cfd81c55b39fa5470d7.jpg,1,LDPE Plastic,1,LDPE Plastic,0.9998809099197388,1.667233846092131e-05,0.9998809099197388,7.367734269791981e-06,8.542145951651037e-05,9.518013030174188e-06
/Users/aswanathjs/Downloads/test10/ai_plastic_waste_management_training/LDPE Plastic/plastic_bags/LDPE-1_jpg.rf.5401f4d6049eb10309b5376914be7dec.jpg,1,LDPE Plastic,1,LDPE Plastic,0.999998927116394,1.0701467800799946e-07,0.999998927116394,8.023797590794857e-07,7.768417020770357e-08,6.71690401077285e-08
/Users/aswanathjs/Downloads/test10/ai_plastic_waste_management_training/LDPE Plastic/plastic_bags/LDPE-1_jpg.rf.3c7a1957241b1cfd81c55b39fa5470d7.jpg,1,LDPE Plastic,1,LDPE Plastic,0.9998911619186401,1.0788796316774096e-05,0.9998911619186401,2.7314999897498637e-06,8.866166172083467e-05,6.634510555159068e-06
/Users/aswanathjs/Downloads/test10/ai_plastic_waste_management_training/LDPE Plastic/plastic_bags/LDPE-1_jpg.rf.b398eae774835e4054e64f7f9dfb4eff.jpg,1,LDPE Plastic,1,LDPE Plastic,0.9999963045120239,1.4910337142737262e-07,0.9999963045120239,1.3348745824259822e-06,2.1601790649583563e-06,6.094879978491008e-08
/Users/aswanathjs/Downloads/test10/ai_plastic_waste_management_training/PET Plastic/black_white_plastic_bottles/broka_jpg.rf.1f203f8b54e8ab3cce1e8ea671361972.jpg,2,PET Plastic,2,PET Plastic,0.9967840909957886,0.003114045364782214,2.960846131827566e-06,0.9967840909957886,9.318965021520853e-05,5.753126970375888e-06
/Users/aswanathjs/Downloads/test10/ai_plastic_waste_management_training/LDPE Plastic/black_white__plastic_bags/0014_jpg.rf.c7306ceeb5d51273acc72690edb28340.jpg,1,LDPE Plastic,1,LDPE Plastic,0.9995255470275879,0.00038981548277661204,0.9995255470275879,6.9326110860856716e-06,3.181109423167072e-05,4.589017771650106e-05
"/Users/aswanathjs/Downloads/test10/ai_plastic_waste_management_training/PET Plastic/plastic_bottles/PET1,762.jpg",2,PET Plastic,2,PET Plastic,0.9999943971633911,3.7331058138079243e-06,3.238542944927758e-07,0.9999943971633911,1.2437842542567523e-06,2.750813052898593e-07
/Users/aswanathjs/Downloads/test10/ai_plastic_waste_management_training/PP Plastic/round_containers/IMG_20220209_172758.jpg,3,PP Plastic,3,PP Plastic,0.9998231530189514,0.00017140920681413263,1.8658550970940269e-06,2.404223778285086e-06,0.9998231530189514,1.200424890157592e-06
/Users/aswanathjs/Downloads/test10/ai_plastic_waste_management_training/PP Plastic/round_containers/Image_189.png,3,PP Plastic,4,PS Plastic,0.36539286375045776,0.04297155141830444,0.2992172837257385,0.008178500458598137,0.28423985838890076,0.36539286375045776
/Users/aswanathjs/Downloads/test10/ai_plastic_waste_management_training/PS Plastic/foam_containers/Image_189.png,3,PP Plastic,3,PP Plastic,0.4645242691040039,0.029908685013651848,0.17744497954845428,0.0034220132511109114,0.4645242691040039,0.3247000277042389
/Users/aswanathjs/Downloads/test10/ai_plastic_waste_management_training/HDPE Plastic/milk_bottles/HDPEM17.jpg,0,HDPE Plastic,0,HDPE Plastic,0.9983924031257629,0.9983924031257629,0.0009068449144251645,3.163898509228602e-05,0.0005467747105285525,0.00012239300122018903
/Users/aswanathjs/Downloads/test10/ai_plastic_waste_management_training/PET Plastic/shampoo_bottles/0080_a05b00c1d0e0f1g0h3.jpg,2,PET Plastic,2,PET Plastic,0.9999974966049194,2.372970357100712e-06,2.741156635011066e-08,0.9999974966049194,4.153705290832477e-08,3.7824818832632445e-08
/Users/aswanathjs/Downloads/test10/ai_plastic_waste_management_training/LDPE Plastic/black_white__plastic_bags/0141_jpg.rf.f690365a5a275f413817183933fca0a9.jpg,1,LDPE Plastic,1,LDPE Plastic,0.9999309778213501,1.2662406334129628e-05,0.9999309778213501,1.5594183366829384e-07,4.0799350244924426e-05,1.537615571578499e-05
/Users/aswanathjs/Downloads/test10/ai_plastic_waste_management_training/PET Plastic/black_white_plastic_bottles/bxotr_jpg.rf.1fd0e034f86b02d3a9239c3706ba00ea.jpg,2,PET Plastic,2,PET Plastic,0.9999512434005737,1.658384826441761e-05,4.299167358112754e-06,0.9999512434005737,2.27369546337286e-05,5.124337803863455e-06
/Users/aswanathjs/Downloads/test10/ai_plastic_waste_management_training/PET Plastic/shampoo_bottles/0100_a05b00c2d0e0f0g0h1.jpg,2,PET Plastic,2,PET Plastic,0.9999995231628418,1.5860295299319205e-09,1.722989395602781e-08,0.9999995231628418,4.1625588664828683e-07,3.035965479014635e-09
/Users/aswanathjs/Downloads/test10/ai_plastic_waste_management_training/PET Plastic/plastic_bottles/PET840.jpg,2,PET Plastic,2,PET Plastic,0.9999985694885254,1.0579981335467892e-06,1.259826909461026e-08,0.9999985694885254,5.309879469450607e-08,2.409382204859867e-07
/Users/aswanathjs/Downloads/test10/ai_plastic_waste_management_training/LDPE Plastic/plastic_bags/train_LDPE-46_jpg.rf.2815d064de80b23c8d9e6dd61ec3dff0.jpg,1,LDPE Plastic,1,LDPE Plastic,0.9999873638153076,1.2598290595633443e-05,0.9999873638153076,3.4782934310584324e-09,5.693970295261863e-10,4.0024627168122606e-08
"/Users/aswanathjs/Downloads/test10/ai_plastic_waste_management_training/PET Plastic/plastic_bottles/PET1,748.jpg",2,PET Plastic,2,PET Plastic,0.9999716281890869,1.2747153959935531e-05,5.479573133015947e-07,0.9999716281890869,1.3856211808160879e-05,1.2387757806209265e-06
/Users/aswanathjs/Downloads/test10/ai_plastic_waste_management_training/PET Plastic/plastic_bottles/PET806.jpg,2,PET Plastic,2,PET Plastic,0.9999974966049194,4.40200039975025e-07,1.434908540431934e-06,0.9999974966049194,3.1410002065968e-07,2.880511260627827e-07
/Users/aswanathjs/Downloads/test10/ai_plastic_waste_management_training/LDPE Plastic/plastic_bags/P_W (1407).jpg,1,LDPE Plastic,1,LDPE Plastic,0.9989179372787476,0.0004180635733064264,0.9989179372787476,3.7756708479719236e-05,0.0005323332734405994,9.399942064192146e-05
/Users/aswanathjs/Downloads/test10/ai_plastic_waste_management_training/PS Plastic/foam_sheets/PS-592_jpg.rf.1f1c77c122f5f174fd8dddb4154b727a.jpg,4,PS Plastic,4,PS Plastic,0.9999991655349731,6.075262604099407e-07,1.7024844112256687e-07,2.080609817767254e-08,8.854903477129028e-09,0.9999991655349731
/Users/aswanathjs/Downloads/test10/ai_plastic_waste_management_training/PET Plastic/black_white_plastic_bottles/akuxw_jpg.rf.4b20810fe047b3e2d19f90e824e915ef.jpg,2,PET Plastic,2,PET Plastic,0.9999951124191284,1.2495335113271722e-06,1.9538210835889913e-06,0.9999951124191284,8.133010283017938e-07,9.439497148377995e-07
/Users/aswanathjs/Downloads/test10/ai_plastic_waste_management_training/LDPE Plastic/plastic_bags/LDPE-299_jpg.rf.cfc6a5c96a7cba8381ad71939900b173.jpg,1,LDPE Plastic,1,LDPE Plastic,0.9995684027671814,3.169281262671575e-05,0.9995684027671814,0.00033206326770596206,5.764354864368215e-05,1.0136532182514202e-05
/Users/aswanathjs/Downloads/test10/ai_plastic_waste_management_training/PET Plastic/black_white_plastic_bottles/dcztl_jpg.rf.fb178873eb2cc650ea45a2570c2f83ba.jpg,2,PET Plastic,2,PET Plastic,0.9999383687973022,6.009039861964993e-05,2.51892316782687e-07,0.9999383687973022,1.1716947483364493e-06,1.4733609532413539e-07
"/Users/aswanathjs/Downloads/test10/ai_plastic_waste_management_training/PET Plastic/plastic_bottles/PET1,315.jpg",2,PET Plastic,2,PET Plastic,0.9999527931213379,4.1818846511887386e-05,9.997037295761402e-07,0.9999527931213379,4.22884977524518e-06,9.43740019465622e-08
/Users/aswanathjs/Downloads/test10/ai_plastic_waste_management_training/PET Plastic/black_white_plastic_bottles/azont_jpg.rf.721f11a64d1b6da1113d9b06217d04fa.jpg,2,PET Plastic,2,PET Plastic,0.9999978542327881,1.8587992371976725e-06,1.1025647239648606e-07,0.9999978542327881,1.0829170804527166e-07,1.0587235976800002e-07
/Users/aswanathjs/Downloads/test10/ai_plastic_waste_management_training/LDPE Plastic/bin_bags/Image_217.png,1,LDPE Plastic,1,LDPE Plastic,0.9986782670021057,0.000698721269145608,0.9986782670021057,0.00010434961586724967,0.00045837092329747975,6.023313108016737e-05
/Users/aswanathjs/Downloads/test10/ai_plastic_waste_management_training/PP Plastic/square_containers/Image_217.png,1,LDPE Plastic,3,PP Plastic,0.761512815952301,0.023660805076360703,0.18148528039455414,0.0016134673496708274,0.761512815952301,0.03172770142555237
/Users/aswanathjs/Downloads/test10/ai_plastic_waste_management_training/PS Plastic/foam_containers/Image_217.png,1,LDPE Plastic,1,LDPE Plastic,0.8259919881820679,0.05020822957158089,0.8259919881820679,0.0012331897160038352,0.052497733384370804,0.0700688585639
/Users/aswanathjs/Downloads/test10/ai_plastic_waste_management_training/PET Plastic/shampoo_bottles/0100_a05b00c1d3e0f0g0h2.jpg,2,PET Plastic,2,PET Plastic,0.9999774694442749,3.05838057101937e-08,1.5848236216697842e-06,0.9999774694442749,2.0970999685232528e-05,1.408371286260035e-08
/Users/aswanathjs/Downloads/test10/ai_plastic_waste_management_training/HDPE Plastic/shampoo_bottles/0061_a02b01c1d1e0f1g0h4(1).jpg,0,HDPE Plastic,0,HDPE Plastic,0.9994986057281494,0.9994986057281494,1.3135408153175376e-05,5.204929402680136e-05,4.4182801502756774e-05,0.0003920319431927055
/Users/aswanathjs/Downloads/test10/ai_plastic_waste_management_training/PET Plastic/black_white_plastic_bottles/bwdfj_jpg.rf.ad52ccaf38e06d6d80c40c7bdb1e49f7.jpg,2,PET Plastic,2,PET Plastic,0.9999995231628418,2.5400456138413574e-07,9.289749414165271e-08,0.9999995231628418,4.678375020716885e-08,9.754364072023236e-08
/Users/aswanathjs/Downloads/test10/ai_plastic_waste_management_training/HDPE Plastic/milk_bottles/HDPEM429.jpg,0,HDPE Plastic,0,HDPE Plastic,1.0,1.0,6.072740921236885e-11,6.233298321944858e-09,1.5078677195745627e-10,5.390956778206224e-11
/Users/aswanathjs/Downloads/test10/ai_plastic_waste_management_training/HDPE Plastic/detergent_bottles/0039_a02b01c1d3e0f1g0h1.jpg,0,HDPE Plastic,0,HDPE Plastic,0.9999990463256836,0.9999990463256836,1.0768731328880676e-07,2.7602055752140586e-08,7.36960600988823e-07,9.824173474726194e-08
/Users/aswanathjs/Downloads/test10/ai_plastic_waste_management_training/PET Plastic/plastic_bottles/PET493.jpg,2,PET Plastic,2,PET Plastic,0.999788224697113,5.3856390877626836e-05,2.247328154680872e-07,0.999788224697113,0.00015640872879885137,1.3193238146413933e-06
/Users/aswanathjs/Downloads/test10/ai_plastic_waste_management_training/PP Plastic/round_containers/0044_a06b01c2d0e0f0g0h1.jpg,3,PP Plastic,3,PP Plastic,0.9999995231628418,1.413408483585954e-07,2.9492707653844263e-07,2.027568335449814e-09,0.9999995231628418,5.6095643685694085e-08
/Users/aswanathjs/Downloads/test10/ai_plastic_waste_management_training/PP Plastic/round_containers_grey/0044_a06b01c2d0e0f0g0h1.jpg,3,PP Plastic,3,PP Plastic,0.999506950378418,0.00043222526437602937,5.655351196764968e-05,1.7631947457630304e-07,0.999506950378418,4.0408476706943475e-06
/Users/aswanathjs/Downloads/test10/ai_plastic_waste_management_training/LDPE Plastic/bubble_wrap/test_LDPE-96_jpg.rf.053c5b5b042253864496be02389f8056.jpg,1,LDPE Plastic,1,LDPE Plastic,0.9999897480010986,5.570492703554919e-06,0.9999897480010986,3.875994025293039e-06,5.578245918513858e-07,1.6353189380424737e-07
/Users/aswanathjs/Downloads/test10/ai_plastic_waste_management_training/LDPE Plastic/black_white__plastic_bags/0073_jpg.rf.4b9e397f6e67f9c8ed31d7a998c2af00.jpg,1,LDPE Plastic,1,LDPE Plastic,1.0,5.495860988524726e-10,1.0,9.287635660548688e-10,1.3520848329839907e-10,5.12219067161368e-09
/Users/aswanathjs/Downloads/test10/ai_plastic_waste_management_training/HDPE Plastic/shampoo_bottles/0075_a02b01c1d3e0f0g0h2.jpg,0,HDPE Plastic,0,HDPE Plastic,0.9999998807907104,0.9999998807907104,1.759241363696873e-10,1.74227551497097e-07,3.3771379026603654e-09,2.402018361991054e-09
/Users/aswanathjs/Downloads/test10/ai_plastic_waste_management_training/PET Plastic/black_white_plastic_bottles/bfdtg_jpg.rf.e6500619f3e90d29b6e7c0b948202de0.jpg,2,PET Plastic,2,PET Plastic,0.9996023774147034,4.066546534886584e-05,0.00022313999943435192,0.9996023774147034,0.0001138793450081721,1.993852129089646e-05
/Users/aswanathjs/Downloads/test10/ai_plastic_waste_management_training/LDPE Plastic/plastic_bags/LDPE-27_jpg.rf.28336321904e43e3ed3ff61b35db2fef.jpg,1,LDPE Plastic,1,LDPE Plastic,0.9999592304229736,1.8424545487505384e-05,0.9999592304229736,1.0916479595834971e-06,1.0720144018705469e-05,1.056840756064048e-05
/Users/aswanathjs/Downloads/test10/ai_plastic_waste_management_training/LDPE Plastic/plastic_bags/LDPE-27_jpg.rf.c46681a49fbcbe585b23a8483ecde7ca.jpg,1,LDPE Plastic,1,LDPE Plastic,0.9999831914901733,1.21478115033824e-06,0.9999831914901733,2.900230526847736e-07,1.219081605086103e-05,3.1331096579378936e-06
/Users/aswanathjs/Downloads/test10/ai_plastic_waste_management_training/PET Plastic/black_white_plastic_bottles/bgqru_jpg.rf.6bfe21929cafc4abea4121bbe372e944.jpg,2,PET Plastic,2,PET Plastic,0.9994742274284363,0.00031697977101430297,1.0969702088914346e-05,0.9994742274284363,0.0001773461845004931,2.0390813006088138e-05
/Users/aswanathjs/Downloads/test10/ai_plastic_waste_management_training/HDPE Plastic/shampoo_bottles/0021_a02b01c2d3e1f0g0h3.jpg,0,HDPE Plastic,0,HDPE Plastic,0.9999969005584717,0.9999969005584717,1.7483328562661882e-08,1.9970286757597933e-06,8.879729307409434e-07,1.5278601495083421e-07
/Users/aswanathjs/Downloads/test10/ai_plastic_waste_management_training/PET Plastic/black_white_plastic_bottles/czrms_jpg.rf.2894c21dc33491389d8ba9ab9d312a47.jpg,2,PET Plastic,2,PET Plastic,0.9999983310699463,1.7052722114385688e-06,2.0703947001265988e-08,0.9999983310699463,2.8660766204779975e-08,2.3204043131386243e-08
/Users/aswanathjs/Downloads/test10/ai_plastic_waste_management_training/HDPE Plastic/shampoo_bottles/0063_a02b01c2d3e0f1g1h0.jpg,0,HDPE Plastic,0,HDPE Plastic,0.9999865293502808,0.9999865293502808,1.3981077700009337e-06,7.652226486243308e-06,1.8345072021475062e-06,2.5948454549507005e-06
"/Users/aswanathjs/Downloads/test10/ai_plastic_waste_management_training/PET Plastic/plastic_bottles/PET1,312.jpg",2,PET Plastic,2,PET Plastic,0.9697065949440002,0.029529452323913574,0.0007555881165899336,0.9697065949440002,2.8730789836117765e-06,5.4671731959388126e-06
/Users/aswanathjs/Downloads/test10/ai_plastic_waste_management_training/LDPE Plastic/bin_bags/Image_115.png,1,LDPE Plastic,1,LDPE Plastic,0.9983124732971191,0.0008462565019726753,0.9983124732971191,0.0001225172745762393,0.0004737377166748047,0.00024502462474629283
/Users/aswanathjs/Downloads/test10/ai_plastic_waste_management_training/PS Plastic/form_containers_grey/Image_115.png,1,LDPE Plastic,1,LDPE Plastic,0.3980932831764221,0.0944487676024437,0.3980932831764221,0.013158104382455349,0.23649536073207855,0.2578044831752777
/Users/aswanathjs/Downloads/test10/ai_plastic_waste_management_training/PS Plastic/foam_containers/Image_115.png,1,LDPE Plastic,1,LDPE Plastic,0.3980932831764221,0.0944487676024437,0.3980932831764221,0.013158104382455349,0.23649536073207855,0.2578044831752777
/Users/aswanathjs/Downloads/test10/ai_plastic_waste_management_training/PET Plastic/plastic_bottles/PET423.jpg,2,PET Plastic,2,PET Plastic,0.9999946355819702,4.8801061893755104e-06,4.808994091831664e-08,0.9999946355819702,9.347272111881466e-08,3.6658505564446386e-07
"/Users/aswanathjs/Downloads/test10/ai_plastic_waste_management_training/PET Plastic/plastic_bottles/PET1,340.jpg",2,PET Plastic,2,PET Plastic,0.9999964237213135,2.8638255571422633e-06,3.088970856879314e-08,0.9999964237213135,6.980192779337813e-07,2.5306695405902246e-08
/Users/aswanathjs/Downloads/test10/ai_plastic_waste_management_training/PP Plastic/rectangle_containers/0011_a05b00c1d0e0f0g0h4.jpg,3,PP Plastic,3,PP Plastic,0.9999966621398926,8.544918728148332e-07,7.356078413067735e-07,1.6226621255555074e-06,0.9999966621398926,1.8525065570429433e-07
/Users/aswanathjs/Downloads/test10/ai_plastic_waste_management_training/PP Plastic/square_containers/0011_a05b00c1d0e0f0g0h4.jpg,3,PP Plastic,3,PP Plastic,0.9999966621398926,8.544918728148332e-07,7.356078413067735e-07,1.6226621255555074e-06,0.9999966621398926,1.8525065570429433e-07
/Users/aswanathjs/Downloads/test10/ai_plastic_waste_management_training/HDPE Plastic/shampoo_bottles/0023_a02b01c1d0e0f1g0h2.jpg,0,HDPE Plastic,0,HDPE Plastic,0.9999988079071045,0.9999988079071045,1.4709661266820717e-09,1.245491830559331e-06,8.36062052922415e-10,4.202055947644112e-08
/Users/aswanathjs/Downloads/test10/ai_plastic_waste_management_training/PET Plastic/black_white_plastic_bottles/cvwxm_jpg.rf.2364ac7238b0527fda488d562d238e85.jpg,2,PET Plastic,2,PET Plastic,0.9999991655349731,5.550666628550971e-07,2.468902096097736e-07,0.9999991655349731,2.8731562906614272e-08,9.768008624178037e-08
/Users/aswanathjs/Downloads/test10/ai_plastic_waste_management_training/HDPE Plastic/milk_bottles/HDPEM73.jpg,0,HDPE Plastic,0,HDPE Plastic,1.0,1.0,1.1479870873354336e-11,3.126523762109201e-10,2.181961694658341e-10,1.6130134727898593e-10
"/Users/aswanathjs/Downloads/test10/ai_plastic_waste_management_training/PET Plastic/plastic_bottles/PET1,582.jpg",2,PET Plastic,2,PET Plastic,0.9926987290382385,0.007208002731204033,2.203854819526896e-05,0.9926987290382385,2.9298002118594013e-05,4.190346226096153e-05
/Users/aswanathjs/Downloads/test10/ai_plastic_waste_management_training/PET Plastic/plastic_bottles/PET933.jpg,2,PET Plastic,2,PET Plastic,0.9999680519104004,3.0934985261410475e-05,2.522786815006839e-07,0.9999680519104004,3.108228554538073e-07,3.8609772445852286e-07
/Users/aswanathjs/Downloads/test10/ai_plastic_waste_management_training/PP Plastic/round_containers/0031_a05b01c1d1e0f0g0h0.jpg,3,PP Plastic,3,PP Plastic,0.9987762570381165,0.0012151777045801282,8.15467592474306e-06,5.172637429495808e-08,0.9987762570381165,3.7768919014524727e-07
/Users/aswanathjs/Downloads/test10/ai_plastic_waste_management_training/LDPE Plastic/plastic_bags/LDPE-63_jpg.rf.22b1f38ddde0601dd3318eb38f7cc4ec.jpg,1,LDPE Plastic,1,LDPE Plastic,0.9977715015411377,0.0003109947429038584,0.9977715015411377,9.374231012770906e-05,0.00026641791919246316,0.0015573735581710935
/Users/aswanathjs/Downloads/test10/ai_plastic_waste_management_training/LDPE Plastic/plastic_bags/LDPE-63_jpg.rf.9683ca46b06cc8e6d5ed9f9e8cfb50a9.jpg,1,LDPE Plastic,1,LDPE Plastic,0.9999970197677612,8.523361998413748e-07,0.9999970197677612,4.2139012634834216e-07,4.234979655848292e-07,1.2431862614903366e-06
/Users/aswanathjs/Downloads/test10/ai_plastic_waste_management_training/HDPE Plastic/milk_bottles/HDPEM18.jpg,0,HDPE Plastic,0,HDPE Plastic,0.9999996423721313,0.9999996423721313,2.5194739627920626e-09,3.121697602637141e-07,3.1849300974329253e-10,5.2165770370038445e-08
/Users/aswanathjs/Downloads/test10/ai_plastic_waste_management_training/HDPE Plastic/milk_bottles_grey/HDPEM18.jpg,0,HDPE Plastic,0,HDPE Plastic,0.9999985694885254,0.9999985694885254,3.550322702494668e-08,1.1784893558797194e-06,2.1750081735660842e-09,2.7738695962398197e-07
/Users/aswanathjs/Downloads/test10/ai_plastic_waste_management_training/HDPE Plastic/shampoo_bottles/0076_a02b06c2d1e0f1g0h1.jpg,0,HDPE Plastic,0,HDPE Plastic,0.9999985694885254,0.9999985694885254,1.1382825348960068e-08,1.4365574543262483e-06,2.5009421200650195e-09,1.7253654505111626e-08
/Users/aswanathjs/Downloads/test10/ai_plastic_waste_management_training/HDPE Plastic/milk_bottles/HDPEM122.jpg,0,HDPE Plastic,0,HDPE Plastic,0.9999998807907104,0.9999998807907104,2.2343158434523502e-09,1.627162049544495e-07,4.8038305777708956e-08,9.6672376770357e-09
/Users/aswanathjs/Downloads/test10/ai_plastic_waste_management_training/HDPE Plastic/detergent_bottles/0096_a02b04c2d1e0f0g0h2.jpg,0,HDPE Plastic,0,HDPE Plastic,0.9999997615814209,0.9999997615814209,1.9037086573803208e-08,1.4282079519034596e-07,4.2908922637252545e-08,2.6742798198142737e-08
/Users/aswanathjs/Downloads/test10/ai_plastic_waste_management_training/PET Plastic/plastic_bottles/PET788.jpg,2,PET Plastic,2,PET Plastic,0.9999986886978149,4.0504241383132467e-07,6.942413506294542e-07,0.9999986886978149,9.383357735259779e-08,8.797732675702719e-08
/Users/aswanathjs/Downloads/test10/ai_plastic_waste_management_training/HDPE Plastic/shampoo_bottles/matrix.jpg,0,HDPE Plastic,0,HDPE Plastic,1.0,1.0,3.2281027850800115e-10,4.0037767545797465e-10,1.238519153901052e-08,2.9188089722964605e-09
/Users/aswanathjs/Downloads/test10/ai_plastic_waste_management_training/PS Plastic/foam_containers/Image_90.png,4,PS Plastic,4,PS Plastic,0.6339964270591736,0.04434561729431152,0.12852080166339874,0.01801408641040325,0.17512305080890656,0.6339964270591736
/Users/aswanathjs/Downloads/test10/ai_plastic_waste_management_training/HDPE Plastic/shampoo_bottiles_grey/0075_a02b01c1d2e0f0g0h3.jpg,0,HDPE Plastic,0,HDPE Plastic,0.9999997615814209,0.9999997615814209,1.4278911386611526e-08,4.3614614697595755e-10,2.244845234145032e-07,1.9953692032004255e-09
/Users/aswanathjs/Downloads/test10/ai_plastic_waste_management_training/HDPE Plastic/shampoo_bottles/0075_a02b01c1d2e0f0g0h3.jpg,0,HDPE Plastic,0,HDPE Plastic,1.0,1.0,1.2131667892489872e-10,1.1229719931726834e-10,2.6420139409566445e-09,2.521088615647926e-10
/Users/aswanathjs/Downloads/test10/ai_plastic_waste_management_training/PET Plastic/black_white_plastic_bottles/akcfy_jpg.rf.4e476acc2e904ad6d0fc0e5fe417eb76.jpg,2,PET Plastic,2,PET Plastic,0.9966033697128296,3.112199919996783e-05,0.0006405764725059271,0.9966033697128296,0.0026890330482274294,3.5925681004300714e-05
/Users/aswanathjs/Downloads/test10/ai_plastic_waste_management_training/PP Plastic/round_containers/IMG_20220209_174659.jpg,3,PP Plastic,3,PP Plastic,0.9993191957473755,0.00019451147818472236,0.00012971562682650983,0.00025801535230129957,0.9993191957473755,9.853320807451382e-05
/Users/aswanathjs/Downloads/test10/ai_plastic_waste_management_training/PET Plastic/plastic_bottles/PET974.jpg,2,PET Plastic,2,PET Plastic,0.999993085861206,3.3008091122610494e-06,6.496108539977286e-07,0.999993085861206,9.801781288842903e-07,1.9343999611010076e-06
/Users/aswanathjs/Downloads/test10/ai_plastic_waste_management_training/HDPE Plastic/milk_bottles/HDPEM231.jpg,0,HDPE Plastic,0,HDPE Plastic,0.9999864101409912,0.9999864101409912,9.80297301111932e-08,7.626863862242317e-06,4.200068815407576e-06,1.6128442439367063e-06
/Users/aswanathjs/Downloads/test10/ai_plastic_waste_management_training/HDPE Plastic/shampoo_bottles/0063_a02b01c2d1e0f1g1h0.jpg,0,HDPE Plastic,0,HDPE Plastic,0.9999837875366211,0.9999837875366211,1.6431876019851188e-06,2.8205602120578988e-06,7.40100085749873e-06,4.257566160958959e-06
/Users/aswanathjs/Downloads/test10/ai_plastic_waste_management_training/PET Plastic/plastic_bottles/PET807.jpg,2,PET Plastic,2,PET Plastic,0.9999929666519165,5.823517881253792e-07,5.8959494708688e-06,0.9999929666519165,1.8960543002322083e-07,4.2087194174200704e-07
/Users/aswanathjs/Downloads/test10/ai_plastic_waste_management_training/PP Plastic/square_containers/Image_172.png,3,PP Plastic,3,PP Plastic,0.9932072758674622,0.0002609356015454978,0.0063946424052119255,5.202841748541687e-06,0.9932072758674622,0.00013190772733651102
/Users/aswanathjs/Downloads/test10/ai_plastic_waste_management_training/PS Plastic/foam_containers/Image_172.png,3,PP Plastic,4,PS Plastic,0.706603467464447,0.032161977142095566,0.10206085443496704,0.009176834486424923,0.14999684691429138,0.706603467464447
/Users/aswanathjs/Downloads/test10/ai_plastic_waste_management_training/PS Plastic/foam_containers/0058_a06b01c2d0e0f0g0h0.jpg,4,PS Plastic,4,PS Plastic,0.9999982118606567,1.0759099495771807e-06,2.1525482907236437e-07,2.10518876997412e-07,3.020392966845975e-07,0.9999982118606567
/Users/aswanathjs/Downloads/test10/ai_plastic_waste_management_training/LDPE Plastic/black_white__plastic_bags/0276_jpg.rf.8a6da9d93df2243169d608f84712eab1.jpg,1,LDPE Plastic,1,LDPE Plastic,0.999998927116394,3.27180984527331e-08,0.999998927116394,2.6885147441646495e-09,3.947214499699925e-10,1.0735267323980224e-06
/Users/aswanathjs/Downloads/test10/ai_plastic_waste_management_training/HDPE Plastic/shampoo_bottles/0099_a02b01c2d0e0f1g0h4.jpg,0,HDPE Plastic,0,HDPE Plastic,0.9998575448989868,0.9998575448989868,5.199352472118335e-06,8.377928315894678e-05,3.089725214522332e-05,2.2511716451845132e-05
/Users/aswanathjs/Downloads/test10/ai_plastic_waste_management_training/PET Plastic/black_white_plastic_bottles/aeixj_jpg.rf.a75d4de444d4c17d2f83a461914dc7be.jpg,2,PET Plastic,2,PET Plastic,0.9999682903289795,7.392012776108459e-06,1.7303776985500008e-05,0.9999682903289795,3.945818207284901e-06,3.058192305616103e-06
/Users/aswanathjs/Downloads/test10/ai_plastic_waste_management_training/PET Plastic/shampoo_bottles/0015_a05b00c1d0e1f1g0h2.jpg,2,PET Plastic,2,PET Plastic,0.9999879598617554,1.0633251804392785e-05,6.14078103922111e-08,0.9999879598617554,1.411484760183157e-07,1.2146293784098816e-06
/Users/aswanathjs/Downloads/test10/ai_plastic_waste_management_training/PS Plastic/foam_sheets/PS-615_jpg.rf.e3578d58b90a1f458acd1e766e76ce50.jpg,4,PS Plastic,4,PS Plastic,0.9999939203262329,4.5697179302806035e-06,1.0054625363409286e-06,1.903600690411622e-07,2.814863648836763e-07,0.9999939203262329
/Users/aswanathjs/Downloads/test10/ai_plastic_waste_management_training/PP Plastic/round_containers/IMG_20220209_174755.jpg,3,PP Plastic,3,PP Plastic,0.999995231628418,1.1899913943125284e-06,2.8488725547504146e-06,2.6189599111603457e-07,0.999995231628418,4.769947281602072e-07
/Users/aswanathjs/Downloads/test10/ai_plastic_waste_management_training/LDPE Plastic/bin_bags/Image_32.png,1,LDPE Plastic,1,LDPE Plastic,0.9931026697158813,0.0005903100245632231,0.9931026697158813,0.00015858944971114397,0.005612477194517851,0.0005360061768442392
/Users/aswanathjs/Downloads/test10/ai_plastic_waste_management_training/LDPE Plastic/bin_bags_grey/Image_32.png,1,LDPE Plastic,1,LDPE Plastic,0.9928615689277649,0.0011799255153164268,0.9928615689277649,0.0005734298028983176,0.004402654245495796,0.0009824370499700308
/Users/aswanathjs/Downloads/test10/ai_plastic_waste_management_training/PP Plastic/square_containers/Image_32.png,1,LDPE Plastic,1,LDPE Plastic,0.46388372778892517,0.09105151146650314,0.46388372778892517,0.005352437030524015,0.36644846200942993,0.07326392084360123
/Users/aswanathjs/Downloads/test10/ai_plastic_waste_management_training/PS Plastic/foam_containers/Image_32.png,1,LDPE Plastic,3,PP Plastic,0.39301782846450806,0.04279640316963196,0.1956304907798767,0.01188304740935564,0.39301782846450806,0.3566722273826599
/Users/aswanathjs/Downloads/test10/ai_plastic_waste_management_training/PET Plastic/shampoo_bottles/0015_a05b00c2d2e1f1g0h1.jpg,2,PET Plastic,2,PET Plastic,0.9999996423721313,3.86923829864827e-07,7.313583960666392e-09,0.9999996423721313,4.233038097822828e-08,2.7582334638509565e-08
/Users/aswanathjs/Downloads/test10/ai_plastic_waste_management_training/HDPE Plastic/shampoo_bottles/0099_a02b01c2d3e0f1g0h2.jpg,0,HDPE Plastic,0,HDPE Plastic,1.0,1.0,1.0426411253469658e-12,3.770152592896814e-12,2.6560867220914997e-12,7.410520114214947e-12
/Users/aswanathjs/Downloads/test10/ai_plastic_waste_management_training/HDPE Plastic/shampoo_bottles/0061_a02b01c1d3e0f1g0h4.jpg,0,HDPE Plastic,0,HDPE Plastic,0.9999752044677734,0.9999752044677734,4.412308669543563e-07,3.880939516420767e-07,2.1490959625225514e-05,2.5329798063467024e-06
/Users/aswanathjs/Downloads/test10/ai_plastic_waste_management_training/PP Plastic/irregular_containers/train_PP-72_jpg.rf.3714458bfe6778d89359dbecfe8a3bf1.jpg,3,PP Plastic,3,PP Plastic,0.997572124004364,3.5396788007346913e-06,0.002382870065048337,1.62898995768046e-05,0.997572124004364,2.5144034225377254e-05
/Users/aswanathjs/Downloads/test10/ai_plastic_waste_management_training/HDPE Plastic/milk_bottles/HDPEM239.jpg,0,HDPE Plastic,0,HDPE Plastic,0.999996542930603,0.999996542930603,2.6696387322999726e-08,2.036382511505508e-06,1.0641139169820235e-06,3.541200612744433e-07
/Users/aswanathjs/Downloads/test10/ai_plastic_waste_management_training/PP Plastic/round_containers/0022_a05b00c1d3e0f0g0h2.jpg,3,PP Plastic,3,PP Plastic,0.9999825954437256,6.521885552501772e-06,1.9739582057809457e-06,8.540566341252998e-06,0.9999825954437256,3.044667948870483e-07
/Users/aswanathjs/Downloads/test10/ai_plastic_waste_management_training/PP Plastic/round_containers/0035_a06b01c2d1e0f0g0h2.jpg,3,PP Plastic,3,PP Plastic,0.9999873638153076,1.400085011482588e-06,6.214534664650273e-07,1.054906806530198e-05,0.9999873638153076,4.685631438405835e-08
/Users/aswanathjs/Downloads/test10/ai_plastic_waste_management_training/PS Plastic/foam_sheets/PS-528_jpg.rf.de642fd2470d8fe2a8c118e38d59977d.jpg,4,PS Plastic,4,PS Plastic,0.9999996423721313,2.581955982350337e-07,6.644887662332621e-08,1.709062935617567e-08,5.889174481410464e-09,0.9999996423721313
/Users/aswanathjs/Downloads/test10/ai_plastic_waste_management_training/HDPE Plastic/shampoo_bottles/0099_a02b01c2d0e0f1g0h3.jpg,0,HDPE Plastic,0,HDPE Plastic,0.9999699592590332,0.9999699592590332,2.846938684797351e-07,2.782939736789558e-05,1.398798190166417e-06,5.49787955606007e-07
"/Users/aswanathjs/Downloads/test10/ai_plastic_waste_management_training/PET Plastic/plastic_bottles/PET1,269.jpg",2,PET Plastic,2,PET Plastic,0.9994632601737976,0.0004687475156970322,2.8459604436648078e-05,0.9994632601737976,1.5237978004734032e-05,2.426056016702205e-05
/Users/aswanathjs/Downloads/test10/ai_plastic_waste_management_training/PS Plastic/foam_sheets/PS-686_jpg.rf.1db7784a61fe79c9d534317a5f958f40.jpg,4,PS Plastic,4,PS Plastic,0.9999358654022217,3.84074701287318e-05,2.262624548166059e-05,1.1381341664673528e-06,1.8815478597389301e-06,0.9999358654022217
/Users/aswanathjs/Downloads/test10/ai_plastic_waste_management_training/PP Plastic/irregular_containers/train_PP-50_jpg.rf.028ddc0872ec659b861d9e98d343d312.jpg,3,PP Plastic,3,PP Plastic,0.9999995231628418,1.6980484929263184e-07,2.9530644951591967e-07,1.074632471897985e-08,0.9999995231628418,8.587806910043128e-09
/Users/aswanathjs/Downloads/test10/ai_plastic_waste_management_training/PP Plastic/irregular_containers_grey/train_PP-50_jpg.rf.028ddc0872ec659b861d9e98d343d312.jpg,3,PP Plastic,3,PP Plastic,0.9999998807907104,1.4588540864224342e-07,4.5463973918913325e-08,2.7503215260793468e-09,0.9999998807907104,1.0154678209417511e-09
/Users/aswanathjs/Downloads/test10/ai_plastic_waste_management_training/HDPE Plastic/milk_bottles/HDPEM125.jpg,0,HDPE Plastic,0,HDPE Plastic,0.9999997615814209,0.9999997615814209,2.1290365026516156e-09,7.884289487947171e-08,9.470662831745358e-08,8.637387693966048e-09
/Users/aswanathjs/Downloads/test10/ai_plastic_waste_management_training/LDPE Plastic/plastic_bags/plasticbag (94).jpg,1,LDPE Plastic,1,LDPE Plastic,0.9999985694885254,1.1577388647765474e-07,0.9999985694885254,5.436092465060938e-07,3.4778452118189307e-07,3.7313043321773876e-07
/Users/aswanathjs/Downloads/test10/ai_plastic_waste_management_training/HDPE Plastic/detergent_bottles/0098_a02b03c2d2e0f0g0h1.jpg,0,HDPE Plastic,0,HDPE Plastic,1.0,1.0,7.818359154532217e-11,1.1638832259075471e-11,2.4928625830256124e-10,1.72818460930646e-11
/Users/aswanathjs/Downloads/test10/ai_plastic_waste_management_training/PS Plastic/foam_containers/Image_54.png,4,PS Plastic,4,PS Plastic,0.4496839642524719,0.036020729690790176,0.06753695011138916,0.004302128218114376,0.4424562454223633,0.4496839642524719
/Users/aswanathjs/Downloads/test10/ai_plastic_waste_management_training/LDPE Plastic/plastic_bags/plasticbag (145).jpg,1,LDPE Plastic,1,LDPE Plastic,0.9997156262397766,0.00011984349839622155,0.9997156262397766,2.4131863028742373e-05,0.00013627296721097082,4.117819116800092e-06
/Users/aswanathjs/Downloads/test10/ai_plastic_waste_management_training/PET Plastic/shampoo_bottles/0050_a05b00c2d1e1f1g0h3.jpg,2,PET Plastic,2,PET Plastic,1.0,1.6727497609281272e-08,3.8908525290537455e-09,1.0,2.738763438259184e-09,3.32320032603306e-10
/Users/aswanathjs/Downloads/test10/ai_plastic_waste_management_training/PET Plastic/black_white_plastic_bottles/aqdvr_jpg.rf.e8a919143120add03a21c069ae96572f.jpg,2,PET Plastic,2,PET Plastic,0.9997687935829163,3.99570599256549e-05,3.1575946195516735e-05,0.9997687935829163,0.0001566438004374504,3.0551689178537345e-06
/Users/aswanathjs/Downloads/test10/ai_plastic_waste_management_training/PET Plastic/plastic_bottles/volvic.jpg,2,PET Plastic,2,PET Plastic,1.0,1.0530881944248449e-08,2.3772708246383445e-08,1.0,6.287649290115382e-10,5.531564650773646e-10
/Users/aswanathjs/Downloads/test10/ai_plastic_waste_management_training/LDPE Plastic/plastic_bags/plasticbag (153) 17.43.56.jpg,1,LDPE Plastic,1,LDPE Plastic,0.9999996423721313,1.4465395992147023e-08,0.9999996423721313,3.3759104667296924e-07,3.3326095660868305e-08,2.1850368625564442e-08
/Users/aswanathjs/Downloads/test10/ai_plastic_waste_management_training/LDPE Plastic/plastic_bags/LDPE-290_jpg.rf.92561c2c70a3b8bdb34fb86565d12131.jpg,1,LDPE Plastic,1,LDPE Plastic,0.9999849796295166,2.6852426344703417e-06,0.9999849796295166,6.285014023887925e-06,5.13955092174001e-06,9.05627814518084e-07
/Users/aswanathjs/Downloads/test10/ai_plastic_waste_management_training/HDPE Plastic/milk_bottles/HDPEM109.jpg,0,HDPE Plastic,0,HDPE Plastic,1.0,1.0,6.366099869481445e-10,5.263543201294851e-08,8.02638489005858e-09,4.927089847228672e-09
/Users/aswanathjs/Downloads/test10/ai_plastic_waste_management_training/PP Plastic/rectangle_containers/0011_a05b00c1d1e0f0g0h1.jpg,3,PP Plastic,3,PP Plastic,0.9992513060569763,0.00024202262284234166,2.706045961531345e-06,0.0004944432293996215,0.9992513060569763,9.515103556623217e-06
/Users/aswanathjs/Downloads/test10/ai_plastic_waste_management_training/PP Plastic/square_containers/0011_a05b00c1d1e0f0g0h1.jpg,3,PP Plastic,3,PP Plastic,0.9992513060569763,0.00024202262284234166,2.706045961531345e-06,0.0004944432293996215,0.9992513060569763,9.515103556623217e-06
"/Users/aswanathjs/Downloads/test10/ai_plastic_waste_management_training/PET Plastic/plastic_bottles/PET1,313.jpg",2,PET Plastic,2,PET Plastic,0.9968804121017456,0.0020186584442853928,4.103183891857043e-05,0.9968804121017456,9.147747186943889e-05,0.0009683892712928355
/Users/aswanathjs/Downloads/test10/ai_plastic_waste_management_training/PET Plastic/plastic_bottles/PET740.jpg,2,PET Plastic,2,PET Plastic,1.0,2.1252606785537864e-08,1.777140434811031e-09,1.0,7.452061190349468e-09,2.0503705400187755e-09
/Users/aswanathjs/Downloads/test10/ai_plastic_waste_management_training/PET Plastic/plastic_bottles/PET496.jpg,2,PET Plastic,2,PET Plastic,0.9999982118606567,8.683386454322317e-07,1.0751421086752089e-07,0.9999982118606567,4.0338079543289496e-07,4.1505700210109353e-07
/Users/aswanathjs/Downloads/test10/ai_plastic_waste_management_training/HDPE Plastic/milk_bottles/P_W (429).jpg,0,HDPE Plastic,0,HDPE Plastic,0.9999854564666748,0.9999854564666748,1.7487000292248922e-08,1.0159651786523227e-08,2.4518463703770976e-08,1.4577705769625027e-05
"/Users/aswanathjs/Downloads/test10/ai_plastic_waste_management_training/PET Plastic/plastic_bottles/PET1,195.jpg",2,PET Plastic,2,PET Plastic,0.9237872362136841,0.04983258247375488,0.006242262665182352,0.9237872362136841,0.015480417758226395,0.004657531622797251
/Users/aswanathjs/Downloads/test10/ai_plastic_waste_management_training/PP Plastic/round_containers/IMG_20220209_173637.jpg,3,PP Plastic,3,PP Plastic,0.999976634979248,2.2816807359049562e-06,1.7553538782522082e-05,2.4641128675284563e-06,0.999976634979248,1.122999492508825e-06
/Users/aswanathjs/Downloads/test10/ai_plastic_waste_management_training/HDPE Plastic/detergent_bottles/0010_a02b01c1d1e0f1g0h3.jpg,0,HDPE Plastic,0,HDPE Plastic,0.999998927116394,0.999998927116394,2.983507556564291e-07,1.6789273615813727e-07,4.2414143308633356e-07,1.8124990219803294e-07
/Users/aswanathjs/Downloads/test10/ai_plastic_waste_management_training/PP Plastic/irregular_containers/train_PP-85_jpg.rf.549c4f084df1c4e31b1193a389d6df2c.jpg,3,PP Plastic,3,PP Plastic,0.999998927116394,6.334749613756685e-09,9.341088116343599e-07,9.925520316755865e-08,0.999998927116394,2.6940945030418106e-09
/Users/aswanathjs/Downloads/test10/ai_plastic_waste_management_training/PP Plastic/round_containers/0032_a05b01c2d0e0f0g0h0.jpg,3,PP Plastic,3,PP Plastic,0.9999998807907104,4.341464432400244e-08,1.1140492084393827e-08,8.564228437535348e-08,0.9999998807907104,9.36471611368006e-09
/Users/aswanathjs/Downloads/test10/ai_plastic_waste_management_training/PET Plastic/shampoo_bottles/0015_a05b00c1d3e1f1g0h3.jpg,2,PET Plastic,2,PET Plastic,0.9999996423721313,2.2814337796717155e-07,7.3882864271013204e-09,0.9999996423721313,1.3469154680478823e-07,3.041699514483298e-08
/Users/aswanathjs/Downloads/test10/ai_plastic_waste_management_training/PET Plastic/shampoo_bottles/shampoo1.jpg,2,PET Plastic,2,PET Plastic,0.999970555305481,6.94823575031478e-06,3.095210558967665e-06,0.999970555305481,1.2709995644399896e-05,6.613634468521923e-06
/Users/aswanathjs/Downloads/test10/ai_plastic_waste_management_training/HDPE Plastic/shampoo_bottles/0077_a02b01c2d3e0f1g0h0.jpg,0,HDPE Plastic,0,HDPE Plastic,0.9999911785125732,0.9999911785125732,8.820819630273036e-08,9.095300583794597e-07,6.242401923373109e-06,1.5738472711745999e-06
/Users/aswanathjs/Downloads/test10/ai_plastic_waste_management_training/PP Plastic/round_containers/0044_a06b01c1d0e0f0g0h3.jpg,3,PP Plastic,3,PP Plastic,0.9999322891235352,3.530163667164743e-05,2.2452892153523862e-05,1.4667353980257758e-06,0.9999322891235352,8.514154615113512e-06
/Users/aswanathjs/Downloads/test10/ai_plastic_waste_management_training/PET Plastic/black_white_plastic_bottles/dawik_jpg.rf.2cc5acf6a45d61b299f168ba8ba13df7.jpg,2,PET Plastic,2,PET Plastic,0.9998273849487305,6.504742486868054e-06,4.273555532563478e-05,0.9998273849487305,0.00011164530587848276,1.1704774806275964e-05
/Users/aswanathjs/Downloads/test10/ai_plastic_waste_management_training/PET Plastic/black_white_plastic_bottles/cpwid_jpg.rf.fce65cce0991765771284ae03988e09c.jpg,2,PET Plastic,2,PET Plastic,0.9994994401931763,7.111838203854859e-05,0.00033032914507202804,0.9994994401931763,7.963156531332061e-05,1.9464427168713883e-05
/Users/aswanathjs/Downloads/test10/ai_plastic_waste_management_training/LDPE Plastic/black_white__plastic_bags/0237_jpg.rf.a092401360f6a52b87f56aba9c7b36f6.jpg,1,LDPE Plastic,1,LDPE Plastic,0.999991774559021,4.2946922462760995e-07,0.999991774559021,2.98416313881944e-09,3.96982571260196e-08,7.786252353980672e-06
/Users/aswanathjs/Downloads/test10/ai_plastic_waste_management_training/PS Plastic/foam_containers/Image_140.png,4,PS Plastic,4,PS Plastic,0.5850843191146851,0.03653097525238991,0.14978571236133575,0.009662538766860962,0.2189365178346634,0.5850843191146851
/Users/aswanathjs/Downloads/test10/ai_plastic_waste_management_training/HDPE Plastic/milk_bottles/HDPEM575.JPG,0,HDPE Plastic,0,HDPE Plastic,1.0,1.0,1.749989042565403e-09,1.391397397298988e-08,1.2188944964464099e-08,4.177055146215025e-09
/Users/aswanathjs/Downloads/test10/ai_plastic_waste_management_training/HDPE Plastic/milk_bottles/HDPEM468.jpg,0,HDPE Plastic,0,HDPE Plastic,0.9995201826095581,0.9995201826095581,2.5992216379222555e-08,0.0004790668317582458,2.86043814412551e-07,3.044365826099238e-07
/Users/aswanathjs/Downloads/test10/ai_plastic_waste_management_training/HDPE Plastic/shampoo_bottles/0099_a02b01c1d0e0f1g0h0.jpg,0,HDPE Plastic,0,HDPE Plastic,1.0,1.0,3.0184730583082686e-12,8.689029530606351e-12,2.1186026023800597e-12,4.245896169374763e-12
/Users/aswanathjs/Downloads/test10/ai_plastic_waste_management_training/LDPE Plastic/plastic_bags_grey/LDPE-339_jpg.rf.f99e0d539ba0adc5179e3926cfb8d92f.jpg,1,LDPE Plastic,1,LDPE Plastic,0.9999865293502808,1.5116141867110855e-06,0.9999865293502808,1.1504789654281922e-06,2.8757106065313565e-06,7.977579116413835e-06
/Users/aswanathjs/Downloads/test10/ai_plastic_waste_management_training/LDPE Plastic/plastic_bags/LDPE-339_jpg.rf.f99e0d539ba0adc5179e3926cfb8d92f.jpg,1,LDPE Plastic,1,LDPE Plastic,0.9999845027923584,1.450851755180338e-06,0.9999845027923584,1.857845859376539e-06,4.018086201540427e-06,8.115619493764825e-06
/Users/aswanathjs/Downloads/test10/ai_plastic_waste_management_training/PP Plastic/irregular_containers/valid_PP-74-_jpg.rf.e6439fa2a00fd3130fb8cdb5e9c21888.jpg,3,PP Plastic,3,PP Plastic,0.9263639450073242,0.0029837910551577806,0.06275773793458939,0.007086541038006544,0.9263639450073242,0.0008080266416072845
/Users/aswanathjs/Downloads/test10/ai_plastic_waste_management_training/PP Plastic/irregular_containers_grey/valid_PP-74-_jpg.rf.e6439fa2a00fd3130fb8cdb5e9c21888.jpg,3,PP Plastic,3,PP Plastic,0.9849684834480286,6.357547681545839e-05,0.014055535197257996,0.0008620106964372098,0.9849684834480286,5.03490591654554e-05
/Users/aswanathjs/Downloads/test10/ai_plastic_waste_management_training/LDPE Plastic/plastic_bags/LDPE-254_jpg.rf.55feea2a4763ad63f3cebf5306a3d8be.jpg,1,LDPE Plastic,1,LDPE Plastic,0.9999396800994873,2.0223171759425895e-06,0.9999396800994873,1.92691913980525e-06,3.412133810343221e-05,2.2283851649262942e-05
/Users/aswanathjs/Downloads/test10/ai_plastic_waste_management_training/PP Plastic/irregular_containers/0036_a05b00c1d0e0f0g0h1.jpg,3,PP Plastic,3,PP Plastic,0.9999909400939941,8.770096428634133e-06,1.6153551030129165e-07,2.0542763934372488e-07,0.9999909400939941,1.6798068713796965e-08
/Users/aswanathjs/Downloads/test10/ai_plastic_waste_management_training/PP Plastic/irregular_containers_grey/0036_a05b00c1d0e0f0g0h1.jpg,3,PP Plastic,3,PP Plastic,0.9999998807907104,1.6590382756476174e-07,1.6601468644239503e-08,8.42696953884392e-11,0.9999998807907104,6.945891084519928e-11
/Users/aswanathjs/Downloads/test10/ai_plastic_waste_management_training/HDPE Plastic/shampoo_bottiles_grey/0078_a02b07c1d1e0f1g0h1.jpg,0,HDPE Plastic,0,HDPE Plastic,1.0,1.0,5.645002243426234e-10,1.770637525488894e-09,1.9683847440887803e-08,6.632220883595608e-10
/Users/aswanathjs/Downloads/test10/ai_plastic_waste_management_training/HDPE Plastic/shampoo_bottles/0078_a02b07c1d1e0f1g0h1.jpg,0,HDPE Plastic,0,HDPE Plastic,1.0,1.0,3.8310018352083475e-11,8.163187903420521e-10,1.7197675228342035e-10,3.448034566200242e-11
/Users/aswanathjs/Downloads/test10/ai_plastic_waste_management_training/PET Plastic/shampoo_bottles/0100_a05b00c2d2e0f0g0h0.jpg,2,PET Plastic,2,PET Plastic,1.0,1.912977068418975e-11,5.890409271458452e-10,1.0,2.5250490587325203e-10,4.4664053705512075e-11
/Users/aswanathjs/Downloads/test10/ai_plastic_waste_management_training/HDPE Plastic/milk_bottles/HDPEM84.jpg,0,HDPE Plastic,0,HDPE Plastic,1.0,1.0,5.703477690133241e-10,7.0095689252980264e-09,1.8850471406040015e-08,2.5759527844115837e-09
/Users/aswanathjs/Downloads/test10/ai_plastic_waste_management_training/LDPE Plastic/plastic_bags/plasticbag (74).jpg,1,LDPE Plastic,1,LDPE Plastic,0.9999995231628418,1.553311790303269e-07,0.9999995231628418,4.100758843605945e-08,1.715110364841621e-08,2.881230898310605e-07
/Users/aswanathjs/Downloads/test10/ai_plastic_waste_management_training/PS Plastic/foam_sheets/PS-590_jpg.rf.0be509342bfaefc8306934ac93590956.jpg,4,PS Plastic,4,PS Plastic,0.9999980926513672,1.9350443380972138e-06,3.5298079126278026e-08,3.118022462444969e-08,6.578277478297423e-09,0.9999980926513672
/Users/aswanathjs/Downloads/test10/ai_plastic_waste_management_training/HDPE Plastic/detergent_bottles/0098_a02b03c2d2e0f0g0h3.jpg,0,HDPE Plastic,0,HDPE Plastic,1.0,1.0,7.391093514996783e-09,3.4177944918667436e-09,3.016528182797629e-08,2.6669848551819086e-09
/Users/aswanathjs/Downloads/test10/ai_plastic_waste_management_training/PET Plastic/shampoo_bottles/0080_a05b00c2d3e0f1g0h1.jpg,2,PET Plastic,2,PET Plastic,1.0,1.355292322813284e-09,3.913672941280311e-09,1.0,1.0028374797244055e-09,5.887915710545144e-10
/Users/aswanathjs/Downloads/test10/ai_plastic_waste_management_training/LDPE Plastic/plastic_bags/LDPE-380_jpg.rf.0328cf22ea692abeb30496b41769fee9.jpg,1,LDPE Plastic,1,LDPE Plastic,0.9999909400939941,4.297146745102509e-07,0.9999909400939941,1.0685631650630967e-06,2.8557424229802564e-06,4.759867806569673e-06
"/Users/aswanathjs/Downloads/test10/ai_plastic_waste_management_training/PET Plastic/plastic_bottles/PET1,296.jpg",2,PET Plastic,2,PET Plastic,0.9959065914154053,0.0016714438097551465,2.0114242943236604e-05,0.9959065914154053,0.0023979907855391502,3.849259883281775e-06
/Users/aswanathjs/Downloads/test10/ai_plastic_waste_management_training/HDPE Plastic/milk_bottles/HDPEM46.jpg,0,HDPE Plastic,0,HDPE Plastic,0.9999980926513672,0.9999980926513672,3.205323784172265e-09,1.9110871107841376e-08,1.8888764543589787e-06,1.0187760857149897e-08
/Users/aswanathjs/Downloads/test10/ai_plastic_waste_management_training/HDPE Plastic/milk_bottles/HDPEM288.jpg,0,HDPE Plastic,0,HDPE Plastic,0.999354898929596,0.999354898929596,7.539418584201485e-05,0.0003003021702170372,0.00023287181102205068,3.648352867458016e-05
/Users/aswanathjs/Downloads/test10/ai_plastic_waste_management_training/LDPE Plastic/black_white__plastic_bags/0084_jpg.rf.c3f9df8c34c504c8c209497c829f1eb4.jpg,1,LDPE Plastic,1,LDPE Plastic,0.999834418296814,1.0392868716735393e-05,0.999834418296814,8.764593985688407e-06,0.00013851873518433422,7.855594958527945e-06
/Users/aswanathjs/Downloads/test10/ai_plastic_waste_management_training/PET Plastic/shampoo_bottles/0080_a05b00c1d3e0f1g0h2.jpg,2,PET Plastic,2,PET Plastic,0.9998929500579834,2.0475974451983348e-05,6.730063546456222e-07,0.9998929500579834,8.398464706260711e-05,1.9284743757452816e-06
/Users/aswanathjs/Downloads/test10/ai_plastic_waste_management_training/PS Plastic/foam_containers/Image_232.png,4,PS Plastic,4,PS Plastic,0.6611262559890747,0.035804927349090576,0.11668480187654495,0.01337672770023346,0.17300722002983093,0.6611262559890747
/Users/aswanathjs/Downloads/test10/ai_plastic_waste_management_training/LDPE Plastic/plastic_bags/P_W (1418).jpg,1,LDPE Plastic,1,LDPE Plastic,0.9950394034385681,0.0023762648925185204,0.9950394034385681,0.00019002983754035085,0.001597516005858779,0.0007967776036821306
/Users/aswanathjs/Downloads/test10/ai_plastic_waste_management_training/PET Plastic/plastic_bottles/PET469.jpg,2,PET Plastic,2,PET Plastic,0.9982137680053711,0.0014770624693483114,2.0698953449027613e-06,0.9982137680053711,0.00028933477005921304,1.7715994545142166e-05
"/Users/aswanathjs/Downloads/test10/ai_plastic_waste_management_training/PET Plastic/plastic_bottles/PET1,463.jpg",2,PET Plastic,2,PET Plastic,0.9995658993721008,7.270753849297762e-05,2.0796956960111856e-05,0.9995658993721008,0.00033077006810344756,9.832222531258594e-06
/Users/aswanathjs/Downloads/test10/ai_plastic_waste_management_training/PP Plastic/round_containers/IMG_20220209_175626.jpg,3,PP Plastic,3,PP Plastic,0.9997617602348328,2.105742896674201e-05,0.00019664321735035628,7.1550343818671536e-06,0.9997617602348328,1.3401023352344055e-05
/Users/aswanathjs/Downloads/test10/ai_plastic_waste_management_training/PET Plastic/shampoo_bottles/0080_a05b00c1d3e0f1g0h1.jpg,2,PET Plastic,2,PET Plastic,1.0,6.719470757587942e-09,1.6532458957385643e-08,1.0,4.8796922058613745e-09,1.038150121424053e-09
/Users/aswanathjs/Downloads/test10/ai_plastic_waste_management_training/PET Plastic/plastic_bottles/PET311.jpg,2,PET Plastic,2,PET Plastic,1.0,5.994264196118593e-09,6.563172227913583e-10,1.0,6.003843689567079e-12,2.9771310416926156e-10
"/Users/aswanathjs/Downloads/test10/ai_plastic_waste_management_training/HDPE Plastic/milk_bottles/HDPEM1,027.JPG",0,HDPE Plastic,0,HDPE Plastic,1.0,1.0,1.2050742348446164e-10,2.431876922059928e-09,8.872251822111821e-10,1.7263207530149316e-10
/Users/aswanathjs/Downloads/test10/ai_plastic_waste_management_training/LDPE Plastic/plastic_bags/LDPE-694_jpg.rf.aa7295ba4f6fc4c79c4215eb9c352a25.jpg,1,LDPE Plastic,1,LDPE Plastic,0.9999710321426392,2.304853478563018e-05,0.9999710321426392,6.807694035160239e-07,2.8339516120468033e-06,2.3720929220871767e-06
/Users/aswanathjs/Downloads/test10/ai_plastic_waste_management_training/HDPE Plastic/shampoo_bottles/0076_a02b06c1d2e0f1g0h3.jpg,0,HDPE Plastic,0,HDPE Plastic,0.9999996423721313,0.9999996423721313,3.0478571488856687e-07,2.4098154582929965e-08,1.1491648521655407e-08,1.6844962758000293e-08
/Users/aswanathjs/Downloads/test10/ai_plastic_waste_management_training/HDPE Plastic/shampoo_bottiles_grey/0076_a02b06c2d2e0f1g0h0.jpg,0,HDPE Plastic,0,HDPE Plastic,0.9999746084213257,0.9999746084213257,7.001791146876712e-08,3.4190493352070916e-06,2.1589263269561343e-05,2.70173501348836e-07
/Users/aswanathjs/Downloads/test10/ai_plastic_waste_management_training/HDPE Plastic/shampoo_bottles/0076_a02b06c2d2e0f1g0h0.jpg,0,HDPE Plastic,0,HDPE Plastic,0.9999974966049194,0.9999974966049194,1.1168042846065873e-07,2.426634182484122e-06,5.256687884980238e-08,3.197818543299036e-08
/Users/aswanathjs/Downloads/test10/ai_plastic_waste_management_training/LDPE Plastic/plastic_bags/LDPE-45_jpg.rf.93d3974714605e44bdc6f78a59c3e1d5.jpg,1,LDPE Plastic,1,LDPE Plastic,0.9997476935386658,5.125511233927682e-05,0.9997476935386658,4.3824329623021185e-06,0.00017195258988067508,2.4640386982355267e-05
/Users/aswanathjs/Downloads/test10/ai_plastic_waste_management_training/HDPE Plastic/milk_bottles/HDPEM15.jpg,0,HDPE Plastic,0,HDPE Plastic,1.0,1.0,1.4755756339024373e-10,3.605353238178566e-10,1.5041228262901996e-09,1.5892696880737134e-10
/Users/aswanathjs/Downloads/test10/ai_plastic_waste_management_training/LDPE Plastic/plastic_bags/LDPE-647_jpg.rf.68a0ac6d0db3b7acdc3ae8297b7c49aa.jpg,1,LDPE Plastic,1,LDPE Plastic,0.9999152421951294,1.6393365513067693e-05,0.9999152421951294,4.83999519929057e-06,4.0574628656031564e-05,2.29446122830268e-05
/Users/aswanathjs/Downloads/test10/ai_plastic_waste_management_training/LDPE Plastic/black_white__plastic_bags/0115_jpg.rf.041c2ca91386c7e7a7460b778948eb9d.jpg,1,LDPE Plastic,1,LDPE Plastic,0.9846087694168091,0.013395389541983604,0.9846087694168091,0.0006919280276633799,0.0003105208743363619,0.0009933586698025465
/Users/aswanathjs/Downloads/test10/ai_plastic_waste_management_training/PS Plastic/foam_sheets/PS-795_jpg.rf.e43e111bcafba8004fe507444085157b.jpg,4,PS Plastic,4,PS Plastic,0.9999934434890747,2.05027799893287e-06,6.29352086889412e-07,1.364821287097584e-06,2.6238565169478534e-06,0.9999934434890747
/Users/aswanathjs/Downloads/test10/ai_plastic_waste_management_training/PP Plastic/round_containers/0035_a06b01c1d1e0f0g0h0.jpg,3,PP Plastic,3,PP Plastic,0.9999911785125732,1.333325712948863e-06,7.203093588259435e-08,7.370036655629519e-06,0.9999911785125732,2.4003636411862317e-08
/Users/aswanathjs/Downloads/test10/ai_plastic_waste_management_training/HDPE Plastic/milk_bottles/HDPEM329.jpg,0,HDPE Plastic,0,HDPE Plastic,1.0,1.0,4.358551852767789e-10,1.9189402067354422e-08,5.45566436471745e-09,1.4734116149384135e-08
/Users/aswanathjs/Downloads/test10/ai_plastic_waste_management_training/PET Plastic/plastic_bottles/PET520.jpg,2,PET Plastic,2,PET Plastic,0.9999920129776001,1.914541826408822e-06,1.3014606565775466e-06,0.9999920129776001,3.719035930771497e-06,1.0977043984894408e-06
/Users/aswanathjs/Downloads/test10/ai_plastic_waste_management_training/PP Plastic/round_containers/IMG_20220209_173307.jpg,3,PP Plastic,3,PP Plastic,0.9999399185180664,3.187713446095586e-05,8.1935295384028e-06,1.899021299323067e-05,0.9999399185180664,9.607937272448908e-07
/Users/aswanathjs/Downloads/test10/ai_plastic_waste_management_training/PET Plastic/shampoo_bottles/0100_a05b00c2d2e0f0g0h2.jpg,2,PET Plastic,2,PET Plastic,0.9999988079071045,7.51662199149905e-08,1.0350043311291302e-07,0.9999988079071045,9.184977329823596e-07,9.484929286429633e-09
/Users/aswanathjs/Downloads/test10/ai_plastic_waste_management_training/PP Plastic/round_containers/IMG_20220209_173507.jpg,3,PP Plastic,3,PP Plastic,1.0,8.89797679981541e-10,2.1861380261611885e-08,2.863255188501057e-09,1.0,2.167951582143779e-11
/Users/aswanathjs/Downloads/test10/ai_plastic_waste_management_training/HDPE Plastic/milk_bottles/P_W (1068).jpg,0,HDPE Plastic,0,HDPE Plastic,1.0,1.0,3.6353425825197405e-10,5.312900674958598e-10,7.160660953076103e-09,9.092929742493538e-10
/Users/aswanathjs/Downloads/test10/ai_plastic_waste_management_training/HDPE Plastic/milk_bottles_grey/P_W (1068).jpg,0,HDPE Plastic,0,HDPE Plastic,1.0,1.0,5.549749548805494e-11,3.1770419628429636e-11,8.451425115296729e-10,1.4305862050534301e-10
/Users/aswanathjs/Downloads/test10/ai_plastic_waste_management_training/HDPE Plastic/shampoo_bottles/0075_a02b01c2d2e0f0g0h0.jpg,0,HDPE Plastic,0,HDPE Plastic,0.9994304776191711,0.9994304776191711,4.5344864929575124e-07,2.319497252756264e-05,0.0005439586821012199,1.9299184259580215e-06
/Users/aswanathjs/Downloads/test10/ai_plastic_waste_management_training/LDPE Plastic/black_white__plastic_bags/0149_jpg.rf.6438697f454d23922ddc9ba150f947b4.jpg,1,LDPE Plastic,1,LDPE Plastic,0.9997170567512512,0.00010816456779139116,0.9997170567512512,3.6657351301983e-05,0.00010765947081381455,3.0443268769886345e-05
/Users/aswanathjs/Downloads/test10/ai_plastic_waste_management_training/PET Plastic/black_white_plastic_bottles/agurp_jpg.rf.6ecaa721dc5a974566ad629025d60a9c.jpg,2,PET Plastic,2,PET Plastic,0.999829888343811,0.00015786559379193932,2.0368979676277377e-06,0.999829888343811,2.2653543965134304e-06,7.942254342196975e-06
"/Users/aswanathjs/Downloads/test10/ai_plastic_waste_management_training/PET Plastic/plastic_bottles/PET1,779.jpg",2,PET Plastic,2,PET Plastic,0.9928515553474426,0.0007665168959647417,0.003562986385077238,0.9928515553474426,0.002737570321187377,8.138485281961039e-05
/Users/aswanathjs/Downloads/test10/ai_plastic_waste_management_training/PP Plastic/round_containers/IMG20220210150845.jpg,3,PP Plastic,3,PP Plastic,0.9996864795684814,4.5339183998294175e-05,6.0256978031247854e-05,0.00011050195462303236,0.9996864795684814,9.744559065438807e-05
/Users/aswanathjs/Downloads/test10/ai_plastic_waste_management_training/PET Plastic/black_white_plastic_bottles/corja_jpg.rf.34b4ef681a68b01c8db47899a4835376.jpg,2,PET Plastic,2,PET Plastic,0.9996458292007446,0.00016847034567035735,1.095466814149404e-05,0.9996458292007446,0.00014826832921244204,2.643149855430238e-05
/Users/aswanathjs/Downloads/test10/ai_plastic_waste_management_training/HDPE Plastic/shampoo_bottles/0023_a02b01c2d3e0f1g0h2.jpg,0,HDPE Plastic,0,HDPE Plastic,0.9999994039535522,0.9999994039535522,8.194042777631694e-09,6.328391322085736e-08,4.1186990529240575e-07,4.3665256299618704e-08
"/Users/aswanathjs/Downloads/test10/ai_plastic_waste_management_training/HDPE Plastic/milk_bottles/HDPEM1,015.JPG",0,HDPE Plastic,0,HDPE Plastic,0.9999935626983643,0.9999935626983643,5.3250868603527124e-08,6.132756425358821e-06,9.696339731135595e-08,2.4853895297383133e-07
/Users/aswanathjs/Downloads/test10/ai_plastic_waste_management_training/LDPE Plastic/plastic_bags/plasticbag (172).jpg,1,LDPE Plastic,1,LDPE Plastic,0.913702130317688,0.019688984379172325,0.913702130317688,0.0007084752433001995,0.03563712164759636,0.030263222754001617
/Users/aswanathjs/Downloads/test10/ai_plastic_waste_management_training/HDPE Plastic/milk_bottles/HDPEM35.jpg,0,HDPE Plastic,0,HDPE Plastic,1.0,1.0,6.686421165011391e-13,3.2248134284457164e-12,8.648198259950113e-14,2.395619813633232e-11
/Users/aswanathjs/Downloads/test10/ai_plastic_waste_management_training/HDPE Plastic/milk_bottles_grey/HDPEM35.jpg,0,HDPE Plastic,0,HDPE Plastic,1.0,1.0,1.0820746374802384e-15,5.626463997739973e-16,2.6708657715899175e-15,1.6331036627452878e-15
/Users/aswanathjs/Downloads/test10/ai_plastic_waste_management_training/PS Plastic/foam_sheets/PS-650_jpg.rf.a9fc53984cabc277011302d189133efc.jpg,4,PS Plastic,4,PS Plastic,0.9999063014984131,7.911153079476207e-05,1.1618880307651125e-05,1.2299699392315233e-06,1.7369043234793935e-06,0.9999063014984131
/Users/aswanathjs/Downloads/test10/ai_plastic_waste_management_training/PET Plastic/plastic_bottles/PET856.jpg,2,PET Plastic,2,PET Plastic,0.9999994039535522,5.758361112384591e-07,3.616096311276351e-09,0.9999994039535522,1.6152247539480413e-08,2.5980780193890496e-08
/Users/aswanathjs/Downloads/test10/ai_plastic_waste_management_training/HDPE Plastic/shampoo_bottles/0078_a02b07c2d3e0f1g0h1.jpg,0,HDPE Plastic,0,HDPE Plastic,1.0,1.0,2.6293015074202453e-12,9.132781336740337e-11,1.658070816062951e-12,2.40228063136394e-12
/Users/aswanathjs/Downloads/test10/ai_plastic_waste_management_training/HDPE Plastic/milk_bottles/HDPEM72.jpg,0,HDPE Plastic,0,HDPE Plastic,1.0,1.0,9.264537054187727e-12,1.3539248888694289e-10,1.0021142249350135e-10,4.6260262981379086e-11
/Users/aswanathjs/Downloads/test10/ai_plastic_waste_management_training/LDPE Plastic/plastic_bags/LDPE-575_jpg.rf.a473cae8f61821abac08d294dc4787b5.jpg,1,LDPE Plastic,1,LDPE Plastic,0.9999103546142578,3.0492512451019138e-05,0.9999103546142578,3.0135250199236907e-05,1.1111490493931342e-05,1.7966080122278072e-05
/Users/aswanathjs/Downloads/test10/ai_plastic_waste_management_training/LDPE Plastic/black_white__plastic_bags/0213_jpg.rf.8a095262f668b501a0139ce297880fb5.jpg,1,LDPE Plastic,1,LDPE Plastic,0.9999997615814209,5.1667200295923976e-08,0.9999997615814209,2.287217970575739e-09,3.1565459579496746e-08,1.5227426786168508e-07
"/Users/aswanathjs/Downloads/test10/ai_plastic_waste_management_training/PET Plastic/plastic_bottles/PET1,018.jpg",2,PET Plastic,2,PET Plastic,0.9999994039535522,1.1350893913686377e-07,4.270908675607643e-07,0.9999994039535522,2.1970498753631773e-09,2.9314999316909507e-09
/Users/aswanathjs/Downloads/test10/ai_plastic_waste_management_training/HDPE Plastic/shampoo_bottles/0099_a02b01c1d1e0f1g0h1.jpg,0,HDPE Plastic,0,HDPE Plastic,0.9999971389770508,0.9999971389770508,2.210489498111201e-07,1.1260097210197273e-07,5.730572638640297e-07,1.861453483797959e-06
/Users/aswanathjs/Downloads/test10/ai_plastic_waste_management_training/LDPE Plastic/black_white__plastic_bags/0147_jpg.rf.03ab89b916bdfa8ad924b601a568fe0a.jpg,1,LDPE Plastic,1,LDPE Plastic,0.9992557168006897,0.00019609471200965345,0.9992557168006897,3.4988930565305054e-05,0.000481246504932642,3.1929324904922396e-05
/Users/aswanathjs/Downloads/test10/ai_plastic_waste_management_training/HDPE Plastic/detergent_bottles/0039_a02b01c2d0e0f1g0h1.jpg,0,HDPE Plastic,0,HDPE Plastic,1.0,1.0,2.772423957075887e-11,3.851237037610922e-11,1.1080995149237438e-10,2.963204681627474e-11
/Users/aswanathjs/Downloads/test10/ai_plastic_waste_management_training/PP Plastic/round_containers/0044_a06b01c1d1e0f0g0h0.jpg,3,PP Plastic,3,PP Plastic,0.9984661340713501,0.0015316996723413467,1.37461995564081e-06,4.850653567700647e-07,0.9984661340713501,3.1396496069646673e-07
/Users/aswanathjs/Downloads/test10/ai_plastic_waste_management_training/LDPE Plastic/plastic_bags/P_W (1387).jpg,1,LDPE Plastic,1,LDPE Plastic,0.9927734732627869,0.0011259657330811024,0.9927734732627869,0.0005324567900970578,0.004144336562603712,0.001423812354914844
/Users/aswanathjs/Downloads/test10/ai_plastic_waste_management_training/PET Plastic/plastic_bottles/PET976.jpg,2,PET Plastic,2,PET Plastic,0.9999635219573975,1.6021322153392248e-05,6.809665592300007e-06,0.9999635219573975,6.09613380220253e-06,7.537835699622519e-06
/Users/aswanathjs/Downloads/test10/ai_plastic_waste_management_training/PP Plastic/square_containers/Image_167.png,3,PP Plastic,3,PP Plastic,0.9591560363769531,0.00351439556106925,0.03343100845813751,0.00011928148160222918,0.9591560363769531,0.003779208054766059
/Users/aswanathjs/Downloads/test10/ai_plastic_waste_management_training/PS Plastic/foam_containers/Image_167.png,3,PP Plastic,4,PS Plastic,0.6274886131286621,0.0380074717104435,0.1315288096666336,0.01494728121906519,0.18802788853645325,0.6274886131286621
/Users/aswanathjs/Downloads/test10/ai_plastic_waste_management_training/HDPE Plastic/milk_bottles/HDPEM223.jpg,0,HDPE Plastic,0,HDPE Plastic,0.9999991655349731,0.9999991655349731,2.2253372478076017e-08,6.278719979491143e-07,1.1168466329536386e-07,9.612498530486846e-08
/Users/aswanathjs/Downloads/test10/ai_plastic_waste_management_training/HDPE Plastic/detergent_bottles/0096_a02b04c1d2e0f0g0h1.jpg,0,HDPE Plastic,0,HDPE Plastic,0.999762237071991,0.999762237071991,6.577099611604353e-06,9.62495141720865e-06,0.00021451423526741564,7.0813571255712304e-06
/Users/aswanathjs/Downloads/test10/ai_plastic_waste_management_training/PS Plastic/foam_containers/styrofoam-104-_jpg.rf.4e3cf92b88797fbe80fce1bcb1587d8e.jpg,4,PS Plastic,4,PS Plastic,1.0,6.445827427370432e-09,2.8277511887608853e-08,1.6810208336437427e-08,2.904421592120343e-08,1.0
/Users/aswanathjs/Downloads/test10/ai_plastic_waste_management_training/LDPE Plastic/plastic_bags/LDPE-758_jpg.rf.0354cc63d75a54a865602d00a96833d9.jpg,1,LDPE Plastic,1,LDPE Plastic,0.999966025352478,5.688048076990526e-06,0.999966025352478,2.659461870280211e-06,1.3085848877381068e-05,1.254395283467602e-05
/Users/aswanathjs/Downloads/test10/ai_plastic_waste_management_training/PP Plastic/round_containers/IMG20220210150808.jpg,3,PP Plastic,3,PP Plastic,0.9942626357078552,0.0007247821195051074,0.0008739835466258228,0.00029222192824818194,0.9942626357078552,0.003846279811114073
/Users/aswanathjs/Downloads/test10/ai_plastic_waste_management_training/HDPE Plastic/milk_bottles/HDPEM269.jpg,0,HDPE Plastic,0,HDPE Plastic,1.0,1.0,4.547466569970737e-11,1.2198840548816037e-10,7.299771898061636e-10,1.1891444495759629e-09
/Users/aswanathjs/Downloads/test10/ai_plastic_waste_management_training/PET Plastic/plastic_bottles/PET483.jpg,2,PET Plastic,2,PET Plastic,0.9999967813491821,1.8426828773954185e-06,7.263409429469903e-08,0.9999967813491821,1.0672601291616957e-07,1.1294256410110393e-06
/Users/aswanathjs/Downloads/test10/ai_plastic_waste_management_training/HDPE Plastic/milk_bottles/HDPEM456.jpg,0,HDPE Plastic,0,HDPE Plastic,1.0,1.0,7.901015779132603e-12,3.476268384261516e-09,2.366847516588333e-11,2.8112481093023334e-11
"/Users/aswanathjs/Downloads/test10/ai_plastic_waste_management_training/PET Plastic/plastic_bottles/PET1,095.jpg",2,PET Plastic,2,PET Plastic,0.9999939203262329,1.360410948336721e-07,2.411866717011435e-06,0.9999939203262329,3.4487329685362056e-06,1.4004928061694955e-07
"/Users/aswanathjs/Downloads/test10/ai_plastic_waste_management_training/PET Plastic/plastic_bottles/PET1,137.jpg",2,PET Plastic,2,PET Plastic,0.9999998807907104,2.7338518115982424e-09,1.6579056705268158e-07,0.9999998807907104,7.4124812954323716e-09,3.2906930513831867e-09
/Users/aswanathjs/Downloads/test10/ai_plastic_waste_management_training/PP Plastic/round_containers/0032_a05b01c1d0e0f0g0h4.jpg,3,PP Plastic,3,PP Plastic,0.9999951124191284,2.452363787597278e-06,4.0127616784957354e-07,1.6141784726642072e-06,0.9999951124191284,4.2810890477085195e-07
/Users/aswanathjs/Downloads/test10/ai_plastic_waste_management_training/PET Plastic/black_white_plastic_bottles/cwknh_jpg.rf.acf869e09bd46c27f643f7548a83d647.jpg,2,PET Plastic,2,PET Plastic,0.9997804760932922,9.501662862021476e-05,4.255052772350609e-06,0.9997804760932922,9.505243360763416e-05,2.527151082176715e-05
/Users/aswanathjs/Downloads/test10/ai_plastic_waste_management_training/HDPE Plastic/shampoo_bottles/0076_a02b06c2d3e0f1g0h3.jpg,0,HDPE Plastic,0,HDPE Plastic,0.9999995231628418,0.9999995231628418,3.1035690994940524e-07,6.451030287735193e-08,6.211531911048951e-08,1.8627613229682538e-08
/Users/aswanathjs/Downloads/test10/ai_plastic_waste_management_training/PP Plastic/round_containers/IMG_20220209_173239.jpg,3,PP Plastic,3,PP Plastic,0.9980942606925964,0.001434986013919115,0.00030942773446440697,0.00012911000521853566,0.9980942606925964,3.2178442779695615e-05
/Users/aswanathjs/Downloads/test10/ai_plastic_waste_management_training/HDPE Plastic/milk_bottles/HDPEM47.jpg,0,HDPE Plastic,0,HDPE Plastic,0.9999964237213135,0.9999964237213135,7.365791976354785e-09,6.707327315780276e-07,2.8015831503580557e-06,5.164929106626914e-08
/Users/aswanathjs/Downloads/test10/ai_plastic_waste_management_training/HDPE Plastic/milk_bottles/HDPEM43.jpg,0,HDPE Plastic,0,HDPE Plastic,1.0,1.0,4.407198076535751e-13,5.744398554920205e-13,8.091692192593175e-14,8.773892528311789e-13
/Users/aswanathjs/Downloads/test10/ai_plastic_waste_management_training/HDPE Plastic/detergent_bottles/0096_a02b04c1d2e0f0g0h4.jpg,0,HDPE Plastic,0,HDPE Plastic,0.9999997615814209,0.9999997615814209,1.961084272750213e-08,5.171923334046369e-09,1.9120631122859777e-07,3.480362664731729e-08
/Users/aswanathjs/Downloads/test10/ai_plastic_waste_management_training/LDPE Plastic/bubble_wrap/train_LDPE-74_jpg.rf.b03de73625af26694cd1313dc7ca2fc2.jpg,1,LDPE Plastic,1,LDPE Plastic,0.9999990463256836,5.956324002909241e-07,0.9999990463256836,2.957383742341335e-07,3.048941366046165e-08,7.615748032208103e-09
/Users/aswanathjs/Downloads/test10/ai_plastic_waste_management_training/PET Plastic/black_white_plastic_bottles/dgiys_jpg.rf.457a93e3e23c28a9ed6288c19a12d8b0.jpg,2,PET Plastic,2,PET Plastic,0.9999961853027344,2.5917654511431465e-07,4.5367676193563966e-07,0.9999961853027344,2.2884437385073397e-06,7.896591682765575e-07
/Users/aswanathjs/Downloads/test10/ai_plastic_waste_management_training/HDPE Plastic/shampoo_bottles/0075_a02b01c1d0e0f0g0h2.jpg,0,HDPE Plastic,0,HDPE Plastic,0.9997683167457581,0.9997683167457581,1.8211444512417074e-06,0.0002126298932125792,1.3539657629735302e-05,3.688818196678767e-06
/Users/aswanathjs/Downloads/test10/ai_plastic_waste_management_training/LDPE Plastic/plastic_bags/LDPE-301_jpg.rf.c5c75387dcc7b1879e02bf130568afb9.jpg,1,LDPE Plastic,1,LDPE Plastic,0.9997324347496033,2.3363625587080605e-05,0.9997324347496033,0.00017381897487211972,6.0950540500925854e-05,9.440199391974602e-06
/Users/aswanathjs/Downloads/test10/ai_plastic_waste_management_training/PP Plastic/round_containers/IMG_20220209_174715.jpg,3,PP Plastic,3,PP Plastic,0.9999852180480957,1.0998712696164148e-06,1.2559127071654075e-06,1.2276253073650878e-05,0.9999852180480957,9.942721135303145e-08
"/Users/aswanathjs/Downloads/test10/ai_plastic_waste_management_training/PET Plastic/plastic_bottles/PET1,740.jpg",2,PET Plastic,2,PET Plastic,0.9999967813491821,2.2434378479374573e-06,8.855866440171667e-08,0.9999967813491821,5.964211595710367e-07,3.056268838008691e-07
"/Users/aswanathjs/Downloads/test10/ai_plastic_waste_management_training/PET Plastic/plastic_bottles/PET1,773.jpg",2,PET Plastic,2,PET Plastic,0.9999675750732422,2.65489325101953e-05,1.6260763402442535e-07,0.9999675750732422,4.615215857484145e-06,1.065587980519922e-06
/Users/aswanathjs/Downloads/test10/ai_plastic_waste_management_training/PP Plastic/round_containers/0035_a06b01c1d0e0f0g0h2.jpg,3,PP Plastic,3,PP Plastic,0.9997642636299133,0.00019683191203512251,1.599531515239505e-06,3.683416434796527e-05,0.9997642636299133,5.002666512154974e-07
/Users/aswanathjs/Downloads/test10/ai_plastic_waste_management_training/PP Plastic/round_containers_grey/0035_a06b01c1d0e0f0g0h2.jpg,3,PP Plastic,3,PP Plastic,0.9999312162399292,5.567747211898677e-05,2.1348871541704284e-06,1.0274085070705041e-05,0.9999312162399292,7.406263762277376e-07
/Users/aswanathjs/Downloads/test10/ai_plastic_waste_management_training/LDPE Plastic/plastic_bags/plasticbag (50).jpg,1,LDPE Plastic,1,LDPE Plastic,0.999996542930603,1.0805908914335305e-06,0.999996542930603,1.1954173650963185e-08,1.5250143405864947e-06,8.651267080495018e-07
"/Users/aswanathjs/Downloads/test10/ai_plastic_waste_management_training/PET Plastic/plastic_bottles/PET1,739.jpg",2,PET Plastic,2,PET Plastic,0.9995868802070618,0.00035356867010705173,6.554771061928477e-06,0.9995868802070618,5.1782310038106516e-05,1.2094144494767534e-06
/Users/aswanathjs/Downloads/test10/ai_plastic_waste_management_training/HDPE Plastic/detergent_bottles/P_W (490).jpg,0,HDPE Plastic,0,HDPE Plastic,1.0,1.0,2.1835491192945256e-09,5.330209162934807e-09,1.5620642800084905e-12,1.7756395243040402e-09
/Users/aswanathjs/Downloads/test10/ai_plastic_waste_management_training/PP Plastic/round_containers/0032_a05b01c1d1e0f0g0h0.jpg,3,PP Plastic,3,PP Plastic,0.9999959468841553,2.4089199541776907e-06,1.3830869249886746e-07,1.2925944474773132e-06,0.9999959468841553,1.986593360925326e-07
/Users/aswanathjs/Downloads/test10/ai_plastic_waste_management_training/HDPE Plastic/shampoo_bottles/0023_a02b01c1d0e0f1g0h1.jpg,0,HDPE Plastic,0,HDPE Plastic,1.0,1.0,2.5918915902423123e-09,8.054970912496628e-09,1.440134056451825e-08,4.059683256230073e-09
/Users/aswanathjs/Downloads/test10/ai_plastic_waste_management_training/HDPE Plastic/shampoo_bottles/0078_a02b07c1d0e0f1g0h3.jpg,0,HDPE Plastic,0,HDPE Plastic,1.0,1.0,6.1006590404422134e-12,3.195376949149953e-11,1.0163853265965361e-11,1.5284075003882402e-12
/Users/aswanathjs/Downloads/test10/ai_plastic_waste_management_training/HDPE Plastic/detergent_bottles/0062_a02b05c2d3e0f1g1h4.jpg,0,HDPE Plastic,0,HDPE Plastic,0.9999998807907104,0.9999998807907104,3.591883057652012e-08,8.523483252531605e-09,2.4853115121459268e-08,1.5507451323060195e-08
/Users/aswanathjs/Downloads/test10/ai_plastic_waste_management_training/PET Plastic/shampoo_bottles/0050_a05b00c1d1e1f1g0h0.jpg,2,PET Plastic,2,PET Plastic,1.0,5.874603470346074e-09,7.78162068115762e-09,1.0,9.40138722427264e-09,3.1757954599420657e-10
/Users/aswanathjs/Downloads/test10/ai_plastic_waste_management_training/HDPE Plastic/detergent_bottles/IMG_20220209_182708.jpg,0,HDPE Plastic,0,HDPE Plastic,1.0,1.0,5.046183739962351e-13,1.6463455598803023e-11,3.153744558797959e-14,4.8537306986118356e-12
/Users/aswanathjs/Downloads/test10/ai_plastic_waste_management_training/HDPE Plastic/detergent_botteles_grey/IMG_20220209_182708.jpg,0,HDPE Plastic,0,HDPE Plastic,1.0,1.0,6.667153495953926e-09,8.180706667637594e-10,1.606648286633927e-10,1.646718672532188e-08
"/Users/aswanathjs/Downloads/test10/ai_plastic_waste_management_training/PET Plastic/plastic_bottles/PET1,150.jpg",2,PET Plastic,2,PET Plastic,0.9999700784683228,1.8998029190697707e-05,7.728638593107462e-06,0.9999700784683228,1.5720229384896811e-06,1.6144213077495806e-06
/Users/aswanathjs/Downloads/test10/ai_plastic_waste_management_training/PS Plastic/foam_sheets/IMG_9340_JPG.rf.a80ca34b8b633e38a525cb7aeede7b51.jpg,4,PS Plastic,4,PS Plastic,0.9961333274841309,4.499823717196705e-06,0.0035989577881991863,0.00025267736054956913,1.0469719200045802e-05,0.9961333274841309
/Users/aswanathjs/Downloads/test10/ai_plastic_waste_management_training/PS Plastic/foam_sheets/IMG_9340_JPG.rf.e8e5eb41b46e694de3c84523410586c0.jpg,4,PS Plastic,4,PS Plastic,0.9999986886978149,3.843981036255606e-11,1.0245565817967872e-06,2.96674386390805e-07,8.862214347787889e-13,0.9999986886978149
/Users/aswanathjs/Downloads/test10/ai_plastic_waste_management_training/PS Plastic/foam_sheets/IMG_9340_JPG.rf.8e256bd9ecb0e99782e4302f9878ab2b.jpg,4,PS Plastic,4,PS Plastic,0.9999995231628418,2.3365875206904363e-11,5.349961611500476e-07,7.137844093563217e-09,3.2341143059102942e-15,0.9999995231628418
/Users/aswanathjs/Downloads/test10/ai_plastic_waste_management_training/PP Plastic/round_containers/0095_a05b01c2d2e0f0g0h1.jpg,3,PP Plastic,3,PP Plastic,0.9998509883880615,0.00014749607362318784,1.482670768382377e-06,3.829034156410671e-08,0.9998509883880615,4.251811347444345e-08
/Users/aswanathjs/Downloads/test10/ai_plastic_waste_management_training/PET Plastic/black_white_plastic_bottles/covxa_jpg.rf.f6b2667c1ade57d376bbfce0bcc90aeb.jpg,2,PET Plastic,2,PET Plastic,0.9999997615814209,6.201636892910756e-08,4.058956548647075e-08,0.9999997615814209,1.9025870656719235e-08,6.851897893511705e-08
/Users/aswanathjs/Downloads/test10/ai_plastic_waste_management_training/PET Plastic/black_white_plastic_bottles/djcvk_jpg.rf.cf814c79b2c5f26937f6e62c2496b2fd.jpg,2,PET Plastic,2,PET Plastic,0.9999959468841553,1.7835844801084022e-06,4.044312618134427e-08,0.9999959468841553,2.12449231185019e-06,1.7910033989210206e-07
/Users/aswanathjs/Downloads/test10/ai_plastic_waste_management_training/PP Plastic/irregular_containers/train_PP-100-_jpg.rf.215bd727abe9827eb83a316127942cf2.jpg,3,PP Plastic,3,PP Plastic,0.993294894695282,0.001704682596027851,0.0022807768546044827,0.0004435058799572289,0.993294894695282,0.002276044338941574
/Users/aswanathjs/Downloads/test10/ai_plastic_waste_management_training/PP Plastic/irregular_containers_grey/train_PP-100-_jpg.rf.215bd727abe9827eb83a316127942cf2.jpg,3,PP Plastic,3,PP Plastic,0.9892271757125854,0.002620093524456024,0.004166741855442524,0.000512658036313951,0.9892271757125854,0.0034732355270534754
/Users/aswanathjs/Downloads/test10/ai_plastic_waste_management_training/PET Plastic/black_white_plastic_bottles/auyzb_jpg.rf.687a2542044f67af09abf65382200735.jpg,2,PET Plastic,2,PET Plastic,0.9999988079071045,4.227985357374564e-07,5.335950277185475e-07,0.9999988079071045,1.7539835539537307e-07,8.400109408057688e-08
/Users/aswanathjs/Downloads/test10/ai_plastic_waste_management_training/PP Plastic/irregular_containers/train_PP-81_jpg.rf.24e2302c408d56e674af5dac077ab150.jpg,3,PP Plastic,3,PP Plastic,1.0,7.23864190810275e-10,4.3747974132202216e-08,1.4777768342355557e-08,1.0,1.6415396819624561e-10
/Users/aswanathjs/Downloads/test10/ai_plastic_waste_management_training/PET Plastic/shampoo_bottles/0015_a05b00c1d3e1f1g0h1.jpg,2,PET Plastic,2,PET Plastic,0.9999614953994751,6.12231679042452e-06,1.0930875049552924e-07,0.9999614953994751,2.9232263841549866e-05,3.0800708827882772e-06
/Users/aswanathjs/Downloads/test10/ai_plastic_waste_management_training/LDPE Plastic/black_white__plastic_bags/0034_jpg.rf.26ca0fcc5c911fb2c3cac1b5da0ee1ff.jpg,1,LDPE Plastic,1,LDPE Plastic,0.9999812841415405,4.3943809941993095e-06,0.9999812841415405,2.7994053652946604e-07,4.799926955456613e-06,9.272196621168405e-06
/Users/aswanathjs/Downloads/test10/ai_plastic_waste_management_training/HDPE Plastic/milk_bottles/HDPEM94.jpg,0,HDPE Plastic,0,HDPE Plastic,0.9999995231628418,0.9999995231628418,1.849586706015316e-09,1.8898602149874932e-07,1.8250980815537332e-07,2.5552390425787053e-08
/Users/aswanathjs/Downloads/test10/ai_plastic_waste_management_training/PS Plastic/foam_containers/styrofoam-131-_jpg.rf.8c14e88f26aa0d398ec71ed405184149.jpg,4,PS Plastic,4,PS Plastic,0.9999996423721313,9.847835968912477e-08,5.157045901427182e-10,1.3637244666853121e-09,2.4657410335748864e-07,0.9999996423721313
/Users/aswanathjs/Downloads/test10/ai_plastic_waste_management_training/PS Plastic/form_containers_grey/styrofoam-346-_jpg.rf.25ab32044f366c9fde2570647dbbea81.jpg,4,PS Plastic,4,PS Plastic,0.9922755360603333,0.0074650002643466,0.0002538781554903835,3.889081654051552e-06,1.743172333590337e-06,0.9922755360603333
/Users/aswanathjs/Downloads/test10/ai_plastic_waste_management_training/PS Plastic/foam_containers/styrofoam-346-_jpg.rf.25ab32044f366c9fde2570647dbbea81.jpg,4,PS Plastic,4,PS Plastic,0.9998856782913208,9.956234862329438e-05,1.1482348782010376e-05,2.6508366772759473e-06,6.572076927113812e-07,0.9998856782913208
/Users/aswanathjs/Downloads/test10/ai_plastic_waste_management_training/PP Plastic/rectangle_containers/icecream.jpg,3,PP Plastic,3,PP Plastic,0.9999943971633911,4.023824203613913e-06,7.8552623961059e-08,9.789995374376304e-07,0.9999943971633911,5.284591111376358e-07
/Users/aswanathjs/Downloads/test10/ai_plastic_waste_management_training/PP Plastic/rectangle_containers_grey/icecream.jpg,3,PP Plastic,3,PP Plastic,0.9999955892562866,4.129532953811577e-06,7.355680509135709e-08,2.82793308770124e-08,0.9999955892562866,8.094598769048389e-08
/Users/aswanathjs/Downloads/test10/ai_plastic_waste_management_training/LDPE Plastic/black_white__plastic_bags/0218_jpg.rf.e24bd1012b6b16f34d184e21b6ddceaf.jpg,1,LDPE Plastic,1,LDPE Plastic,0.9999594688415527,3.341002593515441e-05,0.9999594688415527,8.070732064879849e-07,9.772316644784951e-08,6.171640052343719e-06
/Users/aswanathjs/Downloads/test10/ai_plastic_waste_management_training/HDPE Plastic/detergent_bottles/0010_a02b01c1d0e0f1g0h4.jpg,0,HDPE Plastic,0,HDPE Plastic,0.9999973773956299,0.9999973773956299,8.651992011721177e-09,4.561793502944056e-07,2.1676205506082624e-06,4.2139529199403114e-08
/Users/aswanathjs/Downloads/test10/ai_plastic_waste_management_training/HDPE Plastic/detergent_botteles_grey/0010_a02b01c1d0e0f1g0h4.jpg,0,HDPE Plastic,0,HDPE Plastic,0.9999732971191406,0.9999732971191406,9.42282696314578e-08,1.2972800504940096e-06,2.4999468223541044e-05,2.606300313345855e-07
"/Users/aswanathjs/Downloads/test10/ai_plastic_waste_management_training/PET Plastic/plastic_bottles/PET1,690.jpg",2,PET Plastic,2,PET Plastic,0.9999964237213135,2.5019378426804906e-06,6.391255169546639e-08,0.9999964237213135,8.236835924435582e-07,2.671565084710892e-07
/Users/aswanathjs/Downloads/test10/ai_plastic_waste_management_training/HDPE Plastic/shampoo_bottles/0061_a02b01c2d0e0f1g0h0(1).jpg,0,HDPE Plastic,0,HDPE Plastic,0.9980282187461853,0.9980282187461853,0.00010718270641518757,0.0012298095971345901,4.624251596396789e-05,0.0005883990088477731
/Users/aswanathjs/Downloads/test10/ai_plastic_waste_management_training/PET Plastic/plastic_bottles/PET543.jpg,2,PET Plastic,2,PET Plastic,0.9999996423721313,9.104041964747012e-08,9.514277365951784e-08,0.9999996423721313,7.173265004212226e-08,9.529497191351766e-08
/Users/aswanathjs/Downloads/test10/ai_plastic_waste_management_training/LDPE Plastic/plastic_bags/LDPE-608_jpg.rf.bc480679bf094d683586223c8e41ccc2.jpg,1,LDPE Plastic,1,LDPE Plastic,0.9998351335525513,5.458861051010899e-05,0.9998351335525513,2.9614368031616323e-05,4.306860500946641e-05,3.765463043237105e-05
/Users/aswanathjs/Downloads/test10/ai_plastic_waste_management_training/PP Plastic/irregular_containers/train_PP-69-_jpg.rf.63480605af3c69707fa4e7c025f644bc.jpg,3,PP Plastic,3,PP Plastic,0.9989120960235596,0.0010573831386864185,1.734924990159925e-05,1.1835720215458423e-05,0.9989120960235596,1.2663354027608875e-06
/Users/aswanathjs/Downloads/test10/ai_plastic_waste_management_training/PP Plastic/irregular_containers_grey/train_PP-69-_jpg.rf.63480605af3c69707fa4e7c025f644bc.jpg,3,PP Plastic,3,PP Plastic,0.9978464841842651,0.0014434638433158398,0.00042109450441785157,0.00014393383753485978,0.9978464841842651,0.0001450509880669415
/Users/aswanathjs/Downloads/test10/ai_plastic_waste_management_training/PET Plastic/black_white_plastic_bottles/cbkto_jpg.rf.59a632f8d4d62e2303ec2f95d95cc764.jpg,2,PET Plastic,2,PET Plastic,0.9999631643295288,2.2931011699256487e-05,7.560615244983637e-07,0.9999631643295288,1.1143531992274802e-05,1.9498702386044897e-06
/Users/aswanathjs/Downloads/test10/ai_plastic_waste_management_training/PET Plastic/black_white_plastic_bottles/awyuj_jpg.rf.3b00d195bf7bcdad025dc24bf1f4adfa.jpg,2,PET Plastic,2,PET Plastic,0.9999949932098389,3.2568075312155997e-06,8.191600500140339e-07,0.9999949932098389,5.367425046642893e-07,3.809873021509702e-07
/Users/aswanathjs/Downloads/test10/ai_plastic_waste_management_training/HDPE Plastic/milk_bottles/HDPEM187.jpg,0,HDPE Plastic,0,HDPE Plastic,1.0,1.0,2.424461187366944e-10,4.4659648201772484e-10,1.1248376674544147e-09,1.435805363492193e-09
/Users/aswanathjs/Downloads/test10/ai_plastic_waste_management_training/HDPE Plastic/detergent_bottles/0039_a02b01c2d0e0f1g0h0.jpg,0,HDPE Plastic,0,HDPE Plastic,0.9999947547912598,0.9999947547912598,1.9442450138740242e-07,1.5598389779825084e-07,3.976886091550114e-06,9.685828672445496e-07
/Users/aswanathjs/Downloads/test10/ai_plastic_waste_management_training/PET Plastic/shampoo_bottles/0100_a05b00c1d2e0f0g0h1.jpg,2,PET Plastic,2,PET Plastic,1.0,3.173863949434974e-10,1.1407336408808533e-08,1.0,1.3382852159793401e-08,4.086686544724216e-10
/Users/aswanathjs/Downloads/test10/ai_plastic_waste_management_training/PS Plastic/foam_containers/styrofoam-108-_jpg.rf.4b94e52bc8d1e14a610090dcb2fb6412.jpg,4,PS Plastic,4,PS Plastic,0.9999953508377075,4.6549148464691825e-06,4.5075672361338803e-11,7.869193074938607e-10,5.609632203196213e-10,0.9999953508377075
/Users/aswanathjs/Downloads/test10/ai_plastic_waste_management_training/HDPE Plastic/milk_bottles/P_W (1324).jpg,0,HDPE Plastic,0,HDPE Plastic,0.9999887943267822,0.9999887943267822,3.7523466289712815e-07,7.774531241011573e-07,9.663226592238061e-06,3.900178739968396e-07
/Users/aswanathjs/Downloads/test10/ai_plastic_waste_management_training/PET Plastic/black_white_plastic_bottles/dqpgm_jpg.rf.58af9b574f6b13fa300ca9e01ee97f08.jpg,2,PET Plastic,2,PET Plastic,0.9992558360099792,5.324897574610077e-05,9.545695320412051e-06,0.9992558360099792,0.0006635166355408728,1.788910049072001e-05
/Users/aswanathjs/Downloads/test10/ai_plastic_waste_management_training/PET Plastic/plastic_bottles/PET687.jpg,2,PET Plastic,2,PET Plastic,1.0,2.198146553666902e-08,4.935159836350067e-09,1.0,4.592894509158896e-09,1.1829979218447306e-09
/Users/aswanathjs/Downloads/test10/ai_plastic_waste_management_training/PET Plastic/black_white_plastic_bottles/crfyo_jpg.rf.00f97a71a6652c6ed2a58f9397f1f15e.jpg,2,PET Plastic,2,PET Plastic,0.9987871050834656,3.130748518742621e-05,1.9603910914156586e-05,0.9987871050834656,0.0011601117439568043,1.9538315427780617e-06
/Users/aswanathjs/Downloads/test10/ai_plastic_waste_management_training/HDPE Plastic/shampoo_bottles/0076_a02b06c1d0e0f1g0h4.jpg,0,HDPE Plastic,0,HDPE Plastic,0.9999998807907104,0.9999998807907104,1.7818354791643287e-08,1.209243265520854e-07,5.574569250654804e-09,7.286865333355763e-09
/Users/aswanathjs/Downloads/test10/ai_plastic_waste_management_training/HDPE Plastic/shampoo_bottles/0075_a02b01c1d0e0f0g0h0.jpg,0,HDPE Plastic,0,HDPE Plastic,1.0,1.0,4.336273562444148e-09,4.3374672742402254e-08,1.386332382224964e-08,1.0713850251420354e-08
/Users/aswanathjs/Downloads/test10/ai_plastic_waste_management_training/HDPE Plastic/milk_bottles/HDPEM132.jpg,0,HDPE Plastic,0,HDPE Plastic,1.0,1.0,5.626950988490975e-11,1.1910580299812068e-09,9.565004788214537e-09,1.102277824571729e-09
/Users/aswanathjs/Downloads/test10/ai_plastic_waste_management_training/HDPE Plastic/milk_bottles_grey/HDPEM132.jpg,0,HDPE Plastic,0,HDPE Plastic,0.9999995231628418,0.9999995231628418,8.348568059091122e-09,1.1381359854567563e-08,3.051175099244574e-07,6.763020365951888e-08
/Users/aswanathjs/Downloads/test10/ai_plastic_waste_management_training/PP Plastic/round_containers/IMG_20220209_174359.jpg,3,PP Plastic,3,PP Plastic,0.9999908208847046,2.650705710038892e-06,8.983960810837743e-07,5.111172413307941e-06,0.9999908208847046,4.6809785203549836e-07
/Users/aswanathjs/Downloads/test10/ai_plastic_waste_management_training/LDPE Plastic/plastic_bags/LDPE-544_jpg.rf.0addfb54e9029220701dd0da301d544b.jpg,1,LDPE Plastic,1,LDPE Plastic,0.9999715089797974,1.4442860447161365e-05,0.9999715089797974,1.96997962120804e-06,7.913958143035416e-06,4.163675384916132e-06
/Users/aswanathjs/Downloads/test10/ai_plastic_waste_management_training/PET Plastic/black_white_plastic_bottles/adylz_jpg.rf.586862c45a7114ce3bae7b42c7e4c409.jpg,2,PET Plastic,2,PET Plastic,0.999992847442627,5.279489982967789e-07,5.827322979712335e-07,0.999992847442627,5.5898963182698935e-06,4.354613452051126e-07
/Users/aswanathjs/Downloads/test10/ai_plastic_waste_management_training/HDPE Plastic/shampoo_bottles/0076_a02b06c1d2e0f1g0h2.jpg,0,HDPE Plastic,0,HDPE Plastic,0.9999995231628418,0.9999995231628418,3.627268441164233e-08,3.0579892040805134e-07,4.837112399513899e-08,1.666281512768819e-08
/Users/aswanathjs/Downloads/test10/ai_plastic_waste_management_training/PP Plastic/round_containers/0031_a05b01c1d3e0f0g0h3.jpg,3,PP Plastic,3,PP Plastic,0.9999121427536011,8.51289150887169e-05,1.910114178826916e-06,4.4422347400541184e-07,0.9999121427536011,3.235412009416905e-07
/Users/aswanathjs/Downloads/test10/ai_plastic_waste_management_training/PP Plastic/round_containers_grey/0031_a05b01c1d3e0f0g0h3.jpg,3,PP Plastic,3,PP Plastic,0.999288022518158,0.0007085941615514457,2.740780018939404e-06,5.058607257524272e-07,0.999288022518158,1.4476368903615366e-07
/Users/aswanathjs/Downloads/test10/ai_plastic_waste_management_training/LDPE Plastic/plastic_bags/LDPE-236_jpg.rf.af950e6cc55420ba3610337efc5f705b.jpg,1,LDPE Plastic,1,LDPE Plastic,0.9999672174453735,4.363445896160556e-06,0.9999672174453735,2.377494411121006e-06,1.9625183995231055e-05,6.422548267437378e-06
/Users/aswanathjs/Downloads/test10/ai_plastic_waste_management_training/PET Plastic/plastic_bottles/PET654.jpg,2,PET Plastic,2,PET Plastic,0.9999884366989136,1.5316176131818793e-06,5.812098152091494e-06,0.9999884366989136,1.2896000498585636e-06,2.90929779112048e-06
/Users/aswanathjs/Downloads/test10/ai_plastic_waste_management_training/LDPE Plastic/plastic_bags/LDPE-263_jpg.rf.8b05ef5c26392751e6821e33c0c2fe14.jpg,1,LDPE Plastic,1,LDPE Plastic,0.9996064305305481,3.9385507989209145e-05,0.9996064305305481,1.9436347429291345e-05,0.00028482108609750867,4.995040944777429e-05
/Users/aswanathjs/Downloads/test10/ai_plastic_waste_management_training/LDPE Plastic/plastic_bags/plasticbag (139).jpg,1,LDPE Plastic,1,LDPE Plastic,0.9999628067016602,7.033814199530752e-06,0.9999628067016602,8.471571959489665e-07,6.6768675424100365e-06,2.257906635350082e-05
/Users/aswanathjs/Downloads/test10/ai_plastic_waste_management_training/PET Plastic/plastic_bottles/PET701.jpg,2,PET Plastic,2,PET Plastic,0.9999997615814209,1.533769733441659e-07,4.293438493618851e-08,0.9999997615814209,2.9538187007460692e-08,1.6008744552209464e-08
/Users/aswanathjs/Downloads/test10/ai_plastic_waste_management_training/PET Plastic/plastic_bottles/PET954.jpg,2,PET Plastic,2,PET Plastic,1.0,1.1206494399118583e-08,3.264219561316395e-09,1.0,9.116291721511516e-09,1.0532348326819374e-08
/Users/aswanathjs/Downloads/test10/ai_plastic_waste_management_training/HDPE Plastic/shampoo_bottles/0023_a02b01c2d1e0f1g0h1.jpg,0,HDPE Plastic,0,HDPE Plastic,0.9999990463256836,0.9999990463256836,7.95676839970838e-08,1.1912648290035577e-07,4.589444984048896e-07,2.0191563976368343e-07
/Users/aswanathjs/Downloads/test10/ai_plastic_waste_management_training/HDPE Plastic/detergent_bottles/Image_182.png,0,HDPE Plastic,0,HDPE Plastic,1.0,1.0,4.718672674819402e-10,5.324706300879889e-11,9.665177512496737e-12,1.7629961726606247e-11
/Users/aswanathjs/Downloads/test10/ai_plastic_waste_management_training/PP Plastic/square_containers/Image_182.png,0,HDPE Plastic,1,LDPE Plastic,0.4468977153301239,0.09500299394130707,0.4468977153301239,0.005954368971288204,0.3759903609752655,0.07615447789430618
/Users/aswanathjs/Downloads/test10/ai_plastic_waste_management_training/PS Plastic/foam_containers/Image_182.png,0,HDPE Plastic,4,PS Plastic,0.6521509289741516,0.09150687605142593,0.052391860634088516,0.0014790967106819153,0.20247121155261993,0.6521509289741516
/Users/aswanathjs/Downloads/test10/ai_plastic_waste_management_training/HDPE Plastic/milk_bottles/HDPEM41.jpg,0,HDPE Plastic,0,HDPE Plastic,0.9999992847442627,0.9999992847442627,1.2401470073086784e-08,1.536127225421069e-09,3.509481039110085e-10,7.666051260457607e-07
"/Users/aswanathjs/Downloads/test10/ai_plastic_waste_management_training/PET Plastic/plastic_bottles/PET1,601.jpg",2,PET Plastic,2,PET Plastic,0.8580868244171143,0.12856730818748474,0.0015578559832647443,0.8580868244171143,0.0006790885818190873,0.011108941398561
/Users/aswanathjs/Downloads/test10/ai_plastic_waste_management_training/PET Plastic/black_white_plastic_bottles/cnvse_jpg.rf.64d7c70b3bbc567c401c577cead38689.jpg,2,PET Plastic,2,PET Plastic,0.9998514652252197,9.488663636147976e-05,8.875266757968348e-06,0.9998514652252197,2.777781628537923e-05,1.6961643268587068e-05
/Users/aswanathjs/Downloads/test10/ai_plastic_waste_management_training/PS Plastic/foam_sheets/PS-577_jpg.rf.0f7321bf2d1a85dd6303517b50eb3ecc.jpg,4,PS Plastic,4,PS Plastic,0.9999985694885254,1.3530531077776686e-06,1.5601899860939739e-07,2.4438712387109263e-08,1.0019475915612475e-08,0.9999985694885254
"/Users/aswanathjs/Downloads/test10/ai_plastic_waste_management_training/PET Plastic/plastic_bottles/PET1,338.jpg",2,PET Plastic,2,PET Plastic,0.9999979734420776,1.573743929839111e-06,6.492516746448018e-09,0.9999979734420776,4.1817702367552556e-07,5.713725492739741e-09
/Users/aswanathjs/Downloads/test10/ai_plastic_waste_management_training/PET Plastic/shampoo_bottles/0080_a05b00c2d2e0f1g0h1.jpg,2,PET Plastic,2,PET Plastic,0.9999817609786987,1.3494466202246258e-06,1.5933768793274794e-07,0.9999817609786987,1.597811387910042e-05,8.33047010928567e-07
/Users/aswanathjs/Downloads/test10/ai_plastic_waste_management_training/HDPE Plastic/detergent_bottles/0096_a02b04c2d3e0f0g0h2.jpg,0,HDPE Plastic,0,HDPE Plastic,1.0,1.0,1.0322483978697505e-09,2.4195330183829356e-09,5.4520366887800265e-08,2.2716581948856174e-09
/Users/aswanathjs/Downloads/test10/ai_plastic_waste_management_training/PS Plastic/foam_containers/0058_a06b01c1d2e0f0g0h1.jpg,4,PS Plastic,4,PS Plastic,0.9999998807907104,1.0748158274509478e-07,1.5656010932119102e-09,5.417163606580289e-09,9.502903353109105e-09,0.9999998807907104
/Users/aswanathjs/Downloads/test10/ai_plastic_waste_management_training/PP Plastic/round_containers/Image_169.png,3,PP Plastic,3,PP Plastic,0.9694955945014954,0.0047530862502753735,0.024602582678198814,0.0005610877997241914,0.9694955945014954,0.0005876129725947976
/Users/aswanathjs/Downloads/test10/ai_plastic_waste_management_training/PS Plastic/foam_containers/Image_169.png,3,PP Plastic,4,PS Plastic,0.5869145393371582,0.03704383224248886,0.13762696087360382,0.011044604703783989,0.22737012803554535,0.5869145393371582
/Users/aswanathjs/Downloads/test10/ai_plastic_waste_management_training/HDPE Plastic/shampoo_bottles/0077_a02b01c2d1e0f1g0h0.jpg,0,HDPE Plastic,0,HDPE Plastic,1.0,1.0,3.1180671933306314e-10,1.027144036491734e-09,9.591393651531277e-11,7.193827200602243e-10
/Users/aswanathjs/Downloads/test10/ai_plastic_waste_management_training/PET Plastic/black_white_plastic_bottles/chvzj_jpg.rf.8b6b4dbb12e665aade2009abb1a341cb.jpg,2,PET Plastic,2,PET Plastic,0.9999920129776001,1.521888066235988e-06,4.4372777665557805e-06,0.9999920129776001,4.599319254339207e-07,1.5450068531208672e-06
/Users/aswanathjs/Downloads/test10/ai_plastic_waste_management_training/PET Plastic/black_white_plastic_bottles/bndsc_jpg.rf.0a5d14585223bd5e5ddaf342ca5d6e64.jpg,2,PET Plastic,2,PET Plastic,0.9999994039535522,1.5767166416935652e-07,1.70241648334013e-07,0.9999994039535522,2.301241863733594e-07,3.818377791731109e-08
/Users/aswanathjs/Downloads/test10/ai_plastic_waste_management_training/HDPE Plastic/shampoo_bottles/0065_a02b03c2d0e0f1g0h0.jpg,0,HDPE Plastic,0,HDPE Plastic,1.0,1.0,9.542017176400464e-11,1.0401176447905058e-10,1.5308655731960386e-10,2.3793095271784637e-10
/Users/aswanathjs/Downloads/test10/ai_plastic_waste_management_training/PET Plastic/plastic_bottles/PET741.jpg,2,PET Plastic,2,PET Plastic,0.9999657869338989,3.3455700759077445e-05,5.384977157518733e-07,0.9999657869338989,1.0998996202715716e-07,1.8039307292383455e-07
/Users/aswanathjs/Downloads/test10/ai_plastic_waste_management_training/PET Plastic/black_white_plastic_bottles/adrfp_jpg.rf.9b4728a76181136be3307a4f752c179d.jpg,2,PET Plastic,2,PET Plastic,0.9999980926513672,1.6318297184625408e-06,1.3660303466167534e-07,0.9999980926513672,9.816390900141414e-08,4.529166020006414e-08
/Users/aswanathjs/Downloads/test10/ai_plastic_waste_management_training/LDPE Plastic/bubble_wrap/train_LDPE-98_jpg.rf.349b801007fcdb1709c9615f227cbd9e.jpg,1,LDPE Plastic,1,LDPE Plastic,0.999996542930603,1.5302356359825353e-06,0.999996542930603,1.5557304777757963e-06,1.3860690728506597e-07,2.6957405907523935e-07
"/Users/aswanathjs/Downloads/test10/ai_plastic_waste_management_training/PET Plastic/plastic_bottles/PET1,435.jpg",2,PET Plastic,2,PET Plastic,0.9999767541885376,1.1193893442396075e-05,6.549652425746899e-06,0.9999767541885376,4.269482815288939e-06,1.1684488754326594e-06
/Users/aswanathjs/Downloads/test10/ai_plastic_waste_management_training/PET Plastic/black_white_plastic_bottles/acorb_jpg.rf.e449613a8d8c4838cffe300f77a191d3.jpg,2,PET Plastic,2,PET Plastic,0.9999879598617554,3.992176061728969e-06,1.156822008852032e-06,0.9999879598617554,4.560699835565174e-06,2.3342720396613004e-06
/Users/aswanathjs/Downloads/test10/ai_plastic_waste_management_training/HDPE Plastic/milk_bottles/HDPEM419.jpg,0,HDPE Plastic,0,HDPE Plastic,0.999832034111023,0.999832034111023,2.9619699489558116e-05,8.862574031809345e-05,4.281677684048191e-05,6.80795892549213e-06
/Users/aswanathjs/Downloads/test10/ai_plastic_waste_management_training/LDPE Plastic/black_white__plastic_bags/0127_jpg.rf.e0a944e1ce1e97308374a8d04e90b773.jpg,1,LDPE Plastic,1,LDPE Plastic,0.999941349029541,2.3527947632828727e-05,0.999941349029541,2.808591261782567e-07,1.643377254367806e-05,1.8404882212053053e-05
/Users/aswanathjs/Downloads/test10/ai_plastic_waste_management_training/HDPE Plastic/detergent_bottles/0062_a02b05c1d0e0f1g1h3.jpg,0,HDPE Plastic,0,HDPE Plastic,1.0,1.0,3.88648402349645e-09,4.158134392362456e-10,4.476181370005605e-10,2.768837104039079e-10
/Users/aswanathjs/Downloads/test10/ai_plastic_waste_management_training/HDPE Plastic/detergent_botteles_grey/0062_a02b05c1d0e0f1g1h3.jpg,0,HDPE Plastic,0,HDPE Plastic,0.9999997615814209,0.9999997615814209,5.1603972650582364e-08,2.4606190862641597e-08,6.039021371861963e-08,6.946748953851056e-08
/Users/aswanathjs/Downloads/test10/ai_plastic_waste_management_training/PET Plastic/black_white_plastic_bottles/bktql_jpg.rf.306bcfeddd2b7c2e5c1f1219514fd16e.jpg,2,PET Plastic,2,PET Plastic,0.9999901056289673,8.357638762390707e-06,2.2545555111719295e-07,0.9999901056289673,9.721717333377455e-07,2.9641705623362213e-07
/Users/aswanathjs/Downloads/test10/ai_plastic_waste_management_training/HDPE Plastic/detergent_bottles/IMG_20220209_182721.jpg,0,HDPE Plastic,0,HDPE Plastic,0.9984785914421082,0.9984785914421082,7.457386345777195e-06,0.0010753723327070475,0.0004363810003269464,2.201147253799718e-06
/Users/aswanathjs/Downloads/test10/ai_plastic_waste_management_training/PP Plastic/irregular_containers/train_PP-69_jpg.rf.f12708527c83cb98ba92d9407a2162ba.jpg,3,PP Plastic,3,PP Plastic,0.9978823065757751,0.0002840051311068237,0.001679447595961392,6.125157142378157e-06,0.9978823065757751,0.00014807071420364082
/Users/aswanathjs/Downloads/test10/ai_plastic_waste_management_training/PET Plastic/plastic_bottles/PET342.jpg,2,PET Plastic,2,PET Plastic,0.9797037839889526,0.0029960095416754484,1.9746166799450293e-05,0.9797037839889526,5.592218712990871e-06,0.01727478951215744
/Users/aswanathjs/Downloads/test10/ai_plastic_waste_management_training/PET Plastic/shampoo_bottles/0015_a05b00c1d0e1f1g0h4.jpg,2,PET Plastic,2,PET Plastic,0.9995829463005066,0.00029918711516074836,8.989974958240055e-06,0.9995829463005066,9.320984099758789e-05,1.5676791008445434e-05
/Users/aswanathjs/Downloads/test10/ai_plastic_waste_management_training/LDPE Plastic/plastic_bags_grey/LDPE-447_jpg.rf.8489b29246553f393bf14b4321cb5732.jpg,1,LDPE Plastic,1,LDPE Plastic,0.9999991655349731,1.636726096876373e-07,0.9999991655349731,9.152910962484384e-08,7.218224595817446e-08,4.6976850853752694e-07
/Users/aswanathjs/Downloads/test10/ai_plastic_waste_management_training/LDPE Plastic/plastic_bags/LDPE-447_jpg.rf.8489b29246553f393bf14b4321cb5732.jpg,1,LDPE Plastic,1,LDPE Plastic,0.9999912977218628,9.148664048552746e-07,0.9999912977218628,1.269285803573439e-06,9.510746394880698e-07,5.597916697297478e-06
/Users/aswanathjs/Downloads/test10/ai_plastic_waste_management_training/HDPE Plastic/shampoo_bottles/0099_a02b01c2d1e0f1g0h0.jpg,0,HDPE Plastic,0,HDPE Plastic,1.0,1.0,2.930086173691393e-10,4.669786779487595e-10,4.6324918900886303e-10,9.286608149139397e-10
/Users/aswanathjs/Downloads/test10/ai_plastic_waste_management_training/PET Plastic/black_white_plastic_bottles/akzng_jpg.rf.21d247b0e30e78e591ebc1d877491577.jpg,2,PET Plastic,2,PET Plastic,0.9994321465492249,0.0005396659835241735,2.3705501916992944e-06,0.9994321465492249,1.0848809324670583e-05,1.4992042451922316e-05
/Users/aswanathjs/Downloads/test10/ai_plastic_waste_management_training/LDPE Plastic/plastic_bags/LDPE-20_jpg.rf.11c02bd571c93febe489b313f408ab91.jpg,1,LDPE Plastic,1,LDPE Plastic,0.9999837875366211,1.737504476295726e-06,0.9999837875366211,1.0935232239717152e-06,5.1234051170467865e-06,8.23522077553207e-06
/Users/aswanathjs/Downloads/test10/ai_plastic_waste_management_training/PS Plastic/foam_containers/Image_117.png,4,PS Plastic,4,PS Plastic,0.721564769744873,0.025871016085147858,0.07714085280895233,0.004816118627786636,0.17060723900794983,0.721564769744873
/Users/aswanathjs/Downloads/test10/ai_plastic_waste_management_training/LDPE Plastic/plastic_bags/LDPE-473_jpg.rf.1d1060071a4ab7aa75396424077fc86d.jpg,1,LDPE Plastic,1,LDPE Plastic,0.9999994039535522,3.758675575227244e-07,0.9999994039535522,1.4094361233674135e-07,3.444087681714336e-08,1.0365281610802413e-07
/Users/aswanathjs/Downloads/test10/ai_plastic_waste_management_training/HDPE Plastic/shampoo_bottles/0063_a02b01c2d3e0f1g1h4.jpg,0,HDPE Plastic,0,HDPE Plastic,0.999987006187439,0.999987006187439,7.98006681179686e-07,4.515474756772164e-06,6.2497324506693985e-06,1.4205170373315923e-06
"/Users/aswanathjs/Downloads/test10/ai_plastic_waste_management_training/PET Plastic/plastic_bottles/PET1,151.jpg",2,PET Plastic,2,PET Plastic,0.9999921321868896,3.626313400673098e-07,6.4743908296804875e-06,0.9999921321868896,8.903812158678193e-07,9.399542477694922e-08
/Users/aswanathjs/Downloads/test10/ai_plastic_waste_management_training/PET Plastic/shampoo_bottles/0100_a05b00c1d1e0f0g0h3.jpg,2,PET Plastic,2,PET Plastic,1.0,2.5482547183486304e-09,5.216765242010979e-09,1.0,4.482336990463409e-08,1.3469529935861146e-09
/Users/aswanathjs/Downloads/test10/ai_plastic_waste_management_training/PET Plastic/black_white_plastic_bottles/dosve_jpg.rf.2a18163ce9975fcd0badc62b60d42090.jpg,2,PET Plastic,2,PET Plastic,0.9999858140945435,1.2024988791381475e-05,2.93522166572302e-08,0.9999858140945435,2.027143636951223e-06,1.2530188087112037e-07
"/Users/aswanathjs/Downloads/test10/ai_plastic_waste_management_training/PET Plastic/plastic_bottles/PET1,131.jpg",2,PET Plastic,2,PET Plastic,0.9999972581863403,2.34394428844098e-06,3.068071521283855e-07,0.9999972581863403,4.66901290963051e-08,3.3365513019134596e-08
/Users/aswanathjs/Downloads/test10/ai_plastic_waste_management_training/HDPE Plastic/shampoo_bottles/0076_a02b06c1d0e0f1g0h1.jpg,0,HDPE Plastic,0,HDPE Plastic,0.9996987581253052,0.9996987581253052,1.2876770369985024e-06,0.00029952984186820686,2.7398922952670546e-07,2.9337147111618833e-07
/Users/aswanathjs/Downloads/test10/ai_plastic_waste_management_training/HDPE Plastic/shampoo_bottles/0061_a02b01c1d2e0f1g0h2.jpg,0,HDPE Plastic,0,HDPE Plastic,0.9994524121284485,0.9994524121284485,1.1946342965529766e-05,0.00011112105858046561,5.981779395369813e-05,0.00036466619349084795
/Users/aswanathjs/Downloads/test10/ai_plastic_waste_management_training/PET Plastic/plastic_bottles/PET422.jpg,2,PET Plastic,2,PET Plastic,1.0,1.549870098926931e-08,3.2060210042317294e-09,1.0,3.9006087249049415e-09,2.03166230505758e-08
/Users/aswanathjs/Downloads/test10/ai_plastic_waste_management_training/PP Plastic/irregular_containers/train_PP-71-_jpg.rf.85a506106e44decf66e916e6092d9180.jpg,3,PP Plastic,3,PP Plastic,0.9995290040969849,7.853948045521975e-05,0.0003676068736240268,1.9582770619308576e-05,0.9995290040969849,5.2886566663801204e-06
/Users/aswanathjs/Downloads/test10/ai_plastic_waste_management_training/PP Plastic/irregular_containers_grey/train_PP-71-_jpg.rf.85a506106e44decf66e916e6092d9180.jpg,3,PP Plastic,3,PP Plastic,0.9981235861778259,0.00022563611855730414,0.0009782883571460843,0.0005141797591932118,0.9981235861778259,0.0001582709519425407
"/Users/aswanathjs/Downloads/test10/ai_plastic_waste_management_training/PET Plastic/plastic_bottles/PET1,202.jpg",2,PET Plastic,2,PET Plastic,0.9999958276748657,3.9720745803606405e-07,2.9681380055990303e-06,0.9999958276748657,7.583465162497305e-07,8.777158910788785e-08
/Users/aswanathjs/Downloads/test10/ai_plastic_waste_management_training/PET Plastic/black_white_plastic_bottles/dboyc_jpg.rf.5bbb77236a3b469ddc70694890e14b0c.jpg,2,PET Plastic,2,PET Plastic,0.9999594688415527,3.51030430465471e-05,2.178325644308643e-07,0.9999594688415527,4.408762833918445e-06,8.218821676564403e-07
/Users/aswanathjs/Downloads/test10/ai_plastic_waste_management_training/LDPE Plastic/black_white__plastic_bags/0302_jpg.rf.a75c2d08c041b99926fe01943a0a5b7e.jpg,1,LDPE Plastic,1,LDPE Plastic,0.9999961853027344,1.801495386644092e-06,0.9999961853027344,9.936877631844254e-08,6.628019946219865e-07,1.2367440831440035e-06
/Users/aswanathjs/Downloads/test10/ai_plastic_waste_management_training/PS Plastic/foam_sheets/PS-783_jpg.rf.cc0cc21bc15e0d56433b30fe330ce637.jpg,4,PS Plastic,4,PS Plastic,0.9997507929801941,5.448654337669723e-05,3.430577999097295e-05,4.0709262975724414e-05,0.0001196997836814262,0.9997507929801941
/Users/aswanathjs/Downloads/test10/ai_plastic_waste_management_training/PET Plastic/black_white_plastic_bottles/aetry_jpg.rf.b5e1eaadd7763696ab49a91db47b058f.jpg,2,PET Plastic,2,PET Plastic,1.0,4.497713868012454e-10,1.4802388204060435e-09,1.0,8.372726401084662e-10,7.480909780532841e-10
/Users/aswanathjs/Downloads/test10/ai_plastic_waste_management_training/HDPE Plastic/milk_bottles/HDPEM192.jpg,0,HDPE Plastic,0,HDPE Plastic,0.9999998807907104,0.9999998807907104,3.739620169085356e-09,4.3596870114015474e-08,3.273546322901666e-09,1.5314650170239474e-07
/Users/aswanathjs/Downloads/test10/ai_plastic_waste_management_training/LDPE Plastic/plastic_bags/LDPE-397_jpg.rf.94bd49d12ad50fccfa3fd215d6f79e09.jpg,1,LDPE Plastic,1,LDPE Plastic,0.9999996423721313,4.5783501434470963e-08,0.9999996423721313,1.820231965155017e-08,2.2310926439672585e-08,3.107621182607545e-07
/Users/aswanathjs/Downloads/test10/ai_plastic_waste_management_training/LDPE Plastic/plastic_bags/test_LDPE-62_jpg.rf.9a8adf66c013155ce4b48a1e565aaedd.jpg,1,LDPE Plastic,1,LDPE Plastic,0.9999924898147583,5.344332748791203e-06,0.9999924898147583,1.1728330662208464e-07,7.170905860220955e-07,1.2833592109018355e-06
/Users/aswanathjs/Downloads/test10/ai_plastic_waste_management_training/PS Plastic/foam_sheets/PS-771_jpg.rf.5c8635740773bf33872e8368302c37de.jpg,4,PS Plastic,4,PS Plastic,0.9998595714569092,2.7728734494303353e-05,1.7341146303806454e-05,1.673292717896402e-05,7.855759031372145e-05,0.9998595714569092
/Users/aswanathjs/Downloads/test10/ai_plastic_waste_management_training/PS Plastic/foam_containers/Image_111.png,4,PS Plastic,4,PS Plastic,0.3633258044719696,0.039862923324108124,0.2812778353691101,0.008689169771969318,0.30684420466423035,0.3633258044719696
/Users/aswanathjs/Downloads/test10/ai_plastic_waste_management_training/HDPE Plastic/shampoo_bottles/0076_a02b06c1d2e0f1g0h4.jpg,0,HDPE Plastic,0,HDPE Plastic,0.9999995231628418,0.9999995231628418,1.4735514142216743e-08,4.5008292204329337e-07,3.1979350723077005e-08,6.8769261396539605e-09
/Users/aswanathjs/Downloads/test10/ai_plastic_waste_management_training/PS Plastic/foam_sheets/PS-547_jpg.rf.bfa9e4b0df528ca6f2c3739368b766df.jpg,4,PS Plastic,4,PS Plastic,0.9999996423721313,3.4423402439642814e-07,1.862900234073095e-08,1.5774203276919252e-08,1.7619685710457134e-09,0.9999996423721313
/Users/aswanathjs/Downloads/test10/ai_plastic_waste_management_training/PS Plastic/foam_containers/Image_190.png,4,PS Plastic,4,PS Plastic,0.7992109656333923,0.006671488750725985,0.014948726631700993,0.0037029606755822897,0.17546580731868744,0.7992109656333923
/Users/aswanathjs/Downloads/test10/ai_plastic_waste_management_training/HDPE Plastic/shampoo_bottles/0063_a02b01c1d2e0f1g1h0.jpg,0,HDPE Plastic,0,HDPE Plastic,1.0,1.0,3.372683909930174e-09,7.479886043881834e-09,1.2722817466226388e-08,1.1682665501666634e-08
/Users/aswanathjs/Downloads/test10/ai_plastic_waste_management_training/PET Plastic/black_white_plastic_bottles/dgrmz_jpg.rf.4a99c51d08d515ffb4f6919655df6da8.jpg,2,PET Plastic,2,PET Plastic,0.9994282126426697,0.0004995305789634585,1.2077283827238716e-05,0.9994282126426697,2.4195454898290336e-05,3.599124829634093e-05
/Users/aswanathjs/Downloads/test10/ai_plastic_waste_management_training/LDPE Plastic/plastic_bags/plasticbag (90).jpg,1,LDPE Plastic,1,LDPE Plastic,0.9955273270606995,6.131770078354748e-06,0.9955273270606995,0.003333722474053502,0.00010310336074326187,0.0010297369444742799
/Users/aswanathjs/Downloads/test10/ai_plastic_waste_management_training/LDPE Plastic/plastic_bags/LDPE-438_jpg.rf.83f7c2a65e70c10bea8399bcfeee1fbb.jpg,1,LDPE Plastic,1,LDPE Plastic,0.9999573230743408,6.740643129887758e-06,0.9999573230743408,1.3699503824682324e-06,1.0510642823646776e-05,2.4095081244013272e-05
/Users/aswanathjs/Downloads/test10/ai_plastic_waste_management_training/LDPE Plastic/plastic_bags/plasticbag (162) 17.43.56.jpg,1,LDPE Plastic,1,LDPE Plastic,0.9999922513961792,5.401893190537521e-07,0.9999922513961792,1.0064984223845386e-07,4.024383542855503e-06,3.0337253065226832e-06
/Users/aswanathjs/Downloads/test10/ai_plastic_waste_management_training/PP Plastic/square_containers_grey/IMG_20220209_175348.jpg,3,PP Plastic,3,PP Plastic,0.9999923706054688,1.7984363012146787e-06,4.150812856096309e-06,7.583468004668248e-07,0.9999923706054688,9.550449249218218e-07
/Users/aswanathjs/Downloads/test10/ai_plastic_waste_management_training/PP Plastic/square_containers/IMG_20220209_175348.jpg,3,PP Plastic,3,PP Plastic,0.9999833106994629,4.186802925687516e-06,7.236050805659033e-06,2.49210347647022e-06,0.9999833106994629,2.6946729576593498e-06
/Users/aswanathjs/Downloads/test10/ai_plastic_waste_management_training/PET Plastic/black_white_plastic_bottles/bhtqk_jpg.rf.1e2fb6b794338788a81ecf4e918ca029.jpg,2,PET Plastic,2,PET Plastic,0.9993513226509094,0.0006333884666673839,1.0902271014856524e-06,0.9993513226509094,9.984722964873072e-06,4.2108490561076906e-06
/Users/aswanathjs/Downloads/test10/ai_plastic_waste_management_training/PET Plastic/black_white_plastic_bottles/cfzyp_jpg.rf.e2292d8cc0bf9dd512de160364fb6664.jpg,2,PET Plastic,2,PET Plastic,0.9992642998695374,0.0002708097454160452,0.00023762404453009367,0.9992642998695374,0.00016910677368286997,5.815829354105517e-05
/Users/aswanathjs/Downloads/test10/ai_plastic_waste_management_training/HDPE Plastic/shampoo_bottiles_grey/0065_a02b03c1d3e0f1g0h2.jpg,0,HDPE Plastic,0,HDPE Plastic,1.0,1.0,2.1993424442756648e-11,1.4001779770345113e-11,4.552027199622444e-09,1.4905507383922156e-10
/Users/aswanathjs/Downloads/test10/ai_plastic_waste_management_training/HDPE Plastic/shampoo_bottles/0065_a02b03c1d3e0f1g0h2.jpg,0,HDPE Plastic,0,HDPE Plastic,1.0,1.0,1.4728726918655788e-11,2.373772619440606e-12,2.346413861820107e-11,5.242111866116117e-12
/Users/aswanathjs/Downloads/test10/ai_plastic_waste_management_training/PET Plastic/black_white_plastic_bottles/dfrup_jpg.rf.fc265beee5709130335406b8bc3de249.jpg,2,PET Plastic,2,PET Plastic,0.9999740123748779,1.666797834332101e-05,3.1970241707313107e-06,0.9999740123748779,4.862468813371379e-06,1.181769221147988e-06
/Users/aswanathjs/Downloads/test10/ai_plastic_waste_management_training/HDPE Plastic/milk_bottles/HDPEM89.jpg,0,HDPE Plastic,0,HDPE Plastic,0.9999988079071045,0.9999988079071045,5.903868949275193e-09,6.770699201297248e-07,3.539925614859385e-07,1.1481555617365302e-07
/Users/aswanathjs/Downloads/test10/ai_plastic_waste_management_training/PS Plastic/foam_sheets/PS-773_jpg.rf.2d909fe25b478b2f51f31184d06bde99.jpg,4,PS Plastic,4,PS Plastic,0.9999732971191406,1.130808232119307e-05,7.151943009375827e-06,2.744603534665657e-06,5.463962224894203e-06,0.9999732971191406
/Users/aswanathjs/Downloads/test10/ai_plastic_waste_management_training/HDPE Plastic/milk_bottles/HDPEM290.jpg,0,HDPE Plastic,0,HDPE Plastic,0.9999529123306274,0.9999529123306274,2.997890362621547e-07,4.1930627048714086e-05,2.6048719519167207e-06,2.2120418634585803e-06
/Users/aswanathjs/Downloads/test10/ai_plastic_waste_management_training/PP Plastic/round_containers/0032_a05b01c1d3e0f0g0h3.jpg,3,PP Plastic,3,PP Plastic,0.9999243021011353,1.7901527826325037e-05,6.745092377968831e-07,4.9949478125199676e-05,0.9999243021011353,7.127468961698469e-06
/Users/aswanathjs/Downloads/test10/ai_plastic_waste_management_training/PP Plastic/round_containers/0009_a06b01c2d0e0f0g0h2.jpg,3,PP Plastic,3,PP Plastic,0.9999673366546631,7.5975785875925794e-06,1.690970776735412e-07,2.4723107344470918e-05,0.9999673366546631,2.011360749065716e-07
/Users/aswanathjs/Downloads/test10/ai_plastic_waste_management_training/HDPE Plastic/shampoo_bottles/0078_a02b07c2d0e0f1g0h2.jpg,0,HDPE Plastic,0,HDPE Plastic,0.9999998807907104,0.9999998807907104,1.683654216044772e-09,8.208113655427951e-08,8.876114065969887e-09,1.1794178966795243e-09
"/Users/aswanathjs/Downloads/test10/ai_plastic_waste_management_training/PET Plastic/plastic_bottles/PET1,727.jpg",2,PET Plastic,2,PET Plastic,1.0,2.8718501535185403e-11,1.2682700376021039e-11,1.0,3.418193462653707e-12,1.3606829421877742e-12
/Users/aswanathjs/Downloads/test10/ai_plastic_waste_management_training/HDPE Plastic/detergent_bottles/0039_a02b01c1d3e0f1g0h4.jpg,0,HDPE Plastic,0,HDPE Plastic,0.999963641166687,0.999963641166687,2.1750911400886253e-06,9.935560228768736e-06,9.706948731036391e-06,1.4545572412316687e-05
/Users/aswanathjs/Downloads/test10/ai_plastic_waste_management_training/PET Plastic/black_white_plastic_bottles/cgbwi_jpg.rf.24e952c63d24ba0e80197cf6fb3dbd3c.jpg,2,PET Plastic,2,PET Plastic,0.9999208450317383,7.369128434220329e-05,8.088689469332166e-07,0.9999208450317383,4.0227817521554243e-07,4.276619620213751e-06
/Users/aswanathjs/Downloads/test10/ai_plastic_waste_management_training/PP Plastic/round_containers/0035_a06b01c2d1e0f0g0h1.jpg,3,PP Plastic,3,PP Plastic,0.9999982118606567,1.135232537308184e-06,1.0957013785173331e-07,4.4045060576536343e-07,0.9999982118606567,4.641633566393466e-08
/Users/aswanathjs/Downloads/test10/ai_plastic_waste_management_training/LDPE Plastic/plastic_bags/train_LDPE-10_jpg.rf.b3c0136a4989d02ce10e24ecbb0a71d8.jpg,1,LDPE Plastic,1,LDPE Plastic,0.999968409538269,2.7313661121297628e-05,0.999968409538269,8.415060506195005e-07,1.6297906313411659e-06,1.7629063222557306e-06
/Users/aswanathjs/Downloads/test10/ai_plastic_waste_management_training/HDPE Plastic/shampoo_bottles/0075_a02b01c1d1e0f0g0h0.jpg,0,HDPE Plastic,0,HDPE Plastic,0.9999996423721313,0.9999996423721313,5.108058975800134e-10,1.5883282244999464e-08,2.9936759915472066e-07,2.619523487012998e-09
/Users/aswanathjs/Downloads/test10/ai_plastic_waste_management_training/HDPE Plastic/shampoo_bottles/0078_a02b07c2d1e0f1g0h3.jpg,0,HDPE Plastic,0,HDPE Plastic,1.0,1.0,2.1838425165454645e-11,7.6533351878183e-10,8.403183704430717e-11,6.104840938325751e-11
/Users/aswanathjs/Downloads/test10/ai_plastic_waste_management_training/PET Plastic/black_white_plastic_bottles/ctzjw_jpg.rf.3d9f231ae2761babb58f5c51af6f24b1.jpg,2,PET Plastic,2,PET Plastic,0.9999997615814209,4.3679261096940536e-08,8.355598879461468e-08,0.9999997615814209,7.745461516606156e-08,4.6433765277242856e-08
/Users/aswanathjs/Downloads/test10/ai_plastic_waste_management_training/PP Plastic/square_containers/IMG_20220209_173116.jpg,3,PP Plastic,3,PP Plastic,0.9999994039535522,5.645831038236793e-07,3.2420125251064746e-08,1.1918913633834904e-09,0.9999994039535522,2.0904572517466136e-10
/Users/aswanathjs/Downloads/test10/ai_plastic_waste_management_training/PET Plastic/black_white_plastic_bottles/ahjgw_jpg.rf.95a9b028b159282a7b7c739ecc50c962.jpg,2,PET Plastic,2,PET Plastic,0.9976322650909424,0.0002276961167808622,0.0016602047253400087,0.9976322650909424,0.0003706697025336325,0.00010916334576904774
/Users/aswanathjs/Downloads/test10/ai_plastic_waste_management_training/PP Plastic/square_containers/Image_100.png,3,PP Plastic,3,PP Plastic,0.96406090259552,0.0031093056313693523,0.03134011849761009,0.00011471783363958821,0.96406090259552,0.0013749051140621305
/Users/aswanathjs/Downloads/test10/ai_plastic_waste_management_training/PS Plastic/foam_containers/Image_100.png,3,PP Plastic,4,PS Plastic,0.6684951782226562,0.04310135543346405,0.13070467114448547,0.010279816575348377,0.1474190056324005,0.6684951782226562
/Users/aswanathjs/Downloads/test10/ai_plastic_waste_management_training/PET Plastic/plastic_bottles/PET307.jpg,2,PET Plastic,2,PET Plastic,0.9999996423721313,2.774793586013402e-07,8.081888580591112e-08,0.9999996423721313,1.043992181593012e-08,7.129273171813111e-09
/Users/aswanathjs/Downloads/test10/ai_plastic_waste_management_training/HDPE Plastic/milk_bottles/HDPEM271.jpg,0,HDPE Plastic,0,HDPE Plastic,1.0,1.0,4.792067298531322e-10,4.073008597060834e-09,5.289465754287903e-09,5.355890841940436e-09
/Users/aswanathjs/Downloads/test10/ai_plastic_waste_management_training/HDPE Plastic/shampoo_bottles/0023_a02b01c2d3e0f1g0h4.jpg,0,HDPE Plastic,0,HDPE Plastic,0.9999998807907104,0.9999998807907104,3.304171158902136e-09,5.16694464991474e-09,8.606098589325484e-08,5.06861175253448e-09
/Users/aswanathjs/Downloads/test10/ai_plastic_waste_management_training/HDPE Plastic/shampoo_bottles/0065_a02b03c2d3e0f1g0h2.jpg,0,HDPE Plastic,0,HDPE Plastic,1.0,1.0,5.9049930743737544e-12,4.33836864002779e-12,1.8714058080959717e-11,4.571737086123129e-12
/Users/aswanathjs/Downloads/test10/ai_plastic_waste_management_training/PP Plastic/square_containers_grey/Image_125.png,3,PP Plastic,3,PP Plastic,0.9230596423149109,0.0009104051860049367,0.07201916724443436,0.00013468042016029358,0.9230596423149109,0.0038760616444051266
/Users/aswanathjs/Downloads/test10/ai_plastic_waste_management_training/PP Plastic/square_containers/Image_125.png,3,PP Plastic,3,PP Plastic,0.9361995458602905,0.0018865569727495313,0.05625961720943451,0.000265017879428342,0.9361995458602905,0.0053892359137535095
/Users/aswanathjs/Downloads/test10/ai_plastic_waste_management_training/PS Plastic/foam_containers/Image_125.png,3,PP Plastic,4,PS Plastic,0.46923384070396423,0.029243173077702522,0.08167130500078201,0.012654363177716732,0.40719735622406006,0.46923384070396423
/Users/aswanathjs/Downloads/test10/ai_plastic_waste_management_training/HDPE Plastic/shampoo_bottles/0063_a02b01c1d3e0f1g1h1.jpg,0,HDPE Plastic,0,HDPE Plastic,0.9999996423721313,0.9999996423721313,3.4009978833182686e-08,7.617558139827452e-08,1.2620812128716352e-07,1.06368247543287e-07
/Users/aswanathjs/Downloads/test10/ai_plastic_waste_management_training/LDPE Plastic/black_white__plastic_bags/0280_jpg.rf.35aaa5f342df8f51d80f05feb1132923.jpg,1,LDPE Plastic,1,LDPE Plastic,0.9995861649513245,0.0003497237339615822,0.9995861649513245,1.1213684558697423e-07,9.62807553150924e-06,5.437516301753931e-05
/Users/aswanathjs/Downloads/test10/ai_plastic_waste_management_training/HDPE Plastic/shampoo_bottles/0077_a02b01c1d1e0f1g0h1.jpg,0,HDPE Plastic,0,HDPE Plastic,1.0,1.0,9.877221436582762e-12,2.466043758087011e-10,4.4124513071119864e-11,1.3155695977040693e-10
/Users/aswanathjs/Downloads/test10/ai_plastic_waste_management_training/LDPE Plastic/plastic_bags_grey/plasticbag (4).jpg,1,LDPE Plastic,1,LDPE Plastic,0.9999738931655884,2.3665231765335193e-06,0.9999738931655884,1.1862689461850096e-06,1.5767541299283039e-06,2.1033032680861652e-05
/Users/aswanathjs/Downloads/test10/ai_plastic_waste_management_training/LDPE Plastic/plastic_bags/plasticbag (4).jpg,1,LDPE Plastic,1,LDPE Plastic,0.9999507665634155,1.0126870620297268e-05,0.9999507665634155,3.751400981855113e-06,6.457843937823782e-06,2.8942766221007332e-05
/Users/aswanathjs/Downloads/test10/ai_plastic_waste_management_training/LDPE Plastic/plastic_bags/plasticbag (4).png,1,LDPE Plastic,1,LDPE Plastic,0.9999990463256836,9.749896179300777e-08,0.9999990463256836,1.373309110874743e-08,2.9488026598301076e-07,5.997701464366401e-07
/Users/aswanathjs/Downloads/test10/ai_plastic_waste_management_training/LDPE Plastic/black_white__plastic_bags/0036_jpg.rf.bc66ef850914d311fc6e2fde687c7af2.jpg,1,LDPE Plastic,1,LDPE Plastic,0.9853973984718323,0.001952862599864602,0.9853973984718323,1.5090674423845485e-05,0.0002102611615555361,0.012424388900399208
/Users/aswanathjs/Downloads/test10/ai_plastic_waste_management_training/PP Plastic/irregular_containers/train_PP-49_jpg.rf.c622f122f16aae57b8e77672375427cd.jpg,3,PP Plastic,3,PP Plastic,0.9991356730461121,0.0008598731947131455,3.6439175801206147e-06,1.1173816005793924e-07,0.9991356730461121,6.711390483360447e-07
"/Users/aswanathjs/Downloads/test10/ai_plastic_waste_management_training/PET Plastic/plastic_bottles/PET1,339.jpg",2,PET Plastic,2,PET Plastic,0.9999710321426392,2.7667392714647576e-05,8.059306111363185e-08,0.9999710321426392,1.14516194571479e-06,1.6358312393549568e-07
"/Users/aswanathjs/Downloads/test10/ai_plastic_waste_management_training/PET Plastic/plastic_bottles/PET1,211.jpg",2,PET Plastic,2,PET Plastic,0.9999998807907104,2.1186634668879378e-08,8.739907997323826e-08,0.9999998807907104,2.9507106091841706e-08,6.700438870410608e-09
/Users/aswanathjs/Downloads/test10/ai_plastic_waste_management_training/PS Plastic/foam_sheets/PS-541_jpg.rf.94bc0a0945f6d5ad21f36be039cd2d5c.jpg,4,PS Plastic,4,PS Plastic,0.9999997615814209,2.705639587929909e-07,2.3036932361719664e-09,2.983743252471527e-09,3.98355182174015e-10,0.9999997615814209
/Users/aswanathjs/Downloads/test10/ai_plastic_waste_management_training/HDPE Plastic/milk_bottles/HDPEM136.jpg,0,HDPE Plastic,0,HDPE Plastic,1.0,1.0,4.780379217472763e-11,1.6206284092490364e-09,1.4757882915716891e-08,7.29592997128492e-10
/Users/aswanathjs/Downloads/test10/ai_plastic_waste_management_training/LDPE Plastic/bin_bags/LDPE242-Photoroom_0_6216_jpg.rf.47231db1f481496611e5e4dad4e347d9.jpg,1,LDPE Plastic,1,LDPE Plastic,0.6145647168159485,0.054379962384700775,0.6145647168159485,0.004987089894711971,0.2663484215736389,0.05971980467438698
/Users/aswanathjs/Downloads/test10/ai_plastic_waste_management_training/LDPE Plastic/bin_bags/LDPE242-Photoroom_0_6216_jpg.rf.b7bbb84c4117a4d9ca53a412b2746460.jpg,1,LDPE Plastic,1,LDPE Plastic,1.0,4.801647903070194e-13,1.0,1.6488840457948295e-12,1.2132990738402544e-13,1.4392161906684464e-09
/Users/aswanathjs/Downloads/test10/ai_plastic_waste_management_training/LDPE Plastic/bin_bags_grey/LDPE242-Photoroom_0_6216_jpg.rf.b7bbb84c4117a4d9ca53a412b2746460.jpg,1,LDPE Plastic,1,LDPE Plastic,1.0,1.3606232026480702e-12,1.0,4.6078835191920575e-12,2.559292025267751e-13,3.5350142812973218e-09
/Users/aswanathjs/Downloads/test10/ai_plastic_waste_management_training/PET Plastic/black_white_plastic_bottles/aznvl_jpg.rf.a3eb2b72f928bc0af1c03ffb37c16788.jpg,2,PET Plastic,2,PET Plastic,0.9999862909317017,1.8028404156211764e-06,1.8605122704684618e-06,0.9999862909317017,8.979744052339811e-06,1.0295833590134862e-06
/Users/aswanathjs/Downloads/test10/ai_plastic_waste_management_training/LDPE Plastic/plastic_bags/test_LDPE-50_jpg.rf.cc65e6440981f1f09e18444523c0455a.jpg,1,LDPE Plastic,1,LDPE Plastic,0.9999998807907104,9.283605351129154e-08,0.9999998807907104,1.6832552018897218e-10,1.124036905220116e-10,9.313876780936425e-09
/Users/aswanathjs/Downloads/test10/ai_plastic_waste_management_training/PP Plastic/round_containers/0031_a05b01c1d1e0f0g0h1.jpg,3,PP Plastic,3,PP Plastic,0.9998331069946289,0.00016529212007299066,1.4534322190229432e-06,3.964307992987415e-08,0.9998331069946289,1.0743803358082005e-07
/Users/aswanathjs/Downloads/test10/ai_plastic_waste_management_training/HDPE Plastic/detergent_bottles/0010_a02b01c1d0e0f1g0h1.jpg,0,HDPE Plastic,0,HDPE Plastic,0.9999932050704956,0.9999932050704956,2.5549546478487173e-08,3.8683759839841514e-07,6.25964912615018e-06,6.145476305619013e-08
/Users/aswanathjs/Downloads/test10/ai_plastic_waste_management_training/HDPE Plastic/detergent_botteles_grey/0010_a02b01c1d0e0f1g0h1.jpg,0,HDPE Plastic,0,HDPE Plastic,0.9999994039535522,0.9999994039535522,1.4054342578617707e-08,2.4850260516018352e-08,5.372743885345699e-07,1.1240353536834391e-08
/Users/aswanathjs/Downloads/test10/ai_plastic_waste_management_training/PS Plastic/foam_sheets/PS-891_jpg.rf.a446fb97beba4ad961e90772351469a9.jpg,4,PS Plastic,4,PS Plastic,0.9999998807907104,1.430653782108493e-07,2.582477165447017e-08,5.39692956991189e-09,9.432548964127818e-09,0.9999998807907104
/Users/aswanathjs/Downloads/test10/ai_plastic_waste_management_training/PET Plastic/plastic_bottles/PET284.jpg,2,PET Plastic,2,PET Plastic,0.9999957084655762,9.465789503337874e-07,3.356784418429015e-06,0.9999957084655762,1.5178517331904118e-09,1.3392702946646295e-08
/Users/aswanathjs/Downloads/test10/ai_plastic_waste_management_training/HDPE Plastic/shampoo_bottles/0076_a02b06c2d0e0f1g0h4.jpg,0,HDPE Plastic,0,HDPE Plastic,0.9999997615814209,0.9999997615814209,7.871618912247413e-09,2.811647163980524e-07,1.901454105279754e-09,1.1927747678441847e-08
/Users/aswanathjs/Downloads/test10/ai_plastic_waste_management_training/PET Plastic/black_white_plastic_bottles/bzamx_jpg.rf.b77a73d01e0707cff3aea78ddda85d1e.jpg,2,PET Plastic,2,PET Plastic,0.9999885559082031,5.490790954354452e-06,3.706200573105889e-07,0.9999885559082031,5.231026079854928e-06,3.8765526255701843e-07
/Users/aswanathjs/Downloads/test10/ai_plastic_waste_management_training/HDPE Plastic/detergent_bottles/Image_243.png,0,HDPE Plastic,0,HDPE Plastic,0.9952497482299805,0.9952497482299805,0.0017751915147528052,8.737543794268277e-06,0.0028552489820867777,0.00011102821736130863
/Users/aswanathjs/Downloads/test10/ai_plastic_waste_management_training/PS Plastic/foam_containers/Image_243.png,0,HDPE Plastic,4,PS Plastic,0.6060961484909058,0.07225867360830307,0.09726332873106003,0.010036868043243885,0.21434511244297028,0.6060961484909058
/Users/aswanathjs/Downloads/test10/ai_plastic_waste_management_training/HDPE Plastic/detergent_bottles/0096_a02b04c1d3e0f0g0h3.jpg,0,HDPE Plastic,0,HDPE Plastic,0.9999852180480957,0.9999852180480957,2.0291820135298622e-07,7.878850283304928e-07,1.1492717021610588e-05,2.3097854864317924e-06
/Users/aswanathjs/Downloads/test10/ai_plastic_waste_management_training/PET Plastic/black_white_plastic_bottles/abjgk_jpg.rf.e12e90efa6341f65fe80a39652a215a3.jpg,2,PET Plastic,2,PET Plastic,0.9996408224105835,0.0003166624519508332,1.2957164017279865e-06,0.9996408224105835,4.0991413698066026e-05,2.1861420407276455e-07
/Users/aswanathjs/Downloads/test10/ai_plastic_waste_management_training/PS Plastic/foam_containers/0058_a06b01c1d3e0f0g0h0.jpg,4,PS Plastic,4,PS Plastic,0.999997615814209,1.4287763860920677e-06,4.420536470206571e-07,1.3256058650767955e-07,3.966218287132506e-07,0.999997615814209
/Users/aswanathjs/Downloads/test10/ai_plastic_waste_management_training/LDPE Plastic/plastic_bags/plasticbag (95).jpg,1,LDPE Plastic,1,LDPE Plastic,0.9999707937240601,1.3017737728659995e-05,0.9999707937240601,2.023481826540774e-08,1.4063803064345848e-05,2.1140162971278187e-06
/Users/aswanathjs/Downloads/test10/ai_plastic_waste_management_training/LDPE Plastic/black_white__plastic_bags/0287_jpg.rf.48f6a64d1e8205664647763713afe620.jpg,1,LDPE Plastic,1,LDPE Plastic,1.0,1.0247473980484756e-08,1.0,1.1211086503593037e-09,1.869534749232571e-09,7.0866650325740466e-09
/Users/aswanathjs/Downloads/test10/ai_plastic_waste_management_training/PP Plastic/square_containers/IMG_20220209_175319.jpg,3,PP Plastic,3,PP Plastic,0.9999943971633911,4.771592102770228e-06,3.008272031479464e-08,4.913712814413884e-07,0.9999943971633911,3.2942014627224125e-07
"/Users/aswanathjs/Downloads/test10/ai_plastic_waste_management_training/PET Plastic/plastic_bottles/PET1,671.jpg",2,PET Plastic,2,PET Plastic,0.8773836493492126,0.0009401363786309958,0.11743070930242538,0.8773836493492126,8.073539902397897e-06,0.004237385932356119
/Users/aswanathjs/Downloads/test10/ai_plastic_waste_management_training/LDPE Plastic/plastic_bags/LDPE-55_jpg.rf.92d80c4a5916e30f57f38f917c8df782.jpg,1,LDPE Plastic,1,LDPE Plastic,0.9999979734420776,1.0446486840010039e-06,0.9999979734420776,8.313044475016795e-08,2.0147263057879172e-07,6.922706461409689e-07
/Users/aswanathjs/Downloads/test10/ai_plastic_waste_management_training/LDPE Plastic/plastic_bags/LDPE-55_jpg.rf.bbf2bfb0a6d6cc534bac86bde66acc52.jpg,1,LDPE Plastic,1,LDPE Plastic,0.9996693134307861,6.69021246721968e-05,0.9996693134307861,6.512900654342957e-06,0.00019065040396526456,6.659479549853131e-05
/Users/aswanathjs/Downloads/test10/ai_plastic_waste_management_training/PET Plastic/plastic_bottles/PET813.jpg,2,PET Plastic,2,PET Plastic,0.9999837875366211,9.885818144539371e-06,5.0143244152422994e-06,0.9999837875366211,7.54913855871564e-08,1.2446504342733533e-06
/Users/aswanathjs/Downloads/test10/ai_plastic_waste_management_training/PET Plastic/black_white_plastic_bottles/buaxg_jpg.rf.0aaf5f50b0b33fd24adab4eae0cba1f3.jpg,2,PET Plastic,2,PET Plastic,0.9999990463256836,7.325377282541012e-07,1.618185194729449e-07,0.9999990463256836,1.2537957161384838e-07,3.576382212600038e-08
/Users/aswanathjs/Downloads/test10/ai_plastic_waste_management_training/PP Plastic/round_containers/0035_a06b01c2d0e0f0g0h1.jpg,3,PP Plastic,3,PP Plastic,0.9999951124191284,4.76660670756246e-06,2.48346587738979e-08,9.003120737816062e-08,0.9999951124191284,1.8454036521120543e-08
/Users/aswanathjs/Downloads/test10/ai_plastic_waste_management_training/LDPE Plastic/plastic_bags/plasticbag (202) 17.43.56.jpg,1,LDPE Plastic,1,LDPE Plastic,0.9957542419433594,0.0021153115667402744,0.9957542419433594,0.0006819422706030309,0.00023184431483969092,0.001216747798025608
/Users/aswanathjs/Downloads/test10/ai_plastic_waste_management_training/PET Plastic/plastic_bottles/PET383.jpg,2,PET Plastic,2,PET Plastic,0.999998927116394,9.254519568457908e-07,2.9378925958667423e-08,0.999998927116394,8.796811812317173e-08,2.1030198027460756e-08
/Users/aswanathjs/Downloads/test10/ai_plastic_waste_management_training/PS Plastic/foam_sheets/PS-578_jpg.rf.c03726dafadd0f44a0b489aecf97378a.jpg,4,PS Plastic,4,PS Plastic,0.9999979734420776,1.7199186004290823e-06,3.207975112218264e-07,5.379419576456712e-08,1.9428712860758424e-08,0.9999979734420776
/Users/aswanathjs/Downloads/test10/ai_plastic_waste_management_training/PP Plastic/round_containers/0035_a06b01c1d3e0f0g0h1.jpg,3,PP Plastic,3,PP Plastic,0.9999996423721313,1.4895391586833284e-07,1.3477055915700475e-07,3.755453192866298e-08,0.9999996423721313,8.740901336068418e-09
/Users/aswanathjs/Downloads/test10/ai_plastic_waste_management_training/LDPE Plastic/black_white__plastic_bags/0212_jpg.rf.ba87953b5ea0fccf949ddf2fee967405.jpg,1,LDPE Plastic,1,LDPE Plastic,0.9995601773262024,0.00042948187910951674,0.9995601773262024,2.840862862285576e-06,2.4868759282981046e-06,4.99297402711818e-06
/Users/aswanathjs/Downloads/test10/ai_plastic_waste_management_training/LDPE Plastic/black_white__plastic_bags/0010_jpg.rf.c08dae215cba013f747e600d5be2c42b.jpg,1,LDPE Plastic,1,LDPE Plastic,0.9993613362312317,6.93665278959088e-05,0.9993613362312317,5.0362691581540275e-06,0.0005608266219496727,3.391315658518579e-06
/Users/aswanathjs/Downloads/test10/ai_plastic_waste_management_training/PET Plastic/black_white_plastic_bottles/buhps_jpg.rf.0132a374225268f2ab552d9256129079.jpg,2,PET Plastic,2,PET Plastic,0.9996527433395386,0.00015575764700770378,0.00011374018504284322,0.9996527433395386,6.724143895553425e-05,1.0499207746761385e-05
/Users/aswanathjs/Downloads/test10/ai_plastic_waste_management_training/PS Plastic/foam_containers/Image_79.png,4,PS Plastic,4,PS Plastic,0.657503068447113,0.03218962252140045,0.13680361211299896,0.008970264345407486,0.16453345119953156,0.657503068447113
/Users/aswanathjs/Downloads/test10/ai_plastic_waste_management_training/HDPE Plastic/detergent_bottles/IMG_20220209_220107.jpg,0,HDPE Plastic,0,HDPE Plastic,0.9998286962509155,0.9998286962509155,4.390390984099213e-07,3.644732714747079e-05,0.00013385232887230814,4.230371644098341e-07
/Users/aswanathjs/Downloads/test10/ai_plastic_waste_management_training/PET Plastic/plastic_bottles/PET938.jpg,2,PET Plastic,2,PET Plastic,0.999998927116394,8.937263373809401e-07,6.920399897580864e-08,0.999998927116394,2.943894550355708e-08,5.657233348443924e-09
/Users/aswanathjs/Downloads/test10/ai_plastic_waste_management_training/PP Plastic/rectangle_containers/0011_a05b00c1d3e0f0g0h4.jpg,3,PP Plastic,3,PP Plastic,0.999902606010437,9.745071110955905e-06,7.492161785194185e-06,7.907879626145586e-05,0.999902606010437,1.034526462717622e-06
/Users/aswanathjs/Downloads/test10/ai_plastic_waste_management_training/PP Plastic/square_containers/0011_a05b00c1d3e0f0g0h4.jpg,3,PP Plastic,3,PP Plastic,0.999902606010437,9.745071110955905e-06,7.492161785194185e-06,7.907879626145586e-05,0.999902606010437,1.034526462717622e-06
"/Users/aswanathjs/Downloads/test10/ai_plastic_waste_management_training/PET Plastic/plastic_bottles/PET1,546.jpg",2,PET Plastic,2,PET Plastic,1.0,5.035413752629836e-10,4.31377173981673e-08,1.0,9.698218617071319e-11,3.940815035408107e-11
/Users/aswanathjs/Downloads/test10/ai_plastic_waste_management_training/HDPE Plastic/detergent_bottles/IMG_20220209_182711.jpg,0,HDPE Plastic,0,HDPE Plastic,0.9998050332069397,0.9998050332069397,0.00015059876022860408,3.4830765798687935e-05,8.609043106844183e-06,9.603197668184293e-07
"/Users/aswanathjs/Downloads/test10/ai_plastic_waste_management_training/PET Plastic/plastic_bottles/PET1,722.jpg",2,PET Plastic,2,PET Plastic,0.9990454316139221,0.00020002230303362012,0.00040852397796697915,0.9990454316139221,0.00028025865321978927,6.58345379633829e-05
"/Users/aswanathjs/Downloads/test10/ai_plastic_waste_management_training/PET Plastic/plastic_bottles/PET1,267.jpg",2,PET Plastic,2,PET Plastic,0.999998927116394,4.716299315532524e-07,4.626322152034845e-07,0.999998927116394,1.2268779414625897e-07,3.241101964590598e-08
/Users/aswanathjs/Downloads/test10/ai_plastic_waste_management_training/LDPE Plastic/black_white__plastic_bags/0144_jpg.rf.2462a22e9ae41eb5e560764f23d29467.jpg,1,LDPE Plastic,1,LDPE Plastic,0.9998418092727661,0.00013371030217967927,0.9998418092727661,1.5174351801761077e-06,2.017085898842197e-05,2.749534360191319e-06
/Users/aswanathjs/Downloads/test10/ai_plastic_waste_management_training/LDPE Plastic/plastic_bags/LDPE-586_jpg.rf.1f8ad740cbf30b906c3ef360fb917351.jpg,1,LDPE Plastic,1,LDPE Plastic,0.9999831914901733,6.298146217886824e-07,0.9999831914901733,3.3140884170279605e-07,1.053737105394248e-05,5.32248805029667e-06
/Users/aswanathjs/Downloads/test10/ai_plastic_waste_management_training/HDPE Plastic/shampoo_bottles/0061_a02b01c2d1e0f1g0h2(1).jpg,0,HDPE Plastic,0,HDPE Plastic,0.9999971389770508,0.9999971389770508,2.6890189630535133e-08,2.838400234850269e-07,8.274948868347565e-07,1.7478968175055343e-06
/Users/aswanathjs/Downloads/test10/ai_plastic_waste_management_training/PET Plastic/black_white_plastic_bottles/camij_jpg.rf.ab5594cbae8803a4714f77c4913e11b8.jpg,2,PET Plastic,2,PET Plastic,0.9999997615814209,2.9613833163466552e-08,5.6490890187888e-08,0.9999997615814209,5.831546090462325e-08,6.53530918270917e-08
/Users/aswanathjs/Downloads/test10/ai_plastic_waste_management_training/HDPE Plastic/shampoo_bottles/0023_a02b01c1d3e0f1g0h4.jpg,0,HDPE Plastic,0,HDPE Plastic,1.0,1.0,3.76662034895503e-10,5.39980238301041e-09,4.660819730162302e-09,1.1755931783596907e-09
/Users/aswanathjs/Downloads/test10/ai_plastic_waste_management_training/PP Plastic/square_containers/Image_132.png,3,PP Plastic,3,PP Plastic,0.9903890490531921,0.0015741846291348338,0.007731523830443621,4.87868492200505e-05,0.9903890490531921,0.0002564503811299801
/Users/aswanathjs/Downloads/test10/ai_plastic_waste_management_training/PS Plastic/foam_containers/Image_132.png,3,PP Plastic,4,PS Plastic,0.6861571073532104,0.02280019037425518,0.08231454342603683,0.002148875268176198,0.2065792828798294,0.6861571073532104
/Users/aswanathjs/Downloads/test10/ai_plastic_waste_management_training/HDPE Plastic/milk_bottles/HDPEM96.jpg,0,HDPE Plastic,0,HDPE Plastic,0.9999990463256836,0.9999990463256836,3.8211576125490865e-09,7.541925128862204e-07,1.2988157038762438e-07,6.311188371910248e-08
/Users/aswanathjs/Downloads/test10/ai_plastic_waste_management_training/PP Plastic/round_containers/0032_a05b01c1d3e0f0g0h4.jpg,3,PP Plastic,3,PP Plastic,0.9988670349121094,0.0011278350139036775,2.2677541267057677e-07,3.7369534311437747e-06,0.9988670349121094,1.2230343600094784e-06
"/Users/aswanathjs/Downloads/test10/ai_plastic_waste_management_training/PET Plastic/plastic_bottles/PET1,429.jpg",2,PET Plastic,2,PET Plastic,0.9999997615814209,2.8528928552873367e-08,2.1254740545373352e-07,0.9999997615814209,5.72355531858193e-08,2.399702303534923e-08
/Users/aswanathjs/Downloads/test10/ai_plastic_waste_management_training/PET Plastic/black_white_plastic_bottles/dklnv_jpg.rf.bac7619e573359f8daaed19610d9e2c2.jpg,2,PET Plastic,2,PET Plastic,0.9998542070388794,0.00013933231821283698,3.285782952389127e-07,0.9998542070388794,5.27170232089702e-06,8.830069191390066e-07
/Users/aswanathjs/Downloads/test10/ai_plastic_waste_management_training/LDPE Plastic/plastic_bags/plasticbag (177) 17.43.56.jpg,1,LDPE Plastic,1,LDPE Plastic,1.0,2.242796703910699e-08,1.0,4.4782844099700014e-09,1.1031775493108853e-10,3.892857147747009e-09
/Users/aswanathjs/Downloads/test10/ai_plastic_waste_management_training/LDPE Plastic/plastic_bags/LDPE-748_jpg.rf.b09b90f75dda2521362f715963c77176.jpg,1,LDPE Plastic,1,LDPE Plastic,0.9997335076332092,5.4122047004057094e-05,0.9997335076332092,1.422948935214663e-05,0.00014355097664520144,5.4556057875743136e-05
/Users/aswanathjs/Downloads/test10/ai_plastic_waste_management_training/HDPE Plastic/milk_bottles/HDPEM207.jpg,0,HDPE Plastic,0,HDPE Plastic,1.0,1.0,9.382215004904992e-10,1.0890105706096165e-08,1.4494005995402404e-09,2.4768363360294643e-08
