image_path,true_label,true_class,predicted_label,predicted_class,confidence,probability_HDPE_Plastic,probability_LDPE_Plastic,probability_PET_Plastic,probability_PP_Plastic,probability_PS_Plastic
/Users/aswanathjs/Downloads/test9/ai_plastic_waste_management_training/PET Plastic/black_white_plastic_bottles/bwkzp_jpg.rf.f6a41f5aa1a34a50f8a2c4b2a8f4f86d.jpg,2,PET Plastic,2,PET Plastic,0.9999979734420776,5.584115001511236e-07,7.550639224973565e-07,0.9999979734420776,2.5480625254203915e-07,5.361690682548215e-07
/Users/aswanathjs/Downloads/test9/ai_plastic_waste_management_training/PET Plastic/shampoo_bottles/0100_a05b00c2d3e0f0g0h1.jpg,2,PET Plastic,2,PET Plastic,0.9999908208847046,7.332131417570054e-07,5.185891495784745e-06,0.9999908208847046,2.9730977075814735e-06,3.80585532866462e-07
/Users/aswanathjs/Downloads/test9/ai_plastic_waste_management_training/PET Plastic/shampoo_bottles/0100_a05b00c1d0e0f0g0h4.jpg,2,PET Plastic,2,PET Plastic,0.9999740123748779,2.0936986402375624e-06,6.6673469518718775e-06,0.9999740123748779,1.6627935110591352e-05,6.336150590868783e-07
/Users/aswanathjs/Downloads/test9/ai_plastic_waste_management_training/LDPE Plastic/plastic_bags/LDPE-379_jpg.rf.f5ed3564e0f9df6a6aad508a3724e5fb.jpg,1,LDPE Plastic,1,LDPE Plastic,0.9999480247497559,1.6572531649217126e-06,0.9999480247497559,5.696332664228976e-06,1.1543993423401844e-05,3.3041764254448935e-05
/Users/aswanathjs/Downloads/test9/ai_plastic_waste_management_training/LDPE Plastic/plastic_bags/plasticbag (52).jpg,1,LDPE Plastic,1,LDPE Plastic,0.9988460540771484,5.825660264235921e-05,0.9988460540771484,0.0001337163121206686,0.000854503596201539,0.00010748476779554039
/Users/aswanathjs/Downloads/test9/ai_plastic_waste_management_training/HDPE Plastic/detergent_bottles/IMG_20220209_182214.jpg,0,HDPE Plastic,0,HDPE Plastic,0.9999983310699463,0.9999983310699463,3.9870884371850934e-10,4.2302723102238815e-08,1.6518184793312685e-06,6.168569210984742e-09
/Users/aswanathjs/Downloads/test9/ai_plastic_waste_management_training/PP Plastic/square_containers/IMG20220210150403.jpg,3,PP Plastic,3,PP Plastic,0.974767804145813,0.02503369189798832,3.233785537304357e-05,5.286383020575158e-05,0.974767804145813,0.0001133545592892915
/Users/aswanathjs/Downloads/test9/ai_plastic_waste_management_training/PET Plastic/plastic_bottles/PET303.jpg,2,PET Plastic,2,PET Plastic,0.9999991655349731,1.879219979628033e-07,1.382762917501168e-07,0.9999991655349731,4.221109861646255e-07,6.8803083230761786e-09
/Users/aswanathjs/Downloads/test9/ai_plastic_waste_management_training/PP Plastic/rectangle_containers/0011_a05b00c1d0e0f0g0h3.jpg,3,PP Plastic,3,PP Plastic,0.9997939467430115,2.309989940840751e-05,1.1634317161224317e-05,0.000159968898515217,0.9997939467430115,1.1320804333081469e-05
/Users/aswanathjs/Downloads/test9/ai_plastic_waste_management_training/PP Plastic/square_containers/0011_a05b00c1d0e0f0g0h3.jpg,3,PP Plastic,3,PP Plastic,0.9997939467430115,2.309989940840751e-05,1.1634317161224317e-05,0.000159968898515217,0.9997939467430115,1.1320804333081469e-05
/Users/aswanathjs/Downloads/test9/ai_plastic_waste_management_training/PET Plastic/black_white_plastic_bottles/cmbly_jpg.rf.4690ab661cffb8f7cbef59e73be4c960.jpg,2,PET Plastic,2,PET Plastic,0.9999517202377319,4.474363231565803e-05,9.511539929007995e-07,0.9999517202377319,1.5852052115405968e-07,2.4749813292146428e-06
"/Users/aswanathjs/Downloads/test9/ai_plastic_waste_management_training/PET Plastic/plastic_bottles/PET1,256.jpg",2,PET Plastic,2,PET Plastic,0.9999979734420776,8.121701853269769e-07,2.9851813110326475e-07,0.9999979734420776,3.7917644135632145e-07,4.626670602192462e-07
/Users/aswanathjs/Downloads/test9/ai_plastic_waste_management_training/LDPE Plastic/black_white__plastic_bags/0188_jpg.rf.f50f1292abf642d454800ee713afdc29.jpg,1,LDPE Plastic,1,LDPE Plastic,0.9999767541885376,6.1304904193093535e-06,0.9999767541885376,3.1232657420332544e-06,3.646883897090447e-06,1.0287112672813237e-05
/Users/aswanathjs/Downloads/test9/ai_plastic_waste_management_training/PET Plastic/plastic_bottles/PET996.jpg,2,PET Plastic,2,PET Plastic,0.9999979734420776,2.786618722439016e-07,1.6041374237829586e-06,0.9999979734420776,1.1063165317182211e-07,1.2753217504268832e-07
/Users/aswanathjs/Downloads/test9/ai_plastic_waste_management_training/HDPE Plastic/shampoo_bottles/0099_a02b01c1d1e0f1g0h0.jpg,0,HDPE Plastic,0,HDPE Plastic,1.0,1.0,8.327569883670449e-11,3.394225345232371e-09,2.8274154129093176e-09,4.6451353874488177e-10
/Users/aswanathjs/Downloads/test9/ai_plastic_waste_management_training/PET Plastic/shampoo_bottles/0015_a05b00c2d2e1f1g0h2.jpg,2,PET Plastic,2,PET Plastic,0.9999957084655762,7.115538096513774e-07,1.0359398174841772e-06,0.9999957084655762,2.0455386220419314e-06,5.212182827563083e-07
/Users/aswanathjs/Downloads/test9/ai_plastic_waste_management_training/PS Plastic/foam_sheets/PS-725_jpg.rf.265279c03fd2a7f3def767a1f0d0fb85.jpg,4,PS Plastic,4,PS Plastic,0.999908447265625,1.445837551727891e-05,1.775867417563859e-06,4.726464794657659e-06,7.061192445689812e-05,0.999908447265625
/Users/aswanathjs/Downloads/test9/ai_plastic_waste_management_training/PET Plastic/shampoo_bottles/0080_a05b00c2d3e0f1g0h0.jpg,2,PET Plastic,2,PET Plastic,0.9999752044677734,8.573471859563142e-06,7.780206942697987e-06,0.9999752044677734,6.868792297609616e-06,1.5937608850435936e-06
/Users/aswanathjs/Downloads/test9/ai_plastic_waste_management_training/HDPE Plastic/shampoo_bottles/0065_a02b03c2d0e0f1g0h3.jpg,0,HDPE Plastic,0,HDPE Plastic,0.999953031539917,0.999953031539917,7.611611607671875e-08,4.455174712347798e-05,2.0011982542200712e-06,3.08120092995523e-07
/Users/aswanathjs/Downloads/test9/ai_plastic_waste_management_training/HDPE Plastic/shampoo_bottiles_grey/0063_a02b01c2d1e0f1g1h2.jpg,0,HDPE Plastic,0,HDPE Plastic,0.9999481439590454,0.9999481439590454,6.7068276621284895e-06,1.5531846656813286e-05,2.410575507383328e-05,5.587978648691205e-06
/Users/aswanathjs/Downloads/test9/ai_plastic_waste_management_training/HDPE Plastic/shampoo_bottles/0063_a02b01c2d1e0f1g1h2.jpg,0,HDPE Plastic,0,HDPE Plastic,0.9999959468841553,0.9999959468841553,1.0418127516231834e-07,2.395456249359995e-06,1.3184468343752087e-06,2.4805530074445414e-07
/Users/aswanathjs/Downloads/test9/ai_plastic_waste_management_training/PS Plastic/foam_containers/Image_83.png,4,PS Plastic,4,PS Plastic,0.4202252924442291,0.15162310004234314,0.18862338364124298,0.019060367718338966,0.22046786546707153,0.4202252924442291
/Users/aswanathjs/Downloads/test9/ai_plastic_waste_management_training/PET Plastic/black_white_plastic_bottles/daxmw_jpg.rf.de5e8107e88aee1aeb897e73c8ef5585.jpg,2,PET Plastic,2,PET Plastic,0.9999951124191284,1.286403858102858e-06,2.562199597377912e-06,0.9999951124191284,1.0528773373152944e-06,6.740660296600254e-08
"/Users/aswanathjs/Downloads/test9/ai_plastic_waste_management_training/PET Plastic/plastic_bottles/PET1,709.jpg",2,PET Plastic,2,PET Plastic,1.0,6.9263590418700005e-09,4.867159453247893e-10,1.0,4.6437800826915065e-10,1.5682694032292943e-10
/Users/aswanathjs/Downloads/test9/ai_plastic_waste_management_training/PP Plastic/round_containers/IMG_20220209_174527.jpg,3,PP Plastic,3,PP Plastic,0.9999005794525146,1.7466358258388937e-05,3.483509135548957e-05,4.697567055700347e-05,0.9999005794525146,1.448119633096212e-07
"/Users/aswanathjs/Downloads/test9/ai_plastic_waste_management_training/PET Plastic/plastic_bottles/PET1,665.jpg",2,PET Plastic,2,PET Plastic,0.9999997615814209,6.701217358795475e-09,2.754129866389121e-07,0.9999997615814209,1.6246420875276613e-09,2.789404707215226e-09
/Users/aswanathjs/Downloads/test9/ai_plastic_waste_management_training/PS Plastic/foam_containers/styrofoam-129-_jpg.rf.f085126d9d8a168843dc1b675d87a509.jpg,4,PS Plastic,4,PS Plastic,0.9996893405914307,3.31231567543e-05,2.7828565407617134e-07,5.810033144371118e-06,0.00027140023303218186,0.9996893405914307
/Users/aswanathjs/Downloads/test9/ai_plastic_waste_management_training/LDPE Plastic/plastic_bags/LDPE-30_jpg.rf.6b62df7b27253bd40adbf73c6a0d7070.jpg,1,LDPE Plastic,1,LDPE Plastic,0.9999024868011475,2.9672296477656346e-06,0.9999024868011475,3.44658315043489e-06,2.2284402803052217e-05,6.885551556479186e-05
/Users/aswanathjs/Downloads/test9/ai_plastic_waste_management_training/LDPE Plastic/plastic_bags/LDPE-30_jpg.rf.11254a815e14b64c2c3ebfba0477ce2f.jpg,1,LDPE Plastic,1,LDPE Plastic,0.9990189075469971,0.0001636684319237247,0.9990189075469971,0.00045237690210342407,0.0003345003060530871,3.0556111596524715e-05
/Users/aswanathjs/Downloads/test9/ai_plastic_waste_management_training/PET Plastic/black_white_plastic_bottles/bfasp_jpg.rf.1d174e0deacf5daf19d01fadc78bb4e9.jpg,2,PET Plastic,2,PET Plastic,0.9999943971633911,1.044911186909303e-06,7.704132372055028e-07,0.9999943971633911,2.864201860575122e-06,9.533997058497334e-07
/Users/aswanathjs/Downloads/test9/ai_plastic_waste_management_training/PP Plastic/square_containers/Image_106.png,3,PP Plastic,3,PP Plastic,0.9962330460548401,0.0016132901655510068,0.002061156090348959,1.1782057299569715e-05,0.9962330460548401,8.07070973678492e-05
/Users/aswanathjs/Downloads/test9/ai_plastic_waste_management_training/PS Plastic/foam_containers/Image_106.png,3,PP Plastic,3,PP Plastic,0.9802498817443848,0.00039687639218755066,0.014720498584210873,0.00011582206934690475,0.9802498817443848,0.004516934510320425
/Users/aswanathjs/Downloads/test9/ai_plastic_waste_management_training/LDPE Plastic/black_white__plastic_bags/0072_jpg.rf.1f5d6771bc0aaa991713d4deec733d61.jpg,1,LDPE Plastic,1,LDPE Plastic,0.997787356376648,5.245047577773221e-05,0.997787356376648,0.0016941663343459368,0.0002920746919699013,0.00017393255257047713
/Users/aswanathjs/Downloads/test9/ai_plastic_waste_management_training/PET Plastic/black_white_plastic_bottles/cnzoq_jpg.rf.7cf46d69d7ba14d91379304d5cd5e49f.jpg,2,PET Plastic,2,PET Plastic,0.9999995231628418,2.835249972577003e-07,5.512251988193384e-08,0.9999995231628418,4.714033607911006e-08,4.3965528107037244e-08
/Users/aswanathjs/Downloads/test9/ai_plastic_waste_management_training/PS Plastic/foam_containers/styrofoam-122-_jpg.rf.59c8f3c7a1b4bfdd54bc122b160ae9ec.jpg,4,PS Plastic,4,PS Plastic,0.9999923706054688,9.441775432605937e-07,2.560607015311689e-08,5.29851104147383e-06,1.3607948403659975e-06,0.9999923706054688
/Users/aswanathjs/Downloads/test9/ai_plastic_waste_management_training/PS Plastic/foam_sheets/PS-868_jpg.rf.fa54d7c812248cf5ed8f027a3e98ab8a.jpg,4,PS Plastic,4,PS Plastic,1.0,3.011651594775344e-09,1.3551959554547466e-10,5.390857205078703e-10,2.1327953292349378e-10,1.0
/Users/aswanathjs/Downloads/test9/ai_plastic_waste_management_training/HDPE Plastic/detergent_bottles/0096_a02b04c2d0e0f0g0h4.jpg,0,HDPE Plastic,0,HDPE Plastic,1.0,1.0,3.8568238880376526e-11,9.71442259967148e-10,6.187126810885957e-09,7.767939763647647e-11
/Users/aswanathjs/Downloads/test9/ai_plastic_waste_management_training/LDPE Plastic/black_white__plastic_bags/0214_jpg.rf.9cb3a5cc1fdd76c1c76caf27166674ac.jpg,1,LDPE Plastic,1,LDPE Plastic,0.9998088479042053,3.95647748518968e-06,0.9998088479042053,1.7938236851477996e-05,0.00012128459638915956,4.795931454282254e-05
/Users/aswanathjs/Downloads/test9/ai_plastic_waste_management_training/PET Plastic/plastic_bottles/PET892.jpg,2,PET Plastic,2,PET Plastic,1.0,1.7201079102746597e-11,1.0781302933748904e-10,1.0,6.9224261739497805e-12,3.7497050820248234e-13
/Users/aswanathjs/Downloads/test9/ai_plastic_waste_management_training/PET Plastic/plastic_bottles/PET526.jpg,2,PET Plastic,2,PET Plastic,0.9999992847442627,3.9117541206223905e-08,3.3516701591906894e-07,0.9999992847442627,2.713379956276185e-07,2.2760684004197174e-08
/Users/aswanathjs/Downloads/test9/ai_plastic_waste_management_training/PET Plastic/black_white_plastic_bottles/cniwo_jpg.rf.53303bb1029126842445744b4dbf88be.jpg,2,PET Plastic,2,PET Plastic,0.9999867677688599,8.254752174252644e-06,1.17719946501893e-06,0.9999867677688599,3.098556817349163e-06,6.687175186925742e-07
/Users/aswanathjs/Downloads/test9/ai_plastic_waste_management_training/LDPE Plastic/black_white__plastic_bags/0057_jpg.rf.0503b03afd0910c67b22b2c19be1151f.jpg,1,LDPE Plastic,1,LDPE Plastic,0.9999405145645142,2.586515108760068e-07,0.9999405145645142,5.631459498545155e-05,1.9434473870205693e-06,1.0205893659076537e-06
/Users/aswanathjs/Downloads/test9/ai_plastic_waste_management_training/HDPE Plastic/shampoo_bottles/0077_a02b01c1d1e0f1g0h2.jpg,0,HDPE Plastic,0,HDPE Plastic,0.9999994039535522,0.9999994039535522,1.3489196426519356e-08,1.767992614531977e-07,2.9335504336813756e-07,6.999841417609787e-08
/Users/aswanathjs/Downloads/test9/ai_plastic_waste_management_training/HDPE Plastic/detergent_bottles/IMG_20220209_182132.jpg,0,HDPE Plastic,0,HDPE Plastic,0.9998806715011597,0.9998806715011597,5.166165806258505e-07,1.0136078572031693e-06,0.00011759425251511857,6.040882993829655e-08
/Users/aswanathjs/Downloads/test9/ai_plastic_waste_management_training/LDPE Plastic/plastic_bags_grey/LDPE-458_jpg.rf.00b695f9b3916ed06c5323466f91e221.jpg,1,LDPE Plastic,1,LDPE Plastic,0.9999865293502808,1.9529009023244726e-06,0.9999865293502808,4.109651854378171e-06,6.55257190373959e-06,9.026966267811076e-07
/Users/aswanathjs/Downloads/test9/ai_plastic_waste_management_training/LDPE Plastic/plastic_bags/LDPE-458_jpg.rf.00b695f9b3916ed06c5323466f91e221.jpg,1,LDPE Plastic,1,LDPE Plastic,0.9999474287033081,4.340371560829226e-06,0.9999474287033081,6.006650437484495e-06,3.9804446714697406e-05,2.452630496918573e-06
/Users/aswanathjs/Downloads/test9/ai_plastic_waste_management_training/PP Plastic/round_containers/0031_a05b01c2d1e0f0g0h3.jpg,3,PP Plastic,3,PP Plastic,0.995974600315094,0.0033298886846750975,0.00040957683813758194,0.000175233741174452,0.995974600315094,0.0001106508934753947
/Users/aswanathjs/Downloads/test9/ai_plastic_waste_management_training/PS Plastic/foam_sheets/PS-762_jpg.rf.5f09ed2ca25f61bcd82e970939554c22.jpg,4,PS Plastic,4,PS Plastic,0.9998705387115479,1.4112720236880705e-05,1.9205439457437024e-05,3.4829528885893524e-05,6.131923873908818e-05,0.9998705387115479
/Users/aswanathjs/Downloads/test9/ai_plastic_waste_management_training/PS Plastic/foam_containers/Image_119.png,4,PS Plastic,3,PP Plastic,0.537406861782074,0.05568307638168335,0.14305531978607178,0.007828228175640106,0.537406861782074,0.2560265064239502
/Users/aswanathjs/Downloads/test9/ai_plastic_waste_management_training/HDPE Plastic/shampoo_bottiles_grey/0077_a02b01c1d3e0f1g0h3.jpg,0,HDPE Plastic,0,HDPE Plastic,0.8120505213737488,0.8120505213737488,0.00033409902243874967,0.0029724864289164543,0.18452192842960358,0.00012094035628251731
/Users/aswanathjs/Downloads/test9/ai_plastic_waste_management_training/HDPE Plastic/shampoo_bottles/0077_a02b01c1d3e0f1g0h3.jpg,0,HDPE Plastic,0,HDPE Plastic,0.9787028431892395,0.9787028431892395,6.2292374423122965e-06,0.002613103948533535,0.01863107830286026,4.6814508095849305e-05
/Users/aswanathjs/Downloads/test9/ai_plastic_waste_management_training/LDPE Plastic/plastic_bags/train_LDPE-53_jpg.rf.401ae5b0b4d14039d8286ce3b1d9f768.jpg,1,LDPE Plastic,1,LDPE Plastic,0.9999171495437622,1.689362761680968e-05,0.9999171495437622,5.1548508963605855e-06,3.0292956580524333e-05,3.054245462408289e-05
/Users/aswanathjs/Downloads/test9/ai_plastic_waste_management_training/HDPE Plastic/shampoo_bottles/0077_a02b01c1d1e0f1g0h3.jpg,0,HDPE Plastic,0,HDPE Plastic,0.9957220554351807,0.9957220554351807,2.9673583412659355e-05,5.856908319401555e-05,0.004116572439670563,7.308933709282428e-05
/Users/aswanathjs/Downloads/test9/ai_plastic_waste_management_training/PET Plastic/plastic_bottles/PET565.jpg,2,PET Plastic,2,PET Plastic,0.9999921321868896,8.047691721912997e-07,1.0578631872704136e-06,0.9999921321868896,3.4157460504502524e-06,2.507648105165572e-06
/Users/aswanathjs/Downloads/test9/ai_plastic_waste_management_training/PET Plastic/plastic_bottles/PET865.jpg,2,PET Plastic,2,PET Plastic,0.9999196529388428,1.0437608580105007e-05,1.9103463273495436e-05,0.9999196529388428,4.591453034663573e-05,4.9788091018854175e-06
/Users/aswanathjs/Downloads/test9/ai_plastic_waste_management_training/LDPE Plastic/plastic_bags/plasticbag (138).jpg,1,LDPE Plastic,1,LDPE Plastic,0.9999988079071045,2.3392379588926815e-08,0.9999988079071045,2.443330204826566e-09,1.0566330956862657e-06,1.4248313107145805e-07
/Users/aswanathjs/Downloads/test9/ai_plastic_waste_management_training/LDPE Plastic/plastic_bags/train_LDPE-45_jpg.rf.52ef197242be2fee5fe1d126cebe32c6.jpg,1,LDPE Plastic,1,LDPE Plastic,0.9999765157699585,2.709192813199479e-06,0.9999765157699585,2.9500761229428463e-06,3.4253025660291314e-06,1.4375242244568653e-05
"/Users/aswanathjs/Downloads/test9/ai_plastic_waste_management_training/PET Plastic/plastic_bottles/PET1,536.jpg",2,PET Plastic,2,PET Plastic,1.0,2.6448562784331386e-10,2.039095781114497e-09,1.0,1.4430808770171666e-09,6.137897967661843e-10
/Users/aswanathjs/Downloads/test9/ai_plastic_waste_management_training/HDPE Plastic/shampoo_bottles/0061_a02b01c1d3e0f1g0h3(1).jpg,0,HDPE Plastic,0,HDPE Plastic,1.0,1.0,7.498415950657478e-12,8.179665833552008e-09,9.091542518824269e-10,5.183711099254751e-11
/Users/aswanathjs/Downloads/test9/ai_plastic_waste_management_training/LDPE Plastic/plastic_bags/plasticbag (29).jpg,1,LDPE Plastic,1,LDPE Plastic,0.9999995231628418,1.1719752279759632e-08,0.9999995231628418,5.196453933820067e-09,3.6295335803515627e-07,1.0582105147705079e-07
/Users/aswanathjs/Downloads/test9/ai_plastic_waste_management_training/PP Plastic/round_containers/IMG_20220209_173618.jpg,3,PP Plastic,3,PP Plastic,0.9995744824409485,0.00012413592776283622,0.0001414580037817359,0.00014382701192516834,0.9995744824409485,1.605331817700062e-05
/Users/aswanathjs/Downloads/test9/ai_plastic_waste_management_training/PET Plastic/plastic_bottles/PET973.jpg,2,PET Plastic,2,PET Plastic,0.9998316764831543,0.0001225190790137276,1.3822070286551025e-05,0.9998316764831543,4.939586233376758e-06,2.706978739297483e-05
/Users/aswanathjs/Downloads/test9/ai_plastic_waste_management_training/PET Plastic/shampoo_bottles/0050_a05b00c2d0e1f1g0h0.jpg,2,PET Plastic,2,PET Plastic,0.9999992847442627,5.383226948652009e-07,1.1861698290260847e-08,0.9999992847442627,6.383550754662792e-08,1.7757322001710207e-10
/Users/aswanathjs/Downloads/test9/ai_plastic_waste_management_training/PP Plastic/square_containers/IMG_20220209_174016.jpg,3,PP Plastic,3,PP Plastic,0.9996875524520874,0.00025676508084870875,1.1605675354076084e-05,7.197758122856612e-07,0.9996875524520874,4.338620783528313e-05
/Users/aswanathjs/Downloads/test9/ai_plastic_waste_management_training/PET Plastic/black_white_plastic_bottles/ctnkg_jpg.rf.46cb39e1fb6eb58edcb74f965096c39a.jpg,2,PET Plastic,2,PET Plastic,0.9999995231628418,2.0771480535586306e-07,1.4993394970019835e-08,0.9999995231628418,8.256707673126584e-08,1.416772761331231e-07
/Users/aswanathjs/Downloads/test9/ai_plastic_waste_management_training/PET Plastic/black_white_plastic_bottles/asecy_jpg.rf.002294d15fd2f71cda8158b1c5838311.jpg,2,PET Plastic,2,PET Plastic,0.9999922513961792,5.170141776034143e-06,4.4574952084985853e-07,0.9999922513961792,1.4297487496151007e-06,6.661274483121815e-07
/Users/aswanathjs/Downloads/test9/ai_plastic_waste_management_training/LDPE Plastic/plastic_bags/LDPE-266_jpg.rf.82731731a5a7b44f80d1aed4d3c46901.jpg,1,LDPE Plastic,1,LDPE Plastic,0.9996451139450073,7.643254321010318e-06,0.9996451139450073,0.0001994054182432592,0.00011974593508057296,2.8017277145409025e-05
/Users/aswanathjs/Downloads/test9/ai_plastic_waste_management_training/PP Plastic/square_containers/Image_170.png,3,PP Plastic,3,PP Plastic,0.9700608253479004,0.0004312704550102353,0.028569957241415977,0.0002198152942582965,0.9700608253479004,0.0007180982502177358
/Users/aswanathjs/Downloads/test9/ai_plastic_waste_management_training/PS Plastic/foam_containers/Image_170.png,3,PP Plastic,3,PP Plastic,0.9690263271331787,0.0053677246905863285,0.020281856879591942,0.00030065226019360125,0.9690263271331787,0.005023404955863953
/Users/aswanathjs/Downloads/test9/ai_plastic_waste_management_training/HDPE Plastic/milk_bottles/HDPEM105.jpg,0,HDPE Plastic,0,HDPE Plastic,0.9999979734420776,0.9999979734420776,3.767016920619426e-09,1.7489503534307005e-06,2.661113285284955e-07,2.948994470841626e-08
/Users/aswanathjs/Downloads/test9/ai_plastic_waste_management_training/PET Plastic/shampoo_bottles/0100_a05b00c2d3e0f0g0h3.jpg,2,PET Plastic,2,PET Plastic,0.9999982118606567,2.361944773099367e-08,1.299199311688426e-06,0.9999982118606567,4.424925350576814e-07,1.1962290713540824e-08
/Users/aswanathjs/Downloads/test9/ai_plastic_waste_management_training/LDPE Plastic/plastic_bags/plasticbag (182) 17.43.56.jpg,1,LDPE Plastic,1,LDPE Plastic,0.9998335838317871,4.830939815292368e-06,0.9998335838317871,0.00011175328108947724,4.3801876017823815e-05,6.112602022767533e-06
/Users/aswanathjs/Downloads/test9/ai_plastic_waste_management_training/PET Plastic/black_white_plastic_bottles/briwh_jpg.rf.8bea7eb0cc3641261a46745825a86176.jpg,2,PET Plastic,2,PET Plastic,0.9999998807907104,7.133372292855711e-08,1.6769023503115932e-08,0.9999998807907104,3.241630253114636e-08,9.353862573391325e-09
/Users/aswanathjs/Downloads/test9/ai_plastic_waste_management_training/PET Plastic/black_white_plastic_bottles/atmdq_jpg.rf.da61e50852c5e74733b97976c014a749.jpg,2,PET Plastic,2,PET Plastic,0.9999942779541016,1.7247784001028776e-07,4.485758836381137e-06,0.9999942779541016,3.657559091152507e-07,6.679723583147279e-07
/Users/aswanathjs/Downloads/test9/ai_plastic_waste_management_training/LDPE Plastic/plastic_bags/plasticbag (183) 17.43.56.jpg,1,LDPE Plastic,1,LDPE Plastic,0.9998125433921814,2.661971393536078e-06,0.9998125433921814,5.936705201747827e-05,0.00011923059355467558,6.29758505965583e-06
/Users/aswanathjs/Downloads/test9/ai_plastic_waste_management_training/PP Plastic/round_containers/0035_a06b01c2d3e0f0g0h2.jpg,3,PP Plastic,3,PP Plastic,0.999784529209137,0.00012602878268808126,1.595013054611627e-05,5.103667717776261e-05,0.999784529209137,2.2482032363768667e-05
/Users/aswanathjs/Downloads/test9/ai_plastic_waste_management_training/PP Plastic/irregular_containers/train_PP-47_jpg.rf.7e347deeabfeaddc7ee47f93ccff5e15.jpg,3,PP Plastic,3,PP Plastic,0.9999833106994629,8.252575753431302e-06,7.082112006173702e-06,1.2089195706721512e-06,0.9999833106994629,1.6492428756009758e-07
/Users/aswanathjs/Downloads/test9/ai_plastic_waste_management_training/PP Plastic/irregular_containers_grey/train_PP-47_jpg.rf.7e347deeabfeaddc7ee47f93ccff5e15.jpg,3,PP Plastic,3,PP Plastic,0.9999812841415405,8.158140190062113e-06,8.958042599260807e-06,1.5663389376641135e-06,0.9999812841415405,1.043181327986531e-07
/Users/aswanathjs/Downloads/test9/ai_plastic_waste_management_training/LDPE Plastic/black_white__plastic_bags/0224_jpg.rf.e4e3ef7096d06183f8595a5e4d9f4121.jpg,1,LDPE Plastic,1,LDPE Plastic,0.9999713897705078,2.200921699113678e-06,0.9999713897705078,1.062473347701598e-05,2.8485958409874e-06,1.2888447599834763e-05
/Users/aswanathjs/Downloads/test9/ai_plastic_waste_management_training/HDPE Plastic/milk_bottles/HDPEM233.jpg,0,HDPE Plastic,0,HDPE Plastic,0.9999771118164062,0.9999771118164062,1.9383076477197392e-08,1.1617897143878508e-05,1.1017882570740767e-05,1.819778816525286e-07
/Users/aswanathjs/Downloads/test9/ai_plastic_waste_management_training/LDPE Plastic/plastic_bags/plasticbag (174).jpg,1,LDPE Plastic,1,LDPE Plastic,1.0,2.3404012949868047e-08,1.0,1.5652816820477256e-09,3.9005643159839565e-09,1.0626541424585412e-08
/Users/aswanathjs/Downloads/test9/ai_plastic_waste_management_training/LDPE Plastic/plastic_bags/LDPE-265_jpg.rf.14545502b9c9c0fa54497a56549d9955.jpg,1,LDPE Plastic,1,LDPE Plastic,0.9996200799942017,1.140584845416015e-05,0.9996200799942017,0.00018610000552143902,0.00013823423068970442,4.416268347995356e-05
/Users/aswanathjs/Downloads/test9/ai_plastic_waste_management_training/PP Plastic/irregular_containers/train_PP-84_jpg.rf.83c74221d1746496d5445786ffca8830.jpg,3,PP Plastic,3,PP Plastic,0.9999788999557495,2.6518738316383406e-09,2.071789640467614e-05,2.851344333976158e-07,0.9999788999557495,1.0381906889733727e-07
/Users/aswanathjs/Downloads/test9/ai_plastic_waste_management_training/PP Plastic/square_containers/Image_244.png,3,PP Plastic,3,PP Plastic,0.9990078806877136,0.000960689561907202,2.9555207220255397e-05,2.4784327479210333e-07,0.9990078806877136,1.628215841265046e-06
/Users/aswanathjs/Downloads/test9/ai_plastic_waste_management_training/PS Plastic/foam_containers/Image_244.png,3,PP Plastic,3,PP Plastic,0.9687176942825317,0.0015909996582195163,0.011272740550339222,0.000530343793798238,0.9687176942825317,0.017888221889734268
/Users/aswanathjs/Downloads/test9/ai_plastic_waste_management_training/LDPE Plastic/plastic_bags/LDPE-287_jpg.rf.0ac9c733e7bbaf8b4f87a5d4d2b18a3e.jpg,1,LDPE Plastic,1,LDPE Plastic,0.9995477795600891,7.003510290815029e-06,0.9995477795600891,5.451596371131018e-05,0.0003166024689562619,7.411604019580409e-05
/Users/aswanathjs/Downloads/test9/ai_plastic_waste_management_training/PET Plastic/plastic_bottles/PET289.jpg,2,PET Plastic,2,PET Plastic,0.9999980926513672,7.587598815916863e-07,4.307582628371165e-07,0.9999980926513672,7.829059995856369e-07,4.110743301311004e-09
/Users/aswanathjs/Downloads/test9/ai_plastic_waste_management_training/PP Plastic/irregular_containers/train_PP-43_jpg.rf.97057f0e286ed1253f508820b5ec6eff.jpg,3,PP Plastic,3,PP Plastic,0.9999933242797852,3.82189955416834e-06,1.793199089661357e-06,1.0202987823504372e-06,0.9999933242797852,1.0292463770156246e-07
/Users/aswanathjs/Downloads/test9/ai_plastic_waste_management_training/PP Plastic/irregular_containers_grey/train_PP-43_jpg.rf.97057f0e286ed1253f508820b5ec6eff.jpg,3,PP Plastic,3,PP Plastic,0.999987006187439,5.432928446680307e-06,4.473251919989707e-06,2.827215894285473e-06,0.999987006187439,2.561671692546952e-07
/Users/aswanathjs/Downloads/test9/ai_plastic_waste_management_training/PS Plastic/foam_sheets/PS-617_jpg.rf.647ef8eb72ca34b90024ac215bb321dc.jpg,4,PS Plastic,4,PS Plastic,0.9999996423721313,2.1165676855616766e-07,1.424530751137354e-07,2.615705518849154e-08,8.819341701382655e-09,0.9999996423721313
/Users/aswanathjs/Downloads/test9/ai_plastic_waste_management_training/PS Plastic/foam_sheets/IMG_9388_JPG.rf.03172d70e03f82ef456d413d379477ce.jpg,4,PS Plastic,4,PS Plastic,0.9999289512634277,2.821492444127216e-06,6.247781857382506e-05,6.398828986675653e-07,5.081181370769627e-06,0.9999289512634277
/Users/aswanathjs/Downloads/test9/ai_plastic_waste_management_training/PS Plastic/foam_sheets/IMG_9388_JPG.rf.37bf614bce92b405bcedcaddc58e5b56.jpg,4,PS Plastic,4,PS Plastic,0.9970691800117493,2.7917245461139828e-05,0.0008600162691436708,2.5678282327135094e-05,0.002017172984778881,0.9970691800117493
/Users/aswanathjs/Downloads/test9/ai_plastic_waste_management_training/PS Plastic/foam_sheets/IMG_9388_JPG.rf.afb5c4351af63b85b0fe1db7ead63e01.jpg,4,PS Plastic,4,PS Plastic,0.9976412057876587,1.7310248949797824e-05,0.0023313576821237803,5.495388450071914e-06,4.645852641260717e-06,0.9976412057876587
/Users/aswanathjs/Downloads/test9/ai_plastic_waste_management_training/HDPE Plastic/detergent_bottles/0039_a02b01c1d3e0f1g0h3.jpg,0,HDPE Plastic,0,HDPE Plastic,1.0,1.0,5.983962457489778e-12,5.722252116591164e-10,3.007723237136162e-10,1.8197151684801183e-12
/Users/aswanathjs/Downloads/test9/ai_plastic_waste_management_training/PS Plastic/foam_sheets/IMG_9362_JPG.rf.d9585f9c0efa8b6bcda67103f482012c.jpg,4,PS Plastic,4,PS Plastic,0.9999886751174927,1.6641911315673497e-06,6.724109880451579e-06,1.0983394531649537e-06,1.808608544706658e-06,0.9999886751174927
/Users/aswanathjs/Downloads/test9/ai_plastic_waste_management_training/PS Plastic/foam_sheets/IMG_9362_JPG.rf.f92387c7e260d5d6290c708630db03e1.jpg,4,PS Plastic,4,PS Plastic,0.999866247177124,1.2517398317868356e-06,0.00012968468945473433,2.197477442678064e-06,6.388660267475643e-07,0.999866247177124
/Users/aswanathjs/Downloads/test9/ai_plastic_waste_management_training/PS Plastic/foam_sheets/IMG_9362_JPG.rf.81ead49ca2ca3e3acb0fc22cbb4f9211.jpg,4,PS Plastic,4,PS Plastic,0.9999986886978149,4.62311646742819e-08,1.0534585044297273e-06,6.103049798866778e-08,1.5146824239309353e-07,0.9999986886978149
/Users/aswanathjs/Downloads/test9/ai_plastic_waste_management_training/HDPE Plastic/shampoo_bottiles_grey/0065_a02b03c2d3e0f1g0h4.jpg,0,HDPE Plastic,0,HDPE Plastic,1.0,1.0,2.722849723468812e-10,9.65328972313273e-09,4.180618518034862e-09,3.809074833327486e-09
/Users/aswanathjs/Downloads/test9/ai_plastic_waste_management_training/HDPE Plastic/shampoo_bottles/0065_a02b03c2d3e0f1g0h4.jpg,0,HDPE Plastic,0,HDPE Plastic,1.0,1.0,1.9038759284384366e-12,1.519960685092414e-10,1.6564667693064195e-10,3.7099698313447504e-11
/Users/aswanathjs/Downloads/test9/ai_plastic_waste_management_training/PET Plastic/black_white_plastic_bottles/aswkx_jpg.rf.72119c611b502c599281ce6f98d489bc.jpg,2,PET Plastic,2,PET Plastic,0.9999696016311646,2.23199949687114e-05,2.363718522246927e-06,0.9999696016311646,3.985393050243147e-06,1.7250540622626431e-06
/Users/aswanathjs/Downloads/test9/ai_plastic_waste_management_training/HDPE Plastic/milk_bottles/HDPEM4.jpg,0,HDPE Plastic,0,HDPE Plastic,1.0,1.0,2.37705173470118e-13,4.1225248909038115e-11,1.0604137012926174e-10,6.911445699607499e-13
/Users/aswanathjs/Downloads/test9/ai_plastic_waste_management_training/HDPE Plastic/shampoo_bottles/0061_a02b01c1d1e0f1g0h2(1).jpg,0,HDPE Plastic,0,HDPE Plastic,0.9999998807907104,0.9999998807907104,6.876741398542663e-10,9.944213985590977e-08,5.405884451192833e-08,8.028680831273505e-09
/Users/aswanathjs/Downloads/test9/ai_plastic_waste_management_training/PP Plastic/round_containers/0035_a06b01c2d1e0f0g0h3.jpg,3,PP Plastic,3,PP Plastic,0.9999487400054932,2.18216773646418e-05,2.142444827768486e-06,6.6832080847234465e-06,0.9999487400054932,2.064146065094974e-05
/Users/aswanathjs/Downloads/test9/ai_plastic_waste_management_training/HDPE Plastic/detergent_bottles/0098_a02b03c1d3e0f0g0h3.jpg,0,HDPE Plastic,0,HDPE Plastic,0.9999990463256836,0.9999990463256836,3.2172049913015144e-08,6.198049362637903e-08,6.978733608775656e-07,9.992422889126829e-08
/Users/aswanathjs/Downloads/test9/ai_plastic_waste_management_training/PS Plastic/form_containers_grey/Image_230.png,4,PS Plastic,4,PS Plastic,0.46480363607406616,0.07856535911560059,0.10920948535203934,0.007273192051798105,0.34014832973480225,0.46480363607406616
/Users/aswanathjs/Downloads/test9/ai_plastic_waste_management_training/PS Plastic/foam_containers/Image_230.png,4,PS Plastic,4,PS Plastic,0.5118893384933472,0.07388059049844742,0.09122239053249359,0.0077122775837779045,0.3152954578399658,0.5118893384933472
/Users/aswanathjs/Downloads/test9/ai_plastic_waste_management_training/PS Plastic/foam_sheets/PS-520_jpg.rf.1590a9018acf2592e76cebd2b6366c5f.jpg,4,PS Plastic,4,PS Plastic,0.9999996423721313,1.4401287273813068e-07,2.0322440263953467e-07,6.917853845322952e-09,2.8631883530749747e-09,0.9999996423721313
/Users/aswanathjs/Downloads/test9/ai_plastic_waste_management_training/LDPE Plastic/plastic_bags/plasticbag (101).jpg,1,LDPE Plastic,1,LDPE Plastic,0.9999978542327881,3.496846261441533e-07,0.9999978542327881,8.454430400206547e-08,1.5733504596937564e-06,1.1627881235654058e-07
/Users/aswanathjs/Downloads/test9/ai_plastic_waste_management_training/HDPE Plastic/shampoo_bottles/0099_a02b01c2d1e0f1g0h1.jpg,0,HDPE Plastic,0,HDPE Plastic,0.9999420642852783,0.9999420642852783,5.601093562290771e-07,2.5436884243390523e-05,2.992530608025845e-05,1.9771073311858345e-06
/Users/aswanathjs/Downloads/test9/ai_plastic_waste_management_training/HDPE Plastic/milk_bottles/HDPEM227.jpg,0,HDPE Plastic,0,HDPE Plastic,0.9999997615814209,0.9999997615814209,2.2149360123790984e-10,3.2995558285620064e-08,2.874954816434183e-07,2.2090262952190187e-09
"/Users/aswanathjs/Downloads/test9/ai_plastic_waste_management_training/PET Plastic/plastic_bottles/PET1,771.jpg",2,PET Plastic,2,PET Plastic,0.9999845027923584,1.4952967831050046e-05,1.6974337313513388e-07,0.9999845027923584,1.3150219047020073e-07,1.311467485720641e-07
"/Users/aswanathjs/Downloads/test9/ai_plastic_waste_management_training/PET Plastic/plastic_bottles/PET1,224.jpg",2,PET Plastic,2,PET Plastic,0.9999815225601196,3.708009614911134e-07,5.645068199555681e-07,0.9999815225601196,1.6528472770005465e-05,1.0880032732529799e-06
/Users/aswanathjs/Downloads/test9/ai_plastic_waste_management_training/PET Plastic/black_white_plastic_bottles/bdnyx_jpg.rf.bd350d41c4aff19d138f8e6ba336d049.jpg,2,PET Plastic,2,PET Plastic,0.9999885559082031,3.775076891088247e-07,9.689201760920696e-06,0.9999885559082031,7.863345672376454e-07,5.418554565039813e-07
/Users/aswanathjs/Downloads/test9/ai_plastic_waste_management_training/LDPE Plastic/plastic_bags/LDPE-230_jpg.rf.814b1f425c580f6b25fa6bd3bb2e6715.jpg,1,LDPE Plastic,1,LDPE Plastic,0.9997170567512512,1.640343907638453e-05,0.9997170567512512,0.0001398119202349335,8.36822364362888e-05,4.299605643609539e-05
/Users/aswanathjs/Downloads/test9/ai_plastic_waste_management_training/PET Plastic/plastic_bottles/PET731.jpg,2,PET Plastic,2,PET Plastic,0.9999986886978149,3.867231441745389e-07,2.448331031246198e-07,0.9999986886978149,5.766209483226703e-07,4.22575787695223e-08
/Users/aswanathjs/Downloads/test9/ai_plastic_waste_management_training/PET Plastic/black_white_plastic_bottles/culok_jpg.rf.df34d102d128e10755b809a1619cc626.jpg,2,PET Plastic,2,PET Plastic,0.9999725818634033,2.262907173644635e-06,1.037215315591311e-05,0.9999725818634033,9.154476174444426e-06,5.6309227147721685e-06
/Users/aswanathjs/Downloads/test9/ai_plastic_waste_management_training/LDPE Plastic/plastic_bags/plasticbag (1).jpg,1,LDPE Plastic,1,LDPE Plastic,0.9999526739120483,8.924296253098873e-07,0.9999526739120483,3.2889990961848525e-06,8.411562703258824e-06,3.4628032153705135e-05
/Users/aswanathjs/Downloads/test9/ai_plastic_waste_management_training/LDPE Plastic/plastic_bags/plasticbag (1).png,1,LDPE Plastic,1,LDPE Plastic,0.9999810457229614,6.947351494090981e-07,0.9999810457229614,3.269028638896998e-06,1.7975260107050417e-06,1.3209109965828247e-05
/Users/aswanathjs/Downloads/test9/ai_plastic_waste_management_training/PET Plastic/black_white_plastic_bottles/abywq_jpg.rf.40979fdfa364d24db32db72ae60e3450.jpg,2,PET Plastic,2,PET Plastic,1.0,2.6893804516703312e-08,1.3817232691337722e-08,1.0,1.1382016218419722e-08,1.121462034348042e-08
/Users/aswanathjs/Downloads/test9/ai_plastic_waste_management_training/PS Plastic/foam_sheets/PS-703_jpg.rf.ecb20d25fbbc6ed8cf0bdfa206d1bab7.jpg,4,PS Plastic,4,PS Plastic,0.9997242093086243,9.125484939431772e-05,2.014499477809295e-05,1.2554585737234447e-05,0.00015187595272436738,0.9997242093086243
/Users/aswanathjs/Downloads/test9/ai_plastic_waste_management_training/HDPE Plastic/milk_bottles/HDPEM458.jpg,0,HDPE Plastic,0,HDPE Plastic,0.999998927116394,0.999998927116394,1.2265958249102482e-09,8.116273875202751e-07,1.91254301284971e-07,1.686144024404257e-08
/Users/aswanathjs/Downloads/test9/ai_plastic_waste_management_training/HDPE Plastic/detergent_bottles/0098_a02b03c2d0e0f0g0h3.jpg,0,HDPE Plastic,0,HDPE Plastic,1.0,1.0,3.1283578158514125e-12,7.338339658158333e-11,2.068884091821488e-10,1.0933587368811004e-11
/Users/aswanathjs/Downloads/test9/ai_plastic_waste_management_training/LDPE Plastic/plastic_bags/plasticbag (47).jpg,1,LDPE Plastic,1,LDPE Plastic,0.9999918937683105,8.687017043484957e-07,0.9999918937683105,2.733451935910125e-07,6.3849829530227e-06,5.54640337213641e-07
/Users/aswanathjs/Downloads/test9/ai_plastic_waste_management_training/LDPE Plastic/plastic_bags/plasticbag (73).jpg,1,LDPE Plastic,1,LDPE Plastic,0.9999827146530151,4.653027644963004e-06,0.9999827146530151,1.935951274845138e-07,1.065887317963643e-05,1.8336132825425011e-06
/Users/aswanathjs/Downloads/test9/ai_plastic_waste_management_training/HDPE Plastic/shampoo_bottles/0061_a02b01c2d1e0f1g0h4.jpg,0,HDPE Plastic,0,HDPE Plastic,1.0,1.0,6.290758929397566e-13,1.1306986597015012e-10,2.7749420816736148e-11,2.3206790655816434e-11
/Users/aswanathjs/Downloads/test9/ai_plastic_waste_management_training/HDPE Plastic/detergent_bottles/IMG_20220209_182147.jpg,0,HDPE Plastic,0,HDPE Plastic,1.0,1.0,1.047679790144862e-10,7.53492912508591e-09,3.2067074329233947e-08,1.5978408873795757e-10
/Users/aswanathjs/Downloads/test9/ai_plastic_waste_management_training/HDPE Plastic/milk_bottles/HDPEM48.jpg,0,HDPE Plastic,0,HDPE Plastic,0.9999990463256836,0.9999990463256836,1.684342387786586e-10,5.379053504839248e-07,2.9804820655954245e-07,9.301684977813807e-10
/Users/aswanathjs/Downloads/test9/ai_plastic_waste_management_training/LDPE Plastic/black_white__plastic_bags/0162_jpg.rf.9a1981dd31050787a474bb8ac0693d45.jpg,1,LDPE Plastic,1,LDPE Plastic,0.9996860027313232,2.2314728994388133e-05,0.9996860027313232,1.2466844054870307e-05,2.008347655646503e-05,0.00025907630333676934
"/Users/aswanathjs/Downloads/test9/ai_plastic_waste_management_training/PET Plastic/plastic_bottles/PET1,742.jpg",2,PET Plastic,2,PET Plastic,0.9999514818191528,1.1596960121096345e-06,1.8816464944393374e-05,0.9999514818191528,2.8453365302993916e-05,6.45049951231158e-08
/Users/aswanathjs/Downloads/test9/ai_plastic_waste_management_training/PET Plastic/plastic_bottles/PET629.jpg,2,PET Plastic,2,PET Plastic,0.9999998807907104,3.272880277904733e-08,4.003734588309271e-08,0.9999998807907104,7.652042910422097e-08,2.648735808463698e-08
/Users/aswanathjs/Downloads/test9/ai_plastic_waste_management_training/HDPE Plastic/milk_bottles/HDPEM568.JPG,0,HDPE Plastic,0,HDPE Plastic,0.999996542930603,0.999996542930603,1.828699858208438e-08,1.732119926600717e-06,1.4981673075453728e-06,8.857688982288892e-08
/Users/aswanathjs/Downloads/test9/ai_plastic_waste_management_training/LDPE Plastic/black_white__plastic_bags/0295_jpg.rf.065b088f4f3e5e4867e8290e9faee15b.jpg,1,LDPE Plastic,1,LDPE Plastic,0.9997003078460693,6.475631835201057e-06,0.9997003078460693,3.7701684050261974e-05,0.00012201573554193601,0.0001335390843451023
/Users/aswanathjs/Downloads/test9/ai_plastic_waste_management_training/PET Plastic/plastic_bottles/PET490.jpg,2,PET Plastic,2,PET Plastic,0.9997137188911438,0.00014856929192319512,2.6816187528311275e-05,0.9997137188911438,9.726356802275404e-05,1.3581710845755879e-05
/Users/aswanathjs/Downloads/test9/ai_plastic_waste_management_training/PS Plastic/foam_sheets/PS-787_jpg.rf.0c785dc43d2465bb8a78b7a52c615efe.jpg,4,PS Plastic,4,PS Plastic,0.9999614953994751,7.586796982650412e-06,1.0308801847713767e-06,1.6012636478990316e-06,2.8238253435119987e-05,0.9999614953994751
/Users/aswanathjs/Downloads/test9/ai_plastic_waste_management_training/LDPE Plastic/plastic_bags/LDPE-431_jpg.rf.249b0f57fc04a7a0ae6d37d000ecb703.jpg,1,LDPE Plastic,1,LDPE Plastic,0.9999701976776123,3.5639848192658974e-06,0.9999701976776123,3.536846406859695e-06,1.9399985831114464e-05,3.319826419101446e-06
/Users/aswanathjs/Downloads/test9/ai_plastic_waste_management_training/LDPE Plastic/plastic_bags/plasticbag (151).jpg,1,LDPE Plastic,1,LDPE Plastic,0.9998090863227844,2.829814775395789e-06,0.9998090863227844,7.934935638331808e-06,2.6286259526386857e-05,0.00015382355195470154
/Users/aswanathjs/Downloads/test9/ai_plastic_waste_management_training/LDPE Plastic/plastic_bags/LDPE-293_jpg.rf.bde4224432d30d40d24d3dcd6f1e0888.jpg,1,LDPE Plastic,1,LDPE Plastic,0.9998039603233337,3.600551508498029e-06,0.9998039603233337,3.506650318740867e-05,0.00014220908633433282,1.5180067748588044e-05
/Users/aswanathjs/Downloads/test9/ai_plastic_waste_management_training/HDPE Plastic/shampoo_bottles/0077_a02b01c2d2e0f1g0h1.jpg,0,HDPE Plastic,0,HDPE Plastic,1.0,1.0,2.421063349800079e-11,6.260631568721919e-09,8.085757841058694e-09,2.86278417638286e-10
/Users/aswanathjs/Downloads/test9/ai_plastic_waste_management_training/HDPE Plastic/milk_bottles/HDPEM500.jpg,0,HDPE Plastic,0,HDPE Plastic,0.9999630451202393,0.9999630451202393,3.2524187076887756e-07,2.1573978301603347e-06,3.416208710405044e-05,4.120360586057359e-07
/Users/aswanathjs/Downloads/test9/ai_plastic_waste_management_training/LDPE Plastic/plastic_bags/LDPE-40_jpg.rf.a5a123359eee300daad58ce7995bacd6.jpg,1,LDPE Plastic,1,LDPE Plastic,0.9871644973754883,2.409847547824029e-05,0.9871644973754883,0.0008035802165977657,0.011782865040004253,0.00022490853734780103
/Users/aswanathjs/Downloads/test9/ai_plastic_waste_management_training/LDPE Plastic/plastic_bags/LDPE-40_jpg.rf.e55415c481da52b2769ed03c2ab0823d.jpg,1,LDPE Plastic,1,LDPE Plastic,0.9998888969421387,2.4056294023466762e-06,0.9998888969421387,3.948082849092316e-06,2.3659216822125018e-05,8.118648111121729e-05
/Users/aswanathjs/Downloads/test9/ai_plastic_waste_management_training/LDPE Plastic/plastic_bags/train_LDPE-47_jpg.rf.610bad0d856c5afe10fe1ff56827726f.jpg,1,LDPE Plastic,1,LDPE Plastic,0.9994077682495117,0.0003784095461014658,0.9994077682495117,5.152738594915718e-05,8.499911200487986e-05,7.735575491096824e-05
/Users/aswanathjs/Downloads/test9/ai_plastic_waste_management_training/PET Plastic/black_white_plastic_bottles/cbzxm_jpg.rf.2399244408126d3169b792107dfab1c5.jpg,2,PET Plastic,2,PET Plastic,0.9999561309814453,7.843999583201366e-07,4.1375555156264454e-05,0.9999561309814453,5.528819997380197e-07,1.1767795058403863e-06
/Users/aswanathjs/Downloads/test9/ai_plastic_waste_management_training/HDPE Plastic/detergent_bottles/0010_a02b01c1d3e0f1g0h0.jpg,0,HDPE Plastic,0,HDPE Plastic,1.0,1.0,4.1593537641881895e-11,4.214652626899351e-09,3.6742228815001e-08,2.812493848924902e-10
/Users/aswanathjs/Downloads/test9/ai_plastic_waste_management_training/HDPE Plastic/milk_bottles/HDPEM142.jpg,0,HDPE Plastic,0,HDPE Plastic,0.9999996423721313,0.9999996423721313,7.542529378845586e-10,1.1826095658307167e-07,2.3121778269796778e-07,9.698205793995385e-09
/Users/aswanathjs/Downloads/test9/ai_plastic_waste_management_training/PET Plastic/shampoo_bottles/0080_a05b00c1d2e0f1g0h2.jpg,2,PET Plastic,2,PET Plastic,0.9990972280502319,3.4444761695340276e-05,0.0001387353549944237,0.9990972280502319,0.0007037906907498837,2.57857063843403e-05
/Users/aswanathjs/Downloads/test9/ai_plastic_waste_management_training/PS Plastic/foam_sheets/Plastic_377_jpg.rf.77917ecb16b6a31b0e94129838e490b3.jpg,4,PS Plastic,4,PS Plastic,0.9998493194580078,7.330066728172824e-05,6.647789996350184e-05,8.389391950913705e-06,2.4938710794231156e-06,0.9998493194580078
/Users/aswanathjs/Downloads/test9/ai_plastic_waste_management_training/PS Plastic/form_sheets_grey/Plastic_377_jpg.rf.77917ecb16b6a31b0e94129838e490b3.jpg,4,PS Plastic,4,PS Plastic,0.997961163520813,0.00010370404925197363,0.001903179450891912,2.0971250705770217e-05,1.1044392522308044e-05,0.997961163520813
/Users/aswanathjs/Downloads/test9/ai_plastic_waste_management_training/PET Plastic/black_white_plastic_bottles/akzlw_jpg.rf.d4ae9247059ec7de3f13dc3628e33012.jpg,2,PET Plastic,2,PET Plastic,0.9999752044677734,2.331355972273741e-05,1.255693575785699e-07,0.9999752044677734,7.497834531022818e-07,6.70403835556499e-07
/Users/aswanathjs/Downloads/test9/ai_plastic_waste_management_training/LDPE Plastic/plastic_bags/plasticbag (127).jpg,1,LDPE Plastic,1,LDPE Plastic,0.9995916485786438,4.25111829827074e-06,0.9995916485786438,9.038616553880274e-06,0.0003259949153289199,6.909080548211932e-05
/Users/aswanathjs/Downloads/test9/ai_plastic_waste_management_training/HDPE Plastic/shampoo_bottles/0023_a02b01c2d3e0f1g0h0.jpg,0,HDPE Plastic,0,HDPE Plastic,0.9967761635780334,0.9967761635780334,4.260818400325661e-07,8.9096129158861e-06,0.003213637974113226,8.897346788216964e-07
/Users/aswanathjs/Downloads/test9/ai_plastic_waste_management_training/PS Plastic/foam_sheets/PS-864_jpg.rf.5a3574d591f4346dfdf92882507dcb85.jpg,4,PS Plastic,4,PS Plastic,1.0,5.56021539921403e-08,3.317654151402394e-09,4.415427579118614e-09,7.723965467221205e-09,1.0
/Users/aswanathjs/Downloads/test9/ai_plastic_waste_management_training/HDPE Plastic/milk_bottles/HDPEM315.jpg,0,HDPE Plastic,0,HDPE Plastic,1.0,1.0,6.952406315582915e-13,4.020729527098865e-09,2.6334635860880695e-11,2.7018946975598812e-12
/Users/aswanathjs/Downloads/test9/ai_plastic_waste_management_training/LDPE Plastic/plastic_bags/plasticbag (186) 17.43.56.jpg,1,LDPE Plastic,1,LDPE Plastic,0.9999284744262695,9.733340448292438e-06,0.9999284744262695,4.53389384347247e-06,5.068361133453436e-05,6.570368896063883e-06
/Users/aswanathjs/Downloads/test9/ai_plastic_waste_management_training/HDPE Plastic/shampoo_bottles/0078_a02b07c2d1e0f1g0h4.jpg,0,HDPE Plastic,0,HDPE Plastic,0.9999995231628418,0.9999995231628418,1.9718437993532234e-09,4.5644881652151525e-07,2.04806465120555e-08,8.869066037142659e-10
/Users/aswanathjs/Downloads/test9/ai_plastic_waste_management_training/HDPE Plastic/detergent_bottles/0039_a02b01c1d2e0f1g0h2.jpg,0,HDPE Plastic,0,HDPE Plastic,0.9999977350234985,0.9999977350234985,2.781053387579391e-09,2.1433611436805222e-06,7.591015815933133e-08,3.980644702750169e-09
/Users/aswanathjs/Downloads/test9/ai_plastic_waste_management_training/PS Plastic/foam_sheets/PS-881_jpg.rf.05216e5ddd84d2a4eb1b0506777e46e0.jpg,4,PS Plastic,4,PS Plastic,1.0,4.641356188272994e-09,2.7935251334376687e-10,5.38991073995021e-10,3.6042324680352067e-10,1.0
/Users/aswanathjs/Downloads/test9/ai_plastic_waste_management_training/PP Plastic/round_containers/IMG_20220210_105620.jpg,3,PP Plastic,3,PP Plastic,0.9947524070739746,0.0039916555397212505,0.0008498932002112269,0.0002662635815795511,0.9947524070739746,0.00013974963803775609
/Users/aswanathjs/Downloads/test9/ai_plastic_waste_management_training/LDPE Plastic/plastic_bags/LDPE-418_jpg.rf.59fd351ccd47cc2e99157fa9a87ff8e6.jpg,1,LDPE Plastic,1,LDPE Plastic,0.999991774559021,1.4531527767758234e-06,0.999991774559021,3.3692117540340405e-06,1.2253775594217586e-06,2.1946827928331913e-06
/Users/aswanathjs/Downloads/test9/ai_plastic_waste_management_training/HDPE Plastic/detergent_bottles/IMG_20220209_182200.jpg,0,HDPE Plastic,0,HDPE Plastic,0.955200731754303,0.955200731754303,9.118099164595606e-09,1.3543134400606505e-06,0.04479775205254555,7.387868095065642e-08
/Users/aswanathjs/Downloads/test9/ai_plastic_waste_management_training/PET Plastic/black_white_plastic_bottles/cyfte_jpg.rf.aa843f2d247631ef19cbb513c3ab601f.jpg,2,PET Plastic,2,PET Plastic,0.9999634027481079,1.467433207835711e-06,2.369774301769212e-05,0.9999634027481079,8.15541989140911e-06,3.351417490193853e-06
/Users/aswanathjs/Downloads/test9/ai_plastic_waste_management_training/HDPE Plastic/shampoo_bottles/0061_a02b01c1d2e0f1g0h1(1).jpg,0,HDPE Plastic,0,HDPE Plastic,0.9999995231628418,0.9999995231628418,3.8727705486962805e-09,4.0908769705083614e-08,4.242787952080107e-07,1.9250798288794613e-08
/Users/aswanathjs/Downloads/test9/ai_plastic_waste_management_training/PET Plastic/plastic_bottles/PET809.jpg,2,PET Plastic,2,PET Plastic,0.9998704195022583,1.4214124348654877e-06,0.00012549076927825809,0.9998704195022583,9.522619848212344e-07,1.7124948499258608e-06
/Users/aswanathjs/Downloads/test9/ai_plastic_waste_management_training/PP Plastic/square_containers/Image_43.png,3,PP Plastic,3,PP Plastic,0.9994284510612488,0.00017959366959985346,0.000378163909772411,1.2770982721121982e-05,0.9994284510612488,1.0075732461700682e-06
/Users/aswanathjs/Downloads/test9/ai_plastic_waste_management_training/PS Plastic/foam_containers/Image_43.png,3,PP Plastic,3,PP Plastic,0.9161169528961182,0.007643136195838451,0.049634575843811035,0.0004998735385015607,0.9161169528961182,0.026105443015694618
"/Users/aswanathjs/Downloads/test9/ai_plastic_waste_management_training/PET Plastic/plastic_bottles/PET1,327.jpg",2,PET Plastic,2,PET Plastic,0.999964714050293,3.0621435143984854e-05,2.550014812641166e-07,0.999964714050293,3.983800525020342e-06,4.0502325759916857e-07
/Users/aswanathjs/Downloads/test9/ai_plastic_waste_management_training/PET Plastic/black_white_plastic_bottles/atybo_jpg.rf.fcd8ab570f3c1c7fd295ee6d723e08f9.jpg,2,PET Plastic,2,PET Plastic,1.0,2.2286013034999996e-08,1.9196614076122387e-08,1.0,9.837978431903593e-09,6.020078657797967e-09
/Users/aswanathjs/Downloads/test9/ai_plastic_waste_management_training/PS Plastic/foam_sheets/PS-842_jpg.rf.e982ae6579999b1e31f1c874455a0970.jpg,4,PS Plastic,4,PS Plastic,1.0,3.9552694452993364e-09,1.426776613522307e-10,4.585793411671091e-10,1.6865751850669852e-10,1.0
/Users/aswanathjs/Downloads/test9/ai_plastic_waste_management_training/PS Plastic/form_sheets_grey/PS-842_jpg.rf.e982ae6579999b1e31f1c874455a0970.jpg,4,PS Plastic,4,PS Plastic,1.0,4.297525446617101e-09,3.485122745949809e-10,8.997336209404239e-10,2.392885611879336e-10,1.0
/Users/aswanathjs/Downloads/test9/ai_plastic_waste_management_training/PET Plastic/black_white_plastic_bottles/cunzi_jpg.rf.3931bfde9de42598078b82162c74494e.jpg,2,PET Plastic,2,PET Plastic,0.999605119228363,0.00023516213695984334,0.0001401735353283584,0.999605119228363,9.422080438525882e-06,1.0173696864512749e-05
"/Users/aswanathjs/Downloads/test9/ai_plastic_waste_management_training/PET Plastic/plastic_bottles/PET1,715.jpg",2,PET Plastic,2,PET Plastic,0.9999723434448242,1.950515797943808e-05,8.263718882517423e-07,0.9999723434448242,7.1939302870305255e-06,1.4197384246017464e-07
/Users/aswanathjs/Downloads/test9/ai_plastic_waste_management_training/PET Plastic/black_white_plastic_bottles/bkfgd_jpg.rf.9d138b03d92f37c8718ecbc4bac077cb.jpg,2,PET Plastic,2,PET Plastic,0.999988317489624,1.538699052616721e-06,5.231977866060333e-06,0.999988317489624,2.689280108825187e-06,2.330340748812887e-06
/Users/aswanathjs/Downloads/test9/ai_plastic_waste_management_training/LDPE Plastic/plastic_bags/train_LDPE-70_jpg.rf.266a4630c4a9a3bbf5f0eb2c2ad2951c.jpg,1,LDPE Plastic,1,LDPE Plastic,0.9988033771514893,3.2213407394010574e-05,0.9988033771514893,0.00015115935821086168,4.1198902181349695e-05,0.0009720606030896306
/Users/aswanathjs/Downloads/test9/ai_plastic_waste_management_training/PS Plastic/foam_containers/Image_112.png,4,PS Plastic,4,PS Plastic,0.43327316641807556,0.03806550055742264,0.2188233733177185,0.010459133423864841,0.29937878251075745,0.43327316641807556
/Users/aswanathjs/Downloads/test9/ai_plastic_waste_management_training/HDPE Plastic/shampoo_bottles/0077_a02b01c2d2e0f1g0h3.jpg,0,HDPE Plastic,0,HDPE Plastic,0.9999804496765137,0.9999804496765137,7.467845080100233e-07,1.429453732271213e-06,1.2557564332382753e-05,4.820051799470093e-06
/Users/aswanathjs/Downloads/test9/ai_plastic_waste_management_training/LDPE Plastic/plastic_bags/plasticbag (173).jpg,1,LDPE Plastic,1,LDPE Plastic,0.9999997615814209,3.5520606900263374e-08,0.9999997615814209,1.6909957878397108e-08,1.25244966397986e-07,1.0035041952960455e-07
/Users/aswanathjs/Downloads/test9/ai_plastic_waste_management_training/PS Plastic/foam_sheets/PS-651_jpg.rf.cda908ffb9026c8b8d95001c0c53483e.jpg,4,PS Plastic,4,PS Plastic,0.9999992847442627,5.212315272729029e-07,2.1524623150526168e-07,3.771826229126418e-08,8.925631789225008e-09,0.9999992847442627
"/Users/aswanathjs/Downloads/test9/ai_plastic_waste_management_training/PET Plastic/plastic_bottles/PET1,317.jpg",2,PET Plastic,2,PET Plastic,0.9991833567619324,0.0003855763061437756,1.3564631444751285e-05,0.9991833567619324,0.00040252337930724025,1.4942340385459829e-05
"/Users/aswanathjs/Downloads/test9/ai_plastic_waste_management_training/PET Plastic/plastic_bottles/PET1,576.jpg",2,PET Plastic,2,PET Plastic,0.9999990463256836,8.943574130171328e-07,4.794851182765569e-10,0.9999990463256836,4.493998506660546e-09,1.8787078837068094e-10
/Users/aswanathjs/Downloads/test9/ai_plastic_waste_management_training/HDPE Plastic/detergent_bottles/0096_a02b04c1d3e0f0g0h2.jpg,0,HDPE Plastic,0,HDPE Plastic,0.9999997615814209,0.9999997615814209,1.4914868229354283e-09,5.9558029619211084e-08,2.3536659909950686e-07,8.519122074446273e-10
/Users/aswanathjs/Downloads/test9/ai_plastic_waste_management_training/PET Plastic/plastic_bottles/PET589.jpg,2,PET Plastic,2,PET Plastic,0.9999998807907104,4.0956717128892706e-08,1.798562898613909e-08,0.9999998807907104,2.0896393948532932e-08,3.414381666289046e-08
/Users/aswanathjs/Downloads/test9/ai_plastic_waste_management_training/HDPE Plastic/detergent_bottles/Image_198.png,0,HDPE Plastic,0,HDPE Plastic,0.9999958276748657,0.9999958276748657,5.886558351875237e-09,4.107946097064996e-06,1.3060579817647522e-07,8.105809357061844e-10
/Users/aswanathjs/Downloads/test9/ai_plastic_waste_management_training/HDPE Plastic/detergent_botteles_grey/Image_198.png,0,HDPE Plastic,0,HDPE Plastic,0.9998613595962524,0.9998613595962524,6.377147769853764e-07,0.00013534842582885176,2.4443588699796237e-06,9.768171338464526e-08
/Users/aswanathjs/Downloads/test9/ai_plastic_waste_management_training/LDPE Plastic/bin_bags/Image_198.png,0,HDPE Plastic,1,LDPE Plastic,0.9231964349746704,0.0564313568174839,0.9231964349746704,0.012800037860870361,0.005032941699028015,0.0025391338858753443
/Users/aswanathjs/Downloads/test9/ai_plastic_waste_management_training/LDPE Plastic/bin_bags_grey/Image_198.png,0,HDPE Plastic,1,LDPE Plastic,0.8627805113792419,0.10873193293809891,0.8627805113792419,0.01807171292603016,0.008136401884257793,0.0022794415708631277
/Users/aswanathjs/Downloads/test9/ai_plastic_waste_management_training/PP Plastic/round_containers/Image_198.png,0,HDPE Plastic,3,PP Plastic,0.5703375339508057,0.2196231335401535,0.13617035746574402,0.0024994853883981705,0.5703375339508057,0.0713694766163826
/Users/aswanathjs/Downloads/test9/ai_plastic_waste_management_training/PS Plastic/foam_containers/Image_198.png,0,HDPE Plastic,0,HDPE Plastic,0.7782773375511169,0.7782773375511169,0.026717694476246834,0.0019661160185933113,0.10749813169240952,0.08554068207740784
/Users/aswanathjs/Downloads/test9/ai_plastic_waste_management_training/PS Plastic/foam_sheets/IMG_9351_JPG.rf.c36c6fec509bda68ec99bc4f531acd3c.jpg,4,PS Plastic,4,PS Plastic,0.9946388602256775,0.00011368991545168683,0.005108611658215523,0.00012049012730130926,1.834521026466973e-05,0.9946388602256775
/Users/aswanathjs/Downloads/test9/ai_plastic_waste_management_training/PS Plastic/foam_sheets/IMG_9351_JPG.rf.38adcfc87ed2287a35e42b775601ad2c.jpg,4,PS Plastic,4,PS Plastic,0.9999744892120361,3.8889420466148295e-06,8.553554835089017e-06,1.2050395525875501e-05,9.269202791983844e-07,0.9999744892120361
/Users/aswanathjs/Downloads/test9/ai_plastic_waste_management_training/PS Plastic/foam_sheets/IMG_9351_JPG.rf.10bbf9599a61362ec2886337e56b270e.jpg,4,PS Plastic,4,PS Plastic,0.9998987913131714,1.4818913768976927e-05,4.2211617255816236e-05,4.2011175537481904e-05,2.2876602088217624e-06,0.9998987913131714
/Users/aswanathjs/Downloads/test9/ai_plastic_waste_management_training/PP Plastic/round_containers/0031_a05b01c1d0e0f0g0h3.jpg,3,PP Plastic,3,PP Plastic,0.9999057054519653,9.372826752951369e-06,7.653614375158213e-06,7.108510180842131e-05,0.9999057054519653,6.187910003063735e-06
/Users/aswanathjs/Downloads/test9/ai_plastic_waste_management_training/PP Plastic/round_containers_grey/0031_a05b01c1d0e0f0g0h3.jpg,3,PP Plastic,3,PP Plastic,0.9999374151229858,5.6774047152430285e-06,6.637754268012941e-06,4.7726654884172603e-05,0.9999374151229858,2.526351181586506e-06
/Users/aswanathjs/Downloads/test9/ai_plastic_waste_management_training/PP Plastic/round_containers/0031_a05b01c1d0e0f0g0h4.jpg,3,PP Plastic,3,PP Plastic,0.9999966621398926,5.015414785702887e-07,1.0625097957017715e-06,1.4721216530233505e-06,0.9999966621398926,2.693284386623418e-07
/Users/aswanathjs/Downloads/test9/ai_plastic_waste_management_training/PP Plastic/round_containers_grey/0031_a05b01c1d0e0f0g0h4.jpg,3,PP Plastic,3,PP Plastic,0.9999994039535522,1.842889751912935e-08,3.5800840691990743e-07,1.708546761847174e-07,0.9999994039535522,2.1756585866228306e-08
/Users/aswanathjs/Downloads/test9/ai_plastic_waste_management_training/LDPE Plastic/black_white__plastic_bags/0163_jpg.rf.0aeb6e15ebadbb94be9ea641296c6e05.jpg,1,LDPE Plastic,1,LDPE Plastic,0.9998132586479187,1.4650057892140467e-05,0.9998132586479187,9.2552145360969e-06,4.8433448682771996e-05,0.00011441189417382702
"/Users/aswanathjs/Downloads/test9/ai_plastic_waste_management_training/PET Plastic/plastic_bottles/PET1,259.jpg",2,PET Plastic,2,PET Plastic,0.9999998807907104,8.318073696500505e-08,1.1951454936820483e-08,0.9999998807907104,3.0886045720990296e-08,1.2939128879452255e-08
/Users/aswanathjs/Downloads/test9/ai_plastic_waste_management_training/PS Plastic/foam_sheets/PS-785_jpg.rf.5deff55d43217d89fd0a2039e73aa7a8.jpg,4,PS Plastic,4,PS Plastic,0.9999489784240723,1.2205078746774234e-05,2.2442891349783167e-06,3.0769556360610295e-06,3.35617114615161e-05,0.9999489784240723
/Users/aswanathjs/Downloads/test9/ai_plastic_waste_management_training/LDPE Plastic/black_white__plastic_bags/0271_jpg.rf.7447a3499cc07537cbccee47654ef059.jpg,1,LDPE Plastic,1,LDPE Plastic,0.9996113181114197,9.524024790152907e-06,0.9996113181114197,1.8685179384192452e-05,0.0001710619981167838,0.00018936624110210687
/Users/aswanathjs/Downloads/test9/ai_plastic_waste_management_training/PP Plastic/round_containers/0035_a06b01c1d0e0f0g0h0.jpg,3,PP Plastic,3,PP Plastic,0.9998250603675842,9.602181671652943e-05,1.1440080243119155e-06,7.31159743736498e-05,0.9998250603675842,4.596913186105667e-06
/Users/aswanathjs/Downloads/test9/ai_plastic_waste_management_training/PS Plastic/foam_sheets/IMG_9364_JPG.rf.78943591a0aa34be894caf46fd6bdd1b.jpg,4,PS Plastic,4,PS Plastic,0.9999967813491821,3.723999384419585e-07,3.413037745758629e-07,2.3909574338176753e-06,9.804065115304184e-08,0.9999967813491821
/Users/aswanathjs/Downloads/test9/ai_plastic_waste_management_training/PS Plastic/foam_sheets/IMG_9364_JPG.rf.b879d0a451529461635fcc8ddc6976ad.jpg,4,PS Plastic,4,PS Plastic,0.9999970197677612,1.4898345170877292e-06,7.013580898274085e-07,6.704952397740271e-07,1.189541336543698e-07,0.9999970197677612
/Users/aswanathjs/Downloads/test9/ai_plastic_waste_management_training/PS Plastic/foam_sheets/IMG_9364_JPG.rf.496917bf65d897b13e95915518f40254.jpg,4,PS Plastic,4,PS Plastic,1.0,6.475447955622826e-10,9.50250100828498e-10,2.620453853907634e-09,6.128816204542531e-11,1.0
/Users/aswanathjs/Downloads/test9/ai_plastic_waste_management_training/PS Plastic/form_sheets_grey/IMG_9364_JPG.rf.496917bf65d897b13e95915518f40254.jpg,4,PS Plastic,4,PS Plastic,0.9999961853027344,1.6450667317258194e-07,3.275775497968425e-06,2.438921455905074e-07,1.8381314248472336e-07,0.9999961853027344
/Users/aswanathjs/Downloads/test9/ai_plastic_waste_management_training/PET Plastic/black_white_plastic_bottles/dleqp_jpg.rf.6bcc041e74e777e178413db8884af740.jpg,2,PET Plastic,2,PET Plastic,0.9999966621398926,2.27991017709428e-06,9.020341451559943e-08,0.9999966621398926,8.717308901395882e-07,1.342348667776605e-07
/Users/aswanathjs/Downloads/test9/ai_plastic_waste_management_training/LDPE Plastic/plastic_bags/plasticbag (132) 17.43.56.jpg,1,LDPE Plastic,1,LDPE Plastic,0.9999793767929077,5.310790584189817e-06,0.9999793767929077,9.750392564455979e-06,3.896526777680265e-06,1.6754405578467413e-06
"/Users/aswanathjs/Downloads/test9/ai_plastic_waste_management_training/PET Plastic/plastic_bottles/PET1,567.jpg",2,PET Plastic,2,PET Plastic,0.9999889135360718,1.4267704955273075e-06,4.712765985459555e-06,0.9999889135360718,4.591471224557608e-06,3.0920909921405837e-07
/Users/aswanathjs/Downloads/test9/ai_plastic_waste_management_training/PET Plastic/shampoo_bottles/0080_a05b00c2d1e0f1g0h0.jpg,2,PET Plastic,2,PET Plastic,0.9999395608901978,3.131008998025209e-05,7.681811098336766e-07,0.9999395608901978,2.7016842068405822e-05,1.3617888043881976e-06
/Users/aswanathjs/Downloads/test9/ai_plastic_waste_management_training/LDPE Plastic/plastic_bags/plasticbag (184) 17.43.56.jpg,1,LDPE Plastic,1,LDPE Plastic,0.9999308586120605,2.4069879600574495e-06,0.9999308586120605,2.9386246751528233e-05,2.6913434339803644e-05,1.043712836690247e-05
"/Users/aswanathjs/Downloads/test9/ai_plastic_waste_management_training/PET Plastic/plastic_bottles/PET1,104.jpg",2,PET Plastic,2,PET Plastic,0.9999966621398926,1.1987487447129297e-08,1.2016103028145153e-06,0.9999966621398926,1.974194901777082e-06,1.0229440050579797e-07
/Users/aswanathjs/Downloads/test9/ai_plastic_waste_management_training/LDPE Plastic/plastic_bags/train_LDPE-4_jpg.rf.172e48324e9bbb2936f1ce8c4f02d3e4.jpg,1,LDPE Plastic,1,LDPE Plastic,0.9999686479568481,4.67848678908922e-07,0.9999686479568481,2.0328092432464473e-05,4.59758712167968e-06,5.906482329010032e-06
"/Users/aswanathjs/Downloads/test9/ai_plastic_waste_management_training/PET Plastic/plastic_bottles/PET1,210.jpg",2,PET Plastic,2,PET Plastic,0.9999706745147705,5.722845912714547e-07,2.347216104681138e-05,0.9999706745147705,4.888037892669672e-06,3.436097131270799e-07
/Users/aswanathjs/Downloads/test9/ai_plastic_waste_management_training/HDPE Plastic/shampoo_bottles/0076_a02b06c1d1e0f1g0h0.jpg,0,HDPE Plastic,0,HDPE Plastic,1.0,1.0,3.2419782136638986e-11,2.3331361731493416e-08,1.1536799293665467e-09,7.691026981948568e-11
"/Users/aswanathjs/Downloads/test9/ai_plastic_waste_management_training/PET Plastic/plastic_bottles/PET1,343.jpg",2,PET Plastic,2,PET Plastic,0.9999550580978394,1.666066782490816e-05,2.939383648481453e-06,0.9999550580978394,2.4947428755695e-05,3.7734028524027963e-07
"/Users/aswanathjs/Downloads/test9/ai_plastic_waste_management_training/PET Plastic/plastic_bottles/PET1,694.jpg",2,PET Plastic,2,PET Plastic,0.9999991655349731,4.2675202394093503e-07,2.736001931680221e-07,0.9999991655349731,1.4293530625764106e-07,1.697247320464612e-08
/Users/aswanathjs/Downloads/test9/ai_plastic_waste_management_training/LDPE Plastic/bin_bags/Image_183.png,1,LDPE Plastic,1,LDPE Plastic,0.9435843229293823,0.04107767716050148,0.9435843229293823,0.00932543445378542,0.0041566649451851845,0.0018559801392257214
/Users/aswanathjs/Downloads/test9/ai_plastic_waste_management_training/PS Plastic/foam_containers/Image_183.png,1,LDPE Plastic,3,PP Plastic,0.380705863237381,0.05314674600958824,0.2582077085971832,0.009461662732064724,0.380705863237381,0.29847797751426697
/Users/aswanathjs/Downloads/test9/ai_plastic_waste_management_training/PET Plastic/black_white_plastic_bottles/abwtn_jpg.rf.a3ed0f94fcec68ce20a815f9ef20d988.jpg,2,PET Plastic,2,PET Plastic,1.0,1.4587338448279752e-08,8.414419383484528e-09,1.0,1.1549746714578646e-09,6.913767336413912e-09
"/Users/aswanathjs/Downloads/test9/ai_plastic_waste_management_training/PET Plastic/plastic_bottles/PET1,316.jpg",2,PET Plastic,2,PET Plastic,0.999599039554596,0.0001359533198410645,6.462329565692926e-06,0.999599039554596,0.0002540138957556337,4.579615961119998e-06
"/Users/aswanathjs/Downloads/test9/ai_plastic_waste_management_training/HDPE Plastic/milk_bottles/HDPEM1,018.JPG",0,HDPE Plastic,0,HDPE Plastic,1.0,1.0,3.082281066664472e-14,1.9539654616540503e-11,8.036835086322469e-12,7.882651129054175e-12
/Users/aswanathjs/Downloads/test9/ai_plastic_waste_management_training/PP Plastic/round_containers/0022_a05b00c2d3e0f0g0h4.jpg,3,PP Plastic,3,PP Plastic,0.9997377991676331,1.2389569747028872e-05,0.00011456452193669975,0.00012089259689673781,0.9997377991676331,1.4369603377417661e-05
/Users/aswanathjs/Downloads/test9/ai_plastic_waste_management_training/HDPE Plastic/milk_bottles/HDPEM244.jpg,0,HDPE Plastic,0,HDPE Plastic,0.9999980926513672,0.9999980926513672,7.315065886359662e-09,1.1198942502232967e-06,7.472051493095933e-07,1.283222559322894e-07
/Users/aswanathjs/Downloads/test9/ai_plastic_waste_management_training/PS Plastic/foam_sheets/PS-849_jpg.rf.4abd96d7d001aca2d67fac4ea8a77d62.jpg,4,PS Plastic,4,PS Plastic,1.0,3.609430265782976e-08,1.1204395189423622e-09,1.8993739914208163e-09,1.9634793790856975e-09,1.0
/Users/aswanathjs/Downloads/test9/ai_plastic_waste_management_training/LDPE Plastic/plastic_bags/LDPE-246_jpg.rf.dce5395bab33c53be1a43bbb99e44588.jpg,1,LDPE Plastic,1,LDPE Plastic,0.9998347759246826,7.244414064189186e-06,0.9998347759246826,2.1636387828039005e-05,0.00012635320308618248,9.94336005533114e-06
/Users/aswanathjs/Downloads/test9/ai_plastic_waste_management_training/LDPE Plastic/black_white__plastic_bags/0273_jpg.rf.c4b236ee0597546afa841fffe4650bf0.jpg,1,LDPE Plastic,1,LDPE Plastic,0.9998859167098999,2.7147275432071183e-06,0.9998859167098999,6.590383691218449e-06,4.9275342462351546e-05,5.548022090806626e-05
/Users/aswanathjs/Downloads/test9/ai_plastic_waste_management_training/HDPE Plastic/shampoo_bottles/0077_a02b01c2d3e0f1g0h4.jpg,0,HDPE Plastic,0,HDPE Plastic,0.9971603155136108,0.9971603155136108,3.915829893230693e-06,1.5799512766534463e-05,0.002799287671223283,2.0638015485019423e-05
/Users/aswanathjs/Downloads/test9/ai_plastic_waste_management_training/LDPE Plastic/plastic_bags/plasticbag (5).png,1,LDPE Plastic,1,LDPE Plastic,0.9974502921104431,0.0014144727028906345,0.9974502921104431,0.00023002835223451257,0.00040614017052575946,0.0004990195157006383
/Users/aswanathjs/Downloads/test9/ai_plastic_waste_management_training/LDPE Plastic/plastic_bags/plasticbag (5).jpg,1,LDPE Plastic,1,LDPE Plastic,0.9998675584793091,1.712835546641145e-05,0.9998675584793091,8.169946522684768e-05,3.20251797347737e-06,3.0373548725037836e-05
/Users/aswanathjs/Downloads/test9/ai_plastic_waste_management_training/PET Plastic/black_white_plastic_bottles/ajvdm_jpg.rf.6bd843215f765d2d340198b7b7b84579.jpg,2,PET Plastic,2,PET Plastic,0.9999656677246094,1.423303160663636e-06,2.3336941012530588e-05,0.9999656677246094,6.376539658958791e-06,3.232382141504786e-06
/Users/aswanathjs/Downloads/test9/ai_plastic_waste_management_training/HDPE Plastic/milk_bottles/HDPEM287.jpg,0,HDPE Plastic,0,HDPE Plastic,0.9999903440475464,0.9999903440475464,3.0774243153786074e-09,9.560402759234421e-06,3.848327523314765e-08,1.3207026938744093e-07
"/Users/aswanathjs/Downloads/test9/ai_plastic_waste_management_training/HDPE Plastic/milk_bottles/HDPEM1,009.JPG",0,HDPE Plastic,0,HDPE Plastic,0.9999992847442627,0.9999992847442627,5.0940398566012846e-09,6.956308880035067e-07,1.3644401164469855e-08,9.421035507273245e-09
/Users/aswanathjs/Downloads/test9/ai_plastic_waste_management_training/PP Plastic/square_containers_grey/0011_a05b00c2d0e0f0g0h2.jpg,3,PP Plastic,3,PP Plastic,0.9999929666519165,6.10666177180974e-07,5.933499323873548e-06,2.2814532485426753e-07,0.9999929666519165,1.9905262149677583e-07
/Users/aswanathjs/Downloads/test9/ai_plastic_waste_management_training/PP Plastic/rectangle_containers/0011_a05b00c2d0e0f0g0h2.jpg,3,PP Plastic,3,PP Plastic,0.9999871253967285,4.350000835984247e-06,4.259733032085933e-06,1.7971220813706168e-06,0.9999871253967285,2.4219482384069124e-06
/Users/aswanathjs/Downloads/test9/ai_plastic_waste_management_training/PP Plastic/square_containers/0011_a05b00c2d0e0f0g0h2.jpg,3,PP Plastic,3,PP Plastic,0.9999871253967285,4.350000835984247e-06,4.259733032085933e-06,1.7971220813706168e-06,0.9999871253967285,2.4219482384069124e-06
/Users/aswanathjs/Downloads/test9/ai_plastic_waste_management_training/PET Plastic/black_white_plastic_bottles/deyko_jpg.rf.1a0459845d53cb5f7d40e2d6b7a2f2de.jpg,2,PET Plastic,2,PET Plastic,0.9999977350234985,1.7313359421677887e-06,1.3317223590547655e-07,0.9999977350234985,2.0494023544870288e-07,1.263988025357321e-07
/Users/aswanathjs/Downloads/test9/ai_plastic_waste_management_training/PET Plastic/black_white_plastic_bottles/btazr_jpg.rf.c76c6645e697d4caa213735259dd8c84.jpg,2,PET Plastic,2,PET Plastic,0.9999953508377075,4.3831150264850294e-07,2.7189475986233447e-06,0.9999953508377075,5.216885483605438e-07,9.942230008164188e-07
/Users/aswanathjs/Downloads/test9/ai_plastic_waste_management_training/HDPE Plastic/shampoo_bottles/0061_a02b01c2d3e0f1g0h2.jpg,0,HDPE Plastic,0,HDPE Plastic,0.9999971389770508,0.9999971389770508,1.0794033444838647e-09,2.8849376576545183e-06,1.943917693481012e-09,1.253109394028229e-09
/Users/aswanathjs/Downloads/test9/ai_plastic_waste_management_training/HDPE Plastic/detergent_bottles/0096_a02b04c2d0e0f0g0h3.jpg,0,HDPE Plastic,0,HDPE Plastic,0.9999982118606567,0.9999982118606567,1.1901890140109117e-08,4.5639075096914894e-07,1.349667059002968e-06,1.651380365785826e-08
"/Users/aswanathjs/Downloads/test9/ai_plastic_waste_management_training/PET Plastic/plastic_bottles/PET1,136.jpg",2,PET Plastic,2,PET Plastic,0.999956488609314,2.1935015581675543e-07,3.996806844952516e-05,0.999956488609314,3.0126852834655438e-06,3.1088771379472746e-07
/Users/aswanathjs/Downloads/test9/ai_plastic_waste_management_training/PET Plastic/black_white_plastic_bottles/aexcz_jpg.rf.1fe7c3f16d303baa9555a7dd4e735fdb.jpg,2,PET Plastic,2,PET Plastic,0.999990701675415,5.355915163818281e-06,8.695942597114481e-07,0.999990701675415,2.098656977977953e-06,9.414246733285836e-07
/Users/aswanathjs/Downloads/test9/ai_plastic_waste_management_training/HDPE Plastic/detergent_bottles/0096_a02b04c1d3e0f0g0h1.jpg,0,HDPE Plastic,0,HDPE Plastic,1.0,1.0,1.118925285759076e-09,4.2280689172002894e-08,5.320085350035697e-08,5.129014546412236e-09
/Users/aswanathjs/Downloads/test9/ai_plastic_waste_management_training/HDPE Plastic/milk_bottles/HDPEM414.jpg,0,HDPE Plastic,0,HDPE Plastic,0.9999998807907104,0.9999998807907104,2.401601362223005e-09,9.528313249518305e-09,1.7191666756843915e-07,2.6211384174246177e-09
/Users/aswanathjs/Downloads/test9/ai_plastic_waste_management_training/PP Plastic/square_containers/IMG_20220209_175409.jpg,3,PP Plastic,3,PP Plastic,0.9999866485595703,1.7386913668815396e-06,5.617855094897095e-06,1.424513129677507e-06,0.9999866485595703,4.61380750493845e-06
/Users/aswanathjs/Downloads/test9/ai_plastic_waste_management_training/HDPE Plastic/shampoo_bottles/0065_a02b03c2d0e0f1g0h4.jpg,0,HDPE Plastic,0,HDPE Plastic,1.0,1.0,1.938888979924336e-11,2.891007611083296e-08,1.8234356247148753e-09,2.3203128307613952e-10
/Users/aswanathjs/Downloads/test9/ai_plastic_waste_management_training/HDPE Plastic/shampoo_bottles/0076_a02b06c1d2e0f1g0h0.jpg,0,HDPE Plastic,0,HDPE Plastic,1.0,1.0,1.972741761613328e-11,1.6228121069161716e-09,3.798501790885922e-10,6.194272525461564e-12
/Users/aswanathjs/Downloads/test9/ai_plastic_waste_management_training/LDPE Plastic/plastic_bags/plasticbag (66).jpg,1,LDPE Plastic,1,LDPE Plastic,0.9661260843276978,0.007628424093127251,0.9661260843276978,0.0015265695983543992,0.02201419323682785,0.002704812679439783
/Users/aswanathjs/Downloads/test9/ai_plastic_waste_management_training/HDPE Plastic/shampoo_bottles/0021_a02b01c1d3e1f0g0h4.jpg,0,HDPE Plastic,0,HDPE Plastic,0.9999988079071045,0.9999988079071045,2.6842257305759176e-09,8.218667062465101e-07,2.139714752047439e-07,8.140609253359798e-08
/Users/aswanathjs/Downloads/test9/ai_plastic_waste_management_training/PET Plastic/plastic_bottles/PET993.jpg,2,PET Plastic,2,PET Plastic,1.0,1.48694594415133e-08,2.787029629303106e-08,1.0,6.882007408393065e-09,6.693657184086987e-09
/Users/aswanathjs/Downloads/test9/ai_plastic_waste_management_training/HDPE Plastic/shampoo_bottles/0076_a02b06c1d0e0f1g0h3.jpg,0,HDPE Plastic,0,HDPE Plastic,0.9999933242797852,0.9999933242797852,1.0041371467650606e-07,3.0627579690190032e-06,3.225623004254885e-06,2.4656830532876484e-07
"/Users/aswanathjs/Downloads/test9/ai_plastic_waste_management_training/PET Plastic/plastic_bottles/PET1,553.jpg",2,PET Plastic,2,PET Plastic,0.9999926090240479,5.365226911635546e-07,2.6496236387174577e-06,0.9999926090240479,3.901989202859113e-06,2.7936312108067796e-07
/Users/aswanathjs/Downloads/test9/ai_plastic_waste_management_training/PS Plastic/foam_sheets/PS-531_jpg.rf.e1d3c129f8e8bc1daf58918c1a98871a.jpg,4,PS Plastic,4,PS Plastic,0.9999998807907104,7.195768603196484e-08,6.629972126859229e-09,6.166566812737528e-09,6.6356018457724986e-09,0.9999998807907104
/Users/aswanathjs/Downloads/test9/ai_plastic_waste_management_training/HDPE Plastic/milk_bottles/HDPEM317.jpg,0,HDPE Plastic,0,HDPE Plastic,1.0,1.0,1.299124002818175e-11,6.985438005813194e-09,3.1861811800038e-11,1.0740391215291467e-11
/Users/aswanathjs/Downloads/test9/ai_plastic_waste_management_training/HDPE Plastic/shampoo_bottiles_grey/0023_a02b01c2d2e0f1g0h1.jpg,0,HDPE Plastic,0,HDPE Plastic,0.9999996423721313,0.9999996423721313,1.2004838234602744e-09,2.8171232457907536e-08,3.389065454939555e-07,1.1604797123254684e-08
/Users/aswanathjs/Downloads/test9/ai_plastic_waste_management_training/HDPE Plastic/shampoo_bottles/0023_a02b01c2d2e0f1g0h1.jpg,0,HDPE Plastic,0,HDPE Plastic,1.0,1.0,2.628269824000995e-11,6.339155866896817e-09,1.9118491678682403e-08,2.1204897837634462e-09
/Users/aswanathjs/Downloads/test9/ai_plastic_waste_management_training/PP Plastic/round_containers/0035_a06b01c2d3e0f0g0h4.jpg,3,PP Plastic,3,PP Plastic,0.9987820982933044,5.992236765450798e-05,8.941111445892602e-05,0.0008455064380541444,0.9987820982933044,0.00022302941943053156
/Users/aswanathjs/Downloads/test9/ai_plastic_waste_management_training/LDPE Plastic/bubble_wrap/LDPE-82_jpg.rf.37a722377163a1431bd9230f3c53a386.jpg,1,LDPE Plastic,1,LDPE Plastic,0.9999997615814209,1.5734021863167413e-09,0.9999997615814209,2.3140312066516344e-07,2.4206114890290564e-10,3.763987521665513e-08
/Users/aswanathjs/Downloads/test9/ai_plastic_waste_management_training/LDPE Plastic/bubble_wrap/LDPE-82_jpg.rf.97a81e1fcf5a78dead74a86d80a238e6.jpg,1,LDPE Plastic,1,LDPE Plastic,0.9999663829803467,7.064436999826285e-07,0.9999663829803467,7.357269169006031e-06,1.2697191777988337e-06,2.42782843997702e-05
/Users/aswanathjs/Downloads/test9/ai_plastic_waste_management_training/PP Plastic/round_containers/IMG_20220209_174947.jpg,3,PP Plastic,3,PP Plastic,0.9999969005584717,2.1907281677613355e-07,1.3562184904003516e-06,1.3424149756247061e-06,0.9999969005584717,1.9968426556715713e-07
"/Users/aswanathjs/Downloads/test9/ai_plastic_waste_management_training/PET Plastic/plastic_bottles/PET1,712.jpg",2,PET Plastic,2,PET Plastic,0.9996905326843262,1.6286378013319336e-05,6.885694165248424e-05,0.9996905326843262,0.00021867772738914937,5.627509381156415e-06
/Users/aswanathjs/Downloads/test9/ai_plastic_waste_management_training/LDPE Plastic/bubble_wrap/train_LDPE-85_jpg.rf.444032c57e3a25c50594c040d8fff208.jpg,1,LDPE Plastic,1,LDPE Plastic,1.0,2.1543222761266634e-09,1.0,3.759330180486131e-09,7.356169007266544e-10,1.6701164895494003e-08
/Users/aswanathjs/Downloads/test9/ai_plastic_waste_management_training/PET Plastic/black_white_plastic_bottles/cxrgu_jpg.rf.65de1a9f2d6dd325b20eb6120cbe2320.jpg,2,PET Plastic,2,PET Plastic,0.9999977350234985,2.212107347077108e-06,3.103755696898247e-09,0.9999977350234985,4.3221604073551134e-09,2.271576171608558e-08
/Users/aswanathjs/Downloads/test9/ai_plastic_waste_management_training/PET Plastic/shampoo_bottles/0050_a05b00c2d1e1f1g0h4.jpg,2,PET Plastic,2,PET Plastic,0.9999984502792358,1.1592472901611472e-06,2.5572731487955025e-07,0.9999984502792358,1.0980406273120025e-07,3.6037974382452376e-08
/Users/aswanathjs/Downloads/test9/ai_plastic_waste_management_training/LDPE Plastic/plastic_bags/LDPE-48_jpg.rf.03adcf9b039abd85882d4515b3a0ed72.jpg,1,LDPE Plastic,1,LDPE Plastic,0.9997139573097229,3.2752868719398975e-05,0.9997139573097229,5.919019895372912e-05,0.00016714073717594147,2.703167228901293e-05
/Users/aswanathjs/Downloads/test9/ai_plastic_waste_management_training/PET Plastic/black_white_plastic_bottles/dgzlv_jpg.rf.ee5ec099e8b8725a0fc8a376dd396d52.jpg,2,PET Plastic,2,PET Plastic,0.9999983310699463,2.0726241700685932e-07,8.972666023510101e-07,0.9999983310699463,2.2853700443192793e-07,3.83937134529333e-07
"/Users/aswanathjs/Downloads/test9/ai_plastic_waste_management_training/PET Plastic/plastic_bottles/PET1,603.jpg",2,PET Plastic,2,PET Plastic,0.9999899864196777,1.806750788091449e-06,1.5159805570874596e-06,0.9999899864196777,6.156819381430978e-06,6.116435429248668e-07
/Users/aswanathjs/Downloads/test9/ai_plastic_waste_management_training/HDPE Plastic/milk_bottles/HDPEM133.jpg,0,HDPE Plastic,0,HDPE Plastic,1.0,1.0,1.1607833834761938e-12,2.6026303334703016e-10,9.126151501170909e-10,2.124908929368452e-11
/Users/aswanathjs/Downloads/test9/ai_plastic_waste_management_training/PP Plastic/square_containers_grey/IMG_20220209_173814.jpg,3,PP Plastic,3,PP Plastic,0.9982843995094299,0.0010115558980032802,0.00015704405086580664,0.0004723808669950813,0.9982843995094299,7.451938290614635e-05
/Users/aswanathjs/Downloads/test9/ai_plastic_waste_management_training/PP Plastic/square_containers/IMG_20220209_173814.jpg,3,PP Plastic,3,PP Plastic,0.9987496137619019,0.0008386761182919145,8.817783236736432e-05,0.0002732631401158869,0.9987496137619019,5.017422154196538e-05
/Users/aswanathjs/Downloads/test9/ai_plastic_waste_management_training/PET Plastic/plastic_bottles/PET384.jpg,2,PET Plastic,2,PET Plastic,0.9999992847442627,2.035602904015832e-07,1.7621412951029924e-07,0.9999992847442627,1.230832396004189e-07,9.463091998895834e-08
/Users/aswanathjs/Downloads/test9/ai_plastic_waste_management_training/HDPE Plastic/shampoo_bottles/0065_a02b03c2d3e0f1g0h3.jpg,0,HDPE Plastic,0,HDPE Plastic,1.0,1.0,9.73494548861531e-12,1.5960589794250524e-10,4.569762623862772e-10,2.741624635649309e-11
/Users/aswanathjs/Downloads/test9/ai_plastic_waste_management_training/HDPE Plastic/milk_bottles/HDPEM281.jpg,0,HDPE Plastic,0,HDPE Plastic,1.0,1.0,5.525000595918428e-12,6.781371575392825e-10,2.1809621816859526e-11,2.6699493310688993e-11
/Users/aswanathjs/Downloads/test9/ai_plastic_waste_management_training/PP Plastic/round_containers/IMG_20220209_173624.jpg,3,PP Plastic,3,PP Plastic,0.9996680021286011,2.9851413273718208e-05,0.0001721285516396165,0.00010832885891431943,0.9996680021286011,2.1803549316246063e-05
/Users/aswanathjs/Downloads/test9/ai_plastic_waste_management_training/HDPE Plastic/detergent_bottles/0010_a02b01c1d3e0f1g0h2.jpg,0,HDPE Plastic,0,HDPE Plastic,1.0,1.0,1.2253612187429486e-11,1.9506571913296966e-09,1.0326441923780294e-09,1.8901538667570605e-10
/Users/aswanathjs/Downloads/test9/ai_plastic_waste_management_training/LDPE Plastic/plastic_bags/plasticbag (163).jpg,1,LDPE Plastic,1,LDPE Plastic,0.9999935626983643,3.992636621319434e-08,0.9999935626983643,3.969736326325801e-07,3.9210804061440285e-06,2.1199718958087033e-06
/Users/aswanathjs/Downloads/test9/ai_plastic_waste_management_training/LDPE Plastic/plastic_bags/LDPE-65_jpg.rf.8e7cb0efcbaea582454ea3dba2772d4f.jpg,1,LDPE Plastic,1,LDPE Plastic,0.9999258518218994,3.833927166851936e-07,0.9999258518218994,1.863197030615993e-05,4.961210288456641e-05,5.584801328950562e-06
/Users/aswanathjs/Downloads/test9/ai_plastic_waste_management_training/LDPE Plastic/plastic_bags/LDPE-65_jpg.rf.9fd07c0767e1815534adf671b07f067a.jpg,1,LDPE Plastic,1,LDPE Plastic,0.999969482421875,2.1844314233021578e-06,0.999969482421875,4.291012373869307e-06,7.713390914432239e-06,1.6257879906333983e-05
/Users/aswanathjs/Downloads/test9/ai_plastic_waste_management_training/LDPE Plastic/plastic_bags/train_LDPE-51_jpg.rf.af9728965ce0dedb7509cf53464a92ff.jpg,1,LDPE Plastic,1,LDPE Plastic,0.9999284744262695,8.871575118973851e-06,0.9999284744262695,4.681036898546154e-06,2.3844517272664234e-05,3.409642886254005e-05
/Users/aswanathjs/Downloads/test9/ai_plastic_waste_management_training/PET Plastic/black_white_plastic_bottles/bzegv_jpg.rf.aced48e4c17428c90bcf06fc1c8693cb.jpg,2,PET Plastic,2,PET Plastic,0.9998918771743774,0.00010559268412180245,3.7782956496812403e-07,0.9998918771743774,5.384702603805636e-07,1.5243443840518012e-06
/Users/aswanathjs/Downloads/test9/ai_plastic_waste_management_training/PP Plastic/round_containers/IMG_20220209_175618.jpg,3,PP Plastic,3,PP Plastic,0.9999121427536011,4.8071928176796064e-05,1.8698201529332437e-05,1.5294450349756517e-05,0.9999121427536011,5.826332653668942e-06
/Users/aswanathjs/Downloads/test9/ai_plastic_waste_management_training/PP Plastic/square_containers/Image_193.png,3,PP Plastic,3,PP Plastic,0.9042279124259949,0.030326442793011665,0.06213400140404701,0.0011098758550360799,0.9042279124259949,0.002201782539486885
/Users/aswanathjs/Downloads/test9/ai_plastic_waste_management_training/PS Plastic/foam_containers/Image_193.png,3,PP Plastic,3,PP Plastic,0.4425174295902252,0.04749589040875435,0.15898270905017853,0.00870045181363821,0.4425174295902252,0.34230348467826843
/Users/aswanathjs/Downloads/test9/ai_plastic_waste_management_training/HDPE Plastic/milk_bottles/HDPEM67.jpg,0,HDPE Plastic,0,HDPE Plastic,0.9999998807907104,0.9999998807907104,1.6224614707294194e-10,7.302076454607231e-08,1.2554675521414538e-08,9.939198353237089e-10
/Users/aswanathjs/Downloads/test9/ai_plastic_waste_management_training/PS Plastic/foam_sheets/PS-816_jpg.rf.621f2b8ee9e7ddcc302155c252c762fe.jpg,4,PS Plastic,4,PS Plastic,1.0,1.0846843423450991e-08,7.351045466785777e-11,3.231133693937238e-10,3.8300976279437293e-10,1.0
/Users/aswanathjs/Downloads/test9/ai_plastic_waste_management_training/PP Plastic/round_containers/IMG_20220209_174543.jpg,3,PP Plastic,3,PP Plastic,0.9996802806854248,0.00021149426174815744,5.7453733461443335e-05,4.9474398110760376e-05,0.9996802806854248,1.3561201512857224e-06
/Users/aswanathjs/Downloads/test9/ai_plastic_waste_management_training/PP Plastic/round_containers/IMG_20220209_174119.jpg,3,PP Plastic,3,PP Plastic,0.997469425201416,0.002075728727504611,0.00012857653200626373,0.0003133939753752202,0.997469425201416,1.2887932825833559e-05
/Users/aswanathjs/Downloads/test9/ai_plastic_waste_management_training/LDPE Plastic/plastic_bags/LDPE-535_jpg.rf.8ba1e8c5bd8cd7d6a3faef3b05a247eb.jpg,1,LDPE Plastic,1,LDPE Plastic,0.9994533658027649,4.622087726602331e-05,0.9994533658027649,0.00011353079753462225,0.00028139364439994097,0.00010541631490923464
/Users/aswanathjs/Downloads/test9/ai_plastic_waste_management_training/PP Plastic/irregular_containers/train_PP-45_jpg.rf.ad3e3e10ad03ba04b8fd23db4c13ff94.jpg,3,PP Plastic,3,PP Plastic,0.99943608045578,4.4397810938789917e-07,0.00047661366988904774,8.541667921235785e-05,0.99943608045578,1.4403807426788262e-06
/Users/aswanathjs/Downloads/test9/ai_plastic_waste_management_training/HDPE Plastic/shampoo_bottles/0075_a02b01c1d2e0f0g0h0.jpg,0,HDPE Plastic,0,HDPE Plastic,0.9995645880699158,0.9995645880699158,5.409697934055657e-08,3.070853199460544e-05,0.0004040311905555427,5.75282797399268e-07
/Users/aswanathjs/Downloads/test9/ai_plastic_waste_management_training/PET Plastic/plastic_bottles/PET542.jpg,2,PET Plastic,2,PET Plastic,0.9993969202041626,0.0002543386653997004,0.00018936445121653378,0.9993969202041626,7.806740904925391e-05,8.13232472864911e-05
/Users/aswanathjs/Downloads/test9/ai_plastic_waste_management_training/LDPE Plastic/plastic_bags/LDPE-22_jpg.rf.dc475cc93de39ca824b6e309e578e910.jpg,1,LDPE Plastic,1,LDPE Plastic,0.999891996383667,1.2115912795707118e-05,0.999891996383667,1.2683873137575574e-05,3.261477831983939e-05,5.048542516306043e-05
/Users/aswanathjs/Downloads/test9/ai_plastic_waste_management_training/PET Plastic/plastic_bottles/PET678.jpg,2,PET Plastic,2,PET Plastic,0.9999927282333374,2.2344333956425544e-06,4.996065285922668e-07,0.9999927282333374,3.6804387946176575e-06,8.203934385164757e-07
"/Users/aswanathjs/Downloads/test9/ai_plastic_waste_management_training/PET Plastic/plastic_bottles/PET1,065.jpg",2,PET Plastic,2,PET Plastic,0.9999866485595703,5.6106000556610525e-06,5.613008852378698e-06,0.9999866485595703,1.2410861245371052e-06,8.970703788691026e-07
/Users/aswanathjs/Downloads/test9/ai_plastic_waste_management_training/HDPE Plastic/shampoo_bottles/0099_a02b01c2d2e0f1g0h0.jpg,0,HDPE Plastic,0,HDPE Plastic,0.9995502829551697,0.9995502829551697,1.3569729162554722e-07,4.9855539145937655e-06,0.0004440375487320125,5.225167001299269e-07
/Users/aswanathjs/Downloads/test9/ai_plastic_waste_management_training/PP Plastic/round_containers/0044_a06b01c1d3e0f0g0h0.jpg,3,PP Plastic,3,PP Plastic,0.9999074935913086,6.313437188509852e-05,8.40606662677601e-06,1.786882057785988e-05,0.9999074935913086,3.043227252419456e-06
/Users/aswanathjs/Downloads/test9/ai_plastic_waste_management_training/PS Plastic/foam_sheets/PS-869_jpg.rf.2da744199d0e5ad8eb1c98b5e943d36a.jpg,4,PS Plastic,4,PS Plastic,1.0,1.7100287408311488e-08,4.297105449246885e-10,8.293257747205018e-10,7.871391316527365e-10,1.0
/Users/aswanathjs/Downloads/test9/ai_plastic_waste_management_training/PET Plastic/black_white_plastic_bottles/dqvay_jpg.rf.a4fd7fb9e01ae4311912e45995ecdd5f.jpg,2,PET Plastic,2,PET Plastic,0.9999985694885254,3.6592041396943387e-07,8.296971998333902e-08,0.9999985694885254,7.121913654373202e-07,2.542175536746072e-07
/Users/aswanathjs/Downloads/test9/ai_plastic_waste_management_training/PP Plastic/round_containers/0032_a05b01c2d3e0f0g0h3.jpg,3,PP Plastic,3,PP Plastic,0.9999693632125854,4.3533322013900033e-07,2.2038398128643166e-07,2.8607522835955024e-05,0.9999693632125854,1.3472182445184444e-06
/Users/aswanathjs/Downloads/test9/ai_plastic_waste_management_training/LDPE Plastic/plastic_bags/LDPE-326_jpg.rf.b4eed70874e5502c4fd701c857b9eb59.jpg,1,LDPE Plastic,1,LDPE Plastic,0.9999973773956299,9.4944596185087e-08,0.9999973773956299,5.205396291785291e-07,9.566905418978422e-07,1.0787446171889314e-06
/Users/aswanathjs/Downloads/test9/ai_plastic_waste_management_training/HDPE Plastic/milk_bottles/HDPEM218.jpg,0,HDPE Plastic,0,HDPE Plastic,0.9999951124191284,0.9999951124191284,5.2213213308505146e-08,3.2144355373020517e-06,1.0933197245321935e-06,4.970210625288018e-07
/Users/aswanathjs/Downloads/test9/ai_plastic_waste_management_training/HDPE Plastic/shampoo_bottles/0065_a02b03c1d0e0f1g0h3.jpg,0,HDPE Plastic,0,HDPE Plastic,0.9999958276748657,0.9999958276748657,6.7681793503027166e-09,3.908336111635435e-06,1.9764510739150865e-07,2.0335029660145665e-08
/Users/aswanathjs/Downloads/test9/ai_plastic_waste_management_training/HDPE Plastic/shampoo_bottles/0078_a02b07c2d0e0f1g0h4.jpg,0,HDPE Plastic,0,HDPE Plastic,0.9999997615814209,0.9999997615814209,8.585176840270048e-12,2.3831847784094862e-07,4.3384459913475837e-10,8.746142698967674e-12
"/Users/aswanathjs/Downloads/test9/ai_plastic_waste_management_training/PET Plastic/plastic_bottles/PET1,758.jpg",2,PET Plastic,2,PET Plastic,0.9999970197677612,4.128727582042302e-08,3.0126554975140607e-06,0.9999970197677612,1.8878585805737202e-08,1.0276450801427472e-08
/Users/aswanathjs/Downloads/test9/ai_plastic_waste_management_training/LDPE Plastic/plastic_bags/plasticbag (144) 17.43.56.jpg,1,LDPE Plastic,1,LDPE Plastic,0.9999710321426392,6.881762146804249e-07,0.9999710321426392,4.3931100890404196e-07,2.6774096113513224e-05,1.066712229658151e-06
/Users/aswanathjs/Downloads/test9/ai_plastic_waste_management_training/HDPE Plastic/shampoo_bottles/0077_a02b01c1d3e0f1g0h4.jpg,0,HDPE Plastic,0,HDPE Plastic,0.9949439167976379,0.9949439167976379,3.444907406446873e-06,9.524757842882536e-06,0.005021578632295132,2.1604886569548398e-05
/Users/aswanathjs/Downloads/test9/ai_plastic_waste_management_training/LDPE Plastic/plastic_bags/LDPE-276_jpg.rf.62485e45d616880490d50ca7399b866e.jpg,1,LDPE Plastic,1,LDPE Plastic,0.999849796295166,3.944364834751468e-06,0.999849796295166,3.454550460446626e-05,9.365588630316779e-05,1.800011523300782e-05
/Users/aswanathjs/Downloads/test9/ai_plastic_waste_management_training/PET Plastic/plastic_bottles/PET958.jpg,2,PET Plastic,2,PET Plastic,0.9999986886978149,1.361350427941943e-07,1.7683606756691006e-07,0.9999986886978149,9.193468599733023e-07,1.2499103263508005e-07
/Users/aswanathjs/Downloads/test9/ai_plastic_waste_management_training/PP Plastic/square_containers_grey/IMG20220210150432.jpg,3,PP Plastic,3,PP Plastic,0.9903028607368469,0.0011840604711323977,0.007435590960085392,0.0007169634918682277,0.9903028607368469,0.000360466365236789
/Users/aswanathjs/Downloads/test9/ai_plastic_waste_management_training/PP Plastic/square_containers/IMG20220210150432.jpg,3,PP Plastic,3,PP Plastic,0.6799396276473999,0.302448570728302,0.012316413223743439,0.0036473115906119347,0.6799396276473999,0.0016481062630191445
/Users/aswanathjs/Downloads/test9/ai_plastic_waste_management_training/PP Plastic/square_containers/IMG20220210150440.jpg,3,PP Plastic,3,PP Plastic,0.9996635913848877,5.351812797016464e-05,0.00025791875668801367,5.48122261534445e-06,0.9996635913848877,1.9544469978427514e-05
/Users/aswanathjs/Downloads/test9/ai_plastic_waste_management_training/PS Plastic/foam_sheets/IMG_9358_JPG.rf.0d237e3fcecc10e0cd95d5b394b095f1.jpg,4,PS Plastic,4,PS Plastic,0.9999932050704956,2.438563342366251e-07,2.379547822783934e-06,2.7929124826187035e-06,1.4395435528058442e-06,0.9999932050704956
/Users/aswanathjs/Downloads/test9/ai_plastic_waste_management_training/PS Plastic/foam_sheets/IMG_9358_JPG.rf.415a6862b45fd800b93978a40794c0d8.jpg,4,PS Plastic,4,PS Plastic,0.9999054670333862,4.37478001913405e-06,2.8400276278262027e-05,2.1354402633733116e-05,4.03564226871822e-05,0.9999054670333862
/Users/aswanathjs/Downloads/test9/ai_plastic_waste_management_training/PS Plastic/foam_sheets/IMG_9358_JPG.rf.9deddac341aaa43137a3c0038f66ebff.jpg,4,PS Plastic,4,PS Plastic,0.9999985694885254,2.9187672723196556e-08,1.1234998282816377e-06,1.9866554623604316e-07,5.634200306303683e-08,0.9999985694885254
"/Users/aswanathjs/Downloads/test9/ai_plastic_waste_management_training/PET Plastic/plastic_bottles/PET1,434.jpg",2,PET Plastic,2,PET Plastic,0.9999980926513672,1.2216381151120004e-07,2.996016235101706e-07,0.9999980926513672,1.429484427717398e-06,3.229651923675192e-08
/Users/aswanathjs/Downloads/test9/ai_plastic_waste_management_training/LDPE Plastic/plastic_bags/train_LDPE-42_jpg.rf.3641cfed1d3d932dbff4b3e15d25f862.jpg,1,LDPE Plastic,1,LDPE Plastic,0.9992048144340515,0.0003267940192017704,0.9992048144340515,0.0001053859741659835,0.00026138685643672943,0.00010167650179937482
/Users/aswanathjs/Downloads/test9/ai_plastic_waste_management_training/LDPE Plastic/black_white__plastic_bags/0002_jpg.rf.a8f2a5a965525083cb801ab81e0faa07.jpg,1,LDPE Plastic,1,LDPE Plastic,0.999783456325531,6.900043445057236e-06,0.999783456325531,1.6164931366802193e-05,6.428091728594154e-05,0.00012928462820127606
/Users/aswanathjs/Downloads/test9/ai_plastic_waste_management_training/PET Plastic/plastic_bottles/PET858.jpg,2,PET Plastic,2,PET Plastic,0.9999996423721313,1.8656878708611657e-08,3.2193631227528385e-07,0.9999996423721313,3.0375879589428223e-09,1.4471881470967674e-08
/Users/aswanathjs/Downloads/test9/ai_plastic_waste_management_training/HDPE Plastic/milk_bottles/HDPEM185.jpg,0,HDPE Plastic,0,HDPE Plastic,1.0,1.0,1.764672435955461e-10,2.5065487463393765e-08,6.6334133741463575e-09,6.143968001026678e-09
"/Users/aswanathjs/Downloads/test9/ai_plastic_waste_management_training/PET Plastic/plastic_bottles/PET1,427.jpg",2,PET Plastic,2,PET Plastic,0.9999847412109375,3.408885049793753e-07,3.198575484475441e-07,0.9999847412109375,1.454657376598334e-05,2.1577077902179553e-08
/Users/aswanathjs/Downloads/test9/ai_plastic_waste_management_training/HDPE Plastic/shampoo_bottles/0077_a02b01c1d2e0f1g0h2.jpg,0,HDPE Plastic,0,HDPE Plastic,0.9994651675224304,0.9994651675224304,3.79065141942192e-07,0.0001292492524953559,0.0003990481491200626,6.239689810172422e-06
/Users/aswanathjs/Downloads/test9/ai_plastic_waste_management_training/HDPE Plastic/milk_bottles/HDPEM412.jpg,0,HDPE Plastic,0,HDPE Plastic,1.0,1.0,1.7182495704037848e-10,3.8687172909668277e-10,1.1111059627921804e-08,1.3276235666381808e-10
/Users/aswanathjs/Downloads/test9/ai_plastic_waste_management_training/PP Plastic/rectangle_containers/0011_a05b00c1d2e0f0g0h4.jpg,3,PP Plastic,3,PP Plastic,0.9995656609535217,2.820371992129367e-05,3.078342342632823e-05,0.0003675714251585305,0.9995656609535217,7.851484042475931e-06
/Users/aswanathjs/Downloads/test9/ai_plastic_waste_management_training/PP Plastic/square_containers/0011_a05b00c1d2e0f0g0h4.jpg,3,PP Plastic,3,PP Plastic,0.9995656609535217,2.820371992129367e-05,3.078342342632823e-05,0.0003675714251585305,0.9995656609535217,7.851484042475931e-06
/Users/aswanathjs/Downloads/test9/ai_plastic_waste_management_training/LDPE Plastic/plastic_bags_grey/plasticbag (112).jpg,1,LDPE Plastic,1,LDPE Plastic,0.9999992847442627,3.8544811786778155e-08,0.9999992847442627,1.253966956937802e-07,4.635332686575566e-07,1.0368068359412064e-07
/Users/aswanathjs/Downloads/test9/ai_plastic_waste_management_training/LDPE Plastic/plastic_bags/plasticbag (112).jpg,1,LDPE Plastic,1,LDPE Plastic,0.9999992847442627,4.4736136572964824e-08,0.9999992847442627,1.3501376372460072e-07,4.852189476878266e-07,1.0873810651901294e-07
/Users/aswanathjs/Downloads/test9/ai_plastic_waste_management_training/HDPE Plastic/detergent_bottles/IMG_20220209_182823.jpg,0,HDPE Plastic,0,HDPE Plastic,0.9999449253082275,0.9999449253082275,6.0463398732224505e-09,5.415492341853678e-05,8.977004881671746e-07,1.6455629081590928e-09
/Users/aswanathjs/Downloads/test9/ai_plastic_waste_management_training/HDPE Plastic/detergent_botteles_grey/IMG_20220209_182823.jpg,0,HDPE Plastic,0,HDPE Plastic,0.9997296929359436,0.9997296929359436,1.881318780760921e-07,0.00014349499542731792,0.00012645106471609324,1.1662283583291355e-07
/Users/aswanathjs/Downloads/test9/ai_plastic_waste_management_training/HDPE Plastic/detergent_bottles/Image_227.png,0,HDPE Plastic,0,HDPE Plastic,0.9999661445617676,0.9999661445617676,3.1801737350178882e-06,1.9517952750902623e-05,1.0334093531128019e-05,8.524951908839284e-07
/Users/aswanathjs/Downloads/test9/ai_plastic_waste_management_training/PS Plastic/foam_containers/Image_227.png,0,HDPE Plastic,4,PS Plastic,0.42422008514404297,0.07022148370742798,0.16744011640548706,0.009349602274596691,0.32876870036125183,0.42422008514404297
/Users/aswanathjs/Downloads/test9/ai_plastic_waste_management_training/PP Plastic/square_containers/IMG_20220209_175414.jpg,3,PP Plastic,3,PP Plastic,0.9998712539672852,5.452949699247256e-05,3.210359864169732e-05,4.3947775338892825e-06,0.9998712539672852,3.771148112718947e-05
/Users/aswanathjs/Downloads/test9/ai_plastic_waste_management_training/HDPE Plastic/detergent_bottles/0098_a02b03c1d2e0f0g0h1.jpg,0,HDPE Plastic,0,HDPE Plastic,0.9999998807907104,0.9999998807907104,7.964160442242019e-10,7.499166287949777e-10,8.533882578376506e-08,3.949658100577125e-10
/Users/aswanathjs/Downloads/test9/ai_plastic_waste_management_training/PET Plastic/plastic_bottles/PET387.jpg,2,PET Plastic,2,PET Plastic,0.9999991655349731,1.4235496337278164e-07,4.02572595703532e-07,0.9999991655349731,1.4078440813136694e-07,6.615872649717858e-08
/Users/aswanathjs/Downloads/test9/ai_plastic_waste_management_training/PP Plastic/irregular_containers/train_PP-65_jpg.rf.fa2894bafafb850fbc03caf362becbba.jpg,3,PP Plastic,3,PP Plastic,0.9999278783798218,6.231437509995885e-06,5.0203962018713355e-05,1.3970056897960603e-05,0.9999278783798218,1.7842099850895465e-06
/Users/aswanathjs/Downloads/test9/ai_plastic_waste_management_training/PP Plastic/irregular_containers_grey/train_PP-65_jpg.rf.fa2894bafafb850fbc03caf362becbba.jpg,3,PP Plastic,3,PP Plastic,0.999900221824646,2.5479959731455892e-05,4.2576270061545074e-05,2.9607685064547695e-05,0.999900221824646,2.1174425910430728e-06
/Users/aswanathjs/Downloads/test9/ai_plastic_waste_management_training/LDPE Plastic/plastic_bags/LDPE-450_jpg.rf.24a025e61ea6826167e25a7a34aba9d4.jpg,1,LDPE Plastic,1,LDPE Plastic,0.9997957348823547,1.2303882613196038e-05,0.9997957348823547,0.00012665989925153553,5.328699262463488e-05,1.2004475138382986e-05
/Users/aswanathjs/Downloads/test9/ai_plastic_waste_management_training/HDPE Plastic/milk_bottles/HDPEM186.jpg,0,HDPE Plastic,0,HDPE Plastic,1.0,1.0,1.2650970765762382e-12,3.6424478017105244e-11,6.909686711686902e-11,1.1624595036563434e-10
/Users/aswanathjs/Downloads/test9/ai_plastic_waste_management_training/PET Plastic/black_white_plastic_bottles/anzjl_jpg.rf.ade3fd204a649262619bf1afd8d7a0ad.jpg,2,PET Plastic,2,PET Plastic,0.9999943971633911,5.378518380894093e-06,4.926949959127569e-09,0.9999943971633911,1.43000875141297e-07,1.0054759513877798e-07
/Users/aswanathjs/Downloads/test9/ai_plastic_waste_management_training/PS Plastic/foam_sheets/PS-634_jpg.rf.de9b1630e26de907126c2cc4fb61421c.jpg,4,PS Plastic,4,PS Plastic,0.9999998807907104,1.3121430697538017e-07,1.7110366457018245e-08,2.3318769137858908e-08,3.624736732987799e-09,0.9999998807907104
/Users/aswanathjs/Downloads/test9/ai_plastic_waste_management_training/PP Plastic/round_containers/0035_a06b01c1d2e0f0g0h0.jpg,3,PP Plastic,3,PP Plastic,0.9998918771743774,6.760993710486218e-05,1.5712137155787786e-06,3.4336746466578916e-05,0.9998918771743774,4.5982515075593255e-06
/Users/aswanathjs/Downloads/test9/ai_plastic_waste_management_training/LDPE Plastic/bin_bags/Image_174.png,1,LDPE Plastic,1,LDPE Plastic,0.9371564388275146,0.04566306248307228,0.9371564388275146,0.010690286755561829,0.00417755451053381,0.0023126269225031137
/Users/aswanathjs/Downloads/test9/ai_plastic_waste_management_training/PP Plastic/square_containers/Image_174.png,1,LDPE Plastic,1,LDPE Plastic,0.7422881722450256,0.005916495341807604,0.7422881722450256,0.0039508529007434845,0.24574150145053864,0.002103022998198867
/Users/aswanathjs/Downloads/test9/ai_plastic_waste_management_training/PS Plastic/foam_containers/Image_174.png,1,LDPE Plastic,1,LDPE Plastic,0.5058059692382812,0.017105765640735626,0.5058059692382812,0.003725096583366394,0.3802298307418823,0.0931333601474762
/Users/aswanathjs/Downloads/test9/ai_plastic_waste_management_training/PP Plastic/irregular_containers/valid_PP-75_jpg.rf.10a8409d955414fb5612109da918dce7.jpg,3,PP Plastic,3,PP Plastic,1.0,1.177715702738169e-10,8.212102997617876e-09,5.9348681524795666e-09,1.0,9.092357977635857e-10
/Users/aswanathjs/Downloads/test9/ai_plastic_waste_management_training/PP Plastic/irregular_containers_grey/valid_PP-75_jpg.rf.10a8409d955414fb5612109da918dce7.jpg,3,PP Plastic,3,PP Plastic,0.9999706745147705,1.1312489611725596e-08,2.6456405976205133e-05,2.282108880535816e-06,0.9999706745147705,5.339312565411092e-07
"/Users/aswanathjs/Downloads/test9/ai_plastic_waste_management_training/HDPE Plastic/milk_bottles/HDPEM1,002.JPG",0,HDPE Plastic,0,HDPE Plastic,1.0,1.0,4.079058271710956e-12,1.5090805050022027e-08,8.413993113354223e-11,1.727678777818653e-09
/Users/aswanathjs/Downloads/test9/ai_plastic_waste_management_training/PET Plastic/plastic_bottles/PET995.jpg,2,PET Plastic,2,PET Plastic,1.0,5.281740600437956e-10,4.119447893913275e-09,1.0,3.599567865997244e-10,1.5461776303737906e-10
/Users/aswanathjs/Downloads/test9/ai_plastic_waste_management_training/PET Plastic/plastic_bottles/PET312.jpg,2,PET Plastic,2,PET Plastic,0.9999984502792358,4.104410891159205e-07,1.0233874263576581e-06,0.9999984502792358,6.875243485637839e-08,2.2095512974829035e-08
/Users/aswanathjs/Downloads/test9/ai_plastic_waste_management_training/LDPE Plastic/plastic_bags/plasticbag (25).jpg,1,LDPE Plastic,1,LDPE Plastic,1.0,1.4150693949943616e-09,1.0,2.4496032979826055e-10,1.2606171218010331e-08,1.1998416482583707e-08
"/Users/aswanathjs/Downloads/test9/ai_plastic_waste_management_training/PET Plastic/plastic_bottles/PET1,254.jpg",2,PET Plastic,2,PET Plastic,0.9999991655349731,2.7066030838795996e-07,1.3061892900623207e-07,0.9999991655349731,3.852035206364235e-07,7.914554345234137e-08
/Users/aswanathjs/Downloads/test9/ai_plastic_waste_management_training/HDPE Plastic/shampoo_bottles/0021_a02b01c1d3e1f0g0h1.jpg,0,HDPE Plastic,0,HDPE Plastic,0.9999966621398926,0.9999966621398926,1.5714898271568245e-09,1.7681360020560533e-07,3.2357795589632588e-06,5.736299435454839e-09
/Users/aswanathjs/Downloads/test9/ai_plastic_waste_management_training/PS Plastic/foam_sheets/PS-612_jpg.rf.a0131cd6816f78008ca24e5e58d5b068.jpg,4,PS Plastic,4,PS Plastic,0.9999997615814209,1.684445862792927e-07,5.729398822040821e-08,1.9276559015679595e-08,6.040941968876723e-09,0.9999997615814209
/Users/aswanathjs/Downloads/test9/ai_plastic_waste_management_training/HDPE Plastic/shampoo_bottles/0061_a02b01c1d0e0f1g0h2(1).jpg,0,HDPE Plastic,0,HDPE Plastic,0.9999761581420898,0.9999761581420898,9.797356881335872e-08,2.2997341147856787e-05,4.2282766798962257e-07,3.233771508348582e-07
/Users/aswanathjs/Downloads/test9/ai_plastic_waste_management_training/HDPE Plastic/detergent_bottles/0010_a02b01c2d3e0f1g0h0.jpg,0,HDPE Plastic,0,HDPE Plastic,1.0,1.0,1.44371334331872e-10,3.998942332827937e-08,3.6488437160642206e-08,3.609784415825601e-10
/Users/aswanathjs/Downloads/test9/ai_plastic_waste_management_training/HDPE Plastic/detergent_botteles_grey/0010_a02b01c2d3e0f1g0h0.jpg,0,HDPE Plastic,0,HDPE Plastic,1.0,1.0,1.2454254294524958e-10,6.219688319930583e-09,5.7582867363237256e-09,2.2445405256643625e-10
/Users/aswanathjs/Downloads/test9/ai_plastic_waste_management_training/PS Plastic/foam_sheets/PS-889_jpg.rf.54aff3a2c234719a371258aa5877eaf9.jpg,4,PS Plastic,4,PS Plastic,1.0,2.0721511173604767e-09,1.1223275087068885e-10,2.259522846603801e-10,1.1457018667115904e-10,1.0
/Users/aswanathjs/Downloads/test9/ai_plastic_waste_management_training/LDPE Plastic/bubble_wrap/train_LDPE-79_jpg.rf.899cf7b0e28e2da2fb80f3b7526ffa11.jpg,1,LDPE Plastic,1,LDPE Plastic,0.9999969005584717,9.347507301527003e-08,0.9999969005584717,1.1979846021858975e-06,8.51642134591657e-09,1.7797309510569903e-06
/Users/aswanathjs/Downloads/test9/ai_plastic_waste_management_training/PET Plastic/plastic_bottles/PET898.jpg,2,PET Plastic,2,PET Plastic,0.9999980926513672,2.4948201726715524e-08,1.7658022670730134e-06,0.9999980926513672,1.0831859498239282e-07,3.128143433173136e-08
/Users/aswanathjs/Downloads/test9/ai_plastic_waste_management_training/PET Plastic/black_white_plastic_bottles/axzvb_jpg.rf.5b85f4675eb03576c2d5d3db955648e4.jpg,2,PET Plastic,2,PET Plastic,1.0,3.619488353479028e-08,2.8198832158210507e-11,1.0,8.463169054451214e-10,5.518139278848366e-10
/Users/aswanathjs/Downloads/test9/ai_plastic_waste_management_training/PP Plastic/round_containers/0043_a06b01c1d3e0f0g0h1.jpg,3,PP Plastic,3,PP Plastic,0.999946117401123,6.262716397031909e-06,3.000999458890874e-05,1.584998426551465e-05,0.999946117401123,1.7417623894289136e-06
/Users/aswanathjs/Downloads/test9/ai_plastic_waste_management_training/PP Plastic/round_containers_grey/0043_a06b01c1d3e0f0g0h1.jpg,3,PP Plastic,3,PP Plastic,0.9994680285453796,1.3135871085978579e-05,0.0004896715399809182,2.706324630707968e-05,0.9994680285453796,2.039620085270144e-06
/Users/aswanathjs/Downloads/test9/ai_plastic_waste_management_training/PS Plastic/foam_containers/Image_194.png,4,PS Plastic,4,PS Plastic,0.7867483496665955,0.034325066953897476,0.08122152090072632,0.0019551762379705906,0.0957498550415039,0.7867483496665955
/Users/aswanathjs/Downloads/test9/ai_plastic_waste_management_training/PP Plastic/square_containers/IMG_20220209_175024.jpg,3,PP Plastic,3,PP Plastic,0.9999464750289917,7.283194463525433e-06,9.455124200030696e-06,1.9654378320410615e-06,0.9999464750289917,3.4892422263510525e-05
/Users/aswanathjs/Downloads/test9/ai_plastic_waste_management_training/LDPE Plastic/bubble_wrap/LDPE-85_jpg.rf.0167a1549c2a1ab54aa42d6c2e865a41.jpg,1,LDPE Plastic,1,LDPE Plastic,1.0,7.257401346549841e-10,1.0,2.852554636945115e-09,1.0455463161918033e-09,1.6279219750003904e-08
/Users/aswanathjs/Downloads/test9/ai_plastic_waste_management_training/LDPE Plastic/bubble_wrap/LDPE-85_jpg.rf.03390a89eb4d5f2539497f88e078fcf7.jpg,1,LDPE Plastic,1,LDPE Plastic,1.0,2.4012616894886207e-10,1.0,1.7068840563183585e-08,4.668735953394787e-10,1.1013768563827853e-08
/Users/aswanathjs/Downloads/test9/ai_plastic_waste_management_training/PS Plastic/foam_sheets/IMG_9359_JPG.rf.28b76d1e90a3e9fa15bb5292ca25a168.jpg,4,PS Plastic,4,PS Plastic,0.9999723434448242,6.538249976983934e-07,1.815900941437576e-05,8.312316822411958e-06,5.481020366460143e-07,0.9999723434448242
/Users/aswanathjs/Downloads/test9/ai_plastic_waste_management_training/PS Plastic/foam_sheets/IMG_9359_JPG.rf.188d9cacf87fed29bcac95454f39ca1d.jpg,4,PS Plastic,4,PS Plastic,0.9997995495796204,4.898577572021168e-06,9.993789717555046e-05,9.096715075429529e-05,4.686892225436168e-06,0.9997995495796204
/Users/aswanathjs/Downloads/test9/ai_plastic_waste_management_training/PS Plastic/foam_sheets/IMG_9359_JPG.rf.683fe0e3043ce94b8b1f0fa29d3909aa.jpg,4,PS Plastic,4,PS Plastic,0.9999668598175049,1.429920985174249e-06,1.548473483126145e-05,1.0973903954436537e-05,5.280191089696018e-06,0.9999668598175049
/Users/aswanathjs/Downloads/test9/ai_plastic_waste_management_training/HDPE Plastic/shampoo_bottiles_grey/0099_a02b01c2d1e0f1g0h4.jpg,0,HDPE Plastic,0,HDPE Plastic,0.9999985694885254,0.9999985694885254,3.3703189128431177e-09,1.4659558473795187e-06,1.8616903574297794e-08,2.050176028944861e-09
/Users/aswanathjs/Downloads/test9/ai_plastic_waste_management_training/HDPE Plastic/shampoo_bottles/0099_a02b01c2d1e0f1g0h4.jpg,0,HDPE Plastic,0,HDPE Plastic,0.9989066123962402,0.9989066123962402,3.975449691662192e-10,0.001093351631425321,2.180064839762963e-08,7.711219995876206e-10
/Users/aswanathjs/Downloads/test9/ai_plastic_waste_management_training/HDPE Plastic/milk_bottles/HDPEM53.jpg,0,HDPE Plastic,0,HDPE Plastic,0.9999991655349731,0.9999991655349731,3.468084708302399e-10,1.5844462097902579e-07,6.765272360098606e-07,8.201979651012437e-10
/Users/aswanathjs/Downloads/test9/ai_plastic_waste_management_training/PS Plastic/foam_sheets/PS-827_jpg.rf.ca322902ac0c4e90adfdfd2da96409eb.jpg,4,PS Plastic,4,PS Plastic,1.0,2.134209431403633e-08,1.385662917741115e-09,9.3260665856576e-10,1.5468096803417097e-09,1.0
/Users/aswanathjs/Downloads/test9/ai_plastic_waste_management_training/LDPE Plastic/bubble_wrap_grey/LDPE-98_jpg.rf.ffe6b974a827b46d4ee15540992a040b.jpg,1,LDPE Plastic,1,LDPE Plastic,0.9999192953109741,4.496999281400349e-06,0.9999192953109741,1.1211679520783946e-05,4.348251604824327e-05,2.147689156117849e-05
/Users/aswanathjs/Downloads/test9/ai_plastic_waste_management_training/LDPE Plastic/bubble_wrap/LDPE-98_jpg.rf.08d4213c0237893246e45ea44263ae0a.jpg,1,LDPE Plastic,1,LDPE Plastic,0.9999256134033203,2.4242901872639777e-06,0.9999256134033203,6.82520567352185e-06,2.4744815164012834e-05,4.029993215226568e-05
/Users/aswanathjs/Downloads/test9/ai_plastic_waste_management_training/LDPE Plastic/bubble_wrap/LDPE-98_jpg.rf.ffe6b974a827b46d4ee15540992a040b.jpg,1,LDPE Plastic,1,LDPE Plastic,0.9996932744979858,1.932771920110099e-05,0.9996932744979858,5.3194715292192996e-05,0.00012853315274696797,0.00010565833508735523
/Users/aswanathjs/Downloads/test9/ai_plastic_waste_management_training/HDPE Plastic/shampoo_bottles/0075_a02b01c2d3e0f0g0h1.jpg,0,HDPE Plastic,0,HDPE Plastic,0.9999961853027344,0.9999961853027344,2.1612789780078856e-08,6.912544847637037e-08,3.5239086173532996e-06,6.466110846758966e-08
/Users/aswanathjs/Downloads/test9/ai_plastic_waste_management_training/PET Plastic/plastic_bottles/PET609.jpg,2,PET Plastic,2,PET Plastic,0.9999996423721313,1.5162201805196673e-07,3.453521557617023e-08,0.9999996423721313,1.4389122782176855e-07,9.598688421874613e-08
"/Users/aswanathjs/Downloads/test9/ai_plastic_waste_management_training/PET Plastic/plastic_bottles/PET1,604.jpg",2,PET Plastic,2,PET Plastic,0.9970659613609314,1.0276021384925116e-06,0.0029001079965382814,0.9970659613609314,3.168334296788089e-05,1.201522650262632e-06
/Users/aswanathjs/Downloads/test9/ai_plastic_waste_management_training/HDPE Plastic/shampoo_bottles/0075_a02b01c1d3e0f0g0h4.jpg,0,HDPE Plastic,0,HDPE Plastic,0.9999737739562988,0.9999737739562988,1.8236391952086706e-08,1.9669192624860443e-05,6.383765139617026e-06,8.851474575521934e-08
"/Users/aswanathjs/Downloads/test9/ai_plastic_waste_management_training/PET Plastic/plastic_bottles/PET1,291.jpg",2,PET Plastic,2,PET Plastic,0.999984860420227,1.3561459127231501e-05,2.2818113620814984e-07,0.999984860420227,1.1244126199017046e-06,2.4611773596916464e-07
/Users/aswanathjs/Downloads/test9/ai_plastic_waste_management_training/PS Plastic/foam_containers/styrofoam-153-_jpg.rf.28d8747edeb4251002b6a870dd954ff0.jpg,4,PS Plastic,4,PS Plastic,0.9986793398857117,0.0009598100441507995,0.00016936792235355824,9.839572157943621e-06,0.00018158175225835294,0.9986793398857117
/Users/aswanathjs/Downloads/test9/ai_plastic_waste_management_training/PET Plastic/plastic_bottles/PET810.jpg,2,PET Plastic,2,PET Plastic,0.9999526739120483,7.81452763476409e-06,1.8080167137668468e-05,0.9999526739120483,3.1211893656291068e-06,1.8281063603353687e-05
/Users/aswanathjs/Downloads/test9/ai_plastic_waste_management_training/HDPE Plastic/milk_bottles/HDPEM413.jpg,0,HDPE Plastic,0,HDPE Plastic,0.9999963045120239,0.9999963045120239,7.270294588579418e-08,2.385838016039088e-08,3.607926828408381e-06,2.299524481941262e-08
/Users/aswanathjs/Downloads/test9/ai_plastic_waste_management_training/HDPE Plastic/milk_bottles/HDPEM390.jpg,0,HDPE Plastic,0,HDPE Plastic,0.9999971389770508,0.9999971389770508,1.2241494928844077e-08,1.6696196780685568e-06,1.030844146043819e-06,1.264722726546097e-07
/Users/aswanathjs/Downloads/test9/ai_plastic_waste_management_training/PET Plastic/black_white_plastic_bottles/coumk_jpg.rf.3226bcb8962357751b4f1249fe73acf0.jpg,2,PET Plastic,2,PET Plastic,0.9999997615814209,2.1730932076025056e-07,1.0944638972887333e-08,0.9999997615814209,1.5969462197062967e-08,1.2321688558358801e-08
/Users/aswanathjs/Downloads/test9/ai_plastic_waste_management_training/LDPE Plastic/bubble_wrap_grey/LDPE-96_jpg.rf.2d71fc44cc5683a8ed74ac88171ee21d.jpg,1,LDPE Plastic,1,LDPE Plastic,0.9999891519546509,1.4235462231226848e-07,0.9999891519546509,2.6292784696124727e-06,6.050533556845039e-06,1.9603362488851417e-06
/Users/aswanathjs/Downloads/test9/ai_plastic_waste_management_training/LDPE Plastic/bubble_wrap/LDPE-96_jpg.rf.2d71fc44cc5683a8ed74ac88171ee21d.jpg,1,LDPE Plastic,1,LDPE Plastic,0.999991774559021,1.0448589904399341e-07,0.999991774559021,1.9936671833420405e-06,4.487596015678719e-06,1.641726726120396e-06
/Users/aswanathjs/Downloads/test9/ai_plastic_waste_management_training/HDPE Plastic/detergent_bottles/IMG_20220209_220202.jpg,0,HDPE Plastic,0,HDPE Plastic,0.9999996423721313,0.9999996423721313,3.1346120143993517e-11,5.405522429668963e-08,3.413663023366098e-07,5.463508465086697e-11
/Users/aswanathjs/Downloads/test9/ai_plastic_waste_management_training/PP Plastic/round_containers/0032_a05b01c1d0e0f0g0h2.jpg,3,PP Plastic,3,PP Plastic,0.9999094009399414,5.764776869909838e-05,5.104209776618518e-06,1.4445034139498603e-05,0.9999094009399414,1.343017902399879e-05
/Users/aswanathjs/Downloads/test9/ai_plastic_waste_management_training/PP Plastic/round_containers/IMG20220210154626.jpg,3,PP Plastic,3,PP Plastic,0.9789823293685913,0.0018754100892692804,0.007335769943892956,0.008256425149738789,0.9789823293685913,0.0035499962978065014
/Users/aswanathjs/Downloads/test9/ai_plastic_waste_management_training/PET Plastic/plastic_bottles/PET464.jpg,2,PET Plastic,2,PET Plastic,0.999919056892395,4.529047873802483e-05,8.596499583291006e-07,0.999919056892395,3.234647374483757e-05,2.3650736693525687e-06
/Users/aswanathjs/Downloads/test9/ai_plastic_waste_management_training/PP Plastic/irregular_containers/train_PP-94_jpg.rf.0d1aea5466ad1f5b835b4c462ab8ede6.jpg,3,PP Plastic,3,PP Plastic,0.9999650716781616,6.197705602062342e-07,2.1822408598382026e-05,9.636705726734363e-06,0.9999650716781616,2.910150897150743e-06
/Users/aswanathjs/Downloads/test9/ai_plastic_waste_management_training/HDPE Plastic/shampoo_bottles/0076_a02b06c2d3e0f1g0h0.jpg,0,HDPE Plastic,0,HDPE Plastic,0.9999781847000122,0.9999781847000122,1.030765702125791e-06,5.309634616423864e-06,1.3931669855082873e-05,1.4231119394025882e-06
/Users/aswanathjs/Downloads/test9/ai_plastic_waste_management_training/PP Plastic/irregular_containers/train_PP-74_jpg.rf.ef22be908bf7d6ec4e9f721e8289726b.jpg,3,PP Plastic,3,PP Plastic,0.9999974966049194,4.871802961048388e-09,2.2708197775500594e-06,4.283057464249396e-08,0.9999974966049194,2.120624174040131e-07
/Users/aswanathjs/Downloads/test9/ai_plastic_waste_management_training/PET Plastic/black_white_plastic_bottles/ahzmo_jpg.rf.7412a2a4e5c1d6a4fda3ffd9f25b4535.jpg,2,PET Plastic,2,PET Plastic,0.9999361038208008,1.454628181818407e-05,8.31545730761718e-06,0.9999361038208008,3.5086526622762904e-05,5.955622782494174e-06
/Users/aswanathjs/Downloads/test9/ai_plastic_waste_management_training/LDPE Plastic/plastic_bags/plasticbag (170).jpg,1,LDPE Plastic,1,LDPE Plastic,0.9989416003227234,6.159571785246953e-05,0.9989416003227234,8.33149315440096e-05,0.0001149671443272382,0.0007986323907971382
/Users/aswanathjs/Downloads/test9/ai_plastic_waste_management_training/PET Plastic/plastic_bottles/PET990.jpg,2,PET Plastic,2,PET Plastic,0.9999997615814209,5.225158528077145e-09,1.3967637357836793e-07,0.9999997615814209,4.1203680467560844e-08,1.1103916897070576e-08
/Users/aswanathjs/Downloads/test9/ai_plastic_waste_management_training/PS Plastic/foam_sheets/IMG_9353_JPG.rf.c44969bcbec2389a7271f307d09ddfad.jpg,4,PS Plastic,4,PS Plastic,0.9995830655097961,7.211200863821432e-05,7.188398012658581e-05,0.00025452024419791996,1.840920594986528e-05,0.9995830655097961
/Users/aswanathjs/Downloads/test9/ai_plastic_waste_management_training/PS Plastic/foam_sheets/IMG_9353_JPG.rf.aa2bbb2e43033008c56c5b8a02c9f0b7.jpg,4,PS Plastic,4,PS Plastic,0.999858021736145,7.382307103398489e-06,0.00013010813563596457,3.0922601581551135e-06,1.3203825801610947e-06,0.999858021736145
/Users/aswanathjs/Downloads/test9/ai_plastic_waste_management_training/PS Plastic/foam_sheets/IMG_9353_JPG.rf.8a390d50b2e98dac0dd75e2bde5d590a.jpg,4,PS Plastic,4,PS Plastic,0.9958415627479553,0.0011057909578084946,0.0008731540874578059,0.0014670385280624032,0.0007123425602912903,0.9958415627479553
/Users/aswanathjs/Downloads/test9/ai_plastic_waste_management_training/HDPE Plastic/shampoo_bottles/0077_a02b01c1d2e0f1g0h4.jpg,0,HDPE Plastic,0,HDPE Plastic,0.9999901056289673,0.9999901056289673,1.0367518399334585e-07,4.5900010263721924e-06,3.593746214392013e-06,1.5182278048087028e-06
/Users/aswanathjs/Downloads/test9/ai_plastic_waste_management_training/LDPE Plastic/plastic_bags/plasticbag (128).jpg,1,LDPE Plastic,1,LDPE Plastic,0.9984868764877319,0.0001322691678069532,0.9984868764877319,0.00012668156705331057,0.0010949718998745084,0.00015921024896670133
/Users/aswanathjs/Downloads/test9/ai_plastic_waste_management_training/LDPE Plastic/plastic_bags/LDPE-485_jpg.rf.6a053d80625d2a4ec28b5e652eda513d.jpg,1,LDPE Plastic,1,LDPE Plastic,0.9999915361404419,1.0913656751654344e-06,0.9999915361404419,2.3381037408398697e-06,9.358450938634633e-07,4.064412223669933e-06
/Users/aswanathjs/Downloads/test9/ai_plastic_waste_management_training/PS Plastic/foam_containers/styrofoam-2-_jpg.rf.7a47a91635e0987144ca84e4ebc56879.jpg,4,PS Plastic,4,PS Plastic,0.7892037630081177,0.023998195305466652,0.09671155363321304,0.001512638060376048,0.08857377618551254,0.7892037630081177
/Users/aswanathjs/Downloads/test9/ai_plastic_waste_management_training/PP Plastic/round_containers/0035_a06b01c1d3e0f0g0h3.jpg,3,PP Plastic,3,PP Plastic,0.9998539686203003,2.7045512979384512e-05,1.2918692846142221e-05,8.267691009677947e-05,0.9998539686203003,2.3459662770619616e-05
/Users/aswanathjs/Downloads/test9/ai_plastic_waste_management_training/PP Plastic/round_containers_grey/0035_a06b01c1d3e0f0g0h3.jpg,3,PP Plastic,3,PP Plastic,0.999923825263977,1.4633483260695357e-05,4.348671154730255e-06,5.575480099651031e-05,0.999923825263977,1.4711442872794578e-06
/Users/aswanathjs/Downloads/test9/ai_plastic_waste_management_training/PET Plastic/plastic_bottles/PET443.jpg,2,PET Plastic,2,PET Plastic,0.9999864101409912,1.5115043652258464e-06,5.127881649968913e-06,0.9999864101409912,5.970561232970795e-06,9.80372647063632e-07
/Users/aswanathjs/Downloads/test9/ai_plastic_waste_management_training/PP Plastic/round_containers/0044_a06b01c1d2e0f0g0h2.jpg,3,PP Plastic,3,PP Plastic,0.9999682903289795,2.47370007855352e-05,3.5540329008654226e-06,1.4341540008899756e-06,0.9999682903289795,1.9834176328004105e-06
/Users/aswanathjs/Downloads/test9/ai_plastic_waste_management_training/PP Plastic/round_containers/Image_200.png,3,PP Plastic,3,PP Plastic,0.8933923244476318,0.004785084165632725,0.08348896354436874,0.0018224087543785572,0.8933923244476318,0.016511261463165283
/Users/aswanathjs/Downloads/test9/ai_plastic_waste_management_training/PS Plastic/foam_containers/Image_200.png,3,PP Plastic,3,PP Plastic,0.9463476538658142,0.006526448298245668,0.025983287021517754,0.0008287336677312851,0.9463476538658142,0.02031387947499752
/Users/aswanathjs/Downloads/test9/ai_plastic_waste_management_training/LDPE Plastic/plastic_bags/train_LDPE-23_jpg.rf.98d635a56baf266a90fd57f3fc62ef5b.jpg,1,LDPE Plastic,1,LDPE Plastic,0.999991774559021,1.6834519556141458e-06,0.999991774559021,4.517479226251453e-07,7.162589668041619e-07,5.431078534456901e-06
/Users/aswanathjs/Downloads/test9/ai_plastic_waste_management_training/LDPE Plastic/black_white__plastic_bags/0053_jpg.rf.26f13a5b1047030e92032f024dcecef5.jpg,1,LDPE Plastic,1,LDPE Plastic,0.9999839067459106,1.51710673890193e-06,0.9999839067459106,6.827133802289609e-06,4.555148279905552e-06,3.2688196824892657e-06
/Users/aswanathjs/Downloads/test9/ai_plastic_waste_management_training/PP Plastic/square_containers/IMG_20220209_173217.jpg,3,PP Plastic,3,PP Plastic,0.999889612197876,0.00010572304017841816,2.4434980332443956e-06,1.0126265124199563e-06,0.999889612197876,1.2479226825234946e-06
/Users/aswanathjs/Downloads/test9/ai_plastic_waste_management_training/LDPE Plastic/plastic_bags/LDPE-146_jpg.rf.df0e208350f7040cab16f5dec20f57be.jpg,1,LDPE Plastic,1,LDPE Plastic,0.9998950958251953,5.389978468883783e-06,0.9998950958251953,3.810226553468965e-05,2.4972592655103654e-05,3.6412991903489456e-05
/Users/aswanathjs/Downloads/test9/ai_plastic_waste_management_training/PET Plastic/black_white_plastic_bottles/bkomu_jpg.rf.64b7e85866c37fd5b691fad86da56a3d.jpg,2,PET Plastic,2,PET Plastic,0.999998927116394,3.5505456708051497e-07,3.9159871789706813e-07,0.999998927116394,2.0434990233297867e-07,9.637021491926134e-08
/Users/aswanathjs/Downloads/test9/ai_plastic_waste_management_training/HDPE Plastic/shampoo_bottles/0076_a02b06c2d1e0f1g0h0.jpg,0,HDPE Plastic,0,HDPE Plastic,1.0,1.0,1.6646628520078366e-11,4.8726075618787945e-08,6.24927110060014e-10,6.752534642551211e-11
/Users/aswanathjs/Downloads/test9/ai_plastic_waste_management_training/PET Plastic/black_white_plastic_bottles/azdhc_jpg.rf.5bdf6d74ba3469288bac31c5cce41f35.jpg,2,PET Plastic,2,PET Plastic,0.9999896287918091,1.8432655224387418e-06,4.5264764594321605e-06,0.9999896287918091,2.076498503811308e-06,2.004574071179377e-06
/Users/aswanathjs/Downloads/test9/ai_plastic_waste_management_training/PET Plastic/shampoo_bottles/0100_a05b00c2d0e0f0g0h3.jpg,2,PET Plastic,2,PET Plastic,0.989498496055603,0.000286201509879902,5.544614759855904e-05,0.989498496055603,0.010148046538233757,1.1759590051951818e-05
/Users/aswanathjs/Downloads/test9/ai_plastic_waste_management_training/HDPE Plastic/milk_bottles/HDPEM430.jpg,0,HDPE Plastic,0,HDPE Plastic,0.9999984502792358,0.9999984502792358,3.297604411756083e-10,1.555055519020243e-06,2.0069213846340972e-08,3.4562454231945594e-08
/Users/aswanathjs/Downloads/test9/ai_plastic_waste_management_training/HDPE Plastic/shampoo_bottles/0078_a02b07c1d2e0f1g0h3.jpg,0,HDPE Plastic,0,HDPE Plastic,0.9999945163726807,0.9999945163726807,1.525534039370502e-11,5.4645261116093025e-06,8.823326097529005e-11,3.561267817100977e-12
/Users/aswanathjs/Downloads/test9/ai_plastic_waste_management_training/PET Plastic/black_white_plastic_bottles/dkigq_jpg.rf.bd8d08c9e1cc05512fb7ac5718a64399.jpg,2,PET Plastic,2,PET Plastic,0.9999996423721313,1.2259908999112668e-07,9.29721224451896e-08,0.9999996423721313,2.775993657166964e-08,8.911537463518471e-08
/Users/aswanathjs/Downloads/test9/ai_plastic_waste_management_training/LDPE Plastic/black_white__plastic_bags/0012_jpg.rf.6ea8dad0dafa318a479d3c228552498a.jpg,1,LDPE Plastic,1,LDPE Plastic,0.9999903440475464,1.8770335827866802e-06,0.9999903440475464,1.2260187531865085e-06,5.980693913443247e-06,6.434366355279053e-07
/Users/aswanathjs/Downloads/test9/ai_plastic_waste_management_training/PET Plastic/plastic_bottles/PET640.jpg,2,PET Plastic,2,PET Plastic,0.9999998807907104,3.5170454992794475e-08,3.0026878761191256e-08,0.9999998807907104,3.9268268636760695e-08,7.72608554910903e-09
"/Users/aswanathjs/Downloads/test9/ai_plastic_waste_management_training/PET Plastic/plastic_bottles/PET1,711.jpg",2,PET Plastic,2,PET Plastic,0.9999934434890747,5.722526111640036e-06,5.939692755418946e-07,0.9999934434890747,1.971171883496936e-07,4.654306451357115e-08
/Users/aswanathjs/Downloads/test9/ai_plastic_waste_management_training/PS Plastic/foam_sheets/PS-676_jpg.rf.bfd99346ad89d7503e75af4e0fd45dc7.jpg,4,PS Plastic,4,PS Plastic,0.9999998807907104,7.30810967297657e-08,1.282896278098633e-08,1.7672878271923764e-08,2.221838490967798e-09,0.9999998807907104
/Users/aswanathjs/Downloads/test9/ai_plastic_waste_management_training/HDPE Plastic/milk_bottles/P_W (1089).jpg,0,HDPE Plastic,0,HDPE Plastic,1.0,1.0,5.538799641158221e-09,1.610872146784459e-08,5.279217774045719e-08,7.756251640955725e-09
/Users/aswanathjs/Downloads/test9/ai_plastic_waste_management_training/HDPE Plastic/milk_bottles_grey/P_W (1089).jpg,0,HDPE Plastic,0,HDPE Plastic,1.0,1.0,9.139011325487445e-09,2.712294033813123e-08,1.9301912956848355e-08,5.344899633996647e-09
/Users/aswanathjs/Downloads/test9/ai_plastic_waste_management_training/HDPE Plastic/shampoo_bottles/0076_a02b06c1d1e0f1g0h4.jpg,0,HDPE Plastic,0,HDPE Plastic,0.9999988079071045,0.9999988079071045,4.410506626584265e-09,1.239727907886845e-06,4.980641676866071e-08,3.943663617889115e-09
/Users/aswanathjs/Downloads/test9/ai_plastic_waste_management_training/LDPE Plastic/black_white__plastic_bags/0093_jpg.rf.144fadd04fd92f89b289b2af17d1341e.jpg,1,LDPE Plastic,1,LDPE Plastic,0.9999533891677856,2.3952993615239393e-06,0.9999533891677856,1.2555847206385806e-05,1.6088866686914116e-05,1.5581852494506165e-05
/Users/aswanathjs/Downloads/test9/ai_plastic_waste_management_training/LDPE Plastic/plastic_bags/plasticbag (16).jpg,1,LDPE Plastic,1,LDPE Plastic,0.9981352090835571,0.00015646211977582425,0.9981352090835571,0.00021145395294297487,0.0010928428964689374,0.00040396489202976227
/Users/aswanathjs/Downloads/test9/ai_plastic_waste_management_training/HDPE Plastic/detergent_bottles/0096_a02b04c2d2e0f0g0h4.jpg,0,HDPE Plastic,0,HDPE Plastic,0.9999997615814209,0.9999997615814209,2.6388959906142873e-09,5.583232720596243e-08,2.634025690895214e-07,3.7231293603667837e-09
/Users/aswanathjs/Downloads/test9/ai_plastic_waste_management_training/LDPE Plastic/bin_bags/Image_148.png,1,LDPE Plastic,1,LDPE Plastic,0.995262861251831,0.0008667017100378871,0.995262861251831,0.002395816845819354,0.0013812334509566426,9.329880413133651e-05
/Users/aswanathjs/Downloads/test9/ai_plastic_waste_management_training/PP Plastic/round_containers/Image_148.png,1,LDPE Plastic,1,LDPE Plastic,0.7355129718780518,0.017401881515979767,0.7355129718780518,0.0029298753943294287,0.2029363214969635,0.04121891036629677
/Users/aswanathjs/Downloads/test9/ai_plastic_waste_management_training/PS Plastic/foam_containers/Image_148.png,1,LDPE Plastic,3,PP Plastic,0.39802584052085876,0.05415104329586029,0.145056813955307,0.0074989283457398415,0.39802584052085876,0.3952673375606537
/Users/aswanathjs/Downloads/test9/ai_plastic_waste_management_training/PET Plastic/black_white_plastic_bottles/anujl_jpg.rf.f1b1701e0c40829c8b16aedd58275e01.jpg,2,PET Plastic,2,PET Plastic,0.9999967813491821,7.216513608909736e-08,2.3775396584824193e-06,0.9999967813491821,3.0897396641194064e-07,3.536796953085286e-07
/Users/aswanathjs/Downloads/test9/ai_plastic_waste_management_training/PP Plastic/round_containers/0043_a06b01c2d1e0f0g0h3.jpg,3,PP Plastic,3,PP Plastic,0.9990569949150085,0.0009011186193674803,2.8389928047545254e-05,7.867825843277387e-06,0.9990569949150085,5.659933776769321e-06
/Users/aswanathjs/Downloads/test9/ai_plastic_waste_management_training/PS Plastic/foam_sheets/PS-731_jpg.rf.22d4e22789c5e9a6d6e6763f85ff802d.jpg,4,PS Plastic,4,PS Plastic,0.9998295307159424,1.6431307813036256e-05,5.440030236059101e-06,7.906952305347659e-06,0.0001407381787430495,0.9998295307159424
/Users/aswanathjs/Downloads/test9/ai_plastic_waste_management_training/PS Plastic/foam_sheets/PS-715_jpg.rf.5e87f21a86f47fbba46b677fb6e58a1f.jpg,4,PS Plastic,4,PS Plastic,0.9999483823776245,1.1515485311974771e-05,5.79737843509065e-06,5.30666238773847e-06,2.8844187909271568e-05,0.9999483823776245
/Users/aswanathjs/Downloads/test9/ai_plastic_waste_management_training/LDPE Plastic/bin_bags/Image_61.png,1,LDPE Plastic,1,LDPE Plastic,0.9955386519432068,0.0024599747266620398,0.9955386519432068,0.0006560003384947777,0.0012423248263075948,0.00010304063471267
/Users/aswanathjs/Downloads/test9/ai_plastic_waste_management_training/PS Plastic/foam_containers/Image_61.png,1,LDPE Plastic,3,PP Plastic,0.37440991401672363,0.046292103826999664,0.3290862441062927,0.007984279654920101,0.37440991401672363,0.24222750961780548
/Users/aswanathjs/Downloads/test9/ai_plastic_waste_management_training/LDPE Plastic/plastic_bags/LDPE-70_jpg.rf.3618ba51d57e1aaa2246968233cdbc5e.jpg,1,LDPE Plastic,1,LDPE Plastic,0.9999599456787109,2.912122454290511e-07,0.9999599456787109,2.552195110183675e-05,6.752983154001413e-06,7.472489869542187e-06
/Users/aswanathjs/Downloads/test9/ai_plastic_waste_management_training/LDPE Plastic/plastic_bags/LDPE-70_jpg.rf.186473782372a76c73ea908d5096e8bc.jpg,1,LDPE Plastic,1,LDPE Plastic,0.9999513626098633,1.8615581893755007e-06,0.9999513626098633,1.072712620953098e-05,4.7556686695315875e-06,3.1319148547481745e-05
/Users/aswanathjs/Downloads/test9/ai_plastic_waste_management_training/LDPE Plastic/black_white__plastic_bags/0275_jpg.rf.7e5320184dbb24a05d88baf6f366dd87.jpg,1,LDPE Plastic,1,LDPE Plastic,0.9998687505722046,2.2893218556419015e-06,0.9998687505722046,1.2374081961752381e-05,4.909741983283311e-05,6.750844477210194e-05
/Users/aswanathjs/Downloads/test9/ai_plastic_waste_management_training/LDPE Plastic/black_white__plastic_bags/0247_jpg.rf.947d8c6be7c8f78b342e670dcf462c42.jpg,1,LDPE Plastic,1,LDPE Plastic,0.9999921321868896,1.3443796831325017e-07,0.9999921321868896,3.879283212882001e-06,1.7606512301426847e-06,2.0185216271784157e-06
/Users/aswanathjs/Downloads/test9/ai_plastic_waste_management_training/HDPE Plastic/shampoo_bottles/0065_a02b03c1d2e0f1g0h1.jpg,0,HDPE Plastic,0,HDPE Plastic,1.0,1.0,1.6620550422064007e-11,1.8555371128492482e-10,5.0176363064480256e-11,1.5301254187305435e-12
/Users/aswanathjs/Downloads/test9/ai_plastic_waste_management_training/PET Plastic/shampoo_bottles/0080_a05b00c1d0e0f1g0h1.jpg,2,PET Plastic,2,PET Plastic,0.9939968585968018,0.0058408197946846485,7.855193189243437e-07,0.9939968585968018,0.00015557347796857357,5.865147613803856e-06
/Users/aswanathjs/Downloads/test9/ai_plastic_waste_management_training/PET Plastic/black_white_plastic_bottles/cmfhd_jpg.rf.cfbe07597a8740c79e86e549700cfd85.jpg,2,PET Plastic,2,PET Plastic,0.9999955892562866,1.6473012465212378e-07,2.956360049211071e-06,0.9999955892562866,1.0874823601625394e-06,1.878389070952835e-07
/Users/aswanathjs/Downloads/test9/ai_plastic_waste_management_training/PP Plastic/irregular_containers/valid_PP-89_jpg.rf.106b150d2f9cafcc034bba289255bea3.jpg,3,PP Plastic,3,PP Plastic,0.9999947547912598,1.7430593857170606e-07,4.320183961681323e-06,3.969756505739497e-07,0.9999947547912598,3.980211431553471e-07
/Users/aswanathjs/Downloads/test9/ai_plastic_waste_management_training/PET Plastic/plastic_bottles/PET862.jpg,2,PET Plastic,2,PET Plastic,0.9999414682388306,7.3630872066132724e-06,2.201791176048573e-05,0.9999414682388306,2.673419294296764e-05,2.3816041903046425e-06
/Users/aswanathjs/Downloads/test9/ai_plastic_waste_management_training/PS Plastic/foam_sheets/PS-722_jpg.rf.28f25bd6532d63a96dafcb4418af904a.jpg,4,PS Plastic,4,PS Plastic,0.9998012185096741,4.3002299207728356e-05,2.530386882426683e-05,1.544841143186204e-05,0.00011494663340272382,0.9998012185096741
/Users/aswanathjs/Downloads/test9/ai_plastic_waste_management_training/LDPE Plastic/black_white__plastic_bags/0086_jpg.rf.338d0021cd3cad81562287ce9d440038.jpg,1,LDPE Plastic,1,LDPE Plastic,0.9999969005584717,5.5565301693150104e-08,0.9999969005584717,1.7398521094946773e-06,4.64941820155218e-07,7.85964743954537e-07
/Users/aswanathjs/Downloads/test9/ai_plastic_waste_management_training/PET Plastic/plastic_bottles/PET710.jpg,2,PET Plastic,2,PET Plastic,0.9999988079071045,1.20344381571158e-07,3.202228526788531e-07,0.9999988079071045,7.173824201345269e-07,4.254549423876597e-08
/Users/aswanathjs/Downloads/test9/ai_plastic_waste_management_training/PP Plastic/square_containers_grey/Image_8.png,3,PP Plastic,3,PP Plastic,0.9996080994606018,8.764197445998434e-06,0.00037966083618812263,1.6431624771939823e-06,0.9996080994606018,1.8362366063229274e-06
/Users/aswanathjs/Downloads/test9/ai_plastic_waste_management_training/PP Plastic/square_containers/Image_8.png,3,PP Plastic,3,PP Plastic,0.9998032450675964,8.987986802821979e-06,0.00018534217088017613,7.570039883830759e-07,0.9998032450675964,1.7197590977957589e-06
/Users/aswanathjs/Downloads/test9/ai_plastic_waste_management_training/PS Plastic/foam_containers/Image_8.png,3,PP Plastic,3,PP Plastic,0.5428085327148438,0.05494954437017441,0.13948515057563782,0.0075681558810174465,0.5428085327148438,0.25518858432769775
/Users/aswanathjs/Downloads/test9/ai_plastic_waste_management_training/PP Plastic/irregular_containers/train_PP-58_jpg.rf.cc839988df3dc7eb908590bcc88515c2.jpg,3,PP Plastic,3,PP Plastic,0.9999629259109497,3.2052282676886534e-06,9.641686119721271e-06,2.251031037303619e-05,0.9999629259109497,1.7504407878732309e-06
/Users/aswanathjs/Downloads/test9/ai_plastic_waste_management_training/PET Plastic/black_white_plastic_bottles/cezfr_jpg.rf.7c6033f2c16b0439585e4f9bf5580c2b.jpg,2,PET Plastic,2,PET Plastic,1.0,2.0352062257700254e-09,2.0565011027429136e-08,1.0,1.899359780566101e-09,1.931427684453979e-09
/Users/aswanathjs/Downloads/test9/ai_plastic_waste_management_training/HDPE Plastic/milk_bottles/HDPEM240.jpg,0,HDPE Plastic,0,HDPE Plastic,0.999942421913147,0.999942421913147,2.5261311975555145e-07,1.413396603311412e-05,4.261657886672765e-05,5.209499818192853e-07
/Users/aswanathjs/Downloads/test9/ai_plastic_waste_management_training/PET Plastic/black_white_plastic_bottles/dhybl_jpg.rf.bb06f949ec4581fdca4fa185f77d24d0.jpg,2,PET Plastic,2,PET Plastic,0.9999886751174927,1.2176933523733169e-06,4.560863999358844e-06,0.9999886751174927,4.521074970398331e-06,1.0947023838525638e-06
/Users/aswanathjs/Downloads/test9/ai_plastic_waste_management_training/LDPE Plastic/plastic_bags/LDPE-359_jpg.rf.dd5a9e2c860641ea7b88f8b384ee85a5.jpg,1,LDPE Plastic,1,LDPE Plastic,0.9999672174453735,1.5186766404440277e-06,0.9999672174453735,6.25281609245576e-06,8.55721373227425e-06,1.6392545148846693e-05
/Users/aswanathjs/Downloads/test9/ai_plastic_waste_management_training/HDPE Plastic/shampoo_bottles/0075_a02b01c2d0e0f0g0h1.jpg,0,HDPE Plastic,0,HDPE Plastic,0.9999985694885254,0.9999985694885254,3.583365781878456e-08,6.51652158012439e-07,8.458893034912762e-07,3.616715815724092e-08
/Users/aswanathjs/Downloads/test9/ai_plastic_waste_management_training/HDPE Plastic/milk_bottles/HDPEM7.jpg,0,HDPE Plastic,0,HDPE Plastic,0.9999947547912598,0.9999947547912598,7.447233656421304e-07,4.457831892068498e-06,2.7135268254596667e-08,1.3101646345603513e-07
/Users/aswanathjs/Downloads/test9/ai_plastic_waste_management_training/PS Plastic/form_containers_grey/0058_a06b01c2d3e0f0g0h0.jpg,4,PS Plastic,4,PS Plastic,0.9978881478309631,0.0015488059725612402,3.875915808748687e-06,7.099374215613352e-06,0.0005519894766621292,0.9978881478309631
/Users/aswanathjs/Downloads/test9/ai_plastic_waste_management_training/PS Plastic/foam_containers/0058_a06b01c2d3e0f0g0h0.jpg,4,PS Plastic,4,PS Plastic,0.9997449517250061,0.0001844254438765347,1.6855294688866707e-06,7.1686968112771865e-06,6.188912084326148e-05,0.9997449517250061
/Users/aswanathjs/Downloads/test9/ai_plastic_waste_management_training/PS Plastic/foam_sheets/PS-823_jpg.rf.83b4e1cf8aa5f7d22b6eb38af10fad97.jpg,4,PS Plastic,4,PS Plastic,0.9999998807907104,1.1980915815001936e-07,1.4110971946479367e-08,3.9062097556552544e-08,2.667916909615542e-08,0.9999998807907104
/Users/aswanathjs/Downloads/test9/ai_plastic_waste_management_training/HDPE Plastic/shampoo_bottles/0076_a02b06c2d3e0f1g0h4.jpg,0,HDPE Plastic,0,HDPE Plastic,1.0,1.0,1.3896753747744128e-09,4.2804547462083065e-08,1.3385686337130664e-08,2.165924550823206e-09
/Users/aswanathjs/Downloads/test9/ai_plastic_waste_management_training/PS Plastic/foam_sheets/PS-859_jpg.rf.4c39ce720d4fbdb233d56ac3962ebddf.jpg,4,PS Plastic,4,PS Plastic,1.0,1.3901851225739392e-08,8.976475673883044e-10,8.254656402861826e-10,1.1007609268531837e-09,1.0
/Users/aswanathjs/Downloads/test9/ai_plastic_waste_management_training/PS Plastic/form_containers_grey/styrofoam-121-_jpg.rf.785c9a58971ce43c8765bdc7af45ff6a.jpg,4,PS Plastic,4,PS Plastic,0.9506312608718872,0.04442619904875755,0.00017141166608780622,0.0004905980313196778,0.0042805541306734085,0.9506312608718872
/Users/aswanathjs/Downloads/test9/ai_plastic_waste_management_training/PS Plastic/foam_containers/styrofoam-121-_jpg.rf.785c9a58971ce43c8765bdc7af45ff6a.jpg,4,PS Plastic,4,PS Plastic,0.9928913116455078,0.004900891333818436,4.418677417561412e-05,0.0001291294174734503,0.0020344252698123455,0.9928913116455078
/Users/aswanathjs/Downloads/test9/ai_plastic_waste_management_training/PET Plastic/shampoo_bottles/0050_a05b00c1d1e1f1g0h4.jpg,2,PET Plastic,2,PET Plastic,0.999992847442627,4.679124685935676e-06,1.303266344621079e-06,0.999992847442627,9.567463621351635e-07,2.6228730121147237e-07
/Users/aswanathjs/Downloads/test9/ai_plastic_waste_management_training/PP Plastic/square_containers/clearbox.png,3,PP Plastic,3,PP Plastic,0.9968646168708801,0.0006385127198882401,0.0020959980320185423,0.00032722417381592095,0.9968646168708801,7.354638364631683e-05
/Users/aswanathjs/Downloads/test9/ai_plastic_waste_management_training/PET Plastic/black_white_plastic_bottles/cxwiq_jpg.rf.dff740ab33c2f2437afeea41fd5e0f16.jpg,2,PET Plastic,2,PET Plastic,0.9999890327453613,4.057446858496405e-06,1.0730062740549329e-06,0.9999890327453613,3.764392431548913e-06,2.0076108739885967e-06
/Users/aswanathjs/Downloads/test9/ai_plastic_waste_management_training/HDPE Plastic/milk_bottles/HDPEM563.JPG,0,HDPE Plastic,0,HDPE Plastic,0.9999982118606567,0.9999982118606567,5.657236901157603e-10,1.76451806055411e-06,2.6924860563326547e-08,2.7879178077228062e-08
/Users/aswanathjs/Downloads/test9/ai_plastic_waste_management_training/HDPE Plastic/milk_bottles/HDPEM224.jpg,0,HDPE Plastic,0,HDPE Plastic,1.0,1.0,5.485694364038007e-13,2.0675547385273774e-10,3.6460295893547823e-10,6.510277560101141e-12
/Users/aswanathjs/Downloads/test9/ai_plastic_waste_management_training/HDPE Plastic/milk_bottles/HDPEM283.jpg,0,HDPE Plastic,0,HDPE Plastic,1.0,1.0,5.666290428128686e-16,8.112868558375619e-13,1.0733022984103519e-14,9.369476121877125e-15
/Users/aswanathjs/Downloads/test9/ai_plastic_waste_management_training/PP Plastic/round_containers/0022_a05b00c1d1e0f0g0h0.jpg,3,PP Plastic,3,PP Plastic,0.9984729886054993,0.0001270116335945204,7.03145342413336e-05,0.001244528335519135,0.9984729886054993,8.513213833793998e-05
/Users/aswanathjs/Downloads/test9/ai_plastic_waste_management_training/PP Plastic/round_containers_grey/0022_a05b00c1d1e0f0g0h0.jpg,3,PP Plastic,3,PP Plastic,0.999790370464325,3.575487789930776e-05,5.322297147358768e-05,0.00010499075870029628,0.999790370464325,1.5626497770426795e-05
/Users/aswanathjs/Downloads/test9/ai_plastic_waste_management_training/HDPE Plastic/milk_bottles/HDPEM228.jpg,0,HDPE Plastic,0,HDPE Plastic,0.9999973773956299,0.9999973773956299,2.678514077203431e-09,1.149630406871438e-06,1.4056768122827634e-06,1.4920900071047072e-08
/Users/aswanathjs/Downloads/test9/ai_plastic_waste_management_training/PP Plastic/round_containers/0022_a05b00c2d1e0f0g0h2.jpg,3,PP Plastic,3,PP Plastic,0.9996567964553833,7.100047514541075e-05,9.224448149325326e-05,0.00014437537174671888,0.9996567964553833,3.554120849003084e-05
/Users/aswanathjs/Downloads/test9/ai_plastic_waste_management_training/HDPE Plastic/shampoo_bottles/0061_a02b01c2d1e0f1g0h3(1).jpg,0,HDPE Plastic,0,HDPE Plastic,0.9999942779541016,0.9999942779541016,6.249309070227582e-09,3.874617959809257e-06,1.735106820888177e-06,5.6853988184002446e-08
/Users/aswanathjs/Downloads/test9/ai_plastic_waste_management_training/PP Plastic/square_containers/Image_3.png,3,PP Plastic,3,PP Plastic,0.9998801946640015,1.199490452563623e-05,0.0001051543076755479,3.315450953778054e-07,0.9998801946640015,2.2964002255321248e-06
/Users/aswanathjs/Downloads/test9/ai_plastic_waste_management_training/PS Plastic/foam_containers/Image_3.png,3,PP Plastic,3,PP Plastic,0.5604019165039062,0.06432860344648361,0.10240229219198227,0.0044616409577429295,0.5604019165039062,0.268405556678772
/Users/aswanathjs/Downloads/test9/ai_plastic_waste_management_training/LDPE Plastic/plastic_bags/LDPE-584_jpg.rf.31e464383d5152d36c41b0b2d93bcdda.jpg,1,LDPE Plastic,1,LDPE Plastic,0.9999510049819946,3.1853585369390203e-06,0.9999510049819946,1.194822289107833e-05,1.801829057512805e-05,1.585376594448462e-05
/Users/aswanathjs/Downloads/test9/ai_plastic_waste_management_training/PP Plastic/round_containers/0043_a06b01c2d3e0f0g0h3.jpg,3,PP Plastic,3,PP Plastic,0.9998867511749268,8.315487502841279e-05,1.812790105759632e-05,7.898623152868822e-06,0.9998867511749268,4.082515715708723e-06
/Users/aswanathjs/Downloads/test9/ai_plastic_waste_management_training/PS Plastic/foam_containers/0058_a06b01c2d2e0f0g0h3.jpg,4,PS Plastic,4,PS Plastic,0.9984288811683655,0.0015080712037160993,1.6601752861333807e-07,2.783423497021431e-06,6.002801819704473e-05,0.9984288811683655
/Users/aswanathjs/Downloads/test9/ai_plastic_waste_management_training/LDPE Plastic/black_white__plastic_bags/0154_jpg.rf.9e1fcff0c748c1e0e0f8c5cbf6c822aa.jpg,1,LDPE Plastic,1,LDPE Plastic,0.9999047517776489,8.897347356651153e-07,0.9999047517776489,3.8626560126431286e-05,2.123260492226109e-05,3.454579200479202e-05
/Users/aswanathjs/Downloads/test9/ai_plastic_waste_management_training/HDPE Plastic/shampoo_bottles/0076_a02b06c1d2e0f1g0h1.jpg,0,HDPE Plastic,0,HDPE Plastic,0.9999984502792358,0.9999984502792358,1.4526289504601664e-08,8.48409413833906e-08,1.378858200951072e-06,7.81446374276129e-09
/Users/aswanathjs/Downloads/test9/ai_plastic_waste_management_training/PS Plastic/foam_containers/styrofoam-100-_jpg.rf.43612413ab942c0589721bb72171c92d.jpg,4,PS Plastic,4,PS Plastic,0.9427118301391602,0.003636439796537161,0.0018416219390928745,0.00044434607843868434,0.051365867257118225,0.9427118301391602
/Users/aswanathjs/Downloads/test9/ai_plastic_waste_management_training/LDPE Plastic/black_white__plastic_bags/0109_jpg.rf.50b3b22730a071ebca7e4ceb7ac6a116.jpg,1,LDPE Plastic,1,LDPE Plastic,0.9989050626754761,6.998797471169382e-05,0.9989050626754761,0.0004101943632122129,0.00043489274685271084,0.0001799152378225699
/Users/aswanathjs/Downloads/test9/ai_plastic_waste_management_training/PET Plastic/shampoo_bottles/0050_a05b00c2d1e1f1g0h0.jpg,2,PET Plastic,2,PET Plastic,0.9999998807907104,6.254797568772119e-08,1.1798699794951517e-09,0.9999998807907104,7.256861223048361e-10,4.350277429954197e-11
/Users/aswanathjs/Downloads/test9/ai_plastic_waste_management_training/PS Plastic/foam_sheets/PS-545_jpg.rf.bc6758adb5c00757a6fd385177015326.jpg,4,PS Plastic,4,PS Plastic,0.9999985694885254,7.218953328447242e-07,6.954705327189004e-07,2.68525557345356e-08,2.9095962972292e-08,0.9999985694885254
/Users/aswanathjs/Downloads/test9/ai_plastic_waste_management_training/LDPE Plastic/plastic_bags/plasticbag (77).jpg,1,LDPE Plastic,1,LDPE Plastic,0.9999978542327881,1.554686122062776e-07,0.9999978542327881,1.303894464399491e-06,4.910928055323893e-07,1.883380065237361e-07
/Users/aswanathjs/Downloads/test9/ai_plastic_waste_management_training/HDPE Plastic/detergent_bottles/0098_a02b03c2d1e0f0g0h0.jpg,0,HDPE Plastic,0,HDPE Plastic,0.9999998807907104,0.9999998807907104,6.91155133125676e-09,7.634006315981878e-09,7.994318451665094e-08,1.9124669903280989e-10
/Users/aswanathjs/Downloads/test9/ai_plastic_waste_management_training/HDPE Plastic/milk_bottles/HDPEM38.jpg,0,HDPE Plastic,0,HDPE Plastic,0.9998134970664978,0.9998134970664978,6.21149354174122e-07,5.5192766012623906e-05,3.495103328532423e-06,0.00012713945761788636
/Users/aswanathjs/Downloads/test9/ai_plastic_waste_management_training/PET Plastic/plastic_bottles/PET982.jpg,2,PET Plastic,2,PET Plastic,0.9998427629470825,9.900957229547203e-05,4.746154900203692e-06,0.9998427629470825,2.1299614672898315e-05,3.2150936021935195e-05
/Users/aswanathjs/Downloads/test9/ai_plastic_waste_management_training/HDPE Plastic/shampoo_bottles/0061_a02b01c1d2e0f1g0h3(1).jpg,0,HDPE Plastic,0,HDPE Plastic,1.0,1.0,2.0314808862886835e-11,1.293201878915795e-09,2.641600937991484e-09,8.229561476724712e-11
/Users/aswanathjs/Downloads/test9/ai_plastic_waste_management_training/PP Plastic/irregular_containers/0036_a05b00c1d0e0f0g0h4.jpg,3,PP Plastic,3,PP Plastic,0.9998109936714172,9.979717106034514e-06,0.00014158638077788055,3.403158189030364e-05,0.9998109936714172,3.46534329764836e-06
/Users/aswanathjs/Downloads/test9/ai_plastic_waste_management_training/LDPE Plastic/plastic_bags/LDPE-163_jpg.rf.85350f8e9b11cb559295286f885502a8.jpg,1,LDPE Plastic,1,LDPE Plastic,0.9999618530273438,1.2179382338217692e-06,0.9999618530273438,1.835705370467622e-05,7.49612991057802e-06,1.1096495654783212e-05
/Users/aswanathjs/Downloads/test9/ai_plastic_waste_management_training/PET Plastic/plastic_bottles/PET713.jpg,2,PET Plastic,2,PET Plastic,0.9999821186065674,7.543944775534328e-06,2.4850353383953916e-06,0.9999821186065674,5.626076017506421e-06,2.2418523712985916e-06
/Users/aswanathjs/Downloads/test9/ai_plastic_waste_management_training/LDPE Plastic/plastic_bags/LDPE-219_jpg.rf.21db33c6ba4294e93914fbd11a477e70.jpg,1,LDPE Plastic,1,LDPE Plastic,0.9997935891151428,2.9524887850129744e-06,0.9997935891151428,6.117267730587628e-06,0.00017223111353814602,2.5081104467972182e-05
"/Users/aswanathjs/Downloads/test9/ai_plastic_waste_management_training/PET Plastic/plastic_bottles/PET1,147.jpg",2,PET Plastic,2,PET Plastic,0.9999872446060181,3.8509534761033137e-07,1.1543412256287411e-05,0.9999872446060181,5.865241519131814e-07,1.6402786684466264e-07
/Users/aswanathjs/Downloads/test9/ai_plastic_waste_management_training/PP Plastic/square_containers_grey/IMG_20220209_173943.jpg,3,PP Plastic,3,PP Plastic,0.9999105930328369,4.086499029654078e-05,2.9939665182610042e-05,2.2625295059697237e-06,0.9999105930328369,1.6404144844273105e-05
/Users/aswanathjs/Downloads/test9/ai_plastic_waste_management_training/PP Plastic/square_containers/IMG_20220209_173943.jpg,3,PP Plastic,3,PP Plastic,0.9994007349014282,0.0005906599690206349,5.1646838983288035e-06,2.523811701848899e-07,0.9994007349014282,3.26863982991199e-06
/Users/aswanathjs/Downloads/test9/ai_plastic_waste_management_training/LDPE Plastic/plastic_bags/LDPE-73_jpg.rf.4b63b5bd1de2c31d767794f56defedb6.jpg,1,LDPE Plastic,1,LDPE Plastic,0.999936580657959,3.9921346797200385e-06,0.999936580657959,1.6036008673836477e-05,7.2124266807804815e-06,3.614570232457481e-05
/Users/aswanathjs/Downloads/test9/ai_plastic_waste_management_training/PET Plastic/black_white_plastic_bottles/cwqlt_jpg.rf.238486cbbd58ee99f327a8279240efa6.jpg,2,PET Plastic,2,PET Plastic,0.9999995231628418,2.917299468663259e-07,3.368209533505251e-08,0.9999995231628418,9.977706127983765e-08,2.9039105342576477e-08
/Users/aswanathjs/Downloads/test9/ai_plastic_waste_management_training/PS Plastic/foam_sheets/IMG_9374_JPG.rf.aff714030733441153062908030ac9a6.jpg,4,PS Plastic,4,PS Plastic,0.9999711513519287,8.62989963934524e-08,2.3945622160681523e-05,3.8615694393229205e-06,1.023348659145995e-06,0.9999711513519287
/Users/aswanathjs/Downloads/test9/ai_plastic_waste_management_training/PS Plastic/foam_sheets/IMG_9374_JPG.rf.b3a25150b143759d600b227b86f18aaf.jpg,4,PS Plastic,4,PS Plastic,0.9999951124191284,4.874247849784297e-08,4.151081611780683e-06,7.124293688320904e-07,1.936092530741007e-08,0.9999951124191284
/Users/aswanathjs/Downloads/test9/ai_plastic_waste_management_training/PS Plastic/foam_sheets/IMG_9374_JPG.rf.9960c2d3ffe8154d2060c6db12fe297d.jpg,4,PS Plastic,4,PS Plastic,0.9999878406524658,6.402157026741406e-08,7.950755389174446e-06,4.037046892335638e-06,9.507235887440402e-08,0.9999878406524658
"/Users/aswanathjs/Downloads/test9/ai_plastic_waste_management_training/PET Plastic/plastic_bottles/PET1,628.jpg",2,PET Plastic,2,PET Plastic,0.9999829530715942,1.756053961798898e-06,3.8302518987620715e-06,0.9999829530715942,1.1258381164225284e-05,1.0868780719874849e-07
/Users/aswanathjs/Downloads/test9/ai_plastic_waste_management_training/PET Plastic/black_white_plastic_bottles/cjhrf_jpg.rf.4cf264054b4c2e237f044990d4a0827e.jpg,2,PET Plastic,2,PET Plastic,0.9999783039093018,7.484066827601055e-06,1.0167918844672386e-05,0.9999783039093018,2.1529294826905243e-06,1.9293950117571512e-06
/Users/aswanathjs/Downloads/test9/ai_plastic_waste_management_training/PS Plastic/foam_containers/Image_7.png,4,PS Plastic,4,PS Plastic,0.6135788559913635,0.018512273207306862,0.2618981897830963,0.0045545450411736965,0.10145621001720428,0.6135788559913635
/Users/aswanathjs/Downloads/test9/ai_plastic_waste_management_training/HDPE Plastic/shampoo_bottles/0078_a02b07c2d0e0f1g0h0.jpg,0,HDPE Plastic,0,HDPE Plastic,0.9999796152114868,0.9999796152114868,1.927781489996505e-09,2.01541006390471e-05,1.81804864496371e-07,8.402904483340023e-10
/Users/aswanathjs/Downloads/test9/ai_plastic_waste_management_training/PS Plastic/foam_containers/Image_86.png,4,PS Plastic,4,PS Plastic,0.6092279553413391,0.03223579749464989,0.08726039528846741,0.004579960834234953,0.26669585704803467,0.6092279553413391
/Users/aswanathjs/Downloads/test9/ai_plastic_waste_management_training/PET Plastic/black_white_plastic_bottles/amzcs_jpg.rf.e59dc832e1b33e043b0b996da838499f.jpg,2,PET Plastic,2,PET Plastic,0.9999568462371826,1.6710984709789045e-05,1.5415622328873724e-05,0.9999568462371826,3.666731345219887e-06,7.388939593511168e-06
/Users/aswanathjs/Downloads/test9/ai_plastic_waste_management_training/LDPE Plastic/black_white__plastic_bags/0001_jpg.rf.2f0ad936d4709710ecdc521ff52465c5.jpg,1,LDPE Plastic,1,LDPE Plastic,0.9999903440475464,2.512142316390964e-07,0.9999903440475464,3.747162054423825e-06,4.742592409456847e-06,8.589719868723478e-07
"/Users/aswanathjs/Downloads/test9/ai_plastic_waste_management_training/PET Plastic/plastic_bottles/PET1,556.jpg",2,PET Plastic,2,PET Plastic,0.9999769926071167,4.170022123162198e-07,5.132554178999271e-06,0.9999769926071167,1.741142841638066e-05,1.0583945453390697e-07
/Users/aswanathjs/Downloads/test9/ai_plastic_waste_management_training/PP Plastic/round_containers/0035_a06b01c1d1e0f0g0h1.jpg,3,PP Plastic,3,PP Plastic,0.9999889135360718,9.450841957914236e-07,1.4789357294375804e-07,9.589592991687823e-06,0.9999889135360718,4.402789670621132e-07
/Users/aswanathjs/Downloads/test9/ai_plastic_waste_management_training/PP Plastic/round_containers_grey/0035_a06b01c1d1e0f0g0h1.jpg,3,PP Plastic,3,PP Plastic,0.9999942779541016,3.540240527399874e-07,3.521864186950552e-07,4.78327410746715e-06,0.9999942779541016,2.294086840493037e-07
"/Users/aswanathjs/Downloads/test9/ai_plastic_waste_management_training/PET Plastic/plastic_bottles/PET1,578.jpg",2,PET Plastic,2,PET Plastic,0.9999992847442627,2.111842576368872e-07,3.5099216688649904e-07,0.9999992847442627,1.6467120644847455e-07,2.281122846170547e-08
/Users/aswanathjs/Downloads/test9/ai_plastic_waste_management_training/HDPE Plastic/milk_bottles/HDPEM416.jpg,0,HDPE Plastic,0,HDPE Plastic,0.9999996423721313,0.9999996423721313,6.110695949246292e-08,7.652770506183515e-08,1.3426857492504496e-07,5.3712469139099994e-08
/Users/aswanathjs/Downloads/test9/ai_plastic_waste_management_training/PET Plastic/black_white_plastic_bottles/bulsf_jpg.rf.e79de670e55f81c8406d5665486f77a4.jpg,2,PET Plastic,2,PET Plastic,1.0,3.0448703114416276e-08,1.1520885578875095e-08,1.0,1.2495192436290381e-08,6.26800389369464e-09
/Users/aswanathjs/Downloads/test9/ai_plastic_waste_management_training/PET Plastic/black_white_plastic_bottles/byuqw_jpg.rf.00be2250b413cf1535c59ed5c36a93b3.jpg,2,PET Plastic,2,PET Plastic,0.9999943971633911,3.3857606922538253e-06,3.8956170556048164e-07,0.9999943971633911,1.0665957006494864e-06,7.525214869019692e-07
/Users/aswanathjs/Downloads/test9/ai_plastic_waste_management_training/PET Plastic/plastic_bottles/PET366.jpg,2,PET Plastic,2,PET Plastic,0.9999992847442627,1.8802403189965844e-07,1.6521926227142103e-07,0.9999992847442627,2.1685376339064533e-07,2.15454889485045e-07
/Users/aswanathjs/Downloads/test9/ai_plastic_waste_management_training/LDPE Plastic/black_white__plastic_bags/0064_jpg.rf.ec3506dba251b2d9bbd1bab954524ce2.jpg,1,LDPE Plastic,1,LDPE Plastic,0.9999256134033203,3.692163659252401e-07,0.9999256134033203,1.0058240150101483e-05,6.322149420157075e-05,7.714682510595594e-07
/Users/aswanathjs/Downloads/test9/ai_plastic_waste_management_training/HDPE Plastic/shampoo_bottles/0076_a02b06c2d0e0f1g0h2.jpg,0,HDPE Plastic,0,HDPE Plastic,0.999998927116394,0.999998927116394,2.4214139582312555e-09,1.0847131761693163e-06,2.885099448235451e-08,4.887128923769524e-09
/Users/aswanathjs/Downloads/test9/ai_plastic_waste_management_training/LDPE Plastic/plastic_bags/LDPE-497_jpg.rf.327653e0820a8ac74df9a88db94a16a1.jpg,1,LDPE Plastic,1,LDPE Plastic,0.9999933242797852,1.0319309922124376e-06,0.9999933242797852,3.15498164127348e-06,3.815404170381953e-07,2.1127459604031174e-06
/Users/aswanathjs/Downloads/test9/ai_plastic_waste_management_training/LDPE Plastic/plastic_bags/LDPE-248_jpg.rf.c28b15ef1b265bbd86f17a30ca0f0e42.jpg,1,LDPE Plastic,1,LDPE Plastic,0.9998786449432373,2.229323399660643e-06,0.9998786449432373,1.180196431960212e-05,9.021758887683973e-05,1.703169255051762e-05
/Users/aswanathjs/Downloads/test9/ai_plastic_waste_management_training/HDPE Plastic/detergent_bottles/IMG_20220209_220150.jpg,0,HDPE Plastic,0,HDPE Plastic,1.0,1.0,1.84610682623309e-15,7.396956935856736e-10,7.235642640601725e-11,7.001373086975779e-14
/Users/aswanathjs/Downloads/test9/ai_plastic_waste_management_training/PP Plastic/round_containers/0031_a05b01c1d1e0f0g0h3.jpg,3,PP Plastic,3,PP Plastic,0.9997383952140808,0.0001501741207903251,5.496942685567774e-05,4.138635631534271e-05,0.9997383952140808,1.5149902537814341e-05
/Users/aswanathjs/Downloads/test9/ai_plastic_waste_management_training/HDPE Plastic/milk_bottles/P_W (1356).jpg,0,HDPE Plastic,0,HDPE Plastic,1.0,1.0,3.0887918889277444e-09,7.63702168171676e-09,6.015957954019768e-09,6.245814976324482e-10
/Users/aswanathjs/Downloads/test9/ai_plastic_waste_management_training/HDPE Plastic/milk_bottles_grey/P_W (1356).jpg,0,HDPE Plastic,0,HDPE Plastic,1.0,1.0,1.3345521909791103e-10,1.8819051872398518e-10,1.7266434115814633e-10,3.633711734285505e-11
/Users/aswanathjs/Downloads/test9/ai_plastic_waste_management_training/PET Plastic/black_white_plastic_bottles/ahlof_jpg.rf.aa5e8a85fb509d20cd002a596d3a62c8.jpg,2,PET Plastic,2,PET Plastic,0.9997039437294006,7.428724074998172e-06,0.00025929848197847605,0.9997039437294006,2.1053259843029082e-05,8.294243343698326e-06
/Users/aswanathjs/Downloads/test9/ai_plastic_waste_management_training/HDPE Plastic/detergent_bottles/Image_75.png,0,HDPE Plastic,0,HDPE Plastic,0.9999979734420776,0.9999979734420776,2.917101760147034e-08,1.2896038015242084e-06,6.557532401529897e-07,1.6043493200612602e-09
/Users/aswanathjs/Downloads/test9/ai_plastic_waste_management_training/LDPE Plastic/bin_bags/Image_75.png,0,HDPE Plastic,1,LDPE Plastic,0.920717179775238,0.06447084993124008,0.920717179775238,0.006833678111433983,0.0056602065451443195,0.0023180656135082245
/Users/aswanathjs/Downloads/test9/ai_plastic_waste_management_training/PP Plastic/square_containers/Image_75.png,0,HDPE Plastic,1,LDPE Plastic,0.42364799976348877,0.19094052910804749,0.42364799976348877,0.01341524813324213,0.2738398313522339,0.09815643727779388
/Users/aswanathjs/Downloads/test9/ai_plastic_waste_management_training/PS Plastic/foam_containers/Image_75.png,0,HDPE Plastic,4,PS Plastic,0.4258680045604706,0.15258631110191345,0.1899002194404602,0.019196195527911186,0.21244940161705017,0.4258680045604706
/Users/aswanathjs/Downloads/test9/ai_plastic_waste_management_training/HDPE Plastic/milk_bottles/HDPEM49.jpg,0,HDPE Plastic,0,HDPE Plastic,0.9999996423721313,0.9999996423721313,6.222257709076473e-10,8.732907019748382e-08,2.9539802426370443e-07,2.3931643333696684e-09
"/Users/aswanathjs/Downloads/test9/ai_plastic_waste_management_training/PET Plastic/plastic_bottles/PET1,260.jpg",2,PET Plastic,2,PET Plastic,0.9999771118164062,8.121939572447445e-06,1.490138004101027e-07,0.9999771118164062,7.454631486325525e-06,7.113862920959946e-06
/Users/aswanathjs/Downloads/test9/ai_plastic_waste_management_training/LDPE Plastic/bin_bags/Image_129.png,1,LDPE Plastic,1,LDPE Plastic,0.9414336681365967,0.042483851313591,0.9414336681365967,0.00996046606451273,0.0041566528379917145,0.001965294824913144
/Users/aswanathjs/Downloads/test9/ai_plastic_waste_management_training/LDPE Plastic/bin_bags_grey/Image_129.png,1,LDPE Plastic,1,LDPE Plastic,0.8738153576850891,0.09950476139783859,0.8738153576850891,0.01702255569398403,0.0076157283037900925,0.0020415768958628178
/Users/aswanathjs/Downloads/test9/ai_plastic_waste_management_training/PP Plastic/square_containers_grey/Image_129.png,1,LDPE Plastic,1,LDPE Plastic,0.9958754181861877,5.679577589035034e-05,0.9958754181861877,0.0005349184502847493,0.0034013031981885433,0.00013168714940547943
/Users/aswanathjs/Downloads/test9/ai_plastic_waste_management_training/PP Plastic/square_containers/Image_129.png,1,LDPE Plastic,1,LDPE Plastic,0.9970351457595825,2.551578108977992e-05,0.9970351457595825,0.0005909840110689402,0.0021965375635772943,0.0001517431519459933
/Users/aswanathjs/Downloads/test9/ai_plastic_waste_management_training/PS Plastic/foam_containers/Image_129.png,1,LDPE Plastic,1,LDPE Plastic,0.5785441398620605,0.0522477924823761,0.5785441398620605,0.005995065439492464,0.2245703935623169,0.13864266872406006
/Users/aswanathjs/Downloads/test9/ai_plastic_waste_management_training/PS Plastic/foam_containers/Image_33.png,4,PS Plastic,3,PP Plastic,0.8939677476882935,0.002180153038352728,0.0072859106585383415,0.0021386011503636837,0.8939677476882935,0.09442756325006485
/Users/aswanathjs/Downloads/test9/ai_plastic_waste_management_training/PET Plastic/black_white_plastic_bottles/dgzwl_jpg.rf.82d358e08123cf93bb5819b48d51784b.jpg,2,PET Plastic,2,PET Plastic,0.9999940395355225,4.421804533194518e-06,1.8524337619396647e-08,0.9999940395355225,1.4112868029769743e-06,1.221183509869661e-07
/Users/aswanathjs/Downloads/test9/ai_plastic_waste_management_training/PET Plastic/black_white_plastic_bottles/cuxgr_jpg.rf.97815d8a8cadbb0dcada9633f9b57208.jpg,2,PET Plastic,2,PET Plastic,0.9999978542327881,1.0705646218411857e-06,4.216348941099568e-07,0.9999978542327881,2.514968286959629e-07,3.20077504056826e-07
/Users/aswanathjs/Downloads/test9/ai_plastic_waste_management_training/HDPE Plastic/detergent_bottles/IMG_20220209_182808.jpg,0,HDPE Plastic,0,HDPE Plastic,0.9992656111717224,0.9992656111717224,2.0714767856588878e-07,0.0007226670277304947,1.1494209502416197e-05,2.4597692771521906e-08
"/Users/aswanathjs/Downloads/test9/ai_plastic_waste_management_training/PET Plastic/plastic_bottles/PET1,706.jpg",2,PET Plastic,2,PET Plastic,0.9999524354934692,1.9784140476986067e-06,4.177777736913413e-05,0.9999524354934692,1.0117769306816626e-06,2.746117161223083e-06
/Users/aswanathjs/Downloads/test9/ai_plastic_waste_management_training/HDPE Plastic/shampoo_bottles/0065_a02b03c1d2e0f1g0h3.jpg,0,HDPE Plastic,0,HDPE Plastic,1.0,1.0,1.0867601957231798e-10,9.112444687708887e-10,1.3862160308519833e-08,2.6370686190269055e-10
/Users/aswanathjs/Downloads/test9/ai_plastic_waste_management_training/LDPE Plastic/plastic_bags/train_LDPE-56_jpg.rf.a14e48b211c3edcb055bc2bb9a77fa5d.jpg,1,LDPE Plastic,1,LDPE Plastic,0.9999521970748901,1.052871721185511e-05,0.9999521970748901,4.233075742376968e-06,9.395583219884429e-06,2.364179090363905e-05
/Users/aswanathjs/Downloads/test9/ai_plastic_waste_management_training/PET Plastic/plastic_bottles/PET581.jpg,2,PET Plastic,2,PET Plastic,0.9999998807907104,1.1637605545899987e-08,1.5753091053838375e-09,0.9999998807907104,3.1561668834001466e-08,5.028104865800742e-08
/Users/aswanathjs/Downloads/test9/ai_plastic_waste_management_training/PP Plastic/round_containers/IMG_20220209_172714.jpg,3,PP Plastic,3,PP Plastic,0.9999727010726929,2.113098162226379e-05,3.0576225071854424e-06,2.2930826162337326e-06,0.9999727010726929,7.16532952083071e-07
/Users/aswanathjs/Downloads/test9/ai_plastic_waste_management_training/PET Plastic/plastic_bottles/PET738.jpg,2,PET Plastic,2,PET Plastic,0.9999960660934448,3.6999442727392307e-06,2.9681581636964438e-08,0.9999960660934448,2.672955474736227e-07,3.7132103614112566e-08
/Users/aswanathjs/Downloads/test9/ai_plastic_waste_management_training/LDPE Plastic/plastic_bags/plasticbag (11).jpg,1,LDPE Plastic,1,LDPE Plastic,0.9999970197677612,5.594109211415343e-07,0.9999970197677612,1.5401129758174648e-06,3.4136243698412727e-07,4.6569894607273454e-07
/Users/aswanathjs/Downloads/test9/ai_plastic_waste_management_training/LDPE Plastic/plastic_bags_grey/LDPE-233_jpg.rf.503d77f207980a943ec9272406c39958.jpg,1,LDPE Plastic,1,LDPE Plastic,0.9997634291648865,6.013672191329533e-06,0.9997634291648865,4.9420974391978234e-05,0.00015232696023304015,2.8797134291380644e-05
/Users/aswanathjs/Downloads/test9/ai_plastic_waste_management_training/LDPE Plastic/plastic_bags/LDPE-233_jpg.rf.503d77f207980a943ec9272406c39958.jpg,1,LDPE Plastic,1,LDPE Plastic,0.9997747540473938,5.2408968258532695e-06,0.9997747540473938,4.656500823330134e-05,0.00015852280193939805,1.4976272723288275e-05
/Users/aswanathjs/Downloads/test9/ai_plastic_waste_management_training/PS Plastic/foam_sheets/PS-744_jpg.rf.9e488b75492b7e03bf5d42cfcd49b17f.jpg,4,PS Plastic,4,PS Plastic,0.9998288154602051,2.1717978597735055e-05,5.3327466957853176e-06,8.625124792160932e-06,0.00013551994925364852,0.9998288154602051
/Users/aswanathjs/Downloads/test9/ai_plastic_waste_management_training/PET Plastic/black_white_plastic_bottles/dnrqc_jpg.rf.af439e4f8c5b66386ada7bdb97954002.jpg,2,PET Plastic,2,PET Plastic,0.9999890327453613,1.2608786619239254e-06,2.063049350908841e-06,0.9999890327453613,6.013136044202838e-06,1.6088019947346766e-06
/Users/aswanathjs/Downloads/test9/ai_plastic_waste_management_training/PET Plastic/plastic_bottles/PET325.jpg,2,PET Plastic,2,PET Plastic,0.9999977350234985,1.0024618859461043e-06,9.318059710494708e-07,0.9999977350234985,3.169765818711312e-07,6.333403490543787e-08
/Users/aswanathjs/Downloads/test9/ai_plastic_waste_management_training/PP Plastic/square_containers/butter.jpg,3,PP Plastic,3,PP Plastic,0.9966405630111694,0.0026730443350970745,0.00018621984054334462,7.978218491189182e-05,0.9966405630111694,0.0004204600991215557
/Users/aswanathjs/Downloads/test9/ai_plastic_waste_management_training/HDPE Plastic/milk_bottles/HDPEM485.jpg,0,HDPE Plastic,0,HDPE Plastic,0.9999996423721313,0.9999996423721313,5.114366707914542e-10,2.362478852546701e-07,5.503921229887965e-08,1.3160718026483664e-07
/Users/aswanathjs/Downloads/test9/ai_plastic_waste_management_training/PET Plastic/plastic_bottles/PET830.jpg,2,PET Plastic,2,PET Plastic,0.9999464750289917,6.29635906079784e-07,4.92130930069834e-05,0.9999464750289917,2.46455078922736e-06,1.1798672403529054e-06
/Users/aswanathjs/Downloads/test9/ai_plastic_waste_management_training/PP Plastic/round_containers/Image_92.png,3,PP Plastic,3,PP Plastic,0.9987176656723022,0.00019644814892672002,0.0008083299617283046,0.000171072460943833,0.9987176656723022,0.00010659840336302295
/Users/aswanathjs/Downloads/test9/ai_plastic_waste_management_training/PS Plastic/foam_containers/Image_92.png,3,PP Plastic,3,PP Plastic,0.5852435827255249,0.019787346944212914,0.3254757523536682,0.006804434582591057,0.5852435827255249,0.06268883496522903
/Users/aswanathjs/Downloads/test9/ai_plastic_waste_management_training/HDPE Plastic/detergent_bottles/IMG_20220209_182850.jpg,0,HDPE Plastic,0,HDPE Plastic,0.9999904632568359,0.9999904632568359,1.5873112602093897e-08,9.38849916565232e-06,1.1884721828891998e-07,3.803592996121097e-09
"/Users/aswanathjs/Downloads/test9/ai_plastic_waste_management_training/PET Plastic/plastic_bottles/PET1,143.jpg",2,PET Plastic,2,PET Plastic,0.9999978542327881,2.0336118566888217e-08,1.892108684842242e-06,0.9999978542327881,1.4079388677146198e-07,5.453491525031495e-08
/Users/aswanathjs/Downloads/test9/ai_plastic_waste_management_training/HDPE Plastic/milk_bottles/P_W (501).jpg,0,HDPE Plastic,0,HDPE Plastic,1.0,1.0,1.3455649788829405e-11,9.518174026723614e-10,1.9483561899263924e-12,5.837097472038977e-09
/Users/aswanathjs/Downloads/test9/ai_plastic_waste_management_training/HDPE Plastic/detergent_bottles/P_W (499).jpg,0,HDPE Plastic,0,HDPE Plastic,1.0,1.0,1.4269725678861533e-10,1.0764792612860674e-08,1.6170280670024795e-09,1.7953361020062175e-10
/Users/aswanathjs/Downloads/test9/ai_plastic_waste_management_training/HDPE Plastic/detergent_botteles_grey/P_W (499).jpg,0,HDPE Plastic,0,HDPE Plastic,0.9999943971633911,0.9999943971633911,1.210591307199138e-07,2.428191692160908e-06,2.1627206479024608e-06,9.84313146545901e-07
/Users/aswanathjs/Downloads/test9/ai_plastic_waste_management_training/PET Plastic/shampoo_bottles/0015_a05b00c2d3e1f1g0h3.jpg,2,PET Plastic,2,PET Plastic,0.9986528158187866,0.0004455364542081952,3.8392041460610926e-05,0.9986528158187866,0.0007516054902225733,0.00011158394045196474
/Users/aswanathjs/Downloads/test9/ai_plastic_waste_management_training/LDPE Plastic/plastic_bags/LDPE-42_jpg.rf.61f85b2889eb6cf5c41d56f497ca5b6d.jpg,1,LDPE Plastic,1,LDPE Plastic,0.9922683835029602,0.0032125001307576895,0.9922683835029602,0.0010093220043927431,0.003266738960519433,0.0002430664171697572
/Users/aswanathjs/Downloads/test9/ai_plastic_waste_management_training/LDPE Plastic/plastic_bags/LDPE-42_jpg.rf.3a773f8a389437188d42ee6db0c7280d.jpg,1,LDPE Plastic,1,LDPE Plastic,0.9998281002044678,5.52590936422348e-05,0.9998281002044678,1.605142097105272e-05,5.9606983995763585e-05,4.102275852346793e-05
/Users/aswanathjs/Downloads/test9/ai_plastic_waste_management_training/PP Plastic/round_containers/0022_a05b00c2d3e0f0g0h1.jpg,3,PP Plastic,3,PP Plastic,0.9999591112136841,2.1881282918911893e-06,3.305700738565065e-05,4.550901849142974e-06,0.9999591112136841,1.143919234891655e-06
/Users/aswanathjs/Downloads/test9/ai_plastic_waste_management_training/PET Plastic/black_white_plastic_bottles/cykgn_jpg.rf.e5912131874577750f5e16b2e0cca429.jpg,2,PET Plastic,2,PET Plastic,0.9999856948852539,9.975227840186562e-06,2.9854177796551085e-07,0.9999856948852539,3.5659916193253594e-06,5.580820356954064e-07
/Users/aswanathjs/Downloads/test9/ai_plastic_waste_management_training/LDPE Plastic/plastic_bags/LDPE-49_jpg.rf.943e2850154ea8dcd1e3e5b32108e3af.jpg,1,LDPE Plastic,1,LDPE Plastic,0.9994151592254639,0.0002801453520078212,0.9994151592254639,8.848863944876939e-05,0.0001531351445009932,6.307861622190103e-05
/Users/aswanathjs/Downloads/test9/ai_plastic_waste_management_training/LDPE Plastic/plastic_bags/LDPE-49_jpg.rf.c8ec39f928a4f1603db7889e3fdc9496.jpg,1,LDPE Plastic,1,LDPE Plastic,0.9999027252197266,3.2190451747737825e-05,0.9999027252197266,1.6241823686868884e-05,2.824203511408996e-05,2.0558334654197097e-05
/Users/aswanathjs/Downloads/test9/ai_plastic_waste_management_training/PP Plastic/square_containers_grey/IMG_20220209_175019.jpg,3,PP Plastic,3,PP Plastic,0.9999256134033203,8.23266054794658e-06,3.125145303783938e-05,2.2293049823929323e-06,0.9999256134033203,3.268802538514137e-05
/Users/aswanathjs/Downloads/test9/ai_plastic_waste_management_training/PP Plastic/square_containers/IMG_20220209_175019.jpg,3,PP Plastic,3,PP Plastic,0.9999336004257202,7.991761776793282e-06,2.3320995751419105e-05,4.1921562115021516e-06,0.9999336004257202,3.0811559554422274e-05
/Users/aswanathjs/Downloads/test9/ai_plastic_waste_management_training/LDPE Plastic/plastic_bags/plasticbag (142).jpg,1,LDPE Plastic,1,LDPE Plastic,0.9983779191970825,0.00010120979277417064,0.9983779191970825,0.0010789885418489575,8.00556008471176e-05,0.0003618297341745347
/Users/aswanathjs/Downloads/test9/ai_plastic_waste_management_training/PP Plastic/round_containers/IMG_20220209_173303.jpg,3,PP Plastic,3,PP Plastic,0.9996436834335327,0.0001143492991104722,0.00014930455654393882,6.614161975448951e-05,0.9996436834335327,2.645671156642493e-05
/Users/aswanathjs/Downloads/test9/ai_plastic_waste_management_training/LDPE Plastic/plastic_bags/LDPE-416_jpg.rf.fe0fe5cec045bb01d60f02aed07d759b.jpg,1,LDPE Plastic,1,LDPE Plastic,0.999909520149231,5.673998202837538e-06,0.999909520149231,1.1040130630135536e-05,5.167394920135848e-05,2.2019246898707934e-05
/Users/aswanathjs/Downloads/test9/ai_plastic_waste_management_training/PP Plastic/irregular_containers/0036_a05b00c1d0e0f0g0h0.jpg,3,PP Plastic,3,PP Plastic,0.9999420642852783,1.1944116522499826e-05,2.419900738459546e-05,2.0596273316186853e-05,0.9999420642852783,1.1708187912518042e-06
/Users/aswanathjs/Downloads/test9/ai_plastic_waste_management_training/HDPE Plastic/milk_bottles/HDPEM121.jpg,0,HDPE Plastic,0,HDPE Plastic,0.9999998807907104,0.9999998807907104,1.6268647540229608e-10,9.427444780385486e-08,2.4697127898321014e-08,2.3370052559812393e-09
"/Users/aswanathjs/Downloads/test9/ai_plastic_waste_management_training/PET Plastic/plastic_bottles/PET1,651.jpg",2,PET Plastic,2,PET Plastic,1.0,2.3860881270820755e-08,1.2112835179323156e-08,1.0,3.87736243112613e-09,3.736397857778684e-09
/Users/aswanathjs/Downloads/test9/ai_plastic_waste_management_training/PP Plastic/square_containers_grey/IMG_20220209_173939.jpg,3,PP Plastic,3,PP Plastic,0.9999823570251465,3.6316714613349177e-06,9.02910323929973e-06,1.3400330090007628e-06,0.9999823570251465,3.6371168334881077e-06
/Users/aswanathjs/Downloads/test9/ai_plastic_waste_management_training/PP Plastic/square_containers/IMG_20220209_173939.jpg,3,PP Plastic,3,PP Plastic,0.9998886585235596,9.693062747828662e-05,7.135593932616757e-06,4.119215191167314e-06,0.9998886585235596,3.162094344588695e-06
/Users/aswanathjs/Downloads/test9/ai_plastic_waste_management_training/HDPE Plastic/shampoo_bottles/0075_a02b01c2d1e0f0g0h3.jpg,0,HDPE Plastic,0,HDPE Plastic,0.9999593496322632,0.9999593496322632,4.16127841162961e-06,2.45195442403201e-05,9.815355042519514e-06,2.0923941974615445e-06
/Users/aswanathjs/Downloads/test9/ai_plastic_waste_management_training/HDPE Plastic/shampoo_bottles/0076_a02b06c2d2e0f1g0h1.jpg,0,HDPE Plastic,0,HDPE Plastic,0.9999971389770508,0.9999971389770508,4.9919609779180973e-08,1.9503130488374154e-07,2.573911615399993e-06,1.2219170564264914e-08
/Users/aswanathjs/Downloads/test9/ai_plastic_waste_management_training/PET Plastic/plastic_bottles/PET712.jpg,2,PET Plastic,2,PET Plastic,0.9999996423721313,6.373856109576082e-08,5.1063402395357116e-08,0.9999996423721313,2.3325181075506407e-07,2.5616808230211063e-08
/Users/aswanathjs/Downloads/test9/ai_plastic_waste_management_training/PP Plastic/round_containers/0043_a06b01c1d2e0f0g0h0.jpg,3,PP Plastic,3,PP Plastic,0.999860405921936,2.7930967917200178e-05,8.911329496186227e-05,9.329151907877531e-06,0.999860405921936,1.3135364497429691e-05
/Users/aswanathjs/Downloads/test9/ai_plastic_waste_management_training/HDPE Plastic/shampoo_bottles/0077_a02b01c1d3e0f1g0h2.jpg,0,HDPE Plastic,0,HDPE Plastic,0.9992172718048096,0.9992172718048096,4.087680736120092e-06,0.0003211019211448729,0.00044474832247942686,1.2803816389350686e-05
/Users/aswanathjs/Downloads/test9/ai_plastic_waste_management_training/HDPE Plastic/shampoo_bottles/0077_a02b01c2d0e0f1g0h2.jpg,0,HDPE Plastic,0,HDPE Plastic,0.9997864365577698,0.9997864365577698,3.43736996910593e-06,0.00010631418990669772,7.922638906165957e-05,2.4529712391085923e-05
"/Users/aswanathjs/Downloads/test9/ai_plastic_waste_management_training/PET Plastic/plastic_bottles/PET1,647.jpg",2,PET Plastic,2,PET Plastic,0.9999926090240479,4.191557820831804e-07,2.868001729439129e-06,0.9999926090240479,4.0027166505751666e-06,2.3626212097838106e-08
/Users/aswanathjs/Downloads/test9/ai_plastic_waste_management_training/PS Plastic/foam_containers/Image_186.png,4,PS Plastic,4,PS Plastic,0.5042048692703247,0.04883827269077301,0.062423381954431534,0.002342317020520568,0.38219115138053894,0.5042048692703247
/Users/aswanathjs/Downloads/test9/ai_plastic_waste_management_training/PET Plastic/plastic_bottles/PET491.jpg,2,PET Plastic,2,PET Plastic,0.9999935626983643,1.0257489293508115e-06,1.4784243376197992e-06,0.9999935626983643,2.807154260153766e-06,1.0840352615559823e-06
/Users/aswanathjs/Downloads/test9/ai_plastic_waste_management_training/LDPE Plastic/bubble_wrap/LDPE-80_jpg.rf.7729f05f9a8de614f38a4765fb11b96c.jpg,1,LDPE Plastic,1,LDPE Plastic,0.9999995231628418,9.3398400125011e-10,0.9999995231628418,5.170339250071265e-07,2.774800833549307e-09,1.830837703664656e-08
/Users/aswanathjs/Downloads/test9/ai_plastic_waste_management_training/LDPE Plastic/bubble_wrap/LDPE-80_jpg.rf.39d5b876a72bc9f73fc3c298ce40ea24.jpg,1,LDPE Plastic,1,LDPE Plastic,0.999940037727356,4.793772859557066e-06,0.999940037727356,1.88028843695065e-05,1.4954613106965553e-05,2.1430525521282107e-05
/Users/aswanathjs/Downloads/test9/ai_plastic_waste_management_training/HDPE Plastic/shampoo_bottles/0061_a02b01c2d0e0f1g0h2(1).jpg,0,HDPE Plastic,0,HDPE Plastic,0.9998828172683716,0.9998828172683716,2.2461480853053217e-07,0.00011504605936352164,9.109583629651752e-07,8.981079986369878e-07
/Users/aswanathjs/Downloads/test9/ai_plastic_waste_management_training/PET Plastic/shampoo_bottles/0015_a05b00c1d3e1f1g0h0.jpg,2,PET Plastic,2,PET Plastic,0.9990280866622925,1.6785104890004732e-05,8.3614313552971e-06,0.9990280866622925,0.0009277040371671319,1.904786222439725e-05
/Users/aswanathjs/Downloads/test9/ai_plastic_waste_management_training/HDPE Plastic/milk_bottles/HDPEM243.jpg,0,HDPE Plastic,0,HDPE Plastic,0.9999998807907104,0.9999998807907104,4.853380891622905e-11,5.5369639540003845e-08,5.975659433943292e-08,4.2255168808402743e-10
/Users/aswanathjs/Downloads/test9/ai_plastic_waste_management_training/LDPE Plastic/black_white__plastic_bags/0255_jpg.rf.471b4cca7828d2062bc4e54b465f1f51.jpg,1,LDPE Plastic,1,LDPE Plastic,0.9999637603759766,1.979961780307349e-06,0.9999637603759766,1.9509855064825388e-06,7.092131909303134e-06,2.5294011720689014e-05
/Users/aswanathjs/Downloads/test9/ai_plastic_waste_management_training/HDPE Plastic/detergent_bottles/0098_a02b03c2d2e0f0g0h4.jpg,0,HDPE Plastic,0,HDPE Plastic,0.9999971389770508,0.9999971389770508,1.2170144714218623e-07,5.242867473498336e-08,2.788018719002139e-06,5.229125576988736e-08
/Users/aswanathjs/Downloads/test9/ai_plastic_waste_management_training/LDPE Plastic/plastic_bags/LDPE-278_jpg.rf.5842fc6b2467bc5899a983e515f2278e.jpg,1,LDPE Plastic,1,LDPE Plastic,0.9997652173042297,4.769225142808864e-06,0.9997652173042297,6.410833884729072e-05,0.0001455060119042173,2.035175020864699e-05
/Users/aswanathjs/Downloads/test9/ai_plastic_waste_management_training/PP Plastic/square_containers/Image_96.png,3,PP Plastic,3,PP Plastic,0.9997913241386414,2.5436347641516477e-05,0.00016807614883873612,9.041744988280698e-07,0.9997913241386414,1.4354826816997956e-05
/Users/aswanathjs/Downloads/test9/ai_plastic_waste_management_training/PS Plastic/foam_containers/Image_96.png,3,PP Plastic,3,PP Plastic,0.49367740750312805,0.05915706232190132,0.14098183810710907,0.016726301982998848,0.49367740750312805,0.2894573509693146
/Users/aswanathjs/Downloads/test9/ai_plastic_waste_management_training/PET Plastic/plastic_bottles/PET679.jpg,2,PET Plastic,2,PET Plastic,0.9997984766960144,8.491823973599821e-05,5.625970516121015e-06,0.9997984766960144,4.733768946607597e-05,6.373239739332348e-05
/Users/aswanathjs/Downloads/test9/ai_plastic_waste_management_training/LDPE Plastic/plastic_bags/plasticbag (150).jpg,1,LDPE Plastic,1,LDPE Plastic,0.9998146891593933,3.5913683404942276e-06,0.9998146891593933,3.375592132215388e-05,0.00011148780322400853,3.657530396594666e-05
/Users/aswanathjs/Downloads/test9/ai_plastic_waste_management_training/PET Plastic/plastic_bottles/PET923.jpg,2,PET Plastic,2,PET Plastic,0.998306393623352,0.0001298944844165817,0.000862026703543961,0.998306393623352,0.0006598385516554117,4.189122046227567e-05
/Users/aswanathjs/Downloads/test9/ai_plastic_waste_management_training/PP Plastic/round_containers/0032_a05b01c1d3e0f0g0h2.jpg,3,PP Plastic,3,PP Plastic,0.999669075012207,5.8869478380074725e-05,7.896543138485868e-06,0.00024094006221275777,0.999669075012207,2.3246355340234004e-05
/Users/aswanathjs/Downloads/test9/ai_plastic_waste_management_training/PP Plastic/round_containers/IMG_20220209_173640.jpg,3,PP Plastic,3,PP Plastic,0.9991245865821838,3.8063430110923946e-05,6.338549428619444e-05,0.0007702359580434859,0.9991245865821838,3.7631082250300096e-06
/Users/aswanathjs/Downloads/test9/ai_plastic_waste_management_training/HDPE Plastic/milk_bottles/HDPEM467.jpg,0,HDPE Plastic,0,HDPE Plastic,0.9999991655349731,0.9999991655349731,6.1083616463564194e-12,8.515263516528648e-07,1.9046100807607047e-10,3.6800726355146196e-10
/Users/aswanathjs/Downloads/test9/ai_plastic_waste_management_training/PS Plastic/foam_containers/Image_38.png,4,PS Plastic,4,PS Plastic,0.43134304881095886,0.09846815466880798,0.1659347265958786,0.019920513033866882,0.2843335270881653,0.43134304881095886
/Users/aswanathjs/Downloads/test9/ai_plastic_waste_management_training/PP Plastic/round_containers/0031_a05b01c1d3e0f0g0h0.jpg,3,PP Plastic,3,PP Plastic,0.9999654293060303,1.8116003047907725e-05,6.620011845370755e-06,2.835922941812896e-06,0.9999654293060303,6.984374522289727e-06
/Users/aswanathjs/Downloads/test9/ai_plastic_waste_management_training/HDPE Plastic/shampoo_bottles/0078_a02b07c1d3e0f1g0h1.jpg,0,HDPE Plastic,0,HDPE Plastic,0.9999725818634033,0.9999725818634033,3.6971869121771306e-08,2.4305214537889697e-05,3.038753447981435e-06,1.2260962911625484e-08
/Users/aswanathjs/Downloads/test9/ai_plastic_waste_management_training/PS Plastic/foam_containers/Image_249.png,4,PS Plastic,3,PP Plastic,0.44489097595214844,0.035235099494457245,0.09082840383052826,0.004896010737866163,0.44489097595214844,0.4241495132446289
/Users/aswanathjs/Downloads/test9/ai_plastic_waste_management_training/LDPE Plastic/plastic_bags_grey/plasticbag (164).jpg,1,LDPE Plastic,1,LDPE Plastic,0.9999691247940063,1.2411283023539e-06,0.9999691247940063,2.402286156666378e-07,2.612936805235222e-05,3.322749535072944e-06
/Users/aswanathjs/Downloads/test9/ai_plastic_waste_management_training/LDPE Plastic/plastic_bags/plasticbag (164).jpg,1,LDPE Plastic,1,LDPE Plastic,0.9998900890350342,6.070566996640991e-06,0.9998900890350342,1.2806054883185425e-06,8.533837535651401e-05,1.7176522305817343e-05
/Users/aswanathjs/Downloads/test9/ai_plastic_waste_management_training/HDPE Plastic/milk_bottles/HDPEM98.jpg,0,HDPE Plastic,0,HDPE Plastic,0.9999960660934448,0.9999960660934448,1.4550115279288178e-10,3.936692337447312e-06,2.283695899052418e-09,2.5380679780084847e-09
/Users/aswanathjs/Downloads/test9/ai_plastic_waste_management_training/PS Plastic/form_containers_grey/styrofoam-114-_jpg.rf.d9b4a523d03b76675f0ec7108a72fbf9.jpg,4,PS Plastic,4,PS Plastic,0.9994719624519348,0.00010955045581795275,6.47304796075332e-06,0.0001692751975497231,0.0002427837607683614,0.9994719624519348
/Users/aswanathjs/Downloads/test9/ai_plastic_waste_management_training/PS Plastic/foam_containers/styrofoam-114-_jpg.rf.d9b4a523d03b76675f0ec7108a72fbf9.jpg,4,PS Plastic,4,PS Plastic,0.9999176263809204,2.9697857826249674e-06,9.330770467386174e-08,7.505679968744516e-05,4.187853846815415e-06,0.9999176263809204
/Users/aswanathjs/Downloads/test9/ai_plastic_waste_management_training/PET Plastic/plastic_bottles/PET825.jpg,2,PET Plastic,2,PET Plastic,0.999924898147583,1.8916801991508692e-06,6.551846308866516e-05,0.999924898147583,4.197512680548243e-06,3.471963964329916e-06
/Users/aswanathjs/Downloads/test9/ai_plastic_waste_management_training/PS Plastic/foam_sheets/PS-633_jpg.rf.74d721685d340e52d7aad4bcc909b2cb.jpg,4,PS Plastic,4,PS Plastic,0.9999964237213135,6.499687401628762e-07,2.935622433142271e-06,2.5356170496593222e-08,4.739053593993958e-08,0.9999964237213135
/Users/aswanathjs/Downloads/test9/ai_plastic_waste_management_training/LDPE Plastic/black_white__plastic_bags/0026_jpg.rf.6a91eb9ccddcfe387a34ee06ed8e4274.jpg,1,LDPE Plastic,1,LDPE Plastic,0.9999551773071289,3.732160109848337e-07,0.9999551773071289,4.86854833070538e-06,1.5680327123845927e-05,2.3885915652499534e-05
/Users/aswanathjs/Downloads/test9/ai_plastic_waste_management_training/PET Plastic/black_white_plastic_bottles/cwgds_jpg.rf.7be016de001fc7195367459fe70d1334.jpg,2,PET Plastic,2,PET Plastic,0.9999953508377075,4.069788246852113e-06,1.8502150922472538e-08,0.9999953508377075,5.269749294711801e-07,2.2396827503712302e-08
/Users/aswanathjs/Downloads/test9/ai_plastic_waste_management_training/PS Plastic/foam_containers/styrofoam-130-_jpg.rf.cba5afdf89e528f49af2d72e08abeaaa.jpg,4,PS Plastic,4,PS Plastic,0.9526969194412231,0.00019227263692300767,1.694635284366086e-05,6.258373468881473e-05,0.047031231224536896,0.9526969194412231
"/Users/aswanathjs/Downloads/test9/ai_plastic_waste_management_training/PET Plastic/plastic_bottles/PET1,132.jpg",2,PET Plastic,2,PET Plastic,1.0,8.514604299403317e-11,1.8312297456191118e-08,1.0,1.7422546738643518e-10,5.483952528195779e-11
/Users/aswanathjs/Downloads/test9/ai_plastic_waste_management_training/PP Plastic/round_containers/IMG20220210154604.jpg,3,PP Plastic,3,PP Plastic,0.9967775940895081,0.0016007331432774663,0.0013693923829123378,0.00020605231111403555,0.9967775940895081,4.624547727871686e-05
/Users/aswanathjs/Downloads/test9/ai_plastic_waste_management_training/PP Plastic/round_containers/Image_199.png,3,PP Plastic,3,PP Plastic,0.9841086268424988,0.0016830820823088288,0.011728804558515549,0.000169969120179303,0.9841086268424988,0.0023095295764505863
/Users/aswanathjs/Downloads/test9/ai_plastic_waste_management_training/PS Plastic/foam_containers/Image_199.png,3,PP Plastic,3,PP Plastic,0.582328736782074,0.04788672924041748,0.07588081806898117,0.003489927388727665,0.582328736782074,0.2904137969017029
/Users/aswanathjs/Downloads/test9/ai_plastic_waste_management_training/LDPE Plastic/black_white__plastic_bags/0286_jpg.rf.47aea033fd4a4d618d12ede0404ebbcc.jpg,1,LDPE Plastic,1,LDPE Plastic,0.9999686479568481,8.603458809375297e-06,0.9999686479568481,4.852945494349115e-06,9.49517561821267e-06,8.386689842154738e-06
/Users/aswanathjs/Downloads/test9/ai_plastic_waste_management_training/HDPE Plastic/detergent_bottles/0098_a02b03c2d0e0f0g0h1.jpg,0,HDPE Plastic,0,HDPE Plastic,1.0,1.0,1.3128949316598693e-10,1.4380299728777857e-10,1.055928144921836e-08,4.6330907860214765e-11
/Users/aswanathjs/Downloads/test9/ai_plastic_waste_management_training/HDPE Plastic/detergent_bottles/0062_a02b05c1d0e0f1g1h0.jpg,0,HDPE Plastic,0,HDPE Plastic,1.0,1.0,2.56016353950006e-11,2.5020588267921084e-08,3.172503593162901e-09,1.223656870275036e-10
/Users/aswanathjs/Downloads/test9/ai_plastic_waste_management_training/HDPE Plastic/milk_bottles/HDPEM9.jpg,0,HDPE Plastic,0,HDPE Plastic,0.999728262424469,0.999728262424469,1.348022919955838e-06,1.937070737767499e-05,0.00025057318271137774,3.8537652358172636e-07
/Users/aswanathjs/Downloads/test9/ai_plastic_waste_management_training/HDPE Plastic/milk_bottles_grey/HDPEM9.jpg,0,HDPE Plastic,0,HDPE Plastic,0.9997943043708801,0.9997943043708801,2.3094125936040655e-06,1.2127316949772649e-05,0.00019108255219180137,1.2701974583251285e-07
/Users/aswanathjs/Downloads/test9/ai_plastic_waste_management_training/HDPE Plastic/shampoo_bottiles_grey/0076_a02b06c1d3e0f1g0h2.jpg,0,HDPE Plastic,0,HDPE Plastic,0.9997064471244812,0.9997064471244812,1.234763203683542e-06,7.867649401305243e-06,0.00027083655004389584,1.3612564544018824e-05
/Users/aswanathjs/Downloads/test9/ai_plastic_waste_management_training/HDPE Plastic/shampoo_bottles/0076_a02b06c1d3e0f1g0h2.jpg,0,HDPE Plastic,0,HDPE Plastic,1.0,1.0,1.1002461441922406e-10,6.344719860607029e-09,2.728278492014624e-09,1.4266359205095114e-09
"/Users/aswanathjs/Downloads/test9/ai_plastic_waste_management_training/HDPE Plastic/milk_bottles/HDPEM1,019.JPG",0,HDPE Plastic,0,HDPE Plastic,1.0,1.0,1.1170737945764841e-10,3.969555706362371e-08,3.020132055553404e-08,8.354002822841267e-09
/Users/aswanathjs/Downloads/test9/ai_plastic_waste_management_training/HDPE Plastic/milk_bottles/HDPEM242.jpg,0,HDPE Plastic,0,HDPE Plastic,1.0,1.0,1.0299777523925524e-11,1.7113208627961285e-08,2.8034346399863352e-08,1.2310660824077502e-10
/Users/aswanathjs/Downloads/test9/ai_plastic_waste_management_training/LDPE Plastic/plastic_bags/train_LDPE-43_jpg.rf.05e0a423117f0c327191528d73f72282.jpg,1,LDPE Plastic,1,LDPE Plastic,0.9977993369102478,0.0015727118588984013,0.9977993369102478,0.0001465206005377695,0.00040878073195926845,7.253897638292983e-05
"/Users/aswanathjs/Downloads/test9/ai_plastic_waste_management_training/PET Plastic/plastic_bottles/PET1,301.jpg",2,PET Plastic,2,PET Plastic,0.9997128844261169,3.0065291866776533e-05,4.64521799585782e-05,0.9997128844261169,0.0002000021340791136,1.052016614266904e-05
/Users/aswanathjs/Downloads/test9/ai_plastic_waste_management_training/LDPE Plastic/plastic_bags/train_LDPE-66_jpg.rf.8fcb6cd14ee5d114c2d62f7866505c2d.jpg,1,LDPE Plastic,1,LDPE Plastic,0.9995390176773071,1.1539332263055257e-06,0.9995390176773071,0.0004550133307930082,2.3236050310515566e-06,2.42290889218566e-06
/Users/aswanathjs/Downloads/test9/ai_plastic_waste_management_training/HDPE Plastic/milk_bottles/HDPEM578.JPG,0,HDPE Plastic,0,HDPE Plastic,1.0,1.0,2.0100464261790796e-12,1.8742610241595514e-10,3.3139715971408634e-10,2.2012100475699015e-11
/Users/aswanathjs/Downloads/test9/ai_plastic_waste_management_training/PP Plastic/square_containers_grey/Image_74.png,3,PP Plastic,3,PP Plastic,0.9961599111557007,0.00010560769442236051,0.0036612157709896564,2.7935844627791084e-05,0.9961599111557007,4.533682658802718e-05
/Users/aswanathjs/Downloads/test9/ai_plastic_waste_management_training/PP Plastic/square_containers/Image_74.png,3,PP Plastic,3,PP Plastic,0.9893044233322144,0.0005125055322423577,0.009764404036104679,0.00012818246614187956,0.9893044233322144,0.0002905104774981737
/Users/aswanathjs/Downloads/test9/ai_plastic_waste_management_training/PS Plastic/foam_containers/Image_74.png,3,PP Plastic,3,PP Plastic,0.4363180994987488,0.040711503475904465,0.11499734967947006,0.007698578294366598,0.4363180994987488,0.40027451515197754
/Users/aswanathjs/Downloads/test9/ai_plastic_waste_management_training/PP Plastic/round_containers/IMG_20220209_173335.jpg,3,PP Plastic,3,PP Plastic,0.9999773502349854,3.2994287266774336e-06,1.1299882316961884e-05,7.458188520104159e-06,0.9999773502349854,5.299802978697699e-07
/Users/aswanathjs/Downloads/test9/ai_plastic_waste_management_training/LDPE Plastic/plastic_bags/plasticbag (200) 17.43.56.jpg,1,LDPE Plastic,1,LDPE Plastic,0.9960705041885376,0.0017919745296239853,0.9960705041885376,0.0016282078577205539,0.000248936761636287,0.0002604041947051883
"/Users/aswanathjs/Downloads/test9/ai_plastic_waste_management_training/PET Plastic/plastic_bottles/PET1,144.jpg",2,PET Plastic,2,PET Plastic,0.9999698400497437,4.2136301203754556e-07,2.7328291253070347e-05,0.9999698400497437,1.7804450180847198e-06,6.053974743736035e-07
/Users/aswanathjs/Downloads/test9/ai_plastic_waste_management_training/PS Plastic/foam_containers/0058_a06b01c1d3e0f0g0h4.jpg,4,PS Plastic,4,PS Plastic,0.9998084902763367,5.477149170474149e-05,6.052662229194539e-07,3.2423133234260604e-05,0.00010363526234868914,0.9998084902763367
/Users/aswanathjs/Downloads/test9/ai_plastic_waste_management_training/LDPE Plastic/plastic_bags/LDPE-537_jpg.rf.83ecf1c82cca9cb78f569b07e500c87c.jpg,1,LDPE Plastic,1,LDPE Plastic,0.9996922016143799,2.6364070436102338e-05,0.9996922016143799,4.785398778039962e-05,0.00020322132331784815,3.0462610084214248e-05
/Users/aswanathjs/Downloads/test9/ai_plastic_waste_management_training/PET Plastic/black_white_plastic_bottles/chuql_jpg.rf.b6c1d6870fe9d658b8bbf4a4214ee8c3.jpg,2,PET Plastic,2,PET Plastic,0.9999986886978149,4.973215936843189e-07,2.0625547847430425e-07,0.9999986886978149,3.1171668979368405e-07,3.5618489846456214e-07
/Users/aswanathjs/Downloads/test9/ai_plastic_waste_management_training/PS Plastic/foam_containers/0058_a06b01c1d2e0f0g0h3.jpg,4,PS Plastic,4,PS Plastic,0.9943888783454895,0.005259774159640074,1.4001439012645278e-06,1.4314655345515348e-05,0.00033558456925675273,0.9943888783454895
/Users/aswanathjs/Downloads/test9/ai_plastic_waste_management_training/PP Plastic/round_containers/0044_a06b01c1d0e0f0g0h2.jpg,3,PP Plastic,3,PP Plastic,0.9997225403785706,2.3095322831068188e-05,7.999238732736558e-06,0.0002256588195450604,0.9997225403785706,2.073422547255177e-05
/Users/aswanathjs/Downloads/test9/ai_plastic_waste_management_training/LDPE Plastic/plastic_bags/plasticbag (184).jpg,1,LDPE Plastic,1,LDPE Plastic,0.9999308586120605,2.4069879600574495e-06,0.9999308586120605,2.9386246751528233e-05,2.6913434339803644e-05,1.043712836690247e-05
/Users/aswanathjs/Downloads/test9/ai_plastic_waste_management_training/HDPE Plastic/detergent_bottles/0039_a02b01c1d0e0f1g0h4.jpg,0,HDPE Plastic,0,HDPE Plastic,0.9999995231628418,0.9999995231628418,3.104932144726291e-10,4.481952373680542e-07,4.330510172678714e-09,2.3556112616063274e-10
/Users/aswanathjs/Downloads/test9/ai_plastic_waste_management_training/PET Plastic/plastic_bottles/PET379.jpg,2,PET Plastic,2,PET Plastic,0.9999966621398926,9.984307780541712e-07,1.512804828962544e-06,0.9999966621398926,6.888031975904596e-07,1.7517415074053133e-07
/Users/aswanathjs/Downloads/test9/ai_plastic_waste_management_training/HDPE Plastic/shampoo_bottles/0077_a02b01c1d0e0f1g0h3.jpg,0,HDPE Plastic,0,HDPE Plastic,0.999904990196228,0.999904990196228,1.013919586512202e-06,7.166765135480091e-05,1.7873240722110495e-05,4.582962446875172e-06
/Users/aswanathjs/Downloads/test9/ai_plastic_waste_management_training/PET Plastic/black_white_plastic_bottles/cfkyw_jpg.rf.6d5c6c2daeb7735fbfe3a99424ffa58d.jpg,2,PET Plastic,2,PET Plastic,0.9999984502792358,1.4388510862772819e-06,5.8625166943215845e-09,0.9999984502792358,1.689290769490981e-07,2.5178723106478174e-08
/Users/aswanathjs/Downloads/test9/ai_plastic_waste_management_training/LDPE Plastic/plastic_bags/LDPE-319_jpg.rf.af2e37d28d1cc6ee97fece864691c83a.jpg,1,LDPE Plastic,1,LDPE Plastic,0.9999809265136719,5.020959292778571e-07,0.9999809265136719,2.2562976482731756e-06,3.0090725431364262e-06,1.329752012679819e-05
/Users/aswanathjs/Downloads/test9/ai_plastic_waste_management_training/PP Plastic/round_containers/0031_a05b01c2d3e0f0g0h4.jpg,3,PP Plastic,3,PP Plastic,0.9998422861099243,2.971175308630336e-05,8.608654752606526e-05,3.8339690945576876e-05,0.9998422861099243,3.630612354754703e-06
"/Users/aswanathjs/Downloads/test9/ai_plastic_waste_management_training/PET Plastic/plastic_bottles/PET1,209.jpg",2,PET Plastic,2,PET Plastic,0.9999960660934448,3.4525609038382754e-08,2.729203515627887e-06,0.9999960660934448,1.1462001339168637e-06,1.1762888441069208e-08
/Users/aswanathjs/Downloads/test9/ai_plastic_waste_management_training/HDPE Plastic/detergent_bottles/Image_181.png,0,HDPE Plastic,0,HDPE Plastic,1.0,1.0,3.4580571912912195e-12,5.516919143744303e-10,1.6732584762202407e-10,4.89518473499595e-13
/Users/aswanathjs/Downloads/test9/ai_plastic_waste_management_training/PS Plastic/foam_containers/Image_181.png,0,HDPE Plastic,3,PP Plastic,0.46354883909225464,0.07191087305545807,0.09279999136924744,0.007344619370996952,0.46354883909225464,0.36439576745033264
/Users/aswanathjs/Downloads/test9/ai_plastic_waste_management_training/LDPE Plastic/plastic_bags/plasticbag (204) 17.43.56.jpg,1,LDPE Plastic,1,LDPE Plastic,0.999953031539917,2.0161252905381843e-05,0.999953031539917,6.837478849774925e-06,1.7365857274853624e-05,2.523953526178957e-06
/Users/aswanathjs/Downloads/test9/ai_plastic_waste_management_training/PET Plastic/plastic_bottles/PET631.jpg,2,PET Plastic,2,PET Plastic,0.9999772310256958,1.1039229548259755e-06,1.2433335996320238e-06,0.9999772310256958,1.988332405744586e-05,5.974741270620143e-07
/Users/aswanathjs/Downloads/test9/ai_plastic_waste_management_training/PET Plastic/plastic_bottles/PET308.jpg,2,PET Plastic,2,PET Plastic,1.0,3.678984583643796e-08,8.154539266058691e-09,1.0,5.0671648210709463e-08,1.772177404824049e-10
/Users/aswanathjs/Downloads/test9/ai_plastic_waste_management_training/PP Plastic/round_containers/0009_a06b01c1d1e0f0g0h3.jpg,3,PP Plastic,3,PP Plastic,0.9997647404670715,0.00021315761841833591,9.136243193097471e-07,1.777773468347732e-05,0.9997647404670715,3.4098145533789648e-06
/Users/aswanathjs/Downloads/test9/ai_plastic_waste_management_training/LDPE Plastic/plastic_bags/plasticbag (168).jpg,1,LDPE Plastic,1,LDPE Plastic,0.9997419714927673,8.94117692951113e-06,0.9997419714927673,1.3506441064237151e-05,0.0002056049124803394,3.0038108889129944e-05
/Users/aswanathjs/Downloads/test9/ai_plastic_waste_management_training/PP Plastic/round_containers/IMG_20220209_172652.jpg,3,PP Plastic,3,PP Plastic,0.9999920129776001,6.843433197900595e-08,5.321702701621689e-06,2.293712896062061e-06,0.9999920129776001,2.97565264872901e-07
/Users/aswanathjs/Downloads/test9/ai_plastic_waste_management_training/PET Plastic/black_white_plastic_bottles/bxyri_jpg.rf.8c29d95bb7f65fcda3b822e338fc3896.jpg,2,PET Plastic,2,PET Plastic,0.9999934434890747,4.0586714931123424e-06,1.0191372723511449e-07,0.9999934434890747,1.4546054671882303e-06,9.323814538220176e-07
/Users/aswanathjs/Downloads/test9/ai_plastic_waste_management_training/LDPE Plastic/plastic_bags/plasticbag (87).jpg,1,LDPE Plastic,1,LDPE Plastic,0.9999961853027344,7.307900773412257e-08,0.9999961853027344,3.0858331001581973e-07,3.1600739021087065e-06,2.311109454922189e-07
/Users/aswanathjs/Downloads/test9/ai_plastic_waste_management_training/LDPE Plastic/black_white__plastic_bags/0042_jpg.rf.4cf723737085255db24bde1708ce4d23.jpg,1,LDPE Plastic,1,LDPE Plastic,0.9992594122886658,0.00013718183618038893,0.9992594122886658,0.0003377057146281004,0.000204772426513955,6.09136295679491e-05
/Users/aswanathjs/Downloads/test9/ai_plastic_waste_management_training/LDPE Plastic/plastic_bags/LDPE-106_jpg.rf.f4578063726485c1e6947d09ce6a3746.jpg,1,LDPE Plastic,1,LDPE Plastic,0.9999052286148071,6.9085554059711285e-06,0.9999052286148071,4.277282641851343e-06,4.075521064805798e-05,4.27564955316484e-05
/Users/aswanathjs/Downloads/test9/ai_plastic_waste_management_training/PET Plastic/shampoo_bottles/0100_a05b00c1d2e0f0g0h4.jpg,2,PET Plastic,2,PET Plastic,0.9998493194580078,3.3035699743777514e-05,1.0647271665220615e-05,0.9998493194580078,0.00010368081711931154,3.348932523294934e-06
/Users/aswanathjs/Downloads/test9/ai_plastic_waste_management_training/PP Plastic/round_containers/Image_242.png,3,PP Plastic,3,PP Plastic,0.9665038585662842,0.0032915605697780848,0.012411839328706264,0.014935428276658058,0.9665038585662842,0.0028573868330568075
/Users/aswanathjs/Downloads/test9/ai_plastic_waste_management_training/PS Plastic/foam_containers/Image_242.png,3,PP Plastic,3,PP Plastic,0.9895668625831604,0.0007321382872760296,0.004432004410773516,0.0002347851695958525,0.9895668625831604,0.0050342148169875145
/Users/aswanathjs/Downloads/test9/ai_plastic_waste_management_training/HDPE Plastic/detergent_bottles/0010_a02b01c2d0e0f1g0h1.jpg,0,HDPE Plastic,0,HDPE Plastic,0.9935362339019775,0.9935362339019775,4.561630248645088e-06,0.006252748891711235,0.00019961786165367812,6.9113671088416595e-06
/Users/aswanathjs/Downloads/test9/ai_plastic_waste_management_training/LDPE Plastic/plastic_bags/LDPE-253_jpg.rf.8eeed4d6ddb02ae0f2dc8504754e2c37.jpg,1,LDPE Plastic,1,LDPE Plastic,0.9996246099472046,7.267135970323579e-06,0.9996246099472046,0.00022111261205282062,6.0919617681065574e-05,8.615303522674367e-05
/Users/aswanathjs/Downloads/test9/ai_plastic_waste_management_training/LDPE Plastic/plastic_bags/plasticbag (206) 17.43.56.jpg,1,LDPE Plastic,1,LDPE Plastic,0.99993896484375,1.646217242523562e-05,0.99993896484375,1.8739528968581e-05,1.2152783710916992e-05,1.3673610737896524e-05
/Users/aswanathjs/Downloads/test9/ai_plastic_waste_management_training/LDPE Plastic/black_white__plastic_bags/0137_jpg.rf.f92753e05ff11c3e94e707c8a3ad56f4.jpg,1,LDPE Plastic,1,LDPE Plastic,0.9999980926513672,1.0605408107267067e-07,0.9999980926513672,1.1751615858202058e-07,2.2988457715200639e-07,1.4243501027522143e-06
"/Users/aswanathjs/Downloads/test9/ai_plastic_waste_management_training/HDPE Plastic/milk_bottles/HDPEM1,028.JPG",0,HDPE Plastic,0,HDPE Plastic,0.9999980926513672,0.9999980926513672,1.3295443912486604e-10,1.8606317553349072e-06,1.1278846301365775e-08,6.1291851594091895e-09
/Users/aswanathjs/Downloads/test9/ai_plastic_waste_management_training/LDPE Plastic/plastic_bags/plasticbag (86).jpg,1,LDPE Plastic,1,LDPE Plastic,0.9999064207077026,4.0740145777817816e-05,0.9999064207077026,1.4104904266787344e-06,2.925519584096037e-05,2.2222775442060083e-05
/Users/aswanathjs/Downloads/test9/ai_plastic_waste_management_training/PET Plastic/black_white_plastic_bottles/bzhgf_jpg.rf.66b7133b3e949d055927c935f47dd537.jpg,2,PET Plastic,2,PET Plastic,0.9999992847442627,6.477930014625599e-07,3.328974074179314e-08,0.9999992847442627,7.746754349113871e-09,2.84284809026758e-08
/Users/aswanathjs/Downloads/test9/ai_plastic_waste_management_training/LDPE Plastic/plastic_bags/plasticbag (51).jpg,1,LDPE Plastic,1,LDPE Plastic,0.9998955726623535,1.6232673942795373e-06,0.9998955726623535,5.9785110352095217e-05,1.3422170013654977e-05,2.9555749279097654e-05
/Users/aswanathjs/Downloads/test9/ai_plastic_waste_management_training/PET Plastic/shampoo_bottles/0015_a05b00c2d1e1f1g0h4.jpg,2,PET Plastic,2,PET Plastic,0.9998800754547119,4.4985241402173415e-05,1.5943770677040447e-06,0.9998800754547119,6.957974983379245e-05,3.7961638099659467e-06
/Users/aswanathjs/Downloads/test9/ai_plastic_waste_management_training/HDPE Plastic/shampoo_bottles/0075_a02b01c2d2e0f0g0h4.jpg,0,HDPE Plastic,0,HDPE Plastic,0.9999744892120361,0.9999744892120361,6.14070074789197e-07,1.6701933418517e-06,2.2184902263688855e-05,1.0955328662021202e-06
/Users/aswanathjs/Downloads/test9/ai_plastic_waste_management_training/HDPE Plastic/milk_bottles/HDPEM237.jpg,0,HDPE Plastic,0,HDPE Plastic,0.9999998807907104,0.9999998807907104,1.136493052444898e-10,1.784124137316212e-08,7.06449512222207e-08,7.611684060826462e-10
/Users/aswanathjs/Downloads/test9/ai_plastic_waste_management_training/PS Plastic/foam_sheets/PS-847_jpg.rf.cb27aa7ea11220268ad1992fe46ed8d1.jpg,4,PS Plastic,4,PS Plastic,1.0,3.897106637396064e-09,7.559652903665892e-11,2.461241488393995e-10,1.1844016045703398e-10,1.0
/Users/aswanathjs/Downloads/test9/ai_plastic_waste_management_training/PS Plastic/foam_sheets/PS-791_jpg.rf.5e4f77251dd72bd862664be3a8d4301e.jpg,4,PS Plastic,4,PS Plastic,0.9999622106552124,8.513686225342099e-06,4.718359832622809e-06,3.1945269256539177e-06,2.136522925866302e-05,0.9999622106552124
/Users/aswanathjs/Downloads/test9/ai_plastic_waste_management_training/PET Plastic/shampoo_bottles/0050_a05b00c1d0e1f1g0h1.jpg,2,PET Plastic,2,PET Plastic,0.9999997615814209,2.0941146772202046e-07,3.661341008154295e-09,0.9999997615814209,1.9254025040993383e-09,9.647963539194393e-10
/Users/aswanathjs/Downloads/test9/ai_plastic_waste_management_training/LDPE Plastic/black_white__plastic_bags/0267_jpg.rf.8460d76bd44dd351f132c97c25e204e3.jpg,1,LDPE Plastic,1,LDPE Plastic,0.9999963045120239,2.671152117272868e-07,0.9999963045120239,9.81400944510824e-07,6.609072329410992e-07,1.7358667037115083e-06
/Users/aswanathjs/Downloads/test9/ai_plastic_waste_management_training/LDPE Plastic/bubble_wrap/train_LDPE-83_jpg.rf.fe50b5acfd4114360ab6f1021e88f3bd.jpg,1,LDPE Plastic,1,LDPE Plastic,0.9999997615814209,6.330949986477208e-09,0.9999997615814209,1.9314107646550838e-07,4.832509059582435e-09,6.561050014397551e-08
"/Users/aswanathjs/Downloads/test9/ai_plastic_waste_management_training/PET Plastic/plastic_bottles/PET1,369.jpg",2,PET Plastic,2,PET Plastic,0.9999860525131226,3.1086267426871927e-06,4.480667570305741e-08,0.9999860525131226,1.0738276614574715e-05,9.32082500071374e-08
/Users/aswanathjs/Downloads/test9/ai_plastic_waste_management_training/LDPE Plastic/plastic_bags/train_LDPE-14_jpg.rf.a876535eec566939f48f88ce038d9266.jpg,1,LDPE Plastic,1,LDPE Plastic,0.9999927282333374,1.96988980860624e-06,0.9999927282333374,2.3692189188295742e-06,2.5909052965289447e-06,2.930527784883452e-07
/Users/aswanathjs/Downloads/test9/ai_plastic_waste_management_training/PP Plastic/round_containers/0035_a06b01c1d2e0f0g0h2.jpg,3,PP Plastic,3,PP Plastic,0.9995230436325073,0.00042787237907759845,9.494429832557216e-06,2.6516663638176396e-05,0.9995230436325073,1.3047497304796707e-05
/Users/aswanathjs/Downloads/test9/ai_plastic_waste_management_training/PP Plastic/round_containers_grey/0035_a06b01c1d2e0f0g0h2.jpg,3,PP Plastic,3,PP Plastic,0.9989756345748901,0.0010071615688502789,8.276345397462137e-06,5.032587978348602e-06,0.9989756345748901,3.9186288631754e-06
/Users/aswanathjs/Downloads/test9/ai_plastic_waste_management_training/HDPE Plastic/milk_bottles/HDPEM576.JPG,0,HDPE Plastic,0,HDPE Plastic,1.0,1.0,4.908248286972228e-12,2.1756347834411827e-08,9.039539082544845e-12,4.35517594210566e-11
/Users/aswanathjs/Downloads/test9/ai_plastic_waste_management_training/LDPE Plastic/bin_bags/Image_10.png,1,LDPE Plastic,1,LDPE Plastic,0.9976807832717896,0.0006873804377391934,0.9976807832717896,0.00046730993199162185,0.0011024256236851215,6.205346289789304e-05
/Users/aswanathjs/Downloads/test9/ai_plastic_waste_management_training/LDPE Plastic/bin_bags_grey/Image_10.png,1,LDPE Plastic,1,LDPE Plastic,0.9957771301269531,0.001765721826814115,0.9957771301269531,0.0008002349059097469,0.0015785672003403306,7.832649862393737e-05
/Users/aswanathjs/Downloads/test9/ai_plastic_waste_management_training/PS Plastic/foam_containers/Image_10.png,1,LDPE Plastic,1,LDPE Plastic,0.526560366153717,0.032015684992074966,0.526560366153717,0.008676901459693909,0.2877062261104584,0.1450408399105072
/Users/aswanathjs/Downloads/test9/ai_plastic_waste_management_training/HDPE Plastic/detergent_bottles/0010_a02b01c1d3e0f1g0h1.jpg,0,HDPE Plastic,0,HDPE Plastic,0.9999978542327881,0.9999978542327881,3.137260407015674e-08,5.005099978916405e-07,1.5026695336928242e-06,6.878347846850374e-08
/Users/aswanathjs/Downloads/test9/ai_plastic_waste_management_training/PP Plastic/square_containers/IMG_20220209_175433.jpg,3,PP Plastic,3,PP Plastic,0.9999868869781494,1.2782542398781516e-05,7.85676235182109e-08,1.5760505789330637e-07,0.9999868869781494,5.990587936821612e-08
/Users/aswanathjs/Downloads/test9/ai_plastic_waste_management_training/PS Plastic/foam_containers/styrofoam-6-_jpg.rf.3ff80f8b896c6df2923dce53f0c2db16.jpg,4,PS Plastic,4,PS Plastic,0.6226829886436462,0.0025200399104505777,0.01129202637821436,0.0033734822645783424,0.36013147234916687,0.6226829886436462
/Users/aswanathjs/Downloads/test9/ai_plastic_waste_management_training/HDPE Plastic/milk_bottles/HDPEM33.jpg,0,HDPE Plastic,0,HDPE Plastic,0.9999465942382812,0.9999465942382812,3.6846466855422477e-07,5.290490298648365e-05,1.4741488030267647e-07,2.399442067257951e-08
/Users/aswanathjs/Downloads/test9/ai_plastic_waste_management_training/HDPE Plastic/milk_bottles_grey/HDPEM33.jpg,0,HDPE Plastic,0,HDPE Plastic,0.9949862957000732,0.9949862957000732,6.0230457165744156e-05,0.004947085399180651,1.4324710946311825e-06,5.006642822991125e-06
"/Users/aswanathjs/Downloads/test9/ai_plastic_waste_management_training/PET Plastic/plastic_bottles/PET1,102.jpg",2,PET Plastic,2,PET Plastic,0.9999973773956299,8.285353914061488e-08,1.5498216043852153e-06,0.9999973773956299,9.604312936062342e-07,4.256199304109032e-08
/Users/aswanathjs/Downloads/test9/ai_plastic_waste_management_training/PET Plastic/black_white_plastic_bottles/arzcn_jpg.rf.c4661e68ec2e12269599fae5dfd497c6.jpg,2,PET Plastic,2,PET Plastic,0.9999910593032837,8.80343941389583e-06,5.638070305763465e-12,0.9999910593032837,1.4398266046100616e-07,2.0035187051070658e-11
/Users/aswanathjs/Downloads/test9/ai_plastic_waste_management_training/PP Plastic/rectangle_containers/0011_a05b00c1d3e0f0g0h1.jpg,3,PP Plastic,3,PP Plastic,0.9999890327453613,2.0147017494309694e-06,7.955403020787344e-07,7.3462324508000165e-06,0.9999890327453613,7.268610033861478e-07
/Users/aswanathjs/Downloads/test9/ai_plastic_waste_management_training/PP Plastic/square_containers/0011_a05b00c1d3e0f0g0h1.jpg,3,PP Plastic,3,PP Plastic,0.9999890327453613,2.0147017494309694e-06,7.955403020787344e-07,7.3462324508000165e-06,0.9999890327453613,7.268610033861478e-07
/Users/aswanathjs/Downloads/test9/ai_plastic_waste_management_training/HDPE Plastic/milk_bottles/HDPEM5.jpg,0,HDPE Plastic,0,HDPE Plastic,0.9999970197677612,0.9999970197677612,2.761931350292457e-09,4.5402254045256996e-07,5.047202122909766e-08,2.4483888410031796e-06
/Users/aswanathjs/Downloads/test9/ai_plastic_waste_management_training/PET Plastic/shampoo_bottles/0050_a05b00c2d1e1f1g0h1.jpg,2,PET Plastic,2,PET Plastic,0.9999984502792358,1.4361571629706305e-06,5.565437533050499e-08,0.9999984502792358,4.258087571429314e-08,1.0871804789758244e-08
/Users/aswanathjs/Downloads/test9/ai_plastic_waste_management_training/PET Plastic/shampoo_bottles/0015_a05b00c1d1e1f1g0h4.jpg,2,PET Plastic,2,PET Plastic,0.9993222951889038,0.00032710155937820673,1.1266275578236673e-05,0.9993222951889038,0.0003207885893061757,1.856478411355056e-05
/Users/aswanathjs/Downloads/test9/ai_plastic_waste_management_training/LDPE Plastic/bubble_wrap/LDPE-91_jpg.rf.915815c1413d6cdea49535a8432b63b7.jpg,1,LDPE Plastic,1,LDPE Plastic,0.9999926090240479,1.2769847046456562e-07,0.9999926090240479,6.51146592645091e-06,1.376238998318513e-07,6.410011224033951e-07
/Users/aswanathjs/Downloads/test9/ai_plastic_waste_management_training/LDPE Plastic/bubble_wrap/LDPE-91_jpg.rf.34bb125c36626877982abec0935eb1d2.jpg,1,LDPE Plastic,1,LDPE Plastic,0.9999744892120361,3.006568931596121e-06,0.9999744892120361,1.64963257702766e-05,3.722689370988519e-06,2.357179482714855e-06
/Users/aswanathjs/Downloads/test9/ai_plastic_waste_management_training/PP Plastic/irregular_containers/test_PP-6_jpg.rf.e9c7aab583a3e22396ac160a86c7d405.jpg,3,PP Plastic,3,PP Plastic,0.9995506405830383,3.0633586902695242e-06,0.00033383708796463907,3.327752710902132e-05,0.9995506405830383,7.916872709756717e-05
/Users/aswanathjs/Downloads/test9/ai_plastic_waste_management_training/LDPE Plastic/bubble_wrap_grey/LDPE-77_jpg.rf.d66469f05d460c88c6a1a36949f21e3c.jpg,1,LDPE Plastic,1,LDPE Plastic,0.9999995231628418,1.0321283383518676e-08,0.9999995231628418,1.8466434426045453e-07,2.5678785320337738e-08,2.3761964484947384e-07
/Users/aswanathjs/Downloads/test9/ai_plastic_waste_management_training/LDPE Plastic/bubble_wrap/LDPE-77_jpg.rf.d66469f05d460c88c6a1a36949f21e3c.jpg,1,LDPE Plastic,1,LDPE Plastic,0.9999994039535522,9.403403611329963e-10,0.9999994039535522,5.841549182150629e-07,2.8134858887085556e-09,2.023393008698804e-08
/Users/aswanathjs/Downloads/test9/ai_plastic_waste_management_training/PET Plastic/black_white_plastic_bottles/aypnv_jpg.rf.b4cc678e17903950b162937b75035db4.jpg,2,PET Plastic,2,PET Plastic,0.9999964237213135,1.2932978279422969e-06,5.668760536536865e-07,0.9999964237213135,1.1055813047278207e-06,5.892464969292632e-07
/Users/aswanathjs/Downloads/test9/ai_plastic_waste_management_training/PS Plastic/foam_sheets/Plastic_374_jpg.rf.7c9b707893e204933fb8037c1a830167.jpg,4,PS Plastic,4,PS Plastic,0.9998549222946167,7.461455243173987e-05,6.78600772516802e-05,1.8265117205373826e-06,7.661641348022386e-07,0.9998549222946167
/Users/aswanathjs/Downloads/test9/ai_plastic_waste_management_training/PS Plastic/form_sheets_grey/Plastic_374_jpg.rf.7c9b707893e204933fb8037c1a830167.jpg,4,PS Plastic,4,PS Plastic,0.9981210827827454,0.00022236038057599217,0.0016451500123366714,6.549767476826673e-06,4.7630987864977214e-06,0.9981210827827454
/Users/aswanathjs/Downloads/test9/ai_plastic_waste_management_training/PET Plastic/black_white_plastic_bottles/clxev_jpg.rf.06e5e02bf5366d2d7be3947593572ca2.jpg,2,PET Plastic,2,PET Plastic,0.9999884366989136,8.937941856856924e-06,5.916924692428438e-07,0.9999884366989136,1.5164192745942273e-06,4.922238190374628e-07
/Users/aswanathjs/Downloads/test9/ai_plastic_waste_management_training/HDPE Plastic/detergent_bottles/0039_a02b01c1d0e0f1g0h3.jpg,0,HDPE Plastic,0,HDPE Plastic,0.9999996423721313,0.9999996423721313,1.0805755595866273e-10,3.7551509990407794e-07,1.0412597006848046e-08,2.592176195914675e-10
/Users/aswanathjs/Downloads/test9/ai_plastic_waste_management_training/PS Plastic/foam_sheets/PS-598_jpg.rf.bf94cc5f042d582ff2fb487a57b0adab.jpg,4,PS Plastic,4,PS Plastic,0.9999991655349731,4.7123756985456566e-07,2.9413064339678385e-07,3.633450873508082e-08,4.1239037074092266e-08,0.9999991655349731
/Users/aswanathjs/Downloads/test9/ai_plastic_waste_management_training/PS Plastic/form_sheets_grey/PS-598_jpg.rf.bf94cc5f042d582ff2fb487a57b0adab.jpg,4,PS Plastic,4,PS Plastic,0.9999991655349731,4.787758030033729e-07,2.732348889367131e-07,5.823761739520705e-08,2.9407356549882024e-08,0.9999991655349731
/Users/aswanathjs/Downloads/test9/ai_plastic_waste_management_training/HDPE Plastic/milk_bottles/HDPEM560.JPG,0,HDPE Plastic,0,HDPE Plastic,1.0,1.0,8.569310191997026e-12,2.4054813252405438e-08,5.062655156207185e-11,9.012050827816864e-11
/Users/aswanathjs/Downloads/test9/ai_plastic_waste_management_training/LDPE Plastic/plastic_bags/plasticbag (46).jpg,1,LDPE Plastic,1,LDPE Plastic,0.9997169375419617,2.4227871108450927e-05,0.9997169375419617,5.093457002658397e-05,0.00020160945132374763,6.242243216547649e-06
/Users/aswanathjs/Downloads/test9/ai_plastic_waste_management_training/HDPE Plastic/shampoo_bottles/0061_a02b01c2d2e0f1g0h0.jpg,0,HDPE Plastic,0,HDPE Plastic,1.0,1.0,3.2736294144214417e-12,5.762939778164444e-11,4.440134024341624e-11,6.3398474837994545e-12
"/Users/aswanathjs/Downloads/test9/ai_plastic_waste_management_training/PET Plastic/plastic_bottles/PET1,288.jpg",2,PET Plastic,2,PET Plastic,0.9999822378158569,1.3154090083844494e-05,2.570563765402767e-06,0.9999822378158569,1.6537102283109562e-06,4.3948440975327685e-07
/Users/aswanathjs/Downloads/test9/ai_plastic_waste_management_training/PET Plastic/black_white_plastic_bottles/bhuzk_jpg.rf.3868bdbb5e5ba127ce9b36e9dfb53e94.jpg,2,PET Plastic,2,PET Plastic,0.9999995231628418,7.915841138128599e-08,4.194683711489233e-08,0.9999995231628418,2.879962153201632e-07,1.5199210778860106e-08
/Users/aswanathjs/Downloads/test9/ai_plastic_waste_management_training/LDPE Plastic/plastic_bags/plasticbag (175).jpg,1,LDPE Plastic,1,LDPE Plastic,0.9999010562896729,1.8508675566408783e-05,0.9999010562896729,2.923633928730851e-06,5.956479435553774e-05,1.78983282239642e-05
/Users/aswanathjs/Downloads/test9/ai_plastic_waste_management_training/PP Plastic/round_containers/Image_222.png,3,PP Plastic,3,PP Plastic,0.9832597970962524,0.0004894955200143158,0.014182060956954956,0.0006600008928216994,0.9832597970962524,0.001408656476996839
/Users/aswanathjs/Downloads/test9/ai_plastic_waste_management_training/PS Plastic/foam_containers/Image_222.png,3,PP Plastic,3,PP Plastic,0.9726555943489075,0.00543334661051631,0.008622379042208195,0.0016810506349429488,0.9726555943489075,0.011607670225203037
/Users/aswanathjs/Downloads/test9/ai_plastic_waste_management_training/HDPE Plastic/milk_bottles/HDPEM379.jpg,0,HDPE Plastic,0,HDPE Plastic,0.99986732006073,0.99986732006073,1.0161896170757245e-05,5.400502777774818e-05,6.344072608044371e-05,5.006658739148406e-06
/Users/aswanathjs/Downloads/test9/ai_plastic_waste_management_training/PS Plastic/foam_sheets/IMG_9382_JPG.rf.2e58780011c7f1823dd651bb9d096a92.jpg,4,PS Plastic,4,PS Plastic,0.9999998807907104,4.9867402651671e-08,8.859983324782661e-08,5.444201178761432e-08,6.552030473727655e-09,0.9999998807907104
/Users/aswanathjs/Downloads/test9/ai_plastic_waste_management_training/PS Plastic/foam_sheets/IMG_9382_JPG.rf.0146aab836c2b5929cefcef9bda8795e.jpg,4,PS Plastic,4,PS Plastic,0.9999998807907104,1.037683858839955e-07,6.568447119548182e-09,5.2957467744363385e-08,1.5585287727049035e-08,0.9999998807907104
/Users/aswanathjs/Downloads/test9/ai_plastic_waste_management_training/PS Plastic/foam_sheets/IMG_9382_JPG.rf.1bb8c48b13b03520409e0ed2f264feac.jpg,4,PS Plastic,4,PS Plastic,0.9999517202377319,1.9089724446530454e-05,8.906496987037826e-06,1.566771425132174e-05,4.677406195696676e-06,0.9999517202377319
/Users/aswanathjs/Downloads/test9/ai_plastic_waste_management_training/PS Plastic/foam_containers/plastic-25-_jpg.rf.ecbfd6ae6049fae35058910b4c667702.jpg,4,PS Plastic,4,PS Plastic,0.9956346154212952,0.0030526439659297466,0.0004315521218813956,0.0002097527467412874,0.0006714177434332669,0.9956346154212952
/Users/aswanathjs/Downloads/test9/ai_plastic_waste_management_training/LDPE Plastic/plastic_bags/LDPE-197_jpg.rf.faf242034ca59e2c49ef45382e1314db.jpg,1,LDPE Plastic,1,LDPE Plastic,0.9997279047966003,7.460218967025867e-06,0.9997279047966003,6.740784010617062e-05,0.00018313254986424,1.4075131730351131e-05
/Users/aswanathjs/Downloads/test9/ai_plastic_waste_management_training/PET Plastic/shampoo_bottles/0080_a05b00c1d1e0f1g0h2.jpg,2,PET Plastic,2,PET Plastic,0.9999748468399048,3.5613172713055974e-06,5.280626282910816e-06,0.9999748468399048,1.009366587823024e-05,6.248589670576621e-06
"/Users/aswanathjs/Downloads/test9/ai_plastic_waste_management_training/PET Plastic/plastic_bottles/PET1,716.jpg",2,PET Plastic,2,PET Plastic,0.9999710321426392,4.8327833610528614e-06,3.70564066543011e-07,0.9999710321426392,2.350285831198562e-05,2.5496126454527257e-07
/Users/aswanathjs/Downloads/test9/ai_plastic_waste_management_training/HDPE Plastic/shampoo_bottles/0023_a02b01c2d2e0f1g0h4.jpg,0,HDPE Plastic,0,HDPE Plastic,0.9999998807907104,0.9999998807907104,3.7789249507369504e-10,7.337187923894817e-08,6.077126801784516e-09,4.46119940988865e-09
/Users/aswanathjs/Downloads/test9/ai_plastic_waste_management_training/PS Plastic/foam_containers/Image_4.png,4,PS Plastic,4,PS Plastic,0.5618867874145508,0.02613142319023609,0.07346095889806747,0.006024942733347416,0.33249592781066895,0.5618867874145508
/Users/aswanathjs/Downloads/test9/ai_plastic_waste_management_training/HDPE Plastic/shampoo_bottles/0075_a02b01c2d1e0f0g0h2.jpg,0,HDPE Plastic,0,HDPE Plastic,0.9999827146530151,0.9999827146530151,3.506999348701356e-07,3.6737637856276706e-06,9.796600352274254e-06,3.4018260066659423e-06
/Users/aswanathjs/Downloads/test9/ai_plastic_waste_management_training/PP Plastic/irregular_containers/train_PP-92_jpg.rf.5f472e8c84612e55a130776ea1494b21.jpg,3,PP Plastic,3,PP Plastic,0.9999738931655884,4.44150515477304e-07,1.7688937077764422e-05,7.080721843522042e-06,0.9999738931655884,9.304943660026765e-07
/Users/aswanathjs/Downloads/test9/ai_plastic_waste_management_training/HDPE Plastic/milk_bottles/HDPEM70.jpg,0,HDPE Plastic,0,HDPE Plastic,1.0,1.0,9.001824459453633e-12,3.3551166289669254e-09,1.207947342152238e-08,8.274434609711889e-11
/Users/aswanathjs/Downloads/test9/ai_plastic_waste_management_training/PP Plastic/round_containers/0035_a06b01c2d3e0f0g0h0.jpg,3,PP Plastic,3,PP Plastic,0.9997147917747498,0.00012117526057409123,4.905794412479736e-05,7.292942609637976e-05,0.9997147917747498,4.2015901271952316e-05
/Users/aswanathjs/Downloads/test9/ai_plastic_waste_management_training/LDPE Plastic/plastic_bags/LDPE-335_jpg.rf.c657126f85ac684b8a51d0e9ed4b6549.jpg,1,LDPE Plastic,1,LDPE Plastic,0.9999924898147583,2.2672497834719252e-07,0.9999924898147583,1.101650127566245e-06,2.3456013877876103e-06,3.8038349430280505e-06
/Users/aswanathjs/Downloads/test9/ai_plastic_waste_management_training/PET Plastic/black_white_plastic_bottles/btiuz_jpg.rf.6f7fe1fe260cc958a7df41f906ab0952.jpg,2,PET Plastic,2,PET Plastic,0.9999830722808838,6.655403126387682e-07,1.2306211829127278e-05,0.9999830722808838,3.093629175054957e-06,9.266082656722574e-07
/Users/aswanathjs/Downloads/test9/ai_plastic_waste_management_training/HDPE Plastic/shampoo_bottles/0063_a02b01c2d2e0f1g1h4.jpg,0,HDPE Plastic,0,HDPE Plastic,0.9999983310699463,0.9999983310699463,2.0179257376184978e-08,8.955913699537632e-08,1.5635718000339693e-06,5.308825024030739e-08
/Users/aswanathjs/Downloads/test9/ai_plastic_waste_management_training/HDPE Plastic/shampoo_bottles/0061_a02b01c2d1e0f1g0h0(1).jpg,0,HDPE Plastic,0,HDPE Plastic,1.0,1.0,8.09201317064634e-11,1.5809087372531394e-08,1.1123600651696819e-10,1.8401737078566072e-10
/Users/aswanathjs/Downloads/test9/ai_plastic_waste_management_training/PS Plastic/foam_sheets/PS-681_jpg.rf.db9c77132f01078daabb3d623bcb1404.jpg,4,PS Plastic,4,PS Plastic,0.9999998807907104,1.2711687702449126e-07,3.091946965128045e-08,9.609731677073796e-09,2.3108843727470685e-09,0.9999998807907104
/Users/aswanathjs/Downloads/test9/ai_plastic_waste_management_training/HDPE Plastic/shampoo_bottles/0065_a02b03c1d1e0f1g0h4.jpg,0,HDPE Plastic,0,HDPE Plastic,1.0,1.0,4.953057820659967e-13,1.2605959678890777e-11,2.007711080720398e-10,2.491909239718537e-12
/Users/aswanathjs/Downloads/test9/ai_plastic_waste_management_training/HDPE Plastic/shampoo_bottles/0061_a02b01c1d1e0f1g0h0.jpg,0,HDPE Plastic,0,HDPE Plastic,1.0,1.0,7.840486940247082e-12,4.1682191032066385e-10,1.989568579330303e-11,1.030915283695144e-11
/Users/aswanathjs/Downloads/test9/ai_plastic_waste_management_training/HDPE Plastic/shampoo_bottles/0099_a02b01c1d1e0f1g0h2.jpg,0,HDPE Plastic,0,HDPE Plastic,1.0,1.0,3.632741676917739e-11,2.713458080449982e-08,4.988573998332413e-09,3.9932063211622904e-10
/Users/aswanathjs/Downloads/test9/ai_plastic_waste_management_training/PS Plastic/foam_containers/styrofoam-146-_jpg.rf.d36286be5c6faa07b3b08e9d2db1f2e8.jpg,4,PS Plastic,4,PS Plastic,0.9881253242492676,0.0003117446321994066,0.006795065011829138,0.0019536425825208426,0.002814222127199173,0.9881253242492676
/Users/aswanathjs/Downloads/test9/ai_plastic_waste_management_training/PET Plastic/plastic_bottles/PET409.jpg,2,PET Plastic,2,PET Plastic,0.9999996423721313,7.796374035251574e-08,3.372311496718794e-08,0.9999996423721313,2.3435954688011407e-07,2.7553522130574493e-08
/Users/aswanathjs/Downloads/test9/ai_plastic_waste_management_training/LDPE Plastic/plastic_bags/LDPE-11_jpg.rf.d94340e9ba81308d1fba7d70f9db0c95.jpg,1,LDPE Plastic,1,LDPE Plastic,0.9990893602371216,0.00011383219680283219,0.9990893602371216,0.00015598641766700894,0.00043450467637740076,0.00020637780835386366
/Users/aswanathjs/Downloads/test9/ai_plastic_waste_management_training/PET Plastic/black_white_plastic_bottles/anqtx_jpg.rf.cbcf255b192a0ba133ddd650f350098b.jpg,2,PET Plastic,2,PET Plastic,0.9999978542327881,6.739563787050429e-07,2.8179258038107946e-07,0.9999978542327881,6.558357199537568e-07,5.775956992692954e-07
"/Users/aswanathjs/Downloads/test9/ai_plastic_waste_management_training/PET Plastic/plastic_bottles/PET1,454.jpg",2,PET Plastic,2,PET Plastic,0.9999992847442627,8.242591320595238e-08,9.591730076863314e-08,0.9999992847442627,4.7477280418206647e-07,1.5799733077415112e-08
/Users/aswanathjs/Downloads/test9/ai_plastic_waste_management_training/PET Plastic/plastic_bottles/PET424.jpg,2,PET Plastic,2,PET Plastic,0.9999998807907104,1.8648877997407e-08,2.4021019839892688e-08,0.9999998807907104,7.938236024074286e-08,6.018929799012085e-09
/Users/aswanathjs/Downloads/test9/ai_plastic_waste_management_training/PET Plastic/plastic_bottles/PET844.jpg,2,PET Plastic,2,PET Plastic,0.9999980926513672,1.5712763001829444e-07,1.2863170013588388e-06,0.9999980926513672,1.4732549402651784e-07,2.701996777432214e-07
/Users/aswanathjs/Downloads/test9/ai_plastic_waste_management_training/PET Plastic/black_white_plastic_bottles/azgkq_jpg.rf.f136cd0c1c88c3fa2b91f3d3506ec860.jpg,2,PET Plastic,2,PET Plastic,0.9999996423721313,1.3277569621550356e-07,7.139604463191063e-08,0.9999996423721313,7.232463161699343e-08,1.0779320547271709e-07
/Users/aswanathjs/Downloads/test9/ai_plastic_waste_management_training/HDPE Plastic/shampoo_bottles/0076_a02b06c1d1e0f1g0h1.jpg,0,HDPE Plastic,0,HDPE Plastic,0.9999992847442627,0.9999992847442627,3.683803928566931e-09,7.519483915530145e-07,2.410619259762825e-08,4.520158913834393e-09
/Users/aswanathjs/Downloads/test9/ai_plastic_waste_management_training/PP Plastic/round_containers/IMG_20220209_175549.jpg,3,PP Plastic,3,PP Plastic,0.9998490810394287,3.59783589374274e-05,9.936677088262513e-06,0.00010430171096231788,0.9998490810394287,6.696675995954138e-07
/Users/aswanathjs/Downloads/test9/ai_plastic_waste_management_training/PET Plastic/plastic_bottles/PET743.jpg,2,PET Plastic,2,PET Plastic,1.0,1.3313144364701657e-08,9.703593484289286e-09,1.0,9.520610966262666e-09,8.809052931546546e-10
"/Users/aswanathjs/Downloads/test9/ai_plastic_waste_management_training/PET Plastic/plastic_bottles/PET1,493.jpg",2,PET Plastic,2,PET Plastic,0.9999111890792847,8.727759563953441e-07,9.898911230266094e-06,0.9999111890792847,7.743982860120013e-05,6.090094188948569e-07
/Users/aswanathjs/Downloads/test9/ai_plastic_waste_management_training/LDPE Plastic/bin_bags/Image_28.png,1,LDPE Plastic,1,LDPE Plastic,0.9976479411125183,0.00046815365203656256,0.9976479411125183,0.0001564111007610336,0.0013635519426316023,0.00036402064142748713
/Users/aswanathjs/Downloads/test9/ai_plastic_waste_management_training/LDPE Plastic/bin_bags_grey/Image_28.png,1,LDPE Plastic,1,LDPE Plastic,0.9994669556617737,0.0001986862043850124,0.9994669556617737,0.0002039396349573508,0.00010259189002681524,2.7847647288581356e-05
/Users/aswanathjs/Downloads/test9/ai_plastic_waste_management_training/PP Plastic/square_containers/Image_28.png,1,LDPE Plastic,1,LDPE Plastic,0.5139201879501343,0.012704366818070412,0.5139201879501343,0.0001994243502849713,0.4705858826637268,0.002590045565739274
/Users/aswanathjs/Downloads/test9/ai_plastic_waste_management_training/PS Plastic/foam_containers/Image_28.png,1,LDPE Plastic,3,PP Plastic,0.39799654483795166,0.04721173644065857,0.19451382756233215,0.007796566933393478,0.39799654483795166,0.35248130559921265
/Users/aswanathjs/Downloads/test9/ai_plastic_waste_management_training/PET Plastic/shampoo_bottles/0015_a05b00c2d3e1f1g0h4.jpg,2,PET Plastic,2,PET Plastic,0.9999994039535522,2.00233799318994e-07,2.236849923065165e-07,0.9999994039535522,7.690565695384066e-08,2.3968926399220436e-08
/Users/aswanathjs/Downloads/test9/ai_plastic_waste_management_training/PP Plastic/round_containers/IMG_20220209_174613.jpg,3,PP Plastic,3,PP Plastic,0.9999549388885498,1.537699245091062e-05,1.5375615475932136e-05,1.3302945262694266e-05,0.9999549388885498,9.529666726848518e-07
/Users/aswanathjs/Downloads/test9/ai_plastic_waste_management_training/LDPE Plastic/plastic_bags/plasticbag (175) 17.43.56.jpg,1,LDPE Plastic,1,LDPE Plastic,0.9999010562896729,1.8508675566408783e-05,0.9999010562896729,2.923633928730851e-06,5.956479435553774e-05,1.78983282239642e-05
/Users/aswanathjs/Downloads/test9/ai_plastic_waste_management_training/PET Plastic/black_white_plastic_bottles/cygfe_jpg.rf.ad934076b94a97081431c252e4d5cc76.jpg,2,PET Plastic,2,PET Plastic,0.9999970197677612,2.791937504298403e-06,1.4206530174476484e-08,0.9999970197677612,1.1192432936013574e-07,7.469389373682134e-08
/Users/aswanathjs/Downloads/test9/ai_plastic_waste_management_training/LDPE Plastic/black_white__plastic_bags/0245_jpg.rf.6b385ecc888013fb1365e18bcd46b90c.jpg,1,LDPE Plastic,1,LDPE Plastic,0.9999418258666992,2.027326263487339e-05,0.9999418258666992,8.665141649544239e-06,1.451698517485056e-05,1.4742107850906905e-05
/Users/aswanathjs/Downloads/test9/ai_plastic_waste_management_training/PET Plastic/black_white_plastic_bottles/anywh_jpg.rf.1eaddc19d9ebf4d7e29061e1f31f8ffa.jpg,2,PET Plastic,2,PET Plastic,0.9996065497398376,2.8503289286163636e-05,5.797196354251355e-05,0.9996065497398376,0.00027675688033923507,3.021442716999445e-05
/Users/aswanathjs/Downloads/test9/ai_plastic_waste_management_training/PP Plastic/square_containers_grey/Image_44.png,3,PP Plastic,3,PP Plastic,0.9998794794082642,6.151483103167266e-05,5.34972277819179e-05,4.413243459566729e-06,0.9998794794082642,1.0090417390529183e-06
/Users/aswanathjs/Downloads/test9/ai_plastic_waste_management_training/PP Plastic/square_containers/Image_44.png,3,PP Plastic,3,PP Plastic,0.999936580657959,2.6897270799963735e-05,3.485851266304962e-05,1.5145283214224037e-06,0.999936580657959,1.987870206221487e-07
/Users/aswanathjs/Downloads/test9/ai_plastic_waste_management_training/PS Plastic/foam_containers/Image_44.png,3,PP Plastic,3,PP Plastic,0.7259188890457153,0.02577316015958786,0.08102889358997345,0.0014426785055547953,0.7259188890457153,0.1658363938331604
/Users/aswanathjs/Downloads/test9/ai_plastic_waste_management_training/LDPE Plastic/black_white__plastic_bags/0201_jpg.rf.b8da2e523f14514e4825c9b6a8543088.jpg,1,LDPE Plastic,1,LDPE Plastic,0.9998369216918945,5.062093350716168e-06,0.9998369216918945,2.1705462131649256e-05,0.00010793094406835735,2.8261378247407265e-05
/Users/aswanathjs/Downloads/test9/ai_plastic_waste_management_training/PP Plastic/irregular_containers/train_PP-56_jpg.rf.ac7ac497caeb9273fdfab3b6b0401f97.jpg,3,PP Plastic,3,PP Plastic,0.9997840523719788,3.9864378777565435e-05,5.0150512834079564e-05,0.0001013617220451124,0.9997840523719788,2.4511788069503382e-05
/Users/aswanathjs/Downloads/test9/ai_plastic_waste_management_training/LDPE Plastic/plastic_bags/P_W (1398).jpg,1,LDPE Plastic,1,LDPE Plastic,0.9999326467514038,3.0157441415212816e-06,0.9999326467514038,7.4375980148033705e-06,1.0645499969541561e-05,4.623999848263338e-05
/Users/aswanathjs/Downloads/test9/ai_plastic_waste_management_training/HDPE Plastic/shampoo_bottles/0099_a02b01c1d2e0f1g0h2.jpg,0,HDPE Plastic,0,HDPE Plastic,0.9999880790710449,0.9999880790710449,1.5817946064089483e-08,3.868357907776954e-06,8.133507435559295e-06,4.679972320786874e-08
/Users/aswanathjs/Downloads/test9/ai_plastic_waste_management_training/LDPE Plastic/bin_bags/Image_141.png,1,LDPE Plastic,1,LDPE Plastic,0.9991247057914734,9.101817704504356e-05,0.9991247057914734,0.00015553705452475697,0.0005658806185238063,6.292967009358108e-05
/Users/aswanathjs/Downloads/test9/ai_plastic_waste_management_training/PP Plastic/square_containers/Image_141.png,1,LDPE Plastic,1,LDPE Plastic,0.4549444913864136,0.1770050823688507,0.4549444913864136,0.015001365914940834,0.24923649430274963,0.10381249338388443
/Users/aswanathjs/Downloads/test9/ai_plastic_waste_management_training/PS Plastic/foam_containers/Image_141.png,1,LDPE Plastic,1,LDPE Plastic,0.9656756520271301,0.0003330365289002657,0.9656756520271301,0.0005452048499137163,0.02814437262713909,0.0053017293103039265
/Users/aswanathjs/Downloads/test9/ai_plastic_waste_management_training/HDPE Plastic/detergent_bottles/P_W (396).jpg,0,HDPE Plastic,0,HDPE Plastic,1.0,1.0,1.5740470038494436e-10,4.098076544778451e-09,7.953702696461562e-10,1.5361464988927764e-08
/Users/aswanathjs/Downloads/test9/ai_plastic_waste_management_training/HDPE Plastic/shampoo_bottiles_grey/0076_a02b06c2d0e0f1g0h1.jpg,0,HDPE Plastic,0,HDPE Plastic,0.9999958276748657,0.9999958276748657,8.100496273755198e-09,3.5855300666298717e-06,5.506097409124777e-07,1.587313569473281e-08
/Users/aswanathjs/Downloads/test9/ai_plastic_waste_management_training/HDPE Plastic/shampoo_bottles/0076_a02b06c2d0e0f1g0h1.jpg,0,HDPE Plastic,0,HDPE Plastic,0.9999969005584717,0.9999969005584717,1.072387068035141e-09,3.102142272837227e-06,6.564469856584765e-09,1.4760390687484914e-09
/Users/aswanathjs/Downloads/test9/ai_plastic_waste_management_training/HDPE Plastic/milk_bottles/HDPEM42.jpg,0,HDPE Plastic,0,HDPE Plastic,1.0,1.0,9.391872731793712e-16,4.799342780831273e-12,1.0819705456013504e-13,1.348987219672304e-12
/Users/aswanathjs/Downloads/test9/ai_plastic_waste_management_training/PP Plastic/round_containers/0043_a06b01c2d0e0f0g0h3.jpg,3,PP Plastic,3,PP Plastic,0.9995976090431213,0.0002545062452554703,6.639560160692781e-05,5.529975169338286e-05,0.9995976090431213,2.6240451916237362e-05
/Users/aswanathjs/Downloads/test9/ai_plastic_waste_management_training/PET Plastic/plastic_bottles/PET863.jpg,2,PET Plastic,2,PET Plastic,0.9999198913574219,1.1987844118266366e-05,3.2720960007281974e-05,0.9999198913574219,3.0295870601548813e-05,5.110741767566651e-06
/Users/aswanathjs/Downloads/test9/ai_plastic_waste_management_training/PS Plastic/foam_sheets/PS-538_jpg.rf.9ad3c37022cda5929db438f890a2b787.jpg,4,PS Plastic,4,PS Plastic,0.9999998807907104,1.0324620092205805e-07,1.562433915580641e-08,7.972706050907163e-09,5.543914660677274e-09,0.9999998807907104
/Users/aswanathjs/Downloads/test9/ai_plastic_waste_management_training/LDPE Plastic/black_white__plastic_bags/0216_jpg.rf.428452e42b4a4a1b8f514d007db95fa5.jpg,1,LDPE Plastic,1,LDPE Plastic,0.9998972415924072,2.750323801592458e-06,0.9998972415924072,5.361812782211928e-06,8.57282429933548e-05,8.921696462493856e-06
/Users/aswanathjs/Downloads/test9/ai_plastic_waste_management_training/LDPE Plastic/plastic_bags/plasticbag (8).jpg,1,LDPE Plastic,1,LDPE Plastic,0.9981634020805359,0.0009532099938951433,0.9981634020805359,4.159245509072207e-05,0.0008071597549133003,3.464956898824312e-05
/Users/aswanathjs/Downloads/test9/ai_plastic_waste_management_training/LDPE Plastic/plastic_bags/LDPE-588_jpg.rf.5fda3c1f4fefc604e5ac9c7a36493c46.jpg,1,LDPE Plastic,1,LDPE Plastic,0.9999722242355347,2.0502211555140093e-06,0.9999722242355347,5.4671777434123214e-06,9.988058991439175e-06,1.0274789929098915e-05
/Users/aswanathjs/Downloads/test9/ai_plastic_waste_management_training/PP Plastic/round_containers/IMG_20220209_173227.jpg,3,PP Plastic,3,PP Plastic,0.997412383556366,0.00048337288899347186,0.001254406524822116,0.000814431463368237,0.997412383556366,3.545653817127459e-05
/Users/aswanathjs/Downloads/test9/ai_plastic_waste_management_training/HDPE Plastic/detergent_bottles/0098_a02b03c2d3e0f0g0h4.jpg,0,HDPE Plastic,0,HDPE Plastic,1.0,1.0,1.933962989753013e-10,1.3789074049253003e-10,1.2252065140216928e-08,2.799178666634816e-10
/Users/aswanathjs/Downloads/test9/ai_plastic_waste_management_training/PET Plastic/black_white_plastic_bottles/cverp_jpg.rf.81c5757fd377cd072695cd28b9d750e2.jpg,2,PET Plastic,2,PET Plastic,0.9999947547912598,6.733946520398604e-07,2.789522795865196e-06,0.9999947547912598,1.0535878800510545e-06,8.076629001152469e-07
/Users/aswanathjs/Downloads/test9/ai_plastic_waste_management_training/LDPE Plastic/black_white__plastic_bags/0008_jpg.rf.97cb17d4ee01eeb1ec782d807c7d07dd.jpg,1,LDPE Plastic,1,LDPE Plastic,0.9999707937240601,5.610224889096571e-07,0.9999707937240601,8.386195986531675e-06,7.615428330609575e-06,1.2644181879295502e-05
/Users/aswanathjs/Downloads/test9/ai_plastic_waste_management_training/PS Plastic/foam_containers/Image_19.png,4,PS Plastic,3,PP Plastic,0.413761705160141,0.033396605402231216,0.1874847263097763,0.0057118553668260574,0.413761705160141,0.3596450984477997
/Users/aswanathjs/Downloads/test9/ai_plastic_waste_management_training/HDPE Plastic/shampoo_bottles/0077_a02b01c2d3e0f1g0h2.jpg,0,HDPE Plastic,0,HDPE Plastic,0.9998213648796082,0.9998213648796082,9.106644256462459e-07,0.00010904789087362587,6.242594827199355e-05,6.3317497733805794e-06
/Users/aswanathjs/Downloads/test9/ai_plastic_waste_management_training/PS Plastic/foam_sheets/PS-642_jpg.rf.ade71b81ca40f75007467391f775e3e8.jpg,4,PS Plastic,4,PS Plastic,0.9999972581863403,2.035684929069248e-06,5.820339765705285e-07,9.396920574999967e-08,4.353094240627797e-08,0.9999972581863403
/Users/aswanathjs/Downloads/test9/ai_plastic_waste_management_training/PS Plastic/form_sheets_grey/PS-642_jpg.rf.ade71b81ca40f75007467391f775e3e8.jpg,4,PS Plastic,4,PS Plastic,0.9999974966049194,1.8650347328730277e-06,4.318830235661153e-07,8.060258238629103e-08,4.953955468067761e-08,0.9999974966049194
/Users/aswanathjs/Downloads/test9/ai_plastic_waste_management_training/LDPE Plastic/plastic_bags/plasticbag (6).png,1,LDPE Plastic,1,LDPE Plastic,0.9999257326126099,2.272303163408651e-06,0.9999257326126099,1.3975376305097598e-06,6.439464050345123e-05,6.178298463055398e-06
/Users/aswanathjs/Downloads/test9/ai_plastic_waste_management_training/LDPE Plastic/plastic_bags/plasticbag (6).jpg,1,LDPE Plastic,1,LDPE Plastic,0.9999876022338867,1.1887142363775638e-06,0.9999876022338867,5.000967121304711e-06,3.489030632408685e-06,2.7943754048465053e-06
/Users/aswanathjs/Downloads/test9/ai_plastic_waste_management_training/PP Plastic/irregular_containers/train_PP-62_jpg.rf.73c3984ddeaf802c25f616ceb455d96f.jpg,3,PP Plastic,3,PP Plastic,0.9990672469139099,0.0006823764997534454,0.000212437633308582,2.81968623312423e-05,0.9990672469139099,9.774347745405976e-06
"/Users/aswanathjs/Downloads/test9/ai_plastic_waste_management_training/HDPE Plastic/milk_bottles/HDPEM1,003.JPG",0,HDPE Plastic,0,HDPE Plastic,0.9999998807907104,0.9999998807907104,9.60132667815472e-12,1.449696469535411e-07,4.300931832901256e-11,1.642379565680585e-09
"/Users/aswanathjs/Downloads/test9/ai_plastic_waste_management_training/PET Plastic/plastic_bottles/PET1,600.jpg",2,PET Plastic,2,PET Plastic,1.0,6.937505236948027e-09,2.893572847995074e-08,1.0,9.74620029126072e-09,3.780808999209739e-09
/Users/aswanathjs/Downloads/test9/ai_plastic_waste_management_training/PS Plastic/foam_containers/0058_a06b01c2d1e0f0g0h4.jpg,4,PS Plastic,4,PS Plastic,0.9991694688796997,0.00043890767847187817,9.967110372599564e-07,5.915589554206235e-06,0.00038473718450404704,0.9991694688796997
/Users/aswanathjs/Downloads/test9/ai_plastic_waste_management_training/PS Plastic/foam_containers/styrofoam-110-_jpg.rf.9312d248c97cc89e473e55369b238293.jpg,4,PS Plastic,4,PS Plastic,0.9995607733726501,9.564087667968124e-05,5.022749519412173e-06,0.000127659339341335,0.00021087851200718433,0.9995607733726501
/Users/aswanathjs/Downloads/test9/ai_plastic_waste_management_training/PET Plastic/plastic_bottles/PET363.jpg,2,PET Plastic,2,PET Plastic,0.9999760389328003,8.084515457085217e-07,1.6182808394660242e-05,0.9999760389328003,5.503765351022594e-06,1.398130507368478e-06
/Users/aswanathjs/Downloads/test9/ai_plastic_waste_management_training/PET Plastic/plastic_bottles/PET758.jpg,2,PET Plastic,2,PET Plastic,0.9975894689559937,0.0002374428149778396,5.038622475694865e-05,0.9975894689559937,0.0020596375688910484,6.309598393272609e-05
/Users/aswanathjs/Downloads/test9/ai_plastic_waste_management_training/HDPE Plastic/shampoo_bottles/0099_a02b01c1d0e0f1g0h2.jpg,0,HDPE Plastic,0,HDPE Plastic,0.9993913173675537,0.9993913173675537,2.88940231740753e-08,0.0006055096164345741,3.0095616239123046e-06,6.978168443083632e-08
/Users/aswanathjs/Downloads/test9/ai_plastic_waste_management_training/PET Plastic/black_white_plastic_bottles/dkagu_jpg.rf.8c08b9e76d57b35d31b36d896135f468.jpg,2,PET Plastic,2,PET Plastic,0.9999943971633911,4.336272468208335e-06,2.253741797630937e-07,0.9999943971633911,7.223069360406953e-07,2.8869729362668295e-07
/Users/aswanathjs/Downloads/test9/ai_plastic_waste_management_training/PET Plastic/shampoo_bottles/0100_a05b00c1d1e0f0g0h0.jpg,2,PET Plastic,2,PET Plastic,0.9997583031654358,7.111987088137539e-06,3.081032991758548e-05,0.9997583031654358,0.00019706907914951444,6.677093551843427e-06
/Users/aswanathjs/Downloads/test9/ai_plastic_waste_management_training/LDPE Plastic/bin_bags/Image_12.png,1,LDPE Plastic,1,LDPE Plastic,0.9213505983352661,0.06400703638792038,0.9213505983352661,0.006743836682289839,0.005649876780807972,0.002248639240860939
/Users/aswanathjs/Downloads/test9/ai_plastic_waste_management_training/PP Plastic/square_containers_grey/Image_12.png,1,LDPE Plastic,1,LDPE Plastic,0.6160943508148193,0.0051887016743421555,0.6160943508148193,0.0028942725621163845,0.3665110766887665,0.009311514906585217
/Users/aswanathjs/Downloads/test9/ai_plastic_waste_management_training/PP Plastic/square_containers/Image_12.png,1,LDPE Plastic,1,LDPE Plastic,0.6326805949211121,0.007290481124073267,0.6326805949211121,0.00014509308675769717,0.3552330434322357,0.004650882910937071
/Users/aswanathjs/Downloads/test9/ai_plastic_waste_management_training/PS Plastic/foam_containers/Image_12.png,1,LDPE Plastic,3,PP Plastic,0.4234537184238434,0.0242856927216053,0.3685459494590759,0.005665020551532507,0.4234537184238434,0.17804963886737823
/Users/aswanathjs/Downloads/test9/ai_plastic_waste_management_training/PET Plastic/plastic_bottles/PET435.jpg,2,PET Plastic,2,PET Plastic,0.9999860525131226,2.821906491590198e-06,7.093189196893945e-06,0.9999860525131226,1.7777829270926304e-06,2.2726267161488067e-06
/Users/aswanathjs/Downloads/test9/ai_plastic_waste_management_training/LDPE Plastic/black_white__plastic_bags/0094_jpg.rf.f1368390a96451783c2619d0ba111dbe.jpg,1,LDPE Plastic,1,LDPE Plastic,0.9999938011169434,2.0054991978213366e-07,0.9999938011169434,3.4930142192024505e-06,1.408435991834267e-06,1.0966650734189898e-06
/Users/aswanathjs/Downloads/test9/ai_plastic_waste_management_training/HDPE Plastic/shampoo_bottles/0076_a02b06c2d0e0f1g0h3.jpg,0,HDPE Plastic,0,HDPE Plastic,0.9999772310256958,0.9999772310256958,3.6147579862699786e-07,6.271134679991519e-06,1.53722630784614e-05,6.624962338719342e-07
/Users/aswanathjs/Downloads/test9/ai_plastic_waste_management_training/PET Plastic/shampoo_bottles/0080_a05b00c2d1e0f1g0h1.jpg,2,PET Plastic,2,PET Plastic,0.9990990161895752,0.00033605765202082694,0.00012513843830674887,0.9990990161895752,0.00036859887768514454,7.110887963790447e-05
/Users/aswanathjs/Downloads/test9/ai_plastic_waste_management_training/LDPE Plastic/black_white__plastic_bags/0207_jpg.rf.e34252fa7fc7d291a0567faad7c1d274.jpg,1,LDPE Plastic,1,LDPE Plastic,0.9999967813491821,2.1357757873374794e-07,0.9999967813491821,9.447563797948533e-07,3.867235136567615e-07,1.6494971077918308e-06
/Users/aswanathjs/Downloads/test9/ai_plastic_waste_management_training/HDPE Plastic/milk_bottles/HDPEM331.jpg,0,HDPE Plastic,0,HDPE Plastic,0.9996651411056519,0.9996651411056519,6.150482789735179e-08,0.00033415723009966314,4.607529717759462e-07,2.4476051407873456e-07
/Users/aswanathjs/Downloads/test9/ai_plastic_waste_management_training/PET Plastic/plastic_bottles/PET960.jpg,2,PET Plastic,2,PET Plastic,0.9999996423721313,2.8915636107740283e-08,2.7876186692310512e-08,0.9999996423721313,1.7758203796347516e-07,9.470949891010605e-08
/Users/aswanathjs/Downloads/test9/ai_plastic_waste_management_training/PET Plastic/shampoo_bottles/0100_a05b00c1d1e0f0g0h1.jpg,2,PET Plastic,2,PET Plastic,0.9999594688415527,4.468864972295705e-06,4.014446403743932e-06,0.9999594688415527,3.093197665293701e-05,1.0782151775856619e-06
"/Users/aswanathjs/Downloads/test9/ai_plastic_waste_management_training/PET Plastic/plastic_bottles/PET1,451.jpg",2,PET Plastic,2,PET Plastic,0.9999845027923584,7.60000261834648e-07,9.093930088965863e-07,0.9999845027923584,1.3783203030470759e-05,4.008089149465377e-08
"/Users/aswanathjs/Downloads/test9/ai_plastic_waste_management_training/PET Plastic/plastic_bottles/PET1,616.jpg",2,PET Plastic,2,PET Plastic,0.9998875856399536,6.497341018985026e-06,9.2720401880797e-05,0.9998875856399536,1.052766583597986e-05,2.6883783448283793e-06
/Users/aswanathjs/Downloads/test9/ai_plastic_waste_management_training/PS Plastic/foam_sheets/PS-845_jpg.rf.ba559f9b729aa7a658400deabf493207.jpg,4,PS Plastic,4,PS Plastic,0.999998927116394,5.413590429270698e-07,9.875837037043311e-08,1.898986425885596e-07,1.0851947962464692e-07,0.999998927116394
"/Users/aswanathjs/Downloads/test9/ai_plastic_waste_management_training/PET Plastic/plastic_bottles/PET1,455.jpg",2,PET Plastic,2,PET Plastic,0.9999977350234985,2.8689478881460673e-07,1.6187865981009963e-07,0.9999977350234985,1.6987638673526817e-06,6.14909154705856e-08
/Users/aswanathjs/Downloads/test9/ai_plastic_waste_management_training/PS Plastic/foam_sheets/PS-820_jpg.rf.a6ea3d2586d430a5e339abbaff6a2d46.jpg,4,PS Plastic,4,PS Plastic,1.0,5.9544609243289415e-09,7.159806775236532e-11,3.066671083740147e-10,1.2963274897970223e-10,1.0
"/Users/aswanathjs/Downloads/test9/ai_plastic_waste_management_training/PET Plastic/plastic_bottles/PET1,672.jpg",2,PET Plastic,2,PET Plastic,0.9999990463256836,2.0341836659554247e-07,4.820888079848373e-07,0.9999990463256836,1.4814054338785354e-07,1.1793269294457787e-07
"/Users/aswanathjs/Downloads/test9/ai_plastic_waste_management_training/PET Plastic/plastic_bottles/PET1,728.jpg",2,PET Plastic,2,PET Plastic,0.9999991655349731,1.2989440634214588e-08,8.146806749209645e-07,0.9999991655349731,1.1252685006013508e-08,5.071941200363028e-10
/Users/aswanathjs/Downloads/test9/ai_plastic_waste_management_training/HDPE Plastic/milk_bottles/P_W (1037).jpg,0,HDPE Plastic,0,HDPE Plastic,0.9999960660934448,0.9999960660934448,2.3650650859963207e-07,1.853233584370173e-07,1.15523835120257e-06,2.229723349955748e-06
/Users/aswanathjs/Downloads/test9/ai_plastic_waste_management_training/PS Plastic/foam_sheets/PS-566_jpg.rf.77dfd3a5d8980d89dcf4055090951cbe.jpg,4,PS Plastic,4,PS Plastic,0.9999997615814209,1.642064688667233e-07,7.373818533551457e-08,1.7326854617749632e-08,1.0310345466280069e-08,0.9999997615814209
/Users/aswanathjs/Downloads/test9/ai_plastic_waste_management_training/HDPE Plastic/detergent_bottles/0010_a02b01c2d1e0f1g0h3.jpg,0,HDPE Plastic,0,HDPE Plastic,0.9999997615814209,0.9999997615814209,9.82878001209997e-10,1.895492260928222e-07,3.062971654088642e-09,4.4127551612760385e-10
/Users/aswanathjs/Downloads/test9/ai_plastic_waste_management_training/PET Plastic/black_white_plastic_bottles/dlbka_jpg.rf.d60c28c1a226fc15ca815cd1c65e4956.jpg,2,PET Plastic,2,PET Plastic,0.9999340772628784,3.90562490792945e-06,4.234450898366049e-05,0.9999340772628784,1.2256137779331766e-05,7.476488008251181e-06
"/Users/aswanathjs/Downloads/test9/ai_plastic_waste_management_training/PET Plastic/plastic_bottles/PET1,599.jpg",2,PET Plastic,2,PET Plastic,0.9997654557228088,2.0548694010358304e-05,0.00012797927774954587,0.9997654557228088,6.252893945202231e-05,2.3506385332439095e-05
/Users/aswanathjs/Downloads/test9/ai_plastic_waste_management_training/PET Plastic/plastic_bottles/PET492.jpg,2,PET Plastic,2,PET Plastic,0.9999871253967285,2.2064057247916935e-06,3.5485320495354244e-06,0.9999871253967285,5.49679725736496e-06,1.60177967245545e-06
/Users/aswanathjs/Downloads/test9/ai_plastic_waste_management_training/LDPE Plastic/bin_bags/Image_142.png,1,LDPE Plastic,1,LDPE Plastic,0.9371564388275146,0.04566306248307228,0.9371564388275146,0.010690286755561829,0.00417755451053381,0.0023126269225031137
/Users/aswanathjs/Downloads/test9/ai_plastic_waste_management_training/PP Plastic/square_containers/Image_142.png,1,LDPE Plastic,1,LDPE Plastic,0.8660567998886108,0.0024856706149876118,0.8660567998886108,0.00015010539209470153,0.12540504336357117,0.0059023164212703705
/Users/aswanathjs/Downloads/test9/ai_plastic_waste_management_training/PS Plastic/foam_containers/Image_142.png,1,LDPE Plastic,1,LDPE Plastic,0.7078757882118225,0.14872589707374573,0.7078757882118225,0.01055158767849207,0.11091653257608414,0.021930105984210968
/Users/aswanathjs/Downloads/test9/ai_plastic_waste_management_training/PET Plastic/black_white_plastic_bottles/amuig_jpg.rf.bee9647efb21b19bb3276f9708ff4540.jpg,2,PET Plastic,2,PET Plastic,0.9999996423721313,2.360925854816287e-08,2.1076786538287706e-07,0.9999996423721313,5.500350841458612e-09,5.196160302034514e-08
/Users/aswanathjs/Downloads/test9/ai_plastic_waste_management_training/LDPE Plastic/plastic_bags/plasticbag (82).jpg,1,LDPE Plastic,1,LDPE Plastic,0.9999934434890747,3.0826875274669874e-08,0.9999934434890747,1.58159892293952e-07,5.12679798703175e-06,1.187254156320705e-06
/Users/aswanathjs/Downloads/test9/ai_plastic_waste_management_training/PS Plastic/foam_sheets/PS-834_jpg.rf.bcbbff023961e64bb814b60b8bb20850.jpg,4,PS Plastic,4,PS Plastic,0.9999998807907104,8.536096629541134e-08,1.151844486457776e-08,2.504302365480271e-08,1.8251622435627723e-08,0.9999998807907104
/Users/aswanathjs/Downloads/test9/ai_plastic_waste_management_training/PET Plastic/plastic_bottles/PET478.jpg,2,PET Plastic,2,PET Plastic,0.9999712705612183,8.48933541419683e-06,1.3272217984194867e-05,0.9999712705612183,4.7682615331723355e-06,2.267968284286326e-06
/Users/aswanathjs/Downloads/test9/ai_plastic_waste_management_training/PS Plastic/foam_containers/styrofoam-124-_jpg.rf.18f3ee8b1d383f6b1915cd5d96a56d9a.jpg,4,PS Plastic,4,PS Plastic,0.9999558925628662,1.5225990864564665e-05,9.821687996236506e-08,2.8525517336674966e-05,2.2486355533146707e-07,0.9999558925628662
"/Users/aswanathjs/Downloads/test9/ai_plastic_waste_management_training/PET Plastic/plastic_bottles/PET1,322.jpg",2,PET Plastic,2,PET Plastic,0.9998151659965515,1.3748196579399519e-05,1.122923094953876e-06,0.9998151659965515,0.00016570663137827069,4.250070105626946e-06
/Users/aswanathjs/Downloads/test9/ai_plastic_waste_management_training/PS Plastic/foam_sheets/PS-812_jpg.rf.e510582f79605a4beeefdf035876a97d.jpg,4,PS Plastic,4,PS Plastic,0.9999998807907104,1.4086762689657917e-07,1.6199212637957316e-08,1.1749838435548554e-08,3.5826595023991104e-08,0.9999998807907104
/Users/aswanathjs/Downloads/test9/ai_plastic_waste_management_training/PET Plastic/plastic_bottles/PET449.jpg,2,PET Plastic,2,PET Plastic,0.9999926090240479,4.849496804126829e-07,5.673073701473186e-06,0.9999926090240479,1.0561378758211504e-06,2.172878623696306e-07
/Users/aswanathjs/Downloads/test9/ai_plastic_waste_management_training/LDPE Plastic/plastic_bags/plasticbag (93).jpg,1,LDPE Plastic,1,LDPE Plastic,1.0,1.6845023154132832e-09,1.0,3.561104122695724e-08,2.6249709073056238e-09,5.5775264407031955e-09
"/Users/aswanathjs/Downloads/test9/ai_plastic_waste_management_training/PET Plastic/plastic_bottles/PET1,503.jpg",2,PET Plastic,2,PET Plastic,0.9999264478683472,4.9444875912740827e-05,8.04392129793996e-06,0.9999264478683472,9.579779543855693e-06,6.4828500399016775e-06
/Users/aswanathjs/Downloads/test9/ai_plastic_waste_management_training/PS Plastic/form_containers_grey/0058_a06b01c1d0e0f0g0h3.jpg,4,PS Plastic,4,PS Plastic,0.999957799911499,2.9193821319495328e-05,2.8159204745747957e-08,1.3846678825757408e-07,1.2832664651796222e-05,0.999957799911499
/Users/aswanathjs/Downloads/test9/ai_plastic_waste_management_training/PS Plastic/foam_containers/0058_a06b01c1d0e0f0g0h3.jpg,4,PS Plastic,4,PS Plastic,0.9999977350234985,1.4449266245719627e-06,2.7887341325083526e-09,3.956862215659385e-08,8.751745212975948e-07,0.9999977350234985
/Users/aswanathjs/Downloads/test9/ai_plastic_waste_management_training/HDPE Plastic/milk_bottles/HDPEM111.jpg,0,HDPE Plastic,0,HDPE Plastic,0.9999996423721313,0.9999996423721313,5.480753628717139e-10,1.2168783314336906e-07,2.950621365016559e-07,2.5300632700009373e-09
/Users/aswanathjs/Downloads/test9/ai_plastic_waste_management_training/LDPE Plastic/plastic_bags/plasticbag (196) 17.43.56.jpg,1,LDPE Plastic,1,LDPE Plastic,0.9991315007209778,1.0279074558638968e-05,0.9991315007209778,9.830869385041296e-05,0.000733722816221416,2.6203364541288465e-05
/Users/aswanathjs/Downloads/test9/ai_plastic_waste_management_training/PET Plastic/black_white_plastic_bottles/dfkjq_jpg.rf.6e651ecdd8fe3a76179812411de22e9d.jpg,2,PET Plastic,2,PET Plastic,0.9999986886978149,4.585912449783791e-07,2.3421095818321191e-07,0.9999986886978149,4.2979792169717257e-07,1.0921861104407071e-07
/Users/aswanathjs/Downloads/test9/ai_plastic_waste_management_training/PET Plastic/shampoo_bottles/IMG_20220209_182849.jpg,2,PET Plastic,2,PET Plastic,0.9999396800994873,2.822161877702456e-05,2.768113745332812e-06,0.9999396800994873,2.9178429031162523e-05,1.1520020848365675e-07
/Users/aswanathjs/Downloads/test9/ai_plastic_waste_management_training/PP Plastic/square_containers/IMG_20220209_173152.jpg,3,PP Plastic,3,PP Plastic,0.9999494552612305,3.79504963348154e-05,3.132334768451983e-06,3.878773895849008e-06,0.9999494552612305,5.584842256212141e-06
/Users/aswanathjs/Downloads/test9/ai_plastic_waste_management_training/PET Plastic/black_white_plastic_bottles/alnpj_jpg.rf.c7284636cf60fe3b3fb0e9a49cef2ab8.jpg,2,PET Plastic,2,PET Plastic,0.999997615814209,2.0403215330588864e-06,1.1830047164096413e-08,0.999997615814209,1.7899836279866577e-07,8.314691513078287e-08
/Users/aswanathjs/Downloads/test9/ai_plastic_waste_management_training/PET Plastic/black_white_plastic_bottles/anhes_jpg.rf.c3b9effe704965c126e4d31a6b45f3e5.jpg,2,PET Plastic,2,PET Plastic,0.9999988079071045,3.6697448990707926e-07,3.408567295082321e-08,0.9999988079071045,8.431623541582667e-07,4.661776742409529e-08
"/Users/aswanathjs/Downloads/test9/ai_plastic_waste_management_training/PET Plastic/plastic_bottles/PET1,305.jpg",2,PET Plastic,2,PET Plastic,0.9992305040359497,0.0005024814745411277,3.7276313378242776e-05,0.9992305040359497,0.00015790658653713763,7.175036444095895e-05
/Users/aswanathjs/Downloads/test9/ai_plastic_waste_management_training/PET Plastic/plastic_bottles/PET436.jpg,2,PET Plastic,2,PET Plastic,0.999509334564209,3.6253892176318914e-05,0.00013812523684464395,0.999509334564209,0.00028878237935714424,2.749496889009606e-05
/Users/aswanathjs/Downloads/test9/ai_plastic_waste_management_training/PET Plastic/plastic_bottles/PET391.jpg,2,PET Plastic,2,PET Plastic,0.9999949932098389,1.2263133157830453e-06,1.238379468304629e-06,0.9999949932098389,2.163881163141923e-06,2.945440371604491e-07
/Users/aswanathjs/Downloads/test9/ai_plastic_waste_management_training/HDPE Plastic/detergent_bottles/0010_a02b01c1d1e0f1g0h1.jpg,0,HDPE Plastic,0,HDPE Plastic,0.9992021918296814,0.9992021918296814,9.126061399911123e-07,0.000712390523403883,8.333379810210317e-05,1.2235708481966867e-06
/Users/aswanathjs/Downloads/test9/ai_plastic_waste_management_training/PET Plastic/black_white_plastic_bottles/aixpd_jpg.rf.65705a0e6f8eae8b80e3623ef226391b.jpg,2,PET Plastic,2,PET Plastic,0.999995231628418,1.9318431441206485e-06,6.989710072957678e-07,0.999995231628418,1.6116313190650544e-06,5.483875042955333e-07
/Users/aswanathjs/Downloads/test9/ai_plastic_waste_management_training/LDPE Plastic/plastic_bags/train_LDPE-78_jpg.rf.36e54212f7c07bb9c19a99a7ea7e76ad.jpg,1,LDPE Plastic,1,LDPE Plastic,0.9999382495880127,5.585014605458127e-06,0.9999382495880127,1.276241982850479e-05,6.794573437218787e-06,3.6608857044484466e-05
/Users/aswanathjs/Downloads/test9/ai_plastic_waste_management_training/PET Plastic/black_white_plastic_bottles/bzxcs_jpg.rf.117168966aaafafdebec9e40ab50662c.jpg,2,PET Plastic,2,PET Plastic,0.9987490177154541,1.8591381376609206e-05,0.0010616579093039036,0.9987490177154541,5.711489939130843e-05,0.00011360246571712196
/Users/aswanathjs/Downloads/test9/ai_plastic_waste_management_training/HDPE Plastic/shampoo_bottles/0077_a02b01c1d2e0f1g0h0.jpg,0,HDPE Plastic,0,HDPE Plastic,0.9999980926513672,0.9999980926513672,3.1096600849878087e-08,1.0223077140381065e-07,1.630739234315115e-06,9.572492132292609e-08
/Users/aswanathjs/Downloads/test9/ai_plastic_waste_management_training/PS Plastic/foam_containers/0058_a06b01c2d0e0f0g0h4.jpg,4,PS Plastic,4,PS Plastic,0.9997368454933167,8.775442256592214e-05,1.6155446473931079e-06,1.3081838915240951e-05,0.00016069198318291456,0.9997368454933167
/Users/aswanathjs/Downloads/test9/ai_plastic_waste_management_training/PP Plastic/irregular_containers/train_PP-57_jpg.rf.6501caafdc2c74dc664e5f85a2089bd9.jpg,3,PP Plastic,3,PP Plastic,0.9999822378158569,2.887178879973362e-06,1.1780144632211886e-05,2.3476943624700652e-06,0.9999822378158569,7.556009791187535e-07
/Users/aswanathjs/Downloads/test9/ai_plastic_waste_management_training/HDPE Plastic/milk_bottles/HDPEM6.jpg,0,HDPE Plastic,0,HDPE Plastic,0.9999992847442627,0.9999992847442627,2.1433418595506737e-08,2.0889275731406087e-07,4.370105273210356e-07,4.560290278732282e-08
/Users/aswanathjs/Downloads/test9/ai_plastic_waste_management_training/HDPE Plastic/milk_bottles_grey/HDPEM6.jpg,0,HDPE Plastic,0,HDPE Plastic,0.9999939203262329,0.9999939203262329,1.0250970490233158e-06,2.23760662265704e-06,2.485420282027917e-06,4.1596939581722836e-07
/Users/aswanathjs/Downloads/test9/ai_plastic_waste_management_training/HDPE Plastic/shampoo_bottles/0061_a02b01c2d3e0f1g0h3.jpg,0,HDPE Plastic,0,HDPE Plastic,1.0,1.0,8.77779706559556e-12,2.896179118749842e-08,6.239146976838583e-10,3.4171387941484e-11
/Users/aswanathjs/Downloads/test9/ai_plastic_waste_management_training/HDPE Plastic/milk_bottles/HDPEM249.jpg,0,HDPE Plastic,0,HDPE Plastic,0.9999774694442749,0.9999774694442749,2.0862162841694953e-07,1.9070462258241605e-06,2.000616404984612e-05,3.765205178751785e-07
/Users/aswanathjs/Downloads/test9/ai_plastic_waste_management_training/PET Plastic/black_white_plastic_bottles/bmhoi_jpg.rf.3bfe369baadbbbae82d8cdf2ffeeea92.jpg,2,PET Plastic,2,PET Plastic,0.9999972581863403,1.820351798187403e-07,2.126335402863333e-06,0.9999972581863403,2.1502197000700107e-07,1.7791623463381256e-07
"/Users/aswanathjs/Downloads/test9/ai_plastic_waste_management_training/PET Plastic/plastic_bottles/PET1,522.jpg",2,PET Plastic,2,PET Plastic,0.9952467083930969,0.0009967486839741468,0.00312374928034842,0.9952467083930969,0.0004241922579240054,0.0002086433523800224
/Users/aswanathjs/Downloads/test9/ai_plastic_waste_management_training/LDPE Plastic/plastic_bags/plasticbag (13).jpg,1,LDPE Plastic,1,LDPE Plastic,0.9966051578521729,0.0020669077057391405,0.9966051578521729,1.8751099560176954e-05,0.0012971438700333238,1.2045994481013622e-05
/Users/aswanathjs/Downloads/test9/ai_plastic_waste_management_training/PET Plastic/shampoo_bottles/0015_a05b00c2d2e1f1g0h4.jpg,2,PET Plastic,2,PET Plastic,0.9998681545257568,2.9962300686747767e-05,7.125931006157771e-05,0.9998681545257568,2.0289269741624594e-05,1.0340168955735862e-05
/Users/aswanathjs/Downloads/test9/ai_plastic_waste_management_training/HDPE Plastic/detergent_bottles/IMG_20220209_182742.jpg,0,HDPE Plastic,0,HDPE Plastic,0.9948068261146545,0.9948068261146545,1.0529555765970144e-05,0.005138309672474861,4.261120193405077e-05,1.8293977745997836e-06
/Users/aswanathjs/Downloads/test9/ai_plastic_waste_management_training/PP Plastic/round_containers/IMG_20220209_173232.jpg,3,PP Plastic,3,PP Plastic,0.998475968837738,0.00018679867207538337,8.49046409712173e-05,0.0012471649097278714,0.998475968837738,5.220857929089107e-06
/Users/aswanathjs/Downloads/test9/ai_plastic_waste_management_training/PET Plastic/black_white_plastic_bottles/dbtzq_jpg.rf.aa9447335486de27a9c52d8fc3b3b1a1.jpg,2,PET Plastic,2,PET Plastic,0.9999990463256836,1.4619683952332707e-07,3.5394435826674453e-07,0.9999990463256836,1.9336118839419214e-07,1.7934205231995293e-07
/Users/aswanathjs/Downloads/test9/ai_plastic_waste_management_training/PP Plastic/round_containers/0035_a06b01c2d0e0f0g0h4.jpg,3,PP Plastic,3,PP Plastic,0.998530387878418,0.0001038913251250051,0.00012076294660801068,0.0011849169386550784,0.998530387878418,5.9992285969201475e-05
/Users/aswanathjs/Downloads/test9/ai_plastic_waste_management_training/PET Plastic/black_white_plastic_bottles/bjmal_jpg.rf.86e1cf3a75a737e48728f41344f3df09.jpg,2,PET Plastic,2,PET Plastic,0.9999995231628418,2.4940732146205846e-07,5.968481531226644e-08,0.9999995231628418,2.7138709057794586e-08,9.78378622562559e-08
"/Users/aswanathjs/Downloads/test9/ai_plastic_waste_management_training/PET Plastic/plastic_bottles/PET1,354.jpg",2,PET Plastic,2,PET Plastic,0.9998130202293396,7.528580317739397e-05,4.091404662176501e-06,0.9998130202293396,0.00010437954915687442,3.317437403893564e-06
/Users/aswanathjs/Downloads/test9/ai_plastic_waste_management_training/LDPE Plastic/plastic_bags_grey/LDPE-58_jpg.rf.71f48fe653acbed28b643dc0999fd4ae.jpg,1,LDPE Plastic,1,LDPE Plastic,0.9996856451034546,5.130799763719551e-06,0.9996856451034546,2.5021825422300026e-05,0.00021344120614230633,7.073426968418062e-05
/Users/aswanathjs/Downloads/test9/ai_plastic_waste_management_training/LDPE Plastic/plastic_bags/LDPE-58_jpg.rf.71f48fe653acbed28b643dc0999fd4ae.jpg,1,LDPE Plastic,1,LDPE Plastic,0.9997053742408752,1.594156856299378e-05,0.9997053742408752,7.92413811723236e-06,0.00023701810277998447,3.364059375599027e-05
/Users/aswanathjs/Downloads/test9/ai_plastic_waste_management_training/LDPE Plastic/plastic_bags/LDPE-58_jpg.rf.3debb673d4b1e836928219fe3a35138a.jpg,1,LDPE Plastic,1,LDPE Plastic,0.9999290704727173,3.586248340070597e-06,0.9999290704727173,2.3018352294457145e-05,8.916459592001047e-06,3.5411107091931626e-05
/Users/aswanathjs/Downloads/test9/ai_plastic_waste_management_training/LDPE Plastic/plastic_bags/plasticbag (147).jpg,1,LDPE Plastic,1,LDPE Plastic,0.9998086094856262,6.813605978095438e-06,0.9998086094856262,0.00012816312664654106,4.55872796010226e-05,1.0853806088562123e-05
/Users/aswanathjs/Downloads/test9/ai_plastic_waste_management_training/HDPE Plastic/milk_bottles/HDPEM29.jpg,0,HDPE Plastic,0,HDPE Plastic,0.9999703168869019,0.9999703168869019,3.4906211112684105e-06,3.6816496162828116e-07,1.4583283700631e-05,1.1264929526078049e-05
/Users/aswanathjs/Downloads/test9/ai_plastic_waste_management_training/PP Plastic/square_containers/Image_173.png,3,PP Plastic,3,PP Plastic,0.9995137453079224,0.00034027709625661373,0.00013375938578974456,7.2754828579491004e-06,0.9995137453079224,4.877136234426871e-06
/Users/aswanathjs/Downloads/test9/ai_plastic_waste_management_training/PS Plastic/foam_containers/Image_173.png,3,PP Plastic,3,PP Plastic,0.8184895515441895,0.027376100420951843,0.04002055525779724,0.0019199289381504059,0.8184895515441895,0.11219383776187897
/Users/aswanathjs/Downloads/test9/ai_plastic_waste_management_training/PS Plastic/foam_containers/styrofoam-117-_jpg.rf.ffe9f7fff56df44f314626ab7661d6d6.jpg,4,PS Plastic,4,PS Plastic,0.999755322933197,0.00017619173740968108,1.2106858093829942e-06,5.845462510478683e-05,8.885711395123508e-06,0.999755322933197
/Users/aswanathjs/Downloads/test9/ai_plastic_waste_management_training/HDPE Plastic/shampoo_bottles/0065_a02b03c2d1e0f1g0h2.jpg,0,HDPE Plastic,0,HDPE Plastic,1.0,1.0,2.0045151302716668e-11,8.634288284348202e-10,8.054557021353048e-09,1.8835787096715961e-10
/Users/aswanathjs/Downloads/test9/ai_plastic_waste_management_training/PET Plastic/black_white_plastic_bottles/beykw_jpg.rf.d4f8d5cb56ef7fcf8175803ed1bcb603.jpg,2,PET Plastic,2,PET Plastic,0.9999996423721313,2.1283358364598826e-07,2.818988420472124e-08,0.9999996423721313,3.3403669164044913e-08,1.1796205789948999e-08
/Users/aswanathjs/Downloads/test9/ai_plastic_waste_management_training/HDPE Plastic/milk_bottles/HDPEM466.jpg,0,HDPE Plastic,0,HDPE Plastic,0.9999992847442627,0.9999992847442627,2.2523859513623457e-11,6.839414936621324e-07,2.1518198334291583e-09,1.4854361074512212e-09
/Users/aswanathjs/Downloads/test9/ai_plastic_waste_management_training/LDPE Plastic/plastic_bags_grey/LDPE-50_jpg.rf.d966517407e941fa99dbd47e58adedc7.jpg,1,LDPE Plastic,1,LDPE Plastic,0.99998939037323,2.401913263838651e-07,0.99998939037323,1.6668066109559732e-06,5.483641416503815e-06,3.178252882207744e-06
/Users/aswanathjs/Downloads/test9/ai_plastic_waste_management_training/LDPE Plastic/plastic_bags/LDPE-50_jpg.rf.d966517407e941fa99dbd47e58adedc7.jpg,1,LDPE Plastic,1,LDPE Plastic,0.9999344348907471,1.8132275727111846e-05,0.9999344348907471,2.92330764750659e-06,2.4061488147708587e-05,2.0409192075021565e-05
/Users/aswanathjs/Downloads/test9/ai_plastic_waste_management_training/PET Plastic/shampoo_bottles/0080_a05b00c2d1e0f1g0h2.jpg,2,PET Plastic,2,PET Plastic,0.9999969005584717,4.0791027799969015e-07,1.3509801419786527e-06,0.9999969005584717,9.201416446558142e-07,4.0313335603059386e-07
/Users/aswanathjs/Downloads/test9/ai_plastic_waste_management_training/PP Plastic/irregular_containers/train_PP-96_jpg.rf.aec6ca49fecc115cc5090ef8493e58a5.jpg,3,PP Plastic,3,PP Plastic,0.9994062185287476,4.409045504871756e-05,0.0004723278107121587,2.8180777007946745e-05,0.9994062185287476,4.910644929623231e-05
/Users/aswanathjs/Downloads/test9/ai_plastic_waste_management_training/PET Plastic/plastic_bottles/PET403.jpg,2,PET Plastic,2,PET Plastic,0.9999991655349731,7.644204202961191e-08,1.0019448382081464e-07,0.9999991655349731,5.671350322700164e-07,6.02498175794608e-08
/Users/aswanathjs/Downloads/test9/ai_plastic_waste_management_training/LDPE Plastic/plastic_bags/train_LDPE-0_jpg.rf.b47a37b99b1bc5be1b759c3acffb6a48.jpg,1,LDPE Plastic,1,LDPE Plastic,0.9998363256454468,1.7964570133699453e-06,0.9998363256454468,8.326256647706032e-05,5.77619211981073e-05,2.0747564121847972e-05
/Users/aswanathjs/Downloads/test9/ai_plastic_waste_management_training/LDPE Plastic/black_white__plastic_bags/0048_jpg.rf.dd762cfb071cfab4175d95abfb0da0a8.jpg,1,LDPE Plastic,1,LDPE Plastic,0.9999876022338867,2.5346577103846357e-07,0.9999876022338867,7.751915291009936e-06,3.1129598028201144e-06,1.2620245115613216e-06
/Users/aswanathjs/Downloads/test9/ai_plastic_waste_management_training/PET Plastic/black_white_plastic_bottles/drmax_jpg.rf.84350c376fa54b0e21cdf7a2440b6c2c.jpg,2,PET Plastic,2,PET Plastic,0.9999995231628418,1.7683402120383107e-07,2.0564188218941126e-07,0.9999995231628418,3.3942512800422264e-08,3.288228000997151e-08
/Users/aswanathjs/Downloads/test9/ai_plastic_waste_management_training/LDPE Plastic/black_white__plastic_bags/0169_jpg.rf.065339a4103cd68696b6a27a26715130.jpg,1,LDPE Plastic,1,LDPE Plastic,0.9999977350234985,1.6644861489112373e-07,0.9999977350234985,3.8457417872450606e-07,7.025139439065242e-07,1.0037093716164236e-06
/Users/aswanathjs/Downloads/test9/ai_plastic_waste_management_training/PET Plastic/shampoo_bottles/0050_a05b00c2d2e1f1g0h2.jpg,2,PET Plastic,2,PET Plastic,0.9999939203262329,1.9977521787950536e-06,2.377732471359195e-06,0.9999939203262329,1.293637524213409e-06,3.6532074432216177e-07
/Users/aswanathjs/Downloads/test9/ai_plastic_waste_management_training/PS Plastic/foam_sheets/PS-723_jpg.rf.1d002cf09c96407465d3bc4dd934b736.jpg,4,PS Plastic,4,PS Plastic,0.9998916387557983,1.2193489965284243e-05,1.2444839740055613e-05,8.526289093424566e-06,7.512352749472484e-05,0.9998916387557983
/Users/aswanathjs/Downloads/test9/ai_plastic_waste_management_training/PP Plastic/round_containers/0095_a05b01c2d3e0f0g0h0.jpg,3,PP Plastic,3,PP Plastic,0.9975425004959106,0.0013875733129680157,0.00024278764612972736,0.0006541034672409296,0.9975425004959106,0.00017303493223153055
/Users/aswanathjs/Downloads/test9/ai_plastic_waste_management_training/PS Plastic/foam_sheets/IMG_9356_JPG.rf.449d68e1e60fb945166a31c55a885523.jpg,4,PS Plastic,4,PS Plastic,0.9999985694885254,5.031468504057557e-07,7.286053715915841e-08,7.754428565931448e-07,1.525414461411856e-08,0.9999985694885254
/Users/aswanathjs/Downloads/test9/ai_plastic_waste_management_training/PS Plastic/foam_sheets/IMG_9356_JPG.rf.c2efeb00e1e594b919446d1f81862b49.jpg,4,PS Plastic,4,PS Plastic,0.9986875653266907,4.205741333862534e-06,0.0012820556294173002,1.7142501747002825e-05,9.073976798390504e-06,0.9986875653266907
/Users/aswanathjs/Downloads/test9/ai_plastic_waste_management_training/PS Plastic/foam_sheets/IMG_9356_JPG.rf.d270e574363b08104a6b10f261779a2c.jpg,4,PS Plastic,4,PS Plastic,0.9999945163726807,5.147091997059761e-07,2.195180741182412e-06,2.8002261842630105e-06,1.2906455992833799e-07,0.9999945163726807
/Users/aswanathjs/Downloads/test9/ai_plastic_waste_management_training/LDPE Plastic/bin_bags/Image_113.png,1,LDPE Plastic,1,LDPE Plastic,0.9994702935218811,0.00020012604363728315,0.9994702935218811,0.00016397115541622043,0.0001448785769753158,2.0719822714454494e-05
/Users/aswanathjs/Downloads/test9/ai_plastic_waste_management_training/PP Plastic/square_containers/Image_113.png,1,LDPE Plastic,3,PP Plastic,0.9565286636352539,0.0017064514104276896,0.038655467331409454,0.0007420433685183525,0.9565286636352539,0.0023674205876886845
/Users/aswanathjs/Downloads/test9/ai_plastic_waste_management_training/PS Plastic/form_containers_grey/Image_113.png,1,LDPE Plastic,1,LDPE Plastic,0.6616783738136292,0.031098857522010803,0.6616783738136292,0.007532859221100807,0.20550768077373505,0.09418224543333054
/Users/aswanathjs/Downloads/test9/ai_plastic_waste_management_training/PS Plastic/foam_containers/Image_113.png,1,LDPE Plastic,1,LDPE Plastic,0.4620673954486847,0.03911105543375015,0.4620673954486847,0.016329869627952576,0.3413114547729492,0.14118024706840515
/Users/aswanathjs/Downloads/test9/ai_plastic_waste_management_training/PET Plastic/shampoo_bottles/0100_a05b00c1d0e0f0g0h0.jpg,2,PET Plastic,2,PET Plastic,0.9999929666519165,6.884300091769546e-06,3.9089698589123145e-08,0.9999929666519165,1.341941953114656e-07,3.786781732628697e-08
/Users/aswanathjs/Downloads/test9/ai_plastic_waste_management_training/HDPE Plastic/shampoo_bottles/0061_a02b01c2d0e0f1g0h2.jpg,0,HDPE Plastic,0,HDPE Plastic,0.9998828172683716,0.9998828172683716,2.2461480853053217e-07,0.00011504605936352164,9.109583629651752e-07,8.981079986369878e-07
/Users/aswanathjs/Downloads/test9/ai_plastic_waste_management_training/PS Plastic/foam_sheets/PS-760_jpg.rf.482c5a6e014a9373db7547fe30aa4f5e.jpg,4,PS Plastic,4,PS Plastic,0.9998605251312256,1.1951301530643832e-05,5.326399787008995e-06,9.747570402396377e-06,0.00011245162750128657,0.9998605251312256
/Users/aswanathjs/Downloads/test9/ai_plastic_waste_management_training/PET Plastic/shampoo_bottles/0100_a05b00c1d1e0f0g0h2.jpg,2,PET Plastic,2,PET Plastic,0.9999995231628418,5.0956568742321906e-08,3.1389524224323395e-07,0.9999995231628418,1.9875744783348637e-07,7.509874500044589e-09
/Users/aswanathjs/Downloads/test9/ai_plastic_waste_management_training/PET Plastic/plastic_bottles/PET442.jpg,2,PET Plastic,2,PET Plastic,0.9999834299087524,1.2674722711381037e-06,1.351451010123128e-05,0.9999834299087524,1.1354378557371092e-06,6.260581812966848e-07
/Users/aswanathjs/Downloads/test9/ai_plastic_waste_management_training/HDPE Plastic/detergent_bottles/0039_a02b01c2d3e0f1g0h1.jpg,0,HDPE Plastic,0,HDPE Plastic,0.9999996423721313,0.9999996423721313,4.177705126284792e-10,1.7341574221063638e-07,2.9098782761138864e-07,1.2635841262209624e-09
/Users/aswanathjs/Downloads/test9/ai_plastic_waste_management_training/LDPE Plastic/plastic_bags/plasticbag (180).jpg,1,LDPE Plastic,1,LDPE Plastic,0.9999997615814209,3.1833893299193505e-09,0.9999997615814209,6.685693332286746e-09,2.2892888296155434e-07,1.5150753984727316e-09
/Users/aswanathjs/Downloads/test9/ai_plastic_waste_management_training/LDPE Plastic/plastic_bags/P_W (1392).jpg,1,LDPE Plastic,1,LDPE Plastic,0.9959338307380676,0.0003624371893238276,0.9959338307380676,0.0009867687476798892,0.0015803159913048148,0.0011367065599188209
/Users/aswanathjs/Downloads/test9/ai_plastic_waste_management_training/PET Plastic/shampoo_bottles/0015_a05b00c1d0e1f1g0h3.jpg,2,PET Plastic,2,PET Plastic,0.9981295466423035,0.00158744677901268,1.058740872394992e-05,0.9981295466423035,0.00012705732660833746,0.00014540158736053854
/Users/aswanathjs/Downloads/test9/ai_plastic_waste_management_training/LDPE Plastic/black_white__plastic_bags/0103_jpg.rf.4d437349b94708d7e37a79fca80dc4c5.jpg,1,LDPE Plastic,1,LDPE Plastic,0.9999866485595703,1.7726127055084362e-07,0.9999866485595703,1.9730684925889364e-06,1.6334007568730158e-06,9.55307677941164e-06
/Users/aswanathjs/Downloads/test9/ai_plastic_waste_management_training/LDPE Plastic/plastic_bags/LDPE-323_jpg.rf.375792d9fe526a399377f29d46bcf119.jpg,1,LDPE Plastic,1,LDPE Plastic,0.9999675750732422,4.2995139892809675e-07,0.9999675750732422,4.717494903161423e-06,7.79614674684126e-06,1.9510423953761347e-05
/Users/aswanathjs/Downloads/test9/ai_plastic_waste_management_training/HDPE Plastic/detergent_bottles/IMG_20220209_182129.jpg,0,HDPE Plastic,0,HDPE Plastic,0.9999713897705078,0.9999713897705078,8.15400991172055e-09,1.534403781988658e-05,1.327043446508469e-05,1.0202150235727458e-08
/Users/aswanathjs/Downloads/test9/ai_plastic_waste_management_training/PET Plastic/plastic_bottles/PET989.jpg,2,PET Plastic,2,PET Plastic,1.0,6.450894485254821e-09,1.7360335391458648e-08,1.0,3.9388723394040426e-09,2.6059396862621043e-09
/Users/aswanathjs/Downloads/test9/ai_plastic_waste_management_training/HDPE Plastic/milk_bottles/HDPEM81.jpg,0,HDPE Plastic,0,HDPE Plastic,0.999897837638855,0.999897837638855,1.463213834540511e-07,3.415894752833992e-05,6.762742123100907e-05,1.3661303910339484e-07
/Users/aswanathjs/Downloads/test9/ai_plastic_waste_management_training/PS Plastic/foam_containers/Image_211.png,4,PS Plastic,4,PS Plastic,0.6854534149169922,0.022504102438688278,0.11262375861406326,0.005440018139779568,0.17397868633270264,0.6854534149169922
/Users/aswanathjs/Downloads/test9/ai_plastic_waste_management_training/PP Plastic/square_containers/IMG_20220209_175258.jpg,3,PP Plastic,3,PP Plastic,0.9999710321426392,1.6028916434152052e-05,2.213208745160955e-06,1.2835189409088343e-06,0.9999710321426392,9.436087566427886e-06
/Users/aswanathjs/Downloads/test9/ai_plastic_waste_management_training/LDPE Plastic/plastic_bags/LDPE-604_jpg.rf.756b913bf5fcb4b486de84bf12c21774.jpg,1,LDPE Plastic,1,LDPE Plastic,0.9997602105140686,6.9081788751645945e-06,0.9997602105140686,1.1274814823991619e-05,0.00014979377738200128,7.18235969543457e-05
/Users/aswanathjs/Downloads/test9/ai_plastic_waste_management_training/LDPE Plastic/plastic_bags/train_LDPE-54_jpg.rf.50fc13ad289d3716682a5c115cd3531d.jpg,1,LDPE Plastic,1,LDPE Plastic,0.9999682903289795,6.0525826484081335e-06,0.9999682903289795,2.2700257886754116e-06,1.5597575838910416e-05,7.776770871714689e-06
/Users/aswanathjs/Downloads/test9/ai_plastic_waste_management_training/HDPE Plastic/detergent_bottles/0010_a02b01c2d2e0f1g0h3.jpg,0,HDPE Plastic,0,HDPE Plastic,1.0,1.0,3.244847099348469e-12,2.4399321452150957e-10,7.858266259930247e-10,9.01118676205348e-12
/Users/aswanathjs/Downloads/test9/ai_plastic_waste_management_training/HDPE Plastic/detergent_bottles/IMG_20220209_182730.jpg,0,HDPE Plastic,0,HDPE Plastic,0.999997615814209,0.999997615814209,7.048384792485152e-11,1.1439021818659967e-06,1.2203036021674052e-06,3.980290749772131e-11
/Users/aswanathjs/Downloads/test9/ai_plastic_waste_management_training/HDPE Plastic/milk_bottles/HDPEM201.jpg,0,HDPE Plastic,0,HDPE Plastic,1.0,1.0,1.9010854088868934e-12,4.7701963906687794e-11,4.497953953741529e-10,3.14301813741924e-11
/Users/aswanathjs/Downloads/test9/ai_plastic_waste_management_training/PET Plastic/black_white_plastic_bottles/bxwoj_jpg.rf.e4ac90cdf1ded1946460d46f3c654441.jpg,2,PET Plastic,2,PET Plastic,0.9975186586380005,8.644765330245718e-05,0.0006123030325397849,0.9975186586380005,0.0016032169805839658,0.00017944994033314288
"/Users/aswanathjs/Downloads/test9/ai_plastic_waste_management_training/PET Plastic/plastic_bottles/PET1,627.jpg",2,PET Plastic,2,PET Plastic,0.9999996423721313,3.1263887478871766e-08,2.616129535226719e-08,0.9999996423721313,3.7849676459700277e-07,4.292534772076806e-09
/Users/aswanathjs/Downloads/test9/ai_plastic_waste_management_training/LDPE Plastic/plastic_bags/LDPE-38_jpg.rf.015f221730b5b26920216df131560310.jpg,1,LDPE Plastic,1,LDPE Plastic,0.9998229146003723,2.524722503949306e-06,0.9998229146003723,3.541972318998887e-06,0.0001611642655916512,9.87678413366666e-06
/Users/aswanathjs/Downloads/test9/ai_plastic_waste_management_training/PS Plastic/foam_sheets/IMG_9341_JPG.rf.b4d717a5176faa98baf3981781ea5b0e.jpg,4,PS Plastic,4,PS Plastic,0.9999551773071289,2.0954199499101378e-05,1.4139984159555752e-05,9.444454917684197e-06,2.902144444760779e-07,0.9999551773071289
/Users/aswanathjs/Downloads/test9/ai_plastic_waste_management_training/PS Plastic/foam_sheets/IMG_9341_JPG.rf.579526ba104a927e9157888d71533d4a.jpg,4,PS Plastic,4,PS Plastic,0.9968997240066528,0.0008554019732400775,0.0014303786447271705,0.0001344361517112702,0.0006801360286772251,0.9968997240066528
/Users/aswanathjs/Downloads/test9/ai_plastic_waste_management_training/PS Plastic/foam_sheets/IMG_9341_JPG.rf.5a3b45c1a7038ff839c23cd70be7f93b.jpg,4,PS Plastic,4,PS Plastic,0.9999992847442627,2.7034667482439545e-07,3.8462061979771534e-07,1.5347931991982477e-07,1.867209942219006e-09,0.9999992847442627
/Users/aswanathjs/Downloads/test9/ai_plastic_waste_management_training/PET Plastic/black_white_plastic_bottles/cytxp_jpg.rf.cc5f967d7defe5addfcc405d6e8cb045.jpg,2,PET Plastic,2,PET Plastic,0.9999998807907104,1.341014694844489e-07,1.2745598354513277e-08,0.9999998807907104,2.0685584800617107e-08,3.4693215411607525e-08
/Users/aswanathjs/Downloads/test9/ai_plastic_waste_management_training/HDPE Plastic/shampoo_bottles/0077_a02b01c2d1e0f1g0h2.jpg,0,HDPE Plastic,0,HDPE Plastic,0.999996542930603,0.999996542930603,1.80168147068116e-08,1.3067135569144739e-06,1.945165649885894e-06,2.0576192127919057e-07
/Users/aswanathjs/Downloads/test9/ai_plastic_waste_management_training/HDPE Plastic/shampoo_bottles/0061_a02b01c1d1e0f1g0h4.jpg,0,HDPE Plastic,0,HDPE Plastic,1.0,1.0,2.736030938485859e-14,1.3874148357961857e-11,3.8035364788302495e-12,1.0797754834354634e-12
/Users/aswanathjs/Downloads/test9/ai_plastic_waste_management_training/LDPE Plastic/black_white__plastic_bags/0244_jpg.rf.ccfd6e3c23c652f24d479f7e3a9dd1c3.jpg,1,LDPE Plastic,1,LDPE Plastic,0.9999963045120239,2.0715923199077224e-07,0.9999963045120239,4.3693381712728296e-07,5.779778007308778e-07,2.461284111632267e-06
/Users/aswanathjs/Downloads/test9/ai_plastic_waste_management_training/LDPE Plastic/bin_bags/Image_37.png,1,LDPE Plastic,1,LDPE Plastic,0.998051643371582,0.0005685199284926057,0.998051643371582,0.0005889590829610825,0.0006689526489935815,0.00012186888488940895
/Users/aswanathjs/Downloads/test9/ai_plastic_waste_management_training/PP Plastic/square_containers/Image_37.png,1,LDPE Plastic,1,LDPE Plastic,0.7913925051689148,0.04792637750506401,0.7913925051689148,0.003591364249587059,0.15016525983810425,0.0069244480691850185
/Users/aswanathjs/Downloads/test9/ai_plastic_waste_management_training/PS Plastic/foam_containers/Image_37.png,1,LDPE Plastic,4,PS Plastic,0.39736732840538025,0.03313881903886795,0.2520868182182312,0.004058503080159426,0.3133485019207001,0.39736732840538025
/Users/aswanathjs/Downloads/test9/ai_plastic_waste_management_training/PS Plastic/foam_sheets/PS-548_jpg.rf.e7e36c9ebc2200666cac0fda232f739d.jpg,4,PS Plastic,4,PS Plastic,0.9999997615814209,1.4267975245729758e-07,4.560832067568299e-08,1.598604093544509e-08,3.047792063171073e-08,0.9999997615814209
/Users/aswanathjs/Downloads/test9/ai_plastic_waste_management_training/HDPE Plastic/milk_bottles/HDPEM26.jpg,0,HDPE Plastic,0,HDPE Plastic,1.0,1.0,2.5144064608184635e-08,3.611199872466386e-08,3.133798642807051e-08,4.3893908951986305e-08
/Users/aswanathjs/Downloads/test9/ai_plastic_waste_management_training/PET Plastic/black_white_plastic_bottles/aitlp_jpg.rf.217114f2f76b7474fca86cb653a94833.jpg,2,PET Plastic,2,PET Plastic,0.9999868869781494,5.053301265434129e-06,2.1622915937768994e-06,0.9999868869781494,3.988169282820309e-06,1.8514156181481667e-06
/Users/aswanathjs/Downloads/test9/ai_plastic_waste_management_training/PET Plastic/black_white_plastic_bottles/bnrfw_jpg.rf.2bc828426e9c1c5cad267d2579c86555.jpg,2,PET Plastic,2,PET Plastic,0.9999812841415405,1.2450626627469319e-06,9.721738933876622e-06,0.9999812841415405,4.938841811963357e-06,2.8573629151651403e-06
/Users/aswanathjs/Downloads/test9/ai_plastic_waste_management_training/HDPE Plastic/shampoo_bottles/0076_a02b06c2d0e0f1g0h0.jpg,0,HDPE Plastic,0,HDPE Plastic,0.9998586177825928,0.9998586177825928,4.2034650959976716e-07,0.00013883855717722327,1.8248122160002822e-06,2.2837808444364782e-07
/Users/aswanathjs/Downloads/test9/ai_plastic_waste_management_training/PP Plastic/round_containers/0032_a05b01c2d0e0f0g0h2.jpg,3,PP Plastic,3,PP Plastic,0.9998500347137451,6.70968511258252e-05,3.2242489396594465e-05,1.6973690435406752e-05,0.9998500347137451,3.35198528773617e-05
/Users/aswanathjs/Downloads/test9/ai_plastic_waste_management_training/PET Plastic/plastic_bottles/PET548.jpg,2,PET Plastic,2,PET Plastic,0.9990234375,0.00021348703012336046,0.00023598026018589735,0.9990234375,0.0002709412947297096,0.00025605401606298983
/Users/aswanathjs/Downloads/test9/ai_plastic_waste_management_training/PS Plastic/foam_sheets/PS-775_jpg.rf.cd132bb8ffafc291a243c7960246852d.jpg,4,PS Plastic,4,PS Plastic,0.9999728202819824,6.869241133244941e-06,1.325632979387592e-06,2.0339471120678354e-06,1.692464320512954e-05,0.9999728202819824
/Users/aswanathjs/Downloads/test9/ai_plastic_waste_management_training/HDPE Plastic/shampoo_bottles/0099_a02b01c1d1e0f1g0h4.jpg,0,HDPE Plastic,0,HDPE Plastic,0.9999966621398926,0.9999966621398926,1.6710069092318314e-11,3.361092922204989e-06,9.984330029411126e-10,3.0405612055917075e-11
"/Users/aswanathjs/Downloads/test9/ai_plastic_waste_management_training/HDPE Plastic/milk_bottles/HDPEM1,022.JPG",0,HDPE Plastic,0,HDPE Plastic,1.0,1.0,1.4498664421824792e-11,3.632393585917271e-08,2.2198820559538035e-09,2.2340091998529488e-09
/Users/aswanathjs/Downloads/test9/ai_plastic_waste_management_training/PET Plastic/plastic_bottles/PET955.jpg,2,PET Plastic,2,PET Plastic,0.9999991655349731,3.6815574588899835e-08,6.623258741456084e-08,0.9999991655349731,5.059731051915151e-07,1.540623770779348e-07
/Users/aswanathjs/Downloads/test9/ai_plastic_waste_management_training/PS Plastic/foam_containers/Image_185.png,4,PS Plastic,3,PP Plastic,0.394210547208786,0.04719306901097298,0.16585895419120789,0.009084142744541168,0.394210547208786,0.38365331292152405
/Users/aswanathjs/Downloads/test9/ai_plastic_waste_management_training/LDPE Plastic/black_white__plastic_bags/0051_jpg.rf.350925dc95a475cf5e1462022dd27616.jpg,1,LDPE Plastic,1,LDPE Plastic,0.9996888637542725,1.1290239854133688e-06,0.9996888637542725,4.42154923803173e-05,6.477400893345475e-05,0.00020100233086850494
/Users/aswanathjs/Downloads/test9/ai_plastic_waste_management_training/PS Plastic/foam_sheets/PS-792_jpg.rf.c4cb08f064535f65bb2c131706f50a21.jpg,4,PS Plastic,4,PS Plastic,0.9999258518218994,1.1318064935039729e-05,4.6778295654803514e-06,5.582330686593195e-06,5.248119487077929e-05,0.9999258518218994
/Users/aswanathjs/Downloads/test9/ai_plastic_waste_management_training/PP Plastic/round_containers/0022_a05b00c2d1e0f0g0h1.jpg,3,PP Plastic,3,PP Plastic,0.9997233748435974,2.6802053980645724e-05,7.393617124762386e-05,0.00015588234236929566,0.9997233748435974,2.00286231120117e-05
/Users/aswanathjs/Downloads/test9/ai_plastic_waste_management_training/LDPE Plastic/plastic_bags/plasticbag (126).jpg,1,LDPE Plastic,1,LDPE Plastic,0.9999783039093018,3.352079147589393e-07,0.9999783039093018,1.4873293139316957e-06,8.824847100186162e-06,1.1023119441233575e-05
/Users/aswanathjs/Downloads/test9/ai_plastic_waste_management_training/PET Plastic/black_white_plastic_bottles/csgqu_jpg.rf.859aadd97b4352462e24f0d5b849eb0c.jpg,2,PET Plastic,2,PET Plastic,0.9999908208847046,3.326150590510224e-06,4.6859096869411587e-07,0.9999908208847046,2.597820639493875e-06,2.7883893380931113e-06
/Users/aswanathjs/Downloads/test9/ai_plastic_waste_management_training/LDPE Plastic/plastic_bags/LDPE-277_jpg.rf.0cad8f494c977241b4ef80afb0359042.jpg,1,LDPE Plastic,1,LDPE Plastic,0.999906063079834,1.5212769994832342e-06,0.999906063079834,8.1851676441147e-06,5.963284274912439e-05,2.4579554519732483e-05
/Users/aswanathjs/Downloads/test9/ai_plastic_waste_management_training/PP Plastic/round_containers/IMG_20220210_105629.jpg,3,PP Plastic,3,PP Plastic,0.9318113923072815,0.051889725029468536,0.004013357684016228,0.011150751262903214,0.9318113923072815,0.001134819583967328
/Users/aswanathjs/Downloads/test9/ai_plastic_waste_management_training/HDPE Plastic/milk_bottles/HDPEM106.jpg,0,HDPE Plastic,0,HDPE Plastic,0.9999990463256836,0.9999990463256836,2.5337707487693706e-09,8.107725761874462e-07,1.0911120540413322e-07,4.172769507704288e-08
/Users/aswanathjs/Downloads/test9/ai_plastic_waste_management_training/PET Plastic/plastic_bottles/PET997.jpg,2,PET Plastic,2,PET Plastic,0.9999998807907104,2.56134420340004e-08,1.0381847204143924e-07,0.9999998807907104,1.560974283165706e-08,1.056097254092947e-08
/Users/aswanathjs/Downloads/test9/ai_plastic_waste_management_training/PP Plastic/round_containers/0043_a06b01c2d2e0f0g0h2.jpg,3,PP Plastic,3,PP Plastic,0.9999873638153076,5.002515990781831e-06,3.2944531085377093e-06,3.159379957651254e-06,0.9999873638153076,1.1113155551356613e-06
/Users/aswanathjs/Downloads/test9/ai_plastic_waste_management_training/PS Plastic/foam_containers/Image_9.png,4,PS Plastic,4,PS Plastic,0.6047887206077576,0.013064035214483738,0.2575332820415497,0.003798836376518011,0.12081515043973923,0.6047887206077576
/Users/aswanathjs/Downloads/test9/ai_plastic_waste_management_training/PET Plastic/black_white_plastic_bottles/dcita_jpg.rf.270d280c79b9dba3ba7ae5443d447379.jpg,2,PET Plastic,2,PET Plastic,0.9999990463256836,3.420325072056585e-07,2.6584908141558117e-07,0.9999990463256836,1.3492467587639112e-07,2.791691713355249e-07
/Users/aswanathjs/Downloads/test9/ai_plastic_waste_management_training/LDPE Plastic/bin_bags/Image_165.png,1,LDPE Plastic,1,LDPE Plastic,0.9994284510612488,0.00022559889475814998,0.9994284510612488,0.00017721769108902663,0.00014670022937934846,2.206179669883568e-05
/Users/aswanathjs/Downloads/test9/ai_plastic_waste_management_training/PP Plastic/square_containers/Image_165.png,1,LDPE Plastic,1,LDPE Plastic,0.6326805949211121,0.007290481124073267,0.6326805949211121,0.00014509308675769717,0.3552330434322357,0.004650882910937071
/Users/aswanathjs/Downloads/test9/ai_plastic_waste_management_training/PS Plastic/form_containers_grey/Image_165.png,1,LDPE Plastic,1,LDPE Plastic,0.39215394854545593,0.03512820973992348,0.39215394854545593,0.008064551278948784,0.34738054871559143,0.2172727733850479
/Users/aswanathjs/Downloads/test9/ai_plastic_waste_management_training/PS Plastic/foam_containers/Image_165.png,1,LDPE Plastic,3,PP Plastic,0.3943725824356079,0.034998901188373566,0.19382482767105103,0.005528877954930067,0.3943725824356079,0.37127482891082764
/Users/aswanathjs/Downloads/test9/ai_plastic_waste_management_training/PET Plastic/shampoo_bottles/0050_a05b00c2d2e1f1g0h1.jpg,2,PET Plastic,2,PET Plastic,0.9999905824661255,6.965134161873721e-06,1.5423297554661985e-06,0.9999905824661255,7.577005476377963e-07,1.9951265528561635e-07
/Users/aswanathjs/Downloads/test9/ai_plastic_waste_management_training/LDPE Plastic/plastic_bags/LDPE-422_jpg.rf.3227a7e63f624c6cf1a4b13fcb82a1af.jpg,1,LDPE Plastic,1,LDPE Plastic,0.999990701675415,1.1312274637020892e-06,0.999990701675415,4.85820646645152e-06,9.954518418453517e-07,2.352416231587995e-06
/Users/aswanathjs/Downloads/test9/ai_plastic_waste_management_training/LDPE Plastic/plastic_bags/plasticbag (209).jpg,1,LDPE Plastic,1,LDPE Plastic,0.9996529817581177,2.5530058337608352e-05,0.9996529817581177,0.00014572533837053925,0.00011899405217263848,5.6770590163068846e-05
/Users/aswanathjs/Downloads/test9/ai_plastic_waste_management_training/HDPE Plastic/milk_bottles/HDPEM250.jpg,0,HDPE Plastic,0,HDPE Plastic,0.9999991655349731,0.9999991655349731,7.439160398803324e-09,2.440269213366264e-07,6.273614872043254e-07,9.197093753243735e-09
/Users/aswanathjs/Downloads/test9/ai_plastic_waste_management_training/PS Plastic/foam_sheets/PS-570_jpg.rf.c1e576f77c7a9411bcec44f0938d9ee4.jpg,4,PS Plastic,4,PS Plastic,1.0,3.664208136910929e-08,1.4882767906954086e-08,2.560825551611856e-09,1.0506580050417824e-09,1.0
/Users/aswanathjs/Downloads/test9/ai_plastic_waste_management_training/HDPE Plastic/milk_bottles/HDPEM417.jpg,0,HDPE Plastic,0,HDPE Plastic,1.0,1.0,6.61241200683449e-11,2.310527547066954e-09,1.1306135583311061e-08,2.3391538706007964e-10
"/Users/aswanathjs/Downloads/test9/ai_plastic_waste_management_training/PET Plastic/plastic_bottles/PET1,149.jpg",2,PET Plastic,2,PET Plastic,0.9999990463256836,1.2520069958554814e-07,4.1345577983520343e-07,0.9999990463256836,4.1596442201807804e-07,3.553033778302961e-08
/Users/aswanathjs/Downloads/test9/ai_plastic_waste_management_training/LDPE Plastic/plastic_bags/train_LDPE-30_jpg.rf.b8df470679b54d451ca16ae7cb85ade5.jpg,1,LDPE Plastic,1,LDPE Plastic,0.9998511075973511,1.0088552926390548e-06,0.9998511075973511,8.296781288663624e-07,9.437998414796311e-06,0.00013765595213044435
/Users/aswanathjs/Downloads/test9/ai_plastic_waste_management_training/PET Plastic/plastic_bottles/PET507.jpg,2,PET Plastic,2,PET Plastic,0.9999991655349731,9.203644424360391e-08,2.856009757579159e-07,0.9999991655349731,3.7705007116528577e-07,7.916713684608112e-08
/Users/aswanathjs/Downloads/test9/ai_plastic_waste_management_training/LDPE Plastic/plastic_bags/train_LDPE-28_jpg.rf.be68b80e9ac812d5237101c87b4a9106.jpg,1,LDPE Plastic,1,LDPE Plastic,0.9998897314071655,1.4631349642968416e-07,0.9998897314071655,9.749914170242846e-05,1.0236085472570267e-05,2.31436024478171e-06
/Users/aswanathjs/Downloads/test9/ai_plastic_waste_management_training/LDPE Plastic/black_white__plastic_bags/0251_jpg.rf.43d1bf3b60d305d5e85940d769b4f15b.jpg,1,LDPE Plastic,1,LDPE Plastic,0.9999855756759644,6.826432468187704e-07,0.9999855756759644,2.95031145469693e-06,2.5256006210838677e-06,8.261287803179584e-06
/Users/aswanathjs/Downloads/test9/ai_plastic_waste_management_training/PP Plastic/round_containers/IMG_20220209_174516.jpg,3,PP Plastic,3,PP Plastic,0.9997673630714417,0.0001541453239042312,5.066288576927036e-05,2.41524994635256e-05,0.9997673630714417,3.7283664369169855e-06
/Users/aswanathjs/Downloads/test9/ai_plastic_waste_management_training/PET Plastic/plastic_bottles/PET730.jpg,2,PET Plastic,2,PET Plastic,1.0,1.9072892598615e-08,3.602907749922224e-09,1.0,2.102159868400122e-08,2.610436755645651e-09
/Users/aswanathjs/Downloads/test9/ai_plastic_waste_management_training/PET Plastic/black_white_plastic_bottles/crpwg_jpg.rf.5155b165c8daf4ce65b9f23d37fa7fe7.jpg,2,PET Plastic,2,PET Plastic,0.9999903440475464,2.0597101411112817e-06,6.679025773337344e-06,0.9999903440475464,7.638383294761297e-07,2.2145742661905388e-07
"/Users/aswanathjs/Downloads/test9/ai_plastic_waste_management_training/PET Plastic/plastic_bottles/PET1,649.jpg",2,PET Plastic,2,PET Plastic,0.9998764991760254,3.805418373303837e-06,0.0001027034450089559,0.9998764991760254,1.6208827219088562e-05,7.565838586742757e-07
/Users/aswanathjs/Downloads/test9/ai_plastic_waste_management_training/LDPE Plastic/plastic_bags/train_LDPE-21_jpg.rf.d49a12a02092f718be5ff49097e31cf7.jpg,1,LDPE Plastic,1,LDPE Plastic,0.9999788999557495,4.0690633795748e-07,0.9999788999557495,7.747519816803106e-07,8.889575724424503e-07,1.9124025129713118e-05
"/Users/aswanathjs/Downloads/test9/ai_plastic_waste_management_training/PET Plastic/plastic_bottles/PET1,465.jpg",2,PET Plastic,2,PET Plastic,0.9999737739562988,2.7036312530981377e-06,7.908899533504155e-06,0.9999737739562988,1.5170140613918193e-05,3.682505393953761e-07
/Users/aswanathjs/Downloads/test9/ai_plastic_waste_management_training/PET Plastic/plastic_bottles/PET845.jpg,2,PET Plastic,2,PET Plastic,0.9999953508377075,4.651313645354094e-07,2.2793458356318297e-06,0.9999953508377075,7.502778203161142e-07,1.2570195622174651e-06
/Users/aswanathjs/Downloads/test9/ai_plastic_waste_management_training/PET Plastic/shampoo_bottles/0080_a05b00c1d3e0f1g0h0.jpg,2,PET Plastic,2,PET Plastic,0.9999576807022095,2.016638609347865e-05,4.558040018309839e-06,0.9999576807022095,1.4682626897410955e-05,2.9556529170804424e-06
/Users/aswanathjs/Downloads/test9/ai_plastic_waste_management_training/HDPE Plastic/shampoo_bottles/0023_a02b01c1d3e0f1g0h1.jpg,0,HDPE Plastic,0,HDPE Plastic,0.9887455105781555,0.9887455105781555,5.462805347633548e-06,2.4612567358417436e-05,0.011196549981832504,2.7784908525063656e-05
/Users/aswanathjs/Downloads/test9/ai_plastic_waste_management_training/PS Plastic/foam_sheets/PS-719_jpg.rf.bf0406b2e6441bf226bab17ef1385c5c.jpg,4,PS Plastic,4,PS Plastic,0.9998637437820435,2.8844800908700563e-05,8.766982318775263e-06,1.1052180525439326e-05,8.754328882787377e-05,0.9998637437820435
/Users/aswanathjs/Downloads/test9/ai_plastic_waste_management_training/PET Plastic/plastic_bottles/PET412.jpg,2,PET Plastic,2,PET Plastic,0.9999998807907104,3.0870378253666786e-08,6.66613928501647e-08,0.9999998807907104,8.952562069453052e-08,8.51263060042129e-09
/Users/aswanathjs/Downloads/test9/ai_plastic_waste_management_training/PS Plastic/foam_sheets/PS-846_jpg.rf.578d88453f23f4c831e951b08d6ce3dd.jpg,4,PS Plastic,4,PS Plastic,0.9999998807907104,9.299679959440255e-08,1.3356125982966205e-08,3.549636673483292e-08,1.627499557343981e-08,0.9999998807907104
/Users/aswanathjs/Downloads/test9/ai_plastic_waste_management_training/PET Plastic/black_white_plastic_bottles/cljxk_jpg.rf.2843d464c6d7fa8072b5c22279c4e799.jpg,2,PET Plastic,2,PET Plastic,0.9999796152114868,1.354153141619463e-06,9.332693480246235e-06,0.9999796152114868,7.225074114103336e-06,2.4195865080400836e-06
/Users/aswanathjs/Downloads/test9/ai_plastic_waste_management_training/PET Plastic/plastic_bottles/PET497.jpg,2,PET Plastic,2,PET Plastic,0.9999501705169678,5.493643584486563e-06,8.24329526949441e-06,0.9999501705169678,3.1377141567645594e-05,4.710291705123382e-06
/Users/aswanathjs/Downloads/test9/ai_plastic_waste_management_training/HDPE Plastic/shampoo_bottles/0023_a02b01c1d1e0f1g0h0.jpg,0,HDPE Plastic,0,HDPE Plastic,0.9999974966049194,0.9999974966049194,4.3800465476806494e-08,4.0986492422234733e-07,1.804467160582135e-06,1.9518526528372604e-07
/Users/aswanathjs/Downloads/test9/ai_plastic_waste_management_training/HDPE Plastic/detergent_bottles/0039_a02b01c1d0e0f1g0h1.jpg,0,HDPE Plastic,0,HDPE Plastic,1.0,1.0,2.241022038079743e-12,6.8256773566588436e-09,1.2810020405540357e-11,1.5694699229476528e-13
/Users/aswanathjs/Downloads/test9/ai_plastic_waste_management_training/PS Plastic/foam_containers/0058_a06b01c2d3e0f0g0h1.jpg,4,PS Plastic,4,PS Plastic,0.9997287392616272,0.00022103506489656866,2.5619494081752237e-08,7.121669227672101e-07,4.942477971781045e-05,0.9997287392616272
"/Users/aswanathjs/Downloads/test9/ai_plastic_waste_management_training/PET Plastic/plastic_bottles/PET1,255.jpg",2,PET Plastic,2,PET Plastic,0.9999971389770508,1.2616948197319289e-06,3.254763782933878e-07,0.9999971389770508,9.933311275744927e-07,3.431652260132978e-07
/Users/aswanathjs/Downloads/test9/ai_plastic_waste_management_training/LDPE Plastic/plastic_bags/train_LDPE-31_jpg.rf.84a2977ca89b69b3f46edb0cbe4a8a6c.jpg,1,LDPE Plastic,1,LDPE Plastic,0.9998804330825806,2.9836606699973345e-05,0.9998804330825806,8.094910299405456e-06,2.688832137209829e-05,5.46512492292095e-05
/Users/aswanathjs/Downloads/test9/ai_plastic_waste_management_training/HDPE Plastic/milk_bottles/HDPEM104.jpg,0,HDPE Plastic,0,HDPE Plastic,0.9999992847442627,0.9999992847442627,4.470904757525318e-10,7.516257483075606e-07,1.395167359419247e-08,3.827986372328951e-09
/Users/aswanathjs/Downloads/test9/ai_plastic_waste_management_training/PET Plastic/shampoo_bottles/0050_a05b00c1d3e1f1g0h4.jpg,2,PET Plastic,2,PET Plastic,0.9999994039535522,3.871643912134459e-07,1.6981535111426638e-07,0.9999994039535522,2.1847363029792177e-08,1.9186940036775013e-08
/Users/aswanathjs/Downloads/test9/ai_plastic_waste_management_training/PET Plastic/plastic_bottles/PET723.jpg,2,PET Plastic,2,PET Plastic,0.9999997615814209,3.4276336435823396e-08,2.021685787667593e-07,0.9999997615814209,4.1358166669169805e-08,2.6558875099169654e-09
/Users/aswanathjs/Downloads/test9/ai_plastic_waste_management_training/LDPE Plastic/bin_bags/Image_184.png,1,LDPE Plastic,1,LDPE Plastic,0.9998020529747009,4.3882610043510795e-05,0.9998020529747009,1.7369775378028862e-05,0.00011858410289278254,1.8151293261325918e-05
/Users/aswanathjs/Downloads/test9/ai_plastic_waste_management_training/LDPE Plastic/bin_bags_grey/Image_184.png,1,LDPE Plastic,1,LDPE Plastic,0.9998475313186646,2.5628147341194563e-05,0.9998475313186646,1.4875512533762958e-05,9.428027988178656e-05,1.7607502741157077e-05
/Users/aswanathjs/Downloads/test9/ai_plastic_waste_management_training/PS Plastic/foam_containers/Image_184.png,1,LDPE Plastic,3,PP Plastic,0.5592902898788452,0.04936535283923149,0.14747865498065948,0.006201414857059717,0.5592902898788452,0.23766426742076874
/Users/aswanathjs/Downloads/test9/ai_plastic_waste_management_training/PET Plastic/plastic_bottles/PET392.jpg,2,PET Plastic,2,PET Plastic,0.9999253749847412,2.105949170072563e-05,1.9888455426553264e-05,0.9999253749847412,2.9016484404564835e-05,4.630313924280927e-06
/Users/aswanathjs/Downloads/test9/ai_plastic_waste_management_training/PP Plastic/square_containers/Image_175.png,3,PP Plastic,3,PP Plastic,0.99998939037323,9.742951988300774e-06,5.610382345366816e-07,2.7003014224646904e-07,0.99998939037323,4.8234557681325896e-08
/Users/aswanathjs/Downloads/test9/ai_plastic_waste_management_training/PS Plastic/foam_containers/Image_175.png,3,PP Plastic,3,PP Plastic,0.9962477087974548,0.0014749928377568722,0.0010108824353665113,0.0011784355156123638,0.9962477087974548,8.790352148935199e-05
/Users/aswanathjs/Downloads/test9/ai_plastic_waste_management_training/LDPE Plastic/plastic_bags/plasticbag (10).jpg,1,LDPE Plastic,1,LDPE Plastic,0.9992284774780273,0.0001464028173359111,0.9992284774780273,7.057934908516472e-06,0.0005893760244362056,2.8624792321352288e-05
/Users/aswanathjs/Downloads/test9/ai_plastic_waste_management_training/LDPE Plastic/black_white__plastic_bags/0092_jpg.rf.2cf02337b6a42e1d81d749ed38dafce8.jpg,1,LDPE Plastic,1,LDPE Plastic,0.9999979734420776,1.633730022376767e-07,0.9999979734420776,1.0456030707928221e-07,1.267186235054396e-06,4.1241921167056717e-07
/Users/aswanathjs/Downloads/test9/ai_plastic_waste_management_training/LDPE Plastic/plastic_bags/plasticbag (197).jpg,1,LDPE Plastic,1,LDPE Plastic,0.9977026581764221,0.00018229555280413479,0.9977026581764221,0.0004510305298026651,0.0004492785665206611,0.0012147342786192894
/Users/aswanathjs/Downloads/test9/ai_plastic_waste_management_training/PP Plastic/rectangle_containers/test_PP-9-_jpg.rf.9d2fff290e08d6db8a91e9399d8df6c4.jpg,3,PP Plastic,3,PP Plastic,0.9997242093086243,3.534070128807798e-05,0.00022623754921369255,3.5127411592839053e-06,0.9997242093086243,1.077336219168501e-05
/Users/aswanathjs/Downloads/test9/ai_plastic_waste_management_training/PP Plastic/rectangle_containers_grey/test_PP-9-_jpg.rf.9d2fff290e08d6db8a91e9399d8df6c4.jpg,3,PP Plastic,3,PP Plastic,0.9995037317276001,3.3916905522346497e-05,0.00041639505070634186,1.78133777808398e-05,0.9995037317276001,2.814842082443647e-05
/Users/aswanathjs/Downloads/test9/ai_plastic_waste_management_training/PET Plastic/shampoo_bottles/0015_a05b00c2d1e1f1g0h2.jpg,2,PET Plastic,2,PET Plastic,0.9996694326400757,0.0002726465172600001,1.0885682058869861e-05,0.9996694326400757,3.6204066418576986e-05,1.08029571492807e-05
/Users/aswanathjs/Downloads/test9/ai_plastic_waste_management_training/PP Plastic/square_containers/Image_192.png,3,PP Plastic,3,PP Plastic,0.9994127750396729,0.0002679693279787898,0.0003155800804961473,9.006673735711956e-07,0.9994127750396729,2.746447080426151e-06
/Users/aswanathjs/Downloads/test9/ai_plastic_waste_management_training/PS Plastic/foam_containers/Image_192.png,3,PP Plastic,3,PP Plastic,0.9562401175498962,0.0016897869063541293,0.02662483975291252,0.0021620350889861584,0.9562401175498962,0.0132832583039999
/Users/aswanathjs/Downloads/test9/ai_plastic_waste_management_training/PET Plastic/shampoo_bottles/0100_a05b00c2d1e0f0g0h1.jpg,2,PET Plastic,2,PET Plastic,0.9999935626983643,1.193412572320085e-06,5.721241223000106e-07,0.9999935626983643,4.497637746680994e-06,1.728541434431463e-07
/Users/aswanathjs/Downloads/test9/ai_plastic_waste_management_training/PET Plastic/plastic_bottles/PET370.jpg,2,PET Plastic,2,PET Plastic,0.9999977350234985,2.924327873188304e-07,8.470817078887194e-07,0.9999977350234985,6.97175266850536e-07,4.7396773084074084e-07
/Users/aswanathjs/Downloads/test9/ai_plastic_waste_management_training/PET Plastic/black_white_plastic_bottles/cdupi_jpg.rf.09ca0d8134037c17c3a12ef8ce06151a.jpg,2,PET Plastic,2,PET Plastic,0.9997689127922058,4.8076730308821425e-05,2.0162136934231967e-05,0.9997689127922058,0.00015320148668251932,9.582775419403333e-06
/Users/aswanathjs/Downloads/test9/ai_plastic_waste_management_training/LDPE Plastic/black_white__plastic_bags/0025_jpg.rf.6de9afef7eeac63c4e5900ddf504e4ef.jpg,1,LDPE Plastic,1,LDPE Plastic,0.9999101161956787,2.5385893422935624e-06,0.9999101161956787,7.421442660415778e-07,2.1850257326150313e-05,6.476302223745733e-05
/Users/aswanathjs/Downloads/test9/ai_plastic_waste_management_training/LDPE Plastic/black_white__plastic_bags/0285_jpg.rf.9490d4f310bf55e0d3994b8594c36b66.jpg,1,LDPE Plastic,1,LDPE Plastic,0.9999896287918091,2.896723572121118e-06,0.9999896287918091,2.2574533886654535e-06,2.1215064407442696e-06,3.084681566178915e-06
/Users/aswanathjs/Downloads/test9/ai_plastic_waste_management_training/LDPE Plastic/black_white__plastic_bags/0131_jpg.rf.fab7d748a4a3173bd681b71d0470a0b9.jpg,1,LDPE Plastic,1,LDPE Plastic,0.999582827091217,3.601855132728815e-05,0.999582827091217,2.9556766094174236e-05,0.00027181734913028777,7.984857074916363e-05
"/Users/aswanathjs/Downloads/test9/ai_plastic_waste_management_training/HDPE Plastic/milk_bottles/HDPEM1,023.JPG",0,HDPE Plastic,0,HDPE Plastic,1.0,1.0,5.160791499009276e-12,1.828422857563794e-09,3.0538649387068517e-10,9.997073169287773e-10
/Users/aswanathjs/Downloads/test9/ai_plastic_waste_management_training/LDPE Plastic/plastic_bags/plasticbag (72).jpg,1,LDPE Plastic,1,LDPE Plastic,0.9999740123748779,1.1770872276883892e-07,0.9999740123748779,7.516454161304864e-07,8.998767953016795e-06,1.6226787920459174e-05
/Users/aswanathjs/Downloads/test9/ai_plastic_waste_management_training/LDPE Plastic/black_white__plastic_bags/0065_jpg.rf.93c3c3217441af813392d166aacbae5f.jpg,1,LDPE Plastic,1,LDPE Plastic,0.9970567226409912,6.500456220237538e-05,0.9970567226409912,0.0011960912961512804,0.0016090571880340576,7.313073001569137e-05
/Users/aswanathjs/Downloads/test9/ai_plastic_waste_management_training/HDPE Plastic/shampoo_bottles/0075_a02b01c2d1e0f0g0h4.jpg,0,HDPE Plastic,0,HDPE Plastic,0.9999713897705078,0.9999713897705078,5.949103751845541e-07,8.351195901923347e-06,1.9054195945500396e-05,5.94300729517272e-07
/Users/aswanathjs/Downloads/test9/ai_plastic_waste_management_training/HDPE Plastic/milk_bottles/HDPEM407.jpg,0,HDPE Plastic,0,HDPE Plastic,1.0,1.0,3.2533653548938446e-10,1.0477767986571962e-08,2.17464730667416e-08,1.1389155174512666e-09
"/Users/aswanathjs/Downloads/test9/ai_plastic_waste_management_training/PET Plastic/plastic_bottles/PET1,447.jpg",2,PET Plastic,2,PET Plastic,0.9999961853027344,3.9710192822894896e-07,1.1134408168800292e-06,0.9999961853027344,2.3734990008961176e-06,1.3282582145279775e-08
/Users/aswanathjs/Downloads/test9/ai_plastic_waste_management_training/PET Plastic/black_white_plastic_bottles/cjpsy_jpg.rf.3194f126fb4a49fb0908791283d80b8e.jpg,2,PET Plastic,2,PET Plastic,0.9999916553497314,8.204098094211076e-07,3.516389824653743e-06,0.9999916553497314,2.0431482425919967e-06,1.922410092447535e-06
/Users/aswanathjs/Downloads/test9/ai_plastic_waste_management_training/PS Plastic/foam_sheets/Plastic_376_jpg.rf.14b8dbe731b220c7da8b5cb195682226.jpg,4,PS Plastic,4,PS Plastic,0.9999948740005493,4.5967694859427866e-06,1.92107009411302e-07,2.692819975891325e-07,6.961225551549433e-08,0.9999948740005493
/Users/aswanathjs/Downloads/test9/ai_plastic_waste_management_training/PP Plastic/square_containers_grey/orangecontainer.jpg,3,PP Plastic,3,PP Plastic,0.9999707937240601,2.740410673141014e-05,1.1750282737921225e-06,4.950945253767713e-07,0.9999707937240601,1.2297753926304722e-07
/Users/aswanathjs/Downloads/test9/ai_plastic_waste_management_training/PP Plastic/square_containers/orangecontainer.jpg,3,PP Plastic,3,PP Plastic,0.9997603297233582,0.00023818566114641726,6.496517244158895e-07,5.822435014124494e-07,0.9997603297233582,2.706488544390595e-07
/Users/aswanathjs/Downloads/test9/ai_plastic_waste_management_training/PP Plastic/square_containers/Image_118.png,3,PP Plastic,3,PP Plastic,0.9707176685333252,0.0019550621509552,0.02593858912587166,0.0003124332579318434,0.9707176685333252,0.0010763441678136587
/Users/aswanathjs/Downloads/test9/ai_plastic_waste_management_training/PS Plastic/foam_containers/Image_118.png,3,PP Plastic,3,PP Plastic,0.644393265247345,0.14197224378585815,0.12757748365402222,0.0070782932452857494,0.644393265247345,0.07897872477769852
/Users/aswanathjs/Downloads/test9/ai_plastic_waste_management_training/HDPE Plastic/shampoo_bottles/0065_a02b03c1d2e0f1g0h4.jpg,0,HDPE Plastic,0,HDPE Plastic,1.0,1.0,3.100399104116747e-11,2.4905304485400848e-09,4.476772730299672e-09,2.750120964289948e-10
/Users/aswanathjs/Downloads/test9/ai_plastic_waste_management_training/HDPE Plastic/shampoo_bottles/0076_a02b06c1d3e0f1g0h0.jpg,0,HDPE Plastic,0,HDPE Plastic,0.9999986886978149,0.9999986886978149,3.084678512621508e-09,3.25000144130172e-07,9.57852080318844e-07,7.863146578301894e-09
"/Users/aswanathjs/Downloads/test9/ai_plastic_waste_management_training/PET Plastic/plastic_bottles/PET1,241.jpg",2,PET Plastic,2,PET Plastic,0.9999998807907104,8.488962777164488e-08,1.1120069309811242e-08,0.9999998807907104,1.0900038205363671e-08,9.65987845269467e-10
/Users/aswanathjs/Downloads/test9/ai_plastic_waste_management_training/PP Plastic/square_containers/Image_50.png,3,PP Plastic,3,PP Plastic,0.9701756238937378,0.0013709015911445022,0.02580958977341652,0.0007367424550466239,0.9701756238937378,0.0019071194110438228
/Users/aswanathjs/Downloads/test9/ai_plastic_waste_management_training/PS Plastic/foam_containers/Image_50.png,3,PP Plastic,3,PP Plastic,0.41371244192123413,0.03339668735861778,0.18749532103538513,0.005712210200726986,0.41371244192123413,0.3596833646297455
"/Users/aswanathjs/Downloads/test9/ai_plastic_waste_management_training/PET Plastic/plastic_bottles/PET1,618.jpg",2,PET Plastic,2,PET Plastic,0.9998940229415894,9.541726467432454e-05,6.1405035012285225e-06,0.9998940229415894,3.98536894863355e-06,4.3388627091189846e-07
/Users/aswanathjs/Downloads/test9/ai_plastic_waste_management_training/LDPE Plastic/plastic_bags/LDPE-129_jpg.rf.bd87ae80d240c75440e24a8f94624de0.jpg,1,LDPE Plastic,1,LDPE Plastic,0.9999765157699585,1.3289708249430987e-06,0.9999765157699585,1.864746650426241e-06,9.16027511266293e-06,1.1145996722916607e-05
/Users/aswanathjs/Downloads/test9/ai_plastic_waste_management_training/PET Plastic/shampoo_bottles/0080_a05b00c2d1e0f1g0h4.jpg,2,PET Plastic,2,PET Plastic,0.9990531802177429,0.0007437569438479841,4.055068075103918e-06,0.9990531802177429,0.0001888314145617187,1.009243442240404e-05
/Users/aswanathjs/Downloads/test9/ai_plastic_waste_management_training/LDPE Plastic/plastic_bags/plasticbag (193).jpg,1,LDPE Plastic,1,LDPE Plastic,0.9999759197235107,1.4878550018693204e-06,0.9999759197235107,7.92780610936461e-07,1.7871712771011516e-05,3.910734449164011e-06
/Users/aswanathjs/Downloads/test9/ai_plastic_waste_management_training/PET Plastic/shampoo_bottles/0100_a05b00c2d1e0f0g0h2.jpg,2,PET Plastic,2,PET Plastic,0.9999996423721313,1.3962265654754447e-07,1.2217773814882094e-07,0.9999996423721313,8.240865412290077e-08,7.146154779036351e-09
"/Users/aswanathjs/Downloads/test9/ai_plastic_waste_management_training/HDPE Plastic/milk_bottles/HDPEM1,004.JPG",0,HDPE Plastic,0,HDPE Plastic,0.9999548196792603,0.9999548196792603,1.405199290260839e-09,4.4475160393631086e-05,2.471103321965984e-09,6.868439186291653e-07
"/Users/aswanathjs/Downloads/test9/ai_plastic_waste_management_training/HDPE Plastic/milk_bottles_grey/HDPEM1,004.JPG",0,HDPE Plastic,0,HDPE Plastic,0.9999734163284302,0.9999734163284302,2.3200821885893674e-07,2.2522937797475606e-05,8.646031801617937e-08,3.7259280816215323e-06
/Users/aswanathjs/Downloads/test9/ai_plastic_waste_management_training/LDPE Plastic/black_white__plastic_bags/0005_jpg.rf.3c08b63b37ea52926895eb6508d6d17b.jpg,1,LDPE Plastic,1,LDPE Plastic,0.9999032020568848,2.9047362204437377e-06,0.9999032020568848,1.013531527860323e-05,6.722827674821019e-05,1.6521489669685252e-05
/Users/aswanathjs/Downloads/test9/ai_plastic_waste_management_training/LDPE Plastic/plastic_bags/plasticbag (196).jpg,1,LDPE Plastic,1,LDPE Plastic,0.9991315007209778,1.0279074558638968e-05,0.9991315007209778,9.830869385041296e-05,0.000733722816221416,2.6203364541288465e-05
/Users/aswanathjs/Downloads/test9/ai_plastic_waste_management_training/PS Plastic/foam_containers/styrofoam-152-_jpg.rf.85bd94b3d2d7b7228c3d1fb1b6f98ada.jpg,4,PS Plastic,4,PS Plastic,0.9875584840774536,0.0007212191703729331,0.011306517757475376,0.00013494961604010314,0.0002788535493891686,0.9875584840774536
/Users/aswanathjs/Downloads/test9/ai_plastic_waste_management_training/HDPE Plastic/milk_bottles/HDPEM110.jpg,0,HDPE Plastic,0,HDPE Plastic,1.0,1.0,1.5427781274723884e-10,1.5078262194379022e-08,3.888295196929903e-08,1.8964347869854237e-09
/Users/aswanathjs/Downloads/test9/ai_plastic_waste_management_training/LDPE Plastic/bubble_wrap/train_LDPE-75_jpg.rf.774086413daadb20a94091c69cb92c3b.jpg,1,LDPE Plastic,1,LDPE Plastic,0.9999964237213135,5.349108391783375e-07,0.9999964237213135,2.0181337276881095e-06,9.430092262618928e-08,8.512479325872846e-07
/Users/aswanathjs/Downloads/test9/ai_plastic_waste_management_training/PET Plastic/black_white_plastic_bottles/ayods_jpg.rf.a1eafc0f28f24cda0021d54322d0b0ff.jpg,2,PET Plastic,2,PET Plastic,0.999925971031189,7.13895042281365e-06,4.744648776977556e-06,0.999925971031189,5.992460864945315e-05,2.142827042916906e-06
/Users/aswanathjs/Downloads/test9/ai_plastic_waste_management_training/HDPE Plastic/shampoo_bottles/0063_a02b01c2d1e0f1g1h3.jpg,0,HDPE Plastic,0,HDPE Plastic,0.9992634654045105,0.9992634654045105,2.1258738343021832e-06,0.0006469386862590909,4.6655983169330284e-05,4.079024074599147e-05
/Users/aswanathjs/Downloads/test9/ai_plastic_waste_management_training/PS Plastic/foam_sheets/PS-755_jpg.rf.5cbd0650fb21aaba6e85354b463a4a92.jpg,4,PS Plastic,4,PS Plastic,0.9999562501907349,1.1927985724469181e-05,5.341739324649097e-06,4.610390078596538e-06,2.1789026504848152e-05,0.9999562501907349
/Users/aswanathjs/Downloads/test9/ai_plastic_waste_management_training/HDPE Plastic/detergent_bottles/0039_a02b01c2d0e0f1g0h4.jpg,0,HDPE Plastic,0,HDPE Plastic,1.0,1.0,1.9022580385885668e-11,4.692631350167176e-08,3.5350125604516336e-10,2.6686918300211637e-11
/Users/aswanathjs/Downloads/test9/ai_plastic_waste_management_training/LDPE Plastic/plastic_bags/train_LDPE-36_jpg.rf.29e7ce23f14b4a6abe4e217fd79e2234.jpg,1,LDPE Plastic,1,LDPE Plastic,0.9999148845672607,2.7307221898809075e-05,0.9999148845672607,6.308930096565746e-06,3.350304177729413e-05,1.805632382456679e-05
"/Users/aswanathjs/Downloads/test9/ai_plastic_waste_management_training/PET Plastic/plastic_bottles/PET1,648.jpg",2,PET Plastic,2,PET Plastic,0.9999853372573853,1.6407614111813018e-06,1.0495231435925234e-05,0.9999853372573853,2.427141453154036e-06,9.40729876219848e-08
/Users/aswanathjs/Downloads/test9/ai_plastic_waste_management_training/PET Plastic/plastic_bottles/PET454.jpg,2,PET Plastic,2,PET Plastic,0.9999898672103882,1.2730554317386122e-06,5.934214186709141e-07,0.9999898672103882,4.793947937287157e-06,3.459381787251914e-06
/Users/aswanathjs/Downloads/test9/ai_plastic_waste_management_training/HDPE Plastic/milk_bottles/HDPEM438.jpg,0,HDPE Plastic,0,HDPE Plastic,0.9999998807907104,0.9999998807907104,2.4439407095289134e-11,1.0022188234870555e-07,1.615067524163294e-09,2.6809436892705207e-09
/Users/aswanathjs/Downloads/test9/ai_plastic_waste_management_training/LDPE Plastic/bin_bags/Image_76.png,1,LDPE Plastic,1,LDPE Plastic,0.9978228807449341,0.0010721753351390362,0.9978228807449341,0.0007626136066392064,0.0002760220959316939,6.63545579300262e-05
/Users/aswanathjs/Downloads/test9/ai_plastic_waste_management_training/PP Plastic/square_containers/Image_76.png,1,LDPE Plastic,1,LDPE Plastic,0.8286639451980591,0.008100389502942562,0.8286639451980591,0.0049235098995268345,0.13946492969989777,0.01884721964597702
/Users/aswanathjs/Downloads/test9/ai_plastic_waste_management_training/PS Plastic/foam_containers/Image_76.png,1,LDPE Plastic,3,PP Plastic,0.38529351353645325,0.038080327212810516,0.37377944588661194,0.004280027933418751,0.38529351353645325,0.19856666028499603
/Users/aswanathjs/Downloads/test9/ai_plastic_waste_management_training/PET Plastic/plastic_bottles/PET673.jpg,2,PET Plastic,2,PET Plastic,0.9999796152114868,8.557155524613336e-06,1.206756451210822e-06,0.9999796152114868,8.980352504295297e-06,1.7209058569278568e-06
/Users/aswanathjs/Downloads/test9/ai_plastic_waste_management_training/PP Plastic/round_containers/IMG_20220210_105844.jpg,3,PP Plastic,3,PP Plastic,0.9993402361869812,0.0005952244391664863,2.5494468900433276e-06,5.991669968352653e-05,0.9993402361869812,2.1594887584797107e-06
/Users/aswanathjs/Downloads/test9/ai_plastic_waste_management_training/PS Plastic/foam_containers/Image_122.png,4,PS Plastic,4,PS Plastic,0.6798107624053955,0.027933118864893913,0.07488546520471573,0.005606261547654867,0.21176443994045258,0.6798107624053955
/Users/aswanathjs/Downloads/test9/ai_plastic_waste_management_training/PP Plastic/square_containers_grey/Image_203.png,3,PP Plastic,3,PP Plastic,0.9988994598388672,8.523174983565696e-06,0.001050438149832189,5.7226966418966185e-06,0.9988994598388672,3.592879875213839e-05
/Users/aswanathjs/Downloads/test9/ai_plastic_waste_management_training/PP Plastic/square_containers/Image_203.png,3,PP Plastic,3,PP Plastic,0.9992032647132874,2.5107447072514333e-05,0.0007318654679693282,2.3116203919926193e-06,0.9992032647132874,3.746611037058756e-05
/Users/aswanathjs/Downloads/test9/ai_plastic_waste_management_training/PS Plastic/foam_containers/Image_203.png,3,PP Plastic,3,PP Plastic,0.9891313314437866,0.00045029851025901735,0.0031078611500561237,0.0010287014301866293,0.9891313314437866,0.006281884852796793
/Users/aswanathjs/Downloads/test9/ai_plastic_waste_management_training/PET Plastic/black_white_plastic_bottles/apkre_jpg.rf.ea93618a937a0de3528ee57319afe542.jpg,2,PET Plastic,2,PET Plastic,0.9999057054519653,3.2050265872385353e-06,7.767052738927305e-05,0.9999057054519653,1.0170216228289064e-05,3.206224846508121e-06
/Users/aswanathjs/Downloads/test9/ai_plastic_waste_management_training/HDPE Plastic/milk_bottles/HDPEM128.jpg,0,HDPE Plastic,0,HDPE Plastic,1.0,1.0,1.0011088312500416e-11,2.287999567585075e-09,2.7012854175723078e-09,1.5654601226433584e-10
/Users/aswanathjs/Downloads/test9/ai_plastic_waste_management_training/PP Plastic/round_containers/cream.jpg,3,PP Plastic,3,PP Plastic,0.9986336827278137,0.0010476108873263001,0.00011495581566123292,0.0001533382455818355,0.9986336827278137,5.0370417739031836e-05
/Users/aswanathjs/Downloads/test9/ai_plastic_waste_management_training/PS Plastic/foam_containers/plastic-23-_jpg.rf.84b851e52b8b9f1cd0d2c523b1f636af.jpg,4,PS Plastic,4,PS Plastic,0.9586997032165527,0.015621619299054146,0.009931519627571106,0.005193097982555628,0.010553975589573383,0.9586997032165527
/Users/aswanathjs/Downloads/test9/ai_plastic_waste_management_training/HDPE Plastic/detergent_bottles/0098_a02b03c2d3e0f0g0h0.jpg,0,HDPE Plastic,0,HDPE Plastic,1.0,1.0,1.1512102902899723e-11,5.474108319414306e-11,1.0892780011317882e-09,5.773743982917523e-11
/Users/aswanathjs/Downloads/test9/ai_plastic_waste_management_training/HDPE Plastic/detergent_botteles_grey/0098_a02b03c2d3e0f0g0h0.jpg,0,HDPE Plastic,0,HDPE Plastic,0.9999984502792358,0.9999984502792358,1.417795880698236e-09,1.9959947028524994e-09,1.5612446304658079e-06,1.8452999128726333e-09
/Users/aswanathjs/Downloads/test9/ai_plastic_waste_management_training/PET Plastic/black_white_plastic_bottles/dafyh_jpg.rf.076c73290a94ca01aef23325419a693c.jpg,2,PET Plastic,2,PET Plastic,0.9999998807907104,2.106635221821307e-08,9.011031920636015e-08,0.9999998807907104,3.0247090165858026e-08,3.511462054461845e-08
/Users/aswanathjs/Downloads/test9/ai_plastic_waste_management_training/LDPE Plastic/black_white__plastic_bags/0181_jpg.rf.d1a2b529ab43e74fdd4400ead4a2e147.jpg,1,LDPE Plastic,1,LDPE Plastic,0.9999715089797974,2.993763246195158e-07,0.9999715089797974,2.006476279348135e-05,2.895094212362892e-06,5.272788257570937e-06
/Users/aswanathjs/Downloads/test9/ai_plastic_waste_management_training/PS Plastic/foam_containers/0058_a06b01c1d0e0f0g0h2.jpg,4,PS Plastic,4,PS Plastic,0.9996060729026794,0.0003237132914364338,1.5096403558345628e-06,8.541504030290525e-06,6.008320633554831e-05,0.9996060729026794
/Users/aswanathjs/Downloads/test9/ai_plastic_waste_management_training/HDPE Plastic/shampoo_bottles/0065_a02b03c1d3e0f1g0h1.jpg,0,HDPE Plastic,0,HDPE Plastic,1.0,1.0,9.469841225203876e-14,5.466572073481446e-12,1.2006570217215629e-11,3.224615127868369e-13
/Users/aswanathjs/Downloads/test9/ai_plastic_waste_management_training/PET Plastic/black_white_plastic_bottles/axjwn_jpg.rf.930c442321a753724f00d9eeac68df83.jpg,2,PET Plastic,2,PET Plastic,0.9998466968536377,7.249798272823682e-07,0.00013358030992094427,0.9998466968536377,1.3210118595452514e-05,5.723803951696027e-06
/Users/aswanathjs/Downloads/test9/ai_plastic_waste_management_training/HDPE Plastic/shampoo_bottles/0099_a02b01c2d0e0f1g0h1.jpg,0,HDPE Plastic,0,HDPE Plastic,0.9846484661102295,0.9846484661102295,3.3586200487434326e-08,0.01535074133425951,7.961933192746073e-07,4.88145346366764e-08
/Users/aswanathjs/Downloads/test9/ai_plastic_waste_management_training/PET Plastic/black_white_plastic_bottles/dlqim_jpg.rf.49aecf04ac43203ab00f4ba6060dd26a.jpg,2,PET Plastic,2,PET Plastic,0.9999477863311768,4.7752669161127415e-06,2.933306859631557e-05,0.9999477863311768,6.263216619117884e-06,1.1767432624765206e-05
/Users/aswanathjs/Downloads/test9/ai_plastic_waste_management_training/HDPE Plastic/milk_bottles/HDPEM411.jpg,0,HDPE Plastic,0,HDPE Plastic,0.9999998807907104,0.9999998807907104,5.345528464317795e-10,4.893075278289416e-09,6.712249245310886e-08,1.962838558355884e-09
/Users/aswanathjs/Downloads/test9/ai_plastic_waste_management_training/PS Plastic/foam_sheets/PS-831_jpg.rf.85802094eda0cff845692991503fa453.jpg,4,PS Plastic,4,PS Plastic,0.9999998807907104,1.5315555401684833e-07,1.2207789445994877e-08,2.5176262852255604e-08,8.043778976229987e-09,0.9999998807907104
/Users/aswanathjs/Downloads/test9/ai_plastic_waste_management_training/PS Plastic/foam_sheets/PS-707_jpg.rf.94f9902175998b011ca94b428c05fc69.jpg,4,PS Plastic,4,PS Plastic,0.9995741248130798,3.8800200854893774e-05,3.402598304091953e-05,5.579959906754084e-05,0.0002972134097944945,0.9995741248130798
/Users/aswanathjs/Downloads/test9/ai_plastic_waste_management_training/PET Plastic/shampoo_bottles/IMG_20220209_220416.jpg,2,PET Plastic,2,PET Plastic,0.9994518160820007,3.048957478313241e-05,3.932355241431651e-08,0.9994518160820007,0.0005175367114134133,1.7183522516006633e-07
/Users/aswanathjs/Downloads/test9/ai_plastic_waste_management_training/HDPE Plastic/shampoo_bottles/0065_a02b03c2d2e0f1g0h1.jpg,0,HDPE Plastic,0,HDPE Plastic,1.0,1.0,1.0476298301087539e-10,1.273060323825348e-09,2.1165612318352345e-10,6.443432593039589e-12
/Users/aswanathjs/Downloads/test9/ai_plastic_waste_management_training/PP Plastic/square_containers_grey/0011_a05b00c2d3e0f0g0h1.jpg,3,PP Plastic,3,PP Plastic,0.999924898147583,1.0200816177530214e-05,3.49413494404871e-05,2.762525218713563e-05,0.999924898147583,2.355788183194818e-06
/Users/aswanathjs/Downloads/test9/ai_plastic_waste_management_training/PP Plastic/rectangle_containers/0011_a05b00c2d3e0f0g0h1.jpg,3,PP Plastic,3,PP Plastic,0.999962329864502,8.469936005894851e-07,4.252613962307805e-06,3.0124174372758716e-05,0.999962329864502,2.4417117856501136e-06
/Users/aswanathjs/Downloads/test9/ai_plastic_waste_management_training/PP Plastic/square_containers/0011_a05b00c2d3e0f0g0h1.jpg,3,PP Plastic,3,PP Plastic,0.999962329864502,8.469936005894851e-07,4.252613962307805e-06,3.0124174372758716e-05,0.999962329864502,2.4417117856501136e-06
/Users/aswanathjs/Downloads/test9/ai_plastic_waste_management_training/PET Plastic/black_white_plastic_bottles/bwstv_jpg.rf.aa64a9e9449fb51bac43ffbe4a3b5e5a.jpg,2,PET Plastic,2,PET Plastic,0.9999990463256836,3.8393886825360823e-07,5.522372603650183e-08,0.9999990463256836,3.866004760766373e-07,4.0605645068581e-08
/Users/aswanathjs/Downloads/test9/ai_plastic_waste_management_training/HDPE Plastic/milk_bottles/HDPEM272.jpg,0,HDPE Plastic,0,HDPE Plastic,0.9999830722808838,0.9999830722808838,8.764462045007804e-09,3.5823807138513075e-06,1.3340290934138466e-05,1.1116445541858866e-08
/Users/aswanathjs/Downloads/test9/ai_plastic_waste_management_training/LDPE Plastic/plastic_bags/plasticbag (56).jpg,1,LDPE Plastic,1,LDPE Plastic,1.0,1.922086045880178e-09,1.0,1.0578633968805207e-08,3.425092032216526e-08,2.0097514763506297e-08
/Users/aswanathjs/Downloads/test9/ai_plastic_waste_management_training/LDPE Plastic/plastic_bags_grey/LDPE-594_jpg.rf.b89035ec3ef6f06c7fa939db6fa7491c.jpg,1,LDPE Plastic,1,LDPE Plastic,0.9997736811637878,2.3376982426270843e-05,0.9997736811637878,4.99380003020633e-05,5.919684190303087e-05,9.372871863888577e-05
/Users/aswanathjs/Downloads/test9/ai_plastic_waste_management_training/LDPE Plastic/plastic_bags/LDPE-594_jpg.rf.b89035ec3ef6f06c7fa939db6fa7491c.jpg,1,LDPE Plastic,1,LDPE Plastic,0.9998973608016968,1.0452297829033341e-05,0.9998973608016968,3.160874985042028e-05,3.211264265701175e-05,2.8557624318636954e-05
/Users/aswanathjs/Downloads/test9/ai_plastic_waste_management_training/PP Plastic/square_containers/IMG_20220209_173832.jpg,3,PP Plastic,3,PP Plastic,0.9992881417274475,0.0005669199163094163,5.4277883464237675e-05,4.889649062533863e-05,0.9992881417274475,4.1713246901053935e-05
/Users/aswanathjs/Downloads/test9/ai_plastic_waste_management_training/PET Plastic/black_white_plastic_bottles/adfmq_jpg.rf.3240fe07a40fdb2eecf27c4d47cc6306.jpg,2,PET Plastic,2,PET Plastic,0.9999998807907104,2.3777467106356198e-08,2.3776149049581363e-08,0.9999998807907104,4.387339913591859e-08,4.392889163540303e-09
/Users/aswanathjs/Downloads/test9/ai_plastic_waste_management_training/LDPE Plastic/plastic_bags/LDPE-67_jpg.rf.cf77b7d764d46a171a85693acb521d0e.jpg,1,LDPE Plastic,1,LDPE Plastic,0.9998956918716431,4.809293841390172e-06,0.9998956918716431,9.479526852373965e-06,6.402168946806341e-05,2.599316940177232e-05
/Users/aswanathjs/Downloads/test9/ai_plastic_waste_management_training/PET Plastic/plastic_bottles/PET846.jpg,2,PET Plastic,2,PET Plastic,0.9999967813491821,9.15257487577037e-08,2.793470912365592e-06,0.9999967813491821,1.2697339002443186e-07,2.5293059024988906e-07
/Users/aswanathjs/Downloads/test9/ai_plastic_waste_management_training/LDPE Plastic/black_white__plastic_bags/0296_jpg.rf.4db10543b11aae0afd69dbd7096d9149.jpg,1,LDPE Plastic,1,LDPE Plastic,0.9998900890350342,4.837556843995117e-06,0.9998900890350342,1.8502772945794277e-05,4.6898319851607084e-05,3.969655517721549e-05
/Users/aswanathjs/Downloads/test9/ai_plastic_waste_management_training/LDPE Plastic/black_white__plastic_bags/0136_jpg.rf.db95282b34819b780bbbcb1a06e489aa.jpg,1,LDPE Plastic,1,LDPE Plastic,0.9999985694885254,9.512108078979509e-08,0.9999985694885254,1.4856320262879308e-07,2.4682509547346854e-07,9.69334109868214e-07
/Users/aswanathjs/Downloads/test9/ai_plastic_waste_management_training/PP Plastic/irregular_containers/valid_PP-79_jpg.rf.760ad3fd57bfa59090e9a557a7d90c2a.jpg,3,PP Plastic,3,PP Plastic,0.9999892711639404,2.9194936246312864e-07,4.101178546989104e-06,5.320632226357702e-06,0.9999892711639404,1.021104594656208e-06
/Users/aswanathjs/Downloads/test9/ai_plastic_waste_management_training/PP Plastic/round_containers/0009_a06b01c2d0e0f0g0h1.jpg,3,PP Plastic,3,PP Plastic,0.9999933242797852,5.737750143453013e-06,5.018598585593281e-07,8.62804938606132e-08,0.9999933242797852,3.574440370357479e-07
"/Users/aswanathjs/Downloads/test9/ai_plastic_waste_management_training/HDPE Plastic/milk_bottles/HDPEM1,026.JPG",0,HDPE Plastic,0,HDPE Plastic,0.9999679327011108,0.9999679327011108,3.907737244901455e-09,3.1741001293994486e-05,1.991443099313983e-07,1.3116682850977668e-07
/Users/aswanathjs/Downloads/test9/ai_plastic_waste_management_training/HDPE Plastic/milk_bottles/HDPEM119.jpg,0,HDPE Plastic,0,HDPE Plastic,1.0,1.0,3.2886384587760276e-11,1.5035213962732996e-08,3.3193441328904782e-09,2.981347391184386e-10
/Users/aswanathjs/Downloads/test9/ai_plastic_waste_management_training/LDPE Plastic/black_white__plastic_bags/0142_jpg.rf.dfab9f74fd01fafc1030c55c45a76b64.jpg,1,LDPE Plastic,1,LDPE Plastic,0.9999104738235474,2.8411320727173006e-06,0.9999104738235474,1.8824138123818557e-06,7.62330018915236e-05,8.497695489495527e-06
/Users/aswanathjs/Downloads/test9/ai_plastic_waste_management_training/PET Plastic/plastic_bottles/PET859.jpg,2,PET Plastic,2,PET Plastic,0.9999990463256836,4.487394456020866e-09,9.636578397476114e-07,0.9999990463256836,5.916549472573251e-10,4.899028738236666e-09
/Users/aswanathjs/Downloads/test9/ai_plastic_waste_management_training/PP Plastic/round_containers/0035_a06b01c1d3e0f0g0h4.jpg,3,PP Plastic,3,PP Plastic,0.9990372657775879,0.0001908544945763424,8.420689846388996e-05,0.0005129115888848901,0.9990372657775879,0.00017479069356340915
/Users/aswanathjs/Downloads/test9/ai_plastic_waste_management_training/PP Plastic/round_containers_grey/0035_a06b01c1d3e0f0g0h4.jpg,3,PP Plastic,3,PP Plastic,0.9854486584663391,0.002494530752301216,0.006321083754301071,0.004318253602832556,0.9854486584663391,0.0014174551470205188
/Users/aswanathjs/Downloads/test9/ai_plastic_waste_management_training/PP Plastic/round_containers/IMG_20220209_174641.jpg,3,PP Plastic,3,PP Plastic,0.9995197057723999,0.0002767626428976655,3.831633421214065e-06,0.00019688137399498373,0.9995197057723999,2.8548677164508263e-06
/Users/aswanathjs/Downloads/test9/ai_plastic_waste_management_training/LDPE Plastic/plastic_bags/LDPE-373_jpg.rf.5bbeb3f948cb4fa84774488ae303496c.jpg,1,LDPE Plastic,1,LDPE Plastic,0.9999954700469971,3.8268858304491005e-08,0.9999954700469971,2.640035177137179e-07,2.0735632233481738e-07,3.976175776188029e-06
/Users/aswanathjs/Downloads/test9/ai_plastic_waste_management_training/HDPE Plastic/shampoo_bottles/0063_a02b01c2d2e0f1g1h1.jpg,0,HDPE Plastic,0,HDPE Plastic,0.9998894929885864,0.9998894929885864,1.06988679249298e-07,2.6775691708280647e-07,0.00010970613220706582,4.5397027292892744e-07
"/Users/aswanathjs/Downloads/test9/ai_plastic_waste_management_training/HDPE Plastic/milk_bottles/HDPEM1,012.JPG",0,HDPE Plastic,0,HDPE Plastic,0.9999947547912598,0.9999947547912598,2.666000753492881e-08,4.897417966276407e-06,2.62906354464576e-07,1.2877910648967372e-07
/Users/aswanathjs/Downloads/test9/ai_plastic_waste_management_training/HDPE Plastic/shampoo_bottles/0061_a02b01c1d2e0f1g0h3.jpg,0,HDPE Plastic,0,HDPE Plastic,1.0,1.0,2.0314808862886835e-11,1.293201878915795e-09,2.641600937991484e-09,8.229561476724712e-11
/Users/aswanathjs/Downloads/test9/ai_plastic_waste_management_training/LDPE Plastic/bin_bags/LDPE252-Photoroom_0_8871_jpg.rf.a6c1dae810868b40bac8d448e9130ad4.jpg,1,LDPE Plastic,1,LDPE Plastic,0.9974149465560913,0.00016671596677042544,0.9974149465560913,0.0002724202931858599,0.0019871536642313004,0.00015871296636760235
/Users/aswanathjs/Downloads/test9/ai_plastic_waste_management_training/LDPE Plastic/bin_bags/LDPE252-Photoroom_0_8871_jpg.rf.ed69737cc822f338040688cc60f7c004.jpg,1,LDPE Plastic,1,LDPE Plastic,0.9999752044677734,3.6997911934122385e-07,0.9999752044677734,5.761212378274649e-06,9.888325621432159e-06,8.816297849989496e-06
"/Users/aswanathjs/Downloads/test9/ai_plastic_waste_management_training/PET Plastic/plastic_bottles/PET1,757.jpg",2,PET Plastic,2,PET Plastic,0.997925877571106,0.0006919334409758449,0.0002893752243835479,0.997925877571106,0.001073526218533516,1.917901863635052e-05
/Users/aswanathjs/Downloads/test9/ai_plastic_waste_management_training/PP Plastic/round_containers/0095_a05b01c1d1e0f0g0h4.jpg,3,PP Plastic,3,PP Plastic,0.9999927282333374,3.397304908503429e-06,7.355257025665196e-07,2.8576193926710403e-06,0.9999927282333374,2.430619190363359e-07
/Users/aswanathjs/Downloads/test9/ai_plastic_waste_management_training/PS Plastic/foam_sheets/PS-639_jpg.rf.dca9e30e205b052860e04ea7ba640d16.jpg,4,PS Plastic,4,PS Plastic,0.9999988079071045,6.593217563022336e-07,2.989559391153307e-07,6.2101896958211e-08,3.410232096712207e-08,0.9999988079071045
/Users/aswanathjs/Downloads/test9/ai_plastic_waste_management_training/LDPE Plastic/plastic_bags/plasticbag (205) 17.43.56.jpg,1,LDPE Plastic,1,LDPE Plastic,0.9992088675498962,2.3788395992596634e-05,0.9992088675498962,1.927450739458436e-06,9.93985577224521e-06,0.0007555835181847215
/Users/aswanathjs/Downloads/test9/ai_plastic_waste_management_training/LDPE Plastic/bin_bags/Image_35.png,1,LDPE Plastic,1,LDPE Plastic,0.9946030974388123,0.003168093506246805,0.9946030974388123,0.0014581946888938546,0.0006207912229001522,0.00014976919919718057
/Users/aswanathjs/Downloads/test9/ai_plastic_waste_management_training/LDPE Plastic/bin_bags_grey/Image_35.png,1,LDPE Plastic,1,LDPE Plastic,0.9941818118095398,0.003522489219903946,0.9941818118095398,0.0014893473125994205,0.0006651001167483628,0.00014121858112048358
/Users/aswanathjs/Downloads/test9/ai_plastic_waste_management_training/PP Plastic/square_containers/Image_35.png,1,LDPE Plastic,3,PP Plastic,0.8645657896995544,0.0023260838352143764,0.12152987718582153,0.0015453738160431385,0.8645657896995544,0.0100328354164958
/Users/aswanathjs/Downloads/test9/ai_plastic_waste_management_training/PS Plastic/foam_containers/Image_35.png,1,LDPE Plastic,1,LDPE Plastic,0.6556586027145386,0.04779636859893799,0.6556586027145386,0.0011478760279715061,0.22579362988471985,0.06960350275039673
/Users/aswanathjs/Downloads/test9/ai_plastic_waste_management_training/LDPE Plastic/black_white__plastic_bags/0288_jpg.rf.eb988942aef4f64be141c15b0730883c.jpg,1,LDPE Plastic,1,LDPE Plastic,0.9999676942825317,2.979031705763191e-06,0.9999676942825317,2.921275608969154e-06,1.89028141903691e-05,7.4571066761564e-06
/Users/aswanathjs/Downloads/test9/ai_plastic_waste_management_training/PP Plastic/square_containers/Image_81.png,3,PP Plastic,3,PP Plastic,0.9998949766159058,1.9642508050310425e-05,6.919664156157523e-05,2.6966149562213104e-06,0.9998949766159058,1.3428909369395114e-05
/Users/aswanathjs/Downloads/test9/ai_plastic_waste_management_training/PS Plastic/foam_containers/Image_81.png,3,PP Plastic,3,PP Plastic,0.6180336475372314,0.0437016524374485,0.10415177792310715,0.005078877322375774,0.6180336475372314,0.22903406620025635
/Users/aswanathjs/Downloads/test9/ai_plastic_waste_management_training/LDPE Plastic/plastic_bags/LDPE-720_jpg.rf.eddaa6e2078e036d7189603785b0e98d.jpg,1,LDPE Plastic,1,LDPE Plastic,0.9998476505279541,1.351188802800607e-05,0.9998476505279541,3.804138759733178e-05,7.9566307249479e-05,2.1133882910362445e-05
/Users/aswanathjs/Downloads/test9/ai_plastic_waste_management_training/PS Plastic/foam_containers/0058_a06b01c1d1e0f0g0h3.jpg,4,PS Plastic,4,PS Plastic,0.998833954334259,0.0010611939942464232,1.7201811886025098e-07,3.780369979722309e-06,0.00010092766024172306,0.998833954334259
/Users/aswanathjs/Downloads/test9/ai_plastic_waste_management_training/PET Plastic/plastic_bottles/PET980.jpg,2,PET Plastic,2,PET Plastic,0.9999892711639404,7.332515451707877e-06,2.4216194560722215e-07,0.9999892711639404,8.682861789566232e-07,2.286277094754041e-06
/Users/aswanathjs/Downloads/test9/ai_plastic_waste_management_training/PET Plastic/plastic_bottles/PET597.jpg,2,PET Plastic,2,PET Plastic,1.0,1.564572116308227e-08,2.4093234074484826e-09,1.0,2.999059134367599e-08,6.070547620140587e-09
/Users/aswanathjs/Downloads/test9/ai_plastic_waste_management_training/HDPE Plastic/shampoo_bottles/0099_a02b01c1d3e0f1g0h3.jpg,0,HDPE Plastic,0,HDPE Plastic,0.9999994039535522,0.9999994039535522,1.3808884591348658e-10,1.7658575712786728e-09,5.440905397335882e-07,9.85564074795775e-10
/Users/aswanathjs/Downloads/test9/ai_plastic_waste_management_training/PS Plastic/foam_containers/Image_231.png,4,PS Plastic,3,PP Plastic,0.45319682359695435,0.0204655472189188,0.09834092855453491,0.005020834039896727,0.45319682359695435,0.42297592759132385
/Users/aswanathjs/Downloads/test9/ai_plastic_waste_management_training/PET Plastic/plastic_bottles/PET345.jpg,2,PET Plastic,2,PET Plastic,1.0,2.817008848410296e-10,2.781579633293063e-09,1.0,5.039256789629576e-10,8.759554886994536e-11
/Users/aswanathjs/Downloads/test9/ai_plastic_waste_management_training/PET Plastic/black_white_plastic_bottles/bsagu_jpg.rf.e7fc2809e4f1e5c278e8eeb0e20335e7.jpg,2,PET Plastic,2,PET Plastic,0.9999955892562866,8.736474228498992e-07,2.0995621525798924e-06,0.9999955892562866,1.1393033219064819e-06,3.1991012860999035e-07
/Users/aswanathjs/Downloads/test9/ai_plastic_waste_management_training/LDPE Plastic/plastic_bags/plasticbag (124) 17.43.56.jpg,1,LDPE Plastic,1,LDPE Plastic,0.9999961853027344,5.2796607974414655e-08,0.9999961853027344,2.7498224426381057e-06,9.959196631825762e-07,2.100989426878641e-08
/Users/aswanathjs/Downloads/test9/ai_plastic_waste_management_training/LDPE Plastic/plastic_bags/plasticbag (76).jpg,1,LDPE Plastic,1,LDPE Plastic,0.9999220371246338,4.980777703167405e-06,0.9999220371246338,5.1871698815375566e-05,1.3744396710535511e-05,7.377057954727206e-06
/Users/aswanathjs/Downloads/test9/ai_plastic_waste_management_training/PET Plastic/plastic_bottles/PET918.jpg,2,PET Plastic,2,PET Plastic,0.9999772310256958,2.101059862980037e-06,1.4436360288527794e-05,0.9999772310256958,5.0929247663589194e-06,1.1174043947903556e-06
/Users/aswanathjs/Downloads/test9/ai_plastic_waste_management_training/PET Plastic/plastic_bottles/PET641.jpg,2,PET Plastic,2,PET Plastic,0.9999998807907104,3.5170454992794475e-08,3.0026878761191256e-08,0.9999998807907104,3.9268268636760695e-08,7.72608554910903e-09
/Users/aswanathjs/Downloads/test9/ai_plastic_waste_management_training/PET Plastic/black_white_plastic_bottles/bmgvp_jpg.rf.727f4623eba05871250143f70b1d3a2f.jpg,2,PET Plastic,2,PET Plastic,0.999997615814209,5.071801183476055e-07,1.4766717413294828e-06,0.999997615814209,1.8272052670909034e-07,1.9018582975149911e-07
/Users/aswanathjs/Downloads/test9/ai_plastic_waste_management_training/PS Plastic/foam_containers/Image_206.png,4,PS Plastic,4,PS Plastic,0.4751078486442566,0.07038350403308868,0.040167324244976044,0.006467352621257305,0.4078739583492279,0.4751078486442566
/Users/aswanathjs/Downloads/test9/ai_plastic_waste_management_training/PP Plastic/round_containers/0043_a06b01c2d2e0f0g0h4.jpg,3,PP Plastic,3,PP Plastic,0.9999852180480957,5.42811812920263e-06,6.505360488517908e-06,1.825906792873866e-06,0.9999852180480957,9.646145144870388e-07
/Users/aswanathjs/Downloads/test9/ai_plastic_waste_management_training/HDPE Plastic/shampoo_bottles/0099_a02b01c2d3e0f1g0h1.jpg,0,HDPE Plastic,0,HDPE Plastic,0.9999949932098389,0.9999949932098389,3.6389198321273852e-09,8.338218435710587e-07,4.1890525608323514e-06,2.6502779970627444e-09
/Users/aswanathjs/Downloads/test9/ai_plastic_waste_management_training/LDPE Plastic/plastic_bags/LDPE-378_jpg.rf.8a91c4aa5f84d7394018793dc121b7b6.jpg,1,LDPE Plastic,1,LDPE Plastic,0.9999964237213135,5.8599813002047085e-08,0.9999964237213135,8.119125709526998e-07,3.4978620533365756e-07,2.2899835130374413e-06
/Users/aswanathjs/Downloads/test9/ai_plastic_waste_management_training/PS Plastic/foam_sheets/PS-640_jpg.rf.3c405ab3ce363ce4062d8548c785c29d.jpg,4,PS Plastic,4,PS Plastic,0.9999991655349731,6.341297762446629e-07,2.2332513083256345e-07,5.619371989951105e-08,9.571402337371637e-09,0.9999991655349731
/Users/aswanathjs/Downloads/test9/ai_plastic_waste_management_training/HDPE Plastic/shampoo_bottles/0078_a02b07c1d1e0f1g0h4.jpg,0,HDPE Plastic,0,HDPE Plastic,0.9999980926513672,0.9999980926513672,1.1143169942329223e-08,1.7658426259004045e-06,6.28014120707121e-08,1.331849741603719e-09
/Users/aswanathjs/Downloads/test9/ai_plastic_waste_management_training/LDPE Plastic/plastic_bags/plasticbag (136).jpg,1,LDPE Plastic,1,LDPE Plastic,0.9998403787612915,6.778867827961221e-06,0.9998403787612915,7.230784831335768e-05,7.907041435828432e-05,1.4279482911661034e-06
/Users/aswanathjs/Downloads/test9/ai_plastic_waste_management_training/PET Plastic/black_white_plastic_bottles/amcip_jpg.rf.07ca697a8a4cf55090b0845e49e5dee3.jpg,2,PET Plastic,2,PET Plastic,0.9999594688415527,9.916690942191053e-06,9.763216439750977e-06,0.9999594688415527,1.0346902854507789e-05,1.0510745596548077e-05
/Users/aswanathjs/Downloads/test9/ai_plastic_waste_management_training/HDPE Plastic/detergent_bottles/0096_a02b04c1d0e0f0g0h1.jpg,0,HDPE Plastic,0,HDPE Plastic,1.0,1.0,5.770545174511865e-13,2.312441904628315e-12,3.602361117738262e-11,1.5140384605760726e-13
/Users/aswanathjs/Downloads/test9/ai_plastic_waste_management_training/PET Plastic/black_white_plastic_bottles/bgohi_jpg.rf.cf847f578fcd94148a6c31a83fbfe20f.jpg,2,PET Plastic,2,PET Plastic,0.9999991655349731,5.9263594920366813e-08,3.9366781834360154e-08,0.9999991655349731,6.961272447369993e-07,3.870046327847376e-08
/Users/aswanathjs/Downloads/test9/ai_plastic_waste_management_training/LDPE Plastic/black_white__plastic_bags/0157_jpg.rf.7f3e73c17f516b83e16707a2c6852456.jpg,1,LDPE Plastic,1,LDPE Plastic,0.9998235106468201,6.0663369367830455e-06,0.9998235106468201,7.008519605733454e-05,5.053037602920085e-05,4.987894499208778e-05
/Users/aswanathjs/Downloads/test9/ai_plastic_waste_management_training/PS Plastic/foam_containers/Image_159.png,4,PS Plastic,3,PP Plastic,0.4888611435890198,0.038894541561603546,0.11424503475427628,0.007254372350871563,0.4888611435890198,0.35074490308761597
/Users/aswanathjs/Downloads/test9/ai_plastic_waste_management_training/PS Plastic/foam_containers/Image_157.png,4,PS Plastic,4,PS Plastic,0.500118613243103,0.036546602845191956,0.1421874761581421,0.009620080702006817,0.31152719259262085,0.500118613243103
/Users/aswanathjs/Downloads/test9/ai_plastic_waste_management_training/HDPE Plastic/detergent_bottles/0096_a02b04c1d1e0f0g0h3.jpg,0,HDPE Plastic,0,HDPE Plastic,1.0,1.0,1.4288308314291953e-09,8.74557404273446e-09,4.958647181751985e-08,1.5636137939978312e-09
/Users/aswanathjs/Downloads/test9/ai_plastic_waste_management_training/HDPE Plastic/detergent_botteles_grey/0096_a02b04c1d1e0f0g0h3.jpg,0,HDPE Plastic,0,HDPE Plastic,1.0,1.0,1.668645310815009e-08,1.9830654895969246e-09,1.030095297949174e-08,2.930734543937774e-10
/Users/aswanathjs/Downloads/test9/ai_plastic_waste_management_training/LDPE Plastic/plastic_bags/plasticbag (108).jpg,1,LDPE Plastic,1,LDPE Plastic,0.9932616353034973,0.0012296418426558375,0.9932616353034973,0.0010517779737710953,0.0006138395401649177,0.003843120066449046
/Users/aswanathjs/Downloads/test9/ai_plastic_waste_management_training/LDPE Plastic/black_white__plastic_bags/0098_jpg.rf.5b705dd9b706e7b8b8e109c0fbc07f06.jpg,1,LDPE Plastic,1,LDPE Plastic,0.996561586856842,7.045010715955868e-05,0.996561586856842,0.0019155002664774656,0.0013804602203890681,7.201838161563501e-05
/Users/aswanathjs/Downloads/test9/ai_plastic_waste_management_training/LDPE Plastic/black_white__plastic_bags/0241_jpg.rf.62b35e16b1e00c19df5a1d505eefbf4f.jpg,1,LDPE Plastic,1,LDPE Plastic,0.9999897480010986,1.6910668421132868e-07,0.9999897480010986,1.089956526811875e-06,3.75254728623986e-07,8.630199772596825e-06
/Users/aswanathjs/Downloads/test9/ai_plastic_waste_management_training/PET Plastic/black_white_plastic_bottles/cfklg_jpg.rf.bb2bd11c0ad56a75e50c389e2a8ead15.jpg,2,PET Plastic,2,PET Plastic,0.9999992847442627,5.218498131398519e-07,2.252724584650423e-08,0.9999992847442627,1.334275765429993e-07,2.618344829841135e-08
/Users/aswanathjs/Downloads/test9/ai_plastic_waste_management_training/PET Plastic/shampoo_bottles/0015_a05b00c1d3e1f1g0h2.jpg,2,PET Plastic,2,PET Plastic,0.9992832541465759,3.8554611819563434e-05,6.836590955572319e-07,0.9992832541465759,0.0006761558470316231,1.3109046221870813e-06
/Users/aswanathjs/Downloads/test9/ai_plastic_waste_management_training/HDPE Plastic/milk_bottles/HDPEM229.jpg,0,HDPE Plastic,0,HDPE Plastic,0.9999997615814209,0.9999997615814209,2.4862473191333834e-10,1.0351001122899106e-07,9.727724403774118e-08,1.1296685809014662e-09
/Users/aswanathjs/Downloads/test9/ai_plastic_waste_management_training/HDPE Plastic/milk_bottles_grey/HDPEM229.jpg,0,HDPE Plastic,0,HDPE Plastic,1.0,1.0,8.201415241382293e-12,5.54459977930577e-10,1.9039989584967998e-09,2.1894283608325793e-10
/Users/aswanathjs/Downloads/test9/ai_plastic_waste_management_training/PP Plastic/round_containers/IMG_20220209_174703.jpg,3,PP Plastic,3,PP Plastic,0.9958695769309998,0.0005005833809264004,7.094563625287265e-05,0.0035317782312631607,0.9958695769309998,2.7074369427282363e-05
"/Users/aswanathjs/Downloads/test9/ai_plastic_waste_management_training/PET Plastic/plastic_bottles/PET1,633.jpg",2,PET Plastic,2,PET Plastic,0.9999881982803345,4.6032289446884533e-07,1.0035806553787552e-05,0.9999881982803345,1.0196865787293063e-06,2.3599096721227397e-07
/Users/aswanathjs/Downloads/test9/ai_plastic_waste_management_training/PET Plastic/plastic_bottles/PET998.jpg,2,PET Plastic,2,PET Plastic,1.0,5.658124191398883e-09,8.050578870211211e-09,1.0,1.5299438382854191e-09,1.6959210702438554e-09
/Users/aswanathjs/Downloads/test9/ai_plastic_waste_management_training/LDPE Plastic/black_white__plastic_bags/0261_jpg.rf.f37ca61bfe06d11a4b818dbe14bcce94.jpg,1,LDPE Plastic,1,LDPE Plastic,0.9995527863502502,8.048939889704343e-06,0.9995527863502502,9.949836385203525e-05,0.00021649531845469028,0.00012312800390645862
/Users/aswanathjs/Downloads/test9/ai_plastic_waste_management_training/LDPE Plastic/black_white__plastic_bags/0238_jpg.rf.90501b6479a5078099f052c36ce27707.jpg,1,LDPE Plastic,1,LDPE Plastic,0.9999752044677734,2.3653531115996884e-06,0.9999752044677734,1.681153889876441e-06,3.4468798730813432e-06,1.7299855244345963e-05
/Users/aswanathjs/Downloads/test9/ai_plastic_waste_management_training/PET Plastic/plastic_bottles/PET697.jpg,2,PET Plastic,2,PET Plastic,0.9999995231628418,2.076084513191745e-07,1.60257954462395e-07,0.9999995231628418,9.244217125115028e-08,6.997920820595027e-08
/Users/aswanathjs/Downloads/test9/ai_plastic_waste_management_training/HDPE Plastic/milk_bottles/HDPEM386.jpg,0,HDPE Plastic,0,HDPE Plastic,0.9970310926437378,0.9970310926437378,5.870491804671474e-06,0.0029610362835228443,1.1175419558639987e-06,7.936683346088103e-07
/Users/aswanathjs/Downloads/test9/ai_plastic_waste_management_training/HDPE Plastic/milk_bottles/HDPEM131.jpg,0,HDPE Plastic,0,HDPE Plastic,0.9999942779541016,0.9999942779541016,2.8326729850647325e-09,3.0828857688902644e-07,5.385533768276218e-06,4.7533287528267465e-08
/Users/aswanathjs/Downloads/test9/ai_plastic_waste_management_training/PS Plastic/foam_sheets/PS-516_jpg.rf.3facb79a8b04a6d852f51994a02adf8d.jpg,4,PS Plastic,4,PS Plastic,0.9999996423721313,1.304902497167859e-07,2.0918689358495612e-07,9.733787109666991e-09,4.570555933725018e-09,0.9999996423721313
/Users/aswanathjs/Downloads/test9/ai_plastic_waste_management_training/HDPE Plastic/milk_bottles/HDPEM22.jpg,0,HDPE Plastic,0,HDPE Plastic,0.9999563694000244,0.9999563694000244,2.4086248231469654e-06,6.444769496738445e-06,8.535783308616374e-06,2.6202473236480728e-05
/Users/aswanathjs/Downloads/test9/ai_plastic_waste_management_training/PS Plastic/foam_sheets/PS-553_jpg.rf.2b55405fe1c5400324d71fefd8fa7800.jpg,4,PS Plastic,4,PS Plastic,1.0,2.4870805859222855e-08,1.3016086874984012e-08,1.6102570388198956e-09,6.439028754634535e-10,1.0
"/Users/aswanathjs/Downloads/test9/ai_plastic_waste_management_training/PET Plastic/plastic_bottles/PET1,246.jpg",2,PET Plastic,2,PET Plastic,0.9999707937240601,1.3852659321855754e-05,1.8046822560791043e-06,0.9999707937240601,1.1630073458945844e-05,1.8896917026722804e-06
/Users/aswanathjs/Downloads/test9/ai_plastic_waste_management_training/PS Plastic/foam_sheets/PS-745_jpg.rf.fa2e8c9df1912a705ad9bb778658360b.jpg,4,PS Plastic,4,PS Plastic,0.9999098777770996,7.46112846172764e-06,8.611629709776025e-06,2.4223836589953862e-05,4.9817885155789554e-05,0.9999098777770996
/Users/aswanathjs/Downloads/test9/ai_plastic_waste_management_training/LDPE Plastic/plastic_bags_grey/LDPE-587_jpg.rf.71633c7f379410ab207a7f5f645cec75.jpg,1,LDPE Plastic,1,LDPE Plastic,0.9998397827148438,3.493892108963337e-06,0.9998397827148438,8.653760232846253e-06,0.00011172294762218371,3.638278940343298e-05
/Users/aswanathjs/Downloads/test9/ai_plastic_waste_management_training/LDPE Plastic/plastic_bags/LDPE-587_jpg.rf.71633c7f379410ab207a7f5f645cec75.jpg,1,LDPE Plastic,1,LDPE Plastic,0.9997544884681702,3.0507228530041175e-06,0.9997544884681702,1.3377316463447642e-05,0.00017171548097394407,5.729690383304842e-05
/Users/aswanathjs/Downloads/test9/ai_plastic_waste_management_training/PET Plastic/plastic_bottles/PET315.jpg,2,PET Plastic,2,PET Plastic,0.9999289512634277,7.075374469422968e-06,3.398496482986957e-05,0.9999289512634277,2.8701108021778055e-05,1.3143978776497534e-06
/Users/aswanathjs/Downloads/test9/ai_plastic_waste_management_training/LDPE Plastic/black_white__plastic_bags/0190_jpg.rf.978a839afed93a8942f10bfa53782ca3.jpg,1,LDPE Plastic,1,LDPE Plastic,0.9999735355377197,3.527712578943465e-06,0.9999735355377197,3.1676358958065975e-06,1.328916823695181e-05,6.546259101014584e-06
/Users/aswanathjs/Downloads/test9/ai_plastic_waste_management_training/HDPE Plastic/detergent_bottles/0039_a02b01c2d2e0f1g0h2.jpg,0,HDPE Plastic,0,HDPE Plastic,0.9999979734420776,0.9999979734420776,2.2044388536812676e-09,1.9224257812311407e-06,8.375912585734113e-08,2.2888066997239775e-09
/Users/aswanathjs/Downloads/test9/ai_plastic_waste_management_training/PET Plastic/black_white_plastic_bottles/arbgx_jpg.rf.18ab2d8a97f0ed6065c96264854b42ef.jpg,2,PET Plastic,2,PET Plastic,0.9999986886978149,2.695656746709574e-07,7.725181916384827e-08,0.9999986886978149,6.03761293405114e-07,3.4498299328333815e-07
/Users/aswanathjs/Downloads/test9/ai_plastic_waste_management_training/HDPE Plastic/milk_bottles/HDPEM209.jpg,0,HDPE Plastic,0,HDPE Plastic,0.9999998807907104,0.9999998807907104,5.449223849929297e-10,5.613419773453643e-08,7.673757629333977e-09,1.1760830886942131e-07
/Users/aswanathjs/Downloads/test9/ai_plastic_waste_management_training/LDPE Plastic/plastic_bags/LDPE-471_jpg.rf.c31a2c365dd4102deb4f27a80bad3d4e.jpg,1,LDPE Plastic,1,LDPE Plastic,0.9998177886009216,1.71306892298162e-05,0.9998177886009216,4.302483648643829e-05,6.400357960956171e-05,5.8113422710448503e-05
/Users/aswanathjs/Downloads/test9/ai_plastic_waste_management_training/PET Plastic/shampoo_bottles/0080_a05b00c1d2e0f1g0h3.jpg,2,PET Plastic,2,PET Plastic,0.9995079040527344,4.7114714107010514e-05,0.00010488815314602107,0.9995079040527344,0.00031038414454087615,2.9703942345804535e-05
/Users/aswanathjs/Downloads/test9/ai_plastic_waste_management_training/PET Plastic/plastic_bottles/PET301.jpg,2,PET Plastic,2,PET Plastic,0.9999780654907227,8.210407941078302e-06,2.424593048999668e-06,0.9999780654907227,1.1096928574261256e-05,2.0546517021102773e-07
/Users/aswanathjs/Downloads/test9/ai_plastic_waste_management_training/PET Plastic/plastic_bottles/PET566.jpg,2,PET Plastic,2,PET Plastic,0.9999986886978149,1.9900102188330493e-07,2.628301842833025e-07,0.9999986886978149,4.590848163843475e-07,3.734120355147752e-07
/Users/aswanathjs/Downloads/test9/ai_plastic_waste_management_training/LDPE Plastic/plastic_bags/LDPE-483_jpg.rf.6953799daaa8663a1b0f83270c56396d.jpg,1,LDPE Plastic,1,LDPE Plastic,0.9999969005584717,5.017372473048454e-07,0.9999969005584717,1.2142152172600618e-06,3.117021663001651e-07,9.901179964799667e-07
/Users/aswanathjs/Downloads/test9/ai_plastic_waste_management_training/HDPE Plastic/shampoo_bottles/0099_a02b01c2d2e0f1g0h1.jpg,0,HDPE Plastic,0,HDPE Plastic,0.9999876022338867,0.9999876022338867,9.769120623559502e-09,7.056631602608832e-06,5.368970505514881e-06,1.7870990021151556e-08
/Users/aswanathjs/Downloads/test9/ai_plastic_waste_management_training/LDPE Plastic/plastic_bags/LDPE-31_jpg.rf.11403c96c374608d8e1d3b7e6780402c.jpg,1,LDPE Plastic,1,LDPE Plastic,0.9998730421066284,2.2988444925431395e-06,0.9998730421066284,2.9744237508566584e-06,0.00011428481957409531,7.309412922040792e-06
/Users/aswanathjs/Downloads/test9/ai_plastic_waste_management_training/HDPE Plastic/shampoo_bottles/0077_a02b01c2d3e0f1g0h1.jpg,0,HDPE Plastic,0,HDPE Plastic,0.9999990463256836,0.9999990463256836,5.743328035379136e-10,4.407633724667903e-08,9.558467581882724e-07,9.880769091807906e-09
/Users/aswanathjs/Downloads/test9/ai_plastic_waste_management_training/HDPE Plastic/milk_bottles/HDPEM360.jpg,0,HDPE Plastic,0,HDPE Plastic,0.999993085861206,0.999993085861206,2.5049589069681133e-08,2.5717736207298003e-06,4.2900624066533055e-06,1.5756178584069858e-08
/Users/aswanathjs/Downloads/test9/ai_plastic_waste_management_training/PS Plastic/foam_containers/styrofoam-155-_jpg.rf.8112fc6e200813cb30aa96a85bb1e9b8.jpg,4,PS Plastic,4,PS Plastic,0.9196650385856628,0.01986929401755333,0.0012677614577114582,0.0033752690069377422,0.055822618305683136,0.9196650385856628
/Users/aswanathjs/Downloads/test9/ai_plastic_waste_management_training/HDPE Plastic/detergent_bottles/0098_a02b03c1d1e0f0g0h4.jpg,0,HDPE Plastic,0,HDPE Plastic,1.0,1.0,1.070477907705314e-12,6.776412764253337e-12,6.120207118875953e-11,2.9994249271803053e-12
/Users/aswanathjs/Downloads/test9/ai_plastic_waste_management_training/PET Plastic/black_white_plastic_bottles/dpomr_jpg.rf.ab8a28a7730fb63c0b7ae72fc5b64c7a.jpg,2,PET Plastic,2,PET Plastic,0.9999977350234985,7.648288260497793e-07,3.608604686178296e-07,0.9999977350234985,8.732711762604595e-07,3.3651807029855263e-07
/Users/aswanathjs/Downloads/test9/ai_plastic_waste_management_training/PET Plastic/black_white_plastic_bottles/cqkau_jpg.rf.2182440ea8e7e4e637da1f4d7699d4f4.jpg,2,PET Plastic,2,PET Plastic,0.999998927116394,2.2425196277708892e-07,3.989230492607021e-07,0.999998927116394,3.590730273117515e-07,1.0962060059682699e-07
/Users/aswanathjs/Downloads/test9/ai_plastic_waste_management_training/HDPE Plastic/shampoo_bottles/0061_a02b01c2d3e0f1g0h0.jpg,0,HDPE Plastic,0,HDPE Plastic,0.9999940395355225,0.9999940395355225,6.529813845190802e-08,5.447124749480281e-06,1.1607860272988546e-07,1.999779470907015e-07
/Users/aswanathjs/Downloads/test9/ai_plastic_waste_management_training/PP Plastic/square_containers_grey/IMG_20220209_173111.jpg,3,PP Plastic,3,PP Plastic,0.9999699592590332,1.9271750716143288e-05,4.360097136668628e-06,2.3039092411636375e-06,0.9999699592590332,4.015422746306285e-06
/Users/aswanathjs/Downloads/test9/ai_plastic_waste_management_training/PP Plastic/square_containers/IMG_20220209_173111.jpg,3,PP Plastic,3,PP Plastic,0.99992835521698,6.988796667428687e-05,4.211695454614528e-07,2.3174611385456956e-07,0.99992835521698,1.0673484212020412e-06
/Users/aswanathjs/Downloads/test9/ai_plastic_waste_management_training/PET Plastic/shampoo_bottles/0015_a05b00c1d2e1f1g0h3.jpg,2,PET Plastic,2,PET Plastic,0.9997631907463074,7.202169217634946e-05,4.2879488319158554e-05,0.9997631907463074,0.00011820273357443511,3.6564542824635282e-06
/Users/aswanathjs/Downloads/test9/ai_plastic_waste_management_training/LDPE Plastic/plastic_bags/train_LDPE-6_jpg.rf.e4dbd04b7817daefe90e70465425a44a.jpg,1,LDPE Plastic,1,LDPE Plastic,0.9999754428863525,3.0500939374178415e-06,0.9999754428863525,1.1763331713154912e-06,1.2818897630495485e-05,7.411215847241692e-06
/Users/aswanathjs/Downloads/test9/ai_plastic_waste_management_training/HDPE Plastic/shampoo_bottles/0063_a02b01c2d2e0f1g1h2.jpg,0,HDPE Plastic,0,HDPE Plastic,0.9994522929191589,0.9994522929191589,9.26816755963955e-06,7.141763944673585e-06,0.00048212564433924854,4.9253878387389705e-05
/Users/aswanathjs/Downloads/test9/ai_plastic_waste_management_training/HDPE Plastic/milk_bottles/P_W (1066).jpg,0,HDPE Plastic,0,HDPE Plastic,0.9999977350234985,0.9999977350234985,2.5473173792534e-08,3.3133562737930333e-07,9.204188131661795e-07,9.666765663496335e-07
/Users/aswanathjs/Downloads/test9/ai_plastic_waste_management_training/PP Plastic/rectangle_containers/0011_a05b00c1d2e0f0g0h0.jpg,3,PP Plastic,3,PP Plastic,0.9999988079071045,5.734739616514162e-08,4.8742009539637365e-08,1.073029125109315e-06,0.9999988079071045,3.596993281007599e-08
/Users/aswanathjs/Downloads/test9/ai_plastic_waste_management_training/PP Plastic/square_containers/0011_a05b00c1d2e0f0g0h0.jpg,3,PP Plastic,3,PP Plastic,0.9999988079071045,5.734739616514162e-08,4.8742009539637365e-08,1.073029125109315e-06,0.9999988079071045,3.596993281007599e-08
/Users/aswanathjs/Downloads/test9/ai_plastic_waste_management_training/LDPE Plastic/plastic_bags/train_LDPE-71_jpg.rf.02a70bcaf7f2d9df1c71fb6ca68860e6.jpg,1,LDPE Plastic,1,LDPE Plastic,0.9999443292617798,1.7627108945816872e-06,0.9999443292617798,9.965800927602686e-06,2.2285260001808638e-06,4.167194856563583e-05
/Users/aswanathjs/Downloads/test9/ai_plastic_waste_management_training/HDPE Plastic/shampoo_bottles/0061_a02b01c1d3e0f1g0h0.jpg,0,HDPE Plastic,0,HDPE Plastic,1.0,1.0,2.1703978891896014e-10,8.671245055325016e-09,4.3528197712916494e-10,1.0281396845002178e-09
/Users/aswanathjs/Downloads/test9/ai_plastic_waste_management_training/PS Plastic/foam_sheets/PS-596_jpg.rf.d5ef4bfb65cddfd280ac731f411a2f78.jpg,4,PS Plastic,4,PS Plastic,0.9999996423721313,2.603529480893485e-07,5.7561244659609656e-08,2.4037698054257817e-08,2.7828056303746962e-08,0.9999996423721313
/Users/aswanathjs/Downloads/test9/ai_plastic_waste_management_training/PET Plastic/plastic_bottles/PET318.jpg,2,PET Plastic,2,PET Plastic,0.9999138116836548,1.2351081750239246e-05,1.657857865211554e-05,0.9999138116836548,5.5705186241539195e-05,1.5437109368576785e-06
/Users/aswanathjs/Downloads/test9/ai_plastic_waste_management_training/HDPE Plastic/shampoo_bottles/0099_a02b01c1d3e0f1g0h1.jpg,0,HDPE Plastic,0,HDPE Plastic,0.9999978542327881,0.9999978542327881,7.289060910409262e-09,8.481852660224831e-07,1.2674433946813224e-06,1.9552119923105238e-09
/Users/aswanathjs/Downloads/test9/ai_plastic_waste_management_training/PET Plastic/plastic_bottles/PET590.jpg,2,PET Plastic,2,PET Plastic,0.9999996423721313,9.79613048457395e-08,4.951396803676289e-08,0.9999996423721313,7.668361234891563e-08,9.780540466408638e-08
/Users/aswanathjs/Downloads/test9/ai_plastic_waste_management_training/LDPE Plastic/black_white__plastic_bags/0231_jpg.rf.8f1ada47c955efa6f7a8ff3805caa693.jpg,1,LDPE Plastic,1,LDPE Plastic,0.9999402761459351,1.5331543181673624e-06,0.9999402761459351,1.001652708509937e-05,4.048878690809943e-05,7.629159881616943e-06
/Users/aswanathjs/Downloads/test9/ai_plastic_waste_management_training/PP Plastic/round_containers/IMG20220210150831.jpg,3,PP Plastic,3,PP Plastic,0.9928291440010071,0.0009143739589489996,0.0011118928669020534,0.0010307226330041885,0.9928291440010071,0.0041138487868011
/Users/aswanathjs/Downloads/test9/ai_plastic_waste_management_training/LDPE Plastic/bin_bags/Image_58.png,1,LDPE Plastic,1,LDPE Plastic,0.997514009475708,0.0012552705593407154,0.997514009475708,0.0007898802869021893,0.0003539079916663468,8.701282786205411e-05
/Users/aswanathjs/Downloads/test9/ai_plastic_waste_management_training/PS Plastic/form_containers_grey/Image_58.png,1,LDPE Plastic,3,PP Plastic,0.3832518756389618,0.041109684854745865,0.2588312029838562,0.005676710978150368,0.3832518756389618,0.3111305236816406
/Users/aswanathjs/Downloads/test9/ai_plastic_waste_management_training/PS Plastic/foam_containers/Image_58.png,1,LDPE Plastic,3,PP Plastic,0.38351085782051086,0.04103992134332657,0.2583795189857483,0.0056635295040905476,0.38351085782051086,0.3114061653614044
/Users/aswanathjs/Downloads/test9/ai_plastic_waste_management_training/HDPE Plastic/shampoo_bottles/0075_a02b01c1d0e0f0g0h1.jpg,0,HDPE Plastic,0,HDPE Plastic,0.9999932050704956,0.9999932050704956,1.3149529820566386e-07,2.678645159903681e-06,3.780399765673792e-06,1.9221425873183762e-07
/Users/aswanathjs/Downloads/test9/ai_plastic_waste_management_training/HDPE Plastic/milk_bottles/HDPEM80.jpg,0,HDPE Plastic,0,HDPE Plastic,0.9999991655349731,0.9999991655349731,2.6981576972673338e-09,1.8014497982221656e-07,6.103620080466499e-07,1.4811392112790145e-08
/Users/aswanathjs/Downloads/test9/ai_plastic_waste_management_training/LDPE Plastic/bin_bags/Image_60.png,1,LDPE Plastic,1,LDPE Plastic,0.9469518661499023,0.03909529373049736,0.9469518661499023,0.008052586577832699,0.004144657868891954,0.0017555879894644022
/Users/aswanathjs/Downloads/test9/ai_plastic_waste_management_training/PS Plastic/foam_containers/Image_60.png,1,LDPE Plastic,1,LDPE Plastic,0.6282302737236023,0.019925469532608986,0.6282302737236023,0.004145716316998005,0.24920330941677094,0.09849520772695541
/Users/aswanathjs/Downloads/test9/ai_plastic_waste_management_training/HDPE Plastic/shampoo_bottles/0023_a02b01c1d3e0f1g0h0.jpg,0,HDPE Plastic,0,HDPE Plastic,0.9958463311195374,0.9958463311195374,2.596192416604026e-07,1.2263323696970474e-05,0.004140227567404509,8.945702347773477e-07
/Users/aswanathjs/Downloads/test9/ai_plastic_waste_management_training/PET Plastic/black_white_plastic_bottles/bxqtf_jpg.rf.8953710a25c45ea6d46dd60a14bd9685.jpg,2,PET Plastic,2,PET Plastic,0.9999605417251587,2.2235661162994802e-05,2.540781224524835e-06,0.9999605417251587,1.0518318049435038e-05,4.098906174476724e-06
/Users/aswanathjs/Downloads/test9/ai_plastic_waste_management_training/HDPE Plastic/detergent_bottles/0096_a02b04c2d2e0f0g0h3.jpg,0,HDPE Plastic,0,HDPE Plastic,1.0,1.0,2.2608938332613349e-10,4.32889413204407e-09,2.1730469867975444e-08,4.5112541480207824e-10
/Users/aswanathjs/Downloads/test9/ai_plastic_waste_management_training/HDPE Plastic/detergent_botteles_grey/0096_a02b04c2d2e0f0g0h3.jpg,0,HDPE Plastic,0,HDPE Plastic,1.0,1.0,1.1528171472985349e-10,1.0582457132812806e-10,1.6564234428528835e-09,1.895622547820608e-11
/Users/aswanathjs/Downloads/test9/ai_plastic_waste_management_training/LDPE Plastic/plastic_bags/LDPE-62_jpg.rf.c42e94513945b3935fa53a486ff698f9.jpg,1,LDPE Plastic,1,LDPE Plastic,0.9997711777687073,7.409709269268205e-06,0.9997711777687073,5.425902782008052e-05,0.00011252021067775786,5.466706716106273e-05
/Users/aswanathjs/Downloads/test9/ai_plastic_waste_management_training/LDPE Plastic/plastic_bags/LDPE-126_jpg.rf.afd7529378d3973e56c85621c07344fd.jpg,1,LDPE Plastic,1,LDPE Plastic,0.9999334812164307,4.655128577724099e-06,0.9999334812164307,1.9286344468127936e-05,1.930485450429842e-05,2.3287455405807123e-05
/Users/aswanathjs/Downloads/test9/ai_plastic_waste_management_training/HDPE Plastic/shampoo_bottles/0078_a02b07c2d2e0f1g0h2.jpg,0,HDPE Plastic,0,HDPE Plastic,0.9999995231628418,0.9999995231628418,9.337312034674028e-10,1.5294925503894774e-07,3.27608461248019e-07,3.03422599545744e-11
/Users/aswanathjs/Downloads/test9/ai_plastic_waste_management_training/PP Plastic/rectangle_containers/0011_a05b00c1d1e0f0g0h2.jpg,3,PP Plastic,3,PP Plastic,0.999993085861206,7.21865205832728e-07,2.643388370415778e-06,2.7762696390709607e-06,0.999993085861206,8.137415647979651e-07
/Users/aswanathjs/Downloads/test9/ai_plastic_waste_management_training/PP Plastic/square_containers/0011_a05b00c1d1e0f0g0h2.jpg,3,PP Plastic,3,PP Plastic,0.999993085861206,7.21865205832728e-07,2.643388370415778e-06,2.7762696390709607e-06,0.999993085861206,8.137415647979651e-07
/Users/aswanathjs/Downloads/test9/ai_plastic_waste_management_training/LDPE Plastic/plastic_bags/plasticbag (110).jpg,1,LDPE Plastic,1,LDPE Plastic,0.9999970197677612,4.5969322570726945e-08,0.9999970197677612,5.8189751683812574e-08,3.7779759054501483e-07,2.5685187665658304e-06
/Users/aswanathjs/Downloads/test9/ai_plastic_waste_management_training/PP Plastic/irregular_containers/valid_PP-99_jpg.rf.5722276814f4225b80e324036bebfad4.jpg,3,PP Plastic,3,PP Plastic,0.9999862909317017,5.540271104109706e-07,1.0314904102415312e-05,1.4323987898023915e-06,0.9999862909317017,1.3155615761206718e-06
/Users/aswanathjs/Downloads/test9/ai_plastic_waste_management_training/PP Plastic/irregular_containers_grey/valid_PP-99_jpg.rf.5722276814f4225b80e324036bebfad4.jpg,3,PP Plastic,3,PP Plastic,0.9999523162841797,2.02406408789102e-06,4.0872655517887324e-05,2.7233227228862233e-06,0.9999523162841797,2.027622713285382e-06
/Users/aswanathjs/Downloads/test9/ai_plastic_waste_management_training/PS Plastic/foam_containers/img_-_1_jpeg.rf.aae6e0cb2d96a114b2a2151b2c2fcc75.jpg,4,PS Plastic,4,PS Plastic,0.993145227432251,0.0015020332066342235,0.0008123631705529988,0.0018076669657602906,0.0027328033465892076,0.993145227432251
/Users/aswanathjs/Downloads/test9/ai_plastic_waste_management_training/HDPE Plastic/milk_bottles/HDPEM24.jpg,0,HDPE Plastic,0,HDPE Plastic,0.9999936819076538,0.9999936819076538,2.1016253626271464e-08,6.3180314100463875e-06,9.36408173224379e-10,7.182405781236412e-09
/Users/aswanathjs/Downloads/test9/ai_plastic_waste_management_training/HDPE Plastic/milk_bottles_grey/HDPEM24.jpg,0,HDPE Plastic,0,HDPE Plastic,0.9999874830245972,0.9999874830245972,5.281199264572933e-07,1.1840634215332102e-05,1.6670465896595488e-08,1.1285477796718624e-07
/Users/aswanathjs/Downloads/test9/ai_plastic_waste_management_training/PET Plastic/black_white_plastic_bottles/bcqux_jpg.rf.f3976177316a74e116b0044901dcfca4.jpg,2,PET Plastic,2,PET Plastic,0.9996060729026794,1.2186067579023074e-05,0.00019501893257256597,0.9996060729026794,0.00015735292981844395,2.939093428722117e-05
/Users/aswanathjs/Downloads/test9/ai_plastic_waste_management_training/PET Plastic/shampoo_bottles/0015_a05b00c1d2e1f1g0h1.jpg,2,PET Plastic,2,PET Plastic,0.9725631475448608,0.0057637314312160015,0.0029903529211878777,0.9725631475448608,0.015546951442956924,0.0031358525156974792
/Users/aswanathjs/Downloads/test9/ai_plastic_waste_management_training/HDPE Plastic/shampoo_bottles/0099_a02b01c2d3e0f1g0h4.jpg,0,HDPE Plastic,0,HDPE Plastic,0.9999998807907104,0.9999998807907104,7.814098812453096e-10,6.3057634669405616e-09,7.081141717435457e-08,3.113337809779182e-09
"/Users/aswanathjs/Downloads/test9/ai_plastic_waste_management_training/PET Plastic/plastic_bottles/PET1,442.jpg",2,PET Plastic,2,PET Plastic,0.9999339580535889,3.8019334169803187e-06,1.9307526599732228e-06,0.9999339580535889,6.0051352193113416e-05,2.203904756470365e-07
/Users/aswanathjs/Downloads/test9/ai_plastic_waste_management_training/LDPE Plastic/plastic_bags/LDPE-51_jpg.rf.ce5a2bd661d9d7eae064df3df00d5257.jpg,1,LDPE Plastic,1,LDPE Plastic,0.9999263286590576,9.88776719168527e-06,0.9999263286590576,8.522552889189683e-06,5.0617083616089076e-05,4.581583198159933e-06
/Users/aswanathjs/Downloads/test9/ai_plastic_waste_management_training/PET Plastic/shampoo_bottles/0080_a05b00c2d0e0f1g0h0.jpg,2,PET Plastic,2,PET Plastic,0.9982445240020752,0.0014995037345215678,2.6004128812928684e-05,0.9982445240020752,0.00017386693798471242,5.6058841437334195e-05
/Users/aswanathjs/Downloads/test9/ai_plastic_waste_management_training/HDPE Plastic/shampoo_bottles/0061_a02b01c1d3e0f1g0h2(1).jpg,0,HDPE Plastic,0,HDPE Plastic,0.999998927116394,0.999998927116394,2.6605853076233643e-09,1.0836586170626106e-06,5.13936981860752e-09,1.865411602963718e-09
"/Users/aswanathjs/Downloads/test9/ai_plastic_waste_management_training/PET Plastic/plastic_bottles/PET1,300.jpg",2,PET Plastic,2,PET Plastic,0.9997879862785339,8.42549852677621e-05,2.2563259335584007e-05,0.9997879862785339,9.993873391067609e-05,5.303301804815419e-06
/Users/aswanathjs/Downloads/test9/ai_plastic_waste_management_training/PET Plastic/plastic_bottles/PET732.jpg,2,PET Plastic,2,PET Plastic,0.9999979734420776,9.410670145371114e-07,3.732568814029946e-07,0.9999979734420776,5.27373970271583e-07,7.650262290326282e-08
/Users/aswanathjs/Downloads/test9/ai_plastic_waste_management_training/HDPE Plastic/shampoo_bottles/0061_a02b01c2d1e0f1g0h3.jpg,0,HDPE Plastic,0,HDPE Plastic,0.9999942779541016,0.9999942779541016,6.249309070227582e-09,3.874617959809257e-06,1.735106820888177e-06,5.6853988184002446e-08
/Users/aswanathjs/Downloads/test9/ai_plastic_waste_management_training/HDPE Plastic/detergent_bottles/P_W (488).jpg,0,HDPE Plastic,0,HDPE Plastic,0.9999935626983643,0.9999935626983643,5.122138269086918e-09,5.991103080305038e-06,1.914351912546408e-07,2.8148679120931774e-07
/Users/aswanathjs/Downloads/test9/ai_plastic_waste_management_training/PS Plastic/foam_sheets/PS-880_jpg.rf.a916936ed34d0cd3ee2b75c9c82b5aa2.jpg,4,PS Plastic,4,PS Plastic,0.9999998807907104,6.220532355882824e-08,1.0701799446621862e-08,2.0000992861923805e-08,1.3822002209451512e-08,0.9999998807907104
/Users/aswanathjs/Downloads/test9/ai_plastic_waste_management_training/HDPE Plastic/milk_bottles/HDPEM27.jpg,0,HDPE Plastic,0,HDPE Plastic,0.9999960660934448,0.9999960660934448,2.3650650859963207e-07,1.853233584370173e-07,1.15523835120257e-06,2.229723349955748e-06
/Users/aswanathjs/Downloads/test9/ai_plastic_waste_management_training/HDPE Plastic/milk_bottles_grey/HDPEM27.jpg,0,HDPE Plastic,0,HDPE Plastic,0.9999771118164062,0.9999771118164062,4.508717211137991e-06,4.4702926516038133e-07,1.2354774298728444e-05,5.593834885075921e-06
/Users/aswanathjs/Downloads/test9/ai_plastic_waste_management_training/PP Plastic/square_containers_grey/Image_13.png,3,PP Plastic,3,PP Plastic,0.9545639753341675,0.0018510730005800724,0.04197391867637634,0.0004871560959145427,0.9545639753341675,0.001123945228755474
/Users/aswanathjs/Downloads/test9/ai_plastic_waste_management_training/PP Plastic/square_containers/Image_13.png,3,PP Plastic,3,PP Plastic,0.9955449104309082,0.0006624124944210052,0.003663913579657674,4.957123383064754e-05,0.9955449104309082,7.912573346402496e-05
/Users/aswanathjs/Downloads/test9/ai_plastic_waste_management_training/PS Plastic/foam_containers/Image_13.png,3,PP Plastic,4,PS Plastic,0.4709886908531189,0.011660721153020859,0.0569731630384922,0.0030750122386962175,0.457302451133728,0.4709886908531189
/Users/aswanathjs/Downloads/test9/ai_plastic_waste_management_training/HDPE Plastic/shampoo_bottles/0063_a02b01c2d3e0f1g1h3.jpg,0,HDPE Plastic,0,HDPE Plastic,0.9863033890724182,0.9863033890724182,0.0001827105734264478,0.00010304577881470323,0.013155538588762283,0.0002553334925323725
"/Users/aswanathjs/Downloads/test9/ai_plastic_waste_management_training/PET Plastic/plastic_bottles/PET1,242.jpg",2,PET Plastic,2,PET Plastic,0.9999988079071045,8.565529583393072e-07,9.965697245206684e-08,0.9999988079071045,2.2703581237237813e-07,1.555198458902396e-08
/Users/aswanathjs/Downloads/test9/ai_plastic_waste_management_training/HDPE Plastic/shampoo_bottles/0063_a02b01c1d3e0f1g1h4.jpg,0,HDPE Plastic,0,HDPE Plastic,1.0,1.0,1.538687371960279e-10,6.547309361337739e-09,3.4968785200817365e-08,8.376320193015374e-10
/Users/aswanathjs/Downloads/test9/ai_plastic_waste_management_training/HDPE Plastic/milk_bottles/HDPEM36.jpg,0,HDPE Plastic,0,HDPE Plastic,0.9998329877853394,0.9998329877853394,9.658372164267348e-07,0.00013590749586001039,1.3160256457922515e-05,1.690384124231059e-05
/Users/aswanathjs/Downloads/test9/ai_plastic_waste_management_training/LDPE Plastic/plastic_bags/plasticbag (45).jpg,1,LDPE Plastic,1,LDPE Plastic,0.9999886751174927,3.0025710202608025e-06,0.9999886751174927,7.129120831450564e-07,6.672692506981548e-06,8.904324317882129e-07
/Users/aswanathjs/Downloads/test9/ai_plastic_waste_management_training/HDPE Plastic/shampoo_bottles/0065_a02b03c1d2e0f1g0h0.jpg,0,HDPE Plastic,0,HDPE Plastic,1.0,1.0,5.169891749944033e-13,1.0568170470681704e-11,2.9271463725111246e-11,9.67559365960824e-13
"/Users/aswanathjs/Downloads/test9/ai_plastic_waste_management_training/PET Plastic/plastic_bottles/PET1,332.jpg",2,PET Plastic,2,PET Plastic,0.9994509816169739,0.00040775586967356503,2.532860526116565e-05,0.9994509816169739,8.688266098033637e-05,2.9052989702904597e-05
/Users/aswanathjs/Downloads/test9/ai_plastic_waste_management_training/LDPE Plastic/plastic_bags/plasticbag (182).jpg,1,LDPE Plastic,1,LDPE Plastic,0.9998335838317871,4.830939815292368e-06,0.9998335838317871,0.00011175328108947724,4.3801876017823815e-05,6.112602022767533e-06
/Users/aswanathjs/Downloads/test9/ai_plastic_waste_management_training/LDPE Plastic/plastic_bags/train_LDPE-38_jpg.rf.dd7b92b1dfdcc37993b6847f2dcbbf0c.jpg,1,LDPE Plastic,1,LDPE Plastic,0.9970874190330505,0.002015307080000639,0.9970874190330505,0.0004601595865096897,0.00019782810704782605,0.00023932410113047808
"/Users/aswanathjs/Downloads/test9/ai_plastic_waste_management_training/PET Plastic/plastic_bottles/PET1,066.jpg",2,PET Plastic,2,PET Plastic,0.9999850988388062,5.618961040454451e-06,5.373141902964562e-06,0.9999850988388062,6.202305939950747e-07,3.302180630271323e-06
/Users/aswanathjs/Downloads/test9/ai_plastic_waste_management_training/PP Plastic/round_containers/0043_a06b01c2d3e0f0g0h1.jpg,3,PP Plastic,3,PP Plastic,0.9999680519104004,3.966287749790354e-06,1.6424890418420546e-05,1.0197054507443681e-05,0.9999680519104004,1.3597200450021774e-06
/Users/aswanathjs/Downloads/test9/ai_plastic_waste_management_training/PS Plastic/foam_sheets/PS-527_jpg.rf.1ab717892253dd8aef80e9d9c9967b72.jpg,4,PS Plastic,4,PS Plastic,1.0,1.9757081304305757e-08,2.106590013539744e-09,1.8346340002750594e-09,1.0411921325115259e-09,1.0
/Users/aswanathjs/Downloads/test9/ai_plastic_waste_management_training/LDPE Plastic/plastic_bags/plasticbag (116).jpg,1,LDPE Plastic,1,LDPE Plastic,0.9999415874481201,6.710516231578367e-07,0.9999415874481201,1.8100408851751126e-05,3.88479747925885e-05,7.876485597080318e-07
/Users/aswanathjs/Downloads/test9/ai_plastic_waste_management_training/HDPE Plastic/milk_bottles/HDPEM145.jpg,0,HDPE Plastic,0,HDPE Plastic,0.9997490048408508,0.9997490048408508,1.8489145077182911e-06,0.0001173699347418733,0.00012835535744670779,3.3794110549933976e-06
/Users/aswanathjs/Downloads/test9/ai_plastic_waste_management_training/PP Plastic/round_containers/Image_216.png,3,PP Plastic,3,PP Plastic,0.9105053544044495,0.006206365302205086,0.07443384826183319,0.0007281009457074106,0.9105053544044495,0.008126338943839073
/Users/aswanathjs/Downloads/test9/ai_plastic_waste_management_training/PS Plastic/foam_containers/Image_216.png,3,PP Plastic,3,PP Plastic,0.5892830491065979,0.02089489810168743,0.18828018009662628,0.0023454949259757996,0.5892830491065979,0.19919639825820923
/Users/aswanathjs/Downloads/test9/ai_plastic_waste_management_training/LDPE Plastic/plastic_bags/LDPE-593_jpg.rf.ad93dd8a1bb5cebd09f0d26f2ae840bf.jpg,1,LDPE Plastic,1,LDPE Plastic,0.9996912479400635,3.3017284295056015e-05,0.9996912479400635,5.0477407057769597e-05,0.0001684026647126302,5.6850836699595675e-05
/Users/aswanathjs/Downloads/test9/ai_plastic_waste_management_training/PET Plastic/plastic_bottles/PET292.jpg,2,PET Plastic,2,PET Plastic,0.9999938011169434,1.5344518260462792e-06,4.979370373803249e-07,0.9999938011169434,4.01803117711097e-06,1.8947146429582062e-07
/Users/aswanathjs/Downloads/test9/ai_plastic_waste_management_training/PET Plastic/black_white_plastic_bottles/cltka_jpg.rf.9d65e5c02ad8651d6b3ce4e4872928a2.jpg,2,PET Plastic,2,PET Plastic,0.9999905824661255,1.2235369695190457e-06,7.543713763880078e-06,0.9999905824661255,5.866716037417063e-07,8.92436631261262e-08
/Users/aswanathjs/Downloads/test9/ai_plastic_waste_management_training/PP Plastic/round_containers/0043_a06b01c1d0e0f0g0h1.jpg,3,PP Plastic,3,PP Plastic,0.9982715845108032,0.0005989240598864853,0.00022272375645115972,0.0007066922262310982,0.9982715845108032,0.00019995466573163867
/Users/aswanathjs/Downloads/test9/ai_plastic_waste_management_training/PP Plastic/round_containers_grey/0043_a06b01c1d0e0f0g0h1.jpg,3,PP Plastic,3,PP Plastic,0.9984174966812134,0.0004536464693956077,0.0006890320801176131,0.00028057495364919305,0.9984174966812134,0.00015923379396554083
/Users/aswanathjs/Downloads/test9/ai_plastic_waste_management_training/PP Plastic/round_containers/0009_a06b01c2d0e0f0g0h0.jpg,3,PP Plastic,3,PP Plastic,0.995570719242096,0.003970342688262463,9.644598321756348e-05,0.00021627641399390996,0.995570719242096,0.00014616768748965114
/Users/aswanathjs/Downloads/test9/ai_plastic_waste_management_training/HDPE Plastic/detergent_bottles/Image_245.png,0,HDPE Plastic,0,HDPE Plastic,0.9999505281448364,0.9999505281448364,4.597606846346025e-07,7.5082434705109335e-06,4.1361792682437226e-05,1.7223293014012597e-07
/Users/aswanathjs/Downloads/test9/ai_plastic_waste_management_training/PS Plastic/foam_containers/Image_245.png,0,HDPE Plastic,3,PP Plastic,0.3042658269405365,0.25626522302627563,0.2593531310558319,0.027103284373879433,0.3042658269405365,0.1530124992132187
/Users/aswanathjs/Downloads/test9/ai_plastic_waste_management_training/PP Plastic/round_containers/0043_a06b01c1d0e0f0g0h3.jpg,3,PP Plastic,3,PP Plastic,0.9994826316833496,5.878860247321427e-05,0.00018318122602067888,0.0002322067302884534,0.9994826316833496,4.3186657421756536e-05
"/Users/aswanathjs/Downloads/test9/ai_plastic_waste_management_training/PET Plastic/plastic_bottles/PET1,309.jpg",2,PET Plastic,2,PET Plastic,0.9999407529830933,1.0260562703479081e-05,1.3951596883998718e-05,0.9999407529830933,3.277926589362323e-05,2.298960680491291e-06
/Users/aswanathjs/Downloads/test9/ai_plastic_waste_management_training/LDPE Plastic/plastic_bags/plasticbag (171).jpg,1,LDPE Plastic,1,LDPE Plastic,0.9983744621276855,6.356579979183152e-05,0.9983744621276855,2.998314994329121e-05,0.0015120464377105236,1.983099900826346e-05
/Users/aswanathjs/Downloads/test9/ai_plastic_waste_management_training/LDPE Plastic/plastic_bags/plasticbag (113).jpg,1,LDPE Plastic,1,LDPE Plastic,0.985532820224762,0.0026835594326257706,0.985532820224762,0.0068383789621293545,0.0018192719435319304,0.003126016817986965
/Users/aswanathjs/Downloads/test9/ai_plastic_waste_management_training/PS Plastic/foam_sheets/PS-685_jpg.rf.9eef114ced0976930f55ec95b2871d87.jpg,4,PS Plastic,4,PS Plastic,0.9999986886978149,6.160406087474257e-07,5.072164412922575e-07,6.415881159682613e-08,3.634946565966857e-08,0.9999986886978149
/Users/aswanathjs/Downloads/test9/ai_plastic_waste_management_training/PET Plastic/shampoo_bottles/IMG_20220209_220437.jpg,2,PET Plastic,2,PET Plastic,0.9999477863311768,2.9763643397018313e-05,2.150920408894308e-06,0.9999477863311768,1.872049324447289e-05,1.5739710761408787e-06
/Users/aswanathjs/Downloads/test9/ai_plastic_waste_management_training/HDPE Plastic/milk_bottles/milk.JPG,0,HDPE Plastic,0,HDPE Plastic,0.9998173117637634,0.9998173117637634,1.0117454394276137e-06,0.00016172703180927783,1.6810959380109125e-07,1.974030237761326e-05
/Users/aswanathjs/Downloads/test9/ai_plastic_waste_management_training/PET Plastic/plastic_bottles/PET789.jpg,2,PET Plastic,2,PET Plastic,0.9999980926513672,2.727014702941233e-07,1.0323503829567926e-06,0.9999980926513672,4.997683618057636e-07,1.0789074167405488e-07
/Users/aswanathjs/Downloads/test9/ai_plastic_waste_management_training/PET Plastic/shampoo_bottles/0050_a05b00c2d3e1f1g0h4.jpg,2,PET Plastic,2,PET Plastic,0.9999991655349731,7.114328468560416e-07,1.1863875926110268e-07,0.9999991655349731,1.9744030410606683e-08,1.1577598435508207e-08
/Users/aswanathjs/Downloads/test9/ai_plastic_waste_management_training/HDPE Plastic/milk_bottles/HDPEM282.jpg,0,HDPE Plastic,0,HDPE Plastic,1.0,1.0,1.495959931450963e-13,6.434765220664218e-11,4.817171401355624e-12,2.9389715487659895e-12
/Users/aswanathjs/Downloads/test9/ai_plastic_waste_management_training/LDPE Plastic/plastic_bags/LDPE-766_jpg.rf.46cb6df95c0d853c8ce793e6211684d2.jpg,1,LDPE Plastic,1,LDPE Plastic,0.9998612403869629,4.578795596898999e-06,0.9998612403869629,3.184433444403112e-05,9.294424671679735e-05,9.38867378863506e-06
/Users/aswanathjs/Downloads/test9/ai_plastic_waste_management_training/PS Plastic/form_containers_grey/styrofoam-4-_jpg.rf.3aec867512b18a5a9b59e9feb2bf10d0.jpg,4,PS Plastic,4,PS Plastic,0.8130401372909546,0.0008912810008041561,0.020709004253149033,0.00016065769887063652,0.16519887745380402,0.8130401372909546
/Users/aswanathjs/Downloads/test9/ai_plastic_waste_management_training/PS Plastic/foam_containers/styrofoam-4-_jpg.rf.3aec867512b18a5a9b59e9feb2bf10d0.jpg,4,PS Plastic,4,PS Plastic,0.8640127182006836,0.0007118076900951564,0.011361489072442055,0.0007443272625096142,0.12316961586475372,0.8640127182006836
/Users/aswanathjs/Downloads/test9/ai_plastic_waste_management_training/PET Plastic/shampoo_bottles/0100_a05b00c1d2e0f0g0h3.jpg,2,PET Plastic,2,PET Plastic,0.9999697208404541,4.829549311580195e-07,6.778373972338159e-06,0.9999697208404541,2.1876729078940116e-05,1.1984776620010962e-06
/Users/aswanathjs/Downloads/test9/ai_plastic_waste_management_training/PET Plastic/black_white_plastic_bottles/corew_jpg.rf.47f45a139299ce3a0724a2796e576123.jpg,2,PET Plastic,2,PET Plastic,0.9996609687805176,1.1954090041399468e-05,0.0002723677025642246,0.9996609687805176,4.234775769873522e-05,1.2347630217846017e-05
/Users/aswanathjs/Downloads/test9/ai_plastic_waste_management_training/PET Plastic/black_white_plastic_bottles/bqkyr_jpg.rf.59ac8694ceb4aab37594c7e7bf52e73b.jpg,2,PET Plastic,2,PET Plastic,0.9999992847442627,4.093757866030501e-07,5.922134249658484e-08,0.9999992847442627,1.2104113977784436e-07,2.328520132266476e-08
/Users/aswanathjs/Downloads/test9/ai_plastic_waste_management_training/PS Plastic/foam_containers/Image_21.png,4,PS Plastic,4,PS Plastic,0.5080243349075317,0.1317802220582962,0.08782944828271866,0.004610028117895126,0.26775580644607544,0.5080243349075317
"/Users/aswanathjs/Downloads/test9/ai_plastic_waste_management_training/PET Plastic/plastic_bottles/PET1,777.jpg",2,PET Plastic,2,PET Plastic,0.9999970197677612,5.452408231576555e-07,2.36290304655995e-07,0.9999970197677612,2.1591238237306243e-06,1.0596136235108133e-07
/Users/aswanathjs/Downloads/test9/ai_plastic_waste_management_training/PP Plastic/round_containers/0095_a05b01c2d3e0f0g0h1.jpg,3,PP Plastic,3,PP Plastic,0.9994314312934875,7.336246926570311e-05,2.1387455490184948e-05,0.00044215345405973494,0.9994314312934875,3.154624209855683e-05
/Users/aswanathjs/Downloads/test9/ai_plastic_waste_management_training/PP Plastic/round_containers_grey/0095_a05b01c2d3e0f0g0h1.jpg,3,PP Plastic,3,PP Plastic,0.9993706345558167,3.0920335120754316e-05,0.00021298768115229905,0.0003179902269039303,0.9993706345558167,6.744007259840146e-05
"/Users/aswanathjs/Downloads/test9/ai_plastic_waste_management_training/PET Plastic/plastic_bottles/PET1,702.jpg",2,PET Plastic,2,PET Plastic,0.9999949932098389,4.420710411068285e-07,3.4889867492893245e-06,0.9999949932098389,9.013072599373118e-07,1.385851646773517e-07
/Users/aswanathjs/Downloads/test9/ai_plastic_waste_management_training/LDPE Plastic/black_white__plastic_bags/0272_jpg.rf.26d2856c0f890cd1ac5db1ca7a86e546.jpg,1,LDPE Plastic,1,LDPE Plastic,0.9996510744094849,1.3642129488289356e-05,0.9996510744094849,3.795325392275117e-05,0.00012933890684507787,0.00016803031030576676
/Users/aswanathjs/Downloads/test9/ai_plastic_waste_management_training/PET Plastic/black_white_plastic_bottles/dqlxt_jpg.rf.2384d14ec357475cf833b123d11ef5fa.jpg,2,PET Plastic,2,PET Plastic,0.9999048709869385,5.112068720336538e-06,7.573366747237742e-05,0.9999048709869385,2.801220034598373e-06,1.1435371561674401e-05
/Users/aswanathjs/Downloads/test9/ai_plastic_waste_management_training/PP Plastic/round_containers/Image_126.png,3,PP Plastic,3,PP Plastic,0.999950647354126,2.5102037398028187e-05,1.6333224266418256e-05,5.919695468037389e-06,0.999950647354126,2.000172571570147e-06
/Users/aswanathjs/Downloads/test9/ai_plastic_waste_management_training/PS Plastic/foam_containers/Image_126.png,3,PP Plastic,3,PP Plastic,0.7658042907714844,0.13275137543678284,0.05103715509176254,0.004920281935483217,0.7658042907714844,0.04548689350485802
"/Users/aswanathjs/Downloads/test9/ai_plastic_waste_management_training/PET Plastic/plastic_bottles/PET1,376.jpg",2,PET Plastic,2,PET Plastic,1.0,8.530363970749022e-09,2.0716046933433319e-10,1.0,2.9511257881864594e-09,9.61539403654399e-10
/Users/aswanathjs/Downloads/test9/ai_plastic_waste_management_training/LDPE Plastic/plastic_bags/LDPE-571_jpg.rf.d57d81eb5c26e21d8cafd2208957dc3c.jpg,1,LDPE Plastic,1,LDPE Plastic,0.9994208812713623,1.811114816518966e-05,0.9994208812713623,3.5169123293599114e-05,0.0003408992779441178,0.000185053184395656
/Users/aswanathjs/Downloads/test9/ai_plastic_waste_management_training/LDPE Plastic/plastic_bags/LDPE-72_jpg.rf.3dae5ebb0480b992b63239f9a82e0a8c.jpg,1,LDPE Plastic,1,LDPE Plastic,0.9999847412109375,2.5374245637976856e-07,0.9999847412109375,9.397914254805073e-06,4.696289124694886e-06,9.000370368994481e-07
/Users/aswanathjs/Downloads/test9/ai_plastic_waste_management_training/LDPE Plastic/plastic_bags/LDPE-72_jpg.rf.1b0bdc39a4d34c33d7ce7acc305db1de.jpg,1,LDPE Plastic,1,LDPE Plastic,0.9999089241027832,1.6008923466870328e-06,0.9999089241027832,2.000080348807387e-05,6.102470069890842e-05,8.391372830374166e-06
/Users/aswanathjs/Downloads/test9/ai_plastic_waste_management_training/HDPE Plastic/detergent_bottles/0039_a02b01c2d3e0f1g0h3.jpg,0,HDPE Plastic,0,HDPE Plastic,1.0,1.0,1.0791754295746969e-10,8.5302502839113e-09,1.110840530671453e-09,4.6469144504568405e-11
/Users/aswanathjs/Downloads/test9/ai_plastic_waste_management_training/LDPE Plastic/black_white__plastic_bags/0239_jpg.rf.604826f1a1dfce456b0fa3b2bc7bd19b.jpg,1,LDPE Plastic,1,LDPE Plastic,0.9999761581420898,1.7944378214451717e-06,0.9999761581420898,2.6911022814601893e-06,8.638844519737177e-06,1.0770662811410148e-05
/Users/aswanathjs/Downloads/test9/ai_plastic_waste_management_training/PP Plastic/round_containers/IMG_20220209_174645.jpg,3,PP Plastic,3,PP Plastic,0.9998706579208374,2.0006105842185207e-05,1.4347725482366513e-05,9.207338734995574e-05,0.9998706579208374,2.900425670304685e-06
/Users/aswanathjs/Downloads/test9/ai_plastic_waste_management_training/HDPE Plastic/milk_bottles/HDPEM28.jpg,0,HDPE Plastic,0,HDPE Plastic,1.0,1.0,3.056715991434089e-09,6.178125788736111e-10,1.9347423663163e-09,1.98214644697714e-09
/Users/aswanathjs/Downloads/test9/ai_plastic_waste_management_training/LDPE Plastic/plastic_bags/plasticbag (204).jpg,1,LDPE Plastic,1,LDPE Plastic,0.999953031539917,2.0161252905381843e-05,0.999953031539917,6.837478849774925e-06,1.7365857274853624e-05,2.523953526178957e-06
/Users/aswanathjs/Downloads/test9/ai_plastic_waste_management_training/PET Plastic/black_white_plastic_bottles/azkfu_jpg.rf.8a64cada2bcb4cf189a6632506e5ca72.jpg,2,PET Plastic,2,PET Plastic,0.9999995231628418,1.702314449403275e-07,4.254317076402003e-08,0.9999995231628418,6.533761620630685e-08,1.7940988072950859e-07
/Users/aswanathjs/Downloads/test9/ai_plastic_waste_management_training/LDPE Plastic/plastic_bags/LDPE-44_jpg.rf.e8eec4dc28eec1f2c4df017f874700c1.jpg,1,LDPE Plastic,1,LDPE Plastic,0.9989684820175171,0.0005364245735108852,0.9989684820175171,9.591585694579408e-05,0.00031366778421215713,8.546021854272112e-05
/Users/aswanathjs/Downloads/test9/ai_plastic_waste_management_training/LDPE Plastic/black_white__plastic_bags/0242_jpg.rf.136587477251768593ccc5a7f7d8915f.jpg,1,LDPE Plastic,1,LDPE Plastic,0.9999892711639404,6.526704510179115e-07,0.9999892711639404,8.03260888915247e-07,1.0207102150161518e-06,8.1550551840337e-06
/Users/aswanathjs/Downloads/test9/ai_plastic_waste_management_training/PET Plastic/black_white_plastic_bottles/bdspr_jpg.rf.c8895c268de492b4b5be760c1bc3f8d6.jpg,2,PET Plastic,2,PET Plastic,0.9999865293502808,3.1713449288872653e-07,5.235647222434636e-06,0.9999865293502808,5.697605956811458e-06,2.163464614568511e-06
/Users/aswanathjs/Downloads/test9/ai_plastic_waste_management_training/HDPE Plastic/shampoo_bottles/0078_a02b07c2d3e0f1g0h3.jpg,0,HDPE Plastic,0,HDPE Plastic,0.9999678134918213,0.9999678134918213,4.5980587515259685e-07,2.2270542103797197e-05,9.384581062477082e-06,1.508206359801534e-08
/Users/aswanathjs/Downloads/test9/ai_plastic_waste_management_training/HDPE Plastic/milk_bottles/HDPEM222.jpg,0,HDPE Plastic,0,HDPE Plastic,0.9999998807907104,0.9999998807907104,1.3739744064711346e-10,2.056340164813264e-08,6.313926093071132e-08,1.7528650753106945e-09
/Users/aswanathjs/Downloads/test9/ai_plastic_waste_management_training/HDPE Plastic/milk_bottles/HDPEM368.jpg,0,HDPE Plastic,0,HDPE Plastic,0.9827455878257751,0.9827455878257751,0.00012486253399401903,8.606749179307371e-05,0.016995849087834358,4.765957419294864e-05
/Users/aswanathjs/Downloads/test9/ai_plastic_waste_management_training/PS Plastic/foam_containers/Image_237.png,4,PS Plastic,3,PP Plastic,0.5014868378639221,0.06521396338939667,0.1324579417705536,0.005997536238282919,0.5014868378639221,0.29484373331069946
/Users/aswanathjs/Downloads/test9/ai_plastic_waste_management_training/HDPE Plastic/milk_bottles/HDPEM295.jpg,0,HDPE Plastic,0,HDPE Plastic,1.0,1.0,6.1594500333495e-11,6.909627980888899e-09,5.429525273825675e-09,1.087382850428753e-09
/Users/aswanathjs/Downloads/test9/ai_plastic_waste_management_training/PET Plastic/black_white_plastic_bottles/dglcy_jpg.rf.b875417d36c5bf8d5e77f5596d46088d.jpg,2,PET Plastic,2,PET Plastic,0.999650239944458,0.0002773772575892508,3.825496150966501e-06,0.999650239944458,3.0893705115886405e-05,3.7659228837583214e-05
/Users/aswanathjs/Downloads/test9/ai_plastic_waste_management_training/PET Plastic/black_white_plastic_bottles/btkay_jpg.rf.cb759ab24ba2f19ce9be482f703ffbcb.jpg,2,PET Plastic,2,PET Plastic,1.0,1.3416427968593325e-09,5.36712618792734e-10,1.0,4.526783808911361e-11,5.531743951792123e-10
/Users/aswanathjs/Downloads/test9/ai_plastic_waste_management_training/PP Plastic/square_containers/IMG_20220209_175355.jpg,3,PP Plastic,3,PP Plastic,0.9997062087059021,0.00017613334057386965,5.9333062381483614e-05,2.4598628442618065e-05,0.9997062087059021,3.362535426276736e-05
/Users/aswanathjs/Downloads/test9/ai_plastic_waste_management_training/LDPE Plastic/plastic_bags/P_W (1386).jpg,1,LDPE Plastic,1,LDPE Plastic,0.9999549388885498,5.429029897641158e-06,0.9999549388885498,1.194242577184923e-05,1.8375949366600253e-05,9.373405191581696e-06
/Users/aswanathjs/Downloads/test9/ai_plastic_waste_management_training/HDPE Plastic/shampoo_bottles/0077_a02b01c1d0e0f1g0h0.jpg,0,HDPE Plastic,0,HDPE Plastic,0.9998799562454224,0.9998799562454224,1.302521468460327e-06,8.324832742800936e-05,2.5438022930757143e-05,1.0114764336321969e-05
/Users/aswanathjs/Downloads/test9/ai_plastic_waste_management_training/LDPE Plastic/black_white__plastic_bags/0177_jpg.rf.64924e1d5329253cb34911140edc0779.jpg,1,LDPE Plastic,1,LDPE Plastic,0.9999507665634155,5.213064923736965e-06,0.9999507665634155,1.2669566785916686e-05,2.82705277641071e-05,3.1063775622897083e-06
/Users/aswanathjs/Downloads/test9/ai_plastic_waste_management_training/PP Plastic/round_containers/0035_a06b01c2d2e0f0g0h4.jpg,3,PP Plastic,3,PP Plastic,0.999966025352478,1.8283539247931913e-05,1.7565853340784088e-06,1.1986487152171321e-05,0.999966025352478,1.8916624640041846e-06
/Users/aswanathjs/Downloads/test9/ai_plastic_waste_management_training/HDPE Plastic/detergent_bottles/0062_a02b05c1d0e0f1g1h4.jpg,0,HDPE Plastic,0,HDPE Plastic,0.9999697208404541,0.9999697208404541,3.6234629874343227e-07,2.8974358428968117e-05,8.315891477650439e-07,1.5069763037445227e-07
/Users/aswanathjs/Downloads/test9/ai_plastic_waste_management_training/HDPE Plastic/detergent_botteles_grey/0062_a02b05c1d0e0f1g1h4.jpg,0,HDPE Plastic,0,HDPE Plastic,0.9989926218986511,0.9989926218986511,7.925087993498892e-05,0.0007973698084242642,6.180929631227627e-05,6.892788223922253e-05
/Users/aswanathjs/Downloads/test9/ai_plastic_waste_management_training/LDPE Plastic/plastic_bags/plasticbag (152) 17.43.56.jpg,1,LDPE Plastic,1,LDPE Plastic,0.9995580315589905,0.00013443402713164687,0.9995580315589905,6.857782864244655e-05,0.00023472087923437357,4.155488568358123e-06
/Users/aswanathjs/Downloads/test9/ai_plastic_waste_management_training/PP Plastic/square_containers/IMG_20220209_173121.jpg,3,PP Plastic,3,PP Plastic,0.9909895658493042,0.00896125752478838,2.4930737708928064e-05,6.241993105504662e-06,0.9909895658493042,1.7951815607375465e-05
/Users/aswanathjs/Downloads/test9/ai_plastic_waste_management_training/PP Plastic/round_containers/Image_235.png,3,PP Plastic,3,PP Plastic,0.9690910577774048,0.0023614116944372654,0.027037696912884712,0.0010426182998344302,0.9690910577774048,0.00046718286466784775
/Users/aswanathjs/Downloads/test9/ai_plastic_waste_management_training/PS Plastic/foam_containers/Image_235.png,3,PP Plastic,3,PP Plastic,0.9827980399131775,0.0010161898098886013,0.004435390699654818,5.7594661484472454e-05,0.9827980399131775,0.011692704632878304
/Users/aswanathjs/Downloads/test9/ai_plastic_waste_management_training/PP Plastic/rectangle_containers/0011_a05b00c2d1e0f0g0h1.jpg,3,PP Plastic,3,PP Plastic,0.9999710321426392,6.1545661083073355e-06,2.6033717404061463e-06,1.7550240954733454e-05,0.9999710321426392,2.678984401427442e-06
/Users/aswanathjs/Downloads/test9/ai_plastic_waste_management_training/PP Plastic/square_containers/0011_a05b00c2d1e0f0g0h1.jpg,3,PP Plastic,3,PP Plastic,0.9999710321426392,6.1545661083073355e-06,2.6033717404061463e-06,1.7550240954733454e-05,0.9999710321426392,2.678984401427442e-06
"/Users/aswanathjs/Downloads/test9/ai_plastic_waste_management_training/PET Plastic/plastic_bottles/PET1,165.jpg",2,PET Plastic,2,PET Plastic,0.9999735355377197,5.785605026176199e-06,7.032595021883026e-06,0.9999735355377197,5.445753004096332e-07,1.3010090697207488e-05
/Users/aswanathjs/Downloads/test9/ai_plastic_waste_management_training/HDPE Plastic/shampoo_bottles/0021_a02b01c1d3e1f0g0h3.jpg,0,HDPE Plastic,0,HDPE Plastic,0.999993085861206,0.999993085861206,1.7237638871847594e-08,2.894301132982946e-06,3.7736563172074966e-06,2.580688374109741e-07
/Users/aswanathjs/Downloads/test9/ai_plastic_waste_management_training/HDPE Plastic/milk_bottles/HDPEM188.jpg,0,HDPE Plastic,0,HDPE Plastic,0.9999997615814209,0.9999997615814209,2.5032549366699186e-09,5.145379589066579e-08,2.101166245438435e-07,3.9928284678580894e-08
/Users/aswanathjs/Downloads/test9/ai_plastic_waste_management_training/PET Plastic/shampoo_bottles/IMG_20220209_220630.jpg,2,PET Plastic,2,PET Plastic,0.9877409338951111,0.011475621722638607,1.7985606973525137e-05,0.9877409338951111,0.000762187410145998,3.258607193856733e-06
/Users/aswanathjs/Downloads/test9/ai_plastic_waste_management_training/HDPE Plastic/milk_bottles/HDPEM82.jpg,0,HDPE Plastic,0,HDPE Plastic,1.0,1.0,4.466593067631308e-11,3.818457994242408e-09,5.5600217763185356e-09,1.4568556083727202e-10
/Users/aswanathjs/Downloads/test9/ai_plastic_waste_management_training/HDPE Plastic/shampoo_bottles/0065_a02b03c2d1e0f1g0h1.jpg,0,HDPE Plastic,0,HDPE Plastic,1.0,1.0,3.148928687246588e-11,2.7026629823012627e-08,9.901167663528554e-10,1.4098852640920256e-10
/Users/aswanathjs/Downloads/test9/ai_plastic_waste_management_training/PET Plastic/plastic_bottles/PET915.jpg,2,PET Plastic,2,PET Plastic,0.9999517202377319,5.148376658326015e-06,3.154584192088805e-05,0.9999517202377319,8.112782779789995e-06,3.385493300811504e-06
/Users/aswanathjs/Downloads/test9/ai_plastic_waste_management_training/HDPE Plastic/shampoo_bottles/0078_a02b07c1d1e0f1g0h2.jpg,0,HDPE Plastic,0,HDPE Plastic,0.9999490976333618,0.9999490976333618,2.8159925946624753e-08,4.6824578021187335e-05,4.023473138659028e-06,1.4281782867442416e-08
/Users/aswanathjs/Downloads/test9/ai_plastic_waste_management_training/PET Plastic/plastic_bottles/PET515.jpg,2,PET Plastic,2,PET Plastic,0.9999634027481079,1.0035567356680986e-05,3.874949015880702e-06,0.9999634027481079,1.9010100004379638e-05,3.618800747062778e-06
/Users/aswanathjs/Downloads/test9/ai_plastic_waste_management_training/PET Plastic/plastic_bottles/PET316.jpg,2,PET Plastic,2,PET Plastic,0.9996492862701416,8.033044650801457e-06,0.0003287289582658559,0.9996492862701416,1.3734030289924704e-05,1.5788816654094262e-07
/Users/aswanathjs/Downloads/test9/ai_plastic_waste_management_training/PET Plastic/plastic_bottles/PET437.jpg,2,PET Plastic,2,PET Plastic,0.9999206066131592,3.1217933837979217e-07,7.552720489911735e-05,0.9999206066131592,3.018156348844059e-06,4.890294462711609e-07
/Users/aswanathjs/Downloads/test9/ai_plastic_waste_management_training/LDPE Plastic/plastic_bags/plasticbag (203) 17.43.56.jpg,1,LDPE Plastic,1,LDPE Plastic,0.9999116659164429,5.324427547748201e-06,0.9999116659164429,4.310057875045459e-07,5.056006557424553e-06,7.751346129225567e-05
/Users/aswanathjs/Downloads/test9/ai_plastic_waste_management_training/PET Plastic/plastic_bottles/PET404.jpg,2,PET Plastic,2,PET Plastic,0.9999892711639404,1.6642238733766135e-06,2.1707246560254134e-06,0.9999892711639404,5.4597153393842746e-06,1.4388062936632195e-06
/Users/aswanathjs/Downloads/test9/ai_plastic_waste_management_training/PET Plastic/black_white_plastic_bottles/aozvf_jpg.rf.12e5d8d5eaf34b60713e818bf51ba5b6.jpg,2,PET Plastic,2,PET Plastic,0.9999978542327881,8.102104516183317e-07,4.1701093778101495e-07,0.9999978542327881,3.7342385894589825e-07,4.5061688069836237e-07
/Users/aswanathjs/Downloads/test9/ai_plastic_waste_management_training/PS Plastic/foam_sheets/PS-512_jpg.rf.e5fcb33ae46eaac9678218c5ee5b841b.jpg,4,PS Plastic,4,PS Plastic,0.9999980926513672,9.123345421357953e-07,6.68308814510965e-07,1.0047473608665314e-07,1.0660164662112948e-07,0.9999980926513672
/Users/aswanathjs/Downloads/test9/ai_plastic_waste_management_training/PET Plastic/black_white_plastic_bottles/dagml_jpg.rf.a8e7001b533c67265b30cd7ac97562fb.jpg,2,PET Plastic,2,PET Plastic,0.9999920129776001,1.3348380889510736e-06,2.8850274702563183e-06,0.9999920129776001,1.9747901660593925e-06,1.7583471390025807e-06
/Users/aswanathjs/Downloads/test9/ai_plastic_waste_management_training/PP Plastic/round_containers/IMG_20220209_173643.jpg,3,PP Plastic,3,PP Plastic,0.9990432858467102,5.069378312327899e-05,0.0004198866372462362,0.00043809745693579316,0.9990432858467102,4.802832336281426e-05
/Users/aswanathjs/Downloads/test9/ai_plastic_waste_management_training/LDPE Plastic/plastic_bags/plasticbag (183).jpg,1,LDPE Plastic,1,LDPE Plastic,0.9998125433921814,2.661971393536078e-06,0.9998125433921814,5.936705201747827e-05,0.00011923059355467558,6.29758505965583e-06
"/Users/aswanathjs/Downloads/test9/ai_plastic_waste_management_training/PET Plastic/plastic_bottles/PET1,341.jpg",2,PET Plastic,2,PET Plastic,0.9998000264167786,0.0001372628757962957,6.7028545345237944e-06,0.9998000264167786,5.072289059171453e-05,5.250214599072933e-06
"/Users/aswanathjs/Downloads/test9/ai_plastic_waste_management_training/PET Plastic/plastic_bottles/PET1,445.jpg",2,PET Plastic,2,PET Plastic,0.9998853206634521,9.773008969204966e-06,3.850006760330871e-05,0.9998853206634521,6.581408524652943e-05,6.393469220711268e-07
/Users/aswanathjs/Downloads/test9/ai_plastic_waste_management_training/LDPE Plastic/plastic_bags/plasticbag (159).jpg,1,LDPE Plastic,1,LDPE Plastic,0.9999845027923584,7.520010854022985e-07,0.9999845027923584,4.0590039134258404e-06,8.282096132461447e-06,2.515958158255671e-06
/Users/aswanathjs/Downloads/test9/ai_plastic_waste_management_training/LDPE Plastic/plastic_bags/LDPE-66_jpg.rf.cd4c70aedcc1562962304e3187a39c61.jpg,1,LDPE Plastic,1,LDPE Plastic,0.9986116886138916,8.736511517781764e-06,0.9986116886138916,0.00018316022760700434,0.0011746808886528015,2.1641886633005925e-05
/Users/aswanathjs/Downloads/test9/ai_plastic_waste_management_training/LDPE Plastic/plastic_bags/LDPE-66_jpg.rf.7d36831c3d3388a7f9a94b6df5407773.jpg,1,LDPE Plastic,1,LDPE Plastic,0.9996646642684937,1.2342637091933284e-05,0.9996646642684937,0.00021768022270407528,8.973137300927192e-05,1.5574829376419075e-05
/Users/aswanathjs/Downloads/test9/ai_plastic_waste_management_training/PP Plastic/square_containers/IMG_20220209_173808.jpg,3,PP Plastic,3,PP Plastic,0.9998669624328613,6.420481076929718e-05,5.098123801872134e-05,5.811204118799651e-06,0.9998669624328613,1.2015868378512096e-05
/Users/aswanathjs/Downloads/test9/ai_plastic_waste_management_training/PS Plastic/foam_sheets/IMG_9370_JPG.rf.702ceb3fee1655a5b35754507e40284d.jpg,4,PS Plastic,4,PS Plastic,0.9999970197677612,1.533065017156332e-07,5.093445452075684e-07,1.1883174693139154e-06,1.108134370042535e-06,0.9999970197677612
/Users/aswanathjs/Downloads/test9/ai_plastic_waste_management_training/PS Plastic/foam_sheets/IMG_9370_JPG.rf.a1c344ba4e35e73f30fb053ec8df95e0.jpg,4,PS Plastic,4,PS Plastic,0.9999761581420898,6.857694643258583e-07,4.5277020035427995e-06,1.8442648070049472e-05,1.792541581835394e-07,0.9999761581420898
/Users/aswanathjs/Downloads/test9/ai_plastic_waste_management_training/PS Plastic/foam_sheets/IMG_9370_JPG.rf.3aed904c44d464c3da11dd53783ed5fd.jpg,4,PS Plastic,4,PS Plastic,0.9998509883880615,1.225499545398634e-06,3.893145913025364e-05,3.36047014570795e-05,7.526439731009305e-05,0.9998509883880615
/Users/aswanathjs/Downloads/test9/ai_plastic_waste_management_training/PET Plastic/black_white_plastic_bottles/bxzay_jpg.rf.c1dbbfc0deb2e96335a04e1e250f0a8d.jpg,2,PET Plastic,2,PET Plastic,0.9999568462371826,2.1583020952675724e-06,2.673978087841533e-05,0.9999568462371826,9.58874534262577e-06,4.582177098200191e-06
/Users/aswanathjs/Downloads/test9/ai_plastic_waste_management_training/HDPE Plastic/shampoo_bottles/0075_a02b01c2d0e0f0g0h4.jpg,0,HDPE Plastic,0,HDPE Plastic,0.99898761510849,0.99898761510849,5.300650809658691e-05,0.0004927003756165504,0.0003575389855541289,0.00010925631067948416
/Users/aswanathjs/Downloads/test9/ai_plastic_waste_management_training/HDPE Plastic/milk_bottles/HDPEM561.JPG,0,HDPE Plastic,0,HDPE Plastic,0.9999958276748657,0.9999958276748657,3.5545864029984386e-09,3.945987373299431e-06,2.518404755846859e-07,3.627331324196348e-08
/Users/aswanathjs/Downloads/test9/ai_plastic_waste_management_training/LDPE Plastic/bubble_wrap/LDPE-84_jpg.rf.a924f90fbd2087c2d694641dd44d80af.jpg,1,LDPE Plastic,1,LDPE Plastic,0.999900221824646,2.210418642789591e-05,0.999900221824646,2.3947393856360577e-05,1.899730159493629e-05,3.479328370303847e-05
/Users/aswanathjs/Downloads/test9/ai_plastic_waste_management_training/LDPE Plastic/bubble_wrap/LDPE-84_jpg.rf.6d4b4769279b2132c86811339dd8235f.jpg,1,LDPE Plastic,1,LDPE Plastic,0.9999938011169434,2.095033124760448e-07,0.9999938011169434,9.864711500995327e-07,3.05410083001334e-07,4.626428562914953e-06
/Users/aswanathjs/Downloads/test9/ai_plastic_waste_management_training/PET Plastic/plastic_bottles/PET908.jpg,2,PET Plastic,2,PET Plastic,0.999947190284729,2.494398586350144e-06,4.6212586312321946e-05,0.999947190284729,3.908123744622571e-06,2.982753244396008e-07
/Users/aswanathjs/Downloads/test9/ai_plastic_waste_management_training/PS Plastic/form_containers_grey/0058_a06b01c1d0e0f0g0h0.jpg,4,PS Plastic,4,PS Plastic,0.998845100402832,0.0009312021429650486,1.770568246683979e-06,1.0883439244935289e-05,0.00021105294581502676,0.998845100402832
/Users/aswanathjs/Downloads/test9/ai_plastic_waste_management_training/PS Plastic/foam_containers/0058_a06b01c1d0e0f0g0h0.jpg,4,PS Plastic,4,PS Plastic,0.999956488609314,3.203748565283604e-05,2.6889313176070573e-07,4.152921519562369e-06,7.013433787506074e-06,0.999956488609314
/Users/aswanathjs/Downloads/test9/ai_plastic_waste_management_training/PET Plastic/plastic_bottles/PET468.jpg,2,PET Plastic,2,PET Plastic,0.9995160102844238,0.0001909900311147794,7.766673661535606e-06,0.9995160102844238,0.0002320371859241277,5.31587065779604e-05
/Users/aswanathjs/Downloads/test9/ai_plastic_waste_management_training/LDPE Plastic/plastic_bags/plasticbag (194).jpg,1,LDPE Plastic,1,LDPE Plastic,0.999980092048645,4.3498596369317966e-07,0.999980092048645,1.005996779213092e-07,1.7693786503514275e-05,1.68324118021701e-06
/Users/aswanathjs/Downloads/test9/ai_plastic_waste_management_training/PET Plastic/black_white_plastic_bottles/bdlsc_jpg.rf.d4c7c10c83024eec3d7edd6677a580be.jpg,2,PET Plastic,2,PET Plastic,0.9999963045120239,7.736469456176565e-07,7.628440812368353e-07,0.9999963045120239,8.924856160774652e-07,1.2916115110783721e-06
/Users/aswanathjs/Downloads/test9/ai_plastic_waste_management_training/PET Plastic/shampoo_bottles/0080_a05b00c2d2e0f1g0h4.jpg,2,PET Plastic,2,PET Plastic,0.9999634027481079,1.5791656551300548e-05,6.267527169256937e-06,0.9999634027481079,1.4048605407879222e-05,5.880167464056285e-07
/Users/aswanathjs/Downloads/test9/ai_plastic_waste_management_training/HDPE Plastic/detergent_bottles/0062_a02b05c2d0e0f1g1h3.jpg,0,HDPE Plastic,0,HDPE Plastic,1.0,1.0,1.4077798171988065e-12,1.3476461613315394e-10,2.6284804194309785e-11,1.4748987621493459e-12
/Users/aswanathjs/Downloads/test9/ai_plastic_waste_management_training/PET Plastic/shampoo_bottles/0080_a05b00c2d2e0f1g0h2.jpg,2,PET Plastic,2,PET Plastic,0.9999970197677612,2.086193546801951e-07,7.334827500926622e-07,0.9999970197677612,1.8353033510720707e-06,9.538109679851914e-08
/Users/aswanathjs/Downloads/test9/ai_plastic_waste_management_training/HDPE Plastic/shampoo_bottles/0099_a02b01c1d3e0f1g0h0.jpg,0,HDPE Plastic,0,HDPE Plastic,0.9870229959487915,0.9870229959487915,1.5707446436863393e-06,1.766333753039362e-06,0.012969080358743668,4.576468199957162e-06
/Users/aswanathjs/Downloads/test9/ai_plastic_waste_management_training/PS Plastic/foam_containers/Image_188.png,4,PS Plastic,3,PP Plastic,0.7676941156387329,0.012405678629875183,0.12163587659597397,0.005484960041940212,0.7676941156387329,0.09277936816215515
/Users/aswanathjs/Downloads/test9/ai_plastic_waste_management_training/PP Plastic/round_containers/IMG_20220209_173628.jpg,3,PP Plastic,3,PP Plastic,0.9999678134918213,6.789767212467268e-06,4.473080480238423e-06,1.9982420781161636e-05,0.9999678134918213,8.313202783938323e-07
/Users/aswanathjs/Downloads/test9/ai_plastic_waste_management_training/HDPE Plastic/shampoo_bottles/0063_a02b01c2d0e0f1g1h0.jpg,0,HDPE Plastic,0,HDPE Plastic,0.9999979734420776,0.9999979734420776,8.485510072375746e-09,1.7091709878513939e-06,2.3595320897129568e-07,5.962645843737846e-08
/Users/aswanathjs/Downloads/test9/ai_plastic_waste_management_training/HDPE Plastic/milk_bottles/HDPEM477.jpg,0,HDPE Plastic,0,HDPE Plastic,0.9999998807907104,0.9999998807907104,1.4270860534959517e-11,7.647432909152485e-08,1.490187417907407e-09,2.402646082089177e-09
/Users/aswanathjs/Downloads/test9/ai_plastic_waste_management_training/LDPE Plastic/black_white__plastic_bags/0246_jpg.rf.28f96f8c99015a44e99a90ad80757b4e.jpg,1,LDPE Plastic,1,LDPE Plastic,0.9999905824661255,2.456221409374848e-06,0.9999905824661255,3.879199539369438e-06,2.031247959166649e-06,1.0164753803110216e-06
/Users/aswanathjs/Downloads/test9/ai_plastic_waste_management_training/HDPE Plastic/detergent_bottles/HDPEM14.jpg,0,HDPE Plastic,0,HDPE Plastic,0.9991573095321655,0.9991573095321655,4.824100415135035e-06,0.000606503919698298,0.000217212742427364,1.4225398444978055e-05
/Users/aswanathjs/Downloads/test9/ai_plastic_waste_management_training/PET Plastic/plastic_bottles/PET390.jpg,2,PET Plastic,2,PET Plastic,0.9999998807907104,8.88275835109198e-08,1.6379006595457213e-08,0.9999998807907104,5.6979123641554e-09,8.055939026974102e-09
/Users/aswanathjs/Downloads/test9/ai_plastic_waste_management_training/PET Plastic/plastic_bottles/PET895.jpg,2,PET Plastic,2,PET Plastic,0.9999990463256836,6.435096899792825e-09,8.818051355774514e-07,0.9999990463256836,2.466476800577766e-08,2.763065864996861e-08
/Users/aswanathjs/Downloads/test9/ai_plastic_waste_management_training/HDPE Plastic/milk_bottles/HDPEM138.jpg,0,HDPE Plastic,0,HDPE Plastic,1.0,1.0,2.4331862479715083e-12,6.135088548298029e-10,4.423713839685206e-09,5.1579795989908916e-11
/Users/aswanathjs/Downloads/test9/ai_plastic_waste_management_training/PS Plastic/foam_containers/0058_a06b01c2d3e0f0g0h3.jpg,4,PS Plastic,4,PS Plastic,0.9991748929023743,0.0003946991346310824,1.2511601198639255e-05,1.4962991372158285e-05,0.00040277704829350114,0.9991748929023743
"/Users/aswanathjs/Downloads/test9/ai_plastic_waste_management_training/PET Plastic/plastic_bottles/PET1,163.jpg",2,PET Plastic,2,PET Plastic,0.9999825954437256,8.043923571676714e-07,1.5436322428286076e-05,0.9999825954437256,3.3740249705260794e-07,8.180491590792371e-07
/Users/aswanathjs/Downloads/test9/ai_plastic_waste_management_training/LDPE Plastic/plastic_bags/plasticbag (17).jpg,1,LDPE Plastic,1,LDPE Plastic,0.9999700784683228,2.304789813933894e-05,0.9999700784683228,5.984381346024747e-07,5.508753019967116e-06,7.688987011533754e-07
/Users/aswanathjs/Downloads/test9/ai_plastic_waste_management_training/HDPE Plastic/milk_bottles/HDPEM74.jpg,0,HDPE Plastic,0,HDPE Plastic,0.9999998807907104,0.9999998807907104,9.136229273121188e-11,5.020869409122497e-08,6.192689738782065e-08,4.623716964857749e-10
/Users/aswanathjs/Downloads/test9/ai_plastic_waste_management_training/HDPE Plastic/milk_bottles_grey/HDPEM74.jpg,0,HDPE Plastic,0,HDPE Plastic,0.9999997615814209,0.9999997615814209,7.139656865717825e-09,5.186368312593004e-08,2.85878002159734e-07,1.2500004586968316e-08
"/Users/aswanathjs/Downloads/test9/ai_plastic_waste_management_training/PET Plastic/plastic_bottles/PET1,250.jpg",2,PET Plastic,2,PET Plastic,0.999997615814209,1.0575814712865395e-06,4.709524148438504e-07,0.999997615814209,7.457731499016518e-07,1.7686841147224186e-07
/Users/aswanathjs/Downloads/test9/ai_plastic_waste_management_training/PET Plastic/black_white_plastic_bottles/bvsaq_jpg.rf.48d7ed6e9789e4a08a7f98ef57c0fb0d.jpg,2,PET Plastic,2,PET Plastic,0.9999573230743408,2.834089900716208e-05,2.28559156312258e-06,0.9999573230743408,8.580778739997186e-06,3.448429424679489e-06
"/Users/aswanathjs/Downloads/test9/ai_plastic_waste_management_training/HDPE Plastic/milk_bottles/HDPEM1,013.JPG",0,HDPE Plastic,0,HDPE Plastic,0.9999493360519409,0.9999493360519409,8.229397394643456e-07,3.569477121345699e-05,9.798114660952706e-06,4.419664037413895e-06
/Users/aswanathjs/Downloads/test9/ai_plastic_waste_management_training/PS Plastic/form_containers_grey/styrofoam-133-_jpg.rf.0385a8c46aba6f0d72fd0875b00e582e.jpg,4,PS Plastic,4,PS Plastic,0.9948722720146179,0.0007659063558094203,0.00013107738050166517,0.0007744278409518301,0.003456237493082881,0.9948722720146179
/Users/aswanathjs/Downloads/test9/ai_plastic_waste_management_training/PS Plastic/foam_containers/styrofoam-133-_jpg.rf.0385a8c46aba6f0d72fd0875b00e582e.jpg,4,PS Plastic,4,PS Plastic,0.9996618032455444,3.224896499887109e-05,3.6536016523314174e-06,0.00010083267989102751,0.00020143594883847982,0.9996618032455444
/Users/aswanathjs/Downloads/test9/ai_plastic_waste_management_training/LDPE Plastic/plastic_bags/LDPE-300_jpg.rf.0cf91204d7b95144c61221065a50fc5d.jpg,1,LDPE Plastic,1,LDPE Plastic,0.999518871307373,1.4276369256549515e-05,0.999518871307373,0.0002988932828884572,0.00014180291327647865,2.6212073862552643e-05
/Users/aswanathjs/Downloads/test9/ai_plastic_waste_management_training/LDPE Plastic/black_white__plastic_bags/0274_jpg.rf.37a314e0e94111fefd7a3e3b841fc38e.jpg,1,LDPE Plastic,1,LDPE Plastic,0.9998708963394165,3.4073157166858437e-06,0.9998708963394165,1.7642270904616453e-05,5.1748535042861477e-05,5.632592728943564e-05
/Users/aswanathjs/Downloads/test9/ai_plastic_waste_management_training/PP Plastic/square_containers/0011_a05b00c1d0e0f0g0h0.jpg,3,PP Plastic,3,PP Plastic,0.9999431371688843,1.8711160009843297e-05,1.1163310773554258e-06,2.0551326088025235e-05,0.9999431371688843,1.6544729078304954e-05
"/Users/aswanathjs/Downloads/test9/ai_plastic_waste_management_training/PET Plastic/plastic_bottles/PET1,589.jpg",2,PET Plastic,2,PET Plastic,0.985082745552063,0.00018093886319547892,0.014242507517337799,0.985082745552063,0.0004802289477083832,1.3647585547005292e-05
/Users/aswanathjs/Downloads/test9/ai_plastic_waste_management_training/PP Plastic/round_containers/0044_a06b01c2d0e0f0g0h0.jpg,3,PP Plastic,3,PP Plastic,0.9997437596321106,3.286492210463621e-05,4.28397033829242e-05,0.0001421308406861499,0.9997437596321106,3.84086997655686e-05
/Users/aswanathjs/Downloads/test9/ai_plastic_waste_management_training/PS Plastic/foam_containers/styrofoam-119-_jpg.rf.4830073696e2704015ac4956d72e719c.jpg,4,PS Plastic,4,PS Plastic,0.9995562434196472,0.0004116175405215472,3.6956564031243033e-07,2.5888521122396924e-05,5.982112725178013e-06,0.9995562434196472
/Users/aswanathjs/Downloads/test9/ai_plastic_waste_management_training/PET Plastic/plastic_bottles/PET576.jpg,2,PET Plastic,2,PET Plastic,0.9999814033508301,2.2824617644801037e-06,3.659471076389309e-06,0.9999814033508301,1.1097557944594882e-05,1.4733660691490513e-06
/Users/aswanathjs/Downloads/test9/ai_plastic_waste_management_training/PS Plastic/foam_sheets/PS-690_jpg.rf.9036746e09ea5bba865eb13252721bc2.jpg,4,PS Plastic,4,PS Plastic,0.9999983310699463,5.151212576492981e-07,1.1537216551005258e-06,1.9515406179948513e-08,3.03898772813227e-08,0.9999983310699463
/Users/aswanathjs/Downloads/test9/ai_plastic_waste_management_training/HDPE Plastic/milk_bottles/HDPEM92.jpg,0,HDPE Plastic,0,HDPE Plastic,0.9999979734420776,0.9999979734420776,5.696771498975295e-09,4.325452209741343e-07,1.5602108760504052e-06,4.648064333423463e-08
/Users/aswanathjs/Downloads/test9/ai_plastic_waste_management_training/LDPE Plastic/plastic_bags/plasticbag (199).jpg,1,LDPE Plastic,1,LDPE Plastic,0.9767109751701355,0.003220859682187438,0.9767109751701355,0.0006124370847828686,0.01830834336578846,0.0011473452905192971
/Users/aswanathjs/Downloads/test9/ai_plastic_waste_management_training/PP Plastic/round_containers/0044_a06b01c1d3e0f0g0h1.jpg,3,PP Plastic,3,PP Plastic,0.9999865293502808,2.4009295884752646e-06,5.44824752068962e-06,4.005953542218776e-06,0.9999865293502808,1.5575615179841407e-06
/Users/aswanathjs/Downloads/test9/ai_plastic_waste_management_training/PET Plastic/black_white_plastic_bottles/abhno_jpg.rf.a216ee1333beabbc6932645b75194dc4.jpg,2,PET Plastic,2,PET Plastic,0.9999490976333618,3.723573172464967e-05,2.678305861536501e-07,0.9999490976333618,1.3023204701312352e-05,4.3009151795558864e-07
/Users/aswanathjs/Downloads/test9/ai_plastic_waste_management_training/PET Plastic/shampoo_bottles/0015_a05b00c2d0e1f1g0h0.jpg,2,PET Plastic,2,PET Plastic,0.9995251893997192,4.3945117795374244e-05,1.6064243027358316e-05,0.9995251893997192,0.00041016627801582217,4.70459144708002e-06
/Users/aswanathjs/Downloads/test9/ai_plastic_waste_management_training/LDPE Plastic/plastic_bags/train_LDPE-64_jpg.rf.b4d0c1b714d1ab1bc000ebc5b1ae7398.jpg,1,LDPE Plastic,1,LDPE Plastic,0.9999141693115234,5.137459311299608e-07,0.9999141693115234,1.0701857718231622e-05,4.961450395057909e-05,2.5073104552575387e-05
/Users/aswanathjs/Downloads/test9/ai_plastic_waste_management_training/PS Plastic/foam_sheets/PS-779_jpg.rf.33709a1c396d238c2338e554ccbe79c3.jpg,4,PS Plastic,4,PS Plastic,0.9998014569282532,3.742813350982033e-05,1.722069464449305e-05,6.203308294061571e-05,8.191788219846785e-05,0.9998014569282532
"/Users/aswanathjs/Downloads/test9/ai_plastic_waste_management_training/PET Plastic/plastic_bottles/PET1,353.jpg",2,PET Plastic,2,PET Plastic,0.9999991655349731,2.1974477704134188e-07,3.6891631083335596e-08,0.9999991655349731,5.914511120863608e-07,1.416148975863507e-08
/Users/aswanathjs/Downloads/test9/ai_plastic_waste_management_training/LDPE Plastic/black_white__plastic_bags/0170_jpg.rf.07afc1a6fc3d2703a8dae4b685cb723e.jpg,1,LDPE Plastic,1,LDPE Plastic,0.999971866607666,3.146304266010702e-07,0.999971866607666,2.6193597477686126e-06,2.183989818149712e-05,3.3464282296336023e-06
/Users/aswanathjs/Downloads/test9/ai_plastic_waste_management_training/PS Plastic/foam_containers/styrofoam-143-_jpg.rf.73dc94a54d8a1d27900dc3eb4d6333b0.jpg,4,PS Plastic,4,PS Plastic,0.9654112458229065,0.0037374000530689955,0.025460725650191307,0.00010443440987728536,0.005286266561597586,0.9654112458229065
"/Users/aswanathjs/Downloads/test9/ai_plastic_waste_management_training/PET Plastic/plastic_bottles/PET1,440.jpg",2,PET Plastic,2,PET Plastic,0.9999586343765259,2.6182910914940294e-06,9.713623512652703e-06,0.9999586343765259,2.8868562367279083e-05,1.7691888842819026e-07
/Users/aswanathjs/Downloads/test9/ai_plastic_waste_management_training/PET Plastic/black_white_plastic_bottles/dfmpc_jpg.rf.4bff585f608375a17b5024ebbdd5a387.jpg,2,PET Plastic,2,PET Plastic,0.9999943971633911,4.981105121260043e-06,5.189524472370977e-07,0.9999943971633911,6.342256142488623e-08,5.325944485434775e-08
/Users/aswanathjs/Downloads/test9/ai_plastic_waste_management_training/HDPE Plastic/shampoo_bottles/0023_a02b01c1d2e0f1g0h0.jpg,0,HDPE Plastic,0,HDPE Plastic,1.0,1.0,1.0166213574094862e-12,7.402292112601572e-10,5.089172833150357e-11,2.961566061832066e-11
/Users/aswanathjs/Downloads/test9/ai_plastic_waste_management_training/PP Plastic/square_containers/mixedcontainer.png,3,PP Plastic,1,LDPE Plastic,0.6326805949211121,0.007290481124073267,0.6326805949211121,0.00014509308675769717,0.3552330434322357,0.004650882910937071
"/Users/aswanathjs/Downloads/test9/ai_plastic_waste_management_training/PET Plastic/plastic_bottles/PET1,761.jpg",2,PET Plastic,2,PET Plastic,1.0,2.2853912096110207e-09,1.8584822569778225e-08,1.0,2.727591708051591e-09,1.0098370750721841e-10
/Users/aswanathjs/Downloads/test9/ai_plastic_waste_management_training/PET Plastic/black_white_plastic_bottles/bokpl_jpg.rf.2b28346b836baed6ca15c1685081a158.jpg,2,PET Plastic,2,PET Plastic,0.9999891519546509,7.172311597969383e-07,6.959546681173379e-06,0.9999891519546509,2.0923309875797713e-06,1.080340780390543e-06
"/Users/aswanathjs/Downloads/test9/ai_plastic_waste_management_training/PET Plastic/plastic_bottles/PET1,507.jpg",2,PET Plastic,2,PET Plastic,0.9999152421951294,1.0689812370401341e-05,6.375132943503559e-05,0.9999152421951294,8.58408475323813e-06,1.682376250755624e-06
/Users/aswanathjs/Downloads/test9/ai_plastic_waste_management_training/PS Plastic/foam_sheets/IMG_9352_JPG.rf.fcd77c76e4f3ad63144539f2a0a439c6.jpg,4,PS Plastic,4,PS Plastic,0.9999909400939941,2.564487715517316e-07,7.98544533608947e-06,8.583976409681782e-07,4.769323425080074e-08,0.9999909400939941
/Users/aswanathjs/Downloads/test9/ai_plastic_waste_management_training/PS Plastic/foam_sheets/IMG_9352_JPG.rf.7faa030cbe1134f6bb37e21f8b766655.jpg,4,PS Plastic,4,PS Plastic,0.9999756813049316,1.6553149180253968e-06,1.8349956008023582e-05,4.214645286992891e-06,9.785885879409761e-08,0.9999756813049316
/Users/aswanathjs/Downloads/test9/ai_plastic_waste_management_training/PS Plastic/foam_sheets/IMG_9352_JPG.rf.5c08cd7564fa60b669c27a4bf45e8a96.jpg,4,PS Plastic,4,PS Plastic,0.9999278783798218,1.572846667841077e-05,3.091628605034202e-05,2.039007085841149e-05,5.096973382023862e-06,0.9999278783798218
/Users/aswanathjs/Downloads/test9/ai_plastic_waste_management_training/HDPE Plastic/shampoo_bottles/0099_a02b01c1d2e0f1g0h4.jpg,0,HDPE Plastic,0,HDPE Plastic,0.9999470710754395,0.9999470710754395,2.565659542597132e-07,1.1860566701216158e-05,3.8240472349571064e-05,2.590495569165796e-06
/Users/aswanathjs/Downloads/test9/ai_plastic_waste_management_training/HDPE Plastic/shampoo_bottles/0061_a02b01c2d2e0f1g0h2.jpg,0,HDPE Plastic,0,HDPE Plastic,1.0,1.0,7.767942647625425e-14,1.3396035149215724e-11,2.0197578418784667e-12,5.138561017664633e-13
/Users/aswanathjs/Downloads/test9/ai_plastic_waste_management_training/PET Plastic/black_white_plastic_bottles/bshya_jpg.rf.d680f8c9e1ab7a0d58370c8ca0a7bee8.jpg,2,PET Plastic,2,PET Plastic,0.9994127750396729,3.935531640308909e-05,0.0003998170723207295,0.9994127750396729,0.00010332852980354801,4.4759239244740456e-05
/Users/aswanathjs/Downloads/test9/ai_plastic_waste_management_training/PET Plastic/plastic_bottles/PET614.jpg,2,PET Plastic,2,PET Plastic,0.9999984502792358,2.3131057957925805e-07,1.0233054581476608e-06,0.9999984502792358,1.6092458565708512e-07,1.2785115188762575e-07
/Users/aswanathjs/Downloads/test9/ai_plastic_waste_management_training/PP Plastic/round_containers/IMG20220210154515.jpg,3,PP Plastic,3,PP Plastic,0.993256688117981,0.0021010080818086863,0.002892442513257265,0.0014759126352146268,0.993256688117981,0.0002739732153713703
/Users/aswanathjs/Downloads/test9/ai_plastic_waste_management_training/HDPE Plastic/milk_bottles/HDPEM91.jpg,0,HDPE Plastic,0,HDPE Plastic,0.9999784231185913,0.9999784231185913,4.135207731792434e-08,1.1815226571343374e-05,9.30799069465138e-06,4.798775989911519e-07
/Users/aswanathjs/Downloads/test9/ai_plastic_waste_management_training/HDPE Plastic/detergent_bottles/0098_a02b03c2d0e0f0g0h2.jpg,0,HDPE Plastic,0,HDPE Plastic,1.0,1.0,3.130010790483584e-12,1.7960646858661278e-11,5.81879766592408e-10,2.233775664439719e-12
/Users/aswanathjs/Downloads/test9/ai_plastic_waste_management_training/LDPE Plastic/bubble_wrap/train_LDPE-99_jpg.rf.bb2dc10956e69c18e1ff310e36773a34.jpg,1,LDPE Plastic,1,LDPE Plastic,0.9999935626983643,2.9825002911820775e-06,0.9999935626983643,1.4170313988870475e-06,1.6959184279130568e-07,1.9740682546398602e-06
/Users/aswanathjs/Downloads/test9/ai_plastic_waste_management_training/LDPE Plastic/plastic_bags/plasticbag (27).jpg,1,LDPE Plastic,1,LDPE Plastic,0.9999679327011108,1.4052133110453724e-06,0.9999679327011108,2.021436557697598e-05,1.036094363371376e-05,8.287955921559842e-08
/Users/aswanathjs/Downloads/test9/ai_plastic_waste_management_training/HDPE Plastic/detergent_bottles/0096_a02b04c1d2e0f0g0h2.jpg,0,HDPE Plastic,0,HDPE Plastic,0.9999997615814209,0.9999997615814209,1.4084423627380716e-09,5.282759563129957e-09,2.2926951714907773e-07,2.6234787675605276e-09
/Users/aswanathjs/Downloads/test9/ai_plastic_waste_management_training/PET Plastic/black_white_plastic_bottles/cumet_jpg.rf.31e35770c6dce5027564585d54ec6e9f.jpg,2,PET Plastic,2,PET Plastic,0.9999974966049194,1.2382539580357843e-06,6.79687161664333e-07,0.9999974966049194,3.197716580416454e-07,2.933617224698537e-07
/Users/aswanathjs/Downloads/test9/ai_plastic_waste_management_training/HDPE Plastic/detergent_bottles/0098_a02b03c1d1e0f0g0h0.jpg,0,HDPE Plastic,0,HDPE Plastic,1.0,1.0,1.6164637406390625e-09,2.6974602551632643e-09,2.6752497106485862e-08,1.346384670419809e-10
/Users/aswanathjs/Downloads/test9/ai_plastic_waste_management_training/PET Plastic/plastic_bottles/PET834.jpg,2,PET Plastic,2,PET Plastic,0.9997637867927551,1.5453506421181373e-05,0.00012482833699323237,0.9997637867927551,8.425398846156895e-05,1.1688559425238054e-05
/Users/aswanathjs/Downloads/test9/ai_plastic_waste_management_training/PS Plastic/foam_sheets/PS-843_jpg.rf.872e19b12be437a02865cb3a99b3b746.jpg,4,PS Plastic,4,PS Plastic,1.0,5.756683574276167e-09,1.9449904187229805e-10,6.249044059991604e-10,2.3095349244162122e-10,1.0
/Users/aswanathjs/Downloads/test9/ai_plastic_waste_management_training/PET Plastic/black_white_plastic_bottles/cigbo_jpg.rf.ff89cb2b2e7d7250f967e160ce76f47d.jpg,2,PET Plastic,2,PET Plastic,0.9999997615814209,2.3406273896853236e-07,1.0799128258298651e-09,0.9999997615814209,1.5641361983398383e-08,1.3948699972843315e-08
/Users/aswanathjs/Downloads/test9/ai_plastic_waste_management_training/PP Plastic/round_containers/0032_a05b01c1d1e0f0g0h1.jpg,3,PP Plastic,3,PP Plastic,0.9999231100082397,5.483586846821709e-06,7.096325589373009e-07,6.866303010610864e-05,0.9999231100082397,2.0806241991522256e-06
/Users/aswanathjs/Downloads/test9/ai_plastic_waste_management_training/PP Plastic/round_containers_grey/0032_a05b01c1d1e0f0g0h1.jpg,3,PP Plastic,3,PP Plastic,0.9999716281890869,2.119720875271014e-06,2.95954009743582e-07,2.5619328880566172e-05,0.9999716281890869,4.1028019381883496e-07
/Users/aswanathjs/Downloads/test9/ai_plastic_waste_management_training/LDPE Plastic/plastic_bags/LDPE-29_jpg.rf.81e5e7255851ff24b2dda8df50c974ae.jpg,1,LDPE Plastic,1,LDPE Plastic,0.9988783001899719,6.339066749205813e-05,0.9988783001899719,3.6739729694090784e-05,0.0008888159645721316,0.00013280280109029263
/Users/aswanathjs/Downloads/test9/ai_plastic_waste_management_training/LDPE Plastic/plastic_bags/LDPE-29_jpg.rf.f2f04c6bf85df5b5951f72ed4ed079e6.jpg,1,LDPE Plastic,1,LDPE Plastic,0.9998857975006104,2.296305865456816e-06,0.9998857975006104,1.910538412630558e-05,8.930987678468227e-05,3.568234205886256e-06
/Users/aswanathjs/Downloads/test9/ai_plastic_waste_management_training/HDPE Plastic/detergent_bottles/Image_176.png,0,HDPE Plastic,0,HDPE Plastic,1.0,1.0,2.7806976166111497e-10,1.1044181125186014e-09,4.204800951868037e-09,4.3493962771645744e-12
/Users/aswanathjs/Downloads/test9/ai_plastic_waste_management_training/HDPE Plastic/detergent_botteles_grey/Image_176.png,0,HDPE Plastic,0,HDPE Plastic,0.9999988079071045,0.9999988079071045,3.545093107959474e-08,3.707203575231688e-07,8.476483230879239e-07,1.2518167613606579e-09
/Users/aswanathjs/Downloads/test9/ai_plastic_waste_management_training/PP Plastic/round_containers/Image_176.png,0,HDPE Plastic,3,PP Plastic,0.4471977651119232,0.25415390729904175,0.23491552472114563,0.014421744272112846,0.4471977651119232,0.0493110753595829
/Users/aswanathjs/Downloads/test9/ai_plastic_waste_management_training/PS Plastic/foam_containers/Image_176.png,0,HDPE Plastic,3,PP Plastic,0.7658042907714844,0.13275137543678284,0.05103715509176254,0.004920281935483217,0.7658042907714844,0.04548689350485802
/Users/aswanathjs/Downloads/test9/ai_plastic_waste_management_training/PS Plastic/foam_sheets/PS-851_jpg.rf.ac36c6ad3097250ed2ba43fbcb22f028.jpg,4,PS Plastic,4,PS Plastic,1.0,8.87178241981701e-09,1.4196725739434868e-10,5.687443294100092e-10,6.997382673290531e-10,1.0
/Users/aswanathjs/Downloads/test9/ai_plastic_waste_management_training/HDPE Plastic/milk_bottles/HDPEM13.jpg,0,HDPE Plastic,0,HDPE Plastic,1.0,1.0,6.915615076916031e-20,2.659455979710051e-17,1.0027196146628905e-15,6.3069862321499e-18
/Users/aswanathjs/Downloads/test9/ai_plastic_waste_management_training/LDPE Plastic/plastic_bags/LDPE-238_jpg.rf.39ddc8a03e6c076e2457c169ba2a4d7f.jpg,1,LDPE Plastic,1,LDPE Plastic,0.999790370464325,9.637466064305045e-06,0.999790370464325,3.2533462217543274e-05,0.00015241431538015604,1.498374967923155e-05
/Users/aswanathjs/Downloads/test9/ai_plastic_waste_management_training/HDPE Plastic/shampoo_bottles/0075_a02b01c1d3e0f0g0h1.jpg,0,HDPE Plastic,0,HDPE Plastic,0.9999798536300659,0.9999798536300659,5.774561628868469e-08,9.274906886957979e-08,1.9813811377389356e-05,1.291392521807211e-07
/Users/aswanathjs/Downloads/test9/ai_plastic_waste_management_training/LDPE Plastic/plastic_bags/LDPE-494_jpg.rf.b4a3c24b11da018231133eafbcd48faf.jpg,1,LDPE Plastic,1,LDPE Plastic,0.999962568283081,9.405254786543082e-06,0.999962568283081,3.5479374673741404e-06,1.1988995538558811e-05,1.2417743164405692e-05
/Users/aswanathjs/Downloads/test9/ai_plastic_waste_management_training/PET Plastic/plastic_bottles/PET522.jpg,2,PET Plastic,2,PET Plastic,0.9999982118606567,1.287314148612495e-07,6.05819536758645e-07,0.9999982118606567,9.024799396684102e-07,6.456819789946167e-08
/Users/aswanathjs/Downloads/test9/ai_plastic_waste_management_training/HDPE Plastic/milk_bottles/HDPEM124.jpg,0,HDPE Plastic,0,HDPE Plastic,0.9999986886978149,0.9999986886978149,2.2263240140318885e-09,2.2282485190316947e-07,1.0964434977722703e-06,8.465050882477954e-09
/Users/aswanathjs/Downloads/test9/ai_plastic_waste_management_training/PS Plastic/foam_sheets/PS-832_jpg.rf.8d2941d3aaeb1e4107d76677c159b278.jpg,4,PS Plastic,4,PS Plastic,0.9999998807907104,6.475502800640243e-08,4.473469150667597e-09,5.289071847158766e-09,9.196504002773054e-09,0.9999998807907104
/Users/aswanathjs/Downloads/test9/ai_plastic_waste_management_training/PS Plastic/foam_containers/Image_1.png,4,PS Plastic,3,PP Plastic,0.48147156834602356,0.044350601732730865,0.16037823259830475,0.006633758544921875,0.48147156834602356,0.30716583132743835
/Users/aswanathjs/Downloads/test9/ai_plastic_waste_management_training/HDPE Plastic/shampoo_bottles/0065_a02b03c2d1e0f1g0h0.jpg,0,HDPE Plastic,0,HDPE Plastic,1.0,1.0,2.812097614230541e-13,8.309011256812937e-10,1.5852876303346086e-11,1.4662877032348143e-12
/Users/aswanathjs/Downloads/test9/ai_plastic_waste_management_training/HDPE Plastic/shampoo_bottles/0099_a02b01c1d2e0f1g0h0.jpg,0,HDPE Plastic,0,HDPE Plastic,0.9978093504905701,0.9978093504905701,6.357958000080544e-07,5.883122867089696e-05,0.0021293526515364647,1.826571974561375e-06
/Users/aswanathjs/Downloads/test9/ai_plastic_waste_management_training/LDPE Plastic/plastic_bags/P_W (1408).jpg,1,LDPE Plastic,1,LDPE Plastic,0.9999895095825195,5.843639428348979e-06,0.9999895095825195,9.009766017697984e-07,1.6961776054813527e-06,2.0580080217769137e-06
/Users/aswanathjs/Downloads/test9/ai_plastic_waste_management_training/PET Plastic/black_white_plastic_bottles/afkrz_jpg.rf.7f8943cef102f1e7b0185e3fd79cc4b9.jpg,2,PET Plastic,2,PET Plastic,0.9999951124191284,3.948160156141967e-06,3.679240023757302e-08,0.9999951124191284,8.025190254556946e-07,1.0306410302973745e-07
"/Users/aswanathjs/Downloads/test9/ai_plastic_waste_management_training/PET Plastic/plastic_bottles/PET1,471.jpg",2,PET Plastic,2,PET Plastic,0.9999850988388062,1.5651146441086894e-06,5.705672720068833e-06,0.9999850988388062,7.082435331540182e-06,6.158618930385273e-07
/Users/aswanathjs/Downloads/test9/ai_plastic_waste_management_training/LDPE Plastic/plastic_bags/plasticbag (137) 17.43.56.jpg,1,LDPE Plastic,1,LDPE Plastic,0.9999983310699463,5.197204089313345e-08,0.9999983310699463,1.2764518260155455e-06,2.4942937670857646e-07,7.258422130007602e-08
/Users/aswanathjs/Downloads/test9/ai_plastic_waste_management_training/HDPE Plastic/detergent_bottles/Image_161.png,0,HDPE Plastic,0,HDPE Plastic,0.9999997615814209,0.9999997615814209,2.2125334897538096e-10,9.250181420838999e-08,7.835836157710219e-08,1.6280091857945322e-11
/Users/aswanathjs/Downloads/test9/ai_plastic_waste_management_training/PS Plastic/foam_containers/Image_161.png,0,HDPE Plastic,3,PP Plastic,0.4453830420970917,0.0991177186369896,0.15598876774311066,0.007251945324242115,0.4453830420970917,0.29225850105285645
/Users/aswanathjs/Downloads/test9/ai_plastic_waste_management_training/HDPE Plastic/milk_bottles/HDPEM408.jpg,0,HDPE Plastic,0,HDPE Plastic,0.9999998807907104,0.9999998807907104,1.5378644135921604e-08,5.93604774223877e-08,7.290470449561326e-08,2.7535980606785415e-08
/Users/aswanathjs/Downloads/test9/ai_plastic_waste_management_training/HDPE Plastic/shampoo_bottiles_grey/0065_a02b03c2d2e0f1g0h0.jpg,0,HDPE Plastic,0,HDPE Plastic,1.0,1.0,9.008407908517313e-11,2.0827493896202753e-10,4.6831778455214135e-09,3.6970499578403704e-11
/Users/aswanathjs/Downloads/test9/ai_plastic_waste_management_training/HDPE Plastic/shampoo_bottles/0065_a02b03c2d2e0f1g0h0.jpg,0,HDPE Plastic,0,HDPE Plastic,1.0,1.0,2.2029140664403535e-12,2.0351925006378835e-11,7.408135910269564e-11,2.3771162989405514e-12
/Users/aswanathjs/Downloads/test9/ai_plastic_waste_management_training/PET Plastic/black_white_plastic_bottles/azdgf_jpg.rf.41d05dbd8ae8ea78e2a69ff45617dead.jpg,2,PET Plastic,2,PET Plastic,0.9999991655349731,1.1317717962811003e-07,1.271495477794815e-07,0.9999991655349731,5.580330935117672e-07,4.0074599638728614e-08
/Users/aswanathjs/Downloads/test9/ai_plastic_waste_management_training/PP Plastic/round_containers/IMG_20220210_105638.jpg,3,PP Plastic,3,PP Plastic,0.9968432188034058,0.0019496162422001362,0.000355300959199667,0.000718925497494638,0.9968432188034058,0.0001328866055700928
/Users/aswanathjs/Downloads/test9/ai_plastic_waste_management_training/PP Plastic/irregular_containers/valid_PP-66_jpg.rf.ee23cdc54f12850194f8ad6ecc589277.jpg,3,PP Plastic,3,PP Plastic,0.9997702240943909,5.116991133036208e-07,0.00021307873248588294,6.795887657062849e-06,0.9997702240943909,9.398111615155358e-06
/Users/aswanathjs/Downloads/test9/ai_plastic_waste_management_training/PP Plastic/square_containers/Image_84.png,3,PP Plastic,3,PP Plastic,0.8635447025299072,0.0023388895206153393,0.12250261008739471,0.0015552201075479388,0.8635447025299072,0.01005857065320015
/Users/aswanathjs/Downloads/test9/ai_plastic_waste_management_training/PS Plastic/foam_containers/Image_84.png,3,PP Plastic,4,PS Plastic,0.6518890261650085,0.02362487092614174,0.056773778051137924,0.002681449055671692,0.26503095030784607,0.6518890261650085
/Users/aswanathjs/Downloads/test9/ai_plastic_waste_management_training/LDPE Plastic/plastic_bags/plasticbag (48).jpg,1,LDPE Plastic,1,LDPE Plastic,0.9998268485069275,4.794702363142278e-06,0.9998268485069275,1.5723630895081442e-06,0.00015915169205982238,7.72686780692311e-06
/Users/aswanathjs/Downloads/test9/ai_plastic_waste_management_training/HDPE Plastic/detergent_bottles/0010_a02b01c2d1e0f1g0h1.jpg,0,HDPE Plastic,0,HDPE Plastic,0.9999700784683228,0.9999700784683228,5.233923516811956e-08,2.437418697809335e-05,5.4422325774794444e-06,7.42291703659248e-08
/Users/aswanathjs/Downloads/test9/ai_plastic_waste_management_training/HDPE Plastic/detergent_botteles_grey/0010_a02b01c2d1e0f1g0h1.jpg,0,HDPE Plastic,0,HDPE Plastic,0.9999862909317017,0.9999862909317017,1.6514654532784334e-07,5.551985395868542e-06,7.931385880510788e-06,4.293986322068122e-08
/Users/aswanathjs/Downloads/test9/ai_plastic_waste_management_training/PP Plastic/round_containers/0035_a06b01c1d0e0f0g0h1.jpg,3,PP Plastic,3,PP Plastic,0.9998334646224976,0.00013506447430700064,2.110034074576106e-06,1.5199129848042503e-05,0.9998334646224976,1.4096862287260592e-05
/Users/aswanathjs/Downloads/test9/ai_plastic_waste_management_training/PS Plastic/foam_sheets/PS-735_jpg.rf.74d2eecc3489f63511117471833b1c0a.jpg,4,PS Plastic,4,PS Plastic,0.999731719493866,5.556866744882427e-05,4.99868365295697e-05,2.781698276521638e-05,0.00013496832980308682,0.999731719493866
/Users/aswanathjs/Downloads/test9/ai_plastic_waste_management_training/LDPE Plastic/black_white__plastic_bags/0038_jpg.rf.5659dea18108cb7d43df04810d60ee75.jpg,1,LDPE Plastic,1,LDPE Plastic,0.9999933242797852,8.765597385718138e-07,0.9999933242797852,6.217968575583654e-07,2.689929488042253e-06,2.433502686471911e-06
/Users/aswanathjs/Downloads/test9/ai_plastic_waste_management_training/PET Plastic/black_white_plastic_bottles/anqur_jpg.rf.7899d90c7d54b3a351a27f197d61e5bb.jpg,2,PET Plastic,2,PET Plastic,0.9999364614486694,1.5073444956215099e-05,4.151972632371326e-07,0.9999364614486694,4.750600419356488e-05,4.901133934254176e-07
/Users/aswanathjs/Downloads/test9/ai_plastic_waste_management_training/LDPE Plastic/plastic_bags/LDPE-655_jpg.rf.c358d1c206d03cb2b09291eb684f3d85.jpg,1,LDPE Plastic,1,LDPE Plastic,0.9999265670776367,1.3310562280821614e-05,0.9999265670776367,1.1552720934560057e-05,3.118330641882494e-05,1.738665741868317e-05
/Users/aswanathjs/Downloads/test9/ai_plastic_waste_management_training/PET Plastic/shampoo_bottles/0100_a05b00c2d2e0f0g0h3.jpg,2,PET Plastic,2,PET Plastic,0.9999949932098389,4.713731414085487e-07,1.2873916830358212e-06,0.9999949932098389,2.887386472139042e-06,3.9252336136996746e-07
/Users/aswanathjs/Downloads/test9/ai_plastic_waste_management_training/PET Plastic/black_white_plastic_bottles/axhyi_jpg.rf.a86a0e1e6836cc96f67cf1531f5fce00.jpg,2,PET Plastic,2,PET Plastic,0.999998927116394,1.0969610286792886e-07,2.905799476593529e-07,0.999998927116394,9.546900514578738e-08,5.909982405682968e-07
/Users/aswanathjs/Downloads/test9/ai_plastic_waste_management_training/HDPE Plastic/shampoo_bottles/0063_a02b01c2d1e0f1g1h1.jpg,0,HDPE Plastic,0,HDPE Plastic,0.9999995231628418,0.9999995231628418,1.462655951911529e-08,8.772705939463776e-08,3.7705956401623553e-07,3.4215382527236216e-08
/Users/aswanathjs/Downloads/test9/ai_plastic_waste_management_training/PP Plastic/round_containers/IMG_20220209_174841.jpg,3,PP Plastic,3,PP Plastic,0.9997033476829529,4.9789091463026125e-06,0.0002653780102264136,2.6511168016440934e-06,0.9997033476829529,2.359989048272837e-05
/Users/aswanathjs/Downloads/test9/ai_plastic_waste_management_training/PS Plastic/foam_sheets/PS-667_jpg.rf.0887ea8d8aa6587212e19a43b64b7914.jpg,4,PS Plastic,4,PS Plastic,0.9999998807907104,1.6000848290786962e-07,3.584183616567316e-08,1.0958929763660308e-08,3.7941010333497616e-09,0.9999998807907104
/Users/aswanathjs/Downloads/test9/ai_plastic_waste_management_training/LDPE Plastic/plastic_bags/plasticbag (91).jpg,1,LDPE Plastic,1,LDPE Plastic,0.991133987903595,0.001070699654519558,0.991133987903595,0.0012171585112810135,0.005999448709189892,0.0005787565023638308
/Users/aswanathjs/Downloads/test9/ai_plastic_waste_management_training/PET Plastic/shampoo_bottles/0050_a05b00c1d0e1f1g0h4.jpg,2,PET Plastic,2,PET Plastic,0.9985989928245544,0.0013996275374665856,7.081077910697786e-07,0.9985989928245544,4.5910243784419436e-07,2.1436038366573484e-07
/Users/aswanathjs/Downloads/test9/ai_plastic_waste_management_training/PP Plastic/rectangle_containers/0011_a05b00c1d2e0f0g0h1.jpg,3,PP Plastic,3,PP Plastic,0.998515784740448,0.00023039070947561413,0.00011516059748828411,0.0010496272007003427,0.998515784740448,8.914643694879487e-05
/Users/aswanathjs/Downloads/test9/ai_plastic_waste_management_training/PP Plastic/square_containers/0011_a05b00c1d2e0f0g0h1.jpg,3,PP Plastic,3,PP Plastic,0.998515784740448,0.00023039070947561413,0.00011516059748828411,0.0010496272007003427,0.998515784740448,8.914643694879487e-05
/Users/aswanathjs/Downloads/test9/ai_plastic_waste_management_training/LDPE Plastic/plastic_bags/plasticbag (137).jpg,1,LDPE Plastic,1,LDPE Plastic,0.9999983310699463,5.197204089313345e-08,0.9999983310699463,1.2764518260155455e-06,2.4942937670857646e-07,7.258422130007602e-08
/Users/aswanathjs/Downloads/test9/ai_plastic_waste_management_training/HDPE Plastic/milk_bottles/HDPEM57.jpg,0,HDPE Plastic,0,HDPE Plastic,0.9999998807907104,0.9999998807907104,3.2356152479540157e-11,3.984359508990565e-09,7.996285944500414e-08,8.701588061210686e-11
"/Users/aswanathjs/Downloads/test9/ai_plastic_waste_management_training/PET Plastic/plastic_bottles/PET1,780.jpg",2,PET Plastic,2,PET Plastic,0.9999998807907104,1.499477342292721e-08,2.406573251789723e-08,0.9999998807907104,5.299950345261095e-08,4.175079837409612e-09
/Users/aswanathjs/Downloads/test9/ai_plastic_waste_management_training/PS Plastic/form_containers_grey/0058_a06b01c2d0e0f0g0h3.jpg,4,PS Plastic,4,PS Plastic,0.9998599290847778,0.00012110909301554784,2.6287190735274635e-07,2.8773527560588263e-07,1.8452874428476207e-05,0.9998599290847778
/Users/aswanathjs/Downloads/test9/ai_plastic_waste_management_training/PS Plastic/foam_containers/0058_a06b01c2d0e0f0g0h3.jpg,4,PS Plastic,4,PS Plastic,0.9999979734420776,1.6860893765624496e-06,1.9643140447556107e-09,1.8213819785728447e-08,4.095798828984698e-07,0.9999979734420776
/Users/aswanathjs/Downloads/test9/ai_plastic_waste_management_training/PS Plastic/foam_sheets/PS-766_jpg.rf.d8043d9fbcebff2f5e67595b5aad510c.jpg,4,PS Plastic,4,PS Plastic,0.9999297857284546,1.5035398973850533e-05,1.6357614640583051e-06,2.918091013270896e-06,5.0715105317067355e-05,0.9999297857284546
/Users/aswanathjs/Downloads/test9/ai_plastic_waste_management_training/PET Plastic/black_white_plastic_bottles/awkxc_jpg.rf.83d9f92faa46b6a5e708b2515e5efd11.jpg,2,PET Plastic,2,PET Plastic,0.9999483823776245,3.8207472243811935e-06,5.1697224989766255e-06,0.9999483823776245,3.937599103664979e-05,3.1786437375558307e-06
/Users/aswanathjs/Downloads/test9/ai_plastic_waste_management_training/LDPE Plastic/plastic_bags/LDPE-600_jpg.rf.dc852cae2c8dc2a869b59cafee35ba42.jpg,1,LDPE Plastic,1,LDPE Plastic,0.9998109936714172,1.66525824170094e-05,0.9998109936714172,8.560565765947104e-05,6.400753773050383e-05,2.2795531549490988e-05
/Users/aswanathjs/Downloads/test9/ai_plastic_waste_management_training/PS Plastic/foam_containers/0058_a06b01c2d1e0f0g0h1.jpg,4,PS Plastic,4,PS Plastic,0.999459445476532,0.00027720959042198956,6.9483680817938875e-06,2.0357616449473426e-05,0.00023595360107719898,0.999459445476532
"/Users/aswanathjs/Downloads/test9/ai_plastic_waste_management_training/PET Plastic/plastic_bottles/PET1,204.jpg",2,PET Plastic,2,PET Plastic,0.9999927282333374,2.186670826631598e-06,3.482227384665748e-06,0.9999927282333374,1.3358644537220243e-06,3.0966415920374857e-07
/Users/aswanathjs/Downloads/test9/ai_plastic_waste_management_training/PET Plastic/black_white_plastic_bottles/amqph_jpg.rf.2fe950f511d559a62dd4647fd866da2d.jpg,2,PET Plastic,2,PET Plastic,0.9999994039535522,5.471475219565036e-07,1.2377084246395498e-08,0.9999994039535522,1.3220295969063045e-08,3.949374161038577e-08
/Users/aswanathjs/Downloads/test9/ai_plastic_waste_management_training/PP Plastic/round_containers/0022_a05b00c2d0e0f0g0h3.jpg,3,PP Plastic,3,PP Plastic,0.9954423904418945,0.0009054485708475113,0.001657498418353498,0.0014637160347774625,0.9954423904418945,0.0005309009575285017
/Users/aswanathjs/Downloads/test9/ai_plastic_waste_management_training/HDPE Plastic/detergent_bottles/0098_a02b03c1d2e0f0g0h3.jpg,0,HDPE Plastic,0,HDPE Plastic,0.9999960660934448,0.9999960660934448,4.4431882884055085e-07,8.37349716675817e-07,2.4394807951466646e-06,2.0899273067698232e-07
/Users/aswanathjs/Downloads/test9/ai_plastic_waste_management_training/LDPE Plastic/black_white__plastic_bags/0007_jpg.rf.0e0bd85ebe663ccd675b6a08c21be77a.jpg,1,LDPE Plastic,1,LDPE Plastic,0.9998161196708679,2.481087676642346e-06,0.9998161196708679,5.3774747357238084e-05,2.063579267996829e-05,0.00010697334073483944
/Users/aswanathjs/Downloads/test9/ai_plastic_waste_management_training/PP Plastic/round_containers/0032_a05b01c2d2e0f0g0h1.jpg,3,PP Plastic,3,PP Plastic,0.9999669790267944,3.574221864255378e-06,1.3598197483588592e-06,2.4453669539070688e-05,0.9999669790267944,3.6479962091107154e-06
/Users/aswanathjs/Downloads/test9/ai_plastic_waste_management_training/LDPE Plastic/bubble_wrap_grey/LDPE-94_jpg.rf.7e0c943462765e42beffe94456407b6d.jpg,1,LDPE Plastic,1,LDPE Plastic,0.9999871253967285,5.950467993898201e-07,0.9999871253967285,7.562718565168325e-06,1.1359011296008248e-06,3.4862684969994007e-06
/Users/aswanathjs/Downloads/test9/ai_plastic_waste_management_training/LDPE Plastic/bubble_wrap/LDPE-94_jpg.rf.7e0c943462765e42beffe94456407b6d.jpg,1,LDPE Plastic,1,LDPE Plastic,0.9999961853027344,1.7038175315065018e-07,0.9999961853027344,2.642048457346391e-06,2.239538474668734e-07,7.051851298456313e-07
/Users/aswanathjs/Downloads/test9/ai_plastic_waste_management_training/LDPE Plastic/plastic_bags/plasticbag (160).jpg,1,LDPE Plastic,1,LDPE Plastic,0.9999988079071045,6.250235173865804e-08,0.9999988079071045,7.630580967088463e-08,7.058160349515674e-07,3.9597031786797743e-07
/Users/aswanathjs/Downloads/test9/ai_plastic_waste_management_training/PS Plastic/foam_sheets/PS-888_jpg.rf.26284a6d81a66c1248aa80fbf2be7fe5.jpg,4,PS Plastic,4,PS Plastic,0.9999998807907104,6.56937757526066e-08,3.941089232739614e-09,3.229311262842316e-09,6.2330594019499586e-09,0.9999998807907104
/Users/aswanathjs/Downloads/test9/ai_plastic_waste_management_training/HDPE Plastic/detergent_bottles/0010_a02b01c2d2e0f1g0h4.jpg,0,HDPE Plastic,0,HDPE Plastic,1.0,1.0,2.0365554728729585e-11,1.5343800674472163e-09,3.884994548286613e-09,1.8838984539026882e-10
/Users/aswanathjs/Downloads/test9/ai_plastic_waste_management_training/HDPE Plastic/detergent_botteles_grey/0010_a02b01c2d2e0f1g0h4.jpg,0,HDPE Plastic,0,HDPE Plastic,0.9999997615814209,0.9999997615814209,9.599929740033986e-09,1.1343825434551036e-08,2.69902955096768e-07,4.4615560135241594e-09
"/Users/aswanathjs/Downloads/test9/ai_plastic_waste_management_training/HDPE Plastic/milk_bottles/HDPEM1,021.JPG",0,HDPE Plastic,0,HDPE Plastic,1.0,1.0,1.6118200117697448e-14,9.101341208461733e-11,2.7226860089407667e-12,6.806179751739361e-12
/Users/aswanathjs/Downloads/test9/ai_plastic_waste_management_training/PS Plastic/foam_sheets/PS-902_jpg.rf.3e405abf1c38efc9697085217bdb30a3.jpg,4,PS Plastic,4,PS Plastic,1.0,2.9097042553161145e-09,1.2537434979087436e-10,4.1632533531732463e-10,2.2790956621943081e-10,1.0
/Users/aswanathjs/Downloads/test9/ai_plastic_waste_management_training/PS Plastic/form_sheets_grey/PS-902_jpg.rf.3e405abf1c38efc9697085217bdb30a3.jpg,4,PS Plastic,4,PS Plastic,1.0,4.5422181571552755e-09,3.134088544243241e-10,1.067889665584687e-09,6.200401858613702e-10,1.0
/Users/aswanathjs/Downloads/test9/ai_plastic_waste_management_training/PP Plastic/round_containers/0022_a05b00c1d2e0f0g0h3.jpg,3,PP Plastic,3,PP Plastic,0.9998441934585571,1.3344723811314907e-05,8.299478213302791e-05,4.9513902922626585e-05,0.9998441934585571,9.932743523677345e-06
/Users/aswanathjs/Downloads/test9/ai_plastic_waste_management_training/HDPE Plastic/milk_bottles/HDPEM499.jpg,0,HDPE Plastic,0,HDPE Plastic,0.9999175071716309,0.9999175071716309,1.4221184585494484e-07,5.857306405232521e-06,7.565138366771862e-05,8.137677696140599e-07
/Users/aswanathjs/Downloads/test9/ai_plastic_waste_management_training/PET Plastic/plastic_bottles/PET360.jpg,2,PET Plastic,2,PET Plastic,1.0,1.851621611592691e-08,3.601693165933284e-08,1.0,2.234675200440961e-08,1.287374828962129e-08
/Users/aswanathjs/Downloads/test9/ai_plastic_waste_management_training/LDPE Plastic/plastic_bags/plasticbag (42).jpg,1,LDPE Plastic,1,LDPE Plastic,0.9999996423721313,9.698840131022735e-08,0.9999996423721313,1.0563507402139294e-08,2.1572287778326427e-07,3.72553898841943e-08
/Users/aswanathjs/Downloads/test9/ai_plastic_waste_management_training/LDPE Plastic/plastic_bags/plasticbag (156).jpg,1,LDPE Plastic,1,LDPE Plastic,0.999963641166687,1.4574370652553625e-05,0.999963641166687,1.0911517165368423e-05,7.869754881539848e-06,2.9943751087557757e-06
"/Users/aswanathjs/Downloads/test9/ai_plastic_waste_management_training/PET Plastic/plastic_bottles/PET1,508.jpg",2,PET Plastic,2,PET Plastic,0.9999994039535522,6.666542162747646e-08,4.1872434053402685e-07,0.9999994039535522,1.0756787816035285e-07,2.80244929484752e-08
/Users/aswanathjs/Downloads/test9/ai_plastic_waste_management_training/LDPE Plastic/plastic_bags/LDPE-545_jpg.rf.98a9d3aa0408925d1e5afe27dcba453b.jpg,1,LDPE Plastic,1,LDPE Plastic,0.9995195865631104,4.989122680854052e-05,0.9995195865631104,0.00018761446699500084,0.00017407009727321565,6.879102875245735e-05
/Users/aswanathjs/Downloads/test9/ai_plastic_waste_management_training/HDPE Plastic/detergent_bottles/0098_a02b03c1d1e0f0g0h2.jpg,0,HDPE Plastic,0,HDPE Plastic,1.0,1.0,4.487794684482349e-12,1.0630336888528547e-11,2.3615820410327615e-10,4.994374271788393e-12
/Users/aswanathjs/Downloads/test9/ai_plastic_waste_management_training/PP Plastic/round_containers/Image_89.png,3,PP Plastic,3,PP Plastic,0.9442888498306274,0.006039440166205168,0.034681688994169235,0.0018643116345629096,0.9442888498306274,0.013125763274729252
/Users/aswanathjs/Downloads/test9/ai_plastic_waste_management_training/PS Plastic/foam_containers/Image_89.png,3,PP Plastic,3,PP Plastic,0.5466548800468445,0.05570695176720619,0.12646742165088654,0.0078096576035022736,0.5466548800468445,0.2633611261844635
/Users/aswanathjs/Downloads/test9/ai_plastic_waste_management_training/HDPE Plastic/shampoo_bottles/0065_a02b03c1d0e0f1g0h2.jpg,0,HDPE Plastic,0,HDPE Plastic,1.0,1.0,6.040592331890693e-11,3.317274677172577e-09,6.1862062139539375e-09,1.7882763048149286e-09
/Users/aswanathjs/Downloads/test9/ai_plastic_waste_management_training/PP Plastic/round_containers/0044_a06b01c1d3e0f0g0h2.jpg,3,PP Plastic,3,PP Plastic,0.9998390674591064,1.6884795286387089e-06,8.140323188854381e-05,6.891106022521853e-05,0.9998390674591064,8.87783335201675e-06
/Users/aswanathjs/Downloads/test9/ai_plastic_waste_management_training/PS Plastic/foam_containers/Image_144.png,4,PS Plastic,4,PS Plastic,0.48103392124176025,0.05634748190641403,0.14025716483592987,0.0098061952739954,0.3125552833080292,0.48103392124176025
/Users/aswanathjs/Downloads/test9/ai_plastic_waste_management_training/PP Plastic/round_containers/0095_a05b01c1d2e0f0g0h0.jpg,3,PP Plastic,3,PP Plastic,0.9998399019241333,8.142304977809545e-06,1.2011304534098599e-05,0.0001367830263916403,0.9998399019241333,3.1312927148974268e-06
/Users/aswanathjs/Downloads/test9/ai_plastic_waste_management_training/PS Plastic/foam_containers/Image_208.png,4,PS Plastic,1,LDPE Plastic,0.3560199439525604,0.04653770849108696,0.3560199439525604,0.005788883659988642,0.3222163915634155,0.26943710446357727
/Users/aswanathjs/Downloads/test9/ai_plastic_waste_management_training/PP Plastic/square_containers/Image_246.png,3,PP Plastic,3,PP Plastic,0.9994716048240662,5.83633482165169e-05,0.0004464919038582593,3.129172228000243e-06,0.9994716048240662,2.05279666261049e-05
/Users/aswanathjs/Downloads/test9/ai_plastic_waste_management_training/PS Plastic/foam_containers/Image_246.png,3,PP Plastic,3,PP Plastic,0.5566118359565735,0.03931485861539841,0.12122678756713867,0.006195643916726112,0.5566118359565735,0.2766507863998413
/Users/aswanathjs/Downloads/test9/ai_plastic_waste_management_training/PP Plastic/round_containers/0035_a06b01c2d0e0f0g0h2.jpg,3,PP Plastic,3,PP Plastic,0.999894380569458,8.835891640046611e-05,1.922747514981893e-06,7.319935775740305e-06,0.999894380569458,7.967332749103662e-06
/Users/aswanathjs/Downloads/test9/ai_plastic_waste_management_training/PP Plastic/round_containers_grey/0035_a06b01c2d0e0f0g0h2.jpg,3,PP Plastic,3,PP Plastic,0.9998162388801575,7.90286940173246e-05,5.118301123729907e-05,4.720747529063374e-05,0.9998162388801575,6.44652118353406e-06
/Users/aswanathjs/Downloads/test9/ai_plastic_waste_management_training/HDPE Plastic/shampoo_bottles/0065_a02b03c1d2e0f1g0h2.jpg,0,HDPE Plastic,0,HDPE Plastic,1.0,1.0,7.026602216742006e-11,2.0452528559644634e-10,2.535200493980483e-08,1.6888154763528007e-10
/Users/aswanathjs/Downloads/test9/ai_plastic_waste_management_training/HDPE Plastic/milk_bottles/HDPEM198.jpg,0,HDPE Plastic,0,HDPE Plastic,0.9999998807907104,0.9999998807907104,8.058562706025896e-10,2.101389995345926e-08,1.04339967776923e-07,3.809451865066649e-09
/Users/aswanathjs/Downloads/test9/ai_plastic_waste_management_training/HDPE Plastic/milk_bottles_grey/HDPEM198.jpg,0,HDPE Plastic,0,HDPE Plastic,0.9999997615814209,0.9999997615814209,7.302071391990239e-09,6.698316568076734e-09,2.195787800474136e-07,1.1572175218077518e-08
/Users/aswanathjs/Downloads/test9/ai_plastic_waste_management_training/PS Plastic/form_containers_grey/Image_120.png,4,PS Plastic,3,PP Plastic,0.5523035526275635,0.012283774092793465,0.05896919593214989,0.0027434066869318485,0.5523035526275635,0.3737001419067383
/Users/aswanathjs/Downloads/test9/ai_plastic_waste_management_training/PS Plastic/foam_containers/Image_120.png,4,PS Plastic,4,PS Plastic,0.4721238613128662,0.011597668752074242,0.058940671384334564,0.003115531289950013,0.45422229170799255,0.4721238613128662
/Users/aswanathjs/Downloads/test9/ai_plastic_waste_management_training/PS Plastic/foam_sheets/PS-666_jpg.rf.e3a34e2cf55d3b20ac51d4554ab1ec15.jpg,4,PS Plastic,4,PS Plastic,0.999998927116394,8.089143648248864e-07,2.424226011044084e-07,3.820524696607208e-08,2.0550089629978174e-08,0.999998927116394
/Users/aswanathjs/Downloads/test9/ai_plastic_waste_management_training/LDPE Plastic/black_white__plastic_bags/0095_jpg.rf.09c6ac8f16cd24bde4f0f6bb505e3633.jpg,1,LDPE Plastic,1,LDPE Plastic,0.9999855756759644,1.0330479938147619e-07,0.9999855756759644,1.1537339560163673e-05,1.894964043458458e-06,8.469171461911174e-07
/Users/aswanathjs/Downloads/test9/ai_plastic_waste_management_training/PP Plastic/round_containers/0035_a06b01c2d2e0f0g0h1.jpg,3,PP Plastic,3,PP Plastic,0.9998793601989746,7.393051055260003e-05,4.1678240449982695e-06,1.8528318832977675e-05,0.9998793601989746,2.3984444851521403e-05
/Users/aswanathjs/Downloads/test9/ai_plastic_waste_management_training/PP Plastic/round_containers_grey/0035_a06b01c2d2e0f0g0h1.jpg,3,PP Plastic,3,PP Plastic,0.9934530258178711,0.005674360319972038,0.00034511901321820915,0.0004027282411698252,0.9934530258178711,0.00012475100811570883
/Users/aswanathjs/Downloads/test9/ai_plastic_waste_management_training/PET Plastic/black_white_plastic_bottles/dpaml_jpg.rf.4d5a9e8d3863f8e7c4fc1d9e8cc658a9.jpg,2,PET Plastic,2,PET Plastic,0.9999841451644897,2.4524922537239036e-07,1.3790706361760385e-05,0.9999841451644897,5.115533667776617e-07,1.2543947605081485e-06
/Users/aswanathjs/Downloads/test9/ai_plastic_waste_management_training/PET Plastic/plastic_bottles/PET843.jpg,2,PET Plastic,2,PET Plastic,1.0,9.120500799042475e-09,4.322048496874231e-08,1.0,4.357440630542442e-09,1.2309804731103213e-08
"/Users/aswanathjs/Downloads/test9/ai_plastic_waste_management_training/PET Plastic/plastic_bottles/PET1,710.jpg",2,PET Plastic,2,PET Plastic,1.0,6.500640303830352e-11,1.3608852200083256e-16,1.0,1.0377357237683228e-14,5.925865263001543e-16
"/Users/aswanathjs/Downloads/test9/ai_plastic_waste_management_training/PET Plastic/plastic_bottles/PET1,428.jpg",2,PET Plastic,2,PET Plastic,0.9998630285263062,9.393741493113339e-06,1.9632423573057167e-05,0.9998630285263062,0.00010116922203451395,6.821356237196596e-06
"/Users/aswanathjs/Downloads/test9/ai_plastic_waste_management_training/PET Plastic/plastic_bottles/PET1,615.jpg",2,PET Plastic,2,PET Plastic,0.9999922513961792,6.680293154204264e-06,1.344583751006212e-07,0.9999922513961792,9.638304163672728e-07,1.0335293509911025e-08
/Users/aswanathjs/Downloads/test9/ai_plastic_waste_management_training/HDPE Plastic/milk_bottles/HDPEM234.jpg,0,HDPE Plastic,0,HDPE Plastic,0.9999997615814209,0.9999997615814209,3.7546266096200043e-10,3.739771159416705e-08,1.8327747852708853e-07,3.3574585334150697e-09
/Users/aswanathjs/Downloads/test9/ai_plastic_waste_management_training/PET Plastic/black_white_plastic_bottles/dmslo_jpg.rf.41d409832e3d933647d869b28eaaae55.jpg,2,PET Plastic,2,PET Plastic,0.999997615814209,7.918925462035986e-07,3.146163010114833e-07,0.999997615814209,7.219057351903757e-07,4.968171083419293e-07
/Users/aswanathjs/Downloads/test9/ai_plastic_waste_management_training/PP Plastic/round_containers/0009_a06b01c1d1e0f0g0h1.jpg,3,PP Plastic,3,PP Plastic,0.9997480511665344,0.00017587500042282045,3.289177766419016e-05,2.628262336656917e-05,0.9997480511665344,1.69156446645502e-05
/Users/aswanathjs/Downloads/test9/ai_plastic_waste_management_training/PET Plastic/plastic_bottles/PET893.jpg,2,PET Plastic,2,PET Plastic,1.0,6.260974516614226e-10,1.2586037989592569e-08,1.0,3.327102371386559e-09,4.2643135550468614e-11
/Users/aswanathjs/Downloads/test9/ai_plastic_waste_management_training/HDPE Plastic/milk_bottles/HDPEM193.jpg,0,HDPE Plastic,0,HDPE Plastic,0.9999887943267822,0.9999887943267822,2.5399637948453346e-08,3.2528082556382287e-06,6.173981546453433e-06,1.842671622398484e-06
/Users/aswanathjs/Downloads/test9/ai_plastic_waste_management_training/LDPE Plastic/plastic_bags/plasticbag (115) 17.43.56.jpg,1,LDPE Plastic,1,LDPE Plastic,0.9997237324714661,2.588774987088982e-05,0.9997237324714661,8.497767703374848e-05,0.00014482910046353936,2.0628060156013817e-05
/Users/aswanathjs/Downloads/test9/ai_plastic_waste_management_training/PS Plastic/foam_containers/0058_a06b01c1d1e0f0g0h4.jpg,4,PS Plastic,4,PS Plastic,0.9989938139915466,0.0009996291482821107,1.2007258298751822e-08,2.8308295441092923e-07,6.261168437049491e-06,0.9989938139915466
/Users/aswanathjs/Downloads/test9/ai_plastic_waste_management_training/HDPE Plastic/milk_bottles/HDPEM284.jpg,0,HDPE Plastic,0,HDPE Plastic,1.0,1.0,5.4890408218060197e-14,1.4129454550815268e-11,3.06672493389365e-13,2.8367656531094743e-13
/Users/aswanathjs/Downloads/test9/ai_plastic_waste_management_training/PP Plastic/round_containers/0031_a05b01c1d2e0f0g0h3.jpg,3,PP Plastic,3,PP Plastic,0.9941914677619934,0.005768756382167339,1.3407829101197422e-05,1.670016354182735e-05,0.9941914677619934,9.635494279791601e-06
/Users/aswanathjs/Downloads/test9/ai_plastic_waste_management_training/PET Plastic/plastic_bottles/PET817.jpg,2,PET Plastic,2,PET Plastic,0.9999349117279053,2.7161554498889018e-06,5.225049608270638e-05,0.9999349117279053,7.76141223468585e-06,2.4119383397191996e-06
/Users/aswanathjs/Downloads/test9/ai_plastic_waste_management_training/PET Plastic/plastic_bottles/PET295.jpg,2,PET Plastic,2,PET Plastic,0.999993085861206,5.525664164451882e-06,6.393383387148788e-07,0.999993085861206,7.323091040234431e-07,1.1399295729574987e-08
/Users/aswanathjs/Downloads/test9/ai_plastic_waste_management_training/PP Plastic/rectangle_containers/0011_a05b00c2d2e0f0g0h1.jpg,3,PP Plastic,3,PP Plastic,0.9896013140678406,0.0033774436451494694,0.0010018579196184874,0.005334365647286177,0.9896013140678406,0.0006849388591945171
/Users/aswanathjs/Downloads/test9/ai_plastic_waste_management_training/PP Plastic/square_containers/0011_a05b00c2d2e0f0g0h1.jpg,3,PP Plastic,3,PP Plastic,0.9896013140678406,0.0033774436451494694,0.0010018579196184874,0.005334365647286177,0.9896013140678406,0.0006849388591945171
/Users/aswanathjs/Downloads/test9/ai_plastic_waste_management_training/HDPE Plastic/shampoo_bottles/0076_a02b06c2d1e0f1g0h3.jpg,0,HDPE Plastic,0,HDPE Plastic,0.9999992847442627,0.9999992847442627,1.215849554370152e-08,4.4204173832440574e-07,1.2806884797100793e-07,7.792549894247713e-08
/Users/aswanathjs/Downloads/test9/ai_plastic_waste_management_training/PP Plastic/round_containers/0035_a06b01c2d1e0f0g0h0.jpg,3,PP Plastic,3,PP Plastic,0.9992602467536926,0.00024203055363614112,4.149058440816589e-05,0.00039775235927663743,0.9992602467536926,5.849168519489467e-05
/Users/aswanathjs/Downloads/test9/ai_plastic_waste_management_training/PET Plastic/black_white_plastic_bottles/cbtik_jpg.rf.f2bd33af751ae09c8501f0dcb45e5a8e.jpg,2,PET Plastic,2,PET Plastic,0.9999974966049194,9.322750429419102e-07,1.9842089216126624e-07,0.9999974966049194,8.047435358093935e-07,5.586977636085066e-07
/Users/aswanathjs/Downloads/test9/ai_plastic_waste_management_training/PET Plastic/plastic_bottles/PET362.jpg,2,PET Plastic,2,PET Plastic,0.9999969005584717,1.1073688455098818e-07,2.1102139271533815e-06,0.9999969005584717,5.587203872892132e-07,3.3905689633684233e-07
/Users/aswanathjs/Downloads/test9/ai_plastic_waste_management_training/PET Plastic/black_white_plastic_bottles/cvxfi_jpg.rf.c2ee4cdf5923b61892ec5e7996caf401.jpg,2,PET Plastic,2,PET Plastic,0.9999903440475464,7.003137397987302e-06,6.682650166567328e-08,0.9999903440475464,2.202025598307955e-06,3.4285380934306886e-07
/Users/aswanathjs/Downloads/test9/ai_plastic_waste_management_training/PET Plastic/plastic_bottles/PET447.jpg,2,PET Plastic,2,PET Plastic,0.999990701675415,1.008934418678109e-06,3.972234026150545e-06,0.999990701675415,3.563408426998649e-06,8.289658239846176e-07
/Users/aswanathjs/Downloads/test9/ai_plastic_waste_management_training/PET Plastic/plastic_bottles/PET487.jpg,2,PET Plastic,2,PET Plastic,0.9999853372573853,6.003624548611697e-06,2.359985046496149e-06,0.9999853372573853,4.235933374729939e-06,2.0849988686677534e-06
/Users/aswanathjs/Downloads/test9/ai_plastic_waste_management_training/PET Plastic/black_white_plastic_bottles/ahptq_jpg.rf.dbe2d1ffb9f82f2932f4d32992cb52ba.jpg,2,PET Plastic,2,PET Plastic,0.9999814033508301,5.317805971571943e-06,1.814775487218867e-06,0.9999814033508301,6.010309789417079e-06,5.410215635492932e-06
/Users/aswanathjs/Downloads/test9/ai_plastic_waste_management_training/HDPE Plastic/shampoo_bottles/0063_a02b01c2d3e0f1g1h1.jpg,0,HDPE Plastic,0,HDPE Plastic,0.9999924898147583,0.9999924898147583,7.284720595635008e-07,2.879630073948647e-06,2.7539533675735584e-06,1.2226341823406983e-06
/Users/aswanathjs/Downloads/test9/ai_plastic_waste_management_training/LDPE Plastic/plastic_bags_grey/plasticbag (3).jpg,1,LDPE Plastic,1,LDPE Plastic,0.9999607801437378,2.1162068719604576e-07,0.9999607801437378,1.4697928236273583e-05,2.3109572794055566e-05,1.22216056297475e-06
/Users/aswanathjs/Downloads/test9/ai_plastic_waste_management_training/LDPE Plastic/plastic_bags/plasticbag (3).png,1,LDPE Plastic,1,LDPE Plastic,0.9769685864448547,0.007603589445352554,0.9769685864448547,0.0025231740437448025,0.01091247983276844,0.0019920775666832924
/Users/aswanathjs/Downloads/test9/ai_plastic_waste_management_training/LDPE Plastic/plastic_bags/plasticbag (3).jpg,1,LDPE Plastic,1,LDPE Plastic,0.9998887777328491,1.1321719739498803e-06,0.9998887777328491,3.0133996915537864e-05,7.817229925421998e-05,1.7607682138987002e-06
"/Users/aswanathjs/Downloads/test9/ai_plastic_waste_management_training/PET Plastic/plastic_bottles/PET1,617.jpg",2,PET Plastic,2,PET Plastic,0.9999995231628418,1.1648433684285919e-07,3.345060690662649e-07,0.9999995231628418,3.647366852987943e-08,1.3307629664893739e-08
/Users/aswanathjs/Downloads/test9/ai_plastic_waste_management_training/HDPE Plastic/shampoo_bottles/0065_a02b03c1d0e0f1g0h4.jpg,0,HDPE Plastic,0,HDPE Plastic,1.0,1.0,4.451938470650951e-11,3.7625871307511716e-09,6.628986248813362e-09,3.125307235229968e-10
"/Users/aswanathjs/Downloads/test9/ai_plastic_waste_management_training/PET Plastic/plastic_bottles/PET1,476.jpg",2,PET Plastic,2,PET Plastic,0.9999986886978149,5.302995305100922e-07,4.2948445866386464e-07,0.9999986886978149,2.7748012598749483e-07,1.6958839665903724e-08
/Users/aswanathjs/Downloads/test9/ai_plastic_waste_management_training/PS Plastic/foam_sheets/PS-622_jpg.rf.d7d94ec6cc0c23ffb7637a72ff78e1ff.jpg,4,PS Plastic,4,PS Plastic,0.9999995231628418,3.5244664786659996e-07,1.283793551465351e-07,2.5877717746425333e-08,7.776512767065924e-09,0.9999995231628418
/Users/aswanathjs/Downloads/test9/ai_plastic_waste_management_training/LDPE Plastic/plastic_bags/test_LDPE-19_jpg.rf.21132858ab560a67930a1364f9826754.jpg,1,LDPE Plastic,1,LDPE Plastic,0.9997195601463318,1.027637790684821e-05,0.9997195601463318,6.432756435970077e-06,3.406135874683969e-05,0.0002295886806678027
"/Users/aswanathjs/Downloads/test9/ai_plastic_waste_management_training/PET Plastic/plastic_bottles/PET1,282.jpg",2,PET Plastic,2,PET Plastic,0.9999842643737793,7.06705986885936e-06,8.498424790559511e-07,0.9999842643737793,6.0257593759160955e-06,1.7402381899955799e-06
/Users/aswanathjs/Downloads/test9/ai_plastic_waste_management_training/PET Plastic/black_white_plastic_bottles/cvpiu_jpg.rf.c4bcb69e2914fc43a8e2b30c6a0830fc.jpg,2,PET Plastic,2,PET Plastic,0.9999791383743286,1.244066538674815e-06,1.4362658475874923e-05,0.9999791383743286,1.6679949794706772e-06,3.6986150462325895e-06
/Users/aswanathjs/Downloads/test9/ai_plastic_waste_management_training/HDPE Plastic/shampoo_bottles/0078_a02b07c1d1e0f1g0h3.jpg,0,HDPE Plastic,0,HDPE Plastic,0.9999842643737793,0.9999842643737793,3.699034190063344e-09,1.5670839275117032e-05,1.0041606657296143e-07,4.017270516243343e-09
/Users/aswanathjs/Downloads/test9/ai_plastic_waste_management_training/HDPE Plastic/milk_bottles/P_W (1371).jpg,0,HDPE Plastic,0,HDPE Plastic,0.9898320436477661,0.9898320436477661,3.6998953873990104e-05,0.00028591707814484835,0.009623827412724495,0.00022129915305413306
/Users/aswanathjs/Downloads/test9/ai_plastic_waste_management_training/HDPE Plastic/milk_bottles_grey/P_W (1371).jpg,0,HDPE Plastic,0,HDPE Plastic,0.9978875517845154,0.9978875517845154,2.420386408630293e-05,0.0001984043774427846,0.0018653545994311571,2.4537117496947758e-05
"/Users/aswanathjs/Downloads/test9/ai_plastic_waste_management_training/PET Plastic/plastic_bottles/PET1,245.jpg",2,PET Plastic,2,PET Plastic,0.9999725818634033,1.7167129044537432e-05,5.251208108347782e-07,0.9999725818634033,8.313721991726197e-06,1.4857530459266854e-06
/Users/aswanathjs/Downloads/test9/ai_plastic_waste_management_training/PS Plastic/foam_sheets/PS-865_jpg.rf.e109b98ff9dec196e9e2a0047b6ed3ea.jpg,4,PS Plastic,4,PS Plastic,1.0,4.912388718025795e-08,4.4240175967047435e-09,5.089352494991317e-09,8.23258528015458e-09,1.0
/Users/aswanathjs/Downloads/test9/ai_plastic_waste_management_training/LDPE Plastic/plastic_bags/plasticbag (202).jpg,1,LDPE Plastic,1,LDPE Plastic,0.9997949004173279,8.418352081207559e-05,0.9997949004173279,0.00010026783274952322,1.3966467122372705e-05,6.752975878043799e-06
/Users/aswanathjs/Downloads/test9/ai_plastic_waste_management_training/LDPE Plastic/plastic_bags/test_LDPE-3_jpg.rf.c2e0d498a2dd821a25dc896fde6a06d3.jpg,1,LDPE Plastic,1,LDPE Plastic,0.9999586343765259,2.6035570044768974e-05,0.9999586343765259,1.958676875801757e-06,8.153934686561115e-06,5.240765858616214e-06
/Users/aswanathjs/Downloads/test9/ai_plastic_waste_management_training/HDPE Plastic/milk_bottles/P_W (1077).jpg,0,HDPE Plastic,0,HDPE Plastic,0.9999970197677612,0.9999970197677612,2.761931350292457e-09,4.5402254045256996e-07,5.047202122909766e-08,2.4483888410031796e-06
/Users/aswanathjs/Downloads/test9/ai_plastic_waste_management_training/PET Plastic/black_white_plastic_bottles/dhpri_jpg.rf.f81dc58e4ced62a8ae353540bcf5b08d.jpg,2,PET Plastic,2,PET Plastic,0.9999994039535522,3.849810639167117e-07,7.301166959905458e-08,0.9999994039535522,8.801583106787803e-08,1.3091040784729557e-07
/Users/aswanathjs/Downloads/test9/ai_plastic_waste_management_training/PET Plastic/shampoo_bottles/0100_a05b00c2d0e0f0g0h2.jpg,2,PET Plastic,2,PET Plastic,0.9999992847442627,1.0259773830512131e-07,1.4729435804383684e-07,0.9999992847442627,3.959180503443349e-07,3.0301350761874346e-08
/Users/aswanathjs/Downloads/test9/ai_plastic_waste_management_training/PET Plastic/plastic_bottles/PET785.jpg,2,PET Plastic,2,PET Plastic,0.9999984502792358,3.130082575353299e-07,7.122625902411528e-07,0.9999984502792358,4.3912496039411053e-07,5.348188025777745e-08
/Users/aswanathjs/Downloads/test9/ai_plastic_waste_management_training/PS Plastic/foam_sheets/IMG_9349_JPG.rf.ecc1c4f2cd983955ec66e0272704c1a1.jpg,4,PS Plastic,4,PS Plastic,0.9996223449707031,8.873529623087961e-06,2.363263956794981e-05,0.0003243226674385369,2.0783736545126885e-05,0.9996223449707031
/Users/aswanathjs/Downloads/test9/ai_plastic_waste_management_training/PS Plastic/foam_sheets/IMG_9349_JPG.rf.121fcc0fa8d7f74c4fc2bf5e9f474b71.jpg,4,PS Plastic,4,PS Plastic,0.9999994039535522,9.538277367937553e-08,8.023904030096674e-08,3.51239663132219e-07,1.2720140496469412e-08,0.9999994039535522
/Users/aswanathjs/Downloads/test9/ai_plastic_waste_management_training/PS Plastic/foam_sheets/IMG_9349_JPG.rf.b937c1d1fd6403d6d97223f6dc800b14.jpg,4,PS Plastic,4,PS Plastic,0.9999803304672241,2.8398110316629754e-06,6.4114515225810464e-06,7.5565035331237596e-06,2.8309523258940317e-06,0.9999803304672241
/Users/aswanathjs/Downloads/test9/ai_plastic_waste_management_training/PS Plastic/foam_containers/Image_71.png,4,PS Plastic,4,PS Plastic,0.6970556378364563,0.015997538343071938,0.0654311552643776,0.0015709670260548592,0.21994464099407196,0.6970556378364563
"/Users/aswanathjs/Downloads/test9/ai_plastic_waste_management_training/PET Plastic/plastic_bottles/PET1,755.jpg",2,PET Plastic,2,PET Plastic,0.9994811415672302,3.488705988274887e-05,1.59152114065364e-05,0.9994811415672302,0.000460446608485654,7.685721357120201e-06
/Users/aswanathjs/Downloads/test9/ai_plastic_waste_management_training/LDPE Plastic/plastic_bags/plasticbag.png,1,LDPE Plastic,1,LDPE Plastic,0.9999810457229614,6.947351494090981e-07,0.9999810457229614,3.269028638896998e-06,1.7975260107050417e-06,1.3209109965828247e-05
/Users/aswanathjs/Downloads/test9/ai_plastic_waste_management_training/PET Plastic/plastic_bottles/PET368.jpg,2,PET Plastic,2,PET Plastic,0.9999994039535522,1.1841859048900005e-07,2.448909413033107e-07,0.9999994039535522,1.6697212856797705e-07,1.6154888271557866e-07
/Users/aswanathjs/Downloads/test9/ai_plastic_waste_management_training/PP Plastic/square_containers/Image_218.png,3,PP Plastic,3,PP Plastic,0.999876856803894,1.8813956330632209e-06,0.00011782954243244603,1.539713480269711e-06,0.999876856803894,1.858194991655182e-06
/Users/aswanathjs/Downloads/test9/ai_plastic_waste_management_training/PS Plastic/foam_containers/Image_218.png,3,PP Plastic,3,PP Plastic,0.6131589412689209,0.03292887285351753,0.11153819411993027,0.006084748078137636,0.6131589412689209,0.23628926277160645
/Users/aswanathjs/Downloads/test9/ai_plastic_waste_management_training/LDPE Plastic/plastic_bags/plasticbag (178) 17.43.56.jpg,1,LDPE Plastic,1,LDPE Plastic,0.9999995231628418,3.859322461607917e-08,0.9999995231628418,2.2864038839998102e-07,6.817844422357666e-08,7.707350846430927e-08
/Users/aswanathjs/Downloads/test9/ai_plastic_waste_management_training/HDPE Plastic/detergent_bottles/0039_a02b01c2d1e0f1g0h2.jpg,0,HDPE Plastic,0,HDPE Plastic,1.0,1.0,3.244534640955976e-10,2.7866468244042153e-08,1.0315246434799974e-08,2.1654153470329618e-10
/Users/aswanathjs/Downloads/test9/ai_plastic_waste_management_training/PET Plastic/shampoo_bottles/0015_a05b00c2d3e1f1g0h1.jpg,2,PET Plastic,2,PET Plastic,0.9985765218734741,0.0003217562334612012,4.980110679753125e-05,0.9985765218734741,0.0008370830910280347,0.00021491777442861348
/Users/aswanathjs/Downloads/test9/ai_plastic_waste_management_training/HDPE Plastic/shampoo_bottles/0077_a02b01c2d2e0f1g0h0.jpg,0,HDPE Plastic,0,HDPE Plastic,0.9999997615814209,0.9999997615814209,1.3168935275587046e-08,2.990906722288855e-08,2.8113120720263396e-07,4.591415603272253e-08
/Users/aswanathjs/Downloads/test9/ai_plastic_waste_management_training/PP Plastic/round_containers/0043_a06b01c2d2e0f0g0h3.jpg,3,PP Plastic,3,PP Plastic,0.9999262094497681,7.16507202014327e-05,1.645699512664578e-06,7.869828522188982e-08,0.9999262094497681,3.849708605230262e-07
/Users/aswanathjs/Downloads/test9/ai_plastic_waste_management_training/LDPE Plastic/plastic_bags/LDPE-71_jpg.rf.a71ad898f1fda611ef5996a9ae77ccc9.jpg,1,LDPE Plastic,1,LDPE Plastic,0.9998874664306641,6.241061214495858e-07,0.9998874664306641,7.075152825564146e-05,3.7031801184639335e-05,4.026242095278576e-06
/Users/aswanathjs/Downloads/test9/ai_plastic_waste_management_training/LDPE Plastic/plastic_bags/LDPE-71_jpg.rf.fb19519ffcf7a5e910688db4dbfd2eb7.jpg,1,LDPE Plastic,1,LDPE Plastic,0.9999706745147705,3.2266405014524935e-07,0.9999706745147705,1.5100607924978249e-05,4.74520493298769e-06,9.120829417952336e-06
/Users/aswanathjs/Downloads/test9/ai_plastic_waste_management_training/HDPE Plastic/shampoo_bottles/0061_a02b01c1d0e0f1g0h0(1).jpg,0,HDPE Plastic,0,HDPE Plastic,1.0,1.0,1.9260558425937546e-10,3.591999586660677e-08,4.583939339219967e-10,2.1240750824880195e-10
/Users/aswanathjs/Downloads/test9/ai_plastic_waste_management_training/PET Plastic/plastic_bottles/PET900.jpg,2,PET Plastic,2,PET Plastic,0.9999991655349731,1.2373487789929527e-09,7.83980397045525e-07,0.9999991655349731,2.6084687743122004e-09,1.1068697070015787e-09
/Users/aswanathjs/Downloads/test9/ai_plastic_waste_management_training/PS Plastic/foam_sheets/IMG_9384_JPG.rf.ec19f5a3cc6b04ab6954a583d499f874.jpg,4,PS Plastic,4,PS Plastic,0.9997192025184631,5.131170155436848e-07,0.0002750322164501995,4.185701072856318e-06,1.1179548664586036e-06,0.9997192025184631
/Users/aswanathjs/Downloads/test9/ai_plastic_waste_management_training/PS Plastic/foam_sheets/IMG_9384_JPG.rf.f65a6b899d2ca6abe3b10e2b56d66cb8.jpg,4,PS Plastic,4,PS Plastic,0.9607253670692444,0.0014815538888797164,0.026894092559814453,0.00044644225272350013,0.010452600196003914,0.9607253670692444
/Users/aswanathjs/Downloads/test9/ai_plastic_waste_management_training/PS Plastic/foam_sheets/IMG_9384_JPG.rf.46ad34425888597716abe96e79e09225.jpg,4,PS Plastic,4,PS Plastic,0.9985439777374268,4.0529070247430354e-05,0.0013055573217570782,2.1879523046663962e-05,8.806480036582798e-05,0.9985439777374268
/Users/aswanathjs/Downloads/test9/ai_plastic_waste_management_training/LDPE Plastic/plastic_bags/LDPE-322_jpg.rf.c2955913084b3d9a440be2bfb645b150.jpg,1,LDPE Plastic,1,LDPE Plastic,0.999992847442627,2.412683954844397e-07,0.999992847442627,1.052542643265042e-06,2.233078475910588e-06,3.6026951875101076e-06
/Users/aswanathjs/Downloads/test9/ai_plastic_waste_management_training/LDPE Plastic/plastic_bags/plasticbag (191).jpg,1,LDPE Plastic,1,LDPE Plastic,0.9910309314727783,0.0010872272541746497,0.9910309314727783,0.003815729869529605,0.0007621404365636408,0.0033040454145520926
/Users/aswanathjs/Downloads/test9/ai_plastic_waste_management_training/PET Plastic/plastic_bottles/PET927.jpg,2,PET Plastic,2,PET Plastic,0.9998887777328491,6.190791737026302e-06,7.540101796621457e-05,0.9998887777328491,2.6700881790020503e-05,2.899192395489081e-06
/Users/aswanathjs/Downloads/test9/ai_plastic_waste_management_training/PS Plastic/foam_sheets/PS-540_jpg.rf.1e99cb1d9db3f3babe66278cc7b93de0.jpg,4,PS Plastic,4,PS Plastic,0.9999992847442627,3.1516188414570934e-07,3.338562066801387e-07,1.6467676999809555e-08,1.2453190478822762e-08,0.9999992847442627
/Users/aswanathjs/Downloads/test9/ai_plastic_waste_management_training/PP Plastic/irregular_containers/train_PP-61_jpg.rf.7f34d189081b6370d7a8dfd056c49de6.jpg,3,PP Plastic,3,PP Plastic,0.9995720982551575,1.1154746971442364e-05,0.0003519412421155721,5.283966675051488e-05,0.9995720982551575,1.1855994671350345e-05
/Users/aswanathjs/Downloads/test9/ai_plastic_waste_management_training/PP Plastic/irregular_containers_grey/train_PP-61_jpg.rf.7f34d189081b6370d7a8dfd056c49de6.jpg,3,PP Plastic,3,PP Plastic,0.9994432330131531,1.4253957488108426e-05,0.00040132945287041366,0.0001337421708740294,0.9994432330131531,7.52452888264088e-06
/Users/aswanathjs/Downloads/test9/ai_plastic_waste_management_training/PET Plastic/plastic_bottles/PET897.jpg,2,PET Plastic,2,PET Plastic,0.9999998807907104,1.7103407579099894e-09,1.0793168314648938e-07,0.9999998807907104,1.2753063494130856e-08,4.166194056409722e-09
"/Users/aswanathjs/Downloads/test9/ai_plastic_waste_management_training/PET Plastic/plastic_bottles/PET1,234.jpg",2,PET Plastic,2,PET Plastic,0.9999978542327881,7.653060265511158e-07,3.2762665114205447e-07,0.9999978542327881,8.683341548021417e-07,1.5674848441449285e-07
/Users/aswanathjs/Downloads/test9/ai_plastic_waste_management_training/HDPE Plastic/shampoo_bottles/0065_a02b03c1d1e0f1g0h2.jpg,0,HDPE Plastic,0,HDPE Plastic,1.0,1.0,5.275764634188329e-12,1.6530707358519692e-10,1.72069047899015e-09,5.523970864063088e-11
/Users/aswanathjs/Downloads/test9/ai_plastic_waste_management_training/LDPE Plastic/black_white__plastic_bags/0071_jpg.rf.170d70685a25d34ae8bc2f483f99a07a.jpg,1,LDPE Plastic,1,LDPE Plastic,0.9997368454933167,1.7398782802047208e-05,0.9997368454933167,0.0001687977055553347,3.6623132473323494e-05,4.036428435938433e-05
/Users/aswanathjs/Downloads/test9/ai_plastic_waste_management_training/HDPE Plastic/milk_bottles/HDPEM51.jpg,0,HDPE Plastic,0,HDPE Plastic,0.9999998807907104,0.9999998807907104,7.317554895358569e-11,3.68519970095349e-08,8.826164332731423e-08,3.8412614755678476e-10
/Users/aswanathjs/Downloads/test9/ai_plastic_waste_management_training/LDPE Plastic/plastic_bags/plasticbag (40).jpg,1,LDPE Plastic,1,LDPE Plastic,0.9999995231628418,1.3391446884725156e-07,0.9999995231628418,2.2729757631623215e-08,4.703758804680547e-08,2.7257647161604837e-07
/Users/aswanathjs/Downloads/test9/ai_plastic_waste_management_training/LDPE Plastic/plastic_bags/P_W (1388).jpg,1,LDPE Plastic,1,LDPE Plastic,0.9999998807907104,1.4483676480381291e-08,0.9999998807907104,2.031700852000995e-08,3.4024260742171464e-08,7.540309354681085e-08
/Users/aswanathjs/Downloads/test9/ai_plastic_waste_management_training/PP Plastic/irregular_containers/train_PP-2_jpg.rf.92287825373efbbb08c318fd5ccfc97f.jpg,3,PP Plastic,3,PP Plastic,0.9999092817306519,5.9158697695238516e-05,1.3950984794064425e-05,1.2963913832209073e-05,0.9999092817306519,4.598770374286687e-06
/Users/aswanathjs/Downloads/test9/ai_plastic_waste_management_training/PP Plastic/irregular_containers_grey/train_PP-2_jpg.rf.92287825373efbbb08c318fd5ccfc97f.jpg,3,PP Plastic,3,PP Plastic,0.9998650550842285,2.3105863874661736e-05,3.7824560422450304e-05,6.065088018658571e-05,0.9998650550842285,1.3379867596086115e-05
/Users/aswanathjs/Downloads/test9/ai_plastic_waste_management_training/PET Plastic/black_white_plastic_bottles/aiwro_jpg.rf.b28dd5745b41c57fc71024dedba51892.jpg,2,PET Plastic,2,PET Plastic,0.9999939203262329,3.3013796496561554e-07,3.453788622209686e-06,0.9999939203262329,1.0422562581879902e-06,1.1659577694445034e-06
/Users/aswanathjs/Downloads/test9/ai_plastic_waste_management_training/LDPE Plastic/plastic_bags/LDPE-598_jpg.rf.3ba5b9eee0295b3992c757691e731153.jpg,1,LDPE Plastic,1,LDPE Plastic,0.9998019337654114,1.843868085416034e-05,0.9998019337654114,2.737688373599667e-05,9.968179801944643e-05,5.268092354526743e-05
/Users/aswanathjs/Downloads/test9/ai_plastic_waste_management_training/HDPE Plastic/milk_bottles/HDPEM487.jpg,0,HDPE Plastic,0,HDPE Plastic,0.9999769926071167,0.9999769926071167,2.2557827605851344e-08,4.584979706123704e-06,1.756332494551316e-05,8.146664640662493e-07
/Users/aswanathjs/Downloads/test9/ai_plastic_waste_management_training/HDPE Plastic/milk_bottles/HDPEM298.jpg,0,HDPE Plastic,0,HDPE Plastic,1.0,1.0,1.808801047310793e-12,8.60651772072174e-10,1.1345937384055205e-10,2.893402878401119e-11
/Users/aswanathjs/Downloads/test9/ai_plastic_waste_management_training/HDPE Plastic/milk_bottles/HDPEM23.jpg,0,HDPE Plastic,0,HDPE Plastic,1.0,1.0,5.321788893590561e-16,5.830962611624163e-14,1.9883021010885793e-14,3.8150340227411164e-14
/Users/aswanathjs/Downloads/test9/ai_plastic_waste_management_training/HDPE Plastic/shampoo_bottles/0078_a02b07c2d1e0f1g0h2.jpg,0,HDPE Plastic,0,HDPE Plastic,0.9998443126678467,0.9998443126678467,3.836830941850167e-08,0.00015360496763605624,1.9665360468934523e-06,9.09243791369363e-09
/Users/aswanathjs/Downloads/test9/ai_plastic_waste_management_training/HDPE Plastic/milk_bottles/HDPEM52.jpg,0,HDPE Plastic,0,HDPE Plastic,0.9999949932098389,0.9999949932098389,8.547829999372425e-09,2.858328798538423e-06,2.1274117898428813e-06,1.5250568807800846e-08
/Users/aswanathjs/Downloads/test9/ai_plastic_waste_management_training/PP Plastic/round_containers/0095_a05b01c2d2e0f0g0h2.jpg,3,PP Plastic,3,PP Plastic,0.9999305009841919,9.125657925324049e-06,5.139505901752273e-06,5.447201692732051e-05,0.9999305009841919,7.451288297488645e-07
/Users/aswanathjs/Downloads/test9/ai_plastic_waste_management_training/HDPE Plastic/detergent_bottles/0039_a02b01c1d1e0f1g0h0.jpg,0,HDPE Plastic,0,HDPE Plastic,1.0,1.0,3.077446202601544e-14,5.685528870619239e-12,1.4419919251718039e-12,1.53791554008886e-14
/Users/aswanathjs/Downloads/test9/ai_plastic_waste_management_training/PP Plastic/round_containers/0022_a05b00c2d0e0f0g0h1.jpg,3,PP Plastic,3,PP Plastic,0.9995644688606262,8.524364966433495e-05,0.00011646826169453561,0.00015580050239805132,0.9995644688606262,7.809911767253652e-05
"/Users/aswanathjs/Downloads/test9/ai_plastic_waste_management_training/PET Plastic/plastic_bottles/PET1,330.jpg",2,PET Plastic,2,PET Plastic,0.9978087544441223,0.002142215147614479,1.0072877557831816e-05,0.9978087544441223,7.4792969826376066e-06,3.1495987059315667e-05
/Users/aswanathjs/Downloads/test9/ai_plastic_waste_management_training/HDPE Plastic/shampoo_bottles/0061_a02b01c2d1e0f1g0h0.jpg,0,HDPE Plastic,0,HDPE Plastic,1.0,1.0,8.09201317064634e-11,1.5809087372531394e-08,1.1123600651696819e-10,1.8401737078566072e-10
/Users/aswanathjs/Downloads/test9/ai_plastic_waste_management_training/LDPE Plastic/bin_bags/Image_24.png,1,LDPE Plastic,1,LDPE Plastic,0.9421676993370056,0.041960109025239944,0.9421676993370056,0.00962097942829132,0.004319940228015184,0.0019312314689159393
/Users/aswanathjs/Downloads/test9/ai_plastic_waste_management_training/PS Plastic/foam_containers/Image_24.png,1,LDPE Plastic,4,PS Plastic,0.5689804553985596,0.03394288569688797,0.1538022756576538,0.006642647087574005,0.23663176596164703,0.5689804553985596
/Users/aswanathjs/Downloads/test9/ai_plastic_waste_management_training/PP Plastic/square_containers/IMG_20220209_175307.jpg,3,PP Plastic,3,PP Plastic,0.999976634979248,1.5800287656020373e-05,1.2241303011251148e-06,2.7887592750630574e-06,0.999976634979248,3.6372625800140668e-06
/Users/aswanathjs/Downloads/test9/ai_plastic_waste_management_training/HDPE Plastic/shampoo_bottles/0075_a02b01c1d0e0f0g0h3.jpg,0,HDPE Plastic,0,HDPE Plastic,0.9995014667510986,0.9995014667510986,1.8952074242406525e-05,3.352408384671435e-05,0.00043516710866242647,1.0979482794937212e-05
/Users/aswanathjs/Downloads/test9/ai_plastic_waste_management_training/LDPE Plastic/plastic_bags/LDPE-413_jpg.rf.a64d1e5215eef21c7e395b525e6ef390.jpg,1,LDPE Plastic,1,LDPE Plastic,0.9999856948852539,1.6704717609172803e-06,0.9999856948852539,1.2880233271062025e-06,9.577313903719187e-06,1.8169722579841618e-06
/Users/aswanathjs/Downloads/test9/ai_plastic_waste_management_training/LDPE Plastic/bin_bags/Image_137.png,1,LDPE Plastic,1,LDPE Plastic,0.9994834661483765,0.0001985464768949896,0.9994834661483765,0.0001612025371287018,0.00013626950385514647,2.0465189663809724e-05
/Users/aswanathjs/Downloads/test9/ai_plastic_waste_management_training/LDPE Plastic/bin_bags_grey/Image_137.png,1,LDPE Plastic,1,LDPE Plastic,0.9994834661483765,0.0001985464768949896,0.9994834661483765,0.0001612025371287018,0.00013626950385514647,2.0465189663809724e-05
/Users/aswanathjs/Downloads/test9/ai_plastic_waste_management_training/PP Plastic/round_containers/Image_137.png,1,LDPE Plastic,1,LDPE Plastic,0.5006518363952637,0.014264308847486973,0.5006518363952637,0.011102662421762943,0.4651584029197693,0.008822780102491379
/Users/aswanathjs/Downloads/test9/ai_plastic_waste_management_training/PP Plastic/round_containers_grey/Image_137.png,1,LDPE Plastic,1,LDPE Plastic,0.65047687292099,0.00983645860105753,0.65047687292099,0.006728868931531906,0.329494446516037,0.003463344881311059
/Users/aswanathjs/Downloads/test9/ai_plastic_waste_management_training/PS Plastic/foam_containers/Image_137.png,1,LDPE Plastic,3,PP Plastic,0.5852435827255249,0.019787346944212914,0.3254757523536682,0.006804434582591057,0.5852435827255249,0.06268883496522903
/Users/aswanathjs/Downloads/test9/ai_plastic_waste_management_training/HDPE Plastic/shampoo_bottles/0065_a02b03c1d1e0f1g0h0.jpg,0,HDPE Plastic,0,HDPE Plastic,1.0,1.0,1.0697737183942846e-12,6.238600191998955e-10,1.8941526125360042e-10,1.671860393182012e-11
/Users/aswanathjs/Downloads/test9/ai_plastic_waste_management_training/PET Plastic/black_white_plastic_bottles/cukvq_jpg.rf.9655df3fd824b4d510853a85f46cfb93.jpg,2,PET Plastic,2,PET Plastic,0.9999964237213135,2.7755081646319013e-06,1.6295727789383818e-07,0.9999964237213135,5.662406010742416e-07,9.577225057455507e-08
"/Users/aswanathjs/Downloads/test9/ai_plastic_waste_management_training/HDPE Plastic/milk_bottles/HDPEM1,008.JPG",0,HDPE Plastic,0,HDPE Plastic,1.0,1.0,1.0161085162293734e-14,1.1981823866413777e-10,2.0782095662419398e-14,4.0455684050151597e-13
/Users/aswanathjs/Downloads/test9/ai_plastic_waste_management_training/PET Plastic/plastic_bottles/PET649.jpg,2,PET Plastic,2,PET Plastic,0.9997777342796326,2.9740820536972024e-05,3.392092912690714e-05,0.9997777342796326,0.0001319491129834205,2.6640258511179127e-05
/Users/aswanathjs/Downloads/test9/ai_plastic_waste_management_training/HDPE Plastic/shampoo_bottles/0063_a02b01c2d3e0f1g1h2.jpg,0,HDPE Plastic,0,HDPE Plastic,0.9999939203262329,0.9999939203262329,8.4764053553954e-08,2.685769686650019e-07,5.671674443874508e-06,1.3836039158832136e-07
/Users/aswanathjs/Downloads/test9/ai_plastic_waste_management_training/HDPE Plastic/shampoo_bottles/0077_a02b01c2d1e0f1g0h1.jpg,0,HDPE Plastic,0,HDPE Plastic,0.9999803304672241,0.9999803304672241,2.5801728043006733e-07,2.3876846171333455e-06,1.4192489288689103e-05,2.877011866075918e-06
/Users/aswanathjs/Downloads/test9/ai_plastic_waste_management_training/PET Plastic/black_white_plastic_bottles/aiejc_jpg.rf.971a219c201257a70bc22ccb862396dc.jpg,2,PET Plastic,2,PET Plastic,0.9999984502792358,6.587596885765379e-07,7.343432457673771e-07,0.9999984502792358,1.3341421833956701e-07,1.0038837672254886e-07
"/Users/aswanathjs/Downloads/test9/ai_plastic_waste_management_training/PET Plastic/plastic_bottles/PET1,314.jpg",2,PET Plastic,2,PET Plastic,0.9994558691978455,0.0004286490147933364,1.6785967090982012e-05,0.9994558691978455,9.181724453810602e-05,6.883391051815124e-06
/Users/aswanathjs/Downloads/test9/ai_plastic_waste_management_training/PET Plastic/black_white_plastic_bottles/bphik_jpg.rf.bbc19cde3cb6f66a2f65c778f45bec29.jpg,2,PET Plastic,2,PET Plastic,0.999971866607666,2.0568747913785046e-06,1.469146263843868e-05,0.999971866607666,7.492237728001783e-06,3.9610376916243695e-06
/Users/aswanathjs/Downloads/test9/ai_plastic_waste_management_training/HDPE Plastic/shampoo_bottles/0099_a02b01c2d1e0f1g0h2.jpg,0,HDPE Plastic,0,HDPE Plastic,0.9999994039535522,0.9999994039535522,1.5292545008094294e-09,5.897783807995438e-07,5.3163191182648006e-08,4.622068505710786e-09
/Users/aswanathjs/Downloads/test9/ai_plastic_waste_management_training/PP Plastic/round_containers/pinkbowl.jpg,3,PP Plastic,3,PP Plastic,0.9997673630714417,0.0001541453239042312,5.066288576927036e-05,2.41524994635256e-05,0.9997673630714417,3.7283664369169855e-06
/Users/aswanathjs/Downloads/test9/ai_plastic_waste_management_training/LDPE Plastic/plastic_bags/LDPE-363_jpg.rf.f58cfd1370673dadec035fc1190ded87.jpg,1,LDPE Plastic,1,LDPE Plastic,0.9999980926513672,3.221291322574871e-08,0.9999980926513672,3.0883001045367564e-07,2.096307269994213e-07,1.3150103086445597e-06
/Users/aswanathjs/Downloads/test9/ai_plastic_waste_management_training/HDPE Plastic/detergent_bottles/0039_a02b01c1d1e0f1g0h4.jpg,0,HDPE Plastic,0,HDPE Plastic,1.0,1.0,9.652119157914623e-15,1.350669853739106e-10,2.700239391893039e-13,1.5257785743942424e-14
/Users/aswanathjs/Downloads/test9/ai_plastic_waste_management_training/PP Plastic/irregular_containers/train_PP-90_jpg.rf.66887877c30083ca48a73bc09c1b65e6.jpg,3,PP Plastic,3,PP Plastic,0.9999904632568359,4.7128757785230846e-08,6.996996489760932e-06,2.047161615337245e-06,0.9999904632568359,4.2568535718601197e-07
/Users/aswanathjs/Downloads/test9/ai_plastic_waste_management_training/PS Plastic/foam_sheets/PS-836_jpg.rf.12ea34b3982e990003a609514a76ba6d.jpg,4,PS Plastic,4,PS Plastic,1.0,1.595022958156278e-08,4.749707849249774e-10,8.938205731112703e-10,4.5967310513539417e-10,1.0
/Users/aswanathjs/Downloads/test9/ai_plastic_waste_management_training/HDPE Plastic/shampoo_bottles/0099_a02b01c1d0e0f1g0h4.jpg,0,HDPE Plastic,0,HDPE Plastic,0.999981164932251,0.999981164932251,5.034113925717065e-08,1.2223213161632884e-05,6.115224095992744e-06,3.6690363458546926e-07
/Users/aswanathjs/Downloads/test9/ai_plastic_waste_management_training/PP Plastic/square_containers_grey/IMG_20220209_173141.jpg,3,PP Plastic,3,PP Plastic,0.999995231628418,2.032160182352527e-06,5.905565672037483e-07,2.0600111838575685e-06,0.999995231628418,1.060464853708254e-07
/Users/aswanathjs/Downloads/test9/ai_plastic_waste_management_training/PP Plastic/square_containers/IMG_20220209_173141.jpg,3,PP Plastic,3,PP Plastic,0.9999990463256836,3.8502867028000765e-07,5.305690820023301e-08,3.6692455296361004e-07,0.9999990463256836,1.710810977328947e-07
/Users/aswanathjs/Downloads/test9/ai_plastic_waste_management_training/LDPE Plastic/bin_bags/Image_46.png,1,LDPE Plastic,1,LDPE Plastic,0.9976116418838501,0.0004751954402308911,0.9976116418838501,0.00015705125406384468,0.0013853923883289099,0.00037075785803608596
/Users/aswanathjs/Downloads/test9/ai_plastic_waste_management_training/LDPE Plastic/bin_bags_grey/Image_46.png,1,LDPE Plastic,1,LDPE Plastic,0.9994540810585022,0.000206076045287773,0.9994540810585022,0.00020614051027223468,0.00010552702588029206,2.818868415488396e-05
/Users/aswanathjs/Downloads/test9/ai_plastic_waste_management_training/PS Plastic/foam_containers/Image_46.png,1,LDPE Plastic,1,LDPE Plastic,0.5294313430786133,0.015393956564366817,0.5294313430786133,0.004303810186684132,0.23619553446769714,0.21467530727386475
/Users/aswanathjs/Downloads/test9/ai_plastic_waste_management_training/PET Plastic/plastic_bottles/PET533.jpg,2,PET Plastic,2,PET Plastic,0.9999799728393555,9.477676030655857e-06,2.7563783078221604e-06,0.9999799728393555,5.988879365759203e-06,1.8358252873440506e-06
/Users/aswanathjs/Downloads/test9/ai_plastic_waste_management_training/PP Plastic/round_containers/IMG_20220209_174805.jpg,3,PP Plastic,3,PP Plastic,0.9997472167015076,8.113016519928351e-05,9.789554314920679e-05,2.822283386194613e-05,0.9997472167015076,4.554810584522784e-05
/Users/aswanathjs/Downloads/test9/ai_plastic_waste_management_training/PET Plastic/shampoo_bottles/0015_a05b00c1d1e1f1g0h2.jpg,2,PET Plastic,2,PET Plastic,0.9998948574066162,9.533630509395152e-05,1.671806899139483e-06,0.9998948574066162,6.293612386798486e-06,1.832919110711373e-06
/Users/aswanathjs/Downloads/test9/ai_plastic_waste_management_training/HDPE Plastic/detergent_bottles/0096_a02b04c1d0e0f0g0h3.jpg,0,HDPE Plastic,0,HDPE Plastic,0.999984860420227,0.999984860420227,1.4267298809045315e-07,1.3426991245069075e-05,1.5265302408806747e-06,5.338646857921958e-08
/Users/aswanathjs/Downloads/test9/ai_plastic_waste_management_training/HDPE Plastic/milk_bottles/HDPEM323.jpg,0,HDPE Plastic,0,HDPE Plastic,0.9999345541000366,0.9999345541000366,1.8988477279435756e-07,5.99748054810334e-05,5.171988505026093e-06,1.1502550734121542e-07
/Users/aswanathjs/Downloads/test9/ai_plastic_waste_management_training/PP Plastic/round_containers/Image_124.png,3,PP Plastic,3,PP Plastic,0.8406839966773987,0.0036365839187055826,0.14383380115032196,0.0035513651091605425,0.8406839966773987,0.00829424150288105
/Users/aswanathjs/Downloads/test9/ai_plastic_waste_management_training/PS Plastic/foam_containers/Image_124.png,3,PP Plastic,3,PP Plastic,0.8106005191802979,0.01142927072942257,0.07076100260019302,0.0011269806418567896,0.8106005191802979,0.10608215630054474
/Users/aswanathjs/Downloads/test9/ai_plastic_waste_management_training/PET Plastic/plastic_bottles/PET588.jpg,2,PET Plastic,2,PET Plastic,1.0,3.351240618343354e-09,1.1507400365928788e-08,1.0,1.713051567264756e-08,4.250221508073082e-09
/Users/aswanathjs/Downloads/test9/ai_plastic_waste_management_training/PS Plastic/foam_containers/Image_215.png,4,PS Plastic,4,PS Plastic,0.41531291604042053,0.09385357052087784,0.09706203639507294,0.006844279821962118,0.3869272470474243,0.41531291604042053
/Users/aswanathjs/Downloads/test9/ai_plastic_waste_management_training/HDPE Plastic/milk_bottles/HDPEM88.jpg,0,HDPE Plastic,0,HDPE Plastic,0.9999979734420776,0.9999979734420776,6.201031244046362e-09,1.2539193221527967e-06,6.012780318087607e-07,1.0627032054344454e-07
/Users/aswanathjs/Downloads/test9/ai_plastic_waste_management_training/LDPE Plastic/plastic_bags/LDPE-244_jpg.rf.77fcf0073ec3b7909b8ec01bc9b72506.jpg,1,LDPE Plastic,1,LDPE Plastic,0.9998496770858765,5.420533398137195e-06,0.9998496770858765,1.686882387730293e-05,0.00011962477583438158,8.383516615140252e-06
/Users/aswanathjs/Downloads/test9/ai_plastic_waste_management_training/LDPE Plastic/plastic_bags/plasticbag (176).jpg,1,LDPE Plastic,1,LDPE Plastic,0.9998829364776611,2.2378588255378418e-05,0.9998829364776611,1.8621340132085606e-06,1.4532599379890598e-05,7.82395654823631e-05
/Users/aswanathjs/Downloads/test9/ai_plastic_waste_management_training/PET Plastic/plastic_bottles/PET320.jpg,2,PET Plastic,2,PET Plastic,0.9997512698173523,5.3385640057967976e-05,8.696514123585075e-05,0.9997512698173523,0.00010385866335127503,4.575231741910102e-06
/Users/aswanathjs/Downloads/test9/ai_plastic_waste_management_training/PP Plastic/round_containers/IMG_20220209_174251.jpg,3,PP Plastic,3,PP Plastic,0.9795270562171936,0.013378622010350227,0.004689264576882124,0.0021011948119848967,0.9795270562171936,0.0003038569411728531
/Users/aswanathjs/Downloads/test9/ai_plastic_waste_management_training/PP Plastic/rectangle_containers/0011_a05b00c2d0e0f0g0h4.jpg,3,PP Plastic,3,PP Plastic,0.9987780451774597,0.0001495748438173905,0.0002311639691470191,0.0007691402570344508,0.9987780451774597,7.201339758466929e-05
/Users/aswanathjs/Downloads/test9/ai_plastic_waste_management_training/PP Plastic/square_containers/0011_a05b00c2d0e0f0g0h4.jpg,3,PP Plastic,3,PP Plastic,0.9987780451774597,0.0001495748438173905,0.0002311639691470191,0.0007691402570344508,0.9987780451774597,7.201339758466929e-05
/Users/aswanathjs/Downloads/test9/ai_plastic_waste_management_training/PET Plastic/black_white_plastic_bottles/csvro_jpg.rf.c2e4f469716521a4c9aebc64cb816761.jpg,2,PET Plastic,2,PET Plastic,0.9999971389770508,1.326250867350609e-06,3.1514647957919806e-07,0.9999971389770508,7.716860181972152e-07,5.209556661611714e-07
/Users/aswanathjs/Downloads/test9/ai_plastic_waste_management_training/PS Plastic/foam_sheets/PS-894_jpg.rf.587d199173e494fb5b6c552a69b22e4e.jpg,4,PS Plastic,4,PS Plastic,1.0,2.375207364124776e-09,1.4728818165110624e-10,1.9770897419224553e-10,1.7397874807478786e-10,1.0
/Users/aswanathjs/Downloads/test9/ai_plastic_waste_management_training/PS Plastic/foam_sheets/PS-626_jpg.rf.f05c771b66590b7222eda1a9af293cab.jpg,4,PS Plastic,4,PS Plastic,0.9999997615814209,9.987838467395704e-08,6.766661186929923e-08,7.25171656057455e-09,5.115247780906884e-09,0.9999997615814209
/Users/aswanathjs/Downloads/test9/ai_plastic_waste_management_training/PP Plastic/square_containers/Image_179.png,3,PP Plastic,3,PP Plastic,0.9994397759437561,0.00025685029686428607,0.00017650183872319758,3.4045038773911074e-05,0.9994397759437561,9.28195149754174e-05
/Users/aswanathjs/Downloads/test9/ai_plastic_waste_management_training/PS Plastic/foam_containers/Image_179.png,3,PP Plastic,1,LDPE Plastic,0.46236130595207214,0.03681503236293793,0.46236130595207214,0.015333864837884903,0.3578965961933136,0.12759321928024292
/Users/aswanathjs/Downloads/test9/ai_plastic_waste_management_training/LDPE Plastic/plastic_bags_grey/plasticbag (166).jpg,1,LDPE Plastic,1,LDPE Plastic,0.9999058246612549,9.419077855454816e-07,0.9999058246612549,3.3465155865997076e-05,3.326085425214842e-05,2.6449040888110176e-05
/Users/aswanathjs/Downloads/test9/ai_plastic_waste_management_training/LDPE Plastic/plastic_bags/plasticbag (166).jpg,1,LDPE Plastic,1,LDPE Plastic,0.9994943141937256,1.1182273738086224e-05,0.9994943141937256,0.00038323624175973237,7.026668026810512e-05,4.0962157072499394e-05
/Users/aswanathjs/Downloads/test9/ai_plastic_waste_management_training/LDPE Plastic/bin_bags/LDPE256-Photoroom_0_9606_jpg.rf.14b4f74f05798c27f3104ef60cb014ef.jpg,1,LDPE Plastic,1,LDPE Plastic,0.993578314781189,0.00228082831017673,0.993578314781189,0.000805468182079494,0.003136088140308857,0.00019934475130867213
/Users/aswanathjs/Downloads/test9/ai_plastic_waste_management_training/LDPE Plastic/bin_bags/LDPE256-Photoroom_0_9606_jpg.rf.3fe500898222ea198e0459b907365021.jpg,1,LDPE Plastic,1,LDPE Plastic,0.9929910898208618,0.00162455253303051,0.9929910898208618,0.0014874925836920738,0.0033431961201131344,0.0005536002572625875
/Users/aswanathjs/Downloads/test9/ai_plastic_waste_management_training/LDPE Plastic/bin_bags_grey/LDPE256-Photoroom_0_9606_jpg.rf.14b4f74f05798c27f3104ef60cb014ef.jpg,1,LDPE Plastic,1,LDPE Plastic,0.993152379989624,0.0025239279493689537,0.993152379989624,0.0008212563116103411,0.0033267750404775143,0.0001757208228809759
/Users/aswanathjs/Downloads/test9/ai_plastic_waste_management_training/LDPE Plastic/plastic_bags/LDPE-294_jpg.rf.577a262b887e6b6bab1762bc740401f2.jpg,1,LDPE Plastic,1,LDPE Plastic,0.9997534155845642,6.147713520476827e-06,0.9997534155845642,0.00015028970665298402,7.95414307503961e-05,1.0636486877046991e-05
/Users/aswanathjs/Downloads/test9/ai_plastic_waste_management_training/PET Plastic/plastic_bottles/PET540.jpg,2,PET Plastic,2,PET Plastic,0.9999656677246094,7.411347723973449e-06,9.50091634877026e-06,0.9999656677246094,1.054796484822873e-05,6.922248758201022e-06
/Users/aswanathjs/Downloads/test9/ai_plastic_waste_management_training/LDPE Plastic/plastic_bags/plasticbag (205).jpg,1,LDPE Plastic,1,LDPE Plastic,0.9992088675498962,2.3788395992596634e-05,0.9992088675498962,1.927450739458436e-06,9.93985577224521e-06,0.0007555835181847215
/Users/aswanathjs/Downloads/test9/ai_plastic_waste_management_training/HDPE Plastic/milk_bottles/HDPEM204.jpg,0,HDPE Plastic,0,HDPE Plastic,0.9999998807907104,0.9999998807907104,3.785411983869835e-09,3.0478563672886594e-08,5.160535465620342e-08,7.155271219971837e-08
/Users/aswanathjs/Downloads/test9/ai_plastic_waste_management_training/HDPE Plastic/milk_bottles/HDPEM292.jpg,0,HDPE Plastic,0,HDPE Plastic,1.0,1.0,3.3661784470950806e-10,1.1133248989381173e-08,2.466921422694668e-08,1.893889933768378e-09
/Users/aswanathjs/Downloads/test9/ai_plastic_waste_management_training/PET Plastic/plastic_bottles/PET847.jpg,2,PET Plastic,2,PET Plastic,1.0,5.009704207026289e-09,6.962904475216192e-09,1.0,3.1305888992250175e-09,1.999301169064438e-09
/Users/aswanathjs/Downloads/test9/ai_plastic_waste_management_training/PP Plastic/round_containers/IMG_20220209_174356.jpg,3,PP Plastic,3,PP Plastic,0.9999662637710571,3.894358087563887e-06,5.8640366660256404e-06,2.2835256459075026e-05,0.9999662637710571,1.1786221421061782e-06
/Users/aswanathjs/Downloads/test9/ai_plastic_waste_management_training/PP Plastic/round_containers/0044_a06b01c1d0e0f0g0h4.jpg,3,PP Plastic,3,PP Plastic,0.959136426448822,0.001583406701683998,0.0005380833754315972,0.03693828359246254,0.959136426448822,0.0018038101261481643
/Users/aswanathjs/Downloads/test9/ai_plastic_waste_management_training/HDPE Plastic/shampoo_bottles/0065_a02b03c1d1e0f1g0h3.jpg,0,HDPE Plastic,0,HDPE Plastic,1.0,1.0,5.221681919319321e-13,9.053463707886511e-12,1.0025844737748812e-10,1.5238432260825108e-12
/Users/aswanathjs/Downloads/test9/ai_plastic_waste_management_training/PS Plastic/foam_sheets/PS-750_jpg.rf.a83b96b3cdc323c2f17212bcca8e8ac6.jpg,4,PS Plastic,4,PS Plastic,0.999963641166687,7.228080448840046e-06,9.988816600525752e-07,2.447739689159789e-06,2.5595019906177185e-05,0.999963641166687
/Users/aswanathjs/Downloads/test9/ai_plastic_waste_management_training/LDPE Plastic/plastic_bags/plasticbag (26).jpg,1,LDPE Plastic,1,LDPE Plastic,0.9999881982803345,9.19049682579498e-07,0.9999881982803345,5.3580578196488204e-08,1.062364572135266e-05,2.0947676659943681e-07
/Users/aswanathjs/Downloads/test9/ai_plastic_waste_management_training/LDPE Plastic/plastic_bags/LDPE-68_jpg.rf.fa587dd4862cb9c0ef6618636e7f9cd8.jpg,1,LDPE Plastic,1,LDPE Plastic,0.9999014139175415,4.040025487483945e-06,0.9999014139175415,1.415015049133217e-05,7.178792293416336e-05,8.620857443020213e-06
/Users/aswanathjs/Downloads/test9/ai_plastic_waste_management_training/LDPE Plastic/plastic_bags/LDPE-68_jpg.rf.bab23514005b35e67614029f4e48a73a.jpg,1,LDPE Plastic,1,LDPE Plastic,0.9999837875366211,3.6440360418055207e-07,0.9999837875366211,3.922493306163233e-06,6.957186542422278e-06,5.024841357226251e-06
"/Users/aswanathjs/Downloads/test9/ai_plastic_waste_management_training/PET Plastic/plastic_bottles/PET1,357.jpg",2,PET Plastic,2,PET Plastic,0.9999843835830688,3.044602181034861e-06,2.4152568585122935e-06,0.9999843835830688,8.933218850870617e-06,1.219450950884493e-06
/Users/aswanathjs/Downloads/test9/ai_plastic_waste_management_training/HDPE Plastic/shampoo_bottles/0099_a02b01c2d2e0f1g0h3.jpg,0,HDPE Plastic,0,HDPE Plastic,0.9986521601676941,0.9986521601676941,4.007015377283096e-06,3.7310775951482356e-05,0.001303566968999803,2.9712252853641985e-06
/Users/aswanathjs/Downloads/test9/ai_plastic_waste_management_training/LDPE Plastic/plastic_bags/LDPE-52_jpg.rf.b5507c8199364780355006e92e1b0f1b.jpg,1,LDPE Plastic,1,LDPE Plastic,0.9990457892417908,7.29122621123679e-05,0.9990457892417908,0.0002205723139923066,0.000612018455285579,4.8619156586937606e-05
/Users/aswanathjs/Downloads/test9/ai_plastic_waste_management_training/LDPE Plastic/plastic_bags/LDPE-52_jpg.rf.30a88492708fea24fd79e398b613ee19.jpg,1,LDPE Plastic,1,LDPE Plastic,0.9935435056686401,4.399522367748432e-05,0.9935435056686401,0.0012280626688152552,0.004932669457048178,0.0002518251130823046
/Users/aswanathjs/Downloads/test9/ai_plastic_waste_management_training/LDPE Plastic/plastic_bags/plasticbag (134).jpg,1,LDPE Plastic,1,LDPE Plastic,0.9998973608016968,4.2672327253967524e-05,0.9998973608016968,1.0722466868173797e-05,4.673034345614724e-05,2.5328936317237094e-06
/Users/aswanathjs/Downloads/test9/ai_plastic_waste_management_training/PS Plastic/foam_sheets/PS-505_jpg.rf.ea1f2db3cc1b57ba0a1742051464aeec.jpg,4,PS Plastic,4,PS Plastic,0.9999997615814209,2.1212943579485e-07,2.6887027715361e-08,2.466633830522369e-08,1.7780191541305612e-08,0.9999997615814209
"/Users/aswanathjs/Downloads/test9/ai_plastic_waste_management_training/PET Plastic/plastic_bottles/PET1,058.jpg",2,PET Plastic,2,PET Plastic,0.9999969005584717,9.201916668644117e-07,1.1536639021869632e-06,0.9999969005584717,7.375974178103206e-07,2.416993538645329e-07
/Users/aswanathjs/Downloads/test9/ai_plastic_waste_management_training/PS Plastic/foam_containers/Image_6.png,4,PS Plastic,3,PP Plastic,0.4179559051990509,0.02286335453391075,0.19868291914463043,0.01733279414474964,0.4179559051990509,0.3431650698184967
/Users/aswanathjs/Downloads/test9/ai_plastic_waste_management_training/HDPE Plastic/shampoo_bottles/0078_a02b07c2d1e0f1g0h1.jpg,0,HDPE Plastic,0,HDPE Plastic,0.999955415725708,0.999955415725708,4.021156296829531e-09,4.429363980307244e-05,2.316571539040524e-07,1.181028941310558e-09
/Users/aswanathjs/Downloads/test9/ai_plastic_waste_management_training/PP Plastic/round_containers/0095_a05b01c2d1e0f0g0h3.jpg,3,PP Plastic,3,PP Plastic,0.999988317489624,3.8611128729826305e-06,6.559251346516248e-07,6.599021162401186e-06,0.999988317489624,4.756177816034324e-07
/Users/aswanathjs/Downloads/test9/ai_plastic_waste_management_training/PS Plastic/foam_containers/styrofoam-63-_jpg.rf.192a817bf8aec5e5e8590fa960ff4ca8.jpg,4,PS Plastic,4,PS Plastic,0.977828860282898,0.009016667492687702,0.00020389653218444437,2.062080238829367e-05,0.01292995922267437,0.977828860282898
/Users/aswanathjs/Downloads/test9/ai_plastic_waste_management_training/PP Plastic/square_containers/Image_207.png,3,PP Plastic,3,PP Plastic,0.9998258948326111,8.311884812428616e-06,0.00016368430806323886,6.869158823974431e-07,0.9998258948326111,1.505450313743495e-06
/Users/aswanathjs/Downloads/test9/ai_plastic_waste_management_training/PS Plastic/foam_containers/Image_207.png,3,PP Plastic,3,PP Plastic,0.5948407053947449,0.01906583458185196,0.2991854250431061,0.003352430649101734,0.5948407053947449,0.08355560898780823
/Users/aswanathjs/Downloads/test9/ai_plastic_waste_management_training/PS Plastic/foam_containers/Image_121.png,4,PS Plastic,4,PS Plastic,0.5371484160423279,0.01896706037223339,0.050051599740982056,0.010511409491300583,0.3833215832710266,0.5371484160423279
/Users/aswanathjs/Downloads/test9/ai_plastic_waste_management_training/PET Plastic/black_white_plastic_bottles/bftlq_jpg.rf.0b388b8d728f0f3f82b960995fd1f15a.jpg,2,PET Plastic,2,PET Plastic,0.9999991655349731,6.196528374857735e-07,6.241612027224619e-08,0.9999991655349731,4.041010370769982e-08,1.0245281600873568e-07
/Users/aswanathjs/Downloads/test9/ai_plastic_waste_management_training/LDPE Plastic/plastic_bags/train_LDPE-11_jpg.rf.54c3b09f961c1ccf895add7400657f05.jpg,1,LDPE Plastic,1,LDPE Plastic,0.9992861151695251,0.00019083668303210288,0.9992861151695251,6.890251825097948e-05,7.459280459443107e-05,0.00037965038791298866
/Users/aswanathjs/Downloads/test9/ai_plastic_waste_management_training/HDPE Plastic/milk_bottles/HDPEM78.jpg,0,HDPE Plastic,0,HDPE Plastic,1.0,1.0,6.57948764914984e-11,6.895238158222128e-09,5.4387943038136655e-08,4.0467168505031736e-10
/Users/aswanathjs/Downloads/test9/ai_plastic_waste_management_training/PS Plastic/foam_containers/Image_63.png,4,PS Plastic,4,PS Plastic,0.4519326686859131,0.0673203319311142,0.32869693636894226,0.01533853355795145,0.13671153783798218,0.4519326686859131
/Users/aswanathjs/Downloads/test9/ai_plastic_waste_management_training/PP Plastic/round_containers/0022_a05b00c1d2e0f0g0h2.jpg,3,PP Plastic,3,PP Plastic,0.9995301961898804,6.248810677789152e-05,0.0001259089185623452,0.00025499126059003174,0.9995301961898804,2.6372445063316263e-05
/Users/aswanathjs/Downloads/test9/ai_plastic_waste_management_training/LDPE Plastic/plastic_bags/train_LDPE-20_jpg.rf.5e4f85dee74ddcdd87f6fc4ecd270f62.jpg,1,LDPE Plastic,1,LDPE Plastic,0.999664306640625,2.5445770006626844e-06,0.999664306640625,2.522680915717501e-06,5.440832865133416e-06,0.0003251442685723305
/Users/aswanathjs/Downloads/test9/ai_plastic_waste_management_training/LDPE Plastic/black_white__plastic_bags/0243_jpg.rf.b3f171135eadcd3fce708c2615f56df5.jpg,1,LDPE Plastic,1,LDPE Plastic,0.9999808073043823,9.507890013082942e-07,0.9999808073043823,3.4849565508920932e-06,1.9097553831670666e-06,1.2828003491449635e-05
"/Users/aswanathjs/Downloads/test9/ai_plastic_waste_management_training/PET Plastic/plastic_bottles/PET1,133.jpg",2,PET Plastic,2,PET Plastic,0.9999998807907104,1.0503192759969693e-09,1.5385003848678025e-07,0.9999998807907104,2.440738278153276e-09,6.574172317641569e-10
/Users/aswanathjs/Downloads/test9/ai_plastic_waste_management_training/LDPE Plastic/plastic_bags/plasticbag (146).jpg,1,LDPE Plastic,1,LDPE Plastic,1.0,2.0917688914323662e-08,1.0,6.899918414404738e-10,5.055953433696914e-09,3.989355956690588e-09
/Users/aswanathjs/Downloads/test9/ai_plastic_waste_management_training/PET Plastic/black_white_plastic_bottles/afbns_jpg.rf.8355bb9d48346b529afc5884c8c8c171.jpg,2,PET Plastic,2,PET Plastic,0.9999986886978149,2.5555914362485055e-07,1.9050661137498537e-07,0.9999986886978149,3.919349182979204e-07,4.4224134398973547e-07
/Users/aswanathjs/Downloads/test9/ai_plastic_waste_management_training/PET Plastic/shampoo_bottles/0050_a05b00c1d3e1f1g0h3.jpg,2,PET Plastic,2,PET Plastic,0.9999946355819702,3.132153551632655e-06,1.4743201290912111e-06,0.9999946355819702,6.417620284082659e-07,1.0137991068859264e-07
/Users/aswanathjs/Downloads/test9/ai_plastic_waste_management_training/PP Plastic/round_containers/0031_a05b01c2d0e0f0g0h0.jpg,3,PP Plastic,3,PP Plastic,0.9988516569137573,0.0009911870583891869,7.006002124398947e-05,5.0151262257713825e-05,0.9988516569137573,3.694175757118501e-05
/Users/aswanathjs/Downloads/test9/ai_plastic_waste_management_training/PP Plastic/round_containers_grey/0031_a05b01c2d0e0f0g0h0.jpg,3,PP Plastic,3,PP Plastic,0.9951692223548889,0.0010414904681965709,0.001991390949115157,0.0012333046179264784,0.9951692223548889,0.0005645317141897976
/Users/aswanathjs/Downloads/test9/ai_plastic_waste_management_training/PET Plastic/plastic_bottles/PET343.jpg,2,PET Plastic,2,PET Plastic,0.999998927116394,2.1848904907528777e-07,7.176452641033393e-07,0.999998927116394,4.145052656667758e-08,1.8073586716127465e-07
/Users/aswanathjs/Downloads/test9/ai_plastic_waste_management_training/LDPE Plastic/plastic_bags/LDPE-204_jpg.rf.19572998f43cf7f675bfd568cf658c55.jpg,1,LDPE Plastic,1,LDPE Plastic,0.9994739890098572,9.586537998984568e-06,0.9994739890098572,7.752321107545868e-05,0.000393855880247429,4.498245471040718e-05
/Users/aswanathjs/Downloads/test9/ai_plastic_waste_management_training/LDPE Plastic/bubble_wrap/test_LDPE-73_jpg.rf.13066b3e71ab4d3c938ea5f2585cb2f5.jpg,1,LDPE Plastic,1,LDPE Plastic,0.9999819993972778,1.6358328593923943e-06,0.9999819993972778,8.00513953436166e-06,2.5663453016022686e-06,5.765186870121397e-06
/Users/aswanathjs/Downloads/test9/ai_plastic_waste_management_training/PP Plastic/round_containers/0032_a05b01c2d3e0f0g0h1.jpg,3,PP Plastic,3,PP Plastic,0.999893307685852,4.326688667788403e-06,4.010687007394154e-06,9.463213791605085e-05,0.999893307685852,3.612051386880921e-06
/Users/aswanathjs/Downloads/test9/ai_plastic_waste_management_training/PET Plastic/plastic_bottles/PET857.jpg,2,PET Plastic,2,PET Plastic,0.9999997615814209,1.5219251414677615e-09,1.956126141067216e-07,0.9999997615814209,2.1970760766265585e-09,4.649701956793706e-09
/Users/aswanathjs/Downloads/test9/ai_plastic_waste_management_training/PP Plastic/round_containers/IMG_20220209_173358.jpg,3,PP Plastic,3,PP Plastic,0.9999731779098511,7.2154148256231565e-06,1.0096541700477246e-06,1.8431603166391142e-05,0.9999731779098511,2.4433256839984097e-07
/Users/aswanathjs/Downloads/test9/ai_plastic_waste_management_training/LDPE Plastic/bubble_wrap/LDPE-92_jpg.rf.02d5d90f1edb1da1849c6ee37a1d3e93.jpg,1,LDPE Plastic,1,LDPE Plastic,0.9999839067459106,2.2737228846381186e-06,0.9999839067459106,7.634987923665904e-06,4.696473297371995e-06,1.572725409459963e-06
/Users/aswanathjs/Downloads/test9/ai_plastic_waste_management_training/LDPE Plastic/bubble_wrap/LDPE-92_jpg.rf.d573c4bf002d71badbb12a9df5865050.jpg,1,LDPE Plastic,1,LDPE Plastic,0.999955415725708,3.479906581560499e-06,0.999955415725708,3.076903522014618e-05,5.6198282436525915e-06,4.719457137980498e-06
/Users/aswanathjs/Downloads/test9/ai_plastic_waste_management_training/PP Plastic/round_containers/IMG_20220209_174114.jpg,3,PP Plastic,3,PP Plastic,0.9989057779312134,9.186758688883856e-05,2.070774462481495e-05,0.0009808035101741552,0.9989057779312134,8.388676064896572e-07
/Users/aswanathjs/Downloads/test9/ai_plastic_waste_management_training/HDPE Plastic/detergent_bottles/0098_a02b03c1d1e0f0g0h3.jpg,0,HDPE Plastic,0,HDPE Plastic,1.0,1.0,1.0765546169366064e-13,3.7386803722339046e-12,3.2446057559448738e-12,9.940378598374822e-13
/Users/aswanathjs/Downloads/test9/ai_plastic_waste_management_training/HDPE Plastic/detergent_botteles_grey/0098_a02b03c1d1e0f0g0h3.jpg,0,HDPE Plastic,0,HDPE Plastic,1.0,1.0,5.698518878993752e-10,1.4317231844529488e-08,1.724478781994776e-09,8.16475997922339e-10
/Users/aswanathjs/Downloads/test9/ai_plastic_waste_management_training/HDPE Plastic/detergent_bottles/IMG_20220209_182135.jpg,0,HDPE Plastic,0,HDPE Plastic,1.0,1.0,4.7912854239662295e-12,6.53535336958555e-10,1.580069963758035e-09,4.717767843054332e-12
/Users/aswanathjs/Downloads/test9/ai_plastic_waste_management_training/PP Plastic/round_containers/0009_a06b01c2d1e0f0g0h2.jpg,3,PP Plastic,3,PP Plastic,0.9999409914016724,4.909493145532906e-05,3.975087111030007e-06,1.0308599485142622e-06,0.9999409914016724,4.975872343493393e-06
/Users/aswanathjs/Downloads/test9/ai_plastic_waste_management_training/LDPE Plastic/plastic_bags/plasticbag (41).jpg,1,LDPE Plastic,1,LDPE Plastic,0.9999974966049194,8.871003132071564e-08,0.9999974966049194,5.477353965943621e-07,4.917853857477894e-07,1.4112647477304563e-06
/Users/aswanathjs/Downloads/test9/ai_plastic_waste_management_training/PP Plastic/irregular_containers/train_PP-70_jpg.rf.73ca74c241a9196b80947d922f8c8789.jpg,3,PP Plastic,3,PP Plastic,0.9999735355377197,4.7035019434815695e-08,2.0602934455382638e-05,5.5340942708426155e-06,0.9999735355377197,2.8442786970117595e-07
/Users/aswanathjs/Downloads/test9/ai_plastic_waste_management_training/PS Plastic/foam_sheets/PS-599_jpg.rf.518bc33058b75c11e511991cddea74c5.jpg,4,PS Plastic,4,PS Plastic,1.0,3.975594253802228e-08,4.094014016686742e-09,5.368736566424559e-09,2.1972064168096495e-09,1.0
/Users/aswanathjs/Downloads/test9/ai_plastic_waste_management_training/PP Plastic/round_containers/0031_a05b01c1d3e0f0g0h1.jpg,3,PP Plastic,3,PP Plastic,0.9999669790267944,3.069193189730868e-05,1.381547349410539e-06,3.913420698609116e-07,0.9999669790267944,5.459846192934492e-07
/Users/aswanathjs/Downloads/test9/ai_plastic_waste_management_training/HDPE Plastic/milk_bottles/HDPEM257.jpg,0,HDPE Plastic,0,HDPE Plastic,0.9999998807907104,0.9999998807907104,1.2916086256087311e-10,4.626791394457541e-08,6.916975081594501e-08,2.8689288722461015e-09
/Users/aswanathjs/Downloads/test9/ai_plastic_waste_management_training/HDPE Plastic/detergent_bottles/0098_a02b03c1d2e0f0g0h0.jpg,0,HDPE Plastic,0,HDPE Plastic,1.0,1.0,4.156564537005636e-10,9.591196725722284e-10,3.6040436413031784e-08,1.256583503916886e-09
/Users/aswanathjs/Downloads/test9/ai_plastic_waste_management_training/PP Plastic/rectangle_containers/0011_a05b00c2d1e0f0g0h2.jpg,3,PP Plastic,3,PP Plastic,0.9999905824661255,8.835604035084543e-07,3.091670578214689e-06,4.73134923595353e-06,0.9999905824661255,6.971789048293431e-07
/Users/aswanathjs/Downloads/test9/ai_plastic_waste_management_training/PP Plastic/square_containers/0011_a05b00c2d1e0f0g0h2.jpg,3,PP Plastic,3,PP Plastic,0.9999905824661255,8.835604035084543e-07,3.091670578214689e-06,4.73134923595353e-06,0.9999905824661255,6.971789048293431e-07
/Users/aswanathjs/Downloads/test9/ai_plastic_waste_management_training/PET Plastic/plastic_bottles/PET964.jpg,2,PET Plastic,2,PET Plastic,0.999982476234436,1.4066777112020645e-06,3.511062914185459e-06,0.999982476234436,5.930495717620943e-06,6.741700417478569e-06
/Users/aswanathjs/Downloads/test9/ai_plastic_waste_management_training/HDPE Plastic/milk_bottles/HDPEM388.jpg,0,HDPE Plastic,0,HDPE Plastic,0.9999995231628418,0.9999995231628418,2.4849265756188288e-08,2.0755837226715812e-07,4.273706011304057e-08,9.450180726844337e-08
/Users/aswanathjs/Downloads/test9/ai_plastic_waste_management_training/PET Plastic/plastic_bottles/PET984.jpg,2,PET Plastic,2,PET Plastic,0.9999614953994751,3.470911178737879e-05,2.492456587788183e-07,0.9999614953994751,5.517640602192841e-07,2.9285938580869697e-06
/Users/aswanathjs/Downloads/test9/ai_plastic_waste_management_training/LDPE Plastic/black_white__plastic_bags/0283_jpg.rf.37620826a664c461407a154e42787357.jpg,1,LDPE Plastic,1,LDPE Plastic,0.9999963045120239,3.531305026172049e-07,0.9999963045120239,1.8729525663729873e-07,8.755581006880675e-07,2.275790393468924e-06
/Users/aswanathjs/Downloads/test9/ai_plastic_waste_management_training/PP Plastic/irregular_containers/train_PP-76_jpg.rf.3814f40c819ebb410cfa752673e60d72.jpg,3,PP Plastic,3,PP Plastic,0.999998927116394,1.1332543792264005e-09,9.466695587434515e-07,1.5401415964788612e-07,0.999998927116394,1.644278491141904e-08
/Users/aswanathjs/Downloads/test9/ai_plastic_waste_management_training/LDPE Plastic/plastic_bags/plasticbag (181).jpg,1,LDPE Plastic,1,LDPE Plastic,0.9557680487632751,0.004160771146416664,0.9557680487632751,0.002794697880744934,0.03223610296845436,0.005040375050157309
/Users/aswanathjs/Downloads/test9/ai_plastic_waste_management_training/LDPE Plastic/black_white__plastic_bags/0262_jpg.rf.f5566c2100d936ba4cd566805ac80730.jpg,1,LDPE Plastic,1,LDPE Plastic,0.9995089769363403,7.576488769700518e-06,0.9995089769363403,0.00010441688937135041,0.00035082342219538987,2.8226335416547954e-05
/Users/aswanathjs/Downloads/test9/ai_plastic_waste_management_training/PS Plastic/foam_sheets/PS-652_jpg.rf.2c1909f53de7a59439116026bf6915cd.jpg,4,PS Plastic,4,PS Plastic,0.9999996423721313,1.9087596569988818e-07,1.027483662596751e-07,1.6820850490262274e-08,9.282182134029426e-09,0.9999996423721313
/Users/aswanathjs/Downloads/test9/ai_plastic_waste_management_training/LDPE Plastic/plastic_bags/plasticbag (12).jpg,1,LDPE Plastic,1,LDPE Plastic,0.5769766569137573,0.036515042185783386,0.5769766569137573,0.029772736132144928,0.28515592217445374,0.07157965749502182
/Users/aswanathjs/Downloads/test9/ai_plastic_waste_management_training/PP Plastic/irregular_containers/train_PP-88_jpg.rf.edc1eeb626fc8068aacb88b94d00a5b1.jpg,3,PP Plastic,3,PP Plastic,0.999993085861206,7.735680895848418e-08,6.3342690737044904e-06,3.4156431638621143e-07,0.999993085861206,2.2592651305330946e-07
/Users/aswanathjs/Downloads/test9/ai_plastic_waste_management_training/HDPE Plastic/shampoo_bottles/0077_a02b01c1d2e0f1g0h3.jpg,0,HDPE Plastic,0,HDPE Plastic,0.9999080896377563,0.9999080896377563,4.609378834175004e-07,2.351135299250018e-05,6.092492549214512e-05,7.023508715064963e-06
/Users/aswanathjs/Downloads/test9/ai_plastic_waste_management_training/HDPE Plastic/shampoo_bottles/0061_a02b01c2d3e0f1g0h4.jpg,0,HDPE Plastic,0,HDPE Plastic,0.9999839067459106,0.9999839067459106,3.7240951655803656e-08,7.816941433702596e-06,7.837835255486425e-06,3.805930646194611e-07
/Users/aswanathjs/Downloads/test9/ai_plastic_waste_management_training/PP Plastic/round_containers/IMG_20220209_174620.jpg,3,PP Plastic,3,PP Plastic,0.9998124241828918,9.204677917296067e-05,7.1758397098165e-05,2.2835338313598186e-05,0.9998124241828918,9.368096698381123e-07
/Users/aswanathjs/Downloads/test9/ai_plastic_waste_management_training/PS Plastic/foam_sheets/IMG_9365_JPG.rf.dd7f155f018bf708e40a4ccd76bc12bb.jpg,4,PS Plastic,4,PS Plastic,0.9999997615814209,1.6490002252567137e-08,1.0927081461886701e-07,1.0907882597166463e-07,1.9013164376247005e-09,0.9999997615814209
/Users/aswanathjs/Downloads/test9/ai_plastic_waste_management_training/PS Plastic/foam_sheets/IMG_9365_JPG.rf.76775a900a45ba91c83236f2f03aaca6.jpg,4,PS Plastic,4,PS Plastic,0.9999995231628418,5.565518179651008e-08,3.8145111602716497e-07,1.3440973134493106e-07,1.1170828706497105e-08,0.9999995231628418
/Users/aswanathjs/Downloads/test9/ai_plastic_waste_management_training/PS Plastic/foam_sheets/IMG_9365_JPG.rf.dee467d12c869c0afc8939779ab15579.jpg,4,PS Plastic,4,PS Plastic,0.9999104738235474,3.394043233129196e-06,2.408428190392442e-05,5.3531395678874105e-05,8.633624020149e-06,0.9999104738235474
/Users/aswanathjs/Downloads/test9/ai_plastic_waste_management_training/PS Plastic/form_sheets_grey/IMG_9365_JPG.rf.dd7f155f018bf708e40a4ccd76bc12bb.jpg,4,PS Plastic,4,PS Plastic,0.9999518394470215,4.399396857479587e-06,3.188678601873107e-05,1.1351621651556343e-05,5.867495929123834e-07,0.9999518394470215
/Users/aswanathjs/Downloads/test9/ai_plastic_waste_management_training/PP Plastic/round_containers/0035_a06b01c2d0e0f0g0h0.jpg,3,PP Plastic,3,PP Plastic,0.9999169111251831,2.7976988349109888e-05,4.196962436253671e-06,2.91936012217775e-05,0.9999169111251831,2.1795669454149902e-05
/Users/aswanathjs/Downloads/test9/ai_plastic_waste_management_training/PS Plastic/foam_containers/styrofoam-109-_jpg.rf.084c9ce4657426fb31988e0cef71ddeb.jpg,4,PS Plastic,4,PS Plastic,0.9998793601989746,0.00011215214908588678,3.079832566754703e-08,7.460360393451992e-06,9.110733572015306e-07,0.9998793601989746
/Users/aswanathjs/Downloads/test9/ai_plastic_waste_management_training/PS Plastic/foam_sheets/PS-552_jpg.rf.7bad9fad655747ea45716921a1d5977e.jpg,4,PS Plastic,4,PS Plastic,1.0,1.0405176276151451e-08,1.01300523525083e-09,9.213882434799814e-10,6.0084437425445e-10,1.0
/Users/aswanathjs/Downloads/test9/ai_plastic_waste_management_training/LDPE Plastic/bin_bags/Image_47.png,1,LDPE Plastic,1,LDPE Plastic,0.9940323233604431,0.0019394881092011929,0.9940323233604431,0.002666313201189041,0.0013016966404393315,6.013777237967588e-05
/Users/aswanathjs/Downloads/test9/ai_plastic_waste_management_training/LDPE Plastic/bin_bags_grey/Image_47.png,1,LDPE Plastic,1,LDPE Plastic,0.9957767128944397,0.0019703370053321123,0.9957767128944397,0.0013721332652494311,0.0008410643204115331,3.979068424087018e-05
/Users/aswanathjs/Downloads/test9/ai_plastic_waste_management_training/PP Plastic/round_containers/Image_47.png,1,LDPE Plastic,1,LDPE Plastic,0.6362836956977844,0.03505941107869148,0.6362836956977844,0.018246807157993317,0.2680138945579529,0.0423961877822876
/Users/aswanathjs/Downloads/test9/ai_plastic_waste_management_training/PS Plastic/foam_containers/Image_47.png,1,LDPE Plastic,4,PS Plastic,0.6678918600082397,0.03478306159377098,0.09903497993946075,0.002400318393483758,0.19588975608348846,0.6678918600082397
/Users/aswanathjs/Downloads/test9/ai_plastic_waste_management_training/PS Plastic/foam_sheets/PS-584_jpg.rf.992546102d4e30110544c8111f9149c4.jpg,4,PS Plastic,4,PS Plastic,0.9999998807907104,7.229790099927413e-08,5.11688824644807e-09,4.288926547246774e-09,5.107829270656339e-09,0.9999998807907104
/Users/aswanathjs/Downloads/test9/ai_plastic_waste_management_training/PET Plastic/black_white_plastic_bottles/bowrq_jpg.rf.485b1ea75fc030697de1f760237ac1fb.jpg,2,PET Plastic,2,PET Plastic,0.9999988079071045,1.0598444077913882e-06,1.2434844620656804e-07,0.9999988079071045,1.670328053648973e-08,5.669246760930946e-08
"/Users/aswanathjs/Downloads/test9/ai_plastic_waste_management_training/PET Plastic/plastic_bottles/PET1,047.jpg",2,PET Plastic,2,PET Plastic,0.999897837638855,4.563236507237889e-05,1.9463052012724802e-05,0.999897837638855,3.1414481782121584e-05,5.593103196588345e-06
"/Users/aswanathjs/Downloads/test9/ai_plastic_waste_management_training/PET Plastic/plastic_bottles/PET1,492.jpg",2,PET Plastic,2,PET Plastic,0.9999366998672485,8.343133117705293e-07,5.646643330692314e-06,0.9999366998672485,5.532531577046029e-05,1.4623326478613308e-06
/Users/aswanathjs/Downloads/test9/ai_plastic_waste_management_training/LDPE Plastic/plastic_bags/plasticbag (161).jpg,1,LDPE Plastic,1,LDPE Plastic,0.9982905983924866,0.0009453259990550578,0.9982905983924866,0.00012854451779276133,0.0005257160519249737,0.00010979644139297307
/Users/aswanathjs/Downloads/test9/ai_plastic_waste_management_training/PP Plastic/round_containers/0032_a05b01c1d1e0f0g0h3.jpg,3,PP Plastic,3,PP Plastic,0.9999936819076538,5.301302735460922e-06,2.2413895806039363e-07,1.9307785237288044e-07,0.9999936819076538,5.62717332286411e-07
/Users/aswanathjs/Downloads/test9/ai_plastic_waste_management_training/PP Plastic/round_containers/0044_a06b01c1d1e0f0g0h3.jpg,3,PP Plastic,3,PP Plastic,0.9997392296791077,0.00024502078304067254,4.530783826339757e-06,6.996146112214774e-06,0.9997392296791077,4.266486484993948e-06
"/Users/aswanathjs/Downloads/test9/ai_plastic_waste_management_training/PET Plastic/plastic_bottles/PET1,467.jpg",2,PET Plastic,2,PET Plastic,0.9999997615814209,3.1163391867039536e-08,5.084095633378638e-08,0.9999997615814209,1.8878522212162352e-07,2.7798247259624986e-08
/Users/aswanathjs/Downloads/test9/ai_plastic_waste_management_training/HDPE Plastic/shampoo_bottles/0099_a02b01c1d3e0f1g0h4.jpg,0,HDPE Plastic,0,HDPE Plastic,0.9999998807907104,0.9999998807907104,6.528052542975615e-10,1.108254821247101e-08,9.641902920520806e-08,4.6284314159095175e-09
/Users/aswanathjs/Downloads/test9/ai_plastic_waste_management_training/PET Plastic/plastic_bottles/PET639.jpg,2,PET Plastic,2,PET Plastic,0.9999864101409912,7.134086445148569e-06,1.7746328921930399e-06,0.9999864101409912,2.356234062972362e-06,2.267998070237809e-06
/Users/aswanathjs/Downloads/test9/ai_plastic_waste_management_training/LDPE Plastic/plastic_bags/LDPE-47_jpg.rf.ecc1032e8fe7ba4db2fa914736103a2c.jpg,1,LDPE Plastic,1,LDPE Plastic,0.9996547698974609,0.00012415678065735847,0.9996547698974609,3.799627302214503e-05,0.00013928221596870571,4.372985495137982e-05
/Users/aswanathjs/Downloads/test9/ai_plastic_waste_management_training/LDPE Plastic/plastic_bags/LDPE-47_jpg.rf.30a4a5fd0c833392bf1d4c46d02d6397.jpg,1,LDPE Plastic,1,LDPE Plastic,0.9981260895729065,0.00111583701800555,0.9981260895729065,0.0002596646372694522,0.0003932112595066428,0.00010514035966480151
/Users/aswanathjs/Downloads/test9/ai_plastic_waste_management_training/HDPE Plastic/milk_bottles/HDPEM25.jpg,0,HDPE Plastic,0,HDPE Plastic,0.9999996423721313,0.9999996423721313,1.45735243317624e-10,4.307084022769914e-09,3.5672130138664215e-07,6.8086025706293185e-09
/Users/aswanathjs/Downloads/test9/ai_plastic_waste_management_training/HDPE Plastic/milk_bottles_grey/HDPEM25.jpg,0,HDPE Plastic,0,HDPE Plastic,1.0,1.0,1.0130144639797223e-10,2.7233548749450165e-09,2.232544993319152e-08,1.3459000580695601e-09
/Users/aswanathjs/Downloads/test9/ai_plastic_waste_management_training/PS Plastic/foam_sheets/PS-638_jpg.rf.2a30edae550448f61538e3aa459cd0ac.jpg,4,PS Plastic,4,PS Plastic,0.9999998807907104,8.105757842713501e-08,1.1616736905750713e-08,1.5150936505392565e-08,2.5361226452247365e-09,0.9999998807907104
/Users/aswanathjs/Downloads/test9/ai_plastic_waste_management_training/PS Plastic/form_sheets_grey/PS-638_jpg.rf.2a30edae550448f61538e3aa459cd0ac.jpg,4,PS Plastic,4,PS Plastic,0.9999996423721313,2.8837823151661723e-07,9.055775507249564e-08,5.475753894756963e-08,1.1475943750838269e-08,0.9999996423721313
/Users/aswanathjs/Downloads/test9/ai_plastic_waste_management_training/PS Plastic/foam_sheets/PS-712_jpg.rf.b51acb2d02d4ee2fdf7ba9226a78778c.jpg,4,PS Plastic,4,PS Plastic,0.9999024868011475,1.7786849639378488e-05,1.3288034097058699e-05,6.729932465532329e-06,5.972352300886996e-05,0.9999024868011475
/Users/aswanathjs/Downloads/test9/ai_plastic_waste_management_training/PP Plastic/square_containers_grey/square.png,3,PP Plastic,3,PP Plastic,0.9999581575393677,3.371002821950242e-05,7.636728696525097e-06,2.1567011287970672e-07,0.9999581575393677,2.86405025917702e-07
/Users/aswanathjs/Downloads/test9/ai_plastic_waste_management_training/PP Plastic/square_containers/square.png,3,PP Plastic,3,PP Plastic,0.999914288520813,8.490888285450637e-05,7.419251346618694e-07,6.309870315135413e-08,0.999914288520813,7.656318246063165e-09
/Users/aswanathjs/Downloads/test9/ai_plastic_waste_management_training/PP Plastic/irregular_containers/valid_PP-75-_jpg.rf.99d559140a790606b9da4d31a532ab0e.jpg,3,PP Plastic,3,PP Plastic,0.9999622106552124,7.2904667831608094e-06,6.857883363409201e-06,2.1272113372106105e-05,0.9999622106552124,2.3652253275940893e-06
/Users/aswanathjs/Downloads/test9/ai_plastic_waste_management_training/PP Plastic/irregular_containers_grey/valid_PP-75-_jpg.rf.99d559140a790606b9da4d31a532ab0e.jpg,3,PP Plastic,3,PP Plastic,0.99986732006073,3.0466231692116708e-05,1.4429419934458565e-05,7.95120358816348e-05,0.99986732006073,8.275126674561761e-06
/Users/aswanathjs/Downloads/test9/ai_plastic_waste_management_training/PET Plastic/black_white_plastic_bottles/dpzof_jpg.rf.28976b527e116f95ea6741a205c74956.jpg,2,PET Plastic,2,PET Plastic,0.999998927116394,1.6912210298869468e-07,7.640766170879942e-07,0.999998927116394,2.074474991786701e-08,7.95424810462464e-08
/Users/aswanathjs/Downloads/test9/ai_plastic_waste_management_training/PP Plastic/rectangle_containers/0011_a05b00c2d0e0f0g0h0.jpg,3,PP Plastic,3,PP Plastic,0.9997497200965881,0.00010514681343920529,7.405798442050582e-06,7.369524973910302e-05,0.9997497200965881,6.407708133338019e-05
/Users/aswanathjs/Downloads/test9/ai_plastic_waste_management_training/PP Plastic/square_containers/0011_a05b00c2d0e0f0g0h0.jpg,3,PP Plastic,3,PP Plastic,0.9997497200965881,0.00010514681343920529,7.405798442050582e-06,7.369524973910302e-05,0.9997497200965881,6.407708133338019e-05
/Users/aswanathjs/Downloads/test9/ai_plastic_waste_management_training/PET Plastic/black_white_plastic_bottles/brfya_jpg.rf.2ba1709a570ca49febead16780844fbe.jpg,2,PET Plastic,2,PET Plastic,0.9999959468841553,1.1011928791049286e-06,1.2150203474448062e-06,0.9999959468841553,8.115413834275387e-07,9.661623607826186e-07
/Users/aswanathjs/Downloads/test9/ai_plastic_waste_management_training/HDPE Plastic/shampoo_bottles/0061_a02b01c1d1e0f1g0h3(1).jpg,0,HDPE Plastic,0,HDPE Plastic,0.9999984502792358,0.9999984502792358,6.196918977963151e-09,9.019045137392823e-07,4.7405123382304737e-07,8.677753982055947e-08
/Users/aswanathjs/Downloads/test9/ai_plastic_waste_management_training/PP Plastic/square_containers/Image_16.png,3,PP Plastic,3,PP Plastic,0.9999948740005493,3.7254326343827415e-06,1.4822054481555824e-06,7.303540439096423e-09,0.9999948740005493,8.571077181329656e-09
/Users/aswanathjs/Downloads/test9/ai_plastic_waste_management_training/PS Plastic/foam_containers/Image_16.png,3,PP Plastic,3,PP Plastic,0.773715078830719,0.037906017154455185,0.08468860387802124,0.0013346181949600577,0.773715078830719,0.10235565155744553
/Users/aswanathjs/Downloads/test9/ai_plastic_waste_management_training/LDPE Plastic/plastic_bags/plasticbag (80).jpg,1,LDPE Plastic,1,LDPE Plastic,0.9997652173042297,9.416807188245002e-06,0.9997652173042297,7.847831540175321e-08,0.0002241000474896282,1.195749746329966e-06
/Users/aswanathjs/Downloads/test9/ai_plastic_waste_management_training/LDPE Plastic/bin_bags/Image_139.png,1,LDPE Plastic,1,LDPE Plastic,0.9947887659072876,0.003037945367395878,0.9947887659072876,0.0014309383695945144,0.0005936461384408176,0.0001487206172896549
/Users/aswanathjs/Downloads/test9/ai_plastic_waste_management_training/PP Plastic/round_containers/Image_139.png,1,LDPE Plastic,1,LDPE Plastic,0.8419893980026245,0.020970242097973824,0.8419893980026245,0.007171471603214741,0.08772043883800507,0.04214849695563316
/Users/aswanathjs/Downloads/test9/ai_plastic_waste_management_training/PP Plastic/round_containers_grey/Image_139.png,1,LDPE Plastic,1,LDPE Plastic,0.8118969798088074,0.013442748226225376,0.8118969798088074,0.007742731366306543,0.14106841385364532,0.025849154219031334
/Users/aswanathjs/Downloads/test9/ai_plastic_waste_management_training/PS Plastic/foam_containers/Image_139.png,1,LDPE Plastic,3,PP Plastic,0.5994178056716919,0.025075653567910194,0.29265281558036804,0.005008236970752478,0.5994178056716919,0.07784543186426163
/Users/aswanathjs/Downloads/test9/ai_plastic_waste_management_training/PS Plastic/foam_sheets/PS-529_jpg.rf.4c99e4b2dd1f410d9ebbf6be0a49fe79.jpg,4,PS Plastic,4,PS Plastic,0.9999994039535522,2.4360144834645325e-07,3.803137644808885e-07,9.861153671408829e-09,5.0076374158436465e-09,0.9999994039535522
/Users/aswanathjs/Downloads/test9/ai_plastic_waste_management_training/PP Plastic/round_containers/IMG_20220209_172657.jpg,3,PP Plastic,3,PP Plastic,0.9999988079071045,3.137447777135094e-07,5.278839054767559e-08,8.38297182781389e-07,0.9999988079071045,9.912101361919667e-09
"/Users/aswanathjs/Downloads/test9/ai_plastic_waste_management_training/PET Plastic/plastic_bottles/PET1,096.jpg",2,PET Plastic,2,PET Plastic,0.9999152421951294,6.303577038124786e-07,3.077712972299196e-05,0.9999152421951294,5.263120328891091e-05,6.733205850650847e-07
/Users/aswanathjs/Downloads/test9/ai_plastic_waste_management_training/LDPE Plastic/plastic_bags/plasticbag (125).jpg,1,LDPE Plastic,1,LDPE Plastic,0.9999431371688843,4.511679776442179e-07,0.9999431371688843,3.894327619491378e-06,3.4102264180546626e-05,1.8375294530414976e-05
/Users/aswanathjs/Downloads/test9/ai_plastic_waste_management_training/PET Plastic/black_white_plastic_bottles/cybdg_jpg.rf.3e32fdb9cb34c7691a349c4e5ac99d51.jpg,2,PET Plastic,2,PET Plastic,0.9999929666519165,1.2593537803695654e-06,3.399094794076518e-06,0.9999929666519165,9.161408911495528e-07,1.520913201602525e-06
/Users/aswanathjs/Downloads/test9/ai_plastic_waste_management_training/LDPE Plastic/plastic_bags/plasticbag (60).jpg,1,LDPE Plastic,1,LDPE Plastic,0.9993661046028137,1.8309918232262135e-05,0.9993661046028137,3.096848013228737e-05,0.0005742086796090007,1.0446903615957126e-05
/Users/aswanathjs/Downloads/test9/ai_plastic_waste_management_training/PP Plastic/square_containers/Image_212.png,3,PP Plastic,3,PP Plastic,0.999523401260376,1.5818357496755198e-05,0.0003066327190026641,5.5739510571584105e-06,0.999523401260376,0.00014862928946968168
/Users/aswanathjs/Downloads/test9/ai_plastic_waste_management_training/PS Plastic/foam_containers/Image_212.png,3,PP Plastic,3,PP Plastic,0.9350943565368652,0.039990078657865524,0.014763041399419308,0.00019531681027729064,0.9350943565368652,0.009957296773791313
/Users/aswanathjs/Downloads/test9/ai_plastic_waste_management_training/PP Plastic/round_containers/IMG_20220209_173518.jpg,3,PP Plastic,3,PP Plastic,0.9999046325683594,5.233324191067368e-05,2.3529551981482655e-05,1.781850187398959e-05,0.9999046325683594,1.7275480104217422e-06
/Users/aswanathjs/Downloads/test9/ai_plastic_waste_management_training/PET Plastic/black_white_plastic_bottles/cbxqt_jpg.rf.52531406b5668ed489f722eda1234b82.jpg,2,PET Plastic,2,PET Plastic,0.9999889135360718,3.080948545175488e-06,1.6568199043831555e-06,0.9999889135360718,5.641948064294411e-06,7.584519607917173e-07
/Users/aswanathjs/Downloads/test9/ai_plastic_waste_management_training/LDPE Plastic/plastic_bags_grey/LDPE-709_jpg.rf.e0c041e2a581709b14418365e47f31c8.jpg,1,LDPE Plastic,1,LDPE Plastic,0.9998284578323364,2.19358680624282e-05,0.9998284578323364,1.0615274732117541e-05,8.541184070054442e-05,5.352924927137792e-05
/Users/aswanathjs/Downloads/test9/ai_plastic_waste_management_training/LDPE Plastic/plastic_bags/LDPE-709_jpg.rf.e0c041e2a581709b14418365e47f31c8.jpg,1,LDPE Plastic,1,LDPE Plastic,0.9995445609092712,5.717527892556973e-05,0.9995445609092712,2.6281712052877992e-05,0.0002569794305600226,0.00011497511877678335
/Users/aswanathjs/Downloads/test9/ai_plastic_waste_management_training/PP Plastic/round_containers/0032_a05b01c2d2e0f0g0h4.jpg,3,PP Plastic,3,PP Plastic,0.9993508458137512,0.00018894551612902433,0.00019509410776663572,5.5264594266191125e-05,0.9993508458137512,0.00020978684187866747
/Users/aswanathjs/Downloads/test9/ai_plastic_waste_management_training/HDPE Plastic/milk_bottles/HDPEM268.jpg,0,HDPE Plastic,0,HDPE Plastic,0.9999992847442627,0.9999992847442627,6.023091470019892e-10,3.909255141820722e-08,7.127041499188635e-07,4.101115447241455e-09
/Users/aswanathjs/Downloads/test9/ai_plastic_waste_management_training/HDPE Plastic/milk_bottles/HDPEM107.jpg,0,HDPE Plastic,0,HDPE Plastic,0.9999996423721313,0.9999996423721313,4.5102543921871074e-10,3.223753424208553e-07,3.291855321663206e-08,6.095001836570191e-09
/Users/aswanathjs/Downloads/test9/ai_plastic_waste_management_training/PET Plastic/plastic_bottles/PET783.jpg,2,PET Plastic,2,PET Plastic,0.999998927116394,5.582248263635847e-08,7.969103990035364e-07,0.999998927116394,1.1062248006510345e-07,3.72778963253495e-08
"/Users/aswanathjs/Downloads/test9/ai_plastic_waste_management_training/PET Plastic/plastic_bottles/PET1,570.jpg",2,PET Plastic,2,PET Plastic,0.9999996423721313,7.683543401526549e-08,1.1915291509012604e-07,0.9999996423721313,1.1591618687134542e-07,4.620191784709959e-09
/Users/aswanathjs/Downloads/test9/ai_plastic_waste_management_training/PS Plastic/foam_sheets/PS-821_jpg.rf.0e9beff389d1f2c533e116ce4700cb8f.jpg,4,PS Plastic,4,PS Plastic,1.0,4.096209149651031e-09,7.499879189909464e-11,3.3541358579469716e-10,1.4823089977689108e-10,1.0
/Users/aswanathjs/Downloads/test9/ai_plastic_waste_management_training/HDPE Plastic/milk_bottles/P_W (1063).jpg,0,HDPE Plastic,0,HDPE Plastic,1.0,1.0,2.37705173470118e-13,4.1225248909038115e-11,1.0604137012926174e-10,6.911445699607499e-13
/Users/aswanathjs/Downloads/test9/ai_plastic_waste_management_training/HDPE Plastic/milk_bottles_grey/P_W (1063).jpg,0,HDPE Plastic,0,HDPE Plastic,1.0,1.0,1.0317907118972958e-11,2.0673376899260631e-10,3.065717957273506e-10,1.7782907308153129e-12
/Users/aswanathjs/Downloads/test9/ai_plastic_waste_management_training/PET Plastic/plastic_bottles/PET786.jpg,2,PET Plastic,2,PET Plastic,0.9999964237213135,5.316275633049372e-07,1.5081934634508798e-06,0.9999964237213135,1.361426029689028e-06,1.65096864179759e-07
/Users/aswanathjs/Downloads/test9/ai_plastic_waste_management_training/PS Plastic/foam_sheets/PS-761_jpg.rf.a42344405350083224374a55aa540b72.jpg,4,PS Plastic,4,PS Plastic,0.9999703168869019,8.44115493237041e-06,3.0433866413659416e-06,3.32591775986657e-06,1.4811454093432985e-05,0.9999703168869019
/Users/aswanathjs/Downloads/test9/ai_plastic_waste_management_training/LDPE Plastic/plastic_bags/LDPE-225_jpg.rf.c28a869289439016d8b409f48fd5ecdf.jpg,1,LDPE Plastic,1,LDPE Plastic,0.9998196959495544,6.92084222464473e-06,0.9998196959495544,6.646959081990644e-05,8.779619383858517e-05,1.9045273802476004e-05
/Users/aswanathjs/Downloads/test9/ai_plastic_waste_management_training/LDPE Plastic/plastic_bags/plasticbag (18).jpg,1,LDPE Plastic,1,LDPE Plastic,0.9992730021476746,1.5854215234867297e-05,0.9992730021476746,8.129300113068894e-05,0.0004813331179320812,0.00014845351688563824
/Users/aswanathjs/Downloads/test9/ai_plastic_waste_management_training/PS Plastic/foam_containers/styrofoam-5-_jpg.rf.df3780f823c7514ba9fc7d643c034625.jpg,4,PS Plastic,4,PS Plastic,0.9990007281303406,0.0009590925765223801,5.918585429753875e-06,3.271492460044101e-05,1.629616235732101e-06,0.9990007281303406
"/Users/aswanathjs/Downloads/test9/ai_plastic_waste_management_training/PET Plastic/plastic_bottles/PET1,383.jpg",2,PET Plastic,2,PET Plastic,0.9998568296432495,0.00010805245256051421,2.2692968286719406e-06,0.9998568296432495,2.6155552404816262e-05,6.715443760185735e-06
/Users/aswanathjs/Downloads/test9/ai_plastic_waste_management_training/PET Plastic/black_white_plastic_bottles/beirz_jpg.rf.178f44e894411750e7f2fc42ab9f4d6e.jpg,2,PET Plastic,2,PET Plastic,0.9999938011169434,6.219228794179799e-07,2.235117563031963e-06,0.9999938011169434,2.076362534353393e-06,1.2542489002953516e-06
/Users/aswanathjs/Downloads/test9/ai_plastic_waste_management_training/PP Plastic/round_containers/0022_a05b00c2d1e0f0g0h0.jpg,3,PP Plastic,3,PP Plastic,0.9983615279197693,0.00019445632642600685,0.0003060818125959486,0.0009955513523891568,0.9983615279197693,0.00014236813876777887
/Users/aswanathjs/Downloads/test9/ai_plastic_waste_management_training/PET Plastic/plastic_bottles/PET433.jpg,2,PET Plastic,2,PET Plastic,0.9999872446060181,2.2119395737263403e-07,1.026509198709391e-05,0.9999872446060181,2.0839390799665125e-06,1.1971239644026355e-07
/Users/aswanathjs/Downloads/test9/ai_plastic_waste_management_training/HDPE Plastic/milk_bottles/HDPEM389.jpg,0,HDPE Plastic,0,HDPE Plastic,0.9999996423721313,0.9999996423721313,4.412235021789002e-09,2.35984529695088e-08,2.2286737078047736e-07,6.888114967296133e-08
/Users/aswanathjs/Downloads/test9/ai_plastic_waste_management_training/PET Plastic/black_white_plastic_bottles/ctpsz_jpg.rf.ff4ad7b6ac7ba952bf067e75b2b3f4d1.jpg,2,PET Plastic,2,PET Plastic,0.9999891519546509,2.2631820684182458e-06,2.7547955596674e-06,0.9999891519546509,4.4999051169725135e-06,1.2803635627278709e-06
/Users/aswanathjs/Downloads/test9/ai_plastic_waste_management_training/LDPE Plastic/bin_bags/Image_143.png,1,LDPE Plastic,1,LDPE Plastic,0.9960017800331116,0.0027548037469387054,0.9960017800331116,0.00044499131035991013,0.0007050145068205893,9.33297851588577e-05
/Users/aswanathjs/Downloads/test9/ai_plastic_waste_management_training/PP Plastic/round_containers/Image_143.png,1,LDPE Plastic,3,PP Plastic,0.9498544335365295,0.0033825698774307966,0.04505728557705879,0.0005833608447574079,0.9498544335365295,0.0011223447509109974
/Users/aswanathjs/Downloads/test9/ai_plastic_waste_management_training/PS Plastic/foam_containers/Image_143.png,1,LDPE Plastic,1,LDPE Plastic,0.8059217929840088,0.03314666077494621,0.8059217929840088,0.02400895208120346,0.09055234491825104,0.046370234340429306
/Users/aswanathjs/Downloads/test9/ai_plastic_waste_management_training/PP Plastic/round_containers/IMG_20220209_173653.jpg,3,PP Plastic,3,PP Plastic,0.9999343156814575,5.075157605460845e-05,4.86195131088607e-06,4.913743396173231e-06,0.9999343156814575,5.083864834887208e-06
/Users/aswanathjs/Downloads/test9/ai_plastic_waste_management_training/HDPE Plastic/shampoo_bottles/0076_a02b06c1d3e0f1g0h4.jpg,0,HDPE Plastic,0,HDPE Plastic,0.9999994039535522,0.9999994039535522,1.3555688127553367e-08,4.357014233846712e-07,1.0923764648396173e-07,1.3718382874117196e-08
/Users/aswanathjs/Downloads/test9/ai_plastic_waste_management_training/HDPE Plastic/milk_bottles/HDPEM251.jpg,0,HDPE Plastic,0,HDPE Plastic,0.9999997615814209,0.9999997615814209,4.5904127721208e-10,1.1410711664439077e-07,1.608079003290186e-07,1.722924203306775e-08
/Users/aswanathjs/Downloads/test9/ai_plastic_waste_management_training/PET Plastic/black_white_plastic_bottles/dojvf_jpg.rf.688bc5642b8f8491c0bc897182556fc9.jpg,2,PET Plastic,2,PET Plastic,0.9999998807907104,1.4134756476380517e-08,8.35206250826559e-08,0.9999998807907104,5.2886885981706655e-09,6.433099053460012e-10
/Users/aswanathjs/Downloads/test9/ai_plastic_waste_management_training/PET Plastic/black_white_plastic_bottles/bcxos_jpg.rf.2188d116bc1129d44ce87e6c7b169a57.jpg,2,PET Plastic,2,PET Plastic,0.9999942779541016,1.9616256849985803e-06,9.087690386877512e-07,0.9999942779541016,1.215381075780897e-06,1.5787093161634402e-06
/Users/aswanathjs/Downloads/test9/ai_plastic_waste_management_training/PP Plastic/round_containers/Image_180.png,3,PP Plastic,3,PP Plastic,0.9950006604194641,0.00048178512952290475,0.003831169568002224,5.850622619618662e-05,0.9950006604194641,0.0006278568180277944
/Users/aswanathjs/Downloads/test9/ai_plastic_waste_management_training/PS Plastic/foam_containers/Image_180.png,3,PP Plastic,4,PS Plastic,0.43719157576560974,0.05683527886867523,0.124048613011837,0.008581019937992096,0.3733436167240143,0.43719157576560974
/Users/aswanathjs/Downloads/test9/ai_plastic_waste_management_training/HDPE Plastic/milk_bottles/HDPEM191.jpg,0,HDPE Plastic,0,HDPE Plastic,1.0,1.0,1.647111960711989e-11,2.8161344367561014e-09,2.584097158475629e-09,1.306405761347662e-09
/Users/aswanathjs/Downloads/test9/ai_plastic_waste_management_training/HDPE Plastic/milk_bottles/HDPEM454.jpg,0,HDPE Plastic,0,HDPE Plastic,0.9999998807907104,0.9999998807907104,1.667377347303045e-10,9.806563383563116e-08,1.3268222964768484e-08,2.947311728007662e-09
/Users/aswanathjs/Downloads/test9/ai_plastic_waste_management_training/LDPE Plastic/plastic_bags/LDPE-169_jpg.rf.701027552a8ac65a60f254c0bb0d1284.jpg,1,LDPE Plastic,1,LDPE Plastic,0.9998286962509155,4.815713509742636e-06,0.9998286962509155,7.537319470429793e-05,6.947287329239771e-05,2.1633304640999995e-05
/Users/aswanathjs/Downloads/test9/ai_plastic_waste_management_training/LDPE Plastic/bubble_wrap/train_LDPE-86_jpg.rf.de19a5a093d2f44f002d55af708ec34a.jpg,1,LDPE Plastic,1,LDPE Plastic,0.9999986886978149,1.1603719940467272e-07,0.9999986886978149,1.0252642823616043e-06,3.775617685164434e-08,1.8872543705583666e-07
/Users/aswanathjs/Downloads/test9/ai_plastic_waste_management_training/LDPE Plastic/black_white__plastic_bags/0106_jpg.rf.173cad6f9c322e959de8745ce71d09bd.jpg,1,LDPE Plastic,1,LDPE Plastic,0.9999798536300659,9.89047066468629e-07,0.9999798536300659,6.227632184163667e-06,8.924671419663355e-06,3.991314315499039e-06
/Users/aswanathjs/Downloads/test9/ai_plastic_waste_management_training/HDPE Plastic/milk_bottles/HDPEM71.jpg,0,HDPE Plastic,0,HDPE Plastic,0.9999996423721313,0.9999996423721313,3.3805170468470536e-11,1.1947685152335907e-07,2.309447495463246e-07,3.724839048313555e-10
/Users/aswanathjs/Downloads/test9/ai_plastic_waste_management_training/HDPE Plastic/detergent_bottles/0098_a02b03c1d0e0f0g0h4.jpg,0,HDPE Plastic,0,HDPE Plastic,0.9999992847442627,0.9999992847442627,1.7374999217167897e-08,7.1825692060656365e-09,6.686691449431237e-07,8.390645511724415e-09
/Users/aswanathjs/Downloads/test9/ai_plastic_waste_management_training/LDPE Plastic/plastic_bags/train_LDPE-88_jpg.rf.8472ac42ef276d2bcb8c165830aa2622.jpg,1,LDPE Plastic,1,LDPE Plastic,0.999966025352478,3.1983663006940333e-07,0.999966025352478,3.852688223560108e-06,1.0033621947513893e-05,1.977866850211285e-05
/Users/aswanathjs/Downloads/test9/ai_plastic_waste_management_training/HDPE Plastic/milk_bottles/HDPEM99.jpg,0,HDPE Plastic,0,HDPE Plastic,0.9999980926513672,0.9999980926513672,2.2211354977486053e-09,1.8537331243351218e-06,3.9153700726046736e-08,6.275001407374248e-09
/Users/aswanathjs/Downloads/test9/ai_plastic_waste_management_training/PP Plastic/round_containers/0032_a05b01c2d1e0f0g0h1.jpg,3,PP Plastic,3,PP Plastic,0.9999244213104248,8.897908628568985e-06,2.6049913230963284e-06,5.897274968447164e-05,0.9999244213104248,5.1231008910690434e-06
/Users/aswanathjs/Downloads/test9/ai_plastic_waste_management_training/HDPE Plastic/milk_bottles/HDPEM34.jpg,0,HDPE Plastic,0,HDPE Plastic,0.9996978044509888,0.9996978044509888,3.2098759561449697e-07,3.214060780010186e-05,0.00026777313905768096,1.8617607793203206e-06
/Users/aswanathjs/Downloads/test9/ai_plastic_waste_management_training/PET Plastic/black_white_plastic_bottles/bhwyv_jpg.rf.09ee027258fb5748a6867d5b22e43213.jpg,2,PET Plastic,2,PET Plastic,0.9999972581863403,1.2827963473682757e-06,1.9940728179790312e-07,0.9999972581863403,8.918015623748943e-07,3.509432531245693e-07
/Users/aswanathjs/Downloads/test9/ai_plastic_waste_management_training/LDPE Plastic/bubble_wrap_grey/train_LDPE-97_jpg.rf.f27ded9af5bc8d452667e73298f9fcd5.jpg,1,LDPE Plastic,1,LDPE Plastic,0.9997602105140686,6.591123451471503e-07,0.9997602105140686,0.00022300993441604078,2.7691241939464817e-06,1.3414109162113164e-05
/Users/aswanathjs/Downloads/test9/ai_plastic_waste_management_training/LDPE Plastic/bubble_wrap/train_LDPE-97_jpg.rf.f27ded9af5bc8d452667e73298f9fcd5.jpg,1,LDPE Plastic,1,LDPE Plastic,0.9989450573921204,3.08379662783409e-06,0.9989450573921204,0.0008767899125814438,3.103296330664307e-05,0.00014405780530069023
/Users/aswanathjs/Downloads/test9/ai_plastic_waste_management_training/HDPE Plastic/detergent_bottles/0098_a02b03c2d3e0f0g0h3.jpg,0,HDPE Plastic,0,HDPE Plastic,0.9999998807907104,0.9999998807907104,2.3446040664509837e-09,3.5171845436110516e-09,6.226563442623956e-08,5.841050310095852e-09
/Users/aswanathjs/Downloads/test9/ai_plastic_waste_management_training/HDPE Plastic/shampoo_bottles/0077_a02b01c1d1e0f1g0h4.jpg,0,HDPE Plastic,0,HDPE Plastic,0.9999830722808838,0.9999830722808838,3.865334861075098e-07,1.1534817758729332e-06,1.3744408533966634e-05,1.6033274050641921e-06
/Users/aswanathjs/Downloads/test9/ai_plastic_waste_management_training/LDPE Plastic/plastic_bags/plasticbag (179).jpg,1,LDPE Plastic,1,LDPE Plastic,0.9999974966049194,6.8031229538689786e-09,0.9999974966049194,4.131029740506165e-08,2.415797780486173e-06,7.188947392933187e-08
/Users/aswanathjs/Downloads/test9/ai_plastic_waste_management_training/HDPE Plastic/detergent_bottles/0062_a02b05c2d0e0f1g1h0.jpg,0,HDPE Plastic,0,HDPE Plastic,0.9999998807907104,0.9999998807907104,2.2666014898309328e-10,1.3725920666729508e-07,4.907759532102318e-09,1.6256861135044431e-10
/Users/aswanathjs/Downloads/test9/ai_plastic_waste_management_training/HDPE Plastic/detergent_botteles_grey/0062_a02b05c2d0e0f1g1h0.jpg,0,HDPE Plastic,0,HDPE Plastic,0.9998021721839905,0.9998021721839905,9.881410534262614e-08,0.00019690488988999277,8.982968324744434e-07,1.5633201400078178e-08
/Users/aswanathjs/Downloads/test9/ai_plastic_waste_management_training/HDPE Plastic/milk_bottles/HDPEM369.jpg,0,HDPE Plastic,0,HDPE Plastic,0.9990789890289307,0.9990789890289307,6.617019607801922e-06,1.2229691492393613e-05,0.000872292963322252,2.9715953132836148e-05
/Users/aswanathjs/Downloads/test9/ai_plastic_waste_management_training/LDPE Plastic/plastic_bags/plasticbag (92).jpg,1,LDPE Plastic,1,LDPE Plastic,0.99616539478302,0.0005172881647013128,0.99616539478302,0.00012410110502969474,0.002652869326993823,0.0005402637762017548
/Users/aswanathjs/Downloads/test9/ai_plastic_waste_management_training/HDPE Plastic/milk_bottles/HDPEM197.jpg,0,HDPE Plastic,0,HDPE Plastic,1.0,1.0,9.557244579072588e-11,1.2775018820576634e-09,1.444814046180909e-08,5.711053852053283e-10
/Users/aswanathjs/Downloads/test9/ai_plastic_waste_management_training/HDPE Plastic/shampoo_bottles/0061_a02b01c1d1e0f1g0h2.jpg,0,HDPE Plastic,0,HDPE Plastic,0.9999998807907104,0.9999998807907104,6.876741398542663e-10,9.944213985590977e-08,5.405884451192833e-08,8.028680831273505e-09
/Users/aswanathjs/Downloads/test9/ai_plastic_waste_management_training/PET Plastic/black_white_plastic_bottles/ckxtz_jpg.rf.e56142e9a641cda544fee935b4b14a09.jpg,2,PET Plastic,2,PET Plastic,0.999993085861206,8.83869290646544e-07,3.2073673992272234e-06,0.999993085861206,7.329903723984899e-07,2.0626268906198675e-06
/Users/aswanathjs/Downloads/test9/ai_plastic_waste_management_training/PET Plastic/shampoo_bottles/0080_a05b00c2d0e0f1g0h1.jpg,2,PET Plastic,2,PET Plastic,0.9998999834060669,4.122530299355276e-05,8.663773201078584e-07,0.9998999834060669,5.700757174054161e-05,8.463699145977444e-07
/Users/aswanathjs/Downloads/test9/ai_plastic_waste_management_training/HDPE Plastic/detergent_bottles/0010_a02b01c2d2e0f1g0h0.jpg,0,HDPE Plastic,0,HDPE Plastic,0.9999994039535522,0.9999994039535522,1.4900218836544354e-09,5.116295369589352e-07,7.703999216346347e-08,1.3108879537426787e-09
/Users/aswanathjs/Downloads/test9/ai_plastic_waste_management_training/PP Plastic/round_containers/0032_a05b01c1d0e0f0g0h0.jpg,3,PP Plastic,3,PP Plastic,0.9997723698616028,1.1160621397721115e-05,4.073206127941376e-06,0.00020973407663404942,0.9997723698616028,2.699024207686307e-06
/Users/aswanathjs/Downloads/test9/ai_plastic_waste_management_training/PET Plastic/black_white_plastic_bottles/bfody_jpg.rf.8de89c7efe09fb3d1bfa0057258f0b54.jpg,2,PET Plastic,2,PET Plastic,1.0,2.0247146181873177e-08,1.8425602377192263e-08,1.0,1.4163553885282454e-08,4.925690078039224e-09
/Users/aswanathjs/Downloads/test9/ai_plastic_waste_management_training/PS Plastic/foam_sheets/PS-537_jpg.rf.36f7c05a257c73ccf0dddda9a2cc276f.jpg,4,PS Plastic,4,PS Plastic,0.9999992847442627,4.47963572014487e-07,2.4032178203015064e-07,3.9604017842975736e-08,3.272097615081293e-08,0.9999992847442627
/Users/aswanathjs/Downloads/test9/ai_plastic_waste_management_training/PET Plastic/shampoo_bottles/0100_a05b00c1d3e0f0g0h3.jpg,2,PET Plastic,2,PET Plastic,0.9999983310699463,4.026924571576274e-09,3.7878550074310624e-07,0.9999983310699463,1.269743961529457e-06,4.765728256472812e-09
/Users/aswanathjs/Downloads/test9/ai_plastic_waste_management_training/PET Plastic/plastic_bottles/PET367.jpg,2,PET Plastic,2,PET Plastic,0.9999979734420776,4.1896223024195933e-07,8.11916152088088e-07,0.9999979734420776,4.307483436605253e-07,4.253075474025536e-07
/Users/aswanathjs/Downloads/test9/ai_plastic_waste_management_training/HDPE Plastic/milk_bottles/HDPEM225.jpg,0,HDPE Plastic,0,HDPE Plastic,1.0,1.0,1.0721193030582832e-11,2.004750365713903e-09,9.907103581952015e-09,8.930311351518228e-11
/Users/aswanathjs/Downloads/test9/ai_plastic_waste_management_training/PET Plastic/plastic_bottles/PET306.jpg,2,PET Plastic,2,PET Plastic,0.9999995231628418,1.1049728954048987e-07,3.3183107461809414e-07,0.9999995231628418,5.5858517811202546e-08,8.74498606862062e-09
/Users/aswanathjs/Downloads/test9/ai_plastic_waste_management_training/LDPE Plastic/plastic_bags/plasticbag (19).jpg,1,LDPE Plastic,1,LDPE Plastic,0.9999983310699463,5.0449656896489614e-08,0.9999983310699463,9.05617838498074e-08,1.4705987041452317e-06,1.1630127261241796e-07
/Users/aswanathjs/Downloads/test9/ai_plastic_waste_management_training/HDPE Plastic/milk_bottles/HDPEM357.jpg,0,HDPE Plastic,0,HDPE Plastic,0.9999997615814209,0.9999997615814209,1.51371781775822e-09,2.486578409843787e-07,3.8295457471804184e-08,6.209007530344479e-09
/Users/aswanathjs/Downloads/test9/ai_plastic_waste_management_training/HDPE Plastic/milk_bottles_grey/HDPEM357.jpg,0,HDPE Plastic,0,HDPE Plastic,0.9999946355819702,0.9999946355819702,5.4275005823001266e-08,5.27406700712163e-06,1.1995018667221302e-07,5.697472715837648e-08
/Users/aswanathjs/Downloads/test9/ai_plastic_waste_management_training/PET Plastic/black_white_plastic_bottles/ctvun_jpg.rf.8cc404ae0b3222c021bd955bec2fec1f.jpg,2,PET Plastic,2,PET Plastic,0.9999525547027588,4.985451482752978e-07,4.326147245592438e-05,0.9999525547027588,2.6400189199193846e-06,1.0822521971931565e-06
/Users/aswanathjs/Downloads/test9/ai_plastic_waste_management_training/PET Plastic/shampoo_bottles/0100_a05b00c2d1e0f0g0h4.jpg,2,PET Plastic,2,PET Plastic,0.999987006187439,4.669050213124137e-06,1.3301082617545035e-06,0.999987006187439,6.8038925746805035e-06,2.42941609940317e-07
/Users/aswanathjs/Downloads/test9/ai_plastic_waste_management_training/PP Plastic/irregular_containers/0036_a05b00c2d0e0f0g0h0.jpg,3,PP Plastic,3,PP Plastic,0.9998453855514526,8.521854397258721e-06,0.00010659884719643742,3.649426798801869e-05,0.9998453855514526,2.991315341205336e-06
/Users/aswanathjs/Downloads/test9/ai_plastic_waste_management_training/PP Plastic/irregular_containers_grey/0036_a05b00c2d0e0f0g0h0.jpg,3,PP Plastic,3,PP Plastic,0.9997661709785461,2.0776917153852992e-05,0.00019299241830594838,1.53684159158729e-05,0.9997661709785461,4.758662271342473e-06
/Users/aswanathjs/Downloads/test9/ai_plastic_waste_management_training/PP Plastic/rectangle_containers/test_PP-3-_JPG.rf.3be7e153a1e1a597107483aaff0eda84.jpg,3,PP Plastic,3,PP Plastic,0.9994775652885437,0.0004703162703663111,4.296989209251478e-05,7.661099516553804e-06,0.9994775652885437,1.4692808463223628e-06
/Users/aswanathjs/Downloads/test9/ai_plastic_waste_management_training/PET Plastic/plastic_bottles/PET584.jpg,2,PET Plastic,2,PET Plastic,0.9999927282333374,4.6792331431788625e-07,8.953271617428982e-07,0.9999927282333374,2.299485913681565e-06,3.594403324314044e-06
/Users/aswanathjs/Downloads/test9/ai_plastic_waste_management_training/HDPE Plastic/shampoo_bottles/0065_a02b03c1d0e0f1g0h0.jpg,0,HDPE Plastic,0,HDPE Plastic,1.0,1.0,2.4038331546648306e-13,1.5987423190866323e-11,5.422689033918182e-11,1.1031280056084114e-12
/Users/aswanathjs/Downloads/test9/ai_plastic_waste_management_training/HDPE Plastic/milk_bottles/HDPEM297.jpg,0,HDPE Plastic,0,HDPE Plastic,0.9999998807907104,0.9999998807907104,1.6744100897470027e-11,7.16104580078536e-08,9.581712312467516e-09,7.718706562798161e-09
/Users/aswanathjs/Downloads/test9/ai_plastic_waste_management_training/PP Plastic/rectangle_containers/0011_a05b00c2d3e0f0g0h3.jpg,3,PP Plastic,3,PP Plastic,0.9964303374290466,5.518339094123803e-05,0.00014182549784891307,0.0033110480289906263,0.9964303374290466,6.157849566079676e-05
/Users/aswanathjs/Downloads/test9/ai_plastic_waste_management_training/PP Plastic/square_containers/0011_a05b00c2d3e0f0g0h3.jpg,3,PP Plastic,3,PP Plastic,0.9964303374290466,5.518339094123803e-05,0.00014182549784891307,0.0033110480289906263,0.9964303374290466,6.157849566079676e-05
/Users/aswanathjs/Downloads/test9/ai_plastic_waste_management_training/HDPE Plastic/milk_bottles/HDPEM336.jpg,0,HDPE Plastic,0,HDPE Plastic,0.9999959468841553,0.9999959468841553,8.254201766533242e-09,4.0169597923522815e-06,4.314322055165576e-08,1.0321148380398881e-08
/Users/aswanathjs/Downloads/test9/ai_plastic_waste_management_training/HDPE Plastic/milk_bottles/HDPEM483.jpg,0,HDPE Plastic,0,HDPE Plastic,0.9999947547912598,0.9999947547912598,3.82647957763993e-09,4.02400246457546e-06,1.08277595245454e-06,1.3839084544997604e-07
/Users/aswanathjs/Downloads/test9/ai_plastic_waste_management_training/HDPE Plastic/shampoo_bottles/0077_a02b01c1d0e0f1g0h2.jpg,0,HDPE Plastic,0,HDPE Plastic,0.9998171925544739,0.9998171925544739,6.281500191107625e-07,0.00014471769100055099,3.240412479499355e-05,5.156390670890687e-06
"/Users/aswanathjs/Downloads/test9/ai_plastic_waste_management_training/PET Plastic/plastic_bottles/PET1,551.jpg",2,PET Plastic,2,PET Plastic,0.9998419284820557,2.1192250642343424e-05,0.00010645117436069995,0.9998419284820557,1.278673607885139e-05,1.7620573999010958e-05
/Users/aswanathjs/Downloads/test9/ai_plastic_waste_management_training/PET Plastic/shampoo_bottles/0015_a05b00c1d2e1f1g0h2.jpg,2,PET Plastic,2,PET Plastic,0.9998001456260681,9.895565199258272e-06,2.520442103559617e-05,0.9998001456260681,0.00015916595293674618,5.61930937692523e-06
/Users/aswanathjs/Downloads/test9/ai_plastic_waste_management_training/HDPE Plastic/shampoo_bottles/0063_a02b01c1d2e0f1g1h3.jpg,0,HDPE Plastic,0,HDPE Plastic,0.9999663829803467,0.9999663829803467,2.676214876373706e-07,3.312963144708192e-06,2.1711544832214713e-05,8.402609637414571e-06
/Users/aswanathjs/Downloads/test9/ai_plastic_waste_management_training/PS Plastic/foam_containers/Image_134.png,4,PS Plastic,3,PP Plastic,0.4244442880153656,0.03472321480512619,0.22034843266010284,0.006646744906902313,0.4244442880153656,0.31383731961250305
/Users/aswanathjs/Downloads/test9/ai_plastic_waste_management_training/HDPE Plastic/detergent_bottles/0039_a02b01c1d0e0f1g0h0.jpg,0,HDPE Plastic,0,HDPE Plastic,0.9999996423721313,0.9999996423721313,4.938319753122755e-10,2.143593036407765e-07,1.2118660208670917e-07,1.621966783105222e-09
/Users/aswanathjs/Downloads/test9/ai_plastic_waste_management_training/HDPE Plastic/detergent_bottles/P_W (367).jpg,0,HDPE Plastic,0,HDPE Plastic,0.9999897480010986,0.9999897480010986,1.834600425354438e-06,1.8579174820843036e-06,5.792467618448427e-06,7.36233687348431e-07
/Users/aswanathjs/Downloads/test9/ai_plastic_waste_management_training/PP Plastic/square_containers_grey/Image_225.png,3,PP Plastic,3,PP Plastic,0.9955191612243652,7.484468369511887e-05,0.00419260049238801,7.236238161567599e-05,0.9955191612243652,0.00014105282025411725
/Users/aswanathjs/Downloads/test9/ai_plastic_waste_management_training/PP Plastic/square_containers/Image_225.png,3,PP Plastic,3,PP Plastic,0.9948903322219849,9.211141878040507e-05,0.004751445725560188,7.938092312542722e-05,0.9948903322219849,0.000186734672752209
/Users/aswanathjs/Downloads/test9/ai_plastic_waste_management_training/PS Plastic/foam_containers/Image_225.png,3,PP Plastic,3,PP Plastic,0.935223400592804,0.034531205892562866,0.015927622094750404,0.00275834440253675,0.935223400592804,0.011559384874999523
/Users/aswanathjs/Downloads/test9/ai_plastic_waste_management_training/PS Plastic/foam_sheets/PS-890_jpg.rf.e6f1115fb7950a098e7a9592176873b3.jpg,4,PS Plastic,4,PS Plastic,0.9999996423721313,1.986305306900249e-07,2.3731381304514798e-08,6.530510887614582e-08,2.9636094467377916e-08,0.9999996423721313
/Users/aswanathjs/Downloads/test9/ai_plastic_waste_management_training/LDPE Plastic/plastic_bags/plasticbag (135).jpg,1,LDPE Plastic,1,LDPE Plastic,0.9989847540855408,3.0525588954333216e-05,0.9989847540855408,0.00035177572863176465,0.00033989272196777165,0.0002930147747974843
/Users/aswanathjs/Downloads/test9/ai_plastic_waste_management_training/PP Plastic/irregular_containers/train_PP-83_jpg.rf.7046174ce8dbe58e860b73a6f32cfcb6.jpg,3,PP Plastic,3,PP Plastic,0.9999966621398926,1.1467392591058e-09,3.162125494782231e-06,1.1175640679539356e-07,0.9999966621398926,3.2428690843744334e-08
/Users/aswanathjs/Downloads/test9/ai_plastic_waste_management_training/PET Plastic/plastic_bottles/PET684.jpg,2,PET Plastic,2,PET Plastic,0.9999978542327881,5.900312203266367e-07,4.879026391790831e-07,0.9999978542327881,7.595813826810627e-07,3.1081552265277423e-07
/Users/aswanathjs/Downloads/test9/ai_plastic_waste_management_training/HDPE Plastic/milk_bottles/HDPEM286.jpg,0,HDPE Plastic,0,HDPE Plastic,0.9999617338180542,0.9999617338180542,4.043400725350921e-09,3.80184173991438e-05,7.635320287135983e-08,6.619828241127834e-08
/Users/aswanathjs/Downloads/test9/ai_plastic_waste_management_training/PET Plastic/shampoo_bottles/IMG_20220209_220427.jpg,2,PET Plastic,2,PET Plastic,0.9991645812988281,0.0001384949719067663,7.279980491148308e-05,0.9991645812988281,0.0006156815215945244,8.480181350023486e-06
/Users/aswanathjs/Downloads/test9/ai_plastic_waste_management_training/PET Plastic/plastic_bottles/PET852.jpg,2,PET Plastic,2,PET Plastic,1.0,3.995377639842701e-10,1.3906412910102972e-08,1.0,4.756788851700833e-10,7.169854709943024e-10
/Users/aswanathjs/Downloads/test9/ai_plastic_waste_management_training/LDPE Plastic/plastic_bags/plasticbag (58).jpg,1,LDPE Plastic,1,LDPE Plastic,0.999990701675415,6.248429258448596e-07,0.999990701675415,5.245674827847324e-08,8.405588232562877e-06,1.5336007663790951e-07
/Users/aswanathjs/Downloads/test9/ai_plastic_waste_management_training/PET Plastic/plastic_bottles/PET591.jpg,2,PET Plastic,2,PET Plastic,0.9999983310699463,7.285312335625349e-07,7.042083183250725e-08,0.9999983310699463,1.9442222765064798e-07,7.438154057126667e-07
/Users/aswanathjs/Downloads/test9/ai_plastic_waste_management_training/HDPE Plastic/shampoo_bottles/0065_a02b03c2d2e0f1g0h3.jpg,0,HDPE Plastic,0,HDPE Plastic,1.0,1.0,1.343834349354367e-10,2.5971420569703696e-09,4.501131467549158e-09,4.249586793569904e-10
/Users/aswanathjs/Downloads/test9/ai_plastic_waste_management_training/PET Plastic/black_white_plastic_bottles/cklog_jpg.rf.4aae70a1f9111e87f9a9bf5e5f43a287.jpg,2,PET Plastic,2,PET Plastic,0.9999884366989136,9.864339745035977e-07,2.8264917091291863e-06,0.9999884366989136,1.939772118930705e-06,5.8149589676759206e-06
/Users/aswanathjs/Downloads/test9/ai_plastic_waste_management_training/HDPE Plastic/milk_bottles/HDPEM45.jpg,0,HDPE Plastic,0,HDPE Plastic,0.9999983310699463,0.9999983310699463,5.298289029731507e-10,6.048773570910271e-07,1.0350952379667433e-06,2.2712642877564804e-09
/Users/aswanathjs/Downloads/test9/ai_plastic_waste_management_training/HDPE Plastic/shampoo_bottiles_grey/0099_a02b01c2d0e0f1g0h0.jpg,0,HDPE Plastic,0,HDPE Plastic,0.9999449253082275,0.9999449253082275,3.320008545415476e-06,5.0139453378506005e-05,1.4130840781945153e-06,1.729834195884905e-07
/Users/aswanathjs/Downloads/test9/ai_plastic_waste_management_training/HDPE Plastic/shampoo_bottles/0099_a02b01c2d0e0f1g0h0.jpg,0,HDPE Plastic,0,HDPE Plastic,0.9999723434448242,0.9999723434448242,1.953988082448177e-09,2.76599657809129e-05,1.061982413119722e-08,2.5369428779953296e-09
/Users/aswanathjs/Downloads/test9/ai_plastic_waste_management_training/HDPE Plastic/detergent_bottles/0098_a02b03c2d0e0f0g0h0.jpg,0,HDPE Plastic,0,HDPE Plastic,1.0,1.0,3.662010417126993e-10,1.6659096324644906e-09,5.0252868533107176e-08,1.3387971287137646e-10
/Users/aswanathjs/Downloads/test9/ai_plastic_waste_management_training/HDPE Plastic/detergent_bottles/0098_a02b03c1d1e0f0g0h1.jpg,0,HDPE Plastic,0,HDPE Plastic,0.9994996786117554,0.9994996786117554,3.304322262920323e-06,8.117867622559061e-08,0.000496569846291095,3.3297604318249796e-07
/Users/aswanathjs/Downloads/test9/ai_plastic_waste_management_training/LDPE Plastic/black_white__plastic_bags/0225_jpg.rf.5ddaa7f9d7e6346d2a23c5c816e9975c.jpg,1,LDPE Plastic,1,LDPE Plastic,0.9998090863227844,3.849871063721366e-05,0.9998090863227844,5.5424083257094026e-05,3.926679346477613e-05,5.782560765510425e-05
/Users/aswanathjs/Downloads/test9/ai_plastic_waste_management_training/LDPE Plastic/plastic_bags/LDPE-288_jpg.rf.ec558a77e98e22bdf9ec9f3c753dceb0.jpg,1,LDPE Plastic,1,LDPE Plastic,0.9997105002403259,3.7277559385984205e-06,0.9997105002403259,3.37443889293354e-05,0.00022294333030004054,2.8987238692934625e-05
/Users/aswanathjs/Downloads/test9/ai_plastic_waste_management_training/PS Plastic/foam_sheets/PS-576_jpg.rf.288ea43fde0368c034919c6d30e20589.jpg,4,PS Plastic,4,PS Plastic,1.0,4.593755775772479e-08,4.659193475475831e-09,4.576873990913555e-09,4.269322673167153e-09,1.0
/Users/aswanathjs/Downloads/test9/ai_plastic_waste_management_training/PET Plastic/plastic_bottles/PET364.jpg,2,PET Plastic,2,PET Plastic,0.9999933242797852,2.132975680524396e-07,3.0779051485296804e-06,0.9999933242797852,3.2471539270773064e-06,1.575208727899735e-07
/Users/aswanathjs/Downloads/test9/ai_plastic_waste_management_training/PP Plastic/round_containers/0022_a05b00c2d2e0f0g0h0.jpg,3,PP Plastic,3,PP Plastic,0.9990133047103882,0.00015008436457719654,0.0004493118030950427,0.0002792630111798644,0.9990133047103882,0.00010797910363180563
/Users/aswanathjs/Downloads/test9/ai_plastic_waste_management_training/PET Plastic/plastic_bottles/PET901.jpg,2,PET Plastic,2,PET Plastic,1.0,7.71099295526767e-10,3.017759553358701e-08,1.0,4.79834350031183e-09,1.235863744675214e-09
"/Users/aswanathjs/Downloads/test9/ai_plastic_waste_management_training/PET Plastic/plastic_bottles/PET1,676.jpg",2,PET Plastic,2,PET Plastic,0.9999880790710449,7.635201626499111e-08,1.1443370567576494e-05,0.9999880790710449,2.0008913281799323e-07,1.835678062889201e-07
/Users/aswanathjs/Downloads/test9/ai_plastic_waste_management_training/HDPE Plastic/shampoo_bottles/0021_a02b01c1d3e1f0g0h0.jpg,0,HDPE Plastic,0,HDPE Plastic,0.9999995231628418,0.9999995231628418,3.5611466553397975e-10,2.648521615356003e-07,2.4133905185408366e-07,1.8786345812316085e-09
/Users/aswanathjs/Downloads/test9/ai_plastic_waste_management_training/PET Plastic/shampoo_bottles/0015_a05b00c2d2e1f1g0h0.jpg,2,PET Plastic,2,PET Plastic,0.9999128580093384,3.0325893021654338e-05,2.4607348677818663e-05,0.9999128580093384,2.2712481950293295e-05,9.475269507674966e-06
/Users/aswanathjs/Downloads/test9/ai_plastic_waste_management_training/HDPE Plastic/shampoo_bottles/0078_a02b07c2d3e0f1g0h0.jpg,0,HDPE Plastic,0,HDPE Plastic,0.9998871088027954,0.9998871088027954,2.9879603857807524e-07,0.00010742679296527058,5.212245923758019e-06,1.552159112350182e-08
/Users/aswanathjs/Downloads/test9/ai_plastic_waste_management_training/PS Plastic/foam_containers/Image_146.png,4,PS Plastic,4,PS Plastic,0.38319069147109985,0.03401155769824982,0.20650622248649597,0.0060616470873355865,0.3702300190925598,0.38319069147109985
/Users/aswanathjs/Downloads/test9/ai_plastic_waste_management_training/PET Plastic/plastic_bottles/PET405.jpg,2,PET Plastic,2,PET Plastic,0.9999973773956299,2.070054136993349e-07,1.2157429409853648e-06,0.9999973773956299,8.856729323269974e-07,2.582861213795695e-07
/Users/aswanathjs/Downloads/test9/ai_plastic_waste_management_training/LDPE Plastic/bin_bags/LDPE13w-Photoroom_0_1426_jpg.rf.59d412bfab4775ac1d16d6633402f8d1.jpg,1,LDPE Plastic,1,LDPE Plastic,0.974575936794281,0.0033783698454499245,0.974575936794281,0.0014111779164522886,0.019689975306391716,0.0009445677860639989
/Users/aswanathjs/Downloads/test9/ai_plastic_waste_management_training/LDPE Plastic/bin_bags/LDPE13w-Photoroom_0_1426_jpg.rf.8dfa7f49717efb95792b559165023396.jpg,1,LDPE Plastic,1,LDPE Plastic,0.945550262928009,0.002335489960387349,0.945550262928009,0.007774678524583578,0.04269977658987045,0.0016398667357861996
/Users/aswanathjs/Downloads/test9/ai_plastic_waste_management_training/PP Plastic/rectangle_containers/0011_a05b00c1d1e0f0g0h4.jpg,3,PP Plastic,3,PP Plastic,0.9844202399253845,0.00015554254059679806,0.000375695206457749,0.01486732717603445,0.9844202399253845,0.00018123634799849242
/Users/aswanathjs/Downloads/test9/ai_plastic_waste_management_training/PP Plastic/square_containers/0011_a05b00c1d1e0f0g0h4.jpg,3,PP Plastic,3,PP Plastic,0.9844202399253845,0.00015554254059679806,0.000375695206457749,0.01486732717603445,0.9844202399253845,0.00018123634799849242
/Users/aswanathjs/Downloads/test9/ai_plastic_waste_management_training/PP Plastic/rectangle_containers_grey/0011_a05b00c1d1e0f0g0h4.jpg,3,PP Plastic,3,PP Plastic,0.9907393455505371,4.390763569972478e-05,0.00030944141326472163,0.008876160718500614,0.9907393455505371,3.1101732020033523e-05
/Users/aswanathjs/Downloads/test9/ai_plastic_waste_management_training/LDPE Plastic/plastic_bags/plasticbag (111).jpg,1,LDPE Plastic,1,LDPE Plastic,0.9999983310699463,4.4756345118912577e-07,0.9999983310699463,1.713839736794398e-08,1.2287313211345463e-06,1.2471124577473347e-08
/Users/aswanathjs/Downloads/test9/ai_plastic_waste_management_training/LDPE Plastic/plastic_bags/plasticbag (114).jpg,1,LDPE Plastic,1,LDPE Plastic,0.9999994039535522,1.2848786479224827e-09,0.9999994039535522,1.5300030042908475e-07,3.296785564543825e-07,3.359246392165005e-08
/Users/aswanathjs/Downloads/test9/ai_plastic_waste_management_training/PP Plastic/round_containers/0032_a05b01c1d0e0f0g0h3.jpg,3,PP Plastic,3,PP Plastic,0.9999924898147583,3.6896208257530816e-06,6.361570967783337e-07,1.2237914006618666e-06,0.9999924898147583,1.9464771412458504e-06
/Users/aswanathjs/Downloads/test9/ai_plastic_waste_management_training/PET Plastic/plastic_bottles/PET772.jpg,2,PET Plastic,2,PET Plastic,0.9994158744812012,3.098080196650699e-05,4.6064204070717096e-05,0.9994158744812012,0.0004530506848823279,5.407416392699815e-05
/Users/aswanathjs/Downloads/test9/ai_plastic_waste_management_training/PET Plastic/shampoo_bottles/0050_a05b00c2d0e1f1g0h1.jpg,2,PET Plastic,2,PET Plastic,0.9999996423721313,3.222459383778187e-07,5.353141485642254e-09,0.9999996423721313,1.8232402254625413e-09,1.3637583284875632e-09
"/Users/aswanathjs/Downloads/test9/ai_plastic_waste_management_training/PET Plastic/plastic_bottles/PET1,148.jpg",2,PET Plastic,2,PET Plastic,0.9999995231628418,6.949636599529185e-08,2.3089934586550953e-07,0.9999995231628418,1.6395011925851577e-07,4.1137944606362e-08
"/Users/aswanathjs/Downloads/test9/ai_plastic_waste_management_training/PET Plastic/plastic_bottles/PET1,565.jpg",2,PET Plastic,2,PET Plastic,0.9999949932098389,1.7356914838728699e-07,4.619851551979082e-06,0.9999949932098389,1.9967991704561427e-07,7.640134214170757e-08
/Users/aswanathjs/Downloads/test9/ai_plastic_waste_management_training/HDPE Plastic/milk_bottles/HDPEM264.jpg,0,HDPE Plastic,0,HDPE Plastic,1.0,1.0,7.064413724139351e-12,8.52595594125205e-09,9.523008159817437e-09,5.167583028153899e-10
/Users/aswanathjs/Downloads/test9/ai_plastic_waste_management_training/PET Plastic/shampoo_bottles/0080_a05b00c1d0e0f1g0h2.jpg,2,PET Plastic,2,PET Plastic,0.997669517993927,0.00161952234338969,4.553584221866913e-05,0.997669517993927,0.0006335022626444697,3.193688462488353e-05
/Users/aswanathjs/Downloads/test9/ai_plastic_waste_management_training/LDPE Plastic/plastic_bags/plasticbag (118) 17.43.56.jpg,1,LDPE Plastic,1,LDPE Plastic,0.9999867677688599,7.652730715790312e-08,0.9999867677688599,1.1790982625825563e-06,7.267875844263472e-06,4.666711902245879e-06
/Users/aswanathjs/Downloads/test9/ai_plastic_waste_management_training/LDPE Plastic/plastic_bags/LDPE-377_jpg.rf.7c281f7d4ab04cda5775eb575536e268.jpg,1,LDPE Plastic,1,LDPE Plastic,0.9999467134475708,1.941936488947249e-06,0.9999467134475708,5.2988498282502405e-06,8.97990230441792e-06,3.705006747622974e-05
/Users/aswanathjs/Downloads/test9/ai_plastic_waste_management_training/PP Plastic/round_containers/IMG_20220210_105850.jpg,3,PP Plastic,3,PP Plastic,0.9999793767929077,8.37892912386451e-06,2.6904026526608504e-06,8.602632988186087e-06,0.9999793767929077,9.265412472814205e-07
/Users/aswanathjs/Downloads/test9/ai_plastic_waste_management_training/PET Plastic/plastic_bottles/PET302.jpg,2,PET Plastic,2,PET Plastic,0.9999973773956299,2.310573336217203e-06,1.9570217446585048e-08,0.9999973773956299,3.3212415928574046e-07,1.3119383357462766e-09
/Users/aswanathjs/Downloads/test9/ai_plastic_waste_management_training/HDPE Plastic/detergent_bottles/0010_a02b01c1d2e0f1g0h0.jpg,0,HDPE Plastic,0,HDPE Plastic,0.9999995231628418,0.9999995231628418,2.4603590276228715e-09,3.32077377152018e-07,1.124808193253557e-07,3.975674012224317e-09
/Users/aswanathjs/Downloads/test9/ai_plastic_waste_management_training/PET Plastic/plastic_bottles/PET324.jpg,2,PET Plastic,2,PET Plastic,0.9998764991760254,3.805418373303837e-06,0.0001027034450089559,0.9998764991760254,1.6208827219088562e-05,7.565838586742757e-07
/Users/aswanathjs/Downloads/test9/ai_plastic_waste_management_training/HDPE Plastic/milk_bottles/HDPEM30.jpg,0,HDPE Plastic,0,HDPE Plastic,0.9999977350234985,0.9999977350234985,2.5473173792534e-08,3.3133562737930333e-07,9.204188131661795e-07,9.666765663496335e-07
/Users/aswanathjs/Downloads/test9/ai_plastic_waste_management_training/PS Plastic/foam_containers/Image_39.png,4,PS Plastic,3,PP Plastic,0.5740062594413757,0.029299616813659668,0.10335462540388107,0.004348088055849075,0.5740062594413757,0.28899145126342773
/Users/aswanathjs/Downloads/test9/ai_plastic_waste_management_training/HDPE Plastic/milk_bottles/HDPEM280.jpg,0,HDPE Plastic,0,HDPE Plastic,1.0,1.0,8.765825386522139e-14,1.5468699238185835e-11,7.349425972316692e-13,5.439817975412542e-13
/Users/aswanathjs/Downloads/test9/ai_plastic_waste_management_training/LDPE Plastic/plastic_bags/LDPE-568_jpg.rf.65f4ca9651e5106181591696f8e2a905.jpg,1,LDPE Plastic,1,LDPE Plastic,0.9995406866073608,2.2650630853604525e-05,0.9995406866073608,0.00012684924877248704,0.00019048342073801905,0.00011929335596505553
/Users/aswanathjs/Downloads/test9/ai_plastic_waste_management_training/PP Plastic/square_containers/IMG_20220209_175331.jpg,3,PP Plastic,3,PP Plastic,0.9999240636825562,7.430717960232869e-05,9.052673277665235e-08,1.3256201327749295e-06,0.9999240636825562,2.0721618909647077e-07
/Users/aswanathjs/Downloads/test9/ai_plastic_waste_management_training/LDPE Plastic/plastic_bags/plasticbag (49).jpg,1,LDPE Plastic,1,LDPE Plastic,0.999921441078186,4.2431284441590833e-07,0.999921441078186,3.7896629123679304e-07,6.174822920002043e-05,1.5953883121255785e-05
/Users/aswanathjs/Downloads/test9/ai_plastic_waste_management_training/PP Plastic/round_containers/0043_a06b01c1d3e0f0g0h0.jpg,3,PP Plastic,3,PP Plastic,0.9998569488525391,6.854059756733477e-05,3.919739174307324e-05,2.454005334584508e-05,0.9998569488525391,1.0743477105279453e-05
/Users/aswanathjs/Downloads/test9/ai_plastic_waste_management_training/PP Plastic/round_containers_grey/0043_a06b01c1d3e0f0g0h0.jpg,3,PP Plastic,3,PP Plastic,0.999913215637207,3.6120991353527643e-06,7.37730588298291e-05,6.212945208972087e-06,0.999913215637207,3.2198079225054244e-06
/Users/aswanathjs/Downloads/test9/ai_plastic_waste_management_training/PS Plastic/foam_containers/Image_145.png,4,PS Plastic,4,PS Plastic,0.4837978184223175,0.02985440567135811,0.16584651172161102,0.00255451537668705,0.31794679164886475,0.4837978184223175
/Users/aswanathjs/Downloads/test9/ai_plastic_waste_management_training/PET Plastic/plastic_bottles/PET479.jpg,2,PET Plastic,2,PET Plastic,0.9999947547912598,1.2788441381417215e-06,8.641958402222372e-07,0.9999947547912598,2.6560810511000454e-06,3.362540326179442e-07
/Users/aswanathjs/Downloads/test9/ai_plastic_waste_management_training/HDPE Plastic/milk_bottles/HDPEM208.jpg,0,HDPE Plastic,0,HDPE Plastic,1.0,1.0,7.53384798990453e-10,2.4820716149065447e-08,7.80474973538503e-09,3.6265440428451257e-08
/Users/aswanathjs/Downloads/test9/ai_plastic_waste_management_training/PP Plastic/square_containers/Image_228.png,3,PP Plastic,3,PP Plastic,0.9954160451889038,0.0028814454562962055,0.001554587041027844,4.066570909344591e-05,0.9954160451889038,0.00010725611355155706
/Users/aswanathjs/Downloads/test9/ai_plastic_waste_management_training/PS Plastic/foam_containers/Image_228.png,3,PP Plastic,3,PP Plastic,0.46022936701774597,0.03789375722408295,0.21757164597511292,0.008016765117645264,0.46022936701774597,0.2762885093688965
/Users/aswanathjs/Downloads/test9/ai_plastic_waste_management_training/PS Plastic/foam_sheets/foamsheet.jpg,4,PS Plastic,4,PS Plastic,0.9999967813491821,2.655885964486515e-06,4.828160626857425e-07,8.508907001214538e-08,1.094777490884269e-09,0.9999967813491821
/Users/aswanathjs/Downloads/test9/ai_plastic_waste_management_training/PS Plastic/form_sheets_grey/foamsheet.jpg,4,PS Plastic,4,PS Plastic,0.9998279809951782,5.067378515377641e-05,0.00012058178253937513,6.902045015522162e-07,8.240079552024326e-08,0.9998279809951782
/Users/aswanathjs/Downloads/test9/ai_plastic_waste_management_training/LDPE Plastic/plastic_bags/plasticbag (71).jpg,1,LDPE Plastic,1,LDPE Plastic,0.9958218336105347,4.172664830548456e-06,0.9958218336105347,0.004072720184922218,7.1210517489817e-05,3.0036313546588644e-05
/Users/aswanathjs/Downloads/test9/ai_plastic_waste_management_training/PP Plastic/irregular_containers/0036_a05b00c2d0e0f0g0h1.jpg,3,PP Plastic,3,PP Plastic,0.997798502445221,4.965398329659365e-05,0.0018820735858753324,0.0002510036574676633,0.997798502445221,1.8764529158943333e-05
/Users/aswanathjs/Downloads/test9/ai_plastic_waste_management_training/LDPE Plastic/black_white__plastic_bags/0105_jpg.rf.21aeef1d5208ba0839bf05b506762f44.jpg,1,LDPE Plastic,1,LDPE Plastic,0.9998960494995117,2.009713170991745e-06,0.9998960494995117,1.7604445019969717e-05,8.841801900416613e-06,7.548092253273353e-05
/Users/aswanathjs/Downloads/test9/ai_plastic_waste_management_training/PP Plastic/round_containers/0035_a06b01c1d3e0f0g0h2.jpg,3,PP Plastic,3,PP Plastic,0.9999227523803711,3.08325033984147e-05,4.378178346087225e-06,2.7527597922016867e-05,0.9999227523803711,1.4431568160944153e-05
/Users/aswanathjs/Downloads/test9/ai_plastic_waste_management_training/PS Plastic/foam_sheets/PS-882_jpg.rf.74953b48021aa966c3893e148b2753d4.jpg,4,PS Plastic,4,PS Plastic,1.0,2.225928952270806e-08,7.055183659510078e-10,9.529254052509373e-10,1.7460680679093343e-09,1.0
/Users/aswanathjs/Downloads/test9/ai_plastic_waste_management_training/LDPE Plastic/black_white__plastic_bags/0160_jpg.rf.4123771222164c2fe026e8c6719c7bcd.jpg,1,LDPE Plastic,1,LDPE Plastic,0.9995881915092468,3.826548345386982e-05,0.9995881915092468,0.0001366571814287454,0.00015153485583141446,8.537788380635902e-05
/Users/aswanathjs/Downloads/test9/ai_plastic_waste_management_training/PET Plastic/black_white_plastic_bottles/bhanr_jpg.rf.ee884277ff9f91fb1c596021193171db.jpg,2,PET Plastic,2,PET Plastic,0.9999969005584717,2.6533396066952264e-06,1.2326054843470047e-07,0.9999969005584717,2.907540022079047e-07,9.403927236917298e-08
/Users/aswanathjs/Downloads/test9/ai_plastic_waste_management_training/HDPE Plastic/shampoo_bottles/0075_a02b01c2d0e0f0g0h3.jpg,0,HDPE Plastic,0,HDPE Plastic,0.9982155561447144,0.9982155561447144,0.0002704711223486811,0.0005211992538534105,0.0009440270368941128,4.884791997028515e-05
/Users/aswanathjs/Downloads/test9/ai_plastic_waste_management_training/PS Plastic/foam_sheets/IMG_9378_JPG.rf.c86604c3ffa09370e2ba29c94a19d6db.jpg,4,PS Plastic,4,PS Plastic,0.9999436140060425,4.157279818173265e-07,2.7276867058390053e-06,3.250381951147574e-06,5.0030535931000486e-05,0.9999436140060425
/Users/aswanathjs/Downloads/test9/ai_plastic_waste_management_training/PS Plastic/foam_sheets/IMG_9378_JPG.rf.edd19613d2311e1102cceca4b7efd0e4.jpg,4,PS Plastic,4,PS Plastic,0.9999996423721313,3.125190417563317e-08,1.7519273853849882e-07,7.295308535049116e-08,5.095424171486229e-08,0.9999996423721313
/Users/aswanathjs/Downloads/test9/ai_plastic_waste_management_training/PS Plastic/foam_sheets/IMG_9378_JPG.rf.aa353879abc9669517550c2fdc7f44c2.jpg,4,PS Plastic,4,PS Plastic,0.9998878240585327,2.6461466404725797e-06,9.746391151566058e-05,1.1505381735332776e-05,4.625057954399381e-07,0.9998878240585327
/Users/aswanathjs/Downloads/test9/ai_plastic_waste_management_training/LDPE Plastic/plastic_bags/plasticbag (24).jpg,1,LDPE Plastic,1,LDPE Plastic,0.9999891519546509,6.934976681804983e-07,0.9999891519546509,3.3442094604652084e-07,9.12284212972736e-06,6.143995392449142e-07
/Users/aswanathjs/Downloads/test9/ai_plastic_waste_management_training/LDPE Plastic/plastic_bags/plasticbag (85).jpg,1,LDPE Plastic,1,LDPE Plastic,0.9999935626983643,2.2029958302027808e-07,0.9999935626983643,5.120583409734536e-06,8.046720267884666e-07,2.7861545959240175e-07
/Users/aswanathjs/Downloads/test9/ai_plastic_waste_management_training/PET Plastic/black_white_plastic_bottles/achnp_jpg.rf.cf9480750ee414a409b6c70bb12ebe17.jpg,2,PET Plastic,2,PET Plastic,0.9999693632125854,4.40112692956518e-08,3.0332437745528296e-05,0.9999693632125854,2.3276632532542862e-07,3.878651000377431e-08
/Users/aswanathjs/Downloads/test9/ai_plastic_waste_management_training/PP Plastic/round_containers/IMG_20220209_174420.jpg,3,PP Plastic,3,PP Plastic,0.9999665021896362,1.687053736532107e-05,1.3392255823418964e-05,3.1546712762065e-06,0.9999665021896362,1.7661143658642686e-07
/Users/aswanathjs/Downloads/test9/ai_plastic_waste_management_training/PET Plastic/shampoo_bottles/0015_a05b00c2d0e1f1g0h2.jpg,2,PET Plastic,2,PET Plastic,0.9991620779037476,0.0007034424925222993,9.338207746623084e-06,0.9991620779037476,8.815713954390958e-05,3.6896966776112095e-05
/Users/aswanathjs/Downloads/test9/ai_plastic_waste_management_training/HDPE Plastic/shampoo_bottiles_grey/0063_a02b01c1d2e0f1g1h1.jpg,0,HDPE Plastic,0,HDPE Plastic,0.999958872795105,0.999958872795105,4.807064328815613e-07,1.7176131450469256e-07,4.030334821436554e-05,2.7065635777034913e-07
/Users/aswanathjs/Downloads/test9/ai_plastic_waste_management_training/HDPE Plastic/shampoo_bottles/0063_a02b01c1d2e0f1g1h1.jpg,0,HDPE Plastic,0,HDPE Plastic,0.9999393224716187,0.9999393224716187,5.373966516231121e-08,1.234579229958399e-07,6.029515861882828e-05,1.9729384348465828e-07
/Users/aswanathjs/Downloads/test9/ai_plastic_waste_management_training/HDPE Plastic/milk_bottles/P_W (1036).jpg,0,HDPE Plastic,0,HDPE Plastic,0.999985933303833,0.999985933303833,1.6494752230755694e-07,7.200205800472759e-06,5.149780463398201e-06,1.6022956970118685e-06
/Users/aswanathjs/Downloads/test9/ai_plastic_waste_management_training/PET Plastic/black_white_plastic_bottles/aljsh_jpg.rf.a71869b0fd1d06684b543f2d84022ff6.jpg,2,PET Plastic,2,PET Plastic,0.9999992847442627,5.795310471512494e-07,6.31092156311297e-09,0.9999992847442627,7.753646968922112e-08,2.5401842407291042e-08
/Users/aswanathjs/Downloads/test9/ai_plastic_waste_management_training/PS Plastic/foam_sheets/PS-515_jpg.rf.7172808d5bae73f679d487c029560e9d.jpg,4,PS Plastic,4,PS Plastic,0.9999998807907104,6.70412418912747e-08,5.015736714852892e-09,6.572946187333173e-09,4.101939676814936e-09,0.9999998807907104
/Users/aswanathjs/Downloads/test9/ai_plastic_waste_management_training/PP Plastic/rectangle_containers/0011_a05b00c2d0e0f0g0h1.jpg,3,PP Plastic,3,PP Plastic,0.999991774559021,2.493708052497823e-06,2.6939587769447826e-06,1.5918142253212864e-06,0.999991774559021,1.4307942137747887e-06
/Users/aswanathjs/Downloads/test9/ai_plastic_waste_management_training/PP Plastic/square_containers/0011_a05b00c2d0e0f0g0h1.jpg,3,PP Plastic,3,PP Plastic,0.999991774559021,2.493708052497823e-06,2.6939587769447826e-06,1.5918142253212864e-06,0.999991774559021,1.4307942137747887e-06
/Users/aswanathjs/Downloads/test9/ai_plastic_waste_management_training/PP Plastic/round_containers/IMG_20220209_174505.jpg,3,PP Plastic,3,PP Plastic,0.9991632699966431,0.0007221241830848157,8.055646503635217e-06,0.00010430863039800897,0.9991632699966431,2.169246045014006e-06
/Users/aswanathjs/Downloads/test9/ai_plastic_waste_management_training/PET Plastic/black_white_plastic_bottles/byvnf_jpg.rf.caefe86d601fcef65caa30cf82d6aee0.jpg,2,PET Plastic,2,PET Plastic,0.999997615814209,1.4602169358113315e-06,1.4006637627517193e-07,0.999997615814209,5.2019828444827e-07,2.4193869307964633e-07
/Users/aswanathjs/Downloads/test9/ai_plastic_waste_management_training/LDPE Plastic/bubble_wrap/train_LDPE-92_jpg.rf.70dbf389d730d4d2c1a55cd094ab60d9.jpg,1,LDPE Plastic,1,LDPE Plastic,0.9999997615814209,1.2416747097176994e-07,0.9999997615814209,8.726830458272161e-08,3.2900338009511643e-09,2.1082627199575654e-08
/Users/aswanathjs/Downloads/test9/ai_plastic_waste_management_training/LDPE Plastic/bin_bags/Image_219.png,1,LDPE Plastic,1,LDPE Plastic,0.9419236183166504,0.04218757897615433,0.9419236183166504,0.00963765848428011,0.004319286905229092,0.0019318583654239774
/Users/aswanathjs/Downloads/test9/ai_plastic_waste_management_training/PP Plastic/square_containers/Image_219.png,1,LDPE Plastic,1,LDPE Plastic,0.5815750956535339,0.021835442632436752,0.5815750956535339,0.0005627582431770861,0.37949565052986145,0.01653103716671467
/Users/aswanathjs/Downloads/test9/ai_plastic_waste_management_training/PS Plastic/foam_containers/Image_219.png,1,LDPE Plastic,1,LDPE Plastic,0.46603697538375854,0.07678554207086563,0.46603697538375854,0.012231982313096523,0.24545499682426453,0.19949039816856384
/Users/aswanathjs/Downloads/test9/ai_plastic_waste_management_training/HDPE Plastic/detergent_bottles/0096_a02b04c2d1e0f0g0h4.jpg,0,HDPE Plastic,0,HDPE Plastic,0.9999998807907104,0.9999998807907104,5.513804413048717e-10,1.8255024158975175e-09,1.2080975864137145e-07,6.196357871246505e-10
/Users/aswanathjs/Downloads/test9/ai_plastic_waste_management_training/HDPE Plastic/milk_bottles/HDPEM31.jpg,0,HDPE Plastic,0,HDPE Plastic,1.0,1.0,1.3603663551534084e-12,2.8742136448656197e-10,8.283183167145935e-11,1.5552341359192923e-10
/Users/aswanathjs/Downloads/test9/ai_plastic_waste_management_training/PS Plastic/foam_sheets/Plastic_370_jpg.rf.29b9ad62cb808ae80031277f13245cd5.jpg,4,PS Plastic,4,PS Plastic,0.9999775886535645,1.6454552678624168e-05,4.22444827563595e-06,1.726466734908172e-06,4.0744886575794226e-08,0.9999775886535645
/Users/aswanathjs/Downloads/test9/ai_plastic_waste_management_training/HDPE Plastic/milk_bottles/HDPEM123.jpg,0,HDPE Plastic,0,HDPE Plastic,0.999996542930603,0.999996542930603,7.3396235755751604e-09,8.084327305368788e-07,2.6693408017308684e-06,5.477252074115313e-08
/Users/aswanathjs/Downloads/test9/ai_plastic_waste_management_training/HDPE Plastic/detergent_bottles/0096_a02b04c2d3e0f0g0h3.jpg,0,HDPE Plastic,0,HDPE Plastic,1.0,1.0,9.207626929788257e-14,1.8730163253710685e-11,3.331658560146167e-11,2.808009684149293e-12
/Users/aswanathjs/Downloads/test9/ai_plastic_waste_management_training/PET Plastic/plastic_bottles/PET461.jpg,2,PET Plastic,2,PET Plastic,0.9999743700027466,4.832306785829132e-06,1.9676456304296153e-06,0.9999743700027466,1.2222058103361633e-05,6.633367320318939e-06
/Users/aswanathjs/Downloads/test9/ai_plastic_waste_management_training/PET Plastic/plastic_bottles/PET346.jpg,2,PET Plastic,2,PET Plastic,0.9999997615814209,6.701217358795475e-09,2.754129866389121e-07,0.9999997615814209,1.6246420875276613e-09,2.789404707215226e-09
"/Users/aswanathjs/Downloads/test9/ai_plastic_waste_management_training/PET Plastic/plastic_bottles/PET1,375.jpg",2,PET Plastic,2,PET Plastic,0.9999948740005493,4.951127721142257e-06,6.600124446975997e-09,0.9999948740005493,5.3382933629109175e-08,3.442600871039758e-08
/Users/aswanathjs/Downloads/test9/ai_plastic_waste_management_training/LDPE Plastic/plastic_bags/train_LDPE-58_jpg.rf.dc6a91c8a627a6c867d948465df5c5c4.jpg,1,LDPE Plastic,1,LDPE Plastic,0.9988595247268677,5.89540068176575e-05,0.9988595247268677,0.0002495171211194247,3.667931378004141e-05,0.0007953612948767841
/Users/aswanathjs/Downloads/test9/ai_plastic_waste_management_training/PP Plastic/rectangle_containers/train_PP-80-_jpg.rf.009061e32bd8418b0d380afb048674bc.jpg,3,PP Plastic,3,PP Plastic,0.995732843875885,0.003514758078381419,0.0005309183616191149,0.00018898406415246427,0.995732843875885,3.244115941924974e-05
/Users/aswanathjs/Downloads/test9/ai_plastic_waste_management_training/HDPE Plastic/shampoo_bottles/0075_a02b01c2d1e0f0g0h0.jpg,0,HDPE Plastic,0,HDPE Plastic,0.9999858140945435,0.9999858140945435,8.231440347117314e-07,1.1147451004944742e-05,1.7528363969177008e-06,3.6740186715178424e-07
"/Users/aswanathjs/Downloads/test9/ai_plastic_waste_management_training/PET Plastic/plastic_bottles/PET1,614.jpg",2,PET Plastic,2,PET Plastic,0.999458372592926,2.133624548150692e-05,0.0004377825534902513,0.999458372592926,7.15853093424812e-05,1.0924459274974652e-05
/Users/aswanathjs/Downloads/test9/ai_plastic_waste_management_training/HDPE Plastic/shampoo_bottiles_grey/0075_a02b01c1d2e0f0g0h4.jpg,0,HDPE Plastic,0,HDPE Plastic,0.9992080330848694,0.9992080330848694,2.9754815841442905e-05,1.1146474207635038e-05,0.0007439545588567853,7.199546871561324e-06
/Users/aswanathjs/Downloads/test9/ai_plastic_waste_management_training/HDPE Plastic/shampoo_bottles/0075_a02b01c1d2e0f0g0h4.jpg,0,HDPE Plastic,0,HDPE Plastic,0.9999306201934814,0.9999306201934814,8.415642014369951e-07,7.757079401926603e-06,5.750013588112779e-05,3.390281108295312e-06
/Users/aswanathjs/Downloads/test9/ai_plastic_waste_management_training/LDPE Plastic/plastic_bags/LDPE-220_jpg.rf.75bbbbc4b0c7b5ee4ea92b27daaa4ed0.jpg,1,LDPE Plastic,1,LDPE Plastic,0.9993441700935364,2.5276893211412244e-05,0.9993441700935364,0.00013352118548937142,0.0004373223928268999,5.9697176766349e-05
"/Users/aswanathjs/Downloads/test9/ai_plastic_waste_management_training/PET Plastic/plastic_bottles/PET1,653.jpg",2,PET Plastic,2,PET Plastic,1.0,8.084262148599919e-09,9.991702576428452e-09,1.0,8.453412192466203e-09,3.4418798366964154e-10
/Users/aswanathjs/Downloads/test9/ai_plastic_waste_management_training/HDPE Plastic/shampoo_bottles/0099_a02b01c1d2e0f1g0h1.jpg,0,HDPE Plastic,0,HDPE Plastic,0.9999815225601196,0.9999815225601196,1.3652592834034749e-08,7.981800081324764e-06,1.0471726454852615e-05,1.8544007218679326e-08
/Users/aswanathjs/Downloads/test9/ai_plastic_waste_management_training/PET Plastic/black_white_plastic_bottles/airgu_jpg.rf.44b78e02a39e62eeb61c11fe3098a245.jpg,2,PET Plastic,2,PET Plastic,0.9999687671661377,1.383780841024418e-06,6.686261258437298e-06,0.9999687671661377,2.0536157535389066e-05,2.7245780529483454e-06
/Users/aswanathjs/Downloads/test9/ai_plastic_waste_management_training/HDPE Plastic/milk_bottles/HDPEM140.jpg,0,HDPE Plastic,0,HDPE Plastic,1.0,1.0,5.3669600014183416e-11,1.1148017620143946e-08,8.454944300240186e-09,7.634760601504809e-10
/Users/aswanathjs/Downloads/test9/ai_plastic_waste_management_training/PS Plastic/foam_containers/Image_223.png,4,PS Plastic,4,PS Plastic,0.6499140858650208,0.024013493210077286,0.056735653430223465,0.0025176203344017267,0.26681917905807495,0.6499140858650208
/Users/aswanathjs/Downloads/test9/ai_plastic_waste_management_training/HDPE Plastic/detergent_bottles/0039_a02b01c1d2e0f1g0h3.jpg,0,HDPE Plastic,0,HDPE Plastic,0.9999986886978149,0.9999986886978149,5.911869216390642e-09,1.168826770481246e-06,1.2568634133458545e-07,6.8899312921644196e-09
/Users/aswanathjs/Downloads/test9/ai_plastic_waste_management_training/PET Plastic/plastic_bottles/PET296.jpg,2,PET Plastic,2,PET Plastic,0.9999996423721313,3.1263887478871766e-08,2.616129535226719e-08,0.9999996423721313,3.7849676459700277e-07,4.292534772076806e-09
/Users/aswanathjs/Downloads/test9/ai_plastic_waste_management_training/PP Plastic/round_containers/0022_a05b00c1d0e0f0g0h3.jpg,3,PP Plastic,3,PP Plastic,0.9986847043037415,0.00021930626826360822,0.00038147950544953346,0.0005157984560355544,0.9986847043037415,0.00019876523583661765
/Users/aswanathjs/Downloads/test9/ai_plastic_waste_management_training/LDPE Plastic/plastic_bags_grey/LDPE-768_jpg.rf.1c59b3b55f7c92e5e286990b75fe78a3.jpg,1,LDPE Plastic,1,LDPE Plastic,0.9998743534088135,5.873862846783595e-06,0.9998743534088135,2.477799898770172e-05,7.446842209901661e-05,2.0466553905862384e-05
/Users/aswanathjs/Downloads/test9/ai_plastic_waste_management_training/LDPE Plastic/plastic_bags/LDPE-768_jpg.rf.1c59b3b55f7c92e5e286990b75fe78a3.jpg,1,LDPE Plastic,1,LDPE Plastic,0.9998475313186646,6.146557097963523e-06,0.9998475313186646,2.4899327399907634e-05,0.00010698731784941629,1.4310920960269868e-05
/Users/aswanathjs/Downloads/test9/ai_plastic_waste_management_training/PP Plastic/irregular_containers/0036_a05b00c1d0e0f0g0h2.jpg,3,PP Plastic,3,PP Plastic,0.9999972581863403,4.709904430910683e-07,1.1020073316103662e-06,4.617736522050109e-07,0.9999972581863403,6.969827950342733e-07
/Users/aswanathjs/Downloads/test9/ai_plastic_waste_management_training/LDPE Plastic/black_white__plastic_bags/0265_jpg.rf.8d220bb1d146aed3a954f2359b4b5923.jpg,1,LDPE Plastic,1,LDPE Plastic,0.9999055862426758,3.0230628453864483e-06,0.9999055862426758,1.4475373063760344e-05,2.207798161180108e-06,7.459634798578918e-05
/Users/aswanathjs/Downloads/test9/ai_plastic_waste_management_training/PP Plastic/round_containers/IMG_20220209_175540.jpg,3,PP Plastic,3,PP Plastic,0.9998780488967896,0.00010560794180491939,3.384488763913396e-06,1.2579243048094213e-05,0.9998780488967896,3.8198757579266385e-07
/Users/aswanathjs/Downloads/test9/ai_plastic_waste_management_training/PP Plastic/round_containers/0022_a05b00c2d1e0f0g0h4.jpg,3,PP Plastic,3,PP Plastic,0.9998365640640259,1.4624839423049707e-05,4.701981015386991e-05,7.898012700024992e-05,0.9998365640640259,2.2807507775723934e-05
/Users/aswanathjs/Downloads/test9/ai_plastic_waste_management_training/PET Plastic/black_white_plastic_bottles/cypqz_jpg.rf.efe25dbb56844f1b8bd4b1430ae86d94.jpg,2,PET Plastic,2,PET Plastic,0.9934305548667908,9.226090332958847e-05,0.0061014387756586075,0.9934305548667908,0.00017604212916921824,0.00019970665744040161
/Users/aswanathjs/Downloads/test9/ai_plastic_waste_management_training/PET Plastic/black_white_plastic_bottles/diqoz_jpg.rf.0f4bd51b84d81c843ad2f8848e17e0e4.jpg,2,PET Plastic,2,PET Plastic,0.998468816280365,0.0001783264015102759,0.0004085928376298398,0.998468816280365,0.0006907153292559087,0.0002535032108426094
/Users/aswanathjs/Downloads/test9/ai_plastic_waste_management_training/HDPE Plastic/detergent_bottles/0010_a02b01c2d0e0f1g0h3.jpg,0,HDPE Plastic,0,HDPE Plastic,0.9999990463256836,0.9999990463256836,9.008064516535796e-09,8.036288932089519e-07,9.823217084203861e-08,1.5033535305519763e-08
/Users/aswanathjs/Downloads/test9/ai_plastic_waste_management_training/LDPE Plastic/plastic_bags/plasticbag (62).jpg,1,LDPE Plastic,1,LDPE Plastic,0.9999996423721313,1.2834614260270882e-08,0.9999996423721313,6.959662179895076e-09,1.1371146513283747e-07,1.661883430870148e-07
/Users/aswanathjs/Downloads/test9/ai_plastic_waste_management_training/PP Plastic/round_containers/0031_a05b01c1d2e0f0g0h1.jpg,3,PP Plastic,3,PP Plastic,0.99992835521698,4.9809066695161164e-05,1.2604854418896139e-05,7.992595783434808e-06,0.99992835521698,1.2223564453961444e-06
/Users/aswanathjs/Downloads/test9/ai_plastic_waste_management_training/PP Plastic/round_containers_grey/0031_a05b01c1d2e0f0g0h1.jpg,3,PP Plastic,3,PP Plastic,0.9998857975006104,1.2999065802432597e-05,9.40477111726068e-05,6.0571646827156655e-06,0.9998857975006104,1.031485680869082e-06
/Users/aswanathjs/Downloads/test9/ai_plastic_waste_management_training/PET Plastic/black_white_plastic_bottles/cyfjr_jpg.rf.2f0dda5c36837a619a85df9366e7734f.jpg,2,PET Plastic,2,PET Plastic,0.9999978542327881,1.2371147306566854e-07,8.814694751890784e-07,0.9999978542327881,7.41320889119379e-07,3.4834960160878836e-07
/Users/aswanathjs/Downloads/test9/ai_plastic_waste_management_training/PET Plastic/shampoo_bottles/0100_a05b00c2d1e0f0g0h0.jpg,2,PET Plastic,2,PET Plastic,0.9982911944389343,0.00011235418060095981,6.929350638529286e-05,0.9982911944389343,0.0014878826914355159,3.924320117221214e-05
/Users/aswanathjs/Downloads/test9/ai_plastic_waste_management_training/LDPE Plastic/plastic_bags/LDPE-160_jpg.rf.713715b3764d477f13b79c1c156717e6.jpg,1,LDPE Plastic,1,LDPE Plastic,0.9998121857643127,7.754459147690795e-06,0.9998121857643127,6.96566203259863e-05,5.336970207281411e-05,5.704199429601431e-05
/Users/aswanathjs/Downloads/test9/ai_plastic_waste_management_training/PET Plastic/plastic_bottles/PET963.jpg,2,PET Plastic,2,PET Plastic,0.9999990463256836,3.42153683163815e-08,7.887216924018503e-08,0.9999990463256836,5.791839043922664e-07,1.9216425073409482e-07
/Users/aswanathjs/Downloads/test9/ai_plastic_waste_management_training/PET Plastic/shampoo_bottles/IMG_20220209_182844.jpg,2,PET Plastic,2,PET Plastic,0.9996503591537476,0.00020985532319173217,3.5864472010871395e-05,0.9996503591537476,0.00010236958041787148,1.514805489932769e-06
/Users/aswanathjs/Downloads/test9/ai_plastic_waste_management_training/PS Plastic/foam_sheets/PS-558_jpg.rf.08ae2d5e10696cea9901327ee6745750.jpg,4,PS Plastic,4,PS Plastic,0.999998927116394,4.89860838115419e-07,5.380741185945226e-07,1.796637683071367e-08,1.7415668907005966e-08,0.999998927116394
/Users/aswanathjs/Downloads/test9/ai_plastic_waste_management_training/PET Plastic/black_white_plastic_bottles/dbhgm_jpg.rf.49dbfa6e1676f82a0db14455f3ad4348.jpg,2,PET Plastic,2,PET Plastic,0.999997615814209,5.022886853112141e-07,8.414375542997732e-07,0.999997615814209,9.584862254996551e-07,1.3089231742924312e-07
/Users/aswanathjs/Downloads/test9/ai_plastic_waste_management_training/LDPE Plastic/plastic_bags/LDPE-243_jpg.rf.c7a544f891b9f058c66a8eef607bf96d.jpg,1,LDPE Plastic,1,LDPE Plastic,0.9996086955070496,1.5256394362950232e-05,0.9996086955070496,8.606806659372523e-05,0.00025790263316594064,3.2163770811166614e-05
"/Users/aswanathjs/Downloads/test9/ai_plastic_waste_management_training/PET Plastic/plastic_bottles/PET1,331.jpg",2,PET Plastic,2,PET Plastic,0.999016523361206,0.0009206363465636969,4.449974585440941e-05,0.999016523361206,1.4698353879794013e-05,3.677585709738196e-06
/Users/aswanathjs/Downloads/test9/ai_plastic_waste_management_training/PET Plastic/plastic_bottles/PET344.jpg,2,PET Plastic,2,PET Plastic,0.9999998807907104,1.0430012409301526e-08,6.547186615080136e-08,0.9999998807907104,1.0061049238174746e-07,5.349325427062013e-09
/Users/aswanathjs/Downloads/test9/ai_plastic_waste_management_training/HDPE Plastic/shampoo_bottles/0061_a02b01c2d1e0f1g0h4(1).jpg,0,HDPE Plastic,0,HDPE Plastic,1.0,1.0,6.290758929397566e-13,1.1306986597015012e-10,2.7749420816736148e-11,2.3206790655816434e-11
/Users/aswanathjs/Downloads/test9/ai_plastic_waste_management_training/HDPE Plastic/milk_bottles/HDPEM115.jpg,0,HDPE Plastic,0,HDPE Plastic,0.9999992847442627,0.9999992847442627,1.3312646540697415e-09,4.772991815116256e-07,2.643957941472763e-07,7.994950479428553e-09
/Users/aswanathjs/Downloads/test9/ai_plastic_waste_management_training/LDPE Plastic/plastic_bags/LDPE-649_jpg.rf.c30dfafb621c96e4c215f72083db871b.jpg,1,LDPE Plastic,1,LDPE Plastic,0.9997380375862122,7.090659437380964e-06,0.9997380375862122,3.253058093832806e-05,0.00020959631365258247,1.2663971574511379e-05
/Users/aswanathjs/Downloads/test9/ai_plastic_waste_management_training/HDPE Plastic/milk_bottles/HDPEM273.jpg,0,HDPE Plastic,0,HDPE Plastic,0.9999867677688599,0.9999867677688599,2.9021348879609832e-08,2.2244526007852983e-06,1.0846943041542545e-05,1.1471282590491683e-07
"/Users/aswanathjs/Downloads/test9/ai_plastic_waste_management_training/PET Plastic/plastic_bottles/PET1,318.jpg",2,PET Plastic,2,PET Plastic,0.9861533641815186,0.0016900391783565283,7.536894554505125e-05,0.9861533641815186,0.012038812972605228,4.2379426304250956e-05
/Users/aswanathjs/Downloads/test9/ai_plastic_waste_management_training/LDPE Plastic/black_white__plastic_bags/0138_jpg.rf.c08eb75ce148d02891df48bd547959c1.jpg,1,LDPE Plastic,1,LDPE Plastic,0.9999992847442627,2.6379096240702893e-08,0.9999992847442627,3.490185918053612e-08,7.340473473504971e-08,4.840482574763882e-07
"/Users/aswanathjs/Downloads/test9/ai_plastic_waste_management_training/PET Plastic/plastic_bottles/PET1,719.jpg",2,PET Plastic,2,PET Plastic,1.0,4.961591554275557e-11,5.528045132763282e-09,1.0,4.055014934944978e-10,3.2459753634972444e-11
/Users/aswanathjs/Downloads/test9/ai_plastic_waste_management_training/HDPE Plastic/detergent_bottles/0096_a02b04c2d0e0f0g0h2.jpg,0,HDPE Plastic,0,HDPE Plastic,0.9997348189353943,0.9997348189353943,1.0642240795277758e-06,1.4341713722387794e-05,0.00024892351939342916,8.293640689771564e-07
/Users/aswanathjs/Downloads/test9/ai_plastic_waste_management_training/PS Plastic/form_containers_grey/0058_a06b01c1d3e0f0g0h1.jpg,4,PS Plastic,4,PS Plastic,0.7853255271911621,0.180215522646904,3.1752897484693676e-05,3.2215521059697494e-05,0.03439502790570259,0.7853255271911621
/Users/aswanathjs/Downloads/test9/ai_plastic_waste_management_training/PS Plastic/foam_containers/0058_a06b01c1d3e0f0g0h1.jpg,4,PS Plastic,4,PS Plastic,0.996951699256897,0.002259474480524659,5.790462296317855e-07,3.920349627151154e-06,0.000784283853136003,0.996951699256897
/Users/aswanathjs/Downloads/test9/ai_plastic_waste_management_training/HDPE Plastic/shampoo_bottles/0061_a02b01c2d0e0f1g0h4(1).jpg,0,HDPE Plastic,0,HDPE Plastic,0.9999847412109375,0.9999847412109375,3.912309054499019e-08,1.3661697266798e-05,1.0985185099343653e-06,3.409512601137976e-07
/Users/aswanathjs/Downloads/test9/ai_plastic_waste_management_training/PET Plastic/black_white_plastic_bottles/anthl_jpg.rf.618a418691ec4f2a10752d5a5af9eaa2.jpg,2,PET Plastic,2,PET Plastic,0.9999969005584717,1.0535197816352593e-06,3.459176696196664e-07,0.9999969005584717,4.4602202819987724e-07,1.2260595667612506e-06
/Users/aswanathjs/Downloads/test9/ai_plastic_waste_management_training/HDPE Plastic/shampoo_bottles/0023_a02b01c2d0e0f1g0h4.jpg,0,HDPE Plastic,0,HDPE Plastic,0.9999816417694092,0.9999816417694092,6.008947650570917e-08,1.5896432159934193e-05,2.2625133624387672e-06,2.1894686597079271e-07
/Users/aswanathjs/Downloads/test9/ai_plastic_waste_management_training/HDPE Plastic/detergent_bottles/0010_a02b01c2d1e0f1g0h0.jpg,0,HDPE Plastic,0,HDPE Plastic,1.0,1.0,1.8989736866315e-11,4.1071871237363666e-08,1.1835395996584452e-09,2.4565277589871926e-10
/Users/aswanathjs/Downloads/test9/ai_plastic_waste_management_training/LDPE Plastic/plastic_bags/LDPE-76_jpg.rf.b94a99e43f4a65c63957fe768a3063e3.jpg,1,LDPE Plastic,1,LDPE Plastic,0.9999074935913086,1.7308165070062387e-06,0.9999074935913086,2.1143008780200034e-05,6.074845077819191e-05,8.890726348909084e-06
/Users/aswanathjs/Downloads/test9/ai_plastic_waste_management_training/PS Plastic/foam_containers/Image_160.png,4,PS Plastic,3,PP Plastic,0.7086727023124695,0.009711110964417458,0.11356119811534882,0.00431634159758687,0.7086727023124695,0.16373857855796814
/Users/aswanathjs/Downloads/test9/ai_plastic_waste_management_training/PS Plastic/foam_containers/0058_a06b01c1d1e0f0g0h0.jpg,4,PS Plastic,4,PS Plastic,0.9999144077301025,5.393278843257576e-05,8.254898098414287e-09,9.081934848609308e-08,3.15371471515391e-05,0.9999144077301025
/Users/aswanathjs/Downloads/test9/ai_plastic_waste_management_training/PET Plastic/shampoo_bottles/0015_a05b00c1d1e1f1g0h3.jpg,2,PET Plastic,2,PET Plastic,0.9950065612792969,0.004383515566587448,9.24275373108685e-05,0.9950065612792969,0.0002871057658921927,0.00023029986186884344
"/Users/aswanathjs/Downloads/test9/ai_plastic_waste_management_training/PET Plastic/plastic_bottles/PET1,775.jpg",2,PET Plastic,2,PET Plastic,1.0,2.5067434794578958e-09,5.297553062888483e-09,1.0,3.929042868833221e-09,2.256465014838227e-10
/Users/aswanathjs/Downloads/test9/ai_plastic_waste_management_training/HDPE Plastic/detergent_bottles/0096_a02b04c2d3e0f0g0h4.jpg,0,HDPE Plastic,0,HDPE Plastic,0.9998076558113098,0.9998076558113098,1.5431215842909296e-06,1.8727376982496935e-06,0.00018609518883749843,2.8796087008231552e-06
"/Users/aswanathjs/Downloads/test9/ai_plastic_waste_management_training/PET Plastic/plastic_bottles/PET1,594.jpg",2,PET Plastic,2,PET Plastic,0.9969040751457214,0.0016672135097905993,0.001172951771877706,0.9969040751457214,0.00017950721667148173,7.630969776073471e-05
/Users/aswanathjs/Downloads/test9/ai_plastic_waste_management_training/PET Plastic/black_white_plastic_bottles/aqotb_jpg.rf.c0dc5bb2a5cf4ffb31fa0e859e5a519a.jpg,2,PET Plastic,2,PET Plastic,0.9999967813491821,3.08135611248872e-07,3.513747515171417e-07,0.9999967813491821,2.1182709133427124e-06,3.992537074282154e-07
/Users/aswanathjs/Downloads/test9/ai_plastic_waste_management_training/LDPE Plastic/plastic_bags/LDPE-295_jpg.rf.58c0c43d8113f93491fb12d4a19f641e.jpg,1,LDPE Plastic,1,LDPE Plastic,0.9996364116668701,5.647166290145833e-06,0.9996364116668701,9.421768481843174e-05,0.00023723987396806479,2.6494568373891525e-05
/Users/aswanathjs/Downloads/test9/ai_plastic_waste_management_training/PET Plastic/black_white_plastic_bottles/bipvn_jpg.rf.8753400b8d72c671b7b06e9f5ba20116.jpg,2,PET Plastic,2,PET Plastic,0.9999829530715942,6.149989530968014e-07,5.011461325921118e-06,0.9999829530715942,1.1219228326808661e-05,2.656699109593319e-07
/Users/aswanathjs/Downloads/test9/ai_plastic_waste_management_training/PET Plastic/plastic_bottles/PET959.jpg,2,PET Plastic,2,PET Plastic,0.9999982118606567,1.6868867191988102e-07,1.8175070692905138e-07,0.9999982118606567,1.114197175411391e-06,2.979214741571923e-07
/Users/aswanathjs/Downloads/test9/ai_plastic_waste_management_training/PET Plastic/plastic_bottles/PET503.jpg,2,PET Plastic,2,PET Plastic,0.9982165694236755,3.1397932616528124e-05,5.543100087379571e-06,0.9982165694236755,0.0017418711213395,4.5267447603691835e-06
/Users/aswanathjs/Downloads/test9/ai_plastic_waste_management_training/PP Plastic/round_containers/Image_196.png,3,PP Plastic,1,LDPE Plastic,0.4695940911769867,0.05820387974381447,0.4695940911769867,0.011621261015534401,0.45380160212516785,0.006779177580028772
/Users/aswanathjs/Downloads/test9/ai_plastic_waste_management_training/PP Plastic/round_containers_grey/Image_196.png,3,PP Plastic,1,LDPE Plastic,0.570233166217804,0.026214929297566414,0.570233166217804,0.009474297054111958,0.3915756940841675,0.0025019419845193624
/Users/aswanathjs/Downloads/test9/ai_plastic_waste_management_training/PS Plastic/foam_containers/Image_196.png,3,PP Plastic,4,PS Plastic,0.42931967973709106,0.06174001842737198,0.10373707860708237,0.007531018927693367,0.39767223596572876,0.42931967973709106
/Users/aswanathjs/Downloads/test9/ai_plastic_waste_management_training/PET Plastic/black_white_plastic_bottles/cmhqi_jpg.rf.e22d22662bb044b652113e15ccb216ea.jpg,2,PET Plastic,2,PET Plastic,0.9998807907104492,2.0277213934605243e-06,7.89767273090547e-06,0.9998807907104492,0.00010721496801124886,2.017578935920028e-06
/Users/aswanathjs/Downloads/test9/ai_plastic_waste_management_training/PP Plastic/square_containers_grey/Image_226.png,3,PP Plastic,3,PP Plastic,0.9994556307792664,0.00014170324720907956,0.000322675216011703,6.5069702941400465e-06,0.9994556307792664,7.350388477789238e-05
/Users/aswanathjs/Downloads/test9/ai_plastic_waste_management_training/PP Plastic/square_containers/Image_226.png,3,PP Plastic,3,PP Plastic,0.9994841814041138,0.0001530442532384768,0.00027819181559607387,6.360068709909683e-06,0.9994841814041138,7.820784230716527e-05
/Users/aswanathjs/Downloads/test9/ai_plastic_waste_management_training/PS Plastic/foam_containers/Image_226.png,3,PP Plastic,3,PP Plastic,0.587234616279602,0.02010040543973446,0.07852071523666382,0.003165337722748518,0.587234616279602,0.3109789490699768
/Users/aswanathjs/Downloads/test9/ai_plastic_waste_management_training/PET Plastic/black_white_plastic_bottles/drcax_jpg.rf.d16711fd73cf97a79c16a50a61b0fe80.jpg,2,PET Plastic,2,PET Plastic,0.9999970197677612,4.18347752884074e-07,5.74305147438281e-07,0.9999970197677612,1.3900843214287306e-06,6.169179869175423e-07
"/Users/aswanathjs/Downloads/test9/ai_plastic_waste_management_training/PET Plastic/plastic_bottles/PET1,550.jpg",2,PET Plastic,2,PET Plastic,0.9999918937683105,2.380096248089103e-06,4.333549895818578e-06,0.9999918937683105,9.74496060734964e-07,3.436255440192326e-07
/Users/aswanathjs/Downloads/test9/ai_plastic_waste_management_training/PS Plastic/foam_sheets/PS-586_jpg.rf.0241f484a2d521baaba25ddc7646ba94.jpg,4,PS Plastic,4,PS Plastic,0.9999998807907104,6.249717188211434e-08,2.435939805423004e-08,2.624425343711323e-09,1.487398870736456e-09,0.9999998807907104
/Users/aswanathjs/Downloads/test9/ai_plastic_waste_management_training/PP Plastic/round_containers/IMG_20220209_174635.jpg,3,PP Plastic,3,PP Plastic,0.9985736608505249,0.0006539315218105912,0.00037483448977582157,0.0003054268308915198,0.9985736608505249,9.212730947183445e-05
/Users/aswanathjs/Downloads/test9/ai_plastic_waste_management_training/LDPE Plastic/plastic_bags/plasticbag (194) 17.43.56.jpg,1,LDPE Plastic,1,LDPE Plastic,0.999980092048645,4.3498596369317966e-07,0.999980092048645,1.005996779213092e-07,1.7693786503514275e-05,1.68324118021701e-06
/Users/aswanathjs/Downloads/test9/ai_plastic_waste_management_training/LDPE Plastic/black_white__plastic_bags/0153_jpg.rf.a5d1ea2820218e501628141291f77051.jpg,1,LDPE Plastic,1,LDPE Plastic,0.9995866417884827,3.415409310036921e-06,0.9995866417884827,8.999955025501549e-05,0.00019833192345686257,0.00012164518557256088
/Users/aswanathjs/Downloads/test9/ai_plastic_waste_management_training/PET Plastic/plastic_bottles/PET282.jpg,2,PET Plastic,2,PET Plastic,0.9998940229415894,9.541726467432454e-05,6.1405035012285225e-06,0.9998940229415894,3.98536894863355e-06,4.3388627091189846e-07
/Users/aswanathjs/Downloads/test9/ai_plastic_waste_management_training/HDPE Plastic/milk_bottles/HDPEM448.jpg,0,HDPE Plastic,0,HDPE Plastic,0.9999998807907104,0.9999998807907104,1.7992224030094484e-11,6.970041965814744e-08,5.604214314836042e-10,2.080537686577344e-10
/Users/aswanathjs/Downloads/test9/ai_plastic_waste_management_training/HDPE Plastic/shampoo_bottles/0076_a02b06c2d1e0f1g0h2.jpg,0,HDPE Plastic,0,HDPE Plastic,0.9999992847442627,0.9999992847442627,4.020719313047039e-09,7.311831495826482e-07,2.3150574790520295e-08,3.646934843004601e-08
/Users/aswanathjs/Downloads/test9/ai_plastic_waste_management_training/HDPE Plastic/detergent_bottles/0096_a02b04c2d2e0f0g0h1.jpg,0,HDPE Plastic,0,HDPE Plastic,1.0,1.0,4.4589398295077735e-15,8.807690498159951e-14,5.836606697083579e-13,1.3303966184729978e-14
/Users/aswanathjs/Downloads/test9/ai_plastic_waste_management_training/LDPE Plastic/plastic_bags/plasticbag (84).jpg,1,LDPE Plastic,1,LDPE Plastic,0.9999830722808838,4.167596046045219e-08,0.9999830722808838,1.7475072127126623e-06,9.335298273072112e-06,5.895318281545769e-06
/Users/aswanathjs/Downloads/test9/ai_plastic_waste_management_training/LDPE Plastic/plastic_bags/plasticbag (176) 17.43.56.jpg,1,LDPE Plastic,1,LDPE Plastic,0.9998829364776611,2.2378588255378418e-05,0.9998829364776611,1.8621340132085606e-06,1.4532599379890598e-05,7.82395654823631e-05
/Users/aswanathjs/Downloads/test9/ai_plastic_waste_management_training/PET Plastic/black_white_plastic_bottles/cudqi_jpg.rf.ab2014716ce77e9d9072c34381cceb53.jpg,2,PET Plastic,2,PET Plastic,0.9999994039535522,7.045409944339553e-08,1.8512189114971989e-07,0.9999994039535522,3.340909415783244e-07,1.3649113839164784e-08
/Users/aswanathjs/Downloads/test9/ai_plastic_waste_management_training/LDPE Plastic/bin_bags/Image_52.png,1,LDPE Plastic,1,LDPE Plastic,0.9997764229774475,2.327196671103593e-05,0.9997764229774475,3.568781539797783e-05,0.0001541384990559891,1.0493378795217723e-05
/Users/aswanathjs/Downloads/test9/ai_plastic_waste_management_training/PS Plastic/form_containers_grey/Image_52.png,1,LDPE Plastic,1,LDPE Plastic,0.5598737001419067,0.05469983071088791,0.5598737001419067,0.009121430106461048,0.2480746954679489,0.12823034822940826
/Users/aswanathjs/Downloads/test9/ai_plastic_waste_management_training/PS Plastic/foam_containers/Image_52.png,1,LDPE Plastic,1,LDPE Plastic,0.5410363078117371,0.05381103977560997,0.5410363078117371,0.009216709062457085,0.2621564567089081,0.13377946615219116
/Users/aswanathjs/Downloads/test9/ai_plastic_waste_management_training/PET Plastic/shampoo_bottles/0050_a05b00c1d2e1f1g0h2.jpg,2,PET Plastic,2,PET Plastic,0.9999902248382568,2.188354983445606e-06,4.305600214138394e-06,0.9999902248382568,2.814801064232597e-06,4.5724274855274416e-07
/Users/aswanathjs/Downloads/test9/ai_plastic_waste_management_training/LDPE Plastic/black_white__plastic_bags/0023_jpg.rf.2e4a394f5d6d99485f595d6757c9a969.jpg,1,LDPE Plastic,1,LDPE Plastic,0.9999738931655884,3.186699757407041e-07,0.9999738931655884,1.47711916724802e-05,7.858098797441926e-06,3.152938461425947e-06
/Users/aswanathjs/Downloads/test9/ai_plastic_waste_management_training/PET Plastic/plastic_bottles/PET853.jpg,2,PET Plastic,2,PET Plastic,0.9999992847442627,2.8739783886067016e-08,6.434399324461992e-07,0.9999992847442627,1.5540100761768372e-08,2.1352096979398993e-08
/Users/aswanathjs/Downloads/test9/ai_plastic_waste_management_training/PS Plastic/foam_containers/Image_107.png,4,PS Plastic,3,PP Plastic,0.3748680353164673,0.05640457943081856,0.21309994161128998,0.011312516406178474,0.3748680353164673,0.34431493282318115
/Users/aswanathjs/Downloads/test9/ai_plastic_waste_management_training/LDPE Plastic/plastic_bags/plasticbag (149).jpg,1,LDPE Plastic,1,LDPE Plastic,0.9980884194374084,4.335205812822096e-05,0.9980884194374084,4.1496559788356535e-06,0.001804984174668789,5.9152982430532575e-05
"/Users/aswanathjs/Downloads/test9/ai_plastic_waste_management_training/PET Plastic/plastic_bottles/PET1,350.jpg",2,PET Plastic,2,PET Plastic,0.9998518228530884,3.222179657313973e-05,5.727344159822678e-06,0.9998518228530884,0.00010645080328686163,3.822641247097636e-06
/Users/aswanathjs/Downloads/test9/ai_plastic_waste_management_training/HDPE Plastic/detergent_bottles/IMG_20220209_182235.jpg,0,HDPE Plastic,0,HDPE Plastic,0.9999994039535522,0.9999994039535522,4.473262205095807e-09,3.719346963748649e-08,5.427467044682999e-07,3.3425697765210316e-09
/Users/aswanathjs/Downloads/test9/ai_plastic_waste_management_training/HDPE Plastic/detergent_botteles_grey/IMG_20220209_182235.jpg,0,HDPE Plastic,0,HDPE Plastic,0.9999998807907104,0.9999998807907104,2.376797869629854e-09,1.642158053982712e-08,6.153469911396314e-08,9.080363683189319e-10
/Users/aswanathjs/Downloads/test9/ai_plastic_waste_management_training/LDPE Plastic/plastic_bags/LDPE-16_jpg.rf.845d2d87d44b85c3b68f1aead2680d86.jpg,1,LDPE Plastic,1,LDPE Plastic,0.9998884201049805,4.898060069535859e-06,0.9998884201049805,1.0032154932559934e-05,7.118107896531001e-05,2.547776239225641e-05
/Users/aswanathjs/Downloads/test9/ai_plastic_waste_management_training/LDPE Plastic/plastic_bags/LDPE-16_jpg.rf.2102b8148a5cd895e99a4d7b8e0ad4c5.jpg,1,LDPE Plastic,1,LDPE Plastic,0.9999946355819702,5.4435599139424085e-08,0.9999946355819702,1.616203348930867e-06,9.779079164218274e-07,2.7763187517848564e-06
/Users/aswanathjs/Downloads/test9/ai_plastic_waste_management_training/PET Plastic/black_white_plastic_bottles/aiewg_jpg.rf.53e6602ad5bf281c6de4096da1fe6cb6.jpg,2,PET Plastic,2,PET Plastic,0.9993550181388855,2.9683711545658298e-05,0.0005691031110472977,0.9993550181388855,1.8161181287723593e-05,2.7976526325801387e-05
/Users/aswanathjs/Downloads/test9/ai_plastic_waste_management_training/LDPE Plastic/black_white__plastic_bags/0185_jpg.rf.46bff0f04cd5c707db59170b971055fa.jpg,1,LDPE Plastic,1,LDPE Plastic,0.9999908208847046,1.1712745617842302e-06,0.9999908208847046,2.8850599846919067e-06,8.670587021697429e-07,4.2980168473150115e-06
/Users/aswanathjs/Downloads/test9/ai_plastic_waste_management_training/PET Plastic/plastic_bottles/PET305.jpg,2,PET Plastic,2,PET Plastic,0.9999849796295166,4.029750471090665e-06,2.71822182185133e-06,0.9999849796295166,7.993498911673669e-06,2.2033404434296244e-07
/Users/aswanathjs/Downloads/test9/ai_plastic_waste_management_training/PS Plastic/foam_containers/Image_15.png,4,PS Plastic,4,PS Plastic,0.4536866545677185,0.030286015942692757,0.24246931076049805,0.004505360499024391,0.26905256509780884,0.4536866545677185
/Users/aswanathjs/Downloads/test9/ai_plastic_waste_management_training/PET Plastic/black_white_plastic_bottles/byutk_jpg.rf.76f747bf2b37e8313e893ebf15683241.jpg,2,PET Plastic,2,PET Plastic,0.9998483657836914,2.7385192424844718e-06,0.0001126820279750973,0.9998483657836914,3.137251042062417e-05,4.820352387469029e-06
/Users/aswanathjs/Downloads/test9/ai_plastic_waste_management_training/HDPE Plastic/milk_bottles/HDPEM270.jpg,0,HDPE Plastic,0,HDPE Plastic,1.0,1.0,3.748083874516306e-12,1.084166534326414e-09,2.420322386953444e-09,5.226600055530106e-11
/Users/aswanathjs/Downloads/test9/ai_plastic_waste_management_training/PP Plastic/rectangle_containers/0011_a05b00c1d0e0f0g0h1.jpg,3,PP Plastic,3,PP Plastic,0.9999914169311523,1.010532855616475e-06,2.8667486731137615e-06,3.5340524391358485e-06,0.9999914169311523,1.170927930616017e-06
/Users/aswanathjs/Downloads/test9/ai_plastic_waste_management_training/PP Plastic/square_containers/0011_a05b00c1d0e0f0g0h1.jpg,3,PP Plastic,3,PP Plastic,0.9999914169311523,1.010532855616475e-06,2.8667486731137615e-06,3.5340524391358485e-06,0.9999914169311523,1.170927930616017e-06
/Users/aswanathjs/Downloads/test9/ai_plastic_waste_management_training/LDPE Plastic/plastic_bags/LDPE-273_jpg.rf.46f79d73feef80e3872b14db1ed5fd17.jpg,1,LDPE Plastic,1,LDPE Plastic,0.9998310804367065,5.745108410337707e-06,0.9998310804367065,4.531932790996507e-05,9.552479605190456e-05,2.2415446437662467e-05
/Users/aswanathjs/Downloads/test9/ai_plastic_waste_management_training/PET Plastic/black_white_plastic_bottles/dpacg_jpg.rf.33909cd6979777d753c545164ea5477b.jpg,2,PET Plastic,2,PET Plastic,0.999997615814209,1.1141406730530434e-07,1.9474007331155008e-06,0.999997615814209,2.4905909867811715e-07,1.3299414547418564e-07
/Users/aswanathjs/Downloads/test9/ai_plastic_waste_management_training/PET Plastic/black_white_plastic_bottles/bompe_jpg.rf.b337c58e6b7559d31a26dc524d3bd41d.jpg,2,PET Plastic,2,PET Plastic,0.999998927116394,7.149261449512778e-08,8.473332400171785e-07,0.999998927116394,3.618594135446074e-08,1.8067004248223384e-07
/Users/aswanathjs/Downloads/test9/ai_plastic_waste_management_training/PS Plastic/foam_containers/styrofoam-127-_jpg.rf.ceefe41576d517b7e5577b842405c917.jpg,4,PS Plastic,4,PS Plastic,0.9999948740005493,1.235878130501078e-06,3.64168464273007e-08,3.2183054372580955e-06,6.654371418335359e-07,0.9999948740005493
/Users/aswanathjs/Downloads/test9/ai_plastic_waste_management_training/HDPE Plastic/milk_bottles/HDPEM291.jpg,0,HDPE Plastic,0,HDPE Plastic,1.0,1.0,6.807662242356172e-15,1.0832250027514867e-11,2.456172743491025e-13,3.8676044788674147e-13
/Users/aswanathjs/Downloads/test9/ai_plastic_waste_management_training/HDPE Plastic/milk_bottles/HDPEM83.jpg,0,HDPE Plastic,0,HDPE Plastic,1.0,1.0,1.047869707671012e-10,2.7535563162928156e-08,3.3799043563931264e-08,4.1282788298957485e-10
/Users/aswanathjs/Downloads/test9/ai_plastic_waste_management_training/LDPE Plastic/plastic_bags/plasticbag (201).jpg,1,LDPE Plastic,1,LDPE Plastic,0.9822689294815063,0.00389114604331553,0.9822689294815063,0.007394711021333933,0.0033742235973477364,0.003070967737585306
/Users/aswanathjs/Downloads/test9/ai_plastic_waste_management_training/LDPE Plastic/plastic_bags/LDPE-297_jpg.rf.8c4a7d4e980cc6a2ba9e1b2c48366280.jpg,1,LDPE Plastic,1,LDPE Plastic,0.9995768666267395,1.2106643225706648e-05,0.9995768666267395,0.00028220273088663816,0.00010805032798089087,2.074684925901238e-05
/Users/aswanathjs/Downloads/test9/ai_plastic_waste_management_training/LDPE Plastic/plastic_bags/LDPE-202_jpg.rf.8ece211624afdeefd2fc79ae3bf49c35.jpg,1,LDPE Plastic,1,LDPE Plastic,0.9996238946914673,1.0325276889489032e-05,0.9996238946914673,0.00013726172619499266,0.00020606370526365936,2.2448984964285046e-05
/Users/aswanathjs/Downloads/test9/ai_plastic_waste_management_training/PET Plastic/shampoo_bottles/0050_a05b00c2d0e1f1g0h2.jpg,2,PET Plastic,2,PET Plastic,0.99959796667099,0.00039940312854014337,1.0859753274417017e-06,0.99959796667099,1.0148734190806863e-06,4.4733775439453893e-07
/Users/aswanathjs/Downloads/test9/ai_plastic_waste_management_training/PET Plastic/plastic_bottles/PET926.jpg,2,PET Plastic,2,PET Plastic,0.9990236759185791,9.958463488146663e-05,0.0003389452176634222,0.9990236759185791,0.0005242081824690104,1.3529198440664914e-05
/Users/aswanathjs/Downloads/test9/ai_plastic_waste_management_training/HDPE Plastic/detergent_bottles/IMG_20220209_182154.jpg,0,HDPE Plastic,0,HDPE Plastic,1.0,1.0,2.0653543111870398e-11,2.4465414139029917e-09,7.591275164031686e-09,1.0098731746677192e-11
/Users/aswanathjs/Downloads/test9/ai_plastic_waste_management_training/HDPE Plastic/shampoo_bottles/0075_a02b01c1d2e0f0g0h2.jpg,0,HDPE Plastic,0,HDPE Plastic,0.9998277425765991,0.9998277425765991,7.73742272031086e-07,5.945874818280572e-06,0.00016485877858940512,5.770003213001473e-07
/Users/aswanathjs/Downloads/test9/ai_plastic_waste_management_training/PET Plastic/plastic_bottles/PET375.jpg,2,PET Plastic,2,PET Plastic,0.9999951124191284,6.631148607993964e-07,6.809377168792707e-07,0.9999951124191284,3.2416894555353792e-06,3.474703476058494e-07
/Users/aswanathjs/Downloads/test9/ai_plastic_waste_management_training/PET Plastic/black_white_plastic_bottles/bxfwn_jpg.rf.0c6547d324a916a7ee885acbf1395e17.jpg,2,PET Plastic,2,PET Plastic,0.9999299049377441,6.808537727920339e-05,4.783663243301817e-08,0.9999299049377441,1.201484224111482e-06,8.604368417763908e-07
/Users/aswanathjs/Downloads/test9/ai_plastic_waste_management_training/HDPE Plastic/shampoo_bottiles_grey/0021_a02b01c2d3e1f0g0h2.jpg,0,HDPE Plastic,0,HDPE Plastic,1.0,1.0,4.466669742408946e-11,9.926410804439456e-10,7.741995933230328e-11,1.2355402811969896e-10
/Users/aswanathjs/Downloads/test9/ai_plastic_waste_management_training/HDPE Plastic/shampoo_bottles/0021_a02b01c2d3e1f0g0h2.jpg,0,HDPE Plastic,0,HDPE Plastic,1.0,1.0,6.773301364226825e-11,5.281249659816467e-09,6.285719167387072e-10,1.8588394157248445e-09
/Users/aswanathjs/Downloads/test9/ai_plastic_waste_management_training/LDPE Plastic/plastic_bags/plasticbag (75).jpg,1,LDPE Plastic,1,LDPE Plastic,0.9994173049926758,8.727089152671397e-06,0.9994173049926758,1.6316465917043388e-05,0.00037867791252210736,0.00017909669259097427
"/Users/aswanathjs/Downloads/test9/ai_plastic_waste_management_training/HDPE Plastic/milk_bottles/HDPEM1,020.JPG",0,HDPE Plastic,0,HDPE Plastic,0.9999998807907104,0.9999998807907104,3.2391346549420774e-11,1.1755157203197086e-07,1.2578261099349675e-08,9.688169377852773e-09
/Users/aswanathjs/Downloads/test9/ai_plastic_waste_management_training/PP Plastic/square_containers/IMG_20220209_175325.jpg,3,PP Plastic,3,PP Plastic,0.9999817609786987,1.6552659872104414e-05,1.725656630924277e-07,7.16411648227222e-07,0.9999817609786987,8.618184210718027e-07
/Users/aswanathjs/Downloads/test9/ai_plastic_waste_management_training/PS Plastic/foam_containers/Image_163.png,4,PS Plastic,4,PS Plastic,0.5811331868171692,0.025769846513867378,0.2364538013935089,0.005864080972969532,0.15077893435955048,0.5811331868171692
"/Users/aswanathjs/Downloads/test9/ai_plastic_waste_management_training/PET Plastic/plastic_bottles/PET1,266.jpg",2,PET Plastic,2,PET Plastic,0.9998980760574341,3.577912866603583e-05,1.081417030945886e-05,0.9998980760574341,2.6928804800263606e-05,2.8335842216620222e-05
/Users/aswanathjs/Downloads/test9/ai_plastic_waste_management_training/LDPE Plastic/bubble_wrap/LDPE-93_jpg.rf.acd78e25e55014c37816b6ef602acbec.jpg,1,LDPE Plastic,1,LDPE Plastic,0.9998762607574463,3.834649305645144e-06,0.9998762607574463,8.15096154838102e-06,0.00010004617070080712,1.1720381735358387e-05
/Users/aswanathjs/Downloads/test9/ai_plastic_waste_management_training/LDPE Plastic/black_white__plastic_bags/0167_jpg.rf.bfb27df2cd9cef80f5c4a029956180ca.jpg,1,LDPE Plastic,1,LDPE Plastic,0.9991050362586975,7.37022173780133e-06,0.9991050362586975,0.000110734770714771,0.0003424573806114495,0.0004344050248619169
/Users/aswanathjs/Downloads/test9/ai_plastic_waste_management_training/PS Plastic/foam_sheets/IMG_9371_JPG.rf.195f115fb87b77a4f429c91951b50871.jpg,4,PS Plastic,4,PS Plastic,0.9999730587005615,1.4044441343230574e-07,2.5855217245407403e-05,4.1364734215676435e-07,5.538925051951082e-07,0.9999730587005615
/Users/aswanathjs/Downloads/test9/ai_plastic_waste_management_training/PS Plastic/foam_sheets/IMG_9371_JPG.rf.afceb9594b3446cfff27f10dabf23181.jpg,4,PS Plastic,4,PS Plastic,0.9789468050003052,2.930429945990909e-05,0.020942892879247665,7.706626638537273e-05,3.944571290048771e-06,0.9789468050003052
/Users/aswanathjs/Downloads/test9/ai_plastic_waste_management_training/PS Plastic/foam_sheets/IMG_9371_JPG.rf.4bf300e0974a4706b87efc110356229e.jpg,4,PS Plastic,4,PS Plastic,0.9969717264175415,3.715858474606648e-05,0.0005460247630253434,0.0007437308086082339,0.001701325993053615,0.9969717264175415
/Users/aswanathjs/Downloads/test9/ai_plastic_waste_management_training/PET Plastic/plastic_bottles/PET739.jpg,2,PET Plastic,2,PET Plastic,0.9998797178268433,9.210592543240637e-05,8.87567875906825e-06,0.9998797178268433,1.5732675819890574e-05,3.562921619959525e-06
/Users/aswanathjs/Downloads/test9/ai_plastic_waste_management_training/HDPE Plastic/shampoo_bottles/0061_a02b01c1d3e0f1g0h1(1).jpg,0,HDPE Plastic,0,HDPE Plastic,0.9999997615814209,0.9999997615814209,1.4946393012138515e-09,1.3674141996489197e-07,7.700268866983606e-08,1.140533090193685e-08
/Users/aswanathjs/Downloads/test9/ai_plastic_waste_management_training/PET Plastic/plastic_bottles/PET778.jpg,2,PET Plastic,2,PET Plastic,0.999946117401123,7.291218480531825e-06,2.436869908706285e-05,0.999946117401123,1.7107187886722386e-05,5.064896413387032e-06
/Users/aswanathjs/Downloads/test9/ai_plastic_waste_management_training/PP Plastic/round_containers/0095_a05b01c1d0e0f0g0h0.jpg,3,PP Plastic,3,PP Plastic,0.9998482465744019,1.5410201740451157e-05,7.842356353648938e-06,0.00012299547961447388,0.9998482465744019,5.418731689132983e-06
/Users/aswanathjs/Downloads/test9/ai_plastic_waste_management_training/LDPE Plastic/plastic_bags/train_LDPE-68_jpg.rf.fc5826b6c915e1b0aab072f246864480.jpg,1,LDPE Plastic,1,LDPE Plastic,0.9999520778656006,1.8275658248967375e-06,0.9999520778656006,3.0573075491702184e-05,4.9548129936738405e-06,1.0459890290803742e-05
/Users/aswanathjs/Downloads/test9/ai_plastic_waste_management_training/PET Plastic/plastic_bottles/PET386.jpg,2,PET Plastic,2,PET Plastic,0.9999990463256836,2.9159573955439555e-07,2.1852157772173086e-07,0.9999990463256836,2.841861999058892e-07,1.2966968654382072e-07
/Users/aswanathjs/Downloads/test9/ai_plastic_waste_management_training/HDPE Plastic/milk_bottles/P_W (500).jpg,0,HDPE Plastic,0,HDPE Plastic,0.9998806715011597,0.9998806715011597,3.846997458367696e-07,3.227134948247112e-05,1.4653637414596687e-08,8.669532689964399e-05
/Users/aswanathjs/Downloads/test9/ai_plastic_waste_management_training/HDPE Plastic/milk_bottles/HDPEM469.jpg,0,HDPE Plastic,0,HDPE Plastic,0.9999333620071411,0.9999333620071411,2.5436285966407013e-08,6.291673344094306e-05,2.361233555348008e-06,1.2725440683425404e-06
/Users/aswanathjs/Downloads/test9/ai_plastic_waste_management_training/LDPE Plastic/bin_bags/greenbin.png,1,LDPE Plastic,1,LDPE Plastic,0.9976479411125183,0.00046815365203656256,0.9976479411125183,0.0001564111007610336,0.0013635519426316023,0.00036402064142748713
/Users/aswanathjs/Downloads/test9/ai_plastic_waste_management_training/LDPE Plastic/bin_bags_grey/greenbin.png,1,LDPE Plastic,1,LDPE Plastic,0.9994669556617737,0.0001986862043850124,0.9994669556617737,0.0002039396349573508,0.00010259189002681524,2.7847647288581356e-05
/Users/aswanathjs/Downloads/test9/ai_plastic_waste_management_training/PP Plastic/round_containers/IMG_20220210_105854.jpg,3,PP Plastic,3,PP Plastic,0.9997580647468567,0.0002268278767587617,8.402770390603109e-07,1.3970841791888233e-05,0.9997580647468567,3.1271554234990617e-07
/Users/aswanathjs/Downloads/test9/ai_plastic_waste_management_training/HDPE Plastic/detergent_bottles/0096_a02b04c2d0e0f0g0h1.jpg,0,HDPE Plastic,0,HDPE Plastic,1.0,1.0,6.092876311987461e-13,3.4070498158844664e-12,1.0757366351865638e-11,1.4824621565046048e-13
/Users/aswanathjs/Downloads/test9/ai_plastic_waste_management_training/PET Plastic/plastic_bottles/PET504.jpg,2,PET Plastic,2,PET Plastic,0.9999841451644897,1.1672201480905642e-06,9.531289606456994e-07,0.9999841451644897,1.3513629710359965e-05,2.665889837771829e-07
/Users/aswanathjs/Downloads/test9/ai_plastic_waste_management_training/LDPE Plastic/bin_bags/Image_69.png,1,LDPE Plastic,1,LDPE Plastic,0.946941077709198,0.03900451958179474,0.946941077709198,0.008118785917758942,0.004204554483294487,0.0017310085240751505
/Users/aswanathjs/Downloads/test9/ai_plastic_waste_management_training/PP Plastic/square_containers_grey/Image_69.png,1,LDPE Plastic,3,PP Plastic,0.6081387400627136,0.0009512166725471616,0.3847585618495941,0.003656376851722598,0.6081387400627136,0.0024951105006039143
/Users/aswanathjs/Downloads/test9/ai_plastic_waste_management_training/PP Plastic/square_containers/Image_69.png,1,LDPE Plastic,1,LDPE Plastic,0.6765222549438477,0.00029717732104472816,0.6765222549438477,0.0006350696203298867,0.321012020111084,0.0015334711642935872
/Users/aswanathjs/Downloads/test9/ai_plastic_waste_management_training/PS Plastic/foam_containers/Image_69.png,1,LDPE Plastic,1,LDPE Plastic,0.4203171730041504,0.0308444332331419,0.4203171730041504,0.010281502269208431,0.40692657232284546,0.1316303163766861
/Users/aswanathjs/Downloads/test9/ai_plastic_waste_management_training/PET Plastic/black_white_plastic_bottles/arnfl_jpg.rf.3f7c86239864c3296cf7b468b4096163.jpg,2,PET Plastic,2,PET Plastic,0.9999778270721436,3.216401864847285e-07,1.869860898295883e-05,0.9999778270721436,2.0375935037009185e-06,1.1159461337229004e-06
/Users/aswanathjs/Downloads/test9/ai_plastic_waste_management_training/HDPE Plastic/milk_bottles/HDPEM68.jpg,0,HDPE Plastic,0,HDPE Plastic,0.9999996423721313,0.9999996423721313,8.742114254722821e-10,2.451744762765884e-07,7.371060917193972e-08,1.875763322445323e-09
/Users/aswanathjs/Downloads/test9/ai_plastic_waste_management_training/PET Plastic/plastic_bottles/PET321.jpg,2,PET Plastic,2,PET Plastic,0.9999874830245972,1.9290528996407375e-07,3.1954821224644547e-06,0.9999874830245972,9.100443094212096e-06,2.361077378054688e-08
/Users/aswanathjs/Downloads/test9/ai_plastic_waste_management_training/PS Plastic/foam_containers/Image_168.png,4,PS Plastic,3,PP Plastic,0.5247505307197571,0.023231128230690956,0.21099846065044403,0.005319912917912006,0.5247505307197571,0.23570004105567932
/Users/aswanathjs/Downloads/test9/ai_plastic_waste_management_training/HDPE Plastic/milk_bottles/HDPEM196.jpg,0,HDPE Plastic,0,HDPE Plastic,0.9999992847442627,0.9999992847442627,7.660416301291662e-09,1.0480303558324522e-07,4.843493002226751e-07,5.991874019173338e-08
/Users/aswanathjs/Downloads/test9/ai_plastic_waste_management_training/PP Plastic/round_containers/0095_a05b01c1d1e0f0g0h3.jpg,3,PP Plastic,3,PP Plastic,0.9999140501022339,2.0855708498856984e-05,3.441991566432989e-06,5.857837095391005e-05,0.9999140501022339,3.0109090403129812e-06
/Users/aswanathjs/Downloads/test9/ai_plastic_waste_management_training/HDPE Plastic/detergent_bottles/0010_a02b01c1d1e0f1g0h4.jpg,0,HDPE Plastic,0,HDPE Plastic,0.9999929666519165,0.9999929666519165,1.0513948822676866e-08,6.78204241921776e-06,2.1548187589814916e-07,1.1293986190707983e-08
/Users/aswanathjs/Downloads/test9/ai_plastic_waste_management_training/LDPE Plastic/plastic_bags/LDPE-267_jpg.rf.08f5f7fdd6295e5a9f6e699deb3ab5f1.jpg,1,LDPE Plastic,1,LDPE Plastic,0.9998875856399536,2.510874764993787e-06,0.9998875856399536,1.2903957212984096e-05,7.52737614675425e-05,2.1621606720145792e-05
"/Users/aswanathjs/Downloads/test9/ai_plastic_waste_management_training/PET Plastic/plastic_bottles/PET1,682.jpg",2,PET Plastic,2,PET Plastic,0.9998292922973633,1.9476894976833137e-06,3.350030237925239e-05,0.9998292922973633,0.00013507639232557267,1.99575993065082e-07
/Users/aswanathjs/Downloads/test9/ai_plastic_waste_management_training/PP Plastic/round_containers/IMG_20220210_105901.jpg,3,PP Plastic,3,PP Plastic,0.9997939467430115,0.00014795904280617833,2.0677589418482967e-05,3.1375653634313494e-05,0.9997939467430115,6.064896297175437e-06
/Users/aswanathjs/Downloads/test9/ai_plastic_waste_management_training/HDPE Plastic/detergent_bottles/P_W (498).jpg,0,HDPE Plastic,0,HDPE Plastic,1.0,1.0,7.142811342397692e-11,8.641343640647392e-09,5.285391235787529e-09,4.395099839626937e-10
/Users/aswanathjs/Downloads/test9/ai_plastic_waste_management_training/HDPE Plastic/detergent_botteles_grey/P_W (498).jpg,0,HDPE Plastic,0,HDPE Plastic,0.9999963045120239,0.9999963045120239,1.645246427983693e-08,1.0285528162512492e-07,3.487144795144559e-06,8.529214312602562e-08
/Users/aswanathjs/Downloads/test9/ai_plastic_waste_management_training/PP Plastic/round_containers/0035_a06b01c1d0e0f0g0h4.jpg,3,PP Plastic,3,PP Plastic,0.9993889331817627,4.374716809252277e-05,3.79220255126711e-05,0.0004981993115507066,0.9993889331817627,3.126352385152131e-05
/Users/aswanathjs/Downloads/test9/ai_plastic_waste_management_training/PET Plastic/black_white_plastic_bottles/aukjz_jpg.rf.d404c4389f3e6f61d76bf3cef52ebd77.jpg,2,PET Plastic,2,PET Plastic,0.9999988079071045,1.988693725252233e-07,6.751490104761615e-07,0.9999988079071045,1.1351114892477199e-07,1.290749622739895e-07
/Users/aswanathjs/Downloads/test9/ai_plastic_waste_management_training/PET Plastic/shampoo_bottles/0050_a05b00c1d0e1f1g0h0.jpg,2,PET Plastic,2,PET Plastic,0.9999995231628418,3.069825993406994e-07,1.559108042670232e-08,0.9999995231628418,1.2258225012828916e-07,3.465051023887611e-10
/Users/aswanathjs/Downloads/test9/ai_plastic_waste_management_training/PET Plastic/plastic_bottles/PET988.jpg,2,PET Plastic,2,PET Plastic,1.0,4.1295432851029545e-08,3.027364314789338e-08,1.0,1.570576024789716e-08,1.353476974941259e-08
/Users/aswanathjs/Downloads/test9/ai_plastic_waste_management_training/HDPE Plastic/shampoo_bottles/0078_a02b07c2d3e0f1g0h2.jpg,0,HDPE Plastic,0,HDPE Plastic,0.9997360110282898,0.9997360110282898,4.583586360240588e-06,3.0519837309839204e-05,0.00022883286874275655,4.18249079814359e-08
/Users/aswanathjs/Downloads/test9/ai_plastic_waste_management_training/HDPE Plastic/milk_bottles/HDPEM189.jpg,0,HDPE Plastic,0,HDPE Plastic,0.9999984502792358,0.9999984502792358,1.0289744167835124e-08,2.059470460835655e-07,9.799254030440352e-07,3.167356794619991e-07
/Users/aswanathjs/Downloads/test9/ai_plastic_waste_management_training/PP Plastic/square_containers/Image_178.png,3,PP Plastic,3,PP Plastic,0.9993570446968079,1.800233258109074e-05,0.0006103215855546296,1.6742509387768223e-06,0.9993570446968079,1.2992315532756038e-05
/Users/aswanathjs/Downloads/test9/ai_plastic_waste_management_training/PS Plastic/foam_containers/Image_178.png,3,PP Plastic,3,PP Plastic,0.7230075001716614,0.013722697272896767,0.17977690696716309,0.0051298243924975395,0.7230075001716614,0.07836302369832993
/Users/aswanathjs/Downloads/test9/ai_plastic_waste_management_training/PP Plastic/round_containers/0032_a05b01c2d2e0f0g0h0.jpg,3,PP Plastic,3,PP Plastic,0.9988918900489807,0.00014194920368026942,0.00010043344809673727,0.0008076753001660109,0.9988918900489807,5.816778866574168e-05
/Users/aswanathjs/Downloads/test9/ai_plastic_waste_management_training/PP Plastic/round_containers/IMG_20220209_173243.jpg,3,PP Plastic,3,PP Plastic,0.9963556528091431,0.0015881808940321207,0.0011366866528987885,0.0008821077062748373,0.9963556528091431,3.7406756746349856e-05
/Users/aswanathjs/Downloads/test9/ai_plastic_waste_management_training/PP Plastic/square_containers_grey/IMG_20220209_173137.jpg,3,PP Plastic,3,PP Plastic,0.9999983310699463,3.426388275329373e-07,6.626365802731016e-07,4.562519961837097e-07,0.9999983310699463,1.6580598583004758e-07
/Users/aswanathjs/Downloads/test9/ai_plastic_waste_management_training/PP Plastic/square_containers/IMG_20220209_173137.jpg,3,PP Plastic,3,PP Plastic,0.9999986886978149,4.432301921042381e-07,3.53965191379757e-07,2.3638760637822998e-07,0.9999986886978149,3.230160530165449e-07
/Users/aswanathjs/Downloads/test9/ai_plastic_waste_management_training/HDPE Plastic/milk_bottles/HDPEM69.jpg,0,HDPE Plastic,0,HDPE Plastic,0.9999997615814209,0.9999997615814209,4.2232761732208246e-10,1.526719444200353e-07,8.70772609573578e-08,1.8291688164140396e-09
/Users/aswanathjs/Downloads/test9/ai_plastic_waste_management_training/PP Plastic/round_containers/IMG_20220209_172725.jpg,3,PP Plastic,3,PP Plastic,0.9999455213546753,4.246149546816014e-05,1.7925594875123352e-06,9.65746494330233e-06,0.9999455213546753,5.944264671597921e-07
/Users/aswanathjs/Downloads/test9/ai_plastic_waste_management_training/LDPE Plastic/plastic_bags/LDPE-304_jpg.rf.6a4737fb686649f07f91cdd5603931d4.jpg,1,LDPE Plastic,1,LDPE Plastic,0.9999967813491821,9.865950545417945e-08,0.9999967813491821,1.005223907668551e-06,1.0418240208309726e-06,1.0861766668313066e-06
/Users/aswanathjs/Downloads/test9/ai_plastic_waste_management_training/HDPE Plastic/shampoo_bottles/0076_a02b06c1d1e0f1g0h2.jpg,0,HDPE Plastic,0,HDPE Plastic,0.9999994039535522,0.9999994039535522,1.6718834094930912e-09,6.290672445175005e-07,1.6513947542762253e-08,1.2355879874803577e-08
/Users/aswanathjs/Downloads/test9/ai_plastic_waste_management_training/PET Plastic/plastic_bottles/PET929.jpg,2,PET Plastic,2,PET Plastic,0.9999988079071045,2.379566836907543e-07,2.739369051596441e-07,0.9999988079071045,5.443367285806744e-07,8.659586114845297e-08
/Users/aswanathjs/Downloads/test9/ai_plastic_waste_management_training/PP Plastic/round_containers/0032_a05b01c2d3e0f0g0h0.jpg,3,PP Plastic,3,PP Plastic,0.9998724460601807,3.6381308746058494e-05,8.444097147730645e-06,6.783383287256584e-05,0.9998724460601807,1.4901086615282111e-05
/Users/aswanathjs/Downloads/test9/ai_plastic_waste_management_training/HDPE Plastic/detergent_bottles/P_W (497).jpg,0,HDPE Plastic,0,HDPE Plastic,1.0,1.0,2.0077149665009841e-10,8.853795918639662e-09,5.543431313981273e-08,1.3701622059159035e-09
/Users/aswanathjs/Downloads/test9/ai_plastic_waste_management_training/HDPE Plastic/shampoo_bottles/0061_a02b01c1d0e0f1g0h1.jpg,0,HDPE Plastic,0,HDPE Plastic,0.9998759031295776,0.9998759031295776,4.2860996529725526e-08,0.00012353318743407726,2.3161420870110305e-07,3.1422300139638537e-07
/Users/aswanathjs/Downloads/test9/ai_plastic_waste_management_training/HDPE Plastic/shampoo_bottles/0075_a02b01c2d2e0f0g0h2.jpg,0,HDPE Plastic,0,HDPE Plastic,0.9998892545700073,0.9998892545700073,7.607704901602119e-07,4.19408934249077e-06,0.0001045710378093645,1.1842524827443413e-06
/Users/aswanathjs/Downloads/test9/ai_plastic_waste_management_training/LDPE Plastic/plastic_bags/LDPE-540_jpg.rf.422bc66460f31f2bfe56acaf6490d8be.jpg,1,LDPE Plastic,1,LDPE Plastic,0.9995585083961487,2.7866457458003424e-05,0.9995585083961487,9.606425737729296e-05,0.000208857367397286,0.00010863842180697247
/Users/aswanathjs/Downloads/test9/ai_plastic_waste_management_training/PET Plastic/shampoo_bottles/0050_a05b00c2d3e1f1g0h3.jpg,2,PET Plastic,2,PET Plastic,0.9999959468841553,2.049417162197642e-06,1.1411902960389853e-06,0.9999959468841553,7.466550755452772e-07,1.26729531757519e-07
"/Users/aswanathjs/Downloads/test9/ai_plastic_waste_management_training/PET Plastic/plastic_bottles/PET1,019.jpg",2,PET Plastic,2,PET Plastic,0.9999992847442627,2.3477353749967733e-07,5.093777417641832e-07,0.9999992847442627,2.3655001513134266e-08,4.1120834737284895e-08
/Users/aswanathjs/Downloads/test9/ai_plastic_waste_management_training/HDPE Plastic/milk_bottles/HDPEM363.jpg,0,HDPE Plastic,0,HDPE Plastic,0.9975787997245789,0.9975787997245789,6.343459972413257e-06,2.7601416149991564e-05,0.0023792388383299112,8.12595317256637e-06
/Users/aswanathjs/Downloads/test9/ai_plastic_waste_management_training/PS Plastic/foam_sheets/PS-757_jpg.rf.9e920e626766a1795cd9085be3b44eda.jpg,4,PS Plastic,4,PS Plastic,0.9998962879180908,1.308295122726122e-05,3.5399964417592855e-06,6.3383263295690995e-06,8.078114478848875e-05,0.9998962879180908
/Users/aswanathjs/Downloads/test9/ai_plastic_waste_management_training/LDPE Plastic/plastic_bags/LDPE-382_jpg.rf.81219eceeb06ef2a9b2549721bc03643.jpg,1,LDPE Plastic,1,LDPE Plastic,0.9999966621398926,5.408177017329763e-08,0.9999966621398926,4.857027988691698e-07,3.4373468338344537e-07,2.4408041099377442e-06
/Users/aswanathjs/Downloads/test9/ai_plastic_waste_management_training/PP Plastic/irregular_containers/train_PP-55_jpg.rf.8c2c94bed4bde80d5205e6898c5ba4ce.jpg,3,PP Plastic,3,PP Plastic,0.9999740123748779,2.7097830752609298e-06,1.1130789971502963e-05,7.797892067173962e-06,0.9999740123748779,4.428147349244682e-06
/Users/aswanathjs/Downloads/test9/ai_plastic_waste_management_training/PET Plastic/plastic_bottles/PET962.jpg,2,PET Plastic,2,PET Plastic,0.9999996423721313,4.01670590122194e-08,7.943216928651964e-08,0.9999996423721313,1.7470854629664245e-07,7.853520855860552e-08
/Users/aswanathjs/Downloads/test9/ai_plastic_waste_management_training/PET Plastic/black_white_plastic_bottles/covrq_jpg.rf.bc93fdb5afb3d0650a66d76e971b8ac5.jpg,2,PET Plastic,2,PET Plastic,0.9999102354049683,2.4082184609142132e-05,3.840132194454782e-05,0.9999102354049683,1.4186825865181163e-05,1.3068195585219655e-05
/Users/aswanathjs/Downloads/test9/ai_plastic_waste_management_training/LDPE Plastic/black_white__plastic_bags/0145_jpg.rf.17daf4d0b51d83ccf09f95bde89f1452.jpg,1,LDPE Plastic,1,LDPE Plastic,0.9999737739562988,1.354329128844256e-07,0.9999737739562988,7.572548383905087e-06,1.7935000869329087e-05,6.902374138917367e-07
/Users/aswanathjs/Downloads/test9/ai_plastic_waste_management_training/PET Plastic/plastic_bottles/PET790.jpg,2,PET Plastic,2,PET Plastic,0.9999996423721313,7.380416633395726e-08,1.8280682922977576e-07,0.9999996423721313,4.910073059249953e-08,1.1970638702507586e-08
"/Users/aswanathjs/Downloads/test9/ai_plastic_waste_management_training/PET Plastic/plastic_bottles/PET1,270.jpg",2,PET Plastic,2,PET Plastic,0.9998705387115479,4.3509266106411815e-05,1.0720573300204705e-05,0.9998705387115479,4.1510538721922785e-05,3.367456156411208e-05
/Users/aswanathjs/Downloads/test9/ai_plastic_waste_management_training/PP Plastic/round_containers/IMG_20220209_173451.jpg,3,PP Plastic,3,PP Plastic,0.9999946355819702,2.12952204492467e-06,1.068266556103481e-06,2.130649590981193e-06,0.9999946355819702,4.8757978987623574e-08
/Users/aswanathjs/Downloads/test9/ai_plastic_waste_management_training/LDPE Plastic/plastic_bags/LDPE-399_jpg.rf.55d36afa8afe74c2e3877698b625e26e.jpg,1,LDPE Plastic,1,LDPE Plastic,0.9999438524246216,2.094771616611979e-06,0.9999438524246216,3.979950179200387e-06,1.0207880222878885e-05,3.98582051275298e-05
"/Users/aswanathjs/Downloads/test9/ai_plastic_waste_management_training/PET Plastic/plastic_bottles/PET1,718.jpg",2,PET Plastic,2,PET Plastic,0.9999994039535522,2.1523291593439353e-07,2.2599840576731367e-07,0.9999994039535522,9.043638726780046e-08,9.150029178783825e-09
/Users/aswanathjs/Downloads/test9/ai_plastic_waste_management_training/PET Plastic/plastic_bottles/PET833.jpg,2,PET Plastic,2,PET Plastic,0.9995660185813904,1.1422765965107828e-05,0.0003876287955790758,0.9995660185813904,2.276763552799821e-05,1.2171920388936996e-05
/Users/aswanathjs/Downloads/test9/ai_plastic_waste_management_training/PP Plastic/round_containers/0031_a05b01c1d0e0f0g0h0.jpg,3,PP Plastic,3,PP Plastic,0.999901294708252,8.664868073537946e-05,4.9958116505877115e-06,2.3603652152814902e-06,0.999901294708252,4.712761892733397e-06
/Users/aswanathjs/Downloads/test9/ai_plastic_waste_management_training/HDPE Plastic/milk_bottles/P_W (1042).jpg,0,HDPE Plastic,0,HDPE Plastic,0.9995695948600769,0.9995695948600769,3.6257042665965855e-05,0.0001856441085692495,9.362668788526207e-05,0.00011490476754261181
/Users/aswanathjs/Downloads/test9/ai_plastic_waste_management_training/HDPE Plastic/shampoo_bottles/0077_a02b01c2d0e0f1g0h3.jpg,0,HDPE Plastic,0,HDPE Plastic,0.9997479319572449,0.9997479319572449,3.0396381589525845e-06,0.00016348448116332293,7.381202158285305e-05,1.1679025192279369e-05
/Users/aswanathjs/Downloads/test9/ai_plastic_waste_management_training/HDPE Plastic/detergent_bottles/finish.jpg,0,HDPE Plastic,0,HDPE Plastic,0.9999991655349731,0.9999991655349731,1.1154053680684228e-07,6.448706244555069e-07,5.486927889819526e-08,1.0266487038279593e-07
/Users/aswanathjs/Downloads/test9/ai_plastic_waste_management_training/PP Plastic/square_containers_grey/0011_a05b00c2d3e0f0g0h2.jpg,3,PP Plastic,3,PP Plastic,0.9999904632568359,2.2909198378329165e-06,1.2712885109067429e-06,5.605551450571511e-06,0.9999904632568359,3.1787001830707595e-07
/Users/aswanathjs/Downloads/test9/ai_plastic_waste_management_training/PP Plastic/rectangle_containers/0011_a05b00c2d3e0f0g0h2.jpg,3,PP Plastic,3,PP Plastic,0.9999343156814575,4.100065780221485e-06,3.8153884815983474e-06,5.4958709370112047e-05,0.9999343156814575,2.8219703835929977e-06
/Users/aswanathjs/Downloads/test9/ai_plastic_waste_management_training/PP Plastic/square_containers/0011_a05b00c2d3e0f0g0h2.jpg,3,PP Plastic,3,PP Plastic,0.9999343156814575,4.100065780221485e-06,3.8153884815983474e-06,5.4958709370112047e-05,0.9999343156814575,2.8219703835929977e-06
/Users/aswanathjs/Downloads/test9/ai_plastic_waste_management_training/PET Plastic/shampoo_bottles/0050_a05b00c1d1e1f1g0h2.jpg,2,PET Plastic,2,PET Plastic,0.999736487865448,0.0002580842119641602,2.8486679184425157e-06,0.999736487865448,1.5701307347626425e-06,9.886290399663267e-07
/Users/aswanathjs/Downloads/test9/ai_plastic_waste_management_training/HDPE Plastic/milk_bottles/HDPEM58.jpg,0,HDPE Plastic,0,HDPE Plastic,0.999998927116394,0.999998927116394,1.5278921461359118e-09,4.53473859352016e-07,6.006470130159869e-07,1.1154557277848198e-08
/Users/aswanathjs/Downloads/test9/ai_plastic_waste_management_training/HDPE Plastic/milk_bottles_grey/HDPEM58.jpg,0,HDPE Plastic,0,HDPE Plastic,0.9999752044677734,0.9999752044677734,4.473840817809105e-07,1.2830195373680908e-05,9.150066034635529e-06,2.2730789623892633e-06
/Users/aswanathjs/Downloads/test9/ai_plastic_waste_management_training/HDPE Plastic/milk_bottles/HDPEM144.jpg,0,HDPE Plastic,0,HDPE Plastic,0.9999697208404541,0.9999697208404541,1.313390498580702e-07,1.949170109583065e-05,1.0254716471536085e-05,3.206758663054643e-07
/Users/aswanathjs/Downloads/test9/ai_plastic_waste_management_training/PET Plastic/black_white_plastic_bottles/crhvi_jpg.rf.48f9aed63469779d4cfbf4b3b4b1ce1c.jpg,2,PET Plastic,2,PET Plastic,0.999993085861206,1.3066156725471956e-06,7.270143669302342e-07,0.999993085861206,3.020206349901855e-06,1.8936738115371554e-06
"/Users/aswanathjs/Downloads/test9/ai_plastic_waste_management_training/PET Plastic/plastic_bottles/PET1,134.jpg",2,PET Plastic,2,PET Plastic,0.9999957084655762,6.652875583768036e-08,4.130754405196058e-06,0.9999957084655762,7.075644248288881e-08,3.747232213413554e-08
/Users/aswanathjs/Downloads/test9/ai_plastic_waste_management_training/HDPE Plastic/milk_bottles/HDPEM289.jpg,0,HDPE Plastic,0,HDPE Plastic,0.9999474287033081,0.9999474287033081,3.2196032506703887e-09,5.218029036768712e-05,1.4493950573069014e-07,2.3312200880809542e-07
/Users/aswanathjs/Downloads/test9/ai_plastic_waste_management_training/HDPE Plastic/shampoo_bottles/0061_a02b01c1d2e0f1g0h0.jpg,0,HDPE Plastic,0,HDPE Plastic,1.0,1.0,2.878961825880655e-12,2.531559406548922e-10,3.81903710044984e-11,4.378094241308528e-12
/Users/aswanathjs/Downloads/test9/ai_plastic_waste_management_training/HDPE Plastic/shampoo_bottles/0065_a02b03c2d1e0f1g0h4.jpg,0,HDPE Plastic,0,HDPE Plastic,1.0,1.0,1.2725711109884408e-11,7.103143628839348e-10,8.482937907672294e-09,9.537250156288479e-11
"/Users/aswanathjs/Downloads/test9/ai_plastic_waste_management_training/PET Plastic/plastic_bottles/PET1,253.jpg",2,PET Plastic,2,PET Plastic,0.9999966621398926,9.174758588414988e-07,3.250822544487164e-07,0.9999966621398926,1.9011193899132195e-06,2.0885936180548015e-07
"/Users/aswanathjs/Downloads/test9/ai_plastic_waste_management_training/PET Plastic/plastic_bottles/PET1,502.jpg",2,PET Plastic,2,PET Plastic,0.9999263286590576,4.738656571134925e-05,6.875613053125562e-06,0.9999263286590576,1.2510268788901158e-05,6.828283858340001e-06
/Users/aswanathjs/Downloads/test9/ai_plastic_waste_management_training/PET Plastic/black_white_plastic_bottles/aznsw_jpg.rf.7864545913a69ecd6256c025d2b5853e.jpg,2,PET Plastic,2,PET Plastic,0.9999961853027344,2.177208216380677e-06,7.501174650315079e-07,0.9999961853027344,1.9472575729650998e-07,7.082516617629153e-07
/Users/aswanathjs/Downloads/test9/ai_plastic_waste_management_training/HDPE Plastic/milk_bottles/HDPEM130.jpg,0,HDPE Plastic,0,HDPE Plastic,1.0,1.0,5.795307810030348e-13,1.3407826238154286e-10,6.823382969756153e-10,1.690206655191595e-11
/Users/aswanathjs/Downloads/test9/ai_plastic_waste_management_training/PET Plastic/shampoo_bottles/IMG_20220209_220305.jpg,2,PET Plastic,2,PET Plastic,0.9718610644340515,0.028005581349134445,1.5043571693240665e-05,0.9718610644340515,0.0001160017927759327,2.3762556793371914e-06
/Users/aswanathjs/Downloads/test9/ai_plastic_waste_management_training/HDPE Plastic/milk_bottles/HDPEM266.jpg,0,HDPE Plastic,0,HDPE Plastic,0.9999384880065918,0.9999384880065918,1.2125705097787431e-06,2.763499423963367e-06,5.759246050729416e-05,3.422830729959969e-08
/Users/aswanathjs/Downloads/test9/ai_plastic_waste_management_training/HDPE Plastic/milk_bottles/HDPEM11.jpg,0,HDPE Plastic,0,HDPE Plastic,0.9938055276870728,0.9938055276870728,0.0007416442385874689,0.00029876138432882726,2.2118296328699216e-05,0.005131975281983614
/Users/aswanathjs/Downloads/test9/ai_plastic_waste_management_training/HDPE Plastic/shampoo_bottles/0078_a02b07c2d2e0f1g0h1.jpg,0,HDPE Plastic,0,HDPE Plastic,0.9999994039535522,0.9999994039535522,1.7652908301801773e-10,6.516284543067741e-07,9.605641615451077e-09,4.664120131780969e-11
/Users/aswanathjs/Downloads/test9/ai_plastic_waste_management_training/LDPE Plastic/black_white__plastic_bags/0129_jpg.rf.ae6a8d268dbd6910c95e855cf06cd7f9.jpg,1,LDPE Plastic,1,LDPE Plastic,0.9985604882240295,0.00010226460290141404,0.9985604882240295,0.0005517411627806723,0.0006801541312597692,0.00010536644549574703
/Users/aswanathjs/Downloads/test9/ai_plastic_waste_management_training/PET Plastic/black_white_plastic_bottles/amyit_jpg.rf.5a1bf148fd2170f04ec49c8ee841b105.jpg,2,PET Plastic,2,PET Plastic,0.9999998807907104,1.0214401413577434e-07,1.711343422527989e-08,0.9999998807907104,2.303294621697205e-08,2.3938417470503737e-08
/Users/aswanathjs/Downloads/test9/ai_plastic_waste_management_training/HDPE Plastic/shampoo_bottles/0063_a02b01c1d1e0f1g1h4.jpg,0,HDPE Plastic,0,HDPE Plastic,0.9998488426208496,0.9998488426208496,5.345731096895179e-06,1.7290480172960088e-05,0.00012512013199739158,3.3759406505851075e-06
/Users/aswanathjs/Downloads/test9/ai_plastic_waste_management_training/HDPE Plastic/shampoo_bottles/0063_a02b01c1d1e0f1g1h2.jpg,0,HDPE Plastic,0,HDPE Plastic,0.9999064207077026,0.9999064207077026,2.959269295388367e-06,9.293075891037006e-06,7.975049811648205e-05,1.5641394384147134e-06
"/Users/aswanathjs/Downloads/test9/ai_plastic_waste_management_training/PET Plastic/plastic_bottles/PET1,203.jpg",2,PET Plastic,2,PET Plastic,0.999909520149231,1.1104033546871506e-05,5.910880645387806e-05,0.999909520149231,1.8268265193910338e-05,1.9607018657552544e-06
/Users/aswanathjs/Downloads/test9/ai_plastic_waste_management_training/PP Plastic/round_containers/0043_a06b01c1d1e0f0g0h4.jpg,3,PP Plastic,3,PP Plastic,0.9988480806350708,0.0008701365441083908,4.226758755976334e-05,0.00022543713566847146,0.9988480806350708,1.4102511158853304e-05
/Users/aswanathjs/Downloads/test9/ai_plastic_waste_management_training/HDPE Plastic/shampoo_bottles/0061_a02b01c1d0e0f1g0h3.jpg,0,HDPE Plastic,0,HDPE Plastic,0.9977837204933167,0.9977837204933167,1.680466994002927e-06,0.0021700039505958557,3.806443783105351e-05,6.502240466943476e-06
/Users/aswanathjs/Downloads/test9/ai_plastic_waste_management_training/LDPE Plastic/plastic_bags/LDPE-14_jpg.rf.ab69978daed73af447299f1983365e66.jpg,1,LDPE Plastic,1,LDPE Plastic,0.9990805387496948,3.687914431793615e-05,0.9990805387496948,0.00012568784586619586,0.0007187597220763564,3.8122525438666344e-05
/Users/aswanathjs/Downloads/test9/ai_plastic_waste_management_training/HDPE Plastic/shampoo_bottles/0061_a02b01c2d1e0f1g0h1(1).jpg,0,HDPE Plastic,0,HDPE Plastic,0.9999747276306152,0.9999747276306152,4.091315588539146e-07,2.2323472876450978e-05,1.3293283700477332e-06,1.2001444247289328e-06
/Users/aswanathjs/Downloads/test9/ai_plastic_waste_management_training/PP Plastic/round_containers/0044_a06b01c1d2e0f0g0h4.jpg,3,PP Plastic,3,PP Plastic,0.9983293414115906,0.001582543714903295,8.481160875817295e-06,6.176872557261959e-05,0.9983293414115906,1.7946469597518444e-05
/Users/aswanathjs/Downloads/test9/ai_plastic_waste_management_training/PS Plastic/foam_sheets/PS-738_jpg.rf.16d2cdfe8999d6e332e483dac5beca65.jpg,4,PS Plastic,4,PS Plastic,0.9999721050262451,6.189808118506335e-06,3.279250449850224e-06,2.5381127670698334e-06,1.5919005818432197e-05,0.9999721050262451
/Users/aswanathjs/Downloads/test9/ai_plastic_waste_management_training/LDPE Plastic/plastic_bags/plasticbag (120).jpg,1,LDPE Plastic,1,LDPE Plastic,0.9999982118606567,1.8925515377077318e-08,0.9999982118606567,4.6712469270460133e-07,1.0509011190151796e-06,1.754451091073861e-07
/Users/aswanathjs/Downloads/test9/ai_plastic_waste_management_training/HDPE Plastic/detergent_bottles/0096_a02b04c1d1e0f0g0h4.jpg,0,HDPE Plastic,0,HDPE Plastic,1.0,1.0,1.79666531652245e-10,1.0326816068939593e-09,3.780673907272103e-08,1.7003963515005438e-10
/Users/aswanathjs/Downloads/test9/ai_plastic_waste_management_training/HDPE Plastic/milk_bottles/HDPEM387.jpg,0,HDPE Plastic,0,HDPE Plastic,0.9999996423721313,0.9999996423721313,6.551363340712157e-10,7.787289035832146e-09,3.0888705282450246e-07,2.7622295561968713e-08
/Users/aswanathjs/Downloads/test9/ai_plastic_waste_management_training/HDPE Plastic/milk_bottles/HDPEM97.jpg,0,HDPE Plastic,0,HDPE Plastic,0.9999659061431885,0.9999659061431885,1.1961425627760036e-08,3.076935900026001e-05,3.064587644985295e-06,2.9313991944945883e-07
/Users/aswanathjs/Downloads/test9/ai_plastic_waste_management_training/PP Plastic/irregular_containers/train_PP-77_jpg.rf.4b2f1cf2391ee884d4caa557cc60d005.jpg,3,PP Plastic,3,PP Plastic,0.9998254179954529,1.299246861208303e-07,0.00015766207070555538,9.61547721090028e-06,0.9998254179954529,7.193422334239585e-06
/Users/aswanathjs/Downloads/test9/ai_plastic_waste_management_training/PS Plastic/foam_containers/Image_23.png,4,PS Plastic,3,PP Plastic,0.473965585231781,0.05282308906316757,0.13167767226696014,0.005956952925771475,0.473965585231781,0.3355766832828522
/Users/aswanathjs/Downloads/test9/ai_plastic_waste_management_training/LDPE Plastic/plastic_bags/plasticbag (32).jpg,1,LDPE Plastic,1,LDPE Plastic,0.999995231628418,3.179703753630747e-07,0.999995231628418,1.9614617485785857e-07,2.977265012304997e-06,1.244590976057225e-06
/Users/aswanathjs/Downloads/test9/ai_plastic_waste_management_training/LDPE Plastic/plastic_bags/LDPE-316_jpg.rf.83ca2f22ad905e488516a44d976149f5.jpg,1,LDPE Plastic,1,LDPE Plastic,0.9999990463256836,1.9513743509946835e-08,0.9999990463256836,2.473389031365514e-07,2.654672641710931e-07,4.909927611151943e-07
/Users/aswanathjs/Downloads/test9/ai_plastic_waste_management_training/PS Plastic/foam_containers/0058_a06b01c1d1e0f0g0h2.jpg,4,PS Plastic,4,PS Plastic,0.999325156211853,0.0004281858273316175,1.3502889260053053e-06,5.188697832636535e-05,0.00019336759578436613,0.999325156211853
"/Users/aswanathjs/Downloads/test9/ai_plastic_waste_management_training/PET Plastic/plastic_bottles/PET1,347.jpg",2,PET Plastic,2,PET Plastic,0.9999667406082153,1.356462871626718e-05,2.063007286778884e-06,0.9999667406082153,1.7090678738895804e-05,5.139758627592528e-07
/Users/aswanathjs/Downloads/test9/ai_plastic_waste_management_training/HDPE Plastic/shampoo_bottles/0077_a02b01c1d0e0f1g0h4.jpg,0,HDPE Plastic,0,HDPE Plastic,0.9998798370361328,0.9998798370361328,5.783471124232165e-07,0.00011489484313642606,2.226755213996512e-06,2.3539505491498858e-06
/Users/aswanathjs/Downloads/test9/ai_plastic_waste_management_training/PP Plastic/rectangle_containers/train_PP-34-_jpg.rf.f55235ecaa1a8ecd391b63c35e33b0e1.jpg,3,PP Plastic,3,PP Plastic,0.9999946355819702,1.1187518822453058e-07,5.227626843407052e-06,3.522967251257114e-09,0.9999946355819702,1.5262341390709366e-09
/Users/aswanathjs/Downloads/test9/ai_plastic_waste_management_training/PP Plastic/rectangle_containers_grey/train_PP-34-_jpg.rf.f55235ecaa1a8ecd391b63c35e33b0e1.jpg,3,PP Plastic,3,PP Plastic,0.999993085861206,4.1099095682284315e-08,6.97343921274296e-06,1.127299809056126e-09,0.999993085861206,3.378969049006031e-10
/Users/aswanathjs/Downloads/test9/ai_plastic_waste_management_training/LDPE Plastic/plastic_bags/plasticbag (43).jpg,1,LDPE Plastic,1,LDPE Plastic,0.9999767541885376,4.762152912007878e-06,0.9999767541885376,2.1412281512311893e-06,8.582157533965074e-06,7.718385859334376e-06
/Users/aswanathjs/Downloads/test9/ai_plastic_waste_management_training/PET Plastic/plastic_bottles/PET287.jpg,2,PET Plastic,2,PET Plastic,0.9999688863754272,3.0394710847758688e-05,5.900861879126751e-07,0.9999688863754272,7.098663701299301e-08,3.1414135737151128e-09
"/Users/aswanathjs/Downloads/test9/ai_plastic_waste_management_training/PET Plastic/plastic_bottles/PET1,285.jpg",2,PET Plastic,2,PET Plastic,0.9998242259025574,9.273875184589997e-05,2.2648522644885816e-05,0.9998242259025574,4.5916149247204885e-05,1.4576926332665607e-05
/Users/aswanathjs/Downloads/test9/ai_plastic_waste_management_training/PET Plastic/black_white_plastic_bottles/dbeav_jpg.rf.94dea5a2435a077ef60c927ecc8f40c4.jpg,2,PET Plastic,2,PET Plastic,0.9999719858169556,2.864913540179259e-06,1.570851782162208e-05,0.9999719858169556,4.940840881317854e-06,4.528145382209914e-06
/Users/aswanathjs/Downloads/test9/ai_plastic_waste_management_training/PET Plastic/black_white_plastic_bottles/cjdyf_jpg.rf.256e5435b5cf40af12fda51f80f22b06.jpg,2,PET Plastic,2,PET Plastic,0.999984622001648,1.5784154356879299e-06,7.523580734414281e-06,0.999984622001648,3.855053364532068e-06,2.4975599899335066e-06
/Users/aswanathjs/Downloads/test9/ai_plastic_waste_management_training/LDPE Plastic/plastic_bags/plasticbag (63).jpg,1,LDPE Plastic,1,LDPE Plastic,0.9999871253967285,3.5483307669892383e-07,0.9999871253967285,1.8493176767719888e-08,1.2410529961925931e-05,1.101611104559197e-07
/Users/aswanathjs/Downloads/test9/ai_plastic_waste_management_training/PP Plastic/rectangle_containers/0011_a05b00c2d3e0f0g0h0.jpg,3,PP Plastic,3,PP Plastic,0.9926819205284119,0.0010958118364214897,0.00038722308818250895,0.005479401908814907,0.9926819205284119,0.0003556815499905497
/Users/aswanathjs/Downloads/test9/ai_plastic_waste_management_training/PP Plastic/square_containers/0011_a05b00c2d3e0f0g0h0.jpg,3,PP Plastic,3,PP Plastic,0.9926819205284119,0.0010958118364214897,0.00038722308818250895,0.005479401908814907,0.9926819205284119,0.0003556815499905497
/Users/aswanathjs/Downloads/test9/ai_plastic_waste_management_training/PET Plastic/shampoo_bottles/0080_a05b00c1d3e0f1g0h4.jpg,2,PET Plastic,2,PET Plastic,0.9999662637710571,1.6642243281239644e-05,8.28047632239759e-06,0.9999662637710571,4.657043973566033e-06,4.118222932447679e-06
/Users/aswanathjs/Downloads/test9/ai_plastic_waste_management_training/LDPE Plastic/plastic_bags/plasticbag (67).jpg,1,LDPE Plastic,1,LDPE Plastic,1.0,5.294222304996765e-08,1.0,8.110760951751672e-10,1.6909735833792183e-08,1.450367742572567e-10
/Users/aswanathjs/Downloads/test9/ai_plastic_waste_management_training/HDPE Plastic/milk_bottles/HDPEM118.jpg,0,HDPE Plastic,0,HDPE Plastic,1.0,1.0,4.045495535787147e-11,1.8681847180346267e-08,1.179978781351565e-08,6.953133069309558e-10
/Users/aswanathjs/Downloads/test9/ai_plastic_waste_management_training/HDPE Plastic/shampoo_bottles/0076_a02b06c2d3e0f1g0h1.jpg,0,HDPE Plastic,0,HDPE Plastic,0.9999985694885254,0.9999985694885254,9.036005721441143e-09,8.555220887274118e-08,1.3457050727083697e-06,1.8389869183010887e-08
/Users/aswanathjs/Downloads/test9/ai_plastic_waste_management_training/LDPE Plastic/plastic_bags/LDPE-550_jpg.rf.3fd6e176828d49db1ae5409b73cc46dc.jpg,1,LDPE Plastic,1,LDPE Plastic,0.999131977558136,3.712287070811726e-05,0.999131977558136,5.073581269243732e-05,0.0006265264237299562,0.00015363570128101856
/Users/aswanathjs/Downloads/test9/ai_plastic_waste_management_training/LDPE Plastic/plastic_bags/train_LDPE-35_jpg.rf.83dfa5eda3f82cf88195daaaa429e567.jpg,1,LDPE Plastic,1,LDPE Plastic,0.9989597797393799,0.0006175173912197351,0.9989597797393799,0.00014556970563717186,0.00012352691555861384,0.0001536062773084268
/Users/aswanathjs/Downloads/test9/ai_plastic_waste_management_training/PS Plastic/foam_containers/Image_95.png,4,PS Plastic,3,PP Plastic,0.5103785395622253,0.03064676746726036,0.1705089956521988,0.006730496883392334,0.5103785395622253,0.2817351520061493
"/Users/aswanathjs/Downloads/test9/ai_plastic_waste_management_training/PET Plastic/plastic_bottles/PET1,453.jpg",2,PET Plastic,2,PET Plastic,0.9999984502792358,2.5633016775827855e-07,4.02047817260609e-07,0.9999984502792358,8.207393875636626e-07,7.218590525326363e-08
"/Users/aswanathjs/Downloads/test9/ai_plastic_waste_management_training/PET Plastic/plastic_bottles/PET1,060.jpg",2,PET Plastic,2,PET Plastic,0.9999990463256836,1.1965387614054634e-07,5.19653099217976e-07,0.9999990463256836,1.6528163371276605e-07,7.89279965829337e-08
/Users/aswanathjs/Downloads/test9/ai_plastic_waste_management_training/LDPE Plastic/plastic_bags/plasticbag (203).jpg,1,LDPE Plastic,1,LDPE Plastic,0.9999116659164429,5.324427547748201e-06,0.9999116659164429,4.310057875045459e-07,5.056006557424553e-06,7.751346129225567e-05
"/Users/aswanathjs/Downloads/test9/ai_plastic_waste_management_training/PET Plastic/plastic_bottles/PET1,170.jpg",2,PET Plastic,2,PET Plastic,0.9999500513076782,1.2834424524044152e-05,3.1487121304962784e-05,0.9999500513076782,2.3560135105071822e-06,3.2231002933258424e-06
/Users/aswanathjs/Downloads/test9/ai_plastic_waste_management_training/HDPE Plastic/detergent_bottles/0098_a02b03c1d3e0f0g0h2.jpg,0,HDPE Plastic,0,HDPE Plastic,1.0,1.0,3.5944772158735816e-10,6.929394835708536e-10,4.7278213344270625e-08,3.897216160897443e-10
/Users/aswanathjs/Downloads/test9/ai_plastic_waste_management_training/HDPE Plastic/detergent_bottles/0096_a02b04c1d1e0f0g0h0.jpg,0,HDPE Plastic,0,HDPE Plastic,1.0,1.0,3.0562148367607733e-09,3.6646067513856906e-08,6.240733263496168e-09,2.676809052193363e-10
/Users/aswanathjs/Downloads/test9/ai_plastic_waste_management_training/PS Plastic/foam_containers/Image_158.png,4,PS Plastic,4,PS Plastic,0.7169010639190674,0.050999075174331665,0.053308527916669846,0.0029695776756852865,0.1758216768503189,0.7169010639190674
/Users/aswanathjs/Downloads/test9/ai_plastic_waste_management_training/PET Plastic/plastic_bottles/PET812.jpg,2,PET Plastic,2,PET Plastic,0.9988417029380798,4.4374075514497235e-05,0.0009922983590513468,0.9988417029380798,4.305200127419084e-05,7.864078361308202e-05
/Users/aswanathjs/Downloads/test9/ai_plastic_waste_management_training/LDPE Plastic/black_white__plastic_bags/0300_jpg.rf.3e144ddad01220b31b104cefe54d3b4f.jpg,1,LDPE Plastic,1,LDPE Plastic,0.9998335838317871,5.6688269978621975e-05,0.9998335838317871,2.574652899056673e-05,4.164651909377426e-05,4.241093483869918e-05
"/Users/aswanathjs/Downloads/test9/ai_plastic_waste_management_training/PET Plastic/plastic_bottles/PET1,464.jpg",2,PET Plastic,2,PET Plastic,0.9999698400497437,7.331981123570586e-06,3.219839982193662e-06,0.9999698400497437,1.929134850797709e-05,2.869398940674728e-07
/Users/aswanathjs/Downloads/test9/ai_plastic_waste_management_training/PS Plastic/foam_containers/Image_210.png,4,PS Plastic,4,PS Plastic,0.9553065299987793,0.0006730819586664438,0.009693748317658901,0.0031032038386911154,0.031223511323332787,0.9553065299987793
/Users/aswanathjs/Downloads/test9/ai_plastic_waste_management_training/PET Plastic/black_white_plastic_bottles/bgptc_jpg.rf.dab44768825d858df269e2ea67e18976.jpg,2,PET Plastic,2,PET Plastic,0.9999969005584717,2.5148651161543967e-07,2.3795341803634074e-06,0.9999969005584717,7.80614328732554e-08,2.8862893941550283e-07
/Users/aswanathjs/Downloads/test9/ai_plastic_waste_management_training/PP Plastic/round_containers/0095_a05b01c1d3e0f0g0h2.jpg,3,PP Plastic,3,PP Plastic,0.9995595812797546,6.462878809543326e-05,3.519752499414608e-05,0.0003189041162841022,0.9995595812797546,2.1714655304094777e-05
/Users/aswanathjs/Downloads/test9/ai_plastic_waste_management_training/PP Plastic/round_containers_grey/0095_a05b01c1d3e0f0g0h2.jpg,3,PP Plastic,3,PP Plastic,0.9992507100105286,3.8352689443854615e-05,0.00029582317802123725,0.000381322402972728,0.9992507100105286,3.3801323297666386e-05
/Users/aswanathjs/Downloads/test9/ai_plastic_waste_management_training/HDPE Plastic/detergent_bottles/0096_a02b04c1d3e0f0g0h4.jpg,0,HDPE Plastic,0,HDPE Plastic,0.960845947265625,0.960845947265625,0.002607332542538643,0.0003394771774765104,0.03562042489647865,0.0005868401494808495
/Users/aswanathjs/Downloads/test9/ai_plastic_waste_management_training/HDPE Plastic/milk_bottles/HDPEM254.jpg,0,HDPE Plastic,0,HDPE Plastic,0.9999980926513672,0.9999980926513672,9.529563804733243e-10,1.4468603239947697e-06,4.809407982975245e-07,2.801077414460451e-08
/Users/aswanathjs/Downloads/test9/ai_plastic_waste_management_training/PET Plastic/plastic_bottles/PET541.jpg,2,PET Plastic,2,PET Plastic,0.9999802112579346,4.392223218019353e-06,8.799341230769642e-06,0.9999802112579346,3.993333393736975e-06,2.6978327696269844e-06
/Users/aswanathjs/Downloads/test9/ai_plastic_waste_management_training/PS Plastic/foam_containers/0058_a06b01c2d1e0f0g0h0.jpg,4,PS Plastic,4,PS Plastic,0.9993743300437927,0.0004965806729160249,5.911551426152073e-08,3.4824162753466226e-07,0.0001287219929508865,0.9993743300437927
/Users/aswanathjs/Downloads/test9/ai_plastic_waste_management_training/PS Plastic/foam_sheets/PS-673_jpg.rf.fddd5ce6f1abf3a0d5b4704101b89be3.jpg,4,PS Plastic,4,PS Plastic,0.9999996423721313,2.5205363840541395e-07,7.45010098057719e-08,1.0003559758331448e-08,2.6256110619016226e-09,0.9999996423721313
"/Users/aswanathjs/Downloads/test9/ai_plastic_waste_management_training/PET Plastic/plastic_bottles/PET1,558.jpg",2,PET Plastic,2,PET Plastic,0.9999946355819702,2.6980580969393486e-07,3.6090254980081227e-06,0.9999946355819702,1.14805402517959e-06,3.137973294542462e-07
/Users/aswanathjs/Downloads/test9/ai_plastic_waste_management_training/LDPE Plastic/black_white__plastic_bags/0000_jpg.rf.d30b3fb31177b9d3bf0d1d6bf0d253ed.jpg,1,LDPE Plastic,1,LDPE Plastic,0.9999539852142334,6.928151833562879e-06,0.9999539852142334,6.478460818470921e-06,2.0545396182569675e-05,1.2153303032391705e-05
/Users/aswanathjs/Downloads/test9/ai_plastic_waste_management_training/PET Plastic/shampoo_bottles/0050_a05b00c1d2e1f1g0h0.jpg,2,PET Plastic,2,PET Plastic,0.9999459981918335,3.759055834962055e-05,9.534731361782178e-06,0.9999459981918335,5.865260391146876e-06,1.0686954965422046e-06
"/Users/aswanathjs/Downloads/test9/ai_plastic_waste_management_training/PET Plastic/plastic_bottles/PET1,441.jpg",2,PET Plastic,2,PET Plastic,0.9999688863754272,1.611842662896379e-06,3.059699338336941e-06,0.9999688863754272,2.62970552284969e-05,1.8905089405052422e-07
/Users/aswanathjs/Downloads/test9/ai_plastic_waste_management_training/LDPE Plastic/plastic_bags/P_W (1375).jpg,1,LDPE Plastic,1,LDPE Plastic,0.9999711513519287,1.0896976164076477e-05,0.9999711513519287,2.1325956822693115e-06,9.825763299886603e-06,6.016539373376872e-06
/Users/aswanathjs/Downloads/test9/ai_plastic_waste_management_training/HDPE Plastic/detergent_bottles/0039_a02b01c2d1e0f1g0h1.jpg,0,HDPE Plastic,0,HDPE Plastic,0.9999998807907104,0.9999998807907104,4.0455816474604944e-10,1.0052283272443674e-07,2.129491472047107e-09,5.022406379673328e-10
/Users/aswanathjs/Downloads/test9/ai_plastic_waste_management_training/HDPE Plastic/detergent_botteles_grey/0039_a02b01c2d1e0f1g0h1.jpg,0,HDPE Plastic,0,HDPE Plastic,1.0,1.0,5.213184550711958e-09,2.2034944535676004e-08,3.838692919089226e-09,6.486041148612287e-10
/Users/aswanathjs/Downloads/test9/ai_plastic_waste_management_training/HDPE Plastic/shampoo_bottles/0077_a02b01c2d0e0f1g0h1.jpg,0,HDPE Plastic,0,HDPE Plastic,0.9961005449295044,0.9961005449295044,6.6808047449740116e-06,0.0034170441795140505,0.0004255720414221287,5.022156983613968e-05
/Users/aswanathjs/Downloads/test9/ai_plastic_waste_management_training/HDPE Plastic/milk_bottles/HDPEM1-003_jpg.rf.02cead67f36887e93c67c41f5f1bfa44.jpg,0,HDPE Plastic,0,HDPE Plastic,0.999997615814209,0.999997615814209,1.720199094279451e-07,1.7152610780613031e-06,5.3194234794773365e-08,4.815289003090584e-07
/Users/aswanathjs/Downloads/test9/ai_plastic_waste_management_training/PET Plastic/plastic_bottles/PET808.jpg,2,PET Plastic,2,PET Plastic,0.9998935461044312,6.580994067917345e-06,6.386720633599907e-05,0.9998935461044312,2.8545237000798807e-05,7.484046363970265e-06
/Users/aswanathjs/Downloads/test9/ai_plastic_waste_management_training/HDPE Plastic/milk_bottles/HDPEM19.jpg,0,HDPE Plastic,0,HDPE Plastic,0.9999967813491821,0.9999967813491821,2.1118706783340713e-08,7.53636015815573e-08,3.0951559892855585e-06,1.4733029018998423e-08
/Users/aswanathjs/Downloads/test9/ai_plastic_waste_management_training/HDPE Plastic/shampoo_bottles/0061_a02b01c2d2e0f1g0h3.jpg,0,HDPE Plastic,0,HDPE Plastic,1.0,1.0,1.061254903400588e-11,1.8956536340652974e-09,6.84541312523379e-10,4.181523183266478e-11
/Users/aswanathjs/Downloads/test9/ai_plastic_waste_management_training/LDPE Plastic/bin_bags/Image_162.png,1,LDPE Plastic,1,LDPE Plastic,0.996783971786499,0.0006117587327025831,0.996783971786499,0.0007165858987718821,0.001842848607338965,4.480665666051209e-05
/Users/aswanathjs/Downloads/test9/ai_plastic_waste_management_training/PP Plastic/round_containers/Image_162.png,1,LDPE Plastic,3,PP Plastic,0.7324173450469971,0.008648311719298363,0.25285863876342773,0.004340674262493849,0.7324173450469971,0.0017350595444440842
/Users/aswanathjs/Downloads/test9/ai_plastic_waste_management_training/PS Plastic/foam_containers/Image_162.png,1,LDPE Plastic,3,PP Plastic,0.375376433134079,0.06383346021175385,0.3437470495700836,0.01011290680617094,0.375376433134079,0.20693016052246094
/Users/aswanathjs/Downloads/test9/ai_plastic_waste_management_training/HDPE Plastic/milk_bottles/HDPEM206.jpg,0,HDPE Plastic,0,HDPE Plastic,0.9999998807907104,0.9999998807907104,5.788378665272376e-10,7.690994863196465e-08,1.8463596873630195e-08,4.694537381055852e-08
/Users/aswanathjs/Downloads/test9/ai_plastic_waste_management_training/PP Plastic/round_containers/0035_a06b01c1d1e0f0g0h4.jpg,3,PP Plastic,3,PP Plastic,0.9997877478599548,0.00016858363233041018,1.4865951243336895e-06,3.9198235754156485e-05,0.9997877478599548,3.102984464931069e-06
/Users/aswanathjs/Downloads/test9/ai_plastic_waste_management_training/PET Plastic/black_white_plastic_bottles/anclz_jpg.rf.92ecae87db87c10f1c8d75dea103471d.jpg,2,PET Plastic,2,PET Plastic,0.9999966621398926,2.948553401438403e-07,1.8358068700763397e-06,0.9999966621398926,5.319801630321308e-07,6.853180707366846e-07
/Users/aswanathjs/Downloads/test9/ai_plastic_waste_management_training/LDPE Plastic/plastic_bags_grey/LDPE-61_jpg.rf.3a5a2fda5a32c4e56371b068fd24c573.jpg,1,LDPE Plastic,1,LDPE Plastic,0.9998489618301392,1.2229490664594778e-07,0.9998489618301392,6.521216710098088e-05,6.869730714242905e-05,1.702410554571543e-05
/Users/aswanathjs/Downloads/test9/ai_plastic_waste_management_training/LDPE Plastic/plastic_bags/LDPE-61_jpg.rf.3a5a2fda5a32c4e56371b068fd24c573.jpg,1,LDPE Plastic,1,LDPE Plastic,0.99991774559021,3.734341760264215e-07,0.99991774559021,3.654877218650654e-05,4.1575174691388384e-05,3.7119282296771416e-06
/Users/aswanathjs/Downloads/test9/ai_plastic_waste_management_training/LDPE Plastic/plastic_bags/LDPE-61_jpg.rf.4814fa8f010b9ef2e752d3f3d967b1c8.jpg,1,LDPE Plastic,1,LDPE Plastic,0.9999098777770996,2.0792251234524883e-05,0.9999098777770996,1.1834274118882604e-05,3.790154369198717e-05,1.9528953998815268e-05
"/Users/aswanathjs/Downloads/test9/ai_plastic_waste_management_training/PET Plastic/plastic_bottles/PET1,660.jpg",2,PET Plastic,2,PET Plastic,1.0,8.629875702936829e-10,3.303514406471919e-10,1.0,4.296359379374337e-10,3.84731829727869e-10
/Users/aswanathjs/Downloads/test9/ai_plastic_waste_management_training/HDPE Plastic/milk_bottles/HDPEM437.jpg,0,HDPE Plastic,0,HDPE Plastic,1.0,1.0,1.0528239216577636e-14,8.579708499212302e-09,4.395386778068694e-13,3.2707083569283313e-12
/Users/aswanathjs/Downloads/test9/ai_plastic_waste_management_training/LDPE Plastic/bin_bags/Image_152.png,1,LDPE Plastic,1,LDPE Plastic,0.9210680723190308,0.06419805437326431,0.9210680723190308,0.006756962742656469,0.0056891003623604774,0.0022879051975905895
/Users/aswanathjs/Downloads/test9/ai_plastic_waste_management_training/PP Plastic/square_containers/Image_152.png,1,LDPE Plastic,1,LDPE Plastic,0.6983732581138611,0.005402855575084686,0.6983732581138611,0.0016042565694078803,0.29169461131095886,0.0029249873477965593
/Users/aswanathjs/Downloads/test9/ai_plastic_waste_management_training/PS Plastic/foam_containers/Image_152.png,1,LDPE Plastic,3,PP Plastic,0.7067311406135559,0.009693380445241928,0.21004585921764374,0.004106465727090836,0.7067311406135559,0.06942315399646759
/Users/aswanathjs/Downloads/test9/ai_plastic_waste_management_training/PP Plastic/irregular_containers/0036_a05b00c2d1e0f0g0h0.jpg,3,PP Plastic,3,PP Plastic,0.9993226528167725,1.532627356937155e-05,0.0004052442964166403,0.00025262765120714903,0.9993226528167725,4.114234343433054e-06
"/Users/aswanathjs/Downloads/test9/ai_plastic_waste_management_training/HDPE Plastic/milk_bottles/HDPEM1,014.JPG",0,HDPE Plastic,0,HDPE Plastic,0.9962573051452637,0.9962573051452637,5.782325388281606e-05,0.0028814957477152348,0.0007017600582912564,0.00010159375233342871
/Users/aswanathjs/Downloads/test9/ai_plastic_waste_management_training/LDPE Plastic/plastic_bags/LDPE-5_jpg.rf.c7e9902a1147d1b10e321ad8b4f666c2.jpg,1,LDPE Plastic,1,LDPE Plastic,0.9985942244529724,8.581520887673832e-06,0.9985942244529724,0.0001543721737107262,0.0011434080079197884,9.946363570634276e-05
/Users/aswanathjs/Downloads/test9/ai_plastic_waste_management_training/HDPE Plastic/detergent_bottles/P_W (1078).jpg,0,HDPE Plastic,0,HDPE Plastic,0.9999948740005493,0.9999948740005493,5.129125124625489e-09,7.857668151700636e-07,4.289182015781989e-06,3.5098842943170894e-08
/Users/aswanathjs/Downloads/test9/ai_plastic_waste_management_training/PP Plastic/round_containers/0044_a06b01c1d0e0f0g0h1.jpg,3,PP Plastic,3,PP Plastic,0.9993442893028259,2.4826935259625316e-05,0.0003343878488522023,0.0002768724807538092,0.9993442893028259,1.9622069885372184e-05
/Users/aswanathjs/Downloads/test9/ai_plastic_waste_management_training/PP Plastic/round_containers/0009_a06b01c1d0e0f0g0h2.jpg,3,PP Plastic,3,PP Plastic,0.9990187883377075,3.599997944547795e-05,2.1216766981524415e-05,0.0009075488778762519,0.9990187883377075,1.643299219722394e-05
/Users/aswanathjs/Downloads/test9/ai_plastic_waste_management_training/PET Plastic/shampoo_bottles/0015_a05b00c2d1e1f1g0h3.jpg,2,PET Plastic,2,PET Plastic,0.9989880919456482,0.0007670540362596512,4.023259680252522e-05,0.9989880919456482,0.00010221712000202388,0.00010243893484584987
/Users/aswanathjs/Downloads/test9/ai_plastic_waste_management_training/HDPE Plastic/milk_bottles/HDPEM258.jpg,0,HDPE Plastic,0,HDPE Plastic,0.999991774559021,0.999991774559021,8.16416800830666e-09,1.6914001434997772e-06,6.293141723290319e-06,1.8571657278698694e-07
/Users/aswanathjs/Downloads/test9/ai_plastic_waste_management_training/LDPE Plastic/plastic_bags/plasticbag (109).jpg,1,LDPE Plastic,1,LDPE Plastic,0.9999936819076538,1.0963941754482676e-08,0.9999936819076538,2.583994955784874e-07,3.849907898256788e-06,2.258547738165362e-06
/Users/aswanathjs/Downloads/test9/ai_plastic_waste_management_training/LDPE Plastic/plastic_bags/LDPE-583_jpg.rf.4c1a14d59ab4ba0936b3f23635a42c15.jpg,1,LDPE Plastic,1,LDPE Plastic,0.9996583461761475,1.1904865459655412e-05,0.9996583461761475,1.553919537400361e-05,0.00017566746100783348,0.00013852880510967225
/Users/aswanathjs/Downloads/test9/ai_plastic_waste_management_training/HDPE Plastic/detergent_bottles/0096_a02b04c1d2e0f0g0h0.jpg,0,HDPE Plastic,0,HDPE Plastic,0.9999961853027344,0.9999961853027344,4.546248266734665e-09,6.991903500619401e-09,3.7808401884831255e-06,1.4370526102425174e-08
/Users/aswanathjs/Downloads/test9/ai_plastic_waste_management_training/HDPE Plastic/milk_bottles/HDPEM359.jpg,0,HDPE Plastic,0,HDPE Plastic,0.9875876307487488,0.9875876307487488,3.2918478609644808e-06,0.0040180073119699955,0.008387395180761814,3.6558913052431308e-06
/Users/aswanathjs/Downloads/test9/ai_plastic_waste_management_training/PP Plastic/round_containers/IMG_20220209_173657.jpg,3,PP Plastic,3,PP Plastic,0.9995332956314087,0.00021813724015373737,2.563588168413844e-05,0.00021907122572883964,0.9995332956314087,3.841982561425539e-06
/Users/aswanathjs/Downloads/test9/ai_plastic_waste_management_training/LDPE Plastic/plastic_bags/LDPE-272_jpg.rf.4e7f25c6f9db130c4596ba89621123d2.jpg,1,LDPE Plastic,1,LDPE Plastic,0.999570906162262,1.5499210348934866e-05,0.999570906162262,4.345584238762967e-05,0.0003326114674564451,3.75347699446138e-05
/Users/aswanathjs/Downloads/test9/ai_plastic_waste_management_training/HDPE Plastic/shampoo_bottles/0075_a02b01c1d0e0f0g0h4.jpg,0,HDPE Plastic,0,HDPE Plastic,0.9982056617736816,0.9982056617736816,8.701290062163025e-05,0.0010143461404368281,0.00044167813030071557,0.00025134015595540404
"/Users/aswanathjs/Downloads/test9/ai_plastic_waste_management_training/PET Plastic/plastic_bottles/PET1,103.jpg",2,PET Plastic,2,PET Plastic,0.9999998807907104,2.053787140354757e-09,9.579303394957606e-08,0.9999998807907104,7.106876864781952e-08,2.3337087817765223e-09
/Users/aswanathjs/Downloads/test9/ai_plastic_waste_management_training/LDPE Plastic/plastic_bags/LDPE-270_jpg.rf.f6d5e2bcb00709b3f700d5fbcf849dce.jpg,1,LDPE Plastic,1,LDPE Plastic,0.999812662601471,4.22154471380054e-06,0.999812662601471,8.263534982688725e-05,8.002870890777558e-05,2.0547448002616875e-05
/Users/aswanathjs/Downloads/test9/ai_plastic_waste_management_training/PET Plastic/plastic_bottles/PET514.jpg,2,PET Plastic,2,PET Plastic,0.9999723434448242,7.459153948730091e-06,3.7639385936927283e-06,0.9999723434448242,1.488861016696319e-05,1.5841264939808752e-06
/Users/aswanathjs/Downloads/test9/ai_plastic_waste_management_training/LDPE Plastic/plastic_bags/plasticbag (7).jpg,1,LDPE Plastic,1,LDPE Plastic,0.999998927116394,4.131153730213555e-08,0.999998927116394,5.315183670973056e-07,4.5279756477611954e-07,8.220670366654304e-08
/Users/aswanathjs/Downloads/test9/ai_plastic_waste_management_training/LDPE Plastic/plastic_bags/plasticbag (7).png,1,LDPE Plastic,1,LDPE Plastic,0.9997784495353699,6.013252004777314e-06,0.9997784495353699,3.392056532902643e-05,4.437142706592567e-06,0.00017722058692015707
"/Users/aswanathjs/Downloads/test9/ai_plastic_waste_management_training/PET Plastic/plastic_bottles/PET1,670.jpg",2,PET Plastic,2,PET Plastic,0.9999977350234985,1.9606652301717986e-08,2.1972905415168498e-06,0.9999977350234985,2.1346473477734662e-09,6.792832607516175e-08
/Users/aswanathjs/Downloads/test9/ai_plastic_waste_management_training/PS Plastic/foam_containers/styrofoam-148-_jpg.rf.26d009aa3b832ec97a774c06610da1e6.jpg,4,PS Plastic,4,PS Plastic,0.9797292947769165,0.00033323513343930244,0.015171130187809467,0.0046502528712153435,0.00011609610373852775,0.9797292947769165
/Users/aswanathjs/Downloads/test9/ai_plastic_waste_management_training/PS Plastic/foam_sheets/PS-508_jpg.rf.6ac5540d7e7275188eca3a373dcca6b2.jpg,4,PS Plastic,4,PS Plastic,1.0,5.208634945574886e-08,3.9142924457280515e-09,6.439646149658529e-09,2.4855997260431195e-09,1.0
/Users/aswanathjs/Downloads/test9/ai_plastic_waste_management_training/PS Plastic/foam_sheets/PS-763_jpg.rf.118ef12ce4c6fbb53c807d751ea31f6e.jpg,4,PS Plastic,4,PS Plastic,0.9999688863754272,6.951458999537863e-06,1.471157247578958e-06,4.039127361465944e-06,1.86849993042415e-05,0.9999688863754272
"/Users/aswanathjs/Downloads/test9/ai_plastic_waste_management_training/PET Plastic/plastic_bottles/PET1,778.jpg",2,PET Plastic,2,PET Plastic,0.999966025352478,2.14570954994997e-05,1.062790943251457e-05,0.999966025352478,1.733337740006391e-06,1.3769599149782152e-07
/Users/aswanathjs/Downloads/test9/ai_plastic_waste_management_training/LDPE Plastic/plastic_bags/LDPE-279_jpg.rf.b51bf1ea5a10af9f8523007699e5e630.jpg,1,LDPE Plastic,1,LDPE Plastic,0.9997871518135071,3.828538410743931e-06,0.9997871518135071,5.6110890000127256e-05,0.0001296515401918441,2.3271437385119498e-05
/Users/aswanathjs/Downloads/test9/ai_plastic_waste_management_training/PET Plastic/shampoo_bottles/0050_a05b00c2d2e1f1g0h0.jpg,2,PET Plastic,2,PET Plastic,0.9999843835830688,5.780202172900317e-06,3.539005547281704e-06,0.9999843835830688,5.5083642109821085e-06,7.244196353894949e-07
/Users/aswanathjs/Downloads/test9/ai_plastic_waste_management_training/HDPE Plastic/shampoo_bottles/0061_a02b01c2d0e0f1g0h4.jpg,0,HDPE Plastic,0,HDPE Plastic,0.9999847412109375,0.9999847412109375,3.912309054499019e-08,1.3661697266798e-05,1.0985185099343653e-06,3.409512601137976e-07
/Users/aswanathjs/Downloads/test9/ai_plastic_waste_management_training/PET Plastic/black_white_plastic_bottles/cmsfy_jpg.rf.74b37563b2371c3d80c6f8ebbb569889.jpg,2,PET Plastic,2,PET Plastic,0.999994158744812,5.613870143861277e-06,4.042614243360276e-09,0.999994158744812,8.364975911945294e-08,5.0521865802011234e-08
/Users/aswanathjs/Downloads/test9/ai_plastic_waste_management_training/HDPE Plastic/shampoo_bottles/0061_a02b01c1d1e0f1g0h1.jpg,0,HDPE Plastic,0,HDPE Plastic,1.0,1.0,1.4498485745306766e-09,2.3286638395347836e-08,8.437642584624427e-09,3.3080054251399815e-09
/Users/aswanathjs/Downloads/test9/ai_plastic_waste_management_training/PS Plastic/foam_containers/Image_239.png,4,PS Plastic,4,PS Plastic,0.5739439725875854,0.04048376530408859,0.15251794457435608,0.0075915222987532616,0.22546271979808807,0.5739439725875854
/Users/aswanathjs/Downloads/test9/ai_plastic_waste_management_training/LDPE Plastic/black_white__plastic_bags/0229_jpg.rf.43db647d7481373438f83d562fe10e22.jpg,1,LDPE Plastic,1,LDPE Plastic,0.9999592304229736,7.637694352524704e-07,0.9999592304229736,3.960428330174182e-06,3.1638151995139197e-05,4.485759745875839e-06
/Users/aswanathjs/Downloads/test9/ai_plastic_waste_management_training/HDPE Plastic/shampoo_bottles/0061_a02b01c1d0e0f1g0h4.jpg,0,HDPE Plastic,0,HDPE Plastic,0.9999998807907104,0.9999998807907104,9.032980474721342e-10,1.400621414404668e-07,3.109416724100811e-08,1.1745894923365086e-08
/Users/aswanathjs/Downloads/test9/ai_plastic_waste_management_training/PET Plastic/black_white_plastic_bottles/abwiq_jpg.rf.35d594d23a6a3437c12a43c047569fe9.jpg,2,PET Plastic,2,PET Plastic,0.9999750852584839,9.37439745030133e-06,1.0995900993293617e-05,0.9999750852584839,1.833681494645134e-06,2.615805897221435e-06
/Users/aswanathjs/Downloads/test9/ai_plastic_waste_management_training/PET Plastic/black_white_plastic_bottles/bcihj_jpg.rf.d1246403448e2310d052ea8a6885953e.jpg,2,PET Plastic,2,PET Plastic,0.9999856948852539,5.698315703739354e-07,1.2049990800733212e-05,0.9999856948852539,8.085233957899618e-07,8.059828360273968e-07
/Users/aswanathjs/Downloads/test9/ai_plastic_waste_management_training/PP Plastic/round_containers/Image_247.png,3,PP Plastic,3,PP Plastic,0.9173799157142639,0.00269333622418344,0.07089347392320633,0.005760899744927883,0.9173799157142639,0.0032722975593060255
/Users/aswanathjs/Downloads/test9/ai_plastic_waste_management_training/PS Plastic/foam_containers/Image_247.png,3,PP Plastic,3,PP Plastic,0.9512242674827576,0.008270690217614174,0.02170025371015072,0.0008451842586509883,0.9512242674827576,0.017959633842110634
/Users/aswanathjs/Downloads/test9/ai_plastic_waste_management_training/PS Plastic/foam_containers/styrofoam-116-_jpg.rf.77c495a5bd456678ba051f8397934c93.jpg,4,PS Plastic,4,PS Plastic,0.999438464641571,0.00027322533424012363,1.2293388863326982e-05,0.00025857999571599066,1.7486796423327178e-05,0.999438464641571
/Users/aswanathjs/Downloads/test9/ai_plastic_waste_management_training/LDPE Plastic/plastic_bags/plasticbag (83).jpg,1,LDPE Plastic,1,LDPE Plastic,0.9931948184967041,1.3989968465466518e-05,0.9931948184967041,0.0006967129302211106,0.006004042457789183,9.035864059114829e-05
/Users/aswanathjs/Downloads/test9/ai_plastic_waste_management_training/PET Plastic/black_white_plastic_bottles/akdtr_jpg.rf.0a33803a2791f55c373c4a4e035193be.jpg,2,PET Plastic,2,PET Plastic,0.9999866485595703,2.607703891044366e-06,2.5306494535470847e-06,0.9999866485595703,4.604857622325653e-06,3.55059205503494e-06
/Users/aswanathjs/Downloads/test9/ai_plastic_waste_management_training/HDPE Plastic/shampoo_bottles/0076_a02b06c2d2e0f1g0h4.jpg,0,HDPE Plastic,0,HDPE Plastic,0.9999998807907104,0.9999998807907104,2.791436803928349e-10,8.66195861704e-08,2.447064950672484e-08,1.0012376483459207e-09
/Users/aswanathjs/Downloads/test9/ai_plastic_waste_management_training/LDPE Plastic/black_white__plastic_bags/0159_jpg.rf.79c071387355e4cc8c4989f0fad18fce.jpg,1,LDPE Plastic,1,LDPE Plastic,0.9999468326568604,7.2501611612096895e-06,0.9999468326568604,7.869030014262535e-06,2.049104659818113e-05,1.7513219063403085e-05
/Users/aswanathjs/Downloads/test9/ai_plastic_waste_management_training/LDPE Plastic/plastic_bags/train_LDPE-39_jpg.rf.0a43040e9739e0163aae726e4ae5a364.jpg,1,LDPE Plastic,1,LDPE Plastic,0.9990323781967163,0.0008018026710487902,0.9990323781967163,4.7948349674697965e-05,5.462218905449845e-05,6.325224239844829e-05
/Users/aswanathjs/Downloads/test9/ai_plastic_waste_management_training/HDPE Plastic/shampoo_bottles/0075_a02b01c2d0e0f0g0h2.jpg,0,HDPE Plastic,0,HDPE Plastic,1.0,1.0,3.793654192868479e-12,2.0528436728284305e-09,3.996835307162883e-09,1.3069179419233912e-11
/Users/aswanathjs/Downloads/test9/ai_plastic_waste_management_training/PET Plastic/black_white_plastic_bottles/cjliy_jpg.rf.d3fbe741b445c6580f00d43d48f619af.jpg,2,PET Plastic,2,PET Plastic,0.9999908208847046,5.15247802468366e-06,1.4567644939234015e-06,0.9999908208847046,1.316881821367133e-06,1.274942292184278e-06
/Users/aswanathjs/Downloads/test9/ai_plastic_waste_management_training/PET Plastic/black_white_plastic_bottles/bvwxn_jpg.rf.347921633e39044edb3dfe6a06c4b3e8.jpg,2,PET Plastic,2,PET Plastic,0.9998735189437866,5.140041594131617e-06,0.0001072201193892397,0.9998735189437866,1.126047754951287e-05,2.84481757262256e-06
/Users/aswanathjs/Downloads/test9/ai_plastic_waste_management_training/PS Plastic/foam_sheets/PS-550_jpg.rf.b077ebd012550a3ddea244d0c60a8813.jpg,4,PS Plastic,4,PS Plastic,1.0,2.863546022524588e-08,5.8535425395689344e-09,2.4503334916659014e-09,2.722757574957768e-09,1.0
/Users/aswanathjs/Downloads/test9/ai_plastic_waste_management_training/PET Plastic/black_white_plastic_bottles/ahwmb_jpg.rf.19aebb854d5c32d1e7b0528307c4b015.jpg,2,PET Plastic,2,PET Plastic,0.9999594688415527,3.850938446703367e-05,8.391003802898922e-08,0.9999594688415527,8.685898933435965e-07,1.0465190598551999e-06
/Users/aswanathjs/Downloads/test9/ai_plastic_waste_management_training/HDPE Plastic/shampoo_bottles/0023_a02b01c2d1e0f1g0h2.jpg,0,HDPE Plastic,0,HDPE Plastic,0.9999990463256836,0.9999990463256836,3.643309876011358e-09,4.852590791415423e-07,4.763655283568369e-07,4.415871757146306e-08
/Users/aswanathjs/Downloads/test9/ai_plastic_waste_management_training/PET Plastic/black_white_plastic_bottles/azqbf_jpg.rf.a75cc54cead79edf1d23d3eefe7c0b9f.jpg,2,PET Plastic,2,PET Plastic,0.9999802112579346,1.954204708454199e-05,8.436755649654515e-08,0.9999802112579346,8.040264987130286e-08,1.0554728646638978e-07
/Users/aswanathjs/Downloads/test9/ai_plastic_waste_management_training/HDPE Plastic/milk_bottles/HDPEM577.JPG,0,HDPE Plastic,0,HDPE Plastic,1.0,1.0,1.2548798111744475e-10,6.990062750844572e-09,2.0239424358692304e-08,9.51347334243735e-10
"/Users/aswanathjs/Downloads/test9/ai_plastic_waste_management_training/PET Plastic/plastic_bottles/PET1,289.jpg",2,PET Plastic,2,PET Plastic,0.9999955892562866,2.5358326638524886e-06,6.394789693331404e-07,0.9999955892562866,1.1951382248298614e-06,1.454502438491545e-07
/Users/aswanathjs/Downloads/test9/ai_plastic_waste_management_training/PET Plastic/plastic_bottles/PET734.jpg,2,PET Plastic,2,PET Plastic,0.9999988079071045,8.16764440969564e-07,1.1483779616128231e-07,0.9999988079071045,2.3520010472566355e-07,7.702083593130737e-08
/Users/aswanathjs/Downloads/test9/ai_plastic_waste_management_training/PET Plastic/plastic_bottles/PET716.jpg,2,PET Plastic,2,PET Plastic,0.9999916553497314,2.2892038487043465e-06,3.3361161513312254e-06,0.9999916553497314,1.5973158724591485e-06,1.1767617706937017e-06
/Users/aswanathjs/Downloads/test9/ai_plastic_waste_management_training/HDPE Plastic/shampoo_bottles/0023_a02b01c1d0e0f1g0h4.jpg,0,HDPE Plastic,0,HDPE Plastic,0.9999936819076538,0.9999936819076538,5.3005948075224296e-08,4.2361589294159785e-06,1.7215817251781118e-06,2.042884261754807e-07
/Users/aswanathjs/Downloads/test9/ai_plastic_waste_management_training/PS Plastic/foam_sheets/PS-699_jpg.rf.e92e566dab8cb8b7087970879c1b7aed.jpg,4,PS Plastic,4,PS Plastic,0.9999998807907104,7.05541864931547e-08,1.0418918172661051e-08,1.6014761072824513e-08,2.3279829175493205e-09,0.9999998807907104
/Users/aswanathjs/Downloads/test9/ai_plastic_waste_management_training/HDPE Plastic/milk_bottles/HDPEM112.jpg,0,HDPE Plastic,0,HDPE Plastic,0.9999988079071045,0.9999988079071045,2.5310700202396674e-09,9.1568196580738e-08,1.0784921187223517e-06,9.114037524682317e-09
/Users/aswanathjs/Downloads/test9/ai_plastic_waste_management_training/PET Plastic/plastic_bottles/PET444.jpg,2,PET Plastic,2,PET Plastic,0.9999727010726929,4.7115340748860035e-06,1.0063329682452604e-05,0.9999727010726929,9.421078175364528e-06,3.1525405574939214e-06
/Users/aswanathjs/Downloads/test9/ai_plastic_waste_management_training/PET Plastic/shampoo_bottles/0080_a05b00c2d3e0f1g0h3.jpg,2,PET Plastic,2,PET Plastic,0.9942019581794739,0.005169317126274109,1.4169987480272539e-05,0.9942019581794739,0.0005037125083617866,0.00011076407827204093
/Users/aswanathjs/Downloads/test9/ai_plastic_waste_management_training/PS Plastic/foam_containers/Image_94.png,4,PS Plastic,3,PP Plastic,0.4224335551261902,0.05591609328985214,0.1465243399143219,0.007112244144082069,0.4224335551261902,0.3680137097835541
/Users/aswanathjs/Downloads/test9/ai_plastic_waste_management_training/LDPE Plastic/black_white__plastic_bags/0175_jpg.rf.ec534cdf954bd3dbf1a5ae488d2c504b.jpg,1,LDPE Plastic,1,LDPE Plastic,0.9999828338623047,1.4853785614832304e-06,0.9999828338623047,1.4858985650789691e-06,1.2259517461643554e-05,1.8815125031323987e-06
/Users/aswanathjs/Downloads/test9/ai_plastic_waste_management_training/PP Plastic/round_containers/0043_a06b01c2d2e0f0g0h0.jpg,3,PP Plastic,3,PP Plastic,0.9999306201934814,3.227191336918622e-05,3.1463903724215925e-05,2.6324287318857387e-06,0.9999306201934814,3.04655873151205e-06
/Users/aswanathjs/Downloads/test9/ai_plastic_waste_management_training/PP Plastic/round_containers_grey/0043_a06b01c2d2e0f0g0h0.jpg,3,PP Plastic,3,PP Plastic,0.9998817443847656,2.2694443941873033e-06,0.00011464604904176667,9.70103087638563e-07,0.9998817443847656,3.5825522104460106e-07
/Users/aswanathjs/Downloads/test9/ai_plastic_waste_management_training/PET Plastic/plastic_bottles/PET848.jpg,2,PET Plastic,2,PET Plastic,0.9999998807907104,5.387939872036895e-09,5.3737075234039366e-08,0.9999998807907104,8.759011294046104e-09,5.275017755934641e-09
/Users/aswanathjs/Downloads/test9/ai_plastic_waste_management_training/PET Plastic/black_white_plastic_bottles/cihfy_jpg.rf.dc7e528302e8d065d63e7346bb517b11.jpg,2,PET Plastic,2,PET Plastic,0.9999781847000122,9.922831623043749e-07,1.7585485693416558e-05,0.9999781847000122,2.6555023850960424e-06,5.733301122745615e-07
/Users/aswanathjs/Downloads/test9/ai_plastic_waste_management_training/PS Plastic/foam_sheets/PS-695_jpg.rf.3c1624021898952566beda2b041641a0.jpg,4,PS Plastic,4,PS Plastic,0.9999982118606567,6.144608164504461e-07,1.1415467042752425e-06,3.3094334384031754e-08,3.7227422922114783e-08,0.9999982118606567
/Users/aswanathjs/Downloads/test9/ai_plastic_waste_management_training/PET Plastic/black_white_plastic_bottles/birhd_jpg.rf.782360e5be41e7c1f52a890a2b11471d.jpg,2,PET Plastic,2,PET Plastic,0.999977707862854,9.12605355551932e-06,5.706103820557473e-06,0.999977707862854,3.925553301087348e-06,3.5349946756468853e-06
/Users/aswanathjs/Downloads/test9/ai_plastic_waste_management_training/PP Plastic/round_containers/0095_a05b01c2d2e0f0g0h0.jpg,3,PP Plastic,3,PP Plastic,0.999866247177124,7.177057796070585e-06,8.237039764935616e-06,0.00011634820839390159,0.999866247177124,1.9784681626333622e-06
/Users/aswanathjs/Downloads/test9/ai_plastic_waste_management_training/PP Plastic/round_containers/IMG20220210150824.jpg,3,PP Plastic,3,PP Plastic,0.9985957741737366,0.0002546464675106108,0.0005547332693822682,0.00035889577702619135,0.9985957741737366,0.00023589431657455862
/Users/aswanathjs/Downloads/test9/ai_plastic_waste_management_training/PS Plastic/form_containers_grey/styrofoam-128-_jpg.rf.dc796508c08c39ffc4c8b684e09c48ee.jpg,4,PS Plastic,4,PS Plastic,0.9611009359359741,0.002664023544639349,6.872070662211627e-05,9.981483890442178e-05,0.036066584289073944,0.9611009359359741
/Users/aswanathjs/Downloads/test9/ai_plastic_waste_management_training/PS Plastic/foam_containers/styrofoam-128-_jpg.rf.dc796508c08c39ffc4c8b684e09c48ee.jpg,4,PS Plastic,4,PS Plastic,0.923033595085144,0.0004381068574730307,0.00017166888574138284,0.0003117926244158298,0.07604467868804932,0.923033595085144
"/Users/aswanathjs/Downloads/test9/ai_plastic_waste_management_training/PET Plastic/plastic_bottles/PET1,537.jpg",2,PET Plastic,2,PET Plastic,1.0,1.8972658166749312e-10,9.571994752377577e-09,1.0,4.109428175524954e-08,2.35387065394832e-09
/Users/aswanathjs/Downloads/test9/ai_plastic_waste_management_training/PET Plastic/shampoo_bottles/0050_a05b00c1d3e1f1g0h1.jpg,2,PET Plastic,2,PET Plastic,0.9999996423721313,3.9755724401402404e-07,3.212681320974298e-08,0.9999996423721313,2.134233234585281e-08,4.3097525548319027e-10
/Users/aswanathjs/Downloads/test9/ai_plastic_waste_management_training/PP Plastic/round_containers/0035_a06b01c2d2e0f0g0h3.jpg,3,PP Plastic,3,PP Plastic,0.9999369382858276,6.821274837420788e-06,3.987129275628831e-06,4.3841842852998525e-05,0.9999369382858276,8.512237400282174e-06
/Users/aswanathjs/Downloads/test9/ai_plastic_waste_management_training/PS Plastic/foam_sheets/PS-794_jpg.rf.504af203eb7fd15f4f5b87fa8fa3b980.jpg,4,PS Plastic,4,PS Plastic,0.9998389482498169,2.460111863911152e-05,2.6968049496645108e-05,2.8793183446396142e-05,8.065288420766592e-05,0.9998389482498169
/Users/aswanathjs/Downloads/test9/ai_plastic_waste_management_training/PP Plastic/rectangle_containers/0011_a05b00c1d2e0f0g0h2.jpg,3,PP Plastic,3,PP Plastic,0.9993316531181335,0.00036247362731955945,2.601000005597598e-06,0.00022887733939569443,0.9993316531181335,7.439911860274151e-05
/Users/aswanathjs/Downloads/test9/ai_plastic_waste_management_training/PP Plastic/square_containers/0011_a05b00c1d2e0f0g0h2.jpg,3,PP Plastic,3,PP Plastic,0.9993316531181335,0.00036247362731955945,2.601000005597598e-06,0.00022887733939569443,0.9993316531181335,7.439911860274151e-05
/Users/aswanathjs/Downloads/test9/ai_plastic_waste_management_training/PET Plastic/plastic_bottles/PET696.jpg,2,PET Plastic,2,PET Plastic,0.9999997615814209,7.044700822689265e-08,6.039596911477929e-08,0.9999997615814209,4.2059649985048964e-08,3.0568216402571124e-08
/Users/aswanathjs/Downloads/test9/ai_plastic_waste_management_training/LDPE Plastic/plastic_bags/LDPE-704_jpg.rf.34532ea5cacded7ae668174a99844c8a.jpg,1,LDPE Plastic,1,LDPE Plastic,0.9997658133506775,1.2579654139699414e-05,0.9997658133506775,4.177611117484048e-05,0.00015842585708014667,2.1412512069218792e-05
/Users/aswanathjs/Downloads/test9/ai_plastic_waste_management_training/PS Plastic/foam_containers/Image_248.png,4,PS Plastic,4,PS Plastic,0.6167728304862976,0.02790142223238945,0.12340464442968369,0.000997745431959629,0.23092339932918549,0.6167728304862976
/Users/aswanathjs/Downloads/test9/ai_plastic_waste_management_training/LDPE Plastic/plastic_bags/LDPE-551_jpg.rf.a76ec903626d6b99a03ba76012eb391a.jpg,1,LDPE Plastic,1,LDPE Plastic,0.9998120665550232,2.0248913642717525e-05,0.9998120665550232,4.306506525608711e-05,7.187775918282568e-05,5.273207352729514e-05
/Users/aswanathjs/Downloads/test9/ai_plastic_waste_management_training/PS Plastic/foam_sheets/PS-595_jpg.rf.09c5947aeb8f35f92f048f22770baf29.jpg,4,PS Plastic,4,PS Plastic,0.9999998807907104,1.5979665590748482e-07,2.643653118639122e-08,1.9126076722386642e-08,1.4647307366999485e-08,0.9999998807907104
/Users/aswanathjs/Downloads/test9/ai_plastic_waste_management_training/LDPE Plastic/plastic_bags/P_W (1389).jpg,1,LDPE Plastic,1,LDPE Plastic,0.9997488856315613,2.708968622755492e-06,0.9997488856315613,3.25997534673661e-05,0.00020743385539390147,8.31466240924783e-06
/Users/aswanathjs/Downloads/test9/ai_plastic_waste_management_training/PS Plastic/foam_sheets/PS-657_jpg.rf.b74f772b0d3b3293dd98a5fe246afc9a.jpg,4,PS Plastic,4,PS Plastic,0.9999997615814209,1.4882630239299033e-07,1.1231320229398989e-07,3.1727329652397884e-09,3.861729158671778e-09,0.9999997615814209
/Users/aswanathjs/Downloads/test9/ai_plastic_waste_management_training/PS Plastic/foam_sheets/Plastic_373_jpg.rf.57c2ab317eb755eb7c0af504646ad545.jpg,4,PS Plastic,4,PS Plastic,0.9999845027923584,1.3557613783632405e-05,1.264769025510759e-06,5.647195848723641e-07,3.4081477195968546e-08,0.9999845027923584
/Users/aswanathjs/Downloads/test9/ai_plastic_waste_management_training/HDPE Plastic/milk_bottles/HDPEM562.JPG,0,HDPE Plastic,0,HDPE Plastic,0.9999961853027344,0.9999961853027344,3.0617648860697955e-08,2.600613242975669e-06,9.282797464038595e-07,1.80767784740965e-07
/Users/aswanathjs/Downloads/test9/ai_plastic_waste_management_training/HDPE Plastic/shampoo_bottles/0078_a02b07c1d3e0f1g0h4.jpg,0,HDPE Plastic,0,HDPE Plastic,0.9977213740348816,0.9977213740348816,8.869620415907775e-08,0.002234806539490819,4.365589120425284e-05,1.6217700959941794e-08
/Users/aswanathjs/Downloads/test9/ai_plastic_waste_management_training/LDPE Plastic/plastic_bags/train_LDPE-57_jpg.rf.c0097a45e2a6be95f291d98eb9e696d4.jpg,1,LDPE Plastic,1,LDPE Plastic,0.9999592304229736,1.0816413578140782e-06,0.9999592304229736,2.5339431886095554e-05,4.331553100200836e-06,1.0031658348452765e-05
/Users/aswanathjs/Downloads/test9/ai_plastic_waste_management_training/LDPE Plastic/plastic_bags/plasticbag (162).jpg,1,LDPE Plastic,1,LDPE Plastic,0.9999781847000122,1.4062907212064601e-06,0.9999781847000122,6.342749543364334e-07,1.0088137059938163e-05,9.593266440788284e-06
/Users/aswanathjs/Downloads/test9/ai_plastic_waste_management_training/HDPE Plastic/shampoo_bottles/0063_a02b01c1d3e0f1g1h2.jpg,0,HDPE Plastic,0,HDPE Plastic,0.9997542500495911,0.9997542500495911,3.0172037668307894e-07,1.6063663110799098e-07,0.00024500646395608783,3.617914217102225e-07
/Users/aswanathjs/Downloads/test9/ai_plastic_waste_management_training/HDPE Plastic/milk_bottles/HDPEM50.jpg,0,HDPE Plastic,0,HDPE Plastic,0.999988317489624,0.999988317489624,1.1591040127711949e-08,2.7157177555636736e-06,8.884553608368151e-06,3.907781120915388e-08
/Users/aswanathjs/Downloads/test9/ai_plastic_waste_management_training/HDPE Plastic/detergent_bottles/IMG_20220209_220237.jpg,0,HDPE Plastic,0,HDPE Plastic,0.9998974800109863,0.9998974800109863,2.0903538455741e-08,0.00010248281614622101,2.3701140605680848e-08,1.1555943979502104e-09
/Users/aswanathjs/Downloads/test9/ai_plastic_waste_management_training/LDPE Plastic/bin_bags/LDPE209-Photoroom_0_9487_jpg.rf.e4c28eea566645d81b5773905e0b7a00.jpg,1,LDPE Plastic,1,LDPE Plastic,0.9836395382881165,0.002726969076320529,0.9836395382881165,0.0009546041255816817,0.009544731117784977,0.0031341218855232
/Users/aswanathjs/Downloads/test9/ai_plastic_waste_management_training/LDPE Plastic/bin_bags/LDPE209-Photoroom_0_9487_jpg.rf.8eac7da1abbe68883aae72ef4c2c4355.jpg,1,LDPE Plastic,1,LDPE Plastic,0.9679120182991028,0.006455518305301666,0.9679120182991028,0.0014685890637338161,0.02370193973183632,0.0004618943785317242
/Users/aswanathjs/Downloads/test9/ai_plastic_waste_management_training/LDPE Plastic/bin_bags_grey/LDPE209-Photoroom_0_9487_jpg.rf.8eac7da1abbe68883aae72ef4c2c4355.jpg,1,LDPE Plastic,1,LDPE Plastic,0.97441565990448,0.003351211780682206,0.97441565990448,0.003498387522995472,0.018156347796320915,0.0005784080130979419
/Users/aswanathjs/Downloads/test9/ai_plastic_waste_management_training/LDPE Plastic/plastic_bags/LDPE-284_jpg.rf.b1f03d66dd220fb47fc66de07bab4a54.jpg,1,LDPE Plastic,1,LDPE Plastic,0.9992454051971436,1.5608584362780675e-05,0.9992454051971436,0.00021520102745853364,0.00048666520160622895,3.7082598282722756e-05
/Users/aswanathjs/Downloads/test9/ai_plastic_waste_management_training/HDPE Plastic/shampoo_bottles/0023_a02b01c2d0e0f1g0h0.jpg,0,HDPE Plastic,0,HDPE Plastic,0.9999992847442627,0.9999992847442627,3.7908578498502266e-09,1.7644013894368982e-07,5.72079443372786e-07,2.714082469879031e-08
/Users/aswanathjs/Downloads/test9/ai_plastic_waste_management_training/PS Plastic/foam_sheets/PS-708_jpg.rf.b5d5e8af61a901af1bf72380443a96d6.jpg,4,PS Plastic,4,PS Plastic,0.9998138546943665,3.098128581768833e-05,5.471109943755437e-06,1.5374338545370847e-05,0.00013435102300718427,0.9998138546943665
/Users/aswanathjs/Downloads/test9/ai_plastic_waste_management_training/LDPE Plastic/black_white__plastic_bags/0270_jpg.rf.09bcedb78cbe5e175c675d01e5d99e1f.jpg,1,LDPE Plastic,1,LDPE Plastic,0.9995425939559937,3.5534572816686705e-05,0.9995425939559937,2.9553744752774946e-05,0.0002458251838106662,0.0001465397945139557
"/Users/aswanathjs/Downloads/test9/ai_plastic_waste_management_training/PET Plastic/plastic_bottles/PET1,741.jpg",2,PET Plastic,2,PET Plastic,1.0,1.3997140946298003e-10,6.294108345628047e-09,1.0,9.606809792117588e-11,6.649922366236405e-12
/Users/aswanathjs/Downloads/test9/ai_plastic_waste_management_training/LDPE Plastic/plastic_bags_grey/LDPE-486_jpg.rf.bc1031eb3c1002b9e60695a48b68d0c7.jpg,1,LDPE Plastic,1,LDPE Plastic,0.9999960660934448,3.7971452115925786e-07,0.9999960660934448,2.8495137485151645e-06,1.2779197788859165e-07,5.646835461448063e-07
/Users/aswanathjs/Downloads/test9/ai_plastic_waste_management_training/LDPE Plastic/plastic_bags/LDPE-486_jpg.rf.bc1031eb3c1002b9e60695a48b68d0c7.jpg,1,LDPE Plastic,1,LDPE Plastic,0.9999977350234985,3.212204831015697e-07,0.9999977350234985,1.158295049208391e-06,1.7667137797161558e-07,6.114914299359953e-07
/Users/aswanathjs/Downloads/test9/ai_plastic_waste_management_training/PS Plastic/foam_containers/styrofoam-8-_jpg.rf.014c7bfb4fbb9cfb65165b099a2e620a.jpg,4,PS Plastic,4,PS Plastic,0.9565039873123169,0.0014859496150165796,0.03176946938037872,0.0006326775765046477,0.009607833810150623,0.9565039873123169
/Users/aswanathjs/Downloads/test9/ai_plastic_waste_management_training/PP Plastic/square_containers/Image_154.png,3,PP Plastic,3,PP Plastic,0.9984385371208191,5.356495967134833e-05,0.0013899869518354535,4.660310878534801e-05,0.9984385371208191,7.139056106097996e-05
/Users/aswanathjs/Downloads/test9/ai_plastic_waste_management_training/PS Plastic/foam_containers/Image_154.png,3,PP Plastic,3,PP Plastic,0.9014587998390198,0.002163643017411232,0.00696364464238286,0.002081627491861582,0.9014587998390198,0.08733226358890533
"/Users/aswanathjs/Downloads/test9/ai_plastic_waste_management_training/PET Plastic/plastic_bottles/PET1,505.jpg",2,PET Plastic,2,PET Plastic,0.9998167157173157,0.00013098909403197467,3.0481223802780733e-05,0.9998167157173157,1.4686367649119347e-05,7.131012353056576e-06
/Users/aswanathjs/Downloads/test9/ai_plastic_waste_management_training/PP Plastic/round_containers/IMG_20220210_105626.jpg,3,PP Plastic,3,PP Plastic,0.9884599447250366,0.009306873194873333,0.0004853558784816414,0.0012952558463439345,0.9884599447250366,0.00045249698450788856
/Users/aswanathjs/Downloads/test9/ai_plastic_waste_management_training/PP Plastic/square_containers/IMG20220210150448.jpg,3,PP Plastic,3,PP Plastic,0.9971228241920471,0.0007307662745006382,0.001711235730908811,0.00020216367556713521,0.9971228241920471,0.00023302850604522973
/Users/aswanathjs/Downloads/test9/ai_plastic_waste_management_training/PP Plastic/irregular_containers/valid_PP-73-_jpg.rf.7edbb04a95e51deadc234f1d5848eb89.jpg,3,PP Plastic,3,PP Plastic,0.999984622001648,5.734806109103374e-06,4.2910278352792375e-06,4.0103991523210425e-06,0.999984622001648,1.3805232583763427e-06
/Users/aswanathjs/Downloads/test9/ai_plastic_waste_management_training/PP Plastic/irregular_containers_grey/valid_PP-73-_jpg.rf.7edbb04a95e51deadc234f1d5848eb89.jpg,3,PP Plastic,3,PP Plastic,0.9999923706054688,3.246407914048177e-06,1.299986251979135e-06,2.336906618438661e-06,0.9999923706054688,7.679602163079835e-07
/Users/aswanathjs/Downloads/test9/ai_plastic_waste_management_training/HDPE Plastic/shampoo_bottles/0023_a02b01c1d0e0f1g0h0.jpg,0,HDPE Plastic,0,HDPE Plastic,0.9999920129776001,0.9999920129776001,7.223007258971847e-08,3.9516751826340624e-07,7.09423284206423e-06,4.6639797801617533e-07
/Users/aswanathjs/Downloads/test9/ai_plastic_waste_management_training/HDPE Plastic/detergent_bottles/0039_a02b01c2d1e0f1g0h0.jpg,0,HDPE Plastic,0,HDPE Plastic,1.0,1.0,1.263174677704204e-13,4.2784321224731414e-11,2.723496124804048e-12,1.3001414994519983e-13
/Users/aswanathjs/Downloads/test9/ai_plastic_waste_management_training/LDPE Plastic/plastic_bags/LDPE-648_jpg.rf.ca2ff2c8cb1057efd133fef3d3b151be.jpg,1,LDPE Plastic,1,LDPE Plastic,0.9998375177383423,4.008241830888437e-06,0.9998375177383423,1.493829859100515e-05,0.00013502032379619777,8.443786100542638e-06
/Users/aswanathjs/Downloads/test9/ai_plastic_waste_management_training/PET Plastic/shampoo_bottles/0050_a05b00c1d0e1f1g0h2.jpg,2,PET Plastic,2,PET Plastic,0.9985311031341553,0.0014648220967501402,1.3117193020661944e-06,0.9985311031341553,1.8553295149104088e-06,8.058796083787456e-07
/Users/aswanathjs/Downloads/test9/ai_plastic_waste_management_training/LDPE Plastic/plastic_bags/plasticbag (96).jpg,1,LDPE Plastic,1,LDPE Plastic,0.9999550580978394,9.339916687167715e-06,0.9999550580978394,1.1712132618413307e-05,1.781559330993332e-05,6.174603640829446e-06
"/Users/aswanathjs/Downloads/test9/ai_plastic_waste_management_training/PET Plastic/plastic_bottles/PET1,087.jpg",2,PET Plastic,2,PET Plastic,0.999970555305481,5.75086050957907e-06,5.677045464835828e-06,0.999970555305481,1.6644253264530562e-05,1.4442136944126105e-06
"/Users/aswanathjs/Downloads/test9/ai_plastic_waste_management_training/PET Plastic/plastic_bottles/PET1,323.jpg",2,PET Plastic,2,PET Plastic,0.9874255061149597,0.0004002741479780525,1.0730012945714407e-05,0.9874255061149597,0.012104004621505737,5.9532190789468586e-05
/Users/aswanathjs/Downloads/test9/ai_plastic_waste_management_training/PET Plastic/black_white_plastic_bottles/cwfhv_jpg.rf.15e8353c25daaaf591a6f2b7f36c06a1.jpg,2,PET Plastic,2,PET Plastic,0.9989290833473206,7.414947322104126e-05,0.000667015032377094,0.9989290833473206,0.0002381224767304957,9.166310337604955e-05
/Users/aswanathjs/Downloads/test9/ai_plastic_waste_management_training/PP Plastic/round_containers/0031_a05b01c1d2e0f0g0h2.jpg,3,PP Plastic,3,PP Plastic,0.9998964071273804,8.225542114814743e-05,1.2293697182030883e-05,2.849783868441591e-06,0.9998964071273804,6.209043931448832e-06
"/Users/aswanathjs/Downloads/test9/ai_plastic_waste_management_training/PET Plastic/plastic_bottles/PET1,438.jpg",2,PET Plastic,2,PET Plastic,0.9998775720596313,2.143082019756548e-05,1.9607692593126558e-05,0.9998775720596313,8.018151129363105e-05,1.2389016319502844e-06
/Users/aswanathjs/Downloads/test9/ai_plastic_waste_management_training/LDPE Plastic/black_white__plastic_bags/0087_jpg.rf.3559b8e0d49b0752aae11d7f9a50ce15.jpg,1,LDPE Plastic,1,LDPE Plastic,0.9999934434890747,1.3444467583667574e-07,0.9999934434890747,6.744863867425011e-07,1.0292745855622343e-06,4.7055741561052855e-06
/Users/aswanathjs/Downloads/test9/ai_plastic_waste_management_training/HDPE Plastic/shampoo_bottles/0061_a02b01c1d3e0f1g0h0(1).jpg,0,HDPE Plastic,0,HDPE Plastic,1.0,1.0,2.1703978891896014e-10,8.671245055325016e-09,4.3528197712916494e-10,1.0281396845002178e-09
/Users/aswanathjs/Downloads/test9/ai_plastic_waste_management_training/LDPE Plastic/plastic_bags/LDPE-461_jpg.rf.3cc1c5434d59d363f6ee298032099ae3.jpg,1,LDPE Plastic,1,LDPE Plastic,0.9999827146530151,1.1932028201044886e-06,0.9999827146530151,1.997920207941206e-06,1.3512141777027864e-05,6.084729875510675e-07
/Users/aswanathjs/Downloads/test9/ai_plastic_waste_management_training/LDPE Plastic/plastic_bags/plasticbag (38).jpg,1,LDPE Plastic,1,LDPE Plastic,0.9997580647468567,8.526653800799977e-06,0.9997580647468567,1.7612979718251154e-05,0.00017656059935688972,3.9266848034458235e-05
/Users/aswanathjs/Downloads/test9/ai_plastic_waste_management_training/PET Plastic/black_white_plastic_bottles/bofnj_jpg.rf.bf1a0b0e5b4ef201d8c440d009d8288f.jpg,2,PET Plastic,2,PET Plastic,0.9999853372573853,1.337168555437529e-06,8.131772119668312e-06,0.9999853372573853,3.5876782931154594e-06,1.681931053099106e-06
/Users/aswanathjs/Downloads/test9/ai_plastic_waste_management_training/HDPE Plastic/milk_bottles/HDPEM378.jpg,0,HDPE Plastic,0,HDPE Plastic,0.9997872710227966,0.9997872710227966,1.8458238628227264e-05,0.0001558124931761995,3.370420745341107e-05,4.754307610710384e-06
/Users/aswanathjs/Downloads/test9/ai_plastic_waste_management_training/PS Plastic/foam_sheets/PS-526_jpg.rf.e957c443cff44bdeb1ef2423588cd6d2.jpg,4,PS Plastic,4,PS Plastic,0.9999942779541016,2.4532832867407706e-06,2.6119398626178736e-06,2.6959301635542943e-07,3.1869808481133077e-07,0.9999942779541016
/Users/aswanathjs/Downloads/test9/ai_plastic_waste_management_training/PET Plastic/shampoo_bottles/0015_a05b00c2d0e1f1g0h3.jpg,2,PET Plastic,2,PET Plastic,0.9995235204696655,0.00036706242826767266,9.182568646792788e-06,0.9995235204696655,4.11307810281869e-05,5.9150428569409996e-05
/Users/aswanathjs/Downloads/test9/ai_plastic_waste_management_training/HDPE Plastic/shampoo_bottles/0078_a02b07c1d2e0f1g0h2.jpg,0,HDPE Plastic,0,HDPE Plastic,0.9999974966049194,0.9999974966049194,1.4298638717491485e-08,8.62925844558049e-07,1.634916202419845e-06,5.398519964394666e-10
/Users/aswanathjs/Downloads/test9/ai_plastic_waste_management_training/HDPE Plastic/milk_bottles/HDPEM279.jpg,0,HDPE Plastic,0,HDPE Plastic,0.9999997615814209,0.9999997615814209,3.0565170394680763e-09,6.58988312807196e-08,1.2184240461010631e-07,1.4745413778882721e-08
/Users/aswanathjs/Downloads/test9/ai_plastic_waste_management_training/PET Plastic/plastic_bottles/PET359.jpg,2,PET Plastic,2,PET Plastic,0.999998927116394,1.815107566471852e-07,4.7018161808409786e-07,0.999998927116394,3.170997047163837e-07,8.338365375948342e-08
/Users/aswanathjs/Downloads/test9/ai_plastic_waste_management_training/HDPE Plastic/shampoo_bottles/0099_a02b01c2d0e0f1g0h2.jpg,0,HDPE Plastic,0,HDPE Plastic,0.9973981380462646,0.9973981380462646,1.288569535518036e-07,0.0025898022577166557,1.1623285899986513e-05,2.0505881082044652e-07
/Users/aswanathjs/Downloads/test9/ai_plastic_waste_management_training/PET Plastic/black_white_plastic_bottles/bypgz_jpg.rf.6b5039bb8ba06ded671996e3de7c9c8f.jpg,2,PET Plastic,2,PET Plastic,0.9999998807907104,9.974640668986012e-09,1.0770587977049217e-07,0.9999998807907104,5.1546329871143826e-08,1.260549620241136e-08
/Users/aswanathjs/Downloads/test9/ai_plastic_waste_management_training/LDPE Plastic/plastic_bags/train_LDPE-67_jpg.rf.371818905ea21870f8305b35e5a20d8f.jpg,1,LDPE Plastic,1,LDPE Plastic,0.9999663829803467,6.07429046795005e-06,0.9999663829803467,7.4740059972100426e-06,5.996061645419104e-06,1.4092324818193447e-05
"/Users/aswanathjs/Downloads/test9/ai_plastic_waste_management_training/PET Plastic/plastic_bottles/PET1,534.jpg",2,PET Plastic,2,PET Plastic,1.0,2.469956905670756e-09,7.3264314615073545e-09,1.0,1.3627349915168452e-08,4.4212064564952414e-10
/Users/aswanathjs/Downloads/test9/ai_plastic_waste_management_training/HDPE Plastic/milk_bottles/HDPEM55.jpg,0,HDPE Plastic,0,HDPE Plastic,0.9999998807907104,0.9999998807907104,4.349308413420516e-10,9.6698236973225e-08,1.6907797828480398e-08,6.982942557520744e-10
/Users/aswanathjs/Downloads/test9/ai_plastic_waste_management_training/PP Plastic/square_containers/Image_99.png,3,PP Plastic,3,PP Plastic,0.8712896108627319,0.0021039671264588833,0.11610469967126846,0.0014076598454266787,0.8712896108627319,0.009094014763832092
/Users/aswanathjs/Downloads/test9/ai_plastic_waste_management_training/PS Plastic/foam_containers/Image_99.png,3,PP Plastic,3,PP Plastic,0.8984581232070923,0.004215822089463472,0.07449988275766373,0.002730564447119832,0.8984581232070923,0.020095571875572205
/Users/aswanathjs/Downloads/test9/ai_plastic_waste_management_training/PET Plastic/black_white_plastic_bottles/agrfh_jpg.rf.e212b78d5d7b9a9e205dfb3c0431323e.jpg,2,PET Plastic,2,PET Plastic,0.9999982118606567,4.0399757494924415e-07,8.391565984311455e-07,0.9999982118606567,1.7281520570122666e-07,4.698943882885942e-07
/Users/aswanathjs/Downloads/test9/ai_plastic_waste_management_training/PS Plastic/foam_sheets/PS-582_jpg.rf.c7df3018db463471aea3bd9af3949550.jpg,4,PS Plastic,4,PS Plastic,0.9999997615814209,1.2485013201057882e-07,6.087256565479038e-08,3.377002233406756e-09,1.4353066513095314e-09,0.9999997615814209
/Users/aswanathjs/Downloads/test9/ai_plastic_waste_management_training/HDPE Plastic/shampoo_bottles/0065_a02b03c1d1e0f1g0h1.jpg,0,HDPE Plastic,0,HDPE Plastic,1.0,1.0,1.751593488308334e-11,1.6282069026374302e-09,7.450778327644514e-10,4.933714894961305e-11
/Users/aswanathjs/Downloads/test9/ai_plastic_waste_management_training/LDPE Plastic/bubble_wrap/LDPE-99_jpg.rf.3d7ba029688b7036c8fa6f12db518e20.jpg,1,LDPE Plastic,1,LDPE Plastic,0.9999970197677612,9.701401495476603e-07,0.9999970197677612,8.678813401274965e-07,2.5754420107659826e-07,8.745690251998894e-07
/Users/aswanathjs/Downloads/test9/ai_plastic_waste_management_training/LDPE Plastic/bubble_wrap/LDPE-99_jpg.rf.c4d2980e5e5103a668d39b9de1b680c6.jpg,1,LDPE Plastic,1,LDPE Plastic,0.9993316531181335,8.237199836003128e-06,0.9993316531181335,1.3389651030593086e-05,1.2090313248336315e-05,0.0006346642039716244
/Users/aswanathjs/Downloads/test9/ai_plastic_waste_management_training/HDPE Plastic/detergent_bottles/0010_a02b01c2d0e0f1g0h2.jpg,0,HDPE Plastic,0,HDPE Plastic,1.0,1.0,7.505778776284444e-10,4.29332258633508e-09,9.297885128489725e-09,1.0499048297418767e-09
/Users/aswanathjs/Downloads/test9/ai_plastic_waste_management_training/HDPE Plastic/milk_bottles/HDPEM558.JPG,0,HDPE Plastic,0,HDPE Plastic,0.999995231628418,0.999995231628418,1.2584489894607032e-08,4.514060492510907e-06,5.218135967766102e-08,1.1528420174045095e-07
/Users/aswanathjs/Downloads/test9/ai_plastic_waste_management_training/PS Plastic/foam_containers/styrofoam-123-_jpg.rf.1b0a7d0c0d6721e571b69c9b9545d4d8.jpg,4,PS Plastic,4,PS Plastic,0.9999674558639526,6.595557806576835e-07,2.6385365003989136e-07,2.3756943846819922e-05,7.812199328327551e-06,0.9999674558639526
/Users/aswanathjs/Downloads/test9/ai_plastic_waste_management_training/PET Plastic/plastic_bottles/PET528.jpg,2,PET Plastic,2,PET Plastic,0.9999991655349731,1.9114200711101148e-07,7.552178260539222e-08,0.9999991655349731,5.062478294348693e-07,7.304772964289441e-08
/Users/aswanathjs/Downloads/test9/ai_plastic_waste_management_training/PET Plastic/black_white_plastic_bottles/bhnvi_jpg.rf.5feba821cab0a965022c48101bc4e810.jpg,2,PET Plastic,2,PET Plastic,0.9999940395355225,8.815097771730507e-07,2.754532943072263e-06,0.9999940395355225,7.97125380813668e-07,1.5203432894850266e-06
/Users/aswanathjs/Downloads/test9/ai_plastic_waste_management_training/LDPE Plastic/black_white__plastic_bags/0260_jpg.rf.5cc83009a56d0bd1362da63c51f3debb.jpg,1,LDPE Plastic,1,LDPE Plastic,0.9999195337295532,3.4427228001732146e-06,0.9999195337295532,3.3429964787501376e-06,6.477253191405907e-05,8.912837074603885e-06
/Users/aswanathjs/Downloads/test9/ai_plastic_waste_management_training/LDPE Plastic/plastic_bags/LDPE-174_jpg.rf.ba724e61131407fce8f435d26f554207.jpg,1,LDPE Plastic,1,LDPE Plastic,0.999841570854187,4.367202109278878e-06,0.999841570854187,5.092775609227829e-05,8.366967085748911e-05,1.948754652403295e-05
/Users/aswanathjs/Downloads/test9/ai_plastic_waste_management_training/LDPE Plastic/plastic_bags/plasticbag (158).jpg,1,LDPE Plastic,1,LDPE Plastic,0.9999228715896606,1.1417205314501189e-05,0.9999228715896606,1.485500433773268e-06,6.270696030696854e-05,1.518981548542797e-06
/Users/aswanathjs/Downloads/test9/ai_plastic_waste_management_training/LDPE Plastic/plastic_bags/LDPE-321_jpg.rf.502d5cceb8ba6da485ebb716c8e9db1a.jpg,1,LDPE Plastic,1,LDPE Plastic,0.9999607801437378,9.148122899205191e-07,0.9999607801437378,6.762855718989158e-06,9.995996151701547e-06,2.1549323719227687e-05
/Users/aswanathjs/Downloads/test9/ai_plastic_waste_management_training/PS Plastic/foam_sheets/PS-711_jpg.rf.4515a1f0aca07d8e446de37def458a12.jpg,4,PS Plastic,4,PS Plastic,0.9997648596763611,4.163678386248648e-05,2.0246103304089047e-05,2.0577899704221636e-05,0.00015273562166839838,0.9997648596763611
/Users/aswanathjs/Downloads/test9/ai_plastic_waste_management_training/PET Plastic/plastic_bottles/PET972.jpg,2,PET Plastic,2,PET Plastic,0.9999994039535522,1.3610930693630507e-07,8.361064374184934e-08,0.9999994039535522,1.6094500665531086e-07,2.3027192241897865e-07
/Users/aswanathjs/Downloads/test9/ai_plastic_waste_management_training/PET Plastic/plastic_bottles/PET484.jpg,2,PET Plastic,2,PET Plastic,0.9998937845230103,4.358711157692596e-05,3.10094837914221e-05,0.9998937845230103,2.034866156463977e-05,1.1226949936826713e-05
/Users/aswanathjs/Downloads/test9/ai_plastic_waste_management_training/LDPE Plastic/plastic_bags/LDPE-541_jpg.rf.f283c7032a3dd4169b2b8e248f851d19.jpg,1,LDPE Plastic,1,LDPE Plastic,0.9997861981391907,1.5470144717255607e-05,0.9997861981391907,4.4119042286183685e-05,9.636687173042446e-05,5.783900633105077e-05
/Users/aswanathjs/Downloads/test9/ai_plastic_waste_management_training/PET Plastic/black_white_plastic_bottles/cgfux_jpg.rf.8a8f634efa0ee9baf3012ae5b0c3f48a.jpg,2,PET Plastic,2,PET Plastic,0.9999991655349731,4.752221229864517e-07,2.2833111756881408e-07,0.9999991655349731,4.101116957144768e-08,9.87472787983279e-08
/Users/aswanathjs/Downloads/test9/ai_plastic_waste_management_training/PET Plastic/black_white_plastic_bottles/cqzaj_jpg.rf.4140f06e0b046b6ccdb459bdb4c2f9f6.jpg,2,PET Plastic,2,PET Plastic,0.999981164932251,5.007067102269502e-06,7.080239811330102e-06,0.999981164932251,3.972279500885634e-06,2.7115629563922994e-06
/Users/aswanathjs/Downloads/test9/ai_plastic_waste_management_training/PET Plastic/shampoo_bottles/0050_a05b00c1d2e1f1g0h1.jpg,2,PET Plastic,2,PET Plastic,0.999995231628418,4.187495505902916e-06,3.0540471129825164e-07,0.999995231628418,1.8720842831498885e-07,6.659271178932613e-08
/Users/aswanathjs/Downloads/test9/ai_plastic_waste_management_training/PP Plastic/round_containers/IMG20220210154502.jpg,3,PP Plastic,3,PP Plastic,0.9978511333465576,0.0009536968427710235,0.0010835303692147136,6.29379937890917e-05,0.9978511333465576,4.870377233601175e-05
/Users/aswanathjs/Downloads/test9/ai_plastic_waste_management_training/HDPE Plastic/shampoo_bottles/0078_a02b07c1d2e0f1g0h4.jpg,0,HDPE Plastic,0,HDPE Plastic,0.9964473843574524,0.9964473843574524,4.085251532615075e-07,0.003512096591293812,3.98376869270578e-05,2.1020370866153826e-07
/Users/aswanathjs/Downloads/test9/ai_plastic_waste_management_training/LDPE Plastic/plastic_bags/LDPE-434_jpg.rf.e846e651da896157c4e625e39fec91f4.jpg,1,LDPE Plastic,1,LDPE Plastic,0.9999936819076538,3.5085832905679126e-07,0.9999936819076538,4.0429422369925305e-06,6.197369089022686e-07,1.3031556136411382e-06
/Users/aswanathjs/Downloads/test9/ai_plastic_waste_management_training/PET Plastic/plastic_bottles/PET485.jpg,2,PET Plastic,2,PET Plastic,0.999988317489624,3.2218342767009744e-06,6.723010756104486e-06,0.999988317489624,8.303017580146843e-07,9.796378890314372e-07
/Users/aswanathjs/Downloads/test9/ai_plastic_waste_management_training/HDPE Plastic/milk_bottles/HDPEM230.jpg,0,HDPE Plastic,0,HDPE Plastic,1.0,1.0,5.001392702763674e-11,1.2172008290178837e-08,3.995610597939958e-08,6.101817384696062e-10
"/Users/aswanathjs/Downloads/test9/ai_plastic_waste_management_training/PET Plastic/plastic_bottles/PET1,362.jpg",2,PET Plastic,2,PET Plastic,0.9990004897117615,0.00010534372268011793,1.6624951967969537e-05,0.9990004897117615,0.0008485346334055066,2.8963917429791763e-05
/Users/aswanathjs/Downloads/test9/ai_plastic_waste_management_training/LDPE Plastic/bin_bags/Image_109.png,1,LDPE Plastic,1,LDPE Plastic,0.997617781162262,0.00047734996769577265,0.997617781162262,0.000156520982272923,0.0013780540321022272,0.0003701619862113148
/Users/aswanathjs/Downloads/test9/ai_plastic_waste_management_training/LDPE Plastic/bin_bags_grey/Image_109.png,1,LDPE Plastic,1,LDPE Plastic,0.9994377493858337,0.0002139308926416561,0.9994377493858337,0.0002095839154208079,0.00010965458204736933,2.906549343606457e-05
/Users/aswanathjs/Downloads/test9/ai_plastic_waste_management_training/PS Plastic/foam_containers/Image_109.png,1,LDPE Plastic,3,PP Plastic,0.4480717182159424,0.02312692068517208,0.36036381125450134,0.00567659130319953,0.4480717182159424,0.16276095807552338
/Users/aswanathjs/Downloads/test9/ai_plastic_waste_management_training/LDPE Plastic/black_white__plastic_bags/0277_jpg.rf.ad7666dc0042d3ba64fd197c26c10a5a.jpg,1,LDPE Plastic,1,LDPE Plastic,0.9999951124191284,1.8661999945379648e-07,0.9999951124191284,1.575047861024359e-07,1.8694562697874062e-07,4.361005267128348e-06
/Users/aswanathjs/Downloads/test9/ai_plastic_waste_management_training/PET Plastic/shampoo_bottles/0050_a05b00c1d3e1f1g0h0.jpg,2,PET Plastic,2,PET Plastic,0.9999922513961792,2.992088411701843e-06,4.020355390821351e-06,0.9999922513961792,4.694298070262448e-07,1.7674405228262913e-07
/Users/aswanathjs/Downloads/test9/ai_plastic_waste_management_training/LDPE Plastic/plastic_bags_grey/LDPE-60_jpg.rf.e1653fc8d489b27598b545ecb081111a.jpg,1,LDPE Plastic,1,LDPE Plastic,0.9999700784683228,7.632519327671616e-07,0.9999700784683228,2.739134970397572e-06,2.098268669215031e-05,5.4283618737827055e-06
/Users/aswanathjs/Downloads/test9/ai_plastic_waste_management_training/LDPE Plastic/plastic_bags/LDPE-60_jpg.rf.e1653fc8d489b27598b545ecb081111a.jpg,1,LDPE Plastic,1,LDPE Plastic,0.9999198913574219,7.235191787913209e-06,0.9999198913574219,4.159550826443592e-06,6.201410724315792e-05,6.717443284287583e-06
/Users/aswanathjs/Downloads/test9/ai_plastic_waste_management_training/HDPE Plastic/milk_bottles/HDPEM66.jpg,0,HDPE Plastic,0,HDPE Plastic,0.999994158744812,0.999994158744812,1.842418662079126e-09,5.518402758752927e-06,3.1676935918767413e-07,2.755515815522358e-08
/Users/aswanathjs/Downloads/test9/ai_plastic_waste_management_training/HDPE Plastic/shampoo_bottles/0061_a02b01c1d0e0f1g0h4(1).jpg,0,HDPE Plastic,0,HDPE Plastic,0.9999998807907104,0.9999998807907104,9.032980474721342e-10,1.400621414404668e-07,3.109416724100811e-08,1.1745894923365086e-08
/Users/aswanathjs/Downloads/test9/ai_plastic_waste_management_training/LDPE Plastic/black_white__plastic_bags/0257_jpg.rf.a4ad02e2af3fe9aec7a4163d162916e1.jpg,1,LDPE Plastic,1,LDPE Plastic,0.9999933242797852,7.289295922419115e-08,0.9999933242797852,5.331429520083475e-07,5.680356025550282e-07,5.462560693558771e-06
/Users/aswanathjs/Downloads/test9/ai_plastic_waste_management_training/LDPE Plastic/bin_bags/Image_36.png,1,LDPE Plastic,1,LDPE Plastic,0.9838031530380249,5.9124373365193605e-05,0.9838031530380249,0.015918780118227005,0.00021361387916840613,5.4217530305322725e-06
/Users/aswanathjs/Downloads/test9/ai_plastic_waste_management_training/PS Plastic/foam_containers/Image_36.png,1,LDPE Plastic,3,PP Plastic,0.5621936917304993,0.06896182149648666,0.15237635374069214,0.004888167139142752,0.5621936917304993,0.21157997846603394
/Users/aswanathjs/Downloads/test9/ai_plastic_waste_management_training/LDPE Plastic/bin_bags/Image_187.png,1,LDPE Plastic,1,LDPE Plastic,0.961583137512207,0.0276894960552454,0.961583137512207,0.0070115611888468266,0.0025876385625451803,0.0011281582992523909
/Users/aswanathjs/Downloads/test9/ai_plastic_waste_management_training/PS Plastic/foam_containers/Image_187.png,1,LDPE Plastic,3,PP Plastic,0.38353168964385986,0.05139607563614845,0.23578235507011414,0.0060456013306975365,0.38353168964385986,0.32324427366256714
/Users/aswanathjs/Downloads/test9/ai_plastic_waste_management_training/PET Plastic/plastic_bottles/PET595.jpg,2,PET Plastic,2,PET Plastic,0.9999998807907104,6.170464672550224e-08,7.232669130274871e-09,0.9999998807907104,2.7218552745011948e-08,2.851206915011062e-08
/Users/aswanathjs/Downloads/test9/ai_plastic_waste_management_training/HDPE Plastic/milk_bottles/P_W (465).jpg,0,HDPE Plastic,0,HDPE Plastic,0.9999822378158569,0.9999822378158569,1.6000068825405833e-08,1.7780481357476674e-05,8.539796647610842e-10,3.251065194831426e-08
/Users/aswanathjs/Downloads/test9/ai_plastic_waste_management_training/LDPE Plastic/black_white__plastic_bags/0219_jpg.rf.c16da776f5a092488537212c325f9d37.jpg,1,LDPE Plastic,1,LDPE Plastic,0.9999628067016602,2.3448606043530162e-06,0.9999628067016602,6.418925750040216e-06,1.7695203496259637e-05,1.0844531971088145e-05
/Users/aswanathjs/Downloads/test9/ai_plastic_waste_management_training/PET Plastic/plastic_bottles/PET715.jpg,2,PET Plastic,2,PET Plastic,0.9999916553497314,4.552386144496268e-06,1.2893557368442998e-06,0.9999916553497314,9.654498853706173e-07,1.4703267652294016e-06
/Users/aswanathjs/Downloads/test9/ai_plastic_waste_management_training/LDPE Plastic/plastic_bags/LDPE-609_jpg.rf.1c18d32f62f5503b69dfd1fa82a8c207.jpg,1,LDPE Plastic,1,LDPE Plastic,0.9996848106384277,5.363598575058859e-06,0.9996848106384277,1.2778156815329567e-05,0.00022818981960881501,6.886087794555351e-05
/Users/aswanathjs/Downloads/test9/ai_plastic_waste_management_training/HDPE Plastic/detergent_bottles/0039_a02b01c1d3e0f1g0h2.jpg,0,HDPE Plastic,0,HDPE Plastic,0.9999974966049194,0.9999974966049194,4.689416144287861e-08,2.2285551040113205e-06,1.4368387724061904e-07,5.1244253285176455e-09
"/Users/aswanathjs/Downloads/test9/ai_plastic_waste_management_training/PET Plastic/plastic_bottles/PET1,444.jpg",2,PET Plastic,2,PET Plastic,0.9999862909317017,8.223479994740046e-07,2.6713867100625066e-06,0.9999862909317017,1.0133103387488518e-05,1.2551315364817128e-07
/Users/aswanathjs/Downloads/test9/ai_plastic_waste_management_training/PP Plastic/square_containers_grey/0011_a05b00c1d0e0f0g0h2.jpg,3,PP Plastic,3,PP Plastic,0.9999822378158569,3.1014312753541162e-06,1.1781470675487071e-05,1.8495011318009347e-06,0.9999822378158569,9.701727776700864e-07
/Users/aswanathjs/Downloads/test9/ai_plastic_waste_management_training/PP Plastic/rectangle_containers/0011_a05b00c1d0e0f0g0h2.jpg,3,PP Plastic,3,PP Plastic,0.9999842643737793,6.30385875410866e-06,2.819961764544132e-06,4.27734767072252e-06,0.9999842643737793,2.3412328573613195e-06
/Users/aswanathjs/Downloads/test9/ai_plastic_waste_management_training/PP Plastic/square_containers/0011_a05b00c1d0e0f0g0h2.jpg,3,PP Plastic,3,PP Plastic,0.9999842643737793,6.30385875410866e-06,2.819961764544132e-06,4.27734767072252e-06,0.9999842643737793,2.3412328573613195e-06
/Users/aswanathjs/Downloads/test9/ai_plastic_waste_management_training/PP Plastic/rectangle_containers_grey/0011_a05b00c1d0e0f0g0h2.jpg,3,PP Plastic,3,PP Plastic,0.9999822378158569,3.1014312753541162e-06,1.1781470675487071e-05,1.8495011318009347e-06,0.9999822378158569,9.701727776700864e-07
/Users/aswanathjs/Downloads/test9/ai_plastic_waste_management_training/PS Plastic/foam_containers/0058_a06b01c1d2e0f0g0h0.jpg,4,PS Plastic,4,PS Plastic,0.9999886751174927,9.548332855047192e-06,1.652183811984287e-08,2.999272794568242e-07,1.4725831078976626e-06,0.9999886751174927
/Users/aswanathjs/Downloads/test9/ai_plastic_waste_management_training/LDPE Plastic/black_white__plastic_bags/0174_jpg.rf.a7e0c8215ae5965190cb789c8c09f2f8.jpg,1,LDPE Plastic,1,LDPE Plastic,0.9999730587005615,4.677546257880749e-06,0.9999730587005615,6.654064236499835e-06,8.797381269687321e-06,6.842116363259265e-06
/Users/aswanathjs/Downloads/test9/ai_plastic_waste_management_training/PET Plastic/plastic_bottles/PET486.jpg,2,PET Plastic,2,PET Plastic,0.9999905824661255,2.9590726171591086e-06,3.965300038544228e-06,0.9999905824661255,9.897596555674681e-07,1.4269347730078152e-06
/Users/aswanathjs/Downloads/test9/ai_plastic_waste_management_training/PP Plastic/rectangle_containers/0011_a05b00c1d1e0f0g0h3.jpg,3,PP Plastic,3,PP Plastic,0.9999990463256836,1.989671893909417e-08,9.601246375723349e-08,7.443964591402619e-07,0.9999990463256836,9.454195293301382e-08
/Users/aswanathjs/Downloads/test9/ai_plastic_waste_management_training/PP Plastic/square_containers/0011_a05b00c1d1e0f0g0h3.jpg,3,PP Plastic,3,PP Plastic,0.9999990463256836,1.989671893909417e-08,9.601246375723349e-08,7.443964591402619e-07,0.9999990463256836,9.454195293301382e-08
"/Users/aswanathjs/Downloads/test9/ai_plastic_waste_management_training/PET Plastic/plastic_bottles/PET1,321.jpg",2,PET Plastic,2,PET Plastic,0.9997003078460693,6.047761780791916e-05,1.5955413346091518e-06,0.9997003078460693,0.00023209856590256095,5.537940069189062e-06
/Users/aswanathjs/Downloads/test9/ai_plastic_waste_management_training/LDPE Plastic/plastic_bags/plasticbag (61).jpg,1,LDPE Plastic,1,LDPE Plastic,0.9999982118606567,8.252855110413293e-08,0.9999982118606567,1.0222843371821e-07,1.3270656609165599e-06,2.8277935371079366e-07
/Users/aswanathjs/Downloads/test9/ai_plastic_waste_management_training/PP Plastic/round_containers/0095_a05b01c2d3e0f0g0h2.jpg,3,PP Plastic,3,PP Plastic,0.9999432563781738,2.0203882741043344e-05,5.609019353869371e-06,2.788728852465283e-05,0.9999432563781738,3.0501323635689914e-06
/Users/aswanathjs/Downloads/test9/ai_plastic_waste_management_training/HDPE Plastic/shampoo_bottles/0061_a02b01c2d3e0f1g0h1.jpg,0,HDPE Plastic,0,HDPE Plastic,0.9999958276748657,0.9999958276748657,3.736633402695588e-08,3.578421228667139e-06,4.6306158196784963e-07,6.795644935664313e-08
/Users/aswanathjs/Downloads/test9/ai_plastic_waste_management_training/PS Plastic/foam_sheets/PS-896_jpg.rf.f5a1226a916b53702567b35310788274.jpg,4,PS Plastic,4,PS Plastic,1.0,3.9796155704152625e-08,1.9103647552753955e-09,3.324501784973677e-09,3.3133222832049114e-09,1.0
/Users/aswanathjs/Downloads/test9/ai_plastic_waste_management_training/PET Plastic/black_white_plastic_bottles/bucmx_jpg.rf.ed05391c025208296e856dc329fac940.jpg,2,PET Plastic,2,PET Plastic,0.999996542930603,2.5299107164755696e-07,2.117252506650402e-06,0.999996542930603,5.108606160320051e-07,5.433479941530095e-07
/Users/aswanathjs/Downloads/test9/ai_plastic_waste_management_training/PP Plastic/square_containers/Image_153.png,3,PP Plastic,3,PP Plastic,0.9998689889907837,6.39254449197324e-06,0.0001225868909386918,1.2971392493454914e-07,0.9998689889907837,1.93742016563192e-06
/Users/aswanathjs/Downloads/test9/ai_plastic_waste_management_training/PS Plastic/foam_containers/Image_153.png,3,PP Plastic,3,PP Plastic,0.5951476693153381,0.01909719966351986,0.23323257267475128,0.0058906832709908485,0.5951476693153381,0.14663191139698029
/Users/aswanathjs/Downloads/test9/ai_plastic_waste_management_training/PET Plastic/black_white_plastic_bottles/cztuv_jpg.rf.5645345b7c029ab43e2ae98bc45b705f.jpg,2,PET Plastic,2,PET Plastic,0.9999896287918091,3.428220225032419e-06,2.786793857012526e-06,0.9999896287918091,2.2681615519104525e-06,1.9363681076356443e-06
/Users/aswanathjs/Downloads/test9/ai_plastic_waste_management_training/PP Plastic/irregular_containers/0036_a05b00c1d0e0f0g0h3.jpg,3,PP Plastic,3,PP Plastic,0.9976365566253662,0.0001049316706485115,0.0006857975386083126,0.0014589885249733925,0.9976365566253662,0.00011371090658940375
/Users/aswanathjs/Downloads/test9/ai_plastic_waste_management_training/PP Plastic/round_containers/IMG_20220210_105856.jpg,3,PP Plastic,3,PP Plastic,0.9994971752166748,0.00018874516536016017,0.000152869732119143,0.00014854715846013278,0.9994971752166748,1.2616625099326484e-05
/Users/aswanathjs/Downloads/test9/ai_plastic_waste_management_training/LDPE Plastic/plastic_bags/LDPE-57_jpg.rf.d8278d1b3a4868875159aed9c484a0ce.jpg,1,LDPE Plastic,1,LDPE Plastic,0.9999399185180664,1.6591175153735094e-05,0.9999399185180664,2.6684365366236307e-06,2.0840225261054002e-05,1.9926297682104632e-05
/Users/aswanathjs/Downloads/test9/ai_plastic_waste_management_training/LDPE Plastic/plastic_bags/LDPE-57_jpg.rf.fd80a8096bc6ffe477192da7ba92d797.jpg,1,LDPE Plastic,1,LDPE Plastic,0.999907374382019,1.0361615068177343e-06,0.999907374382019,1.5164677279244643e-05,5.454213169286959e-05,2.183926153520588e-05
"/Users/aswanathjs/Downloads/test9/ai_plastic_waste_management_training/PET Plastic/plastic_bottles/PET1,235.jpg",2,PET Plastic,2,PET Plastic,0.9999926090240479,2.5244144126190804e-06,8.316382604789396e-07,0.9999926090240479,3.368588295415975e-06,6.91490981807874e-07
"/Users/aswanathjs/Downloads/test9/ai_plastic_waste_management_training/PET Plastic/plastic_bottles/PET1,613.jpg",2,PET Plastic,2,PET Plastic,0.9994691014289856,2.5341243599541485e-05,0.00014299577742349356,0.9994691014289856,0.0003496759745758027,1.2850733583036344e-05
/Users/aswanathjs/Downloads/test9/ai_plastic_waste_management_training/PET Plastic/black_white_plastic_bottles/bcaqx_jpg.rf.d79b0d79c7cf84ddaa330fa95b3b675e.jpg,2,PET Plastic,2,PET Plastic,0.999996542930603,5.592772822637926e-07,2.784048831472319e-07,0.999996542930603,2.0036916339449817e-06,6.205157774274994e-07
/Users/aswanathjs/Downloads/test9/ai_plastic_waste_management_training/PET Plastic/plastic_bottles/PET784.jpg,2,PET Plastic,2,PET Plastic,0.9999997615814209,2.439319857217015e-08,1.680450480989748e-07,0.9999997615814209,4.638030048909059e-08,1.664436588555418e-08
/Users/aswanathjs/Downloads/test9/ai_plastic_waste_management_training/PP Plastic/square_containers_grey/Image_250.png,3,PP Plastic,3,PP Plastic,0.9998041987419128,5.056159716332331e-05,0.00010223771096207201,5.341688620319474e-07,0.9998041987419128,4.245124364388175e-05
/Users/aswanathjs/Downloads/test9/ai_plastic_waste_management_training/PP Plastic/square_containers/Image_250.png,3,PP Plastic,3,PP Plastic,0.9997023940086365,0.0002921832201536745,2.649347379701794e-06,5.2020521223994365e-08,0.9997023940086365,2.766105353657622e-06
/Users/aswanathjs/Downloads/test9/ai_plastic_waste_management_training/PS Plastic/foam_containers/Image_250.png,3,PP Plastic,3,PP Plastic,0.7455729842185974,0.017926936969161034,0.04542670398950577,0.0015476985136047006,0.7455729842185974,0.18952566385269165
/Users/aswanathjs/Downloads/test9/ai_plastic_waste_management_training/LDPE Plastic/plastic_bags/LDPE-41_jpg.rf.20a5f7597f8f602a98886343f404a1e0.jpg,1,LDPE Plastic,1,LDPE Plastic,0.9997205138206482,8.262339542852715e-05,0.9997205138206482,3.040786032215692e-05,0.00011666220962069929,4.9753474741009995e-05
/Users/aswanathjs/Downloads/test9/ai_plastic_waste_management_training/PS Plastic/foam_sheets/PS-604_jpg.rf.2f88ab91a623f7eb67f048553e7594f7.jpg,4,PS Plastic,4,PS Plastic,0.9999986886978149,6.022993943588517e-07,5.857633595951484e-07,8.554585662068348e-08,4.339538151043598e-08,0.9999986886978149
/Users/aswanathjs/Downloads/test9/ai_plastic_waste_management_training/PS Plastic/foam_sheets/PS-668_jpg.rf.8fe710f9d479a0e9f0ff7b163e677905.jpg,4,PS Plastic,4,PS Plastic,0.9999998807907104,4.120227714565772e-08,7.267035329050486e-08,3.043097551724827e-09,3.509899926257276e-09,0.9999998807907104
/Users/aswanathjs/Downloads/test9/ai_plastic_waste_management_training/HDPE Plastic/shampoo_bottles/0075_a02b01c2d2e0f0g0h1.jpg,0,HDPE Plastic,0,HDPE Plastic,0.996224045753479,0.996224045753479,9.835733180807438e-06,0.0010649304604157805,0.00267588603310287,2.5270554033340886e-05
"/Users/aswanathjs/Downloads/test9/ai_plastic_waste_management_training/PET Plastic/plastic_bottles/PET1,608.jpg",2,PET Plastic,2,PET Plastic,0.9998261332511902,1.0669824405340478e-05,0.00014181000005919486,0.9998261332511902,2.0395424144226126e-05,1.0558261465121177e-06
/Users/aswanathjs/Downloads/test9/ai_plastic_waste_management_training/PP Plastic/round_containers/0095_a05b01c2d1e0f0g0h4.jpg,3,PP Plastic,3,PP Plastic,0.9999674558639526,2.6679794245865196e-05,8.569019769311126e-07,4.603860361385159e-06,0.9999674558639526,4.169879161963763e-07
/Users/aswanathjs/Downloads/test9/ai_plastic_waste_management_training/PET Plastic/black_white_plastic_bottles/dboqi_jpg.rf.57ac3d4796ea4575415d2239f7ac7ddb.jpg,2,PET Plastic,2,PET Plastic,0.9999969005584717,4.149452763613226e-07,1.697999664429517e-06,0.9999969005584717,6.601580366805138e-07,3.1059119010024006e-07
/Users/aswanathjs/Downloads/test9/ai_plastic_waste_management_training/LDPE Plastic/plastic_bags/plasticbag (33).jpg,1,LDPE Plastic,1,LDPE Plastic,0.9999806880950928,2.499299171176972e-06,0.9999806880950928,2.18578952626558e-06,6.9499901655944996e-06,7.689724952797405e-06
"/Users/aswanathjs/Downloads/test9/ai_plastic_waste_management_training/PET Plastic/plastic_bottles/PET1,475.jpg",2,PET Plastic,2,PET Plastic,0.999997615814209,3.156534660320176e-07,1.0122665798917296e-06,0.999997615814209,1.0711138429542189e-06,8.309000065764849e-08
/Users/aswanathjs/Downloads/test9/ai_plastic_waste_management_training/PET Plastic/shampoo_bottles/0015_a05b00c1d2e1f1g0h0.jpg,2,PET Plastic,2,PET Plastic,0.9999474287033081,1.3692335414816625e-05,1.608691491128411e-05,0.9999474287033081,1.7468824808020145e-05,5.295504251989769e-06
/Users/aswanathjs/Downloads/test9/ai_plastic_waste_management_training/LDPE Plastic/plastic_bags/LDPE-19_jpg.rf.686c6c75b2213e4293817309e22c0b79.jpg,1,LDPE Plastic,1,LDPE Plastic,0.9998323917388916,5.227396741247503e-06,0.9998323917388916,4.775116394739598e-06,4.796784924110398e-05,0.00010964088141918182
/Users/aswanathjs/Downloads/test9/ai_plastic_waste_management_training/PET Plastic/black_white_plastic_bottles/chlqt_jpg.rf.efc7a16e9513b31941f4a0b6568c10c0.jpg,2,PET Plastic,2,PET Plastic,0.9999629259109497,4.2419305827934295e-06,1.988101030292455e-05,0.9999629259109497,7.0706505539419595e-06,5.832850092701847e-06
/Users/aswanathjs/Downloads/test9/ai_plastic_waste_management_training/PS Plastic/foam_containers/0058_a06b01c1d0e0f0g0h1.jpg,4,PS Plastic,4,PS Plastic,0.9930632710456848,0.004192236810922623,4.524511950876331e-06,5.46977789781522e-05,0.0026852102018892765,0.9930632710456848
/Users/aswanathjs/Downloads/test9/ai_plastic_waste_management_training/PP Plastic/irregular_containers/train_PP-59_jpg.rf.d289ca64f9306da06780bc7b797a5ed9.jpg,3,PP Plastic,3,PP Plastic,0.999931812286377,1.0902670510404278e-05,4.743801036966033e-05,6.523525826196419e-06,0.999931812286377,3.2870302675291896e-06
/Users/aswanathjs/Downloads/test9/ai_plastic_waste_management_training/PP Plastic/irregular_containers/0036_a05b00c2d0e0f0g0h2.jpg,3,PP Plastic,3,PP Plastic,0.9999971389770508,1.4958069414205966e-06,6.258942448766902e-07,6.797731657570694e-07,0.9999971389770508,1.4392341540769849e-07
/Users/aswanathjs/Downloads/test9/ai_plastic_waste_management_training/LDPE Plastic/black_white__plastic_bags/0222_jpg.rf.cd5ab015af2beb9b1e30cfa9e14a06d5.jpg,1,LDPE Plastic,1,LDPE Plastic,0.9998809099197388,2.0569291336869355e-06,0.9998809099197388,6.0110960475867614e-05,3.8166494050528854e-05,1.8743641703622416e-05
/Users/aswanathjs/Downloads/test9/ai_plastic_waste_management_training/LDPE Plastic/black_white__plastic_bags/0130_jpg.rf.5a3ea53d8834186f5060d887591f1a1a.jpg,1,LDPE Plastic,1,LDPE Plastic,0.9993071556091309,0.00010549430589890108,0.9993071556091309,8.06857042334741e-06,0.00042344804387539625,0.00015578580496367067
/Users/aswanathjs/Downloads/test9/ai_plastic_waste_management_training/PP Plastic/round_containers/0032_a05b01c1d2e0f0g0h2.jpg,3,PP Plastic,3,PP Plastic,0.99918133020401,0.0004866625531576574,6.250003207242116e-05,9.329980821348727e-05,0.99918133020401,0.0001762063184287399
"/Users/aswanathjs/Downloads/test9/ai_plastic_waste_management_training/PET Plastic/plastic_bottles/PET1,169.jpg",2,PET Plastic,2,PET Plastic,0.9999048709869385,1.1571634786378127e-05,3.9885930164018646e-05,0.9999048709869385,5.6836170188034885e-06,3.802492210525088e-05
/Users/aswanathjs/Downloads/test9/ai_plastic_waste_management_training/PP Plastic/irregular_containers/0036_a05b00c1d1e0f0g0h0.jpg,3,PP Plastic,3,PP Plastic,0.9990211725234985,3.095519059570506e-05,9.322383994003758e-05,0.0008499297546222806,0.9990211725234985,4.710082066594623e-06
/Users/aswanathjs/Downloads/test9/ai_plastic_waste_management_training/PET Plastic/black_white_plastic_bottles/bgsqd_jpg.rf.57560a7c7191fb19bbc6d4af5c6ea22c.jpg,2,PET Plastic,2,PET Plastic,0.9999972581863403,2.2973633804213023e-06,7.462640638777884e-08,0.9999972581863403,2.770825346942729e-07,6.646772732210593e-08
/Users/aswanathjs/Downloads/test9/ai_plastic_waste_management_training/PP Plastic/square_containers/Image_177.png,3,PP Plastic,3,PP Plastic,0.9999520778656006,1.7757509340299293e-05,2.912766285589896e-05,6.540599315485451e-07,0.9999520778656006,4.634627828181692e-07
/Users/aswanathjs/Downloads/test9/ai_plastic_waste_management_training/PS Plastic/form_containers_grey/Image_177.png,3,PP Plastic,3,PP Plastic,0.7891396284103394,0.011672195047140121,0.12767450511455536,0.00470387889072299,0.7891396284103394,0.06680971384048462
/Users/aswanathjs/Downloads/test9/ai_plastic_waste_management_training/PS Plastic/foam_containers/Image_177.png,3,PP Plastic,3,PP Plastic,0.7787879109382629,0.013152970932424068,0.1266443133354187,0.00498424144461751,0.7787879109382629,0.07643057405948639
/Users/aswanathjs/Downloads/test9/ai_plastic_waste_management_training/LDPE Plastic/black_white__plastic_bags/0049_jpg.rf.5091fd66f85c75101b69742c987ea664.jpg,1,LDPE Plastic,1,LDPE Plastic,0.9999978542327881,5.947493519897762e-08,0.9999978542327881,1.691577296014657e-07,1.7825454960984644e-06,8.573330489980435e-08
/Users/aswanathjs/Downloads/test9/ai_plastic_waste_management_training/HDPE Plastic/milk_bottles/HDPEM190.jpg,0,HDPE Plastic,0,HDPE Plastic,1.0,1.0,5.454683371652891e-10,1.692997031454979e-08,3.883715038455193e-08,2.8380229721847172e-08
/Users/aswanathjs/Downloads/test9/ai_plastic_waste_management_training/PET Plastic/black_white_plastic_bottles/cegwo_jpg.rf.be048a7a66c9930b0d37e9251bd6ea7d.jpg,2,PET Plastic,2,PET Plastic,0.9999959468841553,1.8904663079410966e-07,1.3851679341314593e-06,0.9999959468841553,1.8968296444654698e-06,5.691286446563026e-07
/Users/aswanathjs/Downloads/test9/ai_plastic_waste_management_training/PET Plastic/shampoo_bottles/0100_a05b00c1d0e0f0g0h2.jpg,2,PET Plastic,2,PET Plastic,0.9999994039535522,1.2961521633769735e-07,1.3947557420124213e-07,0.9999994039535522,2.838198440713313e-07,3.216696953245446e-08
/Users/aswanathjs/Downloads/test9/ai_plastic_waste_management_training/PP Plastic/round_containers/0095_a05b01c2d0e0f0g0h0.jpg,3,PP Plastic,3,PP Plastic,0.9997662901878357,6.22618681518361e-05,1.2315624189795926e-05,0.00014076645311433822,0.9997662901878357,1.836635055951774e-05
/Users/aswanathjs/Downloads/test9/ai_plastic_waste_management_training/HDPE Plastic/shampoo_bottles/0063_a02b01c1d0e0f1g1h4.jpg,0,HDPE Plastic,0,HDPE Plastic,0.9999994039535522,0.9999994039535522,1.750154909885282e-09,1.4875549680937183e-08,6.411093522729061e-07,1.5879249914974025e-08
/Users/aswanathjs/Downloads/test9/ai_plastic_waste_management_training/PET Plastic/plastic_bottles/PET399.jpg,2,PET Plastic,2,PET Plastic,0.9999626874923706,1.145229452959029e-05,3.3609337606321787e-06,0.9999626874923706,1.965761293831747e-05,2.8089982606616104e-06
/Users/aswanathjs/Downloads/test9/ai_plastic_waste_management_training/LDPE Plastic/plastic_bags/LDPE-37_jpg.rf.4e86f07473cf8d68dba1b25ef76a9979.jpg,1,LDPE Plastic,1,LDPE Plastic,0.9994291663169861,1.8188582544098608e-05,0.9994291663169861,0.0002212203835370019,0.00024060190480668098,9.085136844078079e-05
/Users/aswanathjs/Downloads/test9/ai_plastic_waste_management_training/LDPE Plastic/plastic_bags/LDPE-37_jpg.rf.a1aee41d19fa68257bc725dfbaf86980.jpg,1,LDPE Plastic,1,LDPE Plastic,0.9907476902008057,0.00024556476273573935,0.9907476902008057,0.0009061690070666373,0.007911426946520805,0.0001890772837214172
"/Users/aswanathjs/Downloads/test9/ai_plastic_waste_management_training/PET Plastic/plastic_bottles/PET1,290.jpg",2,PET Plastic,2,PET Plastic,0.9996644258499146,0.00030341860838234425,1.2084441323167994e-06,0.9996644258499146,1.1622109013842419e-05,1.9340546714374796e-05
/Users/aswanathjs/Downloads/test9/ai_plastic_waste_management_training/PS Plastic/foam_containers/0058_a06b01c1d2e0f0g0h2.jpg,4,PS Plastic,4,PS Plastic,0.7975194454193115,0.19558189809322357,3.13287432618381e-06,2.6310883185942657e-05,0.006869163829833269,0.7975194454193115
/Users/aswanathjs/Downloads/test9/ai_plastic_waste_management_training/HDPE Plastic/detergent_bottles/0039_a02b01c2d1e0f1g0h4.jpg,0,HDPE Plastic,0,HDPE Plastic,1.0,1.0,6.651225251987081e-13,2.9028306425260553e-09,1.1712030650867788e-11,7.464450607098938e-13
/Users/aswanathjs/Downloads/test9/ai_plastic_waste_management_training/LDPE Plastic/black_white__plastic_bags/0027_jpg.rf.87b0ee62a4c3cd90fa7655125af6f3ae.jpg,1,LDPE Plastic,1,LDPE Plastic,0.9999970197677612,2.5945212200895185e-08,0.9999970197677612,8.509473445883486e-07,1.102637952499208e-06,9.773937108548125e-07
/Users/aswanathjs/Downloads/test9/ai_plastic_waste_management_training/LDPE Plastic/plastic_bags/LDPE-409_jpg.rf.8d15c530600d9b051829d588c619dfc8.jpg,1,LDPE Plastic,1,LDPE Plastic,0.9995809197425842,1.4862244825053494e-05,0.9995809197425842,2.315359415661078e-05,0.00028542449581436813,9.572154522174969e-05
"/Users/aswanathjs/Downloads/test9/ai_plastic_waste_management_training/PET Plastic/plastic_bottles/PET1,374.jpg",2,PET Plastic,2,PET Plastic,0.9999517202377319,2.005889473366551e-05,8.457573130726814e-06,0.9999517202377319,1.8886836187448353e-05,9.298314580519218e-07
/Users/aswanathjs/Downloads/test9/ai_plastic_waste_management_training/HDPE Plastic/milk_bottles/HDPEM202.jpg,0,HDPE Plastic,0,HDPE Plastic,1.0,1.0,1.997805046394241e-11,8.646549587432162e-10,8.902373838104438e-10,8.483160285344127e-10
/Users/aswanathjs/Downloads/test9/ai_plastic_waste_management_training/PP Plastic/round_containers/IMG_20220209_174040.jpg,3,PP Plastic,3,PP Plastic,0.9998248219490051,1.0267370271321852e-05,4.242120121489279e-05,0.00012060842709615827,0.9998248219490051,1.9508672721713083e-06
/Users/aswanathjs/Downloads/test9/ai_plastic_waste_management_training/HDPE Plastic/milk_bottles/HDPEM569.JPG,0,HDPE Plastic,0,HDPE Plastic,1.0,1.0,2.959138142855089e-11,7.213533770311642e-09,5.519245060980893e-10,7.007747160336919e-10
/Users/aswanathjs/Downloads/test9/ai_plastic_waste_management_training/LDPE Plastic/plastic_bags/plasticbag (68).jpg,1,LDPE Plastic,1,LDPE Plastic,0.9998276233673096,2.6251407234667568e-06,0.9998276233673096,1.2187949778308393e-06,0.0001549323642393574,1.352061462966958e-05
/Users/aswanathjs/Downloads/test9/ai_plastic_waste_management_training/HDPE Plastic/milk_bottles/HDPEM100.jpg,0,HDPE Plastic,0,HDPE Plastic,0.9999810457229614,0.9999810457229614,2.7351315878831883e-08,1.705602880974766e-05,1.8051913457384217e-06,9.241684040262044e-08
/Users/aswanathjs/Downloads/test9/ai_plastic_waste_management_training/PP Plastic/round_containers/IMG_20220209_175545.jpg,3,PP Plastic,3,PP Plastic,0.9981924891471863,0.0014658147701993585,5.8696252381196246e-05,0.000272058678092435,0.9981924891471863,1.0959373867081013e-05
/Users/aswanathjs/Downloads/test9/ai_plastic_waste_management_training/HDPE Plastic/milk_bottles/HDPEM220.jpg,0,HDPE Plastic,0,HDPE Plastic,1.0,1.0,1.2099908748564037e-11,2.151657296778353e-09,8.050748512289374e-09,1.3609775806333602e-10
"/Users/aswanathjs/Downloads/test9/ai_plastic_waste_management_training/PET Plastic/plastic_bottles/PET1,683.jpg",2,PET Plastic,2,PET Plastic,0.9999474287033081,1.5500036170124076e-05,1.3973061868455261e-05,0.9999474287033081,2.0610334104276262e-05,2.4665259843459353e-06
"/Users/aswanathjs/Downloads/test9/ai_plastic_waste_management_training/HDPE Plastic/milk_bottles/HDPEM1,010.JPG",0,HDPE Plastic,0,HDPE Plastic,0.9999916553497314,0.9999916553497314,2.397041898305474e-09,8.386394256376661e-06,1.0917154291689712e-08,4.2886973972144915e-08
/Users/aswanathjs/Downloads/test9/ai_plastic_waste_management_training/PP Plastic/round_containers/IMG_20220209_173404.jpg,3,PP Plastic,3,PP Plastic,0.999976396560669,7.437235581164714e-06,9.699761903902981e-06,6.400539859896526e-06,0.999976396560669,1.4763229216896434e-07
/Users/aswanathjs/Downloads/test9/ai_plastic_waste_management_training/HDPE Plastic/detergent_bottles/0098_a02b03c1d0e0f0g0h3.jpg,0,HDPE Plastic,0,HDPE Plastic,1.0,1.0,1.1439146071351436e-12,3.890158681296718e-11,9.008115781083958e-11,6.176611305752644e-12
/Users/aswanathjs/Downloads/test9/ai_plastic_waste_management_training/HDPE Plastic/shampoo_bottles/0076_a02b06c2d1e0f1g0h4.jpg,0,HDPE Plastic,0,HDPE Plastic,0.9999915361404419,0.9999915361404419,1.1143038847194475e-07,7.4994841270381585e-06,7.564760835521156e-07,6.52166960435352e-08
/Users/aswanathjs/Downloads/test9/ai_plastic_waste_management_training/HDPE Plastic/milk_bottles/HDPEM79.jpg,0,HDPE Plastic,0,HDPE Plastic,0.9999991655349731,0.9999991655349731,3.6384213419893285e-09,1.8673860324724956e-07,6.14575640156545e-07,2.8195250578733067e-08
/Users/aswanathjs/Downloads/test9/ai_plastic_waste_management_training/PP Plastic/round_containers/0043_a06b01c1d3e0f0g0h3.jpg,3,PP Plastic,3,PP Plastic,0.999987006187439,2.1072610252304003e-06,6.9191492002573796e-06,3.393642600713065e-06,0.999987006187439,6.15545957316499e-07
/Users/aswanathjs/Downloads/test9/ai_plastic_waste_management_training/PP Plastic/round_containers_grey/0043_a06b01c1d3e0f0g0h3.jpg,3,PP Plastic,3,PP Plastic,0.9999274015426636,1.735065211505571e-06,5.332202272256836e-05,1.728370989440009e-05,0.9999274015426636,2.850928240150097e-07
/Users/aswanathjs/Downloads/test9/ai_plastic_waste_management_training/PP Plastic/irregular_containers/train_PP-97_jpg.rf.cf900bbf6562c70df187cb016fe6acf0.jpg,3,PP Plastic,3,PP Plastic,0.9999892711639404,3.8105633848317666e-07,6.213761480466928e-06,8.646478590890183e-07,0.9999892711639404,3.280157443441567e-06
/Users/aswanathjs/Downloads/test9/ai_plastic_waste_management_training/LDPE Plastic/plastic_bags/plasticbag (34).jpg,1,LDPE Plastic,1,LDPE Plastic,0.9999977350234985,1.0553061002838149e-07,0.9999977350234985,4.4441193836064485e-07,1.0531962288951036e-06,6.134066552476725e-07
/Users/aswanathjs/Downloads/test9/ai_plastic_waste_management_training/LDPE Plastic/plastic_bags/LDPE-107_jpg.rf.eff93aea63d9964797471e78334123e6.jpg,1,LDPE Plastic,1,LDPE Plastic,0.9999394416809082,3.3153899039461976e-06,0.9999394416809082,1.8359005480306223e-05,1.418418287357781e-05,2.475053770467639e-05
/Users/aswanathjs/Downloads/test9/ai_plastic_waste_management_training/PS Plastic/foam_sheets/PS-774_jpg.rf.595fa8490f5825f8bb10c28bb893831f.jpg,4,PS Plastic,4,PS Plastic,0.9999722242355347,4.412474027049029e-06,8.304626248900604e-07,1.57171461978578e-06,2.0980272893211804e-05,0.9999722242355347
/Users/aswanathjs/Downloads/test9/ai_plastic_waste_management_training/PET Plastic/shampoo_bottles/0015_a05b00c2d0e1f1g0h1.jpg,2,PET Plastic,2,PET Plastic,0.999993085861206,2.1432017547340365e-06,2.537560703785857e-06,0.999993085861206,1.49668846916029e-06,6.874331006656575e-07
/Users/aswanathjs/Downloads/test9/ai_plastic_waste_management_training/HDPE Plastic/milk_bottles/HDPEM299.jpg,0,HDPE Plastic,0,HDPE Plastic,1.0,1.0,6.370973627128906e-13,5.006695058540345e-09,2.2386946463281987e-11,1.5370565931149827e-10
/Users/aswanathjs/Downloads/test9/ai_plastic_waste_management_training/PET Plastic/black_white_plastic_bottles/dkhzj_jpg.rf.bcbfdf5ca8a966cbd583c6cee011b114.jpg,2,PET Plastic,2,PET Plastic,0.9999852180480957,9.19417379918741e-06,9.656922657086398e-07,0.9999852180480957,3.760061872526421e-06,8.225487135860021e-07
/Users/aswanathjs/Downloads/test9/ai_plastic_waste_management_training/PS Plastic/foam_sheets/IMG_9369_JPG.rf.756e83ba1f473514cee207b13a0b6217.jpg,4,PS Plastic,4,PS Plastic,0.9999204874038696,1.8151253016185365e-06,1.2982035514141899e-05,6.401746941264719e-05,7.082784918566176e-07,0.9999204874038696
/Users/aswanathjs/Downloads/test9/ai_plastic_waste_management_training/PS Plastic/foam_sheets/IMG_9369_JPG.rf.45272a68007313131b0e6c105f3f41fe.jpg,4,PS Plastic,4,PS Plastic,0.999984622001648,3.0472767775791e-07,1.2065715964126866e-06,1.3651874724018853e-05,1.6383484080506605e-07,0.999984622001648
/Users/aswanathjs/Downloads/test9/ai_plastic_waste_management_training/PS Plastic/foam_sheets/IMG_9369_JPG.rf.615a284429e7f320779dc625f92a7379.jpg,4,PS Plastic,4,PS Plastic,0.9999971389770508,1.5790335794463317e-07,2.049620889010839e-06,6.821025522185664e-07,1.0028389674232585e-08,0.9999971389770508
/Users/aswanathjs/Downloads/test9/ai_plastic_waste_management_training/LDPE Plastic/plastic_bags/train_LDPE-44_jpg.rf.cb0b81bc43bfa9aa3a0b11ae0cef4690.jpg,1,LDPE Plastic,1,LDPE Plastic,0.9999014139175415,3.360988921485841e-05,0.9999014139175415,5.406404397945153e-06,5.126245741848834e-05,8.32688147056615e-06
/Users/aswanathjs/Downloads/test9/ai_plastic_waste_management_training/HDPE Plastic/shampoo_bottles/0061_a02b01c1d3e0f1g0h3.jpg,0,HDPE Plastic,0,HDPE Plastic,1.0,1.0,7.498415950657478e-12,8.179665833552008e-09,9.091542518824269e-10,5.183711099254751e-11
/Users/aswanathjs/Downloads/test9/ai_plastic_waste_management_training/LDPE Plastic/plastic_bags/plasticbag (99).jpg,1,LDPE Plastic,1,LDPE Plastic,0.9990836381912231,0.00014839947107248008,0.9990836381912231,0.00015262924716807902,0.0005043311393819749,0.00011096994421677664
/Users/aswanathjs/Downloads/test9/ai_plastic_waste_management_training/PET Plastic/plastic_bottles/PET805.jpg,2,PET Plastic,2,PET Plastic,0.9999297857284546,5.696359039575327e-06,5.291244087857194e-05,0.9999297857284546,7.672954779991414e-06,3.91642834074446e-06
/Users/aswanathjs/Downloads/test9/ai_plastic_waste_management_training/HDPE Plastic/milk_bottles/HDPEM256.jpg,0,HDPE Plastic,0,HDPE Plastic,0.9998641014099121,0.9998641014099121,1.955294592903556e-08,0.0001326777710346505,2.9735151656495873e-06,2.8514628525044827e-07
/Users/aswanathjs/Downloads/test9/ai_plastic_waste_management_training/PET Plastic/shampoo_bottles/0015_a05b00c1d3e1f1g0h4.jpg,2,PET Plastic,2,PET Plastic,0.9999973773956299,1.3316208651303896e-06,5.648528826895927e-07,0.9999973773956299,5.340560278455087e-07,1.9802425299531023e-07
/Users/aswanathjs/Downloads/test9/ai_plastic_waste_management_training/PET Plastic/plastic_bottles/PET401.jpg,2,PET Plastic,2,PET Plastic,0.9999997615814209,2.130812681855332e-08,1.740170496589144e-08,0.9999997615814209,1.692779534323563e-07,2.7788054079991298e-09
/Users/aswanathjs/Downloads/test9/ai_plastic_waste_management_training/HDPE Plastic/shampoo_bottles/0078_a02b07c1d3e0f1g0h0.jpg,0,HDPE Plastic,0,HDPE Plastic,0.9999955892562866,0.9999955892562866,1.6550991688291106e-09,4.031915068480885e-06,3.9927681427798234e-07,8.553424635238116e-10
/Users/aswanathjs/Downloads/test9/ai_plastic_waste_management_training/LDPE Plastic/plastic_bags/train_LDPE-34_jpg.rf.4ff566f02ea8201e9929cd77739494c6.jpg,1,LDPE Plastic,1,LDPE Plastic,0.9999889135360718,9.912447467286256e-07,0.9999889135360718,4.7266311753446644e-07,2.396444642727147e-06,7.1896124609338585e-06
/Users/aswanathjs/Downloads/test9/ai_plastic_waste_management_training/LDPE Plastic/plastic_bags/P_W (1414).jpg,1,LDPE Plastic,1,LDPE Plastic,0.9992850422859192,0.0004829892423003912,0.9992850422859192,0.00010665489389793947,4.066372275701724e-05,8.466160943498835e-05
/Users/aswanathjs/Downloads/test9/ai_plastic_waste_management_training/HDPE Plastic/milk_bottles/HDPEM457.jpg,0,HDPE Plastic,0,HDPE Plastic,0.9994204044342041,0.9994204044342041,1.5162205935226325e-09,0.0005791812436655164,3.67732752692973e-07,8.642667381764113e-08
/Users/aswanathjs/Downloads/test9/ai_plastic_waste_management_training/LDPE Plastic/plastic_bags/LDPE-64_jpg.rf.490d762c6c43a47fd27ec5c2b18d9b14.jpg,1,LDPE Plastic,1,LDPE Plastic,0.9999756813049316,7.701743953703044e-08,0.9999756813049316,1.1030509767806507e-06,1.657144821365364e-05,6.581177331099752e-06
/Users/aswanathjs/Downloads/test9/ai_plastic_waste_management_training/HDPE Plastic/detergent_bottles/0010_a02b01c1d2e0f1g0h2.jpg,0,HDPE Plastic,0,HDPE Plastic,1.0,1.0,1.2019385486894407e-10,3.0482565360756553e-09,3.1840761138823837e-09,1.0395206917479527e-10
/Users/aswanathjs/Downloads/test9/ai_plastic_waste_management_training/PS Plastic/form_containers_grey/styrofoam-149-_jpg.rf.24c814df2da6bcefac6ddd75adcd9d9e.jpg,4,PS Plastic,4,PS Plastic,0.9970230460166931,0.00023400328063871711,0.0021508466452360153,0.00053603999549523,5.60864937142469e-05,0.9970230460166931
/Users/aswanathjs/Downloads/test9/ai_plastic_waste_management_training/PS Plastic/foam_containers/styrofoam-149-_jpg.rf.24c814df2da6bcefac6ddd75adcd9d9e.jpg,4,PS Plastic,4,PS Plastic,0.9997887015342712,1.8351685866946355e-05,0.00016807251085992903,2.407276042504236e-05,7.981893190844858e-07,0.9997887015342712
/Users/aswanathjs/Downloads/test9/ai_plastic_waste_management_training/HDPE Plastic/shampoo_bottles/0078_a02b07c1d2e0f1g0h0.jpg,0,HDPE Plastic,0,HDPE Plastic,0.9999794960021973,0.9999794960021973,1.331586174657673e-09,2.0027393475174904e-05,4.266325390744896e-07,2.306363544590795e-09
/Users/aswanathjs/Downloads/test9/ai_plastic_waste_management_training/PET Plastic/shampoo_bottles/0080_a05b00c2d2e0f1g0h0.jpg,2,PET Plastic,2,PET Plastic,0.9984470009803772,5.919698378420435e-05,1.6208345186896622e-05,0.9984470009803772,0.0014509530737996101,2.6603025617077947e-05
"/Users/aswanathjs/Downloads/test9/ai_plastic_waste_management_training/PET Plastic/plastic_bottles/PET1,286.jpg",2,PET Plastic,2,PET Plastic,0.9999715089797974,1.697586412774399e-05,3.4109132229787065e-06,0.9999715089797974,6.314747224678285e-06,1.6817796222312609e-06
/Users/aswanathjs/Downloads/test9/ai_plastic_waste_management_training/PP Plastic/round_containers/Image_56.png,3,PP Plastic,3,PP Plastic,0.9994102716445923,9.128275996772572e-05,0.00016083140508271754,0.00030814073397777975,0.9994102716445923,2.9471142624970526e-05
/Users/aswanathjs/Downloads/test9/ai_plastic_waste_management_training/PS Plastic/foam_containers/Image_56.png,3,PP Plastic,3,PP Plastic,0.7257622480392456,0.028328269720077515,0.07390835136175156,0.004488805774599314,0.7257622480392456,0.16751232743263245
/Users/aswanathjs/Downloads/test9/ai_plastic_waste_management_training/HDPE Plastic/milk_bottles/HDPEM235.jpg,0,HDPE Plastic,0,HDPE Plastic,1.0,1.0,2.1412560960443194e-11,2.9016071767529183e-09,1.0569155328710167e-08,2.428607870363919e-10
/Users/aswanathjs/Downloads/test9/ai_plastic_waste_management_training/PP Plastic/round_containers/0022_a05b00c1d1e0f0g0h1.jpg,3,PP Plastic,3,PP Plastic,0.9998307228088379,1.7327454770565964e-05,5.359439819585532e-05,8.417650678893551e-05,0.9998307228088379,1.4094915059104096e-05
/Users/aswanathjs/Downloads/test9/ai_plastic_waste_management_training/PP Plastic/round_containers_grey/0022_a05b00c1d1e0f0g0h1.jpg,3,PP Plastic,3,PP Plastic,0.9999383687973022,6.586293693544576e-06,3.2701133022783324e-05,1.5058975805004593e-05,0.9999383687973022,7.285566880455008e-06
/Users/aswanathjs/Downloads/test9/ai_plastic_waste_management_training/LDPE Plastic/black_white__plastic_bags/0187_jpg.rf.c33494af3367fb49104d0d70fd81c3d5.jpg,1,LDPE Plastic,1,LDPE Plastic,0.9999854564666748,2.3405948468280258e-06,0.9999854564666748,5.6294811656698585e-06,2.641208766362979e-06,3.941677277907729e-06
/Users/aswanathjs/Downloads/test9/ai_plastic_waste_management_training/PET Plastic/black_white_plastic_bottles/adzfw_jpg.rf.de43f5641ac65eb0474f0776bd6f6666.jpg,2,PET Plastic,2,PET Plastic,0.9999955892562866,1.2691702977463137e-06,5.576634976023342e-07,0.9999955892562866,1.2750761015922762e-06,1.3400457419265877e-06
/Users/aswanathjs/Downloads/test9/ai_plastic_waste_management_training/HDPE Plastic/shampoo_bottles/0063_a02b01c2d1e0f1g1h4.jpg,0,HDPE Plastic,0,HDPE Plastic,0.9998167157173157,0.9998167157173157,3.359648417244898e-06,7.150120836740825e-06,0.00017061809194274247,2.1128039406903554e-06
/Users/aswanathjs/Downloads/test9/ai_plastic_waste_management_training/LDPE Plastic/plastic_bags/plasticbag (115).jpg,1,LDPE Plastic,1,LDPE Plastic,0.9997237324714661,2.588774987088982e-05,0.9997237324714661,8.497767703374848e-05,0.00014482910046353936,2.0628060156013817e-05
/Users/aswanathjs/Downloads/test9/ai_plastic_waste_management_training/PP Plastic/round_containers/IMG_20220209_172738.jpg,3,PP Plastic,3,PP Plastic,0.9998406171798706,0.00012236196198500693,1.5915143194433767e-06,3.470018054940738e-05,0.9998406171798706,6.922370516804222e-07
/Users/aswanathjs/Downloads/test9/ai_plastic_waste_management_training/LDPE Plastic/plastic_bags_grey/plasticbag (30).jpg,1,LDPE Plastic,1,LDPE Plastic,0.9995204210281372,1.0851664455913124e-06,0.9995204210281372,0.0003509179805405438,3.139280670438893e-05,9.625960228731856e-05
/Users/aswanathjs/Downloads/test9/ai_plastic_waste_management_training/LDPE Plastic/plastic_bags/plasticbag (30).jpg,1,LDPE Plastic,1,LDPE Plastic,0.9999632835388184,5.279907782096416e-07,0.9999632835388184,1.4260681382438634e-05,1.5703708413639106e-05,6.179172487463802e-06
/Users/aswanathjs/Downloads/test9/ai_plastic_waste_management_training/LDPE Plastic/bin_bags/Image_150.png,1,LDPE Plastic,1,LDPE Plastic,0.9832867383956909,0.006888809613883495,0.9832867383956909,0.006080165039747953,0.002585381269454956,0.0011589599307626486
/Users/aswanathjs/Downloads/test9/ai_plastic_waste_management_training/PS Plastic/foam_containers/Image_150.png,1,LDPE Plastic,4,PS Plastic,0.4393850862979889,0.06873352825641632,0.3341189920902252,0.014705986715853214,0.1430564522743225,0.4393850862979889
/Users/aswanathjs/Downloads/test9/ai_plastic_waste_management_training/HDPE Plastic/milk_bottles/HDPEM203.jpg,0,HDPE Plastic,0,HDPE Plastic,1.0,1.0,4.546076622785611e-12,3.286896865795086e-10,7.227191622938278e-10,3.3947350486229766e-10
"/Users/aswanathjs/Downloads/test9/ai_plastic_waste_management_training/PET Plastic/plastic_bottles/PET1,166.jpg",2,PET Plastic,2,PET Plastic,0.9999974966049194,2.3657317171910108e-07,1.2639304713957245e-06,0.9999974966049194,7.575003024840044e-08,9.146208412857959e-07
/Users/aswanathjs/Downloads/test9/ai_plastic_waste_management_training/PET Plastic/black_white_plastic_bottles/bsyrp_jpg.rf.96cef78e043b3d7a9fcc0ee428eabf13.jpg,2,PET Plastic,2,PET Plastic,0.9999992847442627,4.752119764361851e-08,2.435194232930371e-07,0.9999992847442627,3.396240231268166e-07,1.8505470933405377e-08
/Users/aswanathjs/Downloads/test9/ai_plastic_waste_management_training/PS Plastic/foam_sheets/IMG_9366_JPG.rf.6d4913cb4a80277a0ec609f78707078b.jpg,4,PS Plastic,4,PS Plastic,0.9999555349349976,2.2763477147691447e-07,4.355859709903598e-05,4.692729476118984e-07,2.1266838245992403e-07,0.9999555349349976
/Users/aswanathjs/Downloads/test9/ai_plastic_waste_management_training/PS Plastic/foam_sheets/IMG_9366_JPG.rf.f79cb342a9788f70778a13954d3c3887.jpg,4,PS Plastic,4,PS Plastic,0.9999629259109497,2.6706670723797288e-06,1.469207381887827e-05,1.8889155398937874e-05,9.046229365594627e-07,0.9999629259109497
/Users/aswanathjs/Downloads/test9/ai_plastic_waste_management_training/PS Plastic/foam_sheets/IMG_9366_JPG.rf.72ff362292b12a59f29b5b40df6175a8.jpg,4,PS Plastic,4,PS Plastic,0.9999960660934448,1.9246226656832732e-07,2.5110373371717287e-06,1.014704480439832e-06,7.121519018937761e-08,0.9999960660934448
/Users/aswanathjs/Downloads/test9/ai_plastic_waste_management_training/PS Plastic/form_sheets_grey/IMG_9366_JPG.rf.f79cb342a9788f70778a13954d3c3887.jpg,4,PS Plastic,4,PS Plastic,0.9936758875846863,2.257836786156986e-05,0.006239851471036673,4.3483647459652275e-05,1.817234260670375e-05,0.9936758875846863
/Users/aswanathjs/Downloads/test9/ai_plastic_waste_management_training/PS Plastic/form_sheets_grey/IMG_9366_JPG.rf.72ff362292b12a59f29b5b40df6175a8.jpg,4,PS Plastic,4,PS Plastic,0.999751627445221,8.143290983753104e-07,0.0002452482294756919,1.9711285403900547e-06,2.907348175540392e-07,0.999751627445221
"/Users/aswanathjs/Downloads/test9/ai_plastic_waste_management_training/PET Plastic/plastic_bottles/PET1,680.jpg",2,PET Plastic,2,PET Plastic,0.9999988079071045,1.2629109846784559e-07,2.5863920427582343e-07,0.9999988079071045,7.642565265086887e-07,7.327135342904967e-09
/Users/aswanathjs/Downloads/test9/ai_plastic_waste_management_training/PP Plastic/rectangle_containers/0011_a05b00c2d3e0f0g0h4.jpg,3,PP Plastic,3,PP Plastic,0.9991483688354492,3.782878411584534e-05,5.770473217125982e-05,0.0006993975839577615,0.9991483688354492,5.6714339734753594e-05
/Users/aswanathjs/Downloads/test9/ai_plastic_waste_management_training/PP Plastic/square_containers/0011_a05b00c2d3e0f0g0h4.jpg,3,PP Plastic,3,PP Plastic,0.9991483688354492,3.782878411584534e-05,5.770473217125982e-05,0.0006993975839577615,0.9991483688354492,5.6714339734753594e-05
/Users/aswanathjs/Downloads/test9/ai_plastic_waste_management_training/PP Plastic/round_containers/0022_a05b00c1d3e0f0g0h4.jpg,3,PP Plastic,3,PP Plastic,0.999847412109375,4.6151671995176e-06,4.530002115643583e-05,9.449270146433264e-05,0.999847412109375,8.128936315188184e-06
/Users/aswanathjs/Downloads/test9/ai_plastic_waste_management_training/PP Plastic/round_containers/0009_a06b01c1d0e0f0g0h4.jpg,3,PP Plastic,3,PP Plastic,0.9998378753662109,3.3281598007306457e-05,9.89688305708114e-06,0.00010218900570180267,0.9998378753662109,1.6739890270400792e-05
/Users/aswanathjs/Downloads/test9/ai_plastic_waste_management_training/PP Plastic/round_containers_grey/0009_a06b01c1d0e0f0g0h4.jpg,3,PP Plastic,3,PP Plastic,0.9997712969779968,0.00019636885554064065,9.569946996634826e-06,1.2990117284061853e-05,0.9997712969779968,9.763603884493932e-06
/Users/aswanathjs/Downloads/test9/ai_plastic_waste_management_training/HDPE Plastic/shampoo_bottles/0078_a02b07c1d0e0f1g0h2.jpg,0,HDPE Plastic,0,HDPE Plastic,0.9997040629386902,0.9997040629386902,6.15021576777508e-07,0.0002889797033276409,6.20332821199554e-06,1.3598763359823351e-07
/Users/aswanathjs/Downloads/test9/ai_plastic_waste_management_training/PP Plastic/round_containers/0022_a05b00c2d0e0f0g0h4.jpg,3,PP Plastic,3,PP Plastic,0.9992225170135498,9.060919546755031e-05,0.00014734039723407477,0.0004082594532519579,0.9992225170135498,0.00013125839177519083
/Users/aswanathjs/Downloads/test9/ai_plastic_waste_management_training/PP Plastic/round_containers_grey/0022_a05b00c2d0e0f0g0h4.jpg,3,PP Plastic,3,PP Plastic,0.9993569254875183,9.444391616852954e-05,0.00030151751707307994,0.00016152419266290963,0.9993569254875183,8.561689901398495e-05
/Users/aswanathjs/Downloads/test9/ai_plastic_waste_management_training/LDPE Plastic/bubble_wrap/LDPE-79_jpg.rf.448b50fd197c3a8e149d9ed05e39ff93.jpg,1,LDPE Plastic,1,LDPE Plastic,0.9999779462814331,6.631907467635756e-07,0.9999779462814331,8.603669812146109e-06,2.391149564573425e-06,1.0419261343486141e-05
/Users/aswanathjs/Downloads/test9/ai_plastic_waste_management_training/LDPE Plastic/bubble_wrap/LDPE-79_jpg.rf.626483978ba484915b4c90fd646087d7.jpg,1,LDPE Plastic,1,LDPE Plastic,0.9998825788497925,2.185294943046756e-05,0.9998825788497925,5.39198799742735e-06,3.0753724331589183e-06,8.709508983884007e-05
/Users/aswanathjs/Downloads/test9/ai_plastic_waste_management_training/LDPE Plastic/black_white__plastic_bags/0024_jpg.rf.bd2ebe371052315e5899152ca759ad35.jpg,1,LDPE Plastic,1,LDPE Plastic,0.9999004602432251,3.537885277182795e-06,0.9999004602432251,2.9604739211208653e-06,1.875427369668614e-05,7.431861013174057e-05
/Users/aswanathjs/Downloads/test9/ai_plastic_waste_management_training/PP Plastic/round_containers/0035_a06b01c1d3e0f0g0h0.jpg,3,PP Plastic,3,PP Plastic,0.9996494054794312,0.00018634471052791923,7.04815611243248e-05,5.5737586080795154e-05,0.9996494054794312,3.8050497096264735e-05
/Users/aswanathjs/Downloads/test9/ai_plastic_waste_management_training/PP Plastic/square_containers/Image_238.png,3,PP Plastic,3,PP Plastic,0.9995477795600891,0.0003184514935128391,0.00012246466940268874,6.578310603799764e-06,0.9995477795600891,4.671745955420192e-06
/Users/aswanathjs/Downloads/test9/ai_plastic_waste_management_training/PS Plastic/foam_containers/Image_238.png,3,PP Plastic,3,PP Plastic,0.5400270819664001,0.04207400232553482,0.12014081329107285,0.006789158098399639,0.5400270819664001,0.2909689247608185
/Users/aswanathjs/Downloads/test9/ai_plastic_waste_management_training/PP Plastic/round_containers/IMG_20220209_173559.jpg,3,PP Plastic,3,PP Plastic,0.999395489692688,6.906597263878211e-05,0.0002979770360980183,0.0001916115143103525,0.999395489692688,4.5856995711801574e-05
/Users/aswanathjs/Downloads/test9/ai_plastic_waste_management_training/HDPE Plastic/milk_bottles/HDPEM137.jpg,0,HDPE Plastic,0,HDPE Plastic,0.9999998807907104,0.9999998807907104,3.033474860192342e-11,7.033513771403932e-09,6.740782509950805e-08,4.6506579143290594e-10
/Users/aswanathjs/Downloads/test9/ai_plastic_waste_management_training/PP Plastic/round_containers/Image_155.png,3,PP Plastic,3,PP Plastic,0.9992731213569641,0.00010436965385451913,0.0006138645694591105,3.667695864351117e-06,0.9992731213569641,5.005554612580454e-06
/Users/aswanathjs/Downloads/test9/ai_plastic_waste_management_training/PS Plastic/foam_containers/Image_155.png,3,PP Plastic,3,PP Plastic,0.4692915081977844,0.016823042184114456,0.05983497202396393,0.00895397923886776,0.4692915081977844,0.44509661197662354
/Users/aswanathjs/Downloads/test9/ai_plastic_waste_management_training/PET Plastic/shampoo_bottles/0015_a05b00c1d1e1f1g0h1.jpg,2,PET Plastic,2,PET Plastic,0.9999752044677734,1.167350637842901e-05,2.1522453153011156e-06,0.9999752044677734,9.637979928811546e-06,1.2824231134800357e-06
/Users/aswanathjs/Downloads/test9/ai_plastic_waste_management_training/PP Plastic/square_containers_grey/IMG20220210150436.jpg,3,PP Plastic,3,PP Plastic,0.9976204037666321,0.001282161334529519,0.0005155284889042377,0.0005172853707335889,0.9976204037666321,6.45645777694881e-05
/Users/aswanathjs/Downloads/test9/ai_plastic_waste_management_training/PP Plastic/square_containers/IMG20220210150436.jpg,3,PP Plastic,3,PP Plastic,0.9996205568313599,0.00028919815667904913,1.663112925598398e-05,7.023314537946135e-05,0.9996205568313599,3.301017613921431e-06
/Users/aswanathjs/Downloads/test9/ai_plastic_waste_management_training/PET Plastic/black_white_plastic_bottles/debgm_jpg.rf.ff3c67f531d7400abcfb47dbd5797607.jpg,2,PET Plastic,2,PET Plastic,0.9999998807907104,7.36221110742008e-08,4.028605449235556e-09,0.9999998807907104,1.100465407688489e-08,1.2998396137220425e-08
/Users/aswanathjs/Downloads/test9/ai_plastic_waste_management_training/HDPE Plastic/milk_bottles/HDPEM114.jpg,0,HDPE Plastic,0,HDPE Plastic,0.9999598264694214,0.9999598264694214,7.479443731028823e-09,1.7367968894177466e-06,3.830034256679937e-05,7.214774200292595e-08
/Users/aswanathjs/Downloads/test9/ai_plastic_waste_management_training/HDPE Plastic/shampoo_bottles/0078_a02b07c1d2e0f1g0h1.jpg,0,HDPE Plastic,0,HDPE Plastic,0.9999966621398926,0.9999966621398926,5.562609817211239e-10,1.4821755485172616e-06,1.9539247659849934e-06,1.067340438254405e-09
"/Users/aswanathjs/Downloads/test9/ai_plastic_waste_management_training/PET Plastic/plastic_bottles/PET1,271.jpg",2,PET Plastic,2,PET Plastic,0.9999738931655884,9.075383786694147e-06,9.18639125302434e-06,0.9999738931655884,4.927786449115956e-06,2.9496832212316804e-06
/Users/aswanathjs/Downloads/test9/ai_plastic_waste_management_training/PET Plastic/plastic_bottles/PET459.jpg,2,PET Plastic,2,PET Plastic,0.9999935626983643,2.8698075311694993e-06,5.421442139663668e-08,0.9999935626983643,3.122993575743749e-06,3.9467778378821095e-07
/Users/aswanathjs/Downloads/test9/ai_plastic_waste_management_training/LDPE Plastic/plastic_bags/LDPE-478_jpg.rf.1d7e0ffa518451dde73641348ac95bfc.jpg,1,LDPE Plastic,1,LDPE Plastic,0.9995890259742737,3.1810992368264124e-05,0.9995890259742737,0.0001744880573824048,0.0001565064740134403,4.826827353099361e-05
/Users/aswanathjs/Downloads/test9/ai_plastic_waste_management_training/HDPE Plastic/shampoo_bottles/0023_a02b01c2d2e0f1g0h0.jpg,0,HDPE Plastic,0,HDPE Plastic,1.0,1.0,1.6321539605956836e-11,1.4215022492436447e-09,7.898356968460973e-10,1.6654798373760826e-10
/Users/aswanathjs/Downloads/test9/ai_plastic_waste_management_training/LDPE Plastic/plastic_bags/plasticbag (21).jpg,1,LDPE Plastic,1,LDPE Plastic,0.9999943971633911,4.406037987791933e-06,0.9999943971633911,8.432447629047601e-09,9.030757155414904e-07,2.606340387956152e-07
/Users/aswanathjs/Downloads/test9/ai_plastic_waste_management_training/LDPE Plastic/black_white__plastic_bags/0146_jpg.rf.626715e0b56dee3eac40b8aed1dee4c8.jpg,1,LDPE Plastic,1,LDPE Plastic,0.999880313873291,2.486051744199358e-05,0.999880313873291,1.5346355212386698e-05,6.330882024485618e-05,1.6200483514694497e-05
/Users/aswanathjs/Downloads/test9/ai_plastic_waste_management_training/LDPE Plastic/plastic_bags/plasticbag (187).jpg,1,LDPE Plastic,1,LDPE Plastic,0.9999319314956665,6.476354428741615e-06,0.9999319314956665,2.396760692136013e-06,5.8941928728017956e-05,3.536159454142762e-07
/Users/aswanathjs/Downloads/test9/ai_plastic_waste_management_training/HDPE Plastic/shampoo_bottiles_grey/0075_a02b01c2d3e0f0g0h3.jpg,0,HDPE Plastic,0,HDPE Plastic,0.998218834400177,0.998218834400177,5.826031610922655e-06,0.00016164628323167562,0.0015101708704605699,0.00010354776895837858
/Users/aswanathjs/Downloads/test9/ai_plastic_waste_management_training/HDPE Plastic/shampoo_bottles/0075_a02b01c2d3e0f0g0h3.jpg,0,HDPE Plastic,0,HDPE Plastic,0.9992220401763916,0.9992220401763916,9.746654541231692e-07,0.00012996316945645958,0.0005956744425930083,5.131177749717608e-05
/Users/aswanathjs/Downloads/test9/ai_plastic_waste_management_training/PS Plastic/foam_sheets/PS-806_jpg.rf.fb18c19d3a0f4b108ea9a02aba7900c2.jpg,4,PS Plastic,4,PS Plastic,0.9999998807907104,1.4491351407741604e-07,8.903243475799627e-09,1.157279427843605e-08,2.206492766276824e-08,0.9999998807907104
/Users/aswanathjs/Downloads/test9/ai_plastic_waste_management_training/LDPE Plastic/plastic_bags/plasticbag (123).jpg,1,LDPE Plastic,1,LDPE Plastic,0.9996196031570435,4.406974312587408e-06,0.9996196031570435,7.500337960664183e-05,0.00023758613679092377,6.332558405119926e-05
/Users/aswanathjs/Downloads/test9/ai_plastic_waste_management_training/HDPE Plastic/shampoo_bottles/0077_a02b01c1d3e0f1g0h0.jpg,0,HDPE Plastic,0,HDPE Plastic,0.9995822310447693,0.9995822310447693,6.168526738292712e-07,2.370963920839131e-05,0.0003909308579750359,2.446659209454083e-06
/Users/aswanathjs/Downloads/test9/ai_plastic_waste_management_training/LDPE Plastic/plastic_bags/train_LDPE-29_jpg.rf.7c8c2ffa44904c42cca5ba4f5ac463e7.jpg,1,LDPE Plastic,1,LDPE Plastic,0.9993896484375,3.921989627997391e-05,0.9993896484375,1.7541295164846815e-05,0.00022813571558799595,0.00032540265237912536
/Users/aswanathjs/Downloads/test9/ai_plastic_waste_management_training/HDPE Plastic/shampoo_bottles/0078_a02b07c1d3e0f1g0h3.jpg,0,HDPE Plastic,0,HDPE Plastic,0.9989400506019592,0.9989400506019592,1.1608050954237115e-05,0.0004936191835440695,0.0005542321596294641,4.5564658535113267e-07
"/Users/aswanathjs/Downloads/test9/ai_plastic_waste_management_training/PET Plastic/plastic_bottles/PET1,252.jpg",2,PET Plastic,2,PET Plastic,0.9999943971633911,2.4575101633672602e-06,4.215686999486934e-07,0.9999943971633911,2.3510319806518964e-06,4.2481511286496243e-07
/Users/aswanathjs/Downloads/test9/ai_plastic_waste_management_training/PET Plastic/black_white_plastic_bottles/ckieq_jpg.rf.9cac2fdbdedd98f7cecd39288bb4bc14.jpg,2,PET Plastic,2,PET Plastic,0.9999850988388062,3.374030086433777e-07,1.264193906536093e-05,0.9999850988388062,4.926082510792185e-07,1.4378937294168281e-06
/Users/aswanathjs/Downloads/test9/ai_plastic_waste_management_training/PET Plastic/black_white_plastic_bottles/bzluk_jpg.rf.3da618d3cb0509010815e8aa929b279b.jpg,2,PET Plastic,2,PET Plastic,0.9999945163726807,3.1559695798932808e-06,1.5349520765539637e-08,0.9999945163726807,2.2082745090301614e-06,4.711097645326845e-08
/Users/aswanathjs/Downloads/test9/ai_plastic_waste_management_training/PS Plastic/foam_containers/Image_30.png,4,PS Plastic,4,PS Plastic,0.5471560955047607,0.045639924705028534,0.1405661553144455,0.007112395018339157,0.2595254182815552,0.5471560955047607
/Users/aswanathjs/Downloads/test9/ai_plastic_waste_management_training/HDPE Plastic/shampoo_bottles/0065_a02b03c2d0e0f1g0h2.jpg,0,HDPE Plastic,0,HDPE Plastic,1.0,1.0,2.2937790555843662e-10,2.4646590546240077e-08,1.7729060886040315e-08,5.5808140331237155e-09
/Users/aswanathjs/Downloads/test9/ai_plastic_waste_management_training/PET Plastic/plastic_bottles/PET851.jpg,2,PET Plastic,2,PET Plastic,0.9999998807907104,8.374849702619258e-10,1.2780854774518957e-07,0.9999998807907104,2.911302532382365e-09,2.327845249894267e-09
/Users/aswanathjs/Downloads/test9/ai_plastic_waste_management_training/PS Plastic/foam_sheets/PS-838_jpg.rf.ce49b8d19e58d5f063f7f38ca0e36a38.jpg,4,PS Plastic,4,PS Plastic,1.0,1.762188617249194e-08,6.008054054262857e-10,1.010913019960924e-09,1.7539020236156944e-09,1.0
/Users/aswanathjs/Downloads/test9/ai_plastic_waste_management_training/PET Plastic/plastic_bottles/PET966.jpg,2,PET Plastic,2,PET Plastic,0.9999903440475464,1.2017185326840263e-06,3.32485842591268e-06,0.9999903440475464,2.9917032406956423e-06,2.1363821360864677e-06
/Users/aswanathjs/Downloads/test9/ai_plastic_waste_management_training/HDPE Plastic/shampoo_bottles/0075_a02b01c1d1e0f0g0h2.jpg,0,HDPE Plastic,0,HDPE Plastic,0.9999672174453735,0.9999672174453735,7.277398594851547e-07,1.046900479195756e-06,2.8225356800248846e-05,2.7856788165081525e-06
/Users/aswanathjs/Downloads/test9/ai_plastic_waste_management_training/PET Plastic/shampoo_bottles/0080_a05b00c1d1e0f1g0h4.jpg,2,PET Plastic,2,PET Plastic,0.9906846284866333,0.007354166358709335,1.7957556337933056e-05,0.9906846284866333,0.0018708270508795977,7.247380563057959e-05
/Users/aswanathjs/Downloads/test9/ai_plastic_waste_management_training/PP Plastic/round_containers/0031_a05b01c1d2e0f0g0h0.jpg,3,PP Plastic,3,PP Plastic,0.9999715089797974,5.988623343000654e-06,1.7961578123504296e-05,3.5806554024020443e-06,0.9999715089797974,9.10637879769638e-07
/Users/aswanathjs/Downloads/test9/ai_plastic_waste_management_training/PP Plastic/round_containers_grey/0031_a05b01c1d2e0f0g0h0.jpg,3,PP Plastic,3,PP Plastic,0.9997298121452332,1.127502036979422e-05,0.0002040500839939341,5.065416917204857e-05,0.9997298121452332,4.261789854353992e-06
/Users/aswanathjs/Downloads/test9/ai_plastic_waste_management_training/PS Plastic/form_containers_grey/0058_a06b01c1d2e0f0g0h4.jpg,4,PS Plastic,4,PS Plastic,0.9487360119819641,0.05072576925158501,4.9591872084420174e-06,1.761435305525083e-05,0.0005156401311978698,0.9487360119819641
/Users/aswanathjs/Downloads/test9/ai_plastic_waste_management_training/PS Plastic/foam_containers/0058_a06b01c1d2e0f0g0h4.jpg,4,PS Plastic,4,PS Plastic,0.9936549663543701,0.006221012212336063,3.7801913777002483e-07,2.6818061087396927e-06,0.00012096542923245579,0.9936549663543701
/Users/aswanathjs/Downloads/test9/ai_plastic_waste_management_training/LDPE Plastic/plastic_bags/LDPE-536_jpg.rf.f1d67d7e935321886cd0433a5bddd8f6.jpg,1,LDPE Plastic,1,LDPE Plastic,0.999497652053833,4.994788105250336e-05,0.999497652053833,0.00014788795670028776,0.00020129878248553723,0.0001033076478051953
/Users/aswanathjs/Downloads/test9/ai_plastic_waste_management_training/LDPE Plastic/plastic_bags/LDPE-24_jpg.rf.7b4acfaa4b5b30ec9fb014546a613641.jpg,1,LDPE Plastic,1,LDPE Plastic,0.9997439980506897,4.519485628406983e-06,0.9997439980506897,1.53416876855772e-05,0.00012187697575427592,0.0001142344408435747
/Users/aswanathjs/Downloads/test9/ai_plastic_waste_management_training/HDPE Plastic/detergent_bottles/Image_241.png,0,HDPE Plastic,0,HDPE Plastic,0.9999319314956665,0.9999319314956665,7.157268555602059e-08,6.786820449633524e-05,1.29470080878491e-07,1.730900045515682e-08
/Users/aswanathjs/Downloads/test9/ai_plastic_waste_management_training/HDPE Plastic/detergent_botteles_grey/Image_241.png,0,HDPE Plastic,0,HDPE Plastic,0.9999270439147949,0.9999270439147949,1.2725712394967559e-06,7.03827608958818e-05,6.918896247043449e-07,7.669366368645569e-07
/Users/aswanathjs/Downloads/test9/ai_plastic_waste_management_training/PP Plastic/square_containers/Image_241.png,0,HDPE Plastic,0,HDPE Plastic,1.0,1.0,6.220752801766594e-10,1.1692216639325181e-10,1.5733875313728163e-09,3.642790236124682e-10
/Users/aswanathjs/Downloads/test9/ai_plastic_waste_management_training/PS Plastic/foam_containers/Image_241.png,0,HDPE Plastic,3,PP Plastic,0.4947425425052643,0.04195186495780945,0.13422644138336182,0.006992727518081665,0.4947425425052643,0.3220864236354828
/Users/aswanathjs/Downloads/test9/ai_plastic_waste_management_training/HDPE Plastic/shampoo_bottles/0078_a02b07c2d0e0f1g0h3.jpg,0,HDPE Plastic,0,HDPE Plastic,0.9999740123748779,0.9999740123748779,6.500375238083222e-10,2.601256528578233e-05,3.833384276674678e-09,2.6844187983599e-10
/Users/aswanathjs/Downloads/test9/ai_plastic_waste_management_training/HDPE Plastic/shampoo_bottles/0063_a02b01c2d0e0f1g1h1.jpg,0,HDPE Plastic,0,HDPE Plastic,0.9999911785125732,0.9999911785125732,3.840624174245022e-08,3.0474232062260853e-06,5.52601204617531e-06,9.005678691664798e-08
/Users/aswanathjs/Downloads/test9/ai_plastic_waste_management_training/LDPE Plastic/plastic_bags/LDPE-305_jpg.rf.dc2050cf75e1d4a29e719c3d3810cc08.jpg,1,LDPE Plastic,1,LDPE Plastic,0.9999908208847046,2.3051494224546332e-07,0.9999908208847046,2.3426107418345055e-06,1.7889109358293354e-06,4.876394086750224e-06
/Users/aswanathjs/Downloads/test9/ai_plastic_waste_management_training/PET Plastic/black_white_plastic_bottles/cgfky_jpg.rf.ad21f5c7da2e7c993f7567b0cab74947.jpg,2,PET Plastic,2,PET Plastic,0.9999911785125732,1.7089295170080732e-06,2.4076132376649184e-06,0.9999911785125732,3.068768592129345e-06,1.6150744386322913e-06
/Users/aswanathjs/Downloads/test9/ai_plastic_waste_management_training/HDPE Plastic/milk_bottles/HDPEM460.jpg,0,HDPE Plastic,0,HDPE Plastic,0.9999995231628418,0.9999995231628418,1.5553937304790821e-10,3.698939110563515e-07,1.0319241994238837e-07,3.976546203432463e-09
/Users/aswanathjs/Downloads/test9/ai_plastic_waste_management_training/PET Plastic/shampoo_bottles/0080_a05b00c1d2e0f1g0h4.jpg,2,PET Plastic,2,PET Plastic,0.9999716281890869,1.0466023013577797e-05,1.526502728665946e-06,0.9999716281890869,1.613314998394344e-05,2.8375404781399993e-07
/Users/aswanathjs/Downloads/test9/ai_plastic_waste_management_training/HDPE Plastic/shampoo_bottles/0076_a02b06c1d0e0f1g0h2.jpg,0,HDPE Plastic,0,HDPE Plastic,0.9999979734420776,0.9999979734420776,5.528708602042798e-09,2.084579591610236e-06,3.304928952729824e-08,9.510318754735181e-09
/Users/aswanathjs/Downloads/test9/ai_plastic_waste_management_training/LDPE Plastic/bubble_wrap/train_LDPE-81_jpg.rf.7030db36b88963ab80d9e399a6e4f698.jpg,1,LDPE Plastic,1,LDPE Plastic,0.9999970197677612,6.020870273459877e-07,0.9999970197677612,7.11476786818821e-07,4.1266648764803904e-08,1.6360305608031922e-06
/Users/aswanathjs/Downloads/test9/ai_plastic_waste_management_training/HDPE Plastic/milk_bottles/HDPEM265.jpg,0,HDPE Plastic,0,HDPE Plastic,0.9999998807907104,0.9999998807907104,1.3043099045262352e-08,5.2924143290056236e-08,1.6102723066069302e-07,3.4602261056448924e-09
/Users/aswanathjs/Downloads/test9/ai_plastic_waste_management_training/PET Plastic/plastic_bottles/PET860.jpg,2,PET Plastic,2,PET Plastic,0.999929666519165,5.753614459536038e-06,2.2776590412831865e-05,0.999929666519165,3.9939182897796854e-05,1.907358864627895e-06
/Users/aswanathjs/Downloads/test9/ai_plastic_waste_management_training/PET Plastic/black_white_plastic_bottles/cdgwx_jpg.rf.d8b215c8d13006d057bc6d86b1409398.jpg,2,PET Plastic,2,PET Plastic,0.9999982118606567,2.8597870027624595e-07,1.1898542879862362e-06,0.9999982118606567,1.269060305730818e-07,2.339606055556942e-07
/Users/aswanathjs/Downloads/test9/ai_plastic_waste_management_training/PP Plastic/square_containers/Image_213.png,3,PP Plastic,3,PP Plastic,0.9908720850944519,0.0010528289712965488,0.00407159049063921,6.370857590809464e-05,0.9908720850944519,0.003939710091799498
/Users/aswanathjs/Downloads/test9/ai_plastic_waste_management_training/PS Plastic/foam_containers/Image_213.png,3,PP Plastic,3,PP Plastic,0.8939677476882935,0.002180153038352728,0.0072859106585383415,0.0021386011503636837,0.8939677476882935,0.09442756325006485
/Users/aswanathjs/Downloads/test9/ai_plastic_waste_management_training/LDPE Plastic/bubble_wrap/bubblewrap.jpg,1,LDPE Plastic,1,LDPE Plastic,0.999955415725708,1.0091828244185308e-06,0.999955415725708,1.0936074431810994e-05,7.8625489550177e-06,2.4791281248326413e-05
/Users/aswanathjs/Downloads/test9/ai_plastic_waste_management_training/PET Plastic/shampoo_bottles/0080_a05b00c1d0e0f1g0h4.jpg,2,PET Plastic,2,PET Plastic,0.9965620636940002,0.001195044256746769,0.00016251808847300708,0.9965620636940002,0.0020102986600250006,7.006475061643869e-05
/Users/aswanathjs/Downloads/test9/ai_plastic_waste_management_training/PP Plastic/square_containers/IMG_20220209_175311.jpg,3,PP Plastic,3,PP Plastic,0.9999008178710938,7.04313424648717e-05,4.879876541963313e-06,6.80038692735252e-06,0.9999008178710938,1.701034852885641e-05
/Users/aswanathjs/Downloads/test9/ai_plastic_waste_management_training/HDPE Plastic/detergent_bottles/0010_a02b01c2d2e0f1g0h2.jpg,0,HDPE Plastic,0,HDPE Plastic,1.0,1.0,3.1327387515697747e-13,5.9395357555891426e-12,4.05920479520927e-12,8.2294394009811e-14
/Users/aswanathjs/Downloads/test9/ai_plastic_waste_management_training/PET Plastic/black_white_plastic_bottles/blurrybottle.jpg,2,PET Plastic,2,PET Plastic,1.0,1.4540524340134198e-09,1.4789018898397899e-08,1.0,1.6721546369780071e-10,2.5716329066227672e-09
/Users/aswanathjs/Downloads/test9/ai_plastic_waste_management_training/PET Plastic/plastic_bottles/PET735.jpg,2,PET Plastic,2,PET Plastic,0.9999994039535522,1.33950322833698e-07,1.3426519274162274e-07,0.9999994039535522,3.1217803098115837e-07,3.9758418779456406e-08
"/Users/aswanathjs/Downloads/test9/ai_plastic_waste_management_training/PET Plastic/plastic_bottles/PET1,545.jpg",2,PET Plastic,2,PET Plastic,0.9999750852584839,5.162991783436155e-06,1.487140980316326e-05,0.9999750852584839,4.627529051504098e-06,1.7342189551072806e-07
/Users/aswanathjs/Downloads/test9/ai_plastic_waste_management_training/LDPE Plastic/plastic_bags/plasticbag (140).jpg,1,LDPE Plastic,1,LDPE Plastic,0.9999933242797852,2.48358588805786e-07,0.9999933242797852,1.1401050414860947e-06,4.925462690152926e-06,4.558152681966021e-07
/Users/aswanathjs/Downloads/test9/ai_plastic_waste_management_training/PP Plastic/irregular_containers/train_PP-52_jpg.rf.78d7499e101430d1f4e95a0578e2b50b.jpg,3,PP Plastic,3,PP Plastic,0.999998927116394,2.8530769213830354e-07,5.000987357561826e-07,2.8262371642995276e-07,0.999998927116394,4.5267338322219075e-08
/Users/aswanathjs/Downloads/test9/ai_plastic_waste_management_training/LDPE Plastic/plastic_bags/plasticbag (105).jpg,1,LDPE Plastic,1,LDPE Plastic,0.999553382396698,5.4087584430817515e-05,0.999553382396698,3.7644091207766905e-05,9.5831994258333e-05,0.0002590967924334109
/Users/aswanathjs/Downloads/test9/ai_plastic_waste_management_training/PS Plastic/foam_containers/0058_a06b01c1d3e0f0g0h3.jpg,4,PS Plastic,4,PS Plastic,0.9998654127120972,6.536122964462265e-05,5.665758635586826e-07,3.411914349271683e-06,6.527639197884127e-05,0.9998654127120972
/Users/aswanathjs/Downloads/test9/ai_plastic_waste_management_training/LDPE Plastic/black_white__plastic_bags/0151_jpg.rf.1124bcc0a3aa7bc916774ebb5ba31838.jpg,1,LDPE Plastic,1,LDPE Plastic,0.9996418952941895,2.7386433885112638e-06,0.9996418952941895,0.00013583966938313097,0.0001456510362913832,7.394432032015175e-05
/Users/aswanathjs/Downloads/test9/ai_plastic_waste_management_training/LDPE Plastic/plastic_bags_grey/plasticbag (100).jpg,1,LDPE Plastic,1,LDPE Plastic,0.9998960494995117,7.024659862508997e-05,0.9998960494995117,4.278031155990902e-06,3.1559598028252367e-06,2.629466325743124e-05
/Users/aswanathjs/Downloads/test9/ai_plastic_waste_management_training/LDPE Plastic/plastic_bags/plasticbag (100).jpg,1,LDPE Plastic,1,LDPE Plastic,0.9953809976577759,0.0008716174052096903,0.9953809976577759,8.843117393553257e-05,0.0002190686936955899,0.003439909778535366
/Users/aswanathjs/Downloads/test9/ai_plastic_waste_management_training/HDPE Plastic/milk_bottles/P_W (1357).jpg,0,HDPE Plastic,0,HDPE Plastic,0.9999985694885254,0.9999985694885254,5.579606465744291e-08,6.54015479994996e-07,2.899644471199281e-07,4.284469525828172e-07
/Users/aswanathjs/Downloads/test9/ai_plastic_waste_management_training/LDPE Plastic/plastic_bags/plasticbag (207).jpg,1,LDPE Plastic,1,LDPE Plastic,0.9980430603027344,0.0010887288954108953,0.9980430603027344,7.291399379028007e-05,0.0007641229894943535,3.1258816306944937e-05
/Users/aswanathjs/Downloads/test9/ai_plastic_waste_management_training/PET Plastic/plastic_bottles/PET326.jpg,2,PET Plastic,2,PET Plastic,1.0,9.509831144782765e-09,1.2382657121889906e-09,1.0,7.165380788709541e-11,3.193885711461064e-10
/Users/aswanathjs/Downloads/test9/ai_plastic_waste_management_training/PS Plastic/foam_containers/styrofoam-136-_jpg.rf.8065ce48d031ee14fde2186f98ffcc0a.jpg,4,PS Plastic,4,PS Plastic,0.9998273253440857,3.668478711915668e-07,5.98942690999138e-08,4.413768692757003e-07,0.00017175666289404035,0.9998273253440857
/Users/aswanathjs/Downloads/test9/ai_plastic_waste_management_training/LDPE Plastic/black_white__plastic_bags/0221_jpg.rf.b021e1b65a5dae4c8402399bcb04f1e3.jpg,1,LDPE Plastic,1,LDPE Plastic,0.9998542070388794,1.8279218920724816e-06,0.9998542070388794,7.309690408874303e-05,4.0335693483939394e-05,3.0618721211794764e-05
/Users/aswanathjs/Downloads/test9/ai_plastic_waste_management_training/LDPE Plastic/plastic_bags/LDPE-653_jpg.rf.6a7026dae6783a2439babd383ac6631b.jpg,1,LDPE Plastic,1,LDPE Plastic,0.9998948574066162,2.7119160677102627e-06,0.9998948574066162,1.9918921680073254e-05,7.890725828474388e-05,3.5763134746957803e-06
/Users/aswanathjs/Downloads/test9/ai_plastic_waste_management_training/HDPE Plastic/milk_bottles/HDPEM12.jpg,0,HDPE Plastic,0,HDPE Plastic,0.9999985694885254,0.9999985694885254,5.579606465744291e-08,6.54015479994996e-07,2.899644471199281e-07,4.284469525828172e-07
/Users/aswanathjs/Downloads/test9/ai_plastic_waste_management_training/PS Plastic/foam_sheets/PS-521_jpg.rf.020a0ca0b85e26252e1b59df6fec4bcb.jpg,4,PS Plastic,4,PS Plastic,0.9999971389770508,1.8962748526973883e-06,7.582239049952477e-07,1.2283297223802947e-07,9.779173382185036e-08,0.9999971389770508
/Users/aswanathjs/Downloads/test9/ai_plastic_waste_management_training/LDPE Plastic/bin_bags/Image_26.png,1,LDPE Plastic,1,LDPE Plastic,0.9993090629577637,0.0002827105054166168,0.9993090629577637,0.00010623191337799653,0.00026603342848829925,3.598596231313422e-05
/Users/aswanathjs/Downloads/test9/ai_plastic_waste_management_training/LDPE Plastic/bin_bags_grey/Image_26.png,1,LDPE Plastic,1,LDPE Plastic,0.9993090629577637,0.0002827105054166168,0.9993090629577637,0.00010623191337799653,0.00026603342848829925,3.598596231313422e-05
/Users/aswanathjs/Downloads/test9/ai_plastic_waste_management_training/PP Plastic/square_containers/Image_26.png,1,LDPE Plastic,1,LDPE Plastic,0.7260136604309082,0.0022340600844472647,0.7260136604309082,0.0005394939798861742,0.2690110206604004,0.0022018018644303083
/Users/aswanathjs/Downloads/test9/ai_plastic_waste_management_training/PS Plastic/foam_containers/Image_26.png,1,LDPE Plastic,3,PP Plastic,0.3782632052898407,0.04667978733778,0.31147533655166626,0.007142544258385897,0.3782632052898407,0.25643908977508545
/Users/aswanathjs/Downloads/test9/ai_plastic_waste_management_training/PET Plastic/plastic_bottles/PET527.jpg,2,PET Plastic,2,PET Plastic,0.999998927116394,2.3430953888237127e-07,1.6344735342954664e-07,0.999998927116394,5.422136268862232e-07,1.0174822051567389e-07
/Users/aswanathjs/Downloads/test9/ai_plastic_waste_management_training/LDPE Plastic/plastic_bags/LDPE-36_jpg.rf.a7d0bb8af47b83da3576a9cdb758276f.jpg,1,LDPE Plastic,1,LDPE Plastic,0.9996176958084106,4.395624728203984e-06,0.9996176958084106,3.8369700632756576e-05,0.00028229501913301647,5.7216500863432884e-05
/Users/aswanathjs/Downloads/test9/ai_plastic_waste_management_training/LDPE Plastic/plastic_bags/LDPE-36_jpg.rf.f41c14cb7f30bf15d9010a1a109384fd.jpg,1,LDPE Plastic,1,LDPE Plastic,0.9990825653076172,0.00014451263996306807,0.9990825653076172,8.287392847705632e-05,0.0006152744754217565,7.479584746761248e-05
/Users/aswanathjs/Downloads/test9/ai_plastic_waste_management_training/PP Plastic/round_containers/0043_a06b01c1d1e0f0g0h0.jpg,3,PP Plastic,3,PP Plastic,0.9985670447349548,0.000799575645942241,0.0003778523823712021,8.805566903902218e-05,0.9985670447349548,0.00016748224152252078
/Users/aswanathjs/Downloads/test9/ai_plastic_waste_management_training/HDPE Plastic/detergent_bottles/0039_a02b01c1d2e0f1g0h0.jpg,0,HDPE Plastic,0,HDPE Plastic,1.0,1.0,2.2210366006211388e-14,8.106978630073591e-12,3.6546243462054484e-12,1.085316274921028e-14
"/Users/aswanathjs/Downloads/test9/ai_plastic_waste_management_training/PET Plastic/plastic_bottles/PET1,308.jpg",2,PET Plastic,2,PET Plastic,0.9999011754989624,4.5161141315475106e-05,4.506242476054467e-06,0.9999011754989624,4.627418820746243e-05,2.9139305297576357e-06
/Users/aswanathjs/Downloads/test9/ai_plastic_waste_management_training/PS Plastic/foam_containers/Image_18.png,4,PS Plastic,4,PS Plastic,0.6081120371818542,0.03349912539124489,0.07424651086330414,0.0037954531144350767,0.28034690022468567,0.6081120371818542
/Users/aswanathjs/Downloads/test9/ai_plastic_waste_management_training/PP Plastic/round_containers/0035_a06b01c2d2e0f0g0h0.jpg,3,PP Plastic,3,PP Plastic,0.9999752044677734,9.355358088214416e-06,2.9747957341896836e-06,1.0646906957845204e-05,0.9999752044677734,1.8220025594928302e-06
/Users/aswanathjs/Downloads/test9/ai_plastic_waste_management_training/LDPE Plastic/black_white__plastic_bags/0161_jpg.rf.5d94f4e0e2a10928f8bca1f62884ac23.jpg,1,LDPE Plastic,1,LDPE Plastic,0.9999748468399048,6.4894547904259525e-06,0.9999748468399048,2.195449496866786e-06,1.106564377550967e-05,5.3919457059237175e-06
/Users/aswanathjs/Downloads/test9/ai_plastic_waste_management_training/HDPE Plastic/milk_bottles/HDPEM324.jpg,0,HDPE Plastic,0,HDPE Plastic,0.7942307591438293,0.7942307591438293,8.03739094408229e-05,0.2055063098669052,0.0001362266921205446,4.6255456254584715e-05
/Users/aswanathjs/Downloads/test9/ai_plastic_waste_management_training/LDPE Plastic/plastic_bags/LDPE-227_jpg.rf.6f3ec0ef7653eb548f826ec66c4b03eb.jpg,1,LDPE Plastic,1,LDPE Plastic,0.9990338087081909,2.359918289585039e-05,0.9990338087081909,0.00045524875167757273,0.00041474064346402884,7.269282650668174e-05
/Users/aswanathjs/Downloads/test9/ai_plastic_waste_management_training/LDPE Plastic/plastic_bags/LDPE-362_jpg.rf.dac22e0e3525e77cbcd5544912213c7b.jpg,1,LDPE Plastic,1,LDPE Plastic,0.9999439716339111,2.2702001842844766e-06,0.9999439716339111,3.6186061151965987e-06,1.2324157978582662e-05,3.78963268303778e-05
/Users/aswanathjs/Downloads/test9/ai_plastic_waste_management_training/PET Plastic/black_white_plastic_bottles/ayrsl_jpg.rf.e56331d87434d3d162ba35ecccaa016f.jpg,2,PET Plastic,2,PET Plastic,0.9949221014976501,7.864582585170865e-05,0.0042795101180672646,0.9949221014976501,0.0006089310627430677,0.00011074572830693796
/Users/aswanathjs/Downloads/test9/ai_plastic_waste_management_training/PP Plastic/round_containers/0095_a05b01c1d2e0f0g0h1.jpg,3,PP Plastic,3,PP Plastic,0.9999908208847046,5.339845756680006e-06,1.3670374983121292e-06,2.013971652559121e-06,0.9999908208847046,4.997123141947668e-07
/Users/aswanathjs/Downloads/test9/ai_plastic_waste_management_training/PS Plastic/foam_containers/0058_a06b01c2d3e0f0g0h4.jpg,4,PS Plastic,4,PS Plastic,0.9971844553947449,0.0005946256569586694,3.730571552296169e-05,0.00016774442337919027,0.002015867503359914,0.9971844553947449
/Users/aswanathjs/Downloads/test9/ai_plastic_waste_management_training/PP Plastic/square_containers_grey/0011_a05b00c1d3e0f0g0h2.jpg,3,PP Plastic,3,PP Plastic,0.9999685287475586,1.3116278751112986e-05,3.099008381468593e-06,1.4953941899875645e-05,0.9999685287475586,2.879644682707294e-07
/Users/aswanathjs/Downloads/test9/ai_plastic_waste_management_training/PP Plastic/rectangle_containers/0011_a05b00c1d3e0f0g0h2.jpg,3,PP Plastic,3,PP Plastic,0.9996546506881714,3.0738843634026125e-05,9.411356586497277e-06,0.00029810002888552845,0.9996546506881714,7.036771421553567e-06
/Users/aswanathjs/Downloads/test9/ai_plastic_waste_management_training/PP Plastic/square_containers/0011_a05b00c1d3e0f0g0h2.jpg,3,PP Plastic,3,PP Plastic,0.9996546506881714,3.0738843634026125e-05,9.411356586497277e-06,0.00029810002888552845,0.9996546506881714,7.036771421553567e-06
/Users/aswanathjs/Downloads/test9/ai_plastic_waste_management_training/PET Plastic/black_white_plastic_bottles/dkpxa_jpg.rf.57f87c778bd8087e275852c7ce823372.jpg,2,PET Plastic,2,PET Plastic,0.9999340772628784,3.0019893983990187e-06,4.994072514818981e-05,0.9999340772628784,8.952034477260895e-06,4.052725671499502e-06
/Users/aswanathjs/Downloads/test9/ai_plastic_waste_management_training/HDPE Plastic/milk_bottles/HDPEM117.jpg,0,HDPE Plastic,0,HDPE Plastic,0.9999997615814209,0.9999997615814209,1.317158604408064e-10,1.9383563198971387e-07,4.962071287195613e-08,2.1607373668075525e-09
/Users/aswanathjs/Downloads/test9/ai_plastic_waste_management_training/PS Plastic/foam_sheets/PS-611_jpg.rf.1fb2289975761c9e5bfa79caa1cf43d6.jpg,4,PS Plastic,4,PS Plastic,0.9999995231628418,1.889024190404598e-07,6.415164222062231e-08,9.767881437028336e-08,1.0417601004064636e-08,0.9999995231628418
/Users/aswanathjs/Downloads/test9/ai_plastic_waste_management_training/HDPE Plastic/shampoo_bottles/0077_a02b01c1d0e0f1g0h1.jpg,0,HDPE Plastic,0,HDPE Plastic,0.9693433046340942,0.9693433046340942,0.0006058013532310724,0.008113897405564785,0.02064167708158493,0.0012952769175171852
/Users/aswanathjs/Downloads/test9/ai_plastic_waste_management_training/PP Plastic/round_containers/0009_a06b01c2d0e0f0g0h4.jpg,3,PP Plastic,3,PP Plastic,0.9999865293502808,3.9042060961946845e-06,1.4959151712901075e-06,6.083433163439622e-06,0.9999865293502808,1.8853489791581524e-06
/Users/aswanathjs/Downloads/test9/ai_plastic_waste_management_training/PS Plastic/foam_sheets/IMG_9354_JPG.rf.68c6a586b2c4e7d1e08fb0c5122694eb.jpg,4,PS Plastic,4,PS Plastic,0.9965697526931763,0.0007792043033987284,0.0015287174610421062,0.0007402680930681527,0.0003820536658167839,0.9965697526931763
/Users/aswanathjs/Downloads/test9/ai_plastic_waste_management_training/PS Plastic/foam_sheets/IMG_9354_JPG.rf.fbaf78a70778ea9a08ac1c810e3b4b42.jpg,4,PS Plastic,4,PS Plastic,0.9994819760322571,7.789898518240079e-05,0.00032383055076934397,9.390659397467971e-05,2.2381052986020222e-05,0.9994819760322571
/Users/aswanathjs/Downloads/test9/ai_plastic_waste_management_training/PS Plastic/foam_sheets/IMG_9354_JPG.rf.660801d1c83e231558aecdd76bd825c0.jpg,4,PS Plastic,4,PS Plastic,0.9997515082359314,8.698337296664249e-06,0.0002332209696760401,6.234498869162053e-06,3.5480596238812723e-07,0.9997515082359314
/Users/aswanathjs/Downloads/test9/ai_plastic_waste_management_training/PP Plastic/round_containers/IMG_20220209_175537.jpg,3,PP Plastic,3,PP Plastic,0.9996616840362549,0.00028940814081579447,1.4534054571413435e-05,3.124561771983281e-05,0.9996616840362549,3.1218735330185154e-06
/Users/aswanathjs/Downloads/test9/ai_plastic_waste_management_training/HDPE Plastic/shampoo_bottles/0061_a02b01c1d0e0f1g0h0.jpg,0,HDPE Plastic,0,HDPE Plastic,1.0,1.0,1.9260558425937546e-10,3.591999586660677e-08,4.583939339219967e-10,2.1240750824880195e-10
/Users/aswanathjs/Downloads/test9/ai_plastic_waste_management_training/LDPE Plastic/plastic_bags/plasticbag (141).jpg,1,LDPE Plastic,1,LDPE Plastic,0.9999921321868896,5.064388233222417e-07,0.9999921321868896,4.130038632865762e-06,2.6545214950601803e-06,5.989457463329018e-07
/Users/aswanathjs/Downloads/test9/ai_plastic_waste_management_training/PP Plastic/round_containers/0035_a06b01c2d3e0f0g0h3.jpg,3,PP Plastic,3,PP Plastic,0.9998565912246704,2.5871517209452577e-05,1.9927867469959892e-05,6.70836670906283e-05,0.9998565912246704,3.0533647077390924e-05
/Users/aswanathjs/Downloads/test9/ai_plastic_waste_management_training/LDPE Plastic/plastic_bags/train_LDPE-1_jpg.rf.57338725a1c50c623b5b34d9ebb9327a.jpg,1,LDPE Plastic,1,LDPE Plastic,0.9999805688858032,6.786373774048116e-07,0.9999805688858032,6.215112080099061e-06,2.79676828540687e-06,9.749642231327016e-06
/Users/aswanathjs/Downloads/test9/ai_plastic_waste_management_training/PP Plastic/round_containers/0032_a05b01c2d1e0f0g0h4.jpg,3,PP Plastic,3,PP Plastic,0.9983590245246887,0.0006509558297693729,0.00042359071085229516,0.00015887363406363875,0.9983590245246887,0.0004075337783433497
/Users/aswanathjs/Downloads/test9/ai_plastic_waste_management_training/PP Plastic/irregular_containers/train_PP-33-_jpg.rf.84cee38be8920e77a2fcf7df2869971a.jpg,3,PP Plastic,3,PP Plastic,0.9999955892562866,3.7163758861424867e-06,5.404791636465234e-07,1.1829521895379003e-07,0.9999955892562866,5.3296065338770404e-09
/Users/aswanathjs/Downloads/test9/ai_plastic_waste_management_training/PP Plastic/irregular_containers_grey/train_PP-33-_jpg.rf.84cee38be8920e77a2fcf7df2869971a.jpg,3,PP Plastic,3,PP Plastic,0.999991774559021,2.077352974083624e-06,5.642432370223105e-06,4.1238561721002043e-07,0.999991774559021,7.879416585865329e-08
/Users/aswanathjs/Downloads/test9/ai_plastic_waste_management_training/PET Plastic/plastic_bottles/PET529.jpg,2,PET Plastic,2,PET Plastic,0.9999994039535522,1.0784520299012001e-07,7.16937975653309e-08,0.9999994039535522,3.092070528509794e-07,8.464028411481195e-08
/Users/aswanathjs/Downloads/test9/ai_plastic_waste_management_training/PET Plastic/black_white_plastic_bottles/dohik_jpg.rf.2b00acdfd1fcfa5da8d88e36d6f4d7ab.jpg,2,PET Plastic,2,PET Plastic,0.9999972581863403,1.3049996141489828e-06,8.298939491169222e-08,0.9999972581863403,8.698810916030197e-07,4.593175901845825e-07
/Users/aswanathjs/Downloads/test9/ai_plastic_waste_management_training/HDPE Plastic/milk_bottles/HDPEM93.jpg,0,HDPE Plastic,0,HDPE Plastic,0.9999833106994629,0.9999833106994629,4.849854295940759e-09,1.2070952834619675e-05,4.241608621669002e-06,3.4727082720564795e-07
/Users/aswanathjs/Downloads/test9/ai_plastic_waste_management_training/HDPE Plastic/milk_bottles/HDPEM241.jpg,0,HDPE Plastic,0,HDPE Plastic,0.9999886751174927,0.9999886751174927,2.738153881409744e-08,2.0377381133585004e-06,9.142373528447933e-06,1.5397996833144134e-07
"/Users/aswanathjs/Downloads/test9/ai_plastic_waste_management_training/PET Plastic/plastic_bottles/PET1,426.jpg",2,PET Plastic,2,PET Plastic,0.9989680051803589,6.799387483624741e-05,5.024965503253043e-05,0.9989680051803589,0.0009085068013519049,5.2044165386178065e-06
/Users/aswanathjs/Downloads/test9/ai_plastic_waste_management_training/HDPE Plastic/detergent_bottles/P_W (489).jpg,0,HDPE Plastic,0,HDPE Plastic,0.999998927116394,0.999998927116394,7.68162955466778e-09,1.1754518425277638e-07,3.271396451509645e-07,5.990612521600269e-07
/Users/aswanathjs/Downloads/test9/ai_plastic_waste_management_training/HDPE Plastic/shampoo_bottles/0075_a02b01c2d3e0f0g0h0.jpg,0,HDPE Plastic,0,HDPE Plastic,0.9998922348022461,0.9998922348022461,1.4231932254915591e-06,6.580988269888621e-07,0.00010508109699003398,4.563010520541866e-07
"/Users/aswanathjs/Downloads/test9/ai_plastic_waste_management_training/PET Plastic/plastic_bottles/PET1,684.jpg",2,PET Plastic,2,PET Plastic,1.0,1.0096590230546099e-08,2.1638403069346168e-08,1.0,2.2861890158765164e-09,1.2123554382625912e-09
/Users/aswanathjs/Downloads/test9/ai_plastic_waste_management_training/LDPE Plastic/plastic_bags/LDPE-130_jpg.rf.27c17ec4a630f5eb6ca1cf04f62bf247.jpg,1,LDPE Plastic,1,LDPE Plastic,0.9999555349349976,2.161071506634471e-06,0.9999555349349976,2.866451495719957e-06,2.460319228703156e-05,1.4923984053893946e-05
/Users/aswanathjs/Downloads/test9/ai_plastic_waste_management_training/PET Plastic/black_white_plastic_bottles/atnku_jpg.rf.405bee56c262531232c62202d67378b2.jpg,2,PET Plastic,2,PET Plastic,0.999997615814209,5.638487436954165e-07,2.2380471875749208e-07,0.999997615814209,1.1570285778361722e-06,4.0891154640121385e-07
/Users/aswanathjs/Downloads/test9/ai_plastic_waste_management_training/HDPE Plastic/shampoo_bottles/0065_a02b03c1d3e0f1g0h3.jpg,0,HDPE Plastic,0,HDPE Plastic,1.0,1.0,4.140852591372202e-12,7.699334919619716e-11,5.101313815814024e-10,2.6868229863197257e-11
/Users/aswanathjs/Downloads/test9/ai_plastic_waste_management_training/LDPE Plastic/black_white__plastic_bags/0021_jpg.rf.8fa5024e35a1c6b8a271e1c8748ad726.jpg,1,LDPE Plastic,1,LDPE Plastic,0.9990014433860779,2.662320366653148e-05,0.9990014433860779,0.00018628608086146414,0.0005687940283678472,0.0002168835053453222
/Users/aswanathjs/Downloads/test9/ai_plastic_waste_management_training/PET Plastic/plastic_bottles/PET850.jpg,2,PET Plastic,2,PET Plastic,1.0,1.945200944764025e-11,1.210472277968222e-09,1.0,3.799260558934314e-11,3.483559274375381e-11
/Users/aswanathjs/Downloads/test9/ai_plastic_waste_management_training/HDPE Plastic/milk_bottles/HDPEM135.jpg,0,HDPE Plastic,0,HDPE Plastic,0.9999740123748779,0.9999740123748779,9.659134825312776e-09,1.2166179885753081e-06,2.453646629874129e-05,2.2509806285597733e-07
/Users/aswanathjs/Downloads/test9/ai_plastic_waste_management_training/HDPE Plastic/shampoo_bottles/0078_a02b07c1d1e0f1g0h0.jpg,0,HDPE Plastic,0,HDPE Plastic,0.9999117851257324,0.9999117851257324,2.103830443189736e-09,8.815297769615427e-05,3.902908929376281e-08,3.3465059612325376e-09
/Users/aswanathjs/Downloads/test9/ai_plastic_waste_management_training/PS Plastic/foam_sheets/PS-825_jpg.rf.0c4057278f1d18b69408e292a8d02b01.jpg,4,PS Plastic,4,PS Plastic,0.9999998807907104,8.37851743540341e-08,6.553767750716588e-09,5.818178383520944e-09,9.944778334158855e-09,0.9999998807907104
"/Users/aswanathjs/Downloads/test9/ai_plastic_waste_management_training/HDPE Plastic/milk_bottles/HDPEM1,017.JPG",0,HDPE Plastic,0,HDPE Plastic,0.9999997615814209,0.9999997615814209,1.1231538615819048e-10,2.1440592945509707e-07,4.525339392102978e-08,2.9700140125044072e-09
/Users/aswanathjs/Downloads/test9/ai_plastic_waste_management_training/LDPE Plastic/bubble_wrap/LDPE-89_jpg.rf.aa556e5ac5e97bc0b155a3232196074c.jpg,1,LDPE Plastic,1,LDPE Plastic,0.9997441172599792,1.975688746824744e-06,0.9997441172599792,2.45656610786682e-05,0.00018786235887091607,4.147284562350251e-05
/Users/aswanathjs/Downloads/test9/ai_plastic_waste_management_training/LDPE Plastic/plastic_bags/LDPE-89_jpg.rf.e016c029cbbd2b9ff02ab895bb5dcac5.jpg,1,LDPE Plastic,1,LDPE Plastic,0.9999862909317017,2.2013553007127484e-06,0.9999862909317017,2.62019716501527e-06,6.933035365364049e-06,2.030201585512259e-06
/Users/aswanathjs/Downloads/test9/ai_plastic_waste_management_training/PS Plastic/form_containers_grey/0058_a06b01c1d3e0f0g0h2.jpg,4,PS Plastic,4,PS Plastic,0.9608722925186157,0.021902848035097122,2.764810597000178e-05,5.51412085769698e-05,0.017142226919531822,0.9608722925186157
/Users/aswanathjs/Downloads/test9/ai_plastic_waste_management_training/PS Plastic/foam_containers/0058_a06b01c1d3e0f0g0h2.jpg,4,PS Plastic,4,PS Plastic,0.9995576739311218,0.00016342595336027443,9.688607178759412e-07,4.624556822818704e-06,0.0002731571439653635,0.9995576739311218
/Users/aswanathjs/Downloads/test9/ai_plastic_waste_management_training/HDPE Plastic/milk_bottles/HDPEM294.jpg,0,HDPE Plastic,0,HDPE Plastic,0.9999995231628418,0.9999995231628418,6.658289475325319e-10,2.5681907800390036e-07,8.895453618151805e-08,1.3366691575811274e-07
/Users/aswanathjs/Downloads/test9/ai_plastic_waste_management_training/LDPE Plastic/black_white__plastic_bags/0282_jpg.rf.3eef626651db77b0f81a1d50bd613295.jpg,1,LDPE Plastic,1,LDPE Plastic,0.9999945163726807,7.444938319167704e-07,0.9999945163726807,4.486206535148085e-07,3.1052516078489134e-06,1.1937733006561757e-06
/Users/aswanathjs/Downloads/test9/ai_plastic_waste_management_training/PP Plastic/rectangle_containers/train_PP-90-_jpg.rf.eccfb3c46b3b172bc695f4f3395ce58a.jpg,3,PP Plastic,3,PP Plastic,0.9995517134666443,0.00015771649486850947,0.0002687178202904761,5.404415787779726e-06,0.9995517134666443,1.6451560441055335e-05
/Users/aswanathjs/Downloads/test9/ai_plastic_waste_management_training/PP Plastic/rectangle_containers_grey/train_PP-90-_jpg.rf.eccfb3c46b3b172bc695f4f3395ce58a.jpg,3,PP Plastic,3,PP Plastic,0.9995301961898804,0.0001823767670430243,0.00025676723453216255,6.880241016915534e-06,0.9995301961898804,2.3784745280863717e-05
/Users/aswanathjs/Downloads/test9/ai_plastic_waste_management_training/PS Plastic/foam_containers/Image_221.png,4,PS Plastic,4,PS Plastic,0.46633774042129517,0.02002032659947872,0.07801145315170288,0.006628990639001131,0.4290015697479248,0.46633774042129517
/Users/aswanathjs/Downloads/test9/ai_plastic_waste_management_training/LDPE Plastic/bubble_wrap/train_LDPE-93_jpg.rf.6342c616c65cd38f21f81b6405177b96.jpg,1,LDPE Plastic,1,LDPE Plastic,0.9999021291732788,3.4869382943725213e-05,0.9999021291732788,1.9804449038929306e-05,1.029424493026454e-05,3.2879186619538814e-05
/Users/aswanathjs/Downloads/test9/ai_plastic_waste_management_training/PP Plastic/round_containers/IMG_20220209_174350.jpg,3,PP Plastic,3,PP Plastic,0.9892071485519409,0.0038090001326054335,0.003375935833901167,0.0024011724162846804,0.9892071485519409,0.0012067538918927312
/Users/aswanathjs/Downloads/test9/ai_plastic_waste_management_training/HDPE Plastic/milk_bottles/HDPEM236.jpg,0,HDPE Plastic,0,HDPE Plastic,0.999998927116394,0.999998927116394,2.7438096239507104e-10,9.160563649857068e-07,1.5723749413609767e-07,1.4679002457995693e-09
/Users/aswanathjs/Downloads/test9/ai_plastic_waste_management_training/HDPE Plastic/shampoo_bottles/0065_a02b03c2d1e0f1g0h3.jpg,0,HDPE Plastic,0,HDPE Plastic,1.0,1.0,8.678495422298482e-12,1.0289435276034098e-10,9.369821585281102e-10,2.41542220252855e-11
/Users/aswanathjs/Downloads/test9/ai_plastic_waste_management_training/PP Plastic/round_containers/IMG_20220210_105623.jpg,3,PP Plastic,3,PP Plastic,0.9828447103500366,0.015181696973741055,0.0006204550736583769,0.0008576909312978387,0.9828447103500366,0.000495465996209532
/Users/aswanathjs/Downloads/test9/ai_plastic_waste_management_training/LDPE Plastic/plastic_bags/plasticbag (177).jpg,1,LDPE Plastic,1,LDPE Plastic,0.9999829530715942,5.279430297377985e-06,0.9999829530715942,9.38861739996355e-06,1.2545834806587663e-06,1.115734789891576e-06
/Users/aswanathjs/Downloads/test9/ai_plastic_waste_management_training/LDPE Plastic/black_white__plastic_bags/0292_jpg.rf.de37c499d5839998f433ed95c64d404a.jpg,1,LDPE Plastic,1,LDPE Plastic,0.999431312084198,8.593327038397547e-06,0.999431312084198,0.00011902928235940635,0.0003864202881231904,5.47021918464452e-05
/Users/aswanathjs/Downloads/test9/ai_plastic_waste_management_training/LDPE Plastic/plastic_bags/LDPE-255_jpg.rf.80232f6cd0c83108cee85e3ff7544e70.jpg,1,LDPE Plastic,1,LDPE Plastic,0.9995664954185486,1.715827784209978e-05,0.9995664954185486,8.881089888745919e-05,0.000289900170173496,3.765313158510253e-05
/Users/aswanathjs/Downloads/test9/ai_plastic_waste_management_training/PS Plastic/foam_sheets/PS-506_jpg.rf.db5e0d99075ca3ede74cc9b76b20cec6.jpg,4,PS Plastic,4,PS Plastic,0.9999986886978149,5.602783517133503e-07,6.28787290679611e-07,3.4894917178007745e-08,3.208275600741217e-08,0.9999986886978149
/Users/aswanathjs/Downloads/test9/ai_plastic_waste_management_training/HDPE Plastic/milk_bottles/HDPEM418.jpg,0,HDPE Plastic,0,HDPE Plastic,1.0,1.0,4.455429775118702e-11,2.403700571917966e-09,9.017953050971528e-10,2.2768537055739557e-10
/Users/aswanathjs/Downloads/test9/ai_plastic_waste_management_training/HDPE Plastic/shampoo_bottles/0023_a02b01c1d0e0f1g0h3.jpg,0,HDPE Plastic,0,HDPE Plastic,0.9999803304672241,0.9999803304672241,1.6985730155738565e-07,8.028519914660137e-06,9.883463462756481e-06,1.6953486010606866e-06
"/Users/aswanathjs/Downloads/test9/ai_plastic_waste_management_training/PET Plastic/plastic_bottles/PET1,443.jpg",2,PET Plastic,2,PET Plastic,0.9999115467071533,1.1155343599966727e-05,8.120313395920675e-06,0.9999115467071533,6.803395808674395e-05,1.1398444712540368e-06
"/Users/aswanathjs/Downloads/test9/ai_plastic_waste_management_training/PET Plastic/plastic_bottles/PET1,355.jpg",2,PET Plastic,2,PET Plastic,0.9999756813049316,1.6332294762833044e-05,1.1358557685525739e-06,0.9999756813049316,6.507010766654275e-06,3.007468478699593e-07
/Users/aswanathjs/Downloads/test9/ai_plastic_waste_management_training/PP Plastic/square_containers/Image_48.png,3,PP Plastic,3,PP Plastic,0.9993371367454529,0.0001340636663371697,0.0005222072941251099,2.333898919459898e-06,0.9993371367454529,4.253271526977187e-06
/Users/aswanathjs/Downloads/test9/ai_plastic_waste_management_training/PS Plastic/foam_containers/Image_48.png,3,PP Plastic,3,PP Plastic,0.9384983777999878,0.015577396377921104,0.015464412048459053,0.004607342183589935,0.9384983777999878,0.02585255168378353
/Users/aswanathjs/Downloads/test9/ai_plastic_waste_management_training/LDPE Plastic/plastic_bags/plasticbag (186).jpg,1,LDPE Plastic,1,LDPE Plastic,0.9999284744262695,9.733340448292438e-06,0.9999284744262695,4.53389384347247e-06,5.068361133453436e-05,6.570368896063883e-06
/Users/aswanathjs/Downloads/test9/ai_plastic_waste_management_training/LDPE Plastic/plastic_bags/plasticbag (165).jpg,1,LDPE Plastic,1,LDPE Plastic,0.9995575547218323,4.112955502932891e-05,0.9995575547218323,0.00015972119581419975,0.0002117758704116568,2.982936166517902e-05
/Users/aswanathjs/Downloads/test9/ai_plastic_waste_management_training/PET Plastic/shampoo_bottles/0050_a05b00c2d1e1f1g0h2.jpg,2,PET Plastic,2,PET Plastic,0.9997275471687317,0.0002641915634740144,3.4572542517707916e-06,0.9997275471687317,3.4043068808387034e-06,1.3797656492897659e-06
/Users/aswanathjs/Downloads/test9/ai_plastic_waste_management_training/HDPE Plastic/detergent_bottles/IMG_20220209_182151.jpg,0,HDPE Plastic,0,HDPE Plastic,1.0,1.0,4.5109099788831486e-10,4.331613823183034e-08,4.497767491784543e-09,4.0518741140083137e-11
/Users/aswanathjs/Downloads/test9/ai_plastic_waste_management_training/HDPE Plastic/milk_bottles/HDPEM86.jpg,0,HDPE Plastic,0,HDPE Plastic,0.999925971031189,0.999925971031189,1.6261265045613982e-07,3.155053855152801e-05,4.116048876312561e-05,1.0543928965489613e-06
/Users/aswanathjs/Downloads/test9/ai_plastic_waste_management_training/PP Plastic/round_containers/0031_a05b01c1d1e0f0g0h4.jpg,3,PP Plastic,3,PP Plastic,0.9999663829803467,2.1265792383928783e-05,5.430320015875623e-06,6.24247968517011e-06,0.9999663829803467,6.396237495209789e-07
/Users/aswanathjs/Downloads/test9/ai_plastic_waste_management_training/PET Plastic/plastic_bottles/PET494.jpg,2,PET Plastic,2,PET Plastic,0.9997667670249939,3.309651219751686e-05,5.994184448354645e-06,0.9997667670249939,0.00018533221737015992,8.904237802198622e-06
"/Users/aswanathjs/Downloads/test9/ai_plastic_waste_management_training/PET Plastic/plastic_bottles/PET1,472.jpg",2,PET Plastic,2,PET Plastic,0.9999816417694092,1.4562206160917412e-06,7.55457494960865e-06,0.9999816417694092,8.826501471048687e-06,5.535704303838429e-07
/Users/aswanathjs/Downloads/test9/ai_plastic_waste_management_training/PP Plastic/square_containers/Image_67.png,3,PP Plastic,3,PP Plastic,0.9998821020126343,1.2039140528941061e-05,0.00010324847244191915,3.2901894542192167e-07,0.9998821020126343,2.2949661797611043e-06
/Users/aswanathjs/Downloads/test9/ai_plastic_waste_management_training/PS Plastic/foam_containers/Image_67.png,3,PP Plastic,3,PP Plastic,0.7123376727104187,0.015195230022072792,0.2069740742444992,0.005283661652356386,0.7123376727104187,0.06020931527018547
/Users/aswanathjs/Downloads/test9/ai_plastic_waste_management_training/HDPE Plastic/detergent_bottles/0010_a02b01c1d0e0f1g0h3.jpg,0,HDPE Plastic,0,HDPE Plastic,0.999994158744812,0.999994158744812,5.7010787202216306e-08,5.11258804181125e-06,5.432544298855646e-07,1.1066816796301282e-07
/Users/aswanathjs/Downloads/test9/ai_plastic_waste_management_training/PET Plastic/shampoo_bottles/0050_a05b00c1d2e1f1g0h4.jpg,2,PET Plastic,2,PET Plastic,0.9999823570251465,5.492704985954333e-06,7.823088708391879e-06,0.9999823570251465,3.0863925530866254e-06,1.2058520724167465e-06
/Users/aswanathjs/Downloads/test9/ai_plastic_waste_management_training/PS Plastic/foam_containers/styrofoam-144-_jpg.rf.586e705faa5290a2629532c4d792c272.jpg,4,PS Plastic,4,PS Plastic,0.9901021718978882,0.0019292330835014582,0.003788615809753537,0.003168511902913451,0.0010115570621564984,0.9901021718978882
/Users/aswanathjs/Downloads/test9/ai_plastic_waste_management_training/PP Plastic/round_containers/IMG_20220209_174035.jpg,3,PP Plastic,3,PP Plastic,0.9991106390953064,6.658239726675674e-05,0.0004980933154001832,0.0003190050774719566,0.9991106390953064,5.641844381898409e-06
"/Users/aswanathjs/Downloads/test9/ai_plastic_waste_management_training/PET Plastic/plastic_bottles/PET1,292.jpg",2,PET Plastic,2,PET Plastic,0.99997878074646,1.2111719115637243e-05,1.292673346142692e-06,0.99997878074646,6.119392310210969e-06,1.660496764088748e-06
/Users/aswanathjs/Downloads/test9/ai_plastic_waste_management_training/HDPE Plastic/shampoo_bottles/0075_a02b01c1d3e0f0g0h0.jpg,0,HDPE Plastic,0,HDPE Plastic,0.9955872297286987,0.9955872297286987,2.1936026314506307e-05,2.2027470549801365e-05,0.004356625024229288,1.2074523510818835e-05
/Users/aswanathjs/Downloads/test9/ai_plastic_waste_management_training/PP Plastic/round_containers/IMG_20220210_105640.jpg,3,PP Plastic,3,PP Plastic,0.9965255856513977,0.001247047446668148,0.0008473159978166223,0.0011659115552902222,0.9965255856513977,0.0002140509313903749
/Users/aswanathjs/Downloads/test9/ai_plastic_waste_management_training/PP Plastic/round_containers/0022_a05b00c1d0e0f0g0h1.jpg,3,PP Plastic,3,PP Plastic,0.9999182224273682,1.1714091670000926e-05,1.5219406122923829e-05,4.302554589230567e-05,0.9999182224273682,1.1736869964806829e-05
/Users/aswanathjs/Downloads/test9/ai_plastic_waste_management_training/PP Plastic/round_containers_grey/0022_a05b00c1d0e0f0g0h1.jpg,3,PP Plastic,3,PP Plastic,0.999975323677063,3.959204605052946e-06,7.460777396772755e-06,1.0342617315473035e-05,0.999975323677063,2.8538763672258938e-06
/Users/aswanathjs/Downloads/test9/ai_plastic_waste_management_training/PP Plastic/round_containers/0044_a06b01c1d1e0f0g0h1.jpg,3,PP Plastic,3,PP Plastic,0.9999676942825317,3.145703158224933e-05,3.840894464701705e-07,2.865345152258669e-07,0.9999676942825317,1.715920632250345e-07
/Users/aswanathjs/Downloads/test9/ai_plastic_waste_management_training/HDPE Plastic/detergent_bottles/0096_a02b04c1d0e0f0g0h2.jpg,0,HDPE Plastic,0,HDPE Plastic,0.9999710321426392,0.9999710321426392,1.1242271114042524e-07,7.257769993884722e-07,2.8009684683638625e-05,8.202101753340685e-08
/Users/aswanathjs/Downloads/test9/ai_plastic_waste_management_training/PP Plastic/round_containers/0032_a05b01c2d1e0f0g0h3.jpg,3,PP Plastic,3,PP Plastic,0.999988317489624,5.132926162332296e-06,1.9985241124231834e-06,1.2312525541346986e-06,0.999988317489624,3.2766745334811276e-06
/Users/aswanathjs/Downloads/test9/ai_plastic_waste_management_training/PET Plastic/black_white_plastic_bottles/czjka_jpg.rf.63c1ea90026785055e7c7634445a3676.jpg,2,PET Plastic,2,PET Plastic,0.9999874830245972,7.785231900925282e-06,5.468181143442052e-07,0.9999874830245972,2.8191211640660185e-06,1.3918977401772281e-06
/Users/aswanathjs/Downloads/test9/ai_plastic_waste_management_training/PS Plastic/foam_containers/Image_234.png,4,PS Plastic,4,PS Plastic,0.5557336211204529,0.042484819889068604,0.09584483504295349,0.0037021352909505367,0.3022345304489136,0.5557336211204529
/Users/aswanathjs/Downloads/test9/ai_plastic_waste_management_training/PET Plastic/plastic_bottles/PET397.jpg,2,PET Plastic,2,PET Plastic,0.9999599456787109,5.6505728025513235e-06,8.117663128359709e-06,0.9999599456787109,2.069033325824421e-05,5.537957349588396e-06
/Users/aswanathjs/Downloads/test9/ai_plastic_waste_management_training/LDPE Plastic/black_white__plastic_bags/0303_jpg.rf.27cc51852f1a997ccca3b1a8691ad242.jpg,1,LDPE Plastic,1,LDPE Plastic,0.9999762773513794,4.619496394298039e-06,0.9999762773513794,1.2900150068162475e-06,5.927247457293561e-06,1.1847007044707425e-05
/Users/aswanathjs/Downloads/test9/ai_plastic_waste_management_training/PP Plastic/irregular_containers/test_PP-4_jpg.rf.9d7ef7063a7c27f9e8d0dd5cd36f6c7b.jpg,3,PP Plastic,3,PP Plastic,0.9996563196182251,1.867442188085988e-05,0.0002141056611435488,5.5610380513826385e-05,0.9996563196182251,5.5290449381573126e-05
/Users/aswanathjs/Downloads/test9/ai_plastic_waste_management_training/PP Plastic/irregular_containers_grey/test_PP-4_jpg.rf.9d7ef7063a7c27f9e8d0dd5cd36f6c7b.jpg,3,PP Plastic,3,PP Plastic,0.9976298809051514,2.5818897483986802e-05,0.001896901405416429,0.0001004423902486451,0.9976298809051514,0.00034696157672442496
/Users/aswanathjs/Downloads/test9/ai_plastic_waste_management_training/PP Plastic/round_containers/0044_a06b01c1d1e0f0g0h2.jpg,3,PP Plastic,3,PP Plastic,0.999941349029541,3.075284621445462e-05,2.835835630321526e-06,2.3132606656872667e-05,0.999941349029541,1.8631096736498876e-06
/Users/aswanathjs/Downloads/test9/ai_plastic_waste_management_training/PS Plastic/foam_sheets/PS-670_jpg.rf.108eab608f2cbc3c438d79858c3311eb.jpg,4,PS Plastic,4,PS Plastic,0.9999998807907104,1.6058817209341214e-07,4.604887138270897e-08,1.3230240902828427e-08,3.651173807739383e-09,0.9999998807907104
/Users/aswanathjs/Downloads/test9/ai_plastic_waste_management_training/PS Plastic/form_sheets_grey/PS-670_jpg.rf.108eab608f2cbc3c438d79858c3311eb.jpg,4,PS Plastic,4,PS Plastic,0.9999980926513672,1.1444155916251475e-06,5.868578227818944e-07,1.023263536126251e-07,3.959906536010749e-08,0.9999980926513672
/Users/aswanathjs/Downloads/test9/ai_plastic_waste_management_training/LDPE Plastic/bin_bags/Image_29.png,1,LDPE Plastic,1,LDPE Plastic,0.9922492504119873,0.002291410928592086,0.9922492504119873,0.0032241398002952337,0.001405141199938953,0.0008301354246214032
/Users/aswanathjs/Downloads/test9/ai_plastic_waste_management_training/PP Plastic/round_containers/Image_29.png,1,LDPE Plastic,1,LDPE Plastic,0.46658316254615784,0.05981573462486267,0.46658316254615784,0.011676013469696045,0.4550397992134094,0.0068853506818413734
/Users/aswanathjs/Downloads/test9/ai_plastic_waste_management_training/PP Plastic/round_containers_grey/Image_29.png,1,LDPE Plastic,1,LDPE Plastic,0.5674455761909485,0.02697702869772911,0.5674455761909485,0.009569946676492691,0.3934449851512909,0.0025624893605709076
/Users/aswanathjs/Downloads/test9/ai_plastic_waste_management_training/PS Plastic/foam_containers/Image_29.png,1,LDPE Plastic,4,PS Plastic,0.34487584233283997,0.07863904535770416,0.30506631731987,0.011072157882153988,0.2603467106819153,0.34487584233283997
/Users/aswanathjs/Downloads/test9/ai_plastic_waste_management_training/PET Plastic/shampoo_bottles/0100_a05b00c1d3e0f0g0h1.jpg,2,PET Plastic,2,PET Plastic,0.9999878406524658,3.089803612965625e-07,4.463446202862542e-06,0.9999878406524658,7.0644705374434125e-06,2.8346167368908937e-07
/Users/aswanathjs/Downloads/test9/ai_plastic_waste_management_training/LDPE Plastic/plastic_bags/plasticbag (135) 17.43.56.jpg,1,LDPE Plastic,1,LDPE Plastic,0.9989847540855408,3.0525588954333216e-05,0.9989847540855408,0.00035177572863176465,0.00033989272196777165,0.0002930147747974843
/Users/aswanathjs/Downloads/test9/ai_plastic_waste_management_training/HDPE Plastic/milk_bottles/HDPEM567.JPG,0,HDPE Plastic,0,HDPE Plastic,1.0,1.0,1.683699945957684e-12,3.5180320878680504e-08,1.1429620271063978e-11,4.640731895988459e-11
/Users/aswanathjs/Downloads/test9/ai_plastic_waste_management_training/LDPE Plastic/plastic_bags/plasticbag (59).jpg,1,LDPE Plastic,1,LDPE Plastic,0.9994356036186218,1.2134891221649013e-05,0.9994356036186218,4.555056420940673e-06,0.0005043452838435769,4.33354580309242e-05
/Users/aswanathjs/Downloads/test9/ai_plastic_waste_management_training/PP Plastic/irregular_containers/train_PP-87_jpg.rf.c2a1566abfd3e4f58a5b1dd9a1765f21.jpg,3,PP Plastic,3,PP Plastic,0.9999831914901733,1.9412340179769672e-07,1.0593434126349166e-05,4.951178652845556e-06,0.9999831914901733,1.0907353953371057e-06
/Users/aswanathjs/Downloads/test9/ai_plastic_waste_management_training/LDPE Plastic/plastic_bags/train_LDPE-65_jpg.rf.bea0a717767184b5e0536c0ed6a0657c.jpg,1,LDPE Plastic,1,LDPE Plastic,0.9999984502792358,6.438801047892184e-09,0.9999984502792358,1.4664367427030811e-06,2.4650500307643597e-08,1.1869819616094901e-07
/Users/aswanathjs/Downloads/test9/ai_plastic_waste_management_training/PP Plastic/square_containers_grey/Image_201.png,3,PP Plastic,3,PP Plastic,0.9996080994606018,8.764197445998434e-06,0.00037966083618812263,1.6431624771939823e-06,0.9996080994606018,1.8362366063229274e-06
/Users/aswanathjs/Downloads/test9/ai_plastic_waste_management_training/PP Plastic/square_containers/Image_201.png,3,PP Plastic,3,PP Plastic,0.9998032450675964,8.987986802821979e-06,0.00018534217088017613,7.570039883830759e-07,0.9998032450675964,1.7197590977957589e-06
/Users/aswanathjs/Downloads/test9/ai_plastic_waste_management_training/PS Plastic/foam_containers/Image_201.png,3,PP Plastic,3,PP Plastic,0.5131035447120667,0.10471528023481369,0.1838580071926117,0.03544415906071663,0.5131035447120667,0.16287896037101746
/Users/aswanathjs/Downloads/test9/ai_plastic_waste_management_training/LDPE Plastic/black_white__plastic_bags/0258_jpg.rf.841fa65a71394439dc028ee2feb0b4c2.jpg,1,LDPE Plastic,1,LDPE Plastic,0.9999945163726807,1.575566699330011e-07,0.9999945163726807,3.865550297632581e-06,1.3930554132457473e-07,1.3224531585365185e-06
/Users/aswanathjs/Downloads/test9/ai_plastic_waste_management_training/PET Plastic/plastic_bottles/PET642.jpg,2,PET Plastic,2,PET Plastic,0.9999936819076538,1.6658348158671288e-06,2.102036660289741e-06,0.9999936819076538,1.0223874369330588e-06,1.5373490214187768e-06
/Users/aswanathjs/Downloads/test9/ai_plastic_waste_management_training/PP Plastic/irregular_containers/train_PP-91_jpg.rf.9b1868df755dd1f621d86d8b6803d0c4.jpg,3,PP Plastic,3,PP Plastic,0.9992690682411194,4.8452537157572806e-05,0.0003987420059274882,0.00014437995560001582,0.9992690682411194,0.00013935744937043637
/Users/aswanathjs/Downloads/test9/ai_plastic_waste_management_training/LDPE Plastic/plastic_bags/LDPE-480_jpg.rf.c07e815c4de47b488d06e0c83441bef2.jpg,1,LDPE Plastic,1,LDPE Plastic,0.9999668598175049,8.096420060610399e-06,0.9999668598175049,1.7135487269115401e-06,6.712917638651561e-06,1.659977533563506e-05
/Users/aswanathjs/Downloads/test9/ai_plastic_waste_management_training/LDPE Plastic/bubble_wrap_grey/LDPE-97_jpg.rf.405c9fc49d66acf1b0e3ec39512a4dc5.jpg,1,LDPE Plastic,1,LDPE Plastic,0.9996480941772461,8.161230198311387e-07,0.9996480941772461,0.0002692216366995126,4.671361966757104e-05,3.518268931657076e-05
/Users/aswanathjs/Downloads/test9/ai_plastic_waste_management_training/LDPE Plastic/bubble_wrap/LDPE-97_jpg.rf.405c9fc49d66acf1b0e3ec39512a4dc5.jpg,1,LDPE Plastic,1,LDPE Plastic,0.9997051358222961,1.511445361757069e-06,0.9997051358222961,0.00019037345191463828,6.689896690659225e-05,3.608209590311162e-05
"/Users/aswanathjs/Downloads/test9/ai_plastic_waste_management_training/PET Plastic/plastic_bottles/PET1,439.jpg",2,PET Plastic,2,PET Plastic,0.9999574422836304,6.298690095718484e-06,1.0032971658802126e-05,0.9999574422836304,2.5944449589587748e-05,2.490137092081568e-07
/Users/aswanathjs/Downloads/test9/ai_plastic_waste_management_training/LDPE Plastic/plastic_bags_grey/LDPE-296_jpg.rf.a1c6127d5816bbf2a0a084e34a0b442e.jpg,1,LDPE Plastic,1,LDPE Plastic,0.9990246295928955,1.3877575838705525e-05,0.9990246295928955,0.00011401157098589465,0.0006588753312826157,0.00018861258286051452
/Users/aswanathjs/Downloads/test9/ai_plastic_waste_management_training/LDPE Plastic/plastic_bags/LDPE-296_jpg.rf.a1c6127d5816bbf2a0a084e34a0b442e.jpg,1,LDPE Plastic,1,LDPE Plastic,0.9991670846939087,1.289833653572714e-05,0.9991670846939087,8.536063978681341e-05,0.0006067548529244959,0.0001279353746213019
/Users/aswanathjs/Downloads/test9/ai_plastic_waste_management_training/PET Plastic/plastic_bottles/PET322.jpg,2,PET Plastic,2,PET Plastic,0.9999926090240479,4.191557820831804e-07,2.868001729439129e-06,0.9999926090240479,4.0027166505751666e-06,2.3626212097838106e-08
/Users/aswanathjs/Downloads/test9/ai_plastic_waste_management_training/PP Plastic/round_containers/Image_164.png,3,PP Plastic,3,PP Plastic,0.9812710881233215,0.0017252794932574034,0.015589798800647259,6.512089021271095e-05,0.9812710881233215,0.0013486654497683048
/Users/aswanathjs/Downloads/test9/ai_plastic_waste_management_training/PS Plastic/foam_containers/Image_164.png,3,PP Plastic,4,PS Plastic,0.3545849621295929,0.06532373279333115,0.24737755954265594,0.011201056651771069,0.32151275873184204,0.3545849621295929
/Users/aswanathjs/Downloads/test9/ai_plastic_waste_management_training/PS Plastic/foam_containers/styrofoam-101-_jpg.rf.ea16cdf2074dc5b964e3e2e8b0ea4353.jpg,4,PS Plastic,4,PS Plastic,0.9999994039535522,3.3171684776789334e-07,1.4965699790536746e-09,2.2611115468862408e-07,1.2947559691056654e-09,0.9999994039535522
/Users/aswanathjs/Downloads/test9/ai_plastic_waste_management_training/HDPE Plastic/detergent_bottles/IMG_20220209_182745.jpg,0,HDPE Plastic,0,HDPE Plastic,0.9929566383361816,0.9929566383361816,9.963148841052316e-06,0.0069538564421236515,7.784638000885025e-05,1.702753593235684e-06
/Users/aswanathjs/Downloads/test9/ai_plastic_waste_management_training/HDPE Plastic/milk_bottles/HDPEM61.jpg,0,HDPE Plastic,0,HDPE Plastic,1.0,1.0,6.262338737850204e-13,1.9705391485214108e-10,2.899359641261867e-10,1.2643861652117394e-11
/Users/aswanathjs/Downloads/test9/ai_plastic_waste_management_training/HDPE Plastic/milk_bottles/HDPEM459.jpg,0,HDPE Plastic,0,HDPE Plastic,1.0,1.0,3.2901298872844986e-12,2.8867264134646575e-08,4.4871228954690423e-10,1.5028717159637495e-10
/Users/aswanathjs/Downloads/test9/ai_plastic_waste_management_training/PP Plastic/irregular_containers/train_PP-53_jpg.rf.00d0539f9942f92acdb2fab0e3086ce4.jpg,3,PP Plastic,3,PP Plastic,0.9999991655349731,2.0061966665707587e-07,2.8022762421642256e-07,3.269341846134921e-07,0.9999991655349731,1.710581720715254e-08
"/Users/aswanathjs/Downloads/test9/ai_plastic_waste_management_training/PET Plastic/plastic_bottles/PET1,304.jpg",2,PET Plastic,2,PET Plastic,0.9915738701820374,0.007438282016664743,0.00010940564243355766,0.9915738701820374,0.0007880767807364464,9.026762563735247e-05
/Users/aswanathjs/Downloads/test9/ai_plastic_waste_management_training/PS Plastic/foam_sheets/PS-674_jpg.rf.548d353bc593e159d7aa53c7a7f6ccf2.jpg,4,PS Plastic,4,PS Plastic,0.9999996423721313,1.833220295566207e-07,6.4923455056487e-08,1.9106783710753916e-08,7.102968879735272e-09,0.9999996423721313
/Users/aswanathjs/Downloads/test9/ai_plastic_waste_management_training/LDPE Plastic/black_white__plastic_bags/0148_jpg.rf.bf7d673ef84af08da1c08bb4e243899c.jpg,1,LDPE Plastic,1,LDPE Plastic,0.9999573230743408,1.1165959676873172e-06,0.9999573230743408,1.4966671187721658e-05,2.247174779768102e-05,4.112565875402652e-06
/Users/aswanathjs/Downloads/test9/ai_plastic_waste_management_training/HDPE Plastic/detergent_bottles/0039_a02b01c1d2e0f1g0h4.jpg,0,HDPE Plastic,0,HDPE Plastic,0.9999661445617676,0.9999661445617676,7.459819073574181e-08,3.346446101204492e-05,3.102672394561523e-07,1.891025824818371e-08
/Users/aswanathjs/Downloads/test9/ai_plastic_waste_management_training/LDPE Plastic/bubble_wrap_grey/Screenshot 2026-05-13 at 10.34.45.png,1,LDPE Plastic,1,LDPE Plastic,0.9921505451202393,0.0017721891636028886,0.9921505451202393,4.358433579909615e-05,0.005409988109022379,0.0006237502093426883
/Users/aswanathjs/Downloads/test9/ai_plastic_waste_management_training/LDPE Plastic/bubble_wrap_grey/Screenshot 2026-05-13 at 10.35.00.png,1,LDPE Plastic,1,LDPE Plastic,0.9998347759246826,1.3086476258195034e-07,0.9998347759246826,0.0001473040465498343,1.0836248293344397e-05,6.913835477462271e-06
/Users/aswanathjs/Downloads/test9/ai_plastic_waste_management_training/LDPE Plastic/bubble_wrap_grey/Screenshot 2026-05-13 at 10.36.23.png,1,LDPE Plastic,1,LDPE Plastic,0.999776303768158,1.6906325299714808e-06,0.999776303768158,6.429073891922599e-06,1.2993799828109331e-05,0.0002026191505137831
/Users/aswanathjs/Downloads/test9/ai_plastic_waste_management_training/LDPE Plastic/bubble_wrap_grey/Screenshot 2026-05-13 at 10.35.59.png,1,LDPE Plastic,1,LDPE Plastic,0.9997652173042297,2.3069460439728573e-06,0.9997652173042297,3.868578642141074e-05,1.2376801350910682e-05,0.00018143418128602207
/Users/aswanathjs/Downloads/test9/ai_plastic_waste_management_training/LDPE Plastic/bubble_wrap_grey/Screenshot 2026-05-13 at 10.32.55.png,1,LDPE Plastic,1,LDPE Plastic,0.9975613355636597,0.0005455245263874531,0.9975613355636597,0.0002440255630062893,0.0005531432689167559,0.0010960068320855498
/Users/aswanathjs/Downloads/test9/ai_plastic_waste_management_training/LDPE Plastic/bubble_wrap_grey/Screenshot 2026-05-13 at 10.35.41.png,1,LDPE Plastic,1,LDPE Plastic,0.9999635219573975,1.665378135840001e-06,0.9999635219573975,3.6051790175406495e-07,3.382701470400207e-05,5.764368324889801e-07
/Users/aswanathjs/Downloads/test9/ai_plastic_waste_management_training/LDPE Plastic/bubble_wrap_grey/Screenshot 2026-05-13 at 10.33.22.png,1,LDPE Plastic,1,LDPE Plastic,0.9999974966049194,2.413987587601696e-08,0.9999974966049194,2.0258153199392837e-07,1.7512711565359496e-06,4.846867227570328e-07
/Users/aswanathjs/Downloads/test9/ai_plastic_waste_management_training/LDPE Plastic/bubble_wrap_grey/Screenshot 2026-05-13 at 10.33.36.png,1,LDPE Plastic,1,LDPE Plastic,0.9997474551200867,5.501135456142947e-05,0.9997474551200867,9.103166667046025e-05,2.0359153495519422e-05,8.611507655587047e-05
/Users/aswanathjs/Downloads/test9/ai_plastic_waste_management_training/LDPE Plastic/bubble_wrap_grey/Screenshot 2026-05-13 at 10.34.03.png,1,LDPE Plastic,1,LDPE Plastic,0.9999995231628418,2.4685862243245538e-08,0.9999995231628418,9.318000593339093e-08,2.0148553048215945e-08,3.208714360880549e-07
/Users/aswanathjs/Downloads/test9/ai_plastic_waste_management_training/LDPE Plastic/bubble_wrap_grey/Screenshot 2026-05-13 at 10.35.18.png,1,LDPE Plastic,1,LDPE Plastic,0.9994634985923767,4.8111804062500596e-05,0.9994634985923767,1.406374758516904e-05,0.00041672075167298317,5.751796197728254e-05
/Users/aswanathjs/Downloads/test9/ai_plastic_waste_management_training/LDPE Plastic/bubble_wrap_grey/Screenshot 2026-05-13 at 10.33.50.png,1,LDPE Plastic,1,LDPE Plastic,0.9999997615814209,3.26367370628855e-11,0.9999997615814209,6.701674215570108e-10,1.3088379269277084e-08,2.391180089489353e-07
/Users/aswanathjs/Downloads/test9/ai_plastic_waste_management_training/LDPE Plastic/bubble_wrap/Screenshot 2026-05-13 at 10.34.45.png,1,LDPE Plastic,1,LDPE Plastic,0.9967629909515381,0.0012802880955860019,0.9967629909515381,5.070131737738848e-05,0.0015259060310199857,0.0003800978302024305
/Users/aswanathjs/Downloads/test9/ai_plastic_waste_management_training/LDPE Plastic/bubble_wrap/Screenshot 2026-05-13 at 10.35.00.png,1,LDPE Plastic,1,LDPE Plastic,0.9998612403869629,1.6173081007764267e-07,0.9998612403869629,0.0001215366501128301,3.5720788673643256e-06,1.3422796655504499e-05
/Users/aswanathjs/Downloads/test9/ai_plastic_waste_management_training/LDPE Plastic/bubble_wrap/Screenshot 2026-05-13 at 10.36.23.png,1,LDPE Plastic,1,LDPE Plastic,0.9988627433776855,2.489131838956382e-05,0.9988627433776855,0.0006265047704800963,0.0003654326719697565,0.00012040702131344005
/Users/aswanathjs/Downloads/test9/ai_plastic_waste_management_training/LDPE Plastic/bubble_wrap/Screenshot 2026-05-13 at 10.35.59.png,1,LDPE Plastic,1,LDPE Plastic,0.9992616772651672,1.291072021558648e-05,0.9992616772651672,0.0001775224955054,0.00020739485626108944,0.00034044653875753284
/Users/aswanathjs/Downloads/test9/ai_plastic_waste_management_training/LDPE Plastic/bubble_wrap/Screenshot 2026-05-13 at 10.32.55.png,1,LDPE Plastic,1,LDPE Plastic,0.9982923865318298,0.0003744634741451591,0.9982923865318298,0.00016392182442359626,0.0004339051665738225,0.0007353482651524246
/Users/aswanathjs/Downloads/test9/ai_plastic_waste_management_training/LDPE Plastic/bubble_wrap/Screenshot 2026-05-13 at 10.35.41.png,1,LDPE Plastic,1,LDPE Plastic,0.9998823404312134,9.853651135927066e-06,0.9998823404312134,1.352893264083832e-06,0.0001052118168445304,1.1676725080178585e-06
/Users/aswanathjs/Downloads/test9/ai_plastic_waste_management_training/LDPE Plastic/bubble_wrap/Screenshot 2026-05-13 at 10.33.22.png,1,LDPE Plastic,1,LDPE Plastic,0.9999423027038574,9.465030643696082e-07,0.9999423027038574,8.502742275595665e-06,2.0971541744074784e-05,2.721526107052341e-05
/Users/aswanathjs/Downloads/test9/ai_plastic_waste_management_training/LDPE Plastic/bubble_wrap/Screenshot 2026-05-13 at 10.33.36.png,1,LDPE Plastic,1,LDPE Plastic,0.9999890327453613,1.2823172710341169e-06,0.9999890327453613,3.2851407922862563e-06,9.376634011459828e-07,5.446515842777444e-06
/Users/aswanathjs/Downloads/test9/ai_plastic_waste_management_training/LDPE Plastic/bubble_wrap/Screenshot 2026-05-13 at 10.34.03.png,1,LDPE Plastic,1,LDPE Plastic,0.999998927116394,3.532942827177976e-08,0.999998927116394,1.5064814817833394e-07,1.0284706419838585e-08,8.423563713222393e-07
/Users/aswanathjs/Downloads/test9/ai_plastic_waste_management_training/LDPE Plastic/bubble_wrap/Screenshot 2026-05-13 at 10.35.18.png,1,LDPE Plastic,1,LDPE Plastic,0.9976323843002319,0.0003936032298952341,0.9976323843002319,4.350371455075219e-05,0.001732608419843018,0.00019782752497121692
/Users/aswanathjs/Downloads/test9/ai_plastic_waste_management_training/LDPE Plastic/bubble_wrap/Screenshot 2026-05-13 at 10.33.50.png,1,LDPE Plastic,1,LDPE Plastic,0.9999998807907104,3.341292867387047e-11,0.9999998807907104,1.0306095976631013e-09,1.007502437033736e-08,8.705568887990012e-08
/Users/aswanathjs/Downloads/test9/ai_plastic_waste_management_training/HDPE Plastic/milk_bottles/HDPEM478.jpg,0,HDPE Plastic,0,HDPE Plastic,0.9999927282333374,0.9999927282333374,2.970225398968296e-09,6.0949228100071196e-06,1.0695907803892624e-06,9.420368485280051e-08
/Users/aswanathjs/Downloads/test9/ai_plastic_waste_management_training/PET Plastic/black_white_plastic_bottles/ctbax_jpg.rf.494790482aa35adac5d91d0e6b01934c.jpg,2,PET Plastic,2,PET Plastic,0.9999991655349731,3.7535022556767217e-07,2.681944124560687e-07,0.9999991655349731,1.0783530512981088e-07,8.752713398507694e-08
"/Users/aswanathjs/Downloads/test9/ai_plastic_waste_management_training/PET Plastic/plastic_bottles/PET1,261.jpg",2,PET Plastic,2,PET Plastic,0.9999978542327881,9.989196314563742e-07,3.4587625208359896e-08,0.9999978542327881,4.165447080595186e-07,6.293735168583225e-07
/Users/aswanathjs/Downloads/test9/ai_plastic_waste_management_training/HDPE Plastic/shampoo_bottles/0061_a02b01c1d1e0f1g0h3.jpg,0,HDPE Plastic,0,HDPE Plastic,0.9999984502792358,0.9999984502792358,6.196918977963151e-09,9.019045137392823e-07,4.7405123382304737e-07,8.677753982055947e-08
/Users/aswanathjs/Downloads/test9/ai_plastic_waste_management_training/HDPE Plastic/milk_bottles/HDPEM75.jpg,0,HDPE Plastic,0,HDPE Plastic,0.9999998807907104,0.9999998807907104,1.126196358391951e-09,5.7917524998174486e-08,1.3222388872691226e-07,6.184034617717771e-09
/Users/aswanathjs/Downloads/test9/ai_plastic_waste_management_training/HDPE Plastic/milk_bottles_grey/HDPEM75.jpg,0,HDPE Plastic,0,HDPE Plastic,0.9999853372573853,0.9999853372573853,1.0827238838828634e-07,1.4394196341527277e-06,1.2879312635050155e-05,2.337060465151808e-07
/Users/aswanathjs/Downloads/test9/ai_plastic_waste_management_training/PP Plastic/rectangle_containers/0011_a05b00c2d1e0f0g0h3.jpg,3,PP Plastic,3,PP Plastic,0.999997615814209,9.940531953134268e-08,6.209409093571594e-07,1.2832800848627812e-06,0.999997615814209,3.608872702898225e-07
"/Users/aswanathjs/Downloads/test9/ai_plastic_waste_management_training/PET Plastic/plastic_bottles/PET1,344.jpg",2,PET Plastic,2,PET Plastic,0.9999668598175049,1.533269096398726e-05,2.367791239521466e-06,0.9999668598175049,1.4768326764169615e-05,6.498206062133249e-07
/Users/aswanathjs/Downloads/test9/ai_plastic_waste_management_training/PET Plastic/plastic_bottles/PET365.jpg,2,PET Plastic,2,PET Plastic,0.9999986886978149,3.6538969538923993e-07,1.7711133182274352e-07,0.9999986886978149,5.336275989975547e-07,2.733457620252011e-07
/Users/aswanathjs/Downloads/test9/ai_plastic_waste_management_training/PET Plastic/black_white_plastic_bottles/bjygh_jpg.rf.f4c4a7649c708339528a5684d04fca26.jpg,2,PET Plastic,2,PET Plastic,0.9999940395355225,5.07494496559957e-06,1.977371368866443e-07,0.9999940395355225,3.486599950974778e-07,2.3228399470553995e-07
/Users/aswanathjs/Downloads/test9/ai_plastic_waste_management_training/PP Plastic/round_containers/Image_42.png,3,PP Plastic,3,PP Plastic,0.9498544335365295,0.0033825698774307966,0.04505728557705879,0.0005833608447574079,0.9498544335365295,0.0011223447509109974
/Users/aswanathjs/Downloads/test9/ai_plastic_waste_management_training/PS Plastic/foam_containers/Image_42.png,3,PP Plastic,3,PP Plastic,0.6426460146903992,0.03979749232530594,0.06338672339916229,0.0033229708205908537,0.6426460146903992,0.250846803188324
/Users/aswanathjs/Downloads/test9/ai_plastic_waste_management_training/LDPE Plastic/plastic_bags/LDPE-360_jpg.rf.133d460a0281af37abf1062d4d7f50a7.jpg,1,LDPE Plastic,1,LDPE Plastic,0.9999675750732422,1.0779413059935905e-06,0.9999675750732422,3.017008793904097e-06,3.827921773336129e-06,2.4479328203597106e-05
/Users/aswanathjs/Downloads/test9/ai_plastic_waste_management_training/LDPE Plastic/plastic_bags/plasticbag (37).jpg,1,LDPE Plastic,1,LDPE Plastic,0.9999994039535522,4.350761173554929e-07,0.9999994039535522,4.1685921381429125e-09,1.3675922616585012e-07,8.77514878538932e-08
/Users/aswanathjs/Downloads/test9/ai_plastic_waste_management_training/PS Plastic/foam_sheets/PS-504_jpg.rf.0d3e0747d1868ebce48c34f3e61f6f64.jpg,4,PS Plastic,4,PS Plastic,0.9999988079071045,7.943274908939202e-07,3.387876574834081e-07,3.890456667932085e-08,3.4050586350531376e-08,0.9999988079071045
/Users/aswanathjs/Downloads/test9/ai_plastic_waste_management_training/HDPE Plastic/detergent_bottles/0010_a02b01c1d2e0f1g0h3.jpg,0,HDPE Plastic,0,HDPE Plastic,1.0,1.0,4.758208584088042e-12,4.967654065879401e-10,1.5108856388224012e-09,2.054651414284958e-11
/Users/aswanathjs/Downloads/test9/ai_plastic_waste_management_training/HDPE Plastic/detergent_bottles/0039_a02b01c2d2e0f1g0h3.jpg,0,HDPE Plastic,0,HDPE Plastic,0.9999998807907104,0.9999998807907104,1.931828030876659e-10,1.3240926932667207e-07,7.163227788709037e-09,4.2453734971914514e-10
/Users/aswanathjs/Downloads/test9/ai_plastic_waste_management_training/PET Plastic/plastic_bottles/PET979.jpg,2,PET Plastic,2,PET Plastic,0.9999994039535522,4.135844733355043e-07,4.673272613331392e-08,0.9999994039535522,4.2019063783982347e-08,1.1852738879269964e-07
/Users/aswanathjs/Downloads/test9/ai_plastic_waste_management_training/LDPE Plastic/plastic_bags/plasticbag (121).jpg,1,LDPE Plastic,1,LDPE Plastic,0.9943534135818481,2.4577651856816374e-05,0.9943534135818481,0.004483016673475504,0.0010917537147179246,4.730734872282483e-05
/Users/aswanathjs/Downloads/test9/ai_plastic_waste_management_training/PP Plastic/square_containers_grey/Image_224.png,3,PP Plastic,3,PP Plastic,0.9990009665489197,0.0005001224344596267,0.0003714062331710011,8.965798770077527e-06,0.9990009665489197,0.00011857048230012879
/Users/aswanathjs/Downloads/test9/ai_plastic_waste_management_training/PP Plastic/square_containers/Image_224.png,3,PP Plastic,3,PP Plastic,0.9998854398727417,6.955079879844561e-05,4.214970613247715e-05,2.248176969033011e-07,0.9998854398727417,2.6162949779973133e-06
/Users/aswanathjs/Downloads/test9/ai_plastic_waste_management_training/HDPE Plastic/milk_bottles/HDPEM129.jpg,0,HDPE Plastic,0,HDPE Plastic,1.0,1.0,1.1500459059458207e-13,3.7545754699719325e-11,7.433131193890219e-11,4.4788582564958546e-12
/Users/aswanathjs/Downloads/test9/ai_plastic_waste_management_training/PET Plastic/plastic_bottles/PET317.jpg,2,PET Plastic,2,PET Plastic,0.9999624490737915,2.557580046413932e-06,2.2142570742289536e-05,0.9999624490737915,1.2065234841429628e-05,7.552488341389108e-07
/Users/aswanathjs/Downloads/test9/ai_plastic_waste_management_training/PET Plastic/plastic_bottles/PET855.jpg,2,PET Plastic,2,PET Plastic,0.999998927116394,1.506763780412257e-08,1.0079772891913308e-06,0.999998927116394,3.800552761390463e-08,1.1506795516424972e-08
/Users/aswanathjs/Downloads/test9/ai_plastic_waste_management_training/PP Plastic/square_containers/IMG_20220209_173855.jpg,3,PP Plastic,3,PP Plastic,0.9999780654907227,1.1875059499288909e-05,5.646802037517773e-06,9.906972309181583e-07,0.9999780654907227,3.499874765111599e-06
/Users/aswanathjs/Downloads/test9/ai_plastic_waste_management_training/HDPE Plastic/shampoo_bottles/0063_a02b01c2d0e0f1g1h2.jpg,0,HDPE Plastic,0,HDPE Plastic,0.9999990463256836,0.9999990463256836,1.3773645335390938e-08,7.917887501207588e-07,1.483308267324901e-07,4.917980689356227e-08
/Users/aswanathjs/Downloads/test9/ai_plastic_waste_management_training/PS Plastic/foam_containers/0058_a06b01c1d0e0f0g0h4.jpg,4,PS Plastic,4,PS Plastic,0.9996947050094604,0.00011317786265863106,3.929458500806504e-07,6.28380075795576e-06,0.0001854326983448118,0.9996947050094604
/Users/aswanathjs/Downloads/test9/ai_plastic_waste_management_training/HDPE Plastic/detergent_bottles/0039_a02b01c2d3e0f1g0h4.jpg,0,HDPE Plastic,0,HDPE Plastic,0.9998540878295898,0.9998540878295898,8.738150114595555e-08,0.00014546843885909766,2.115726687179631e-07,7.594834272595108e-08
/Users/aswanathjs/Downloads/test9/ai_plastic_waste_management_training/LDPE Plastic/plastic_bags/train_LDPE-2_jpg.rf.3d66a1ff0a58b9cc3026c1b1afcdf766.jpg,1,LDPE Plastic,1,LDPE Plastic,0.999988317489624,2.402631480435957e-06,0.999988317489624,1.1701317816914525e-06,6.605103408219293e-06,1.5977341263351263e-06
/Users/aswanathjs/Downloads/test9/ai_plastic_waste_management_training/PS Plastic/foam_containers/Image_104.png,4,PS Plastic,4,PS Plastic,0.4227983355522156,0.13073840737342834,0.18358390033245087,0.018566682934761047,0.24431273341178894,0.4227983355522156
/Users/aswanathjs/Downloads/test9/ai_plastic_waste_management_training/PET Plastic/shampoo_bottles/0080_a05b00c2d0e0f1g0h2.jpg,2,PET Plastic,2,PET Plastic,0.9998575448989868,0.00010463825310580432,4.9217610467167106e-06,0.9998575448989868,2.8586297048605047e-05,4.337859081715578e-06
/Users/aswanathjs/Downloads/test9/ai_plastic_waste_management_training/HDPE Plastic/milk_bottles/HDPEM449.jpg,0,HDPE Plastic,0,HDPE Plastic,1.0,1.0,9.168389653166006e-14,6.677232988749893e-09,1.4088818653390511e-11,1.4451315144548005e-11
/Users/aswanathjs/Downloads/test9/ai_plastic_waste_management_training/LDPE Plastic/plastic_bags/plasticbag (129).jpg,1,LDPE Plastic,1,LDPE Plastic,0.9999798536300659,3.7259983400872443e-06,0.9999798536300659,5.580832748819375e-06,8.813128260953818e-06,2.010978278121911e-06
/Users/aswanathjs/Downloads/test9/ai_plastic_waste_management_training/PET Plastic/black_white_plastic_bottles/bkeaw_jpg.rf.a39fd1736cd87dfcfb5ae4f3e9f3960c.jpg,2,PET Plastic,2,PET Plastic,0.9999942779541016,1.590029341969057e-06,6.044015208317433e-07,0.9999942779541016,2.246819349238649e-06,1.2480461464292603e-06
/Users/aswanathjs/Downloads/test9/ai_plastic_waste_management_training/HDPE Plastic/milk_bottles/HDPEM337.jpg,0,HDPE Plastic,0,HDPE Plastic,0.9999417066574097,0.9999417066574097,2.8585443345718886e-08,5.81873428018298e-05,1.042771913262186e-07,4.5580801355527e-08
/Users/aswanathjs/Downloads/test9/ai_plastic_waste_management_training/LDPE Plastic/plastic_bags/LDPE-116_jpg.rf.14f89047074294b24c86c813ff51a903.jpg,1,LDPE Plastic,1,LDPE Plastic,0.9999203681945801,3.500063485262217e-06,0.9999203681945801,3.283488331362605e-05,2.4108394427457824e-05,1.917606823553797e-05
/Users/aswanathjs/Downloads/test9/ai_plastic_waste_management_training/LDPE Plastic/plastic_bags/plasticbag (165) 17.43.56.jpg,1,LDPE Plastic,1,LDPE Plastic,0.9995575547218323,4.112955502932891e-05,0.9995575547218323,0.00015972119581419975,0.0002117758704116568,2.982936166517902e-05
/Users/aswanathjs/Downloads/test9/ai_plastic_waste_management_training/PET Plastic/plastic_bottles/PET841.jpg,2,PET Plastic,2,PET Plastic,0.9999123811721802,1.5731928215245716e-05,1.0817295333254151e-05,0.9999123811721802,4.171992259216495e-05,1.9333170712343417e-05
/Users/aswanathjs/Downloads/test9/ai_plastic_waste_management_training/LDPE Plastic/plastic_bags_grey/LDPE-1_jpg.rf.3c7a1957241b1cfd81c55b39fa5470d7.jpg,1,LDPE Plastic,1,LDPE Plastic,0.9997699856758118,5.761794000136433e-06,0.9997699856758118,3.0180975954863243e-05,0.00016870818217284977,2.5342103981529362e-05
/Users/aswanathjs/Downloads/test9/ai_plastic_waste_management_training/LDPE Plastic/plastic_bags/LDPE-1_jpg.rf.5401f4d6049eb10309b5376914be7dec.jpg,1,LDPE Plastic,1,LDPE Plastic,0.9999785423278809,7.424371801789675e-07,0.9999785423278809,9.476008926867507e-06,7.347156952164369e-06,3.8047146517783403e-06
/Users/aswanathjs/Downloads/test9/ai_plastic_waste_management_training/LDPE Plastic/plastic_bags/LDPE-1_jpg.rf.3c7a1957241b1cfd81c55b39fa5470d7.jpg,1,LDPE Plastic,1,LDPE Plastic,0.9993324875831604,1.6266718375845812e-05,0.9993324875831604,2.3783943106536753e-05,0.0005650499369949102,6.243078678380698e-05
/Users/aswanathjs/Downloads/test9/ai_plastic_waste_management_training/LDPE Plastic/plastic_bags/LDPE-1_jpg.rf.b398eae774835e4054e64f7f9dfb4eff.jpg,1,LDPE Plastic,1,LDPE Plastic,0.9994053840637207,4.093147254025098e-06,0.9994053840637207,4.74730295536574e-05,0.0004886109381914139,5.447836883831769e-05
/Users/aswanathjs/Downloads/test9/ai_plastic_waste_management_training/PET Plastic/black_white_plastic_bottles/broka_jpg.rf.1f203f8b54e8ab3cce1e8ea671361972.jpg,2,PET Plastic,2,PET Plastic,0.9999929666519165,6.0400179791031405e-06,1.232145763196968e-07,0.9999929666519165,4.7635856503802643e-07,4.301632827719004e-07
/Users/aswanathjs/Downloads/test9/ai_plastic_waste_management_training/LDPE Plastic/black_white__plastic_bags/0014_jpg.rf.c7306ceeb5d51273acc72690edb28340.jpg,1,LDPE Plastic,1,LDPE Plastic,0.9999607801437378,3.8766615944041405e-06,0.9999607801437378,1.1118028851342387e-05,2.151708395103924e-05,2.6212599095742917e-06
"/Users/aswanathjs/Downloads/test9/ai_plastic_waste_management_training/PET Plastic/plastic_bottles/PET1,762.jpg",2,PET Plastic,2,PET Plastic,1.0,2.2584954351145825e-08,4.011376564250213e-09,1.0,3.0119231553271675e-08,1.0398385485999029e-09
/Users/aswanathjs/Downloads/test9/ai_plastic_waste_management_training/PP Plastic/round_containers/IMG_20220209_172758.jpg,3,PP Plastic,3,PP Plastic,0.9997777342796326,0.00014490973262581974,7.905222446424887e-06,6.44465399091132e-05,0.9997777342796326,5.025526661484037e-06
/Users/aswanathjs/Downloads/test9/ai_plastic_waste_management_training/PP Plastic/round_containers/Image_189.png,3,PP Plastic,3,PP Plastic,0.6717944145202637,0.038405198603868484,0.16499200463294983,0.009509233757853508,0.6717944145202637,0.11529917269945145
/Users/aswanathjs/Downloads/test9/ai_plastic_waste_management_training/PS Plastic/foam_containers/Image_189.png,3,PP Plastic,3,PP Plastic,0.9226862788200378,0.0033864800352603197,0.03690360113978386,0.00326608307659626,0.9226862788200378,0.033757533878088
/Users/aswanathjs/Downloads/test9/ai_plastic_waste_management_training/HDPE Plastic/milk_bottles/HDPEM17.jpg,0,HDPE Plastic,0,HDPE Plastic,1.0,1.0,5.538799641158221e-09,1.610872146784459e-08,5.279217774045719e-08,7.756251640955725e-09
/Users/aswanathjs/Downloads/test9/ai_plastic_waste_management_training/PET Plastic/shampoo_bottles/0080_a05b00c1d0e0f1g0h3.jpg,2,PET Plastic,2,PET Plastic,0.9999943971633911,2.6560496735328343e-06,1.5360780025730492e-06,0.9999943971633911,1.0012194024966448e-06,4.230717820519203e-07
/Users/aswanathjs/Downloads/test9/ai_plastic_waste_management_training/LDPE Plastic/black_white__plastic_bags/0141_jpg.rf.f690365a5a275f413817183933fca0a9.jpg,1,LDPE Plastic,1,LDPE Plastic,0.9996654987335205,1.3878454410587437e-05,0.9996654987335205,5.908921593800187e-06,0.00025072117568925023,6.394495721906424e-05
/Users/aswanathjs/Downloads/test9/ai_plastic_waste_management_training/PET Plastic/black_white_plastic_bottles/bxotr_jpg.rf.1fd0e034f86b02d3a9239c3706ba00ea.jpg,2,PET Plastic,2,PET Plastic,0.9999990463256836,4.0815629631651973e-07,1.4888041732774582e-07,0.9999990463256836,3.0146489393700904e-07,1.2850772890260487e-08
/Users/aswanathjs/Downloads/test9/ai_plastic_waste_management_training/PET Plastic/shampoo_bottles/0100_a05b00c2d0e0f0g0h1.jpg,2,PET Plastic,2,PET Plastic,0.9999903440475464,5.455313385027694e-06,1.3434948868962238e-06,0.9999903440475464,2.7525350105861435e-06,1.7072787272809364e-07
/Users/aswanathjs/Downloads/test9/ai_plastic_waste_management_training/PET Plastic/plastic_bottles/PET840.jpg,2,PET Plastic,2,PET Plastic,0.9999926090240479,1.6520406234121765e-06,1.506704052189889e-06,0.9999926090240479,2.3511468043579953e-06,1.9239193989051273e-06
/Users/aswanathjs/Downloads/test9/ai_plastic_waste_management_training/LDPE Plastic/plastic_bags/train_LDPE-46_jpg.rf.2815d064de80b23c8d9e6dd61ec3dff0.jpg,1,LDPE Plastic,1,LDPE Plastic,0.999954342842102,2.459373172314372e-05,0.999954342842102,6.551748356287135e-06,9.2415175458882e-06,5.2158879952912685e-06
"/Users/aswanathjs/Downloads/test9/ai_plastic_waste_management_training/PET Plastic/plastic_bottles/PET1,748.jpg",2,PET Plastic,2,PET Plastic,0.9999997615814209,2.0614685070086125e-08,3.121056479926665e-08,0.9999997615814209,1.7207541702646267e-07,4.433967859540644e-09
/Users/aswanathjs/Downloads/test9/ai_plastic_waste_management_training/PET Plastic/plastic_bottles/PET806.jpg,2,PET Plastic,2,PET Plastic,0.999648928642273,4.415035800775513e-05,0.0002170250954804942,0.999648928642273,6.370548362610862e-05,2.61386940110242e-05
/Users/aswanathjs/Downloads/test9/ai_plastic_waste_management_training/LDPE Plastic/plastic_bags/P_W (1407).jpg,1,LDPE Plastic,1,LDPE Plastic,0.9989811778068542,0.00043626120896078646,0.9989811778068542,0.0002716843446251005,0.00022412920952774584,8.670098031871021e-05
/Users/aswanathjs/Downloads/test9/ai_plastic_waste_management_training/PS Plastic/foam_sheets/PS-592_jpg.rf.1f1c77c122f5f174fd8dddb4154b727a.jpg,4,PS Plastic,4,PS Plastic,0.9999995231628418,1.8384461952791753e-07,1.969346214991674e-07,4.2587416260175814e-08,2.863113124362826e-08,0.9999995231628418
/Users/aswanathjs/Downloads/test9/ai_plastic_waste_management_training/PET Plastic/black_white_plastic_bottles/akuxw_jpg.rf.4b20810fe047b3e2d19f90e824e915ef.jpg,2,PET Plastic,2,PET Plastic,0.9999812841415405,7.200065965662361e-07,1.5713039829279296e-05,0.9999812841415405,8.529049182470771e-07,1.3951649862065096e-06
/Users/aswanathjs/Downloads/test9/ai_plastic_waste_management_training/LDPE Plastic/plastic_bags/LDPE-299_jpg.rf.cfc6a5c96a7cba8381ad71939900b173.jpg,1,LDPE Plastic,1,LDPE Plastic,0.9988850951194763,7.313083642657148e-06,0.9988850951194763,0.0009101045434363186,0.00017696971190162003,2.0588753613992594e-05
/Users/aswanathjs/Downloads/test9/ai_plastic_waste_management_training/PET Plastic/black_white_plastic_bottles/dcztl_jpg.rf.fb178873eb2cc650ea45a2570c2f83ba.jpg,2,PET Plastic,2,PET Plastic,0.999996542930603,3.367323188285809e-06,2.0080854312709562e-08,0.999996542930603,1.0478356671228539e-07,2.608010518656556e-08
"/Users/aswanathjs/Downloads/test9/ai_plastic_waste_management_training/PET Plastic/plastic_bottles/PET1,315.jpg",2,PET Plastic,2,PET Plastic,0.9998401403427124,5.906587830395438e-05,1.725494621496182e-05,0.9998401403427124,8.065391011768952e-05,2.9621621706610313e-06
/Users/aswanathjs/Downloads/test9/ai_plastic_waste_management_training/PET Plastic/black_white_plastic_bottles/azont_jpg.rf.721f11a64d1b6da1113d9b06217d04fa.jpg,2,PET Plastic,2,PET Plastic,0.9999980926513672,3.670750174933346e-07,3.070245782055281e-07,0.9999980926513672,1.1027947266484261e-06,1.1436316071922192e-07
/Users/aswanathjs/Downloads/test9/ai_plastic_waste_management_training/LDPE Plastic/bin_bags/Image_217.png,1,LDPE Plastic,1,LDPE Plastic,0.9995071887969971,0.00018635106971487403,0.9995071887969971,0.0001521035737823695,0.00013541422958951443,1.8997947336174548e-05
/Users/aswanathjs/Downloads/test9/ai_plastic_waste_management_training/PP Plastic/square_containers/Image_217.png,1,LDPE Plastic,3,PP Plastic,0.552391767501831,0.0071901725605130196,0.4356463849544525,0.0008106234599836171,0.552391767501831,0.003960949368774891
/Users/aswanathjs/Downloads/test9/ai_plastic_waste_management_training/PS Plastic/foam_containers/Image_217.png,1,LDPE Plastic,1,LDPE Plastic,0.6789901256561279,0.07793407887220383,0.6789901256561279,0.0036017890088260174,0.17475423216819763,0.06471969932317734
/Users/aswanathjs/Downloads/test9/ai_plastic_waste_management_training/PET Plastic/shampoo_bottles/0100_a05b00c1d3e0f0g0h2.jpg,2,PET Plastic,2,PET Plastic,0.9999935626983643,1.4816473026257881e-07,1.6112122693812125e-06,0.9999935626983643,4.757838723890018e-06,1.6624653653707355e-08
/Users/aswanathjs/Downloads/test9/ai_plastic_waste_management_training/HDPE Plastic/shampoo_bottles/0061_a02b01c1d1e0f1g0h4(1).jpg,0,HDPE Plastic,0,HDPE Plastic,1.0,1.0,2.736030938485859e-14,1.3874148357961857e-11,3.8035364788302495e-12,1.0797754834354634e-12
/Users/aswanathjs/Downloads/test9/ai_plastic_waste_management_training/PET Plastic/black_white_plastic_bottles/bwdfj_jpg.rf.ad52ccaf38e06d6d80c40c7bdb1e49f7.jpg,2,PET Plastic,2,PET Plastic,0.999998927116394,4.085499938355497e-07,3.797764520641067e-07,0.999998927116394,1.534072708864187e-07,2.2582098324619437e-07
/Users/aswanathjs/Downloads/test9/ai_plastic_waste_management_training/HDPE Plastic/milk_bottles/HDPEM429.jpg,0,HDPE Plastic,0,HDPE Plastic,0.9999986886978149,0.9999986886978149,1.1410404843203992e-09,2.2393069798454235e-07,1.1210884167667245e-06,2.155615241861142e-08
/Users/aswanathjs/Downloads/test9/ai_plastic_waste_management_training/HDPE Plastic/detergent_bottles/0039_a02b01c1d3e0f1g0h1.jpg,0,HDPE Plastic,0,HDPE Plastic,0.9999840259552002,0.9999840259552002,2.789092263810744e-07,9.951333595381584e-06,5.723247340938542e-06,7.944940705328918e-08
/Users/aswanathjs/Downloads/test9/ai_plastic_waste_management_training/PET Plastic/plastic_bottles/PET493.jpg,2,PET Plastic,2,PET Plastic,0.9992961883544922,2.403888174740132e-05,3.913162800017744e-06,0.9992961883544922,0.000669652596116066,6.260914233280346e-06
/Users/aswanathjs/Downloads/test9/ai_plastic_waste_management_training/PP Plastic/round_containers/0044_a06b01c2d0e0f0g0h1.jpg,3,PP Plastic,3,PP Plastic,0.9999568462371826,1.0623616617522202e-05,1.825963772716932e-05,7.236507826746674e-06,0.9999568462371826,7.0899122874834575e-06
/Users/aswanathjs/Downloads/test9/ai_plastic_waste_management_training/PP Plastic/round_containers_grey/0044_a06b01c2d0e0f0g0h1.jpg,3,PP Plastic,3,PP Plastic,0.9858953356742859,0.0006442226003855467,0.012591459788382053,0.00042522751027718186,0.9858953356742859,0.0004437491006683558
/Users/aswanathjs/Downloads/test9/ai_plastic_waste_management_training/LDPE Plastic/bubble_wrap/test_LDPE-96_jpg.rf.053c5b5b042253864496be02389f8056.jpg,1,LDPE Plastic,1,LDPE Plastic,0.9999834299087524,8.110971521091415e-07,0.9999834299087524,8.769378837314434e-06,2.1671316972060595e-06,4.823335075343493e-06
/Users/aswanathjs/Downloads/test9/ai_plastic_waste_management_training/LDPE Plastic/black_white__plastic_bags/0073_jpg.rf.4b9e397f6e67f9c8ed31d7a998c2af00.jpg,1,LDPE Plastic,1,LDPE Plastic,0.9999959468841553,3.122151781553839e-08,0.9999959468841553,3.0534597499354277e-06,2.2095848351000313e-07,7.038498779365909e-07
/Users/aswanathjs/Downloads/test9/ai_plastic_waste_management_training/HDPE Plastic/shampoo_bottles/0075_a02b01c1d3e0f0g0h2.jpg,0,HDPE Plastic,0,HDPE Plastic,1.0,1.0,4.2053180382417565e-11,2.4630002926073757e-08,6.6773222506810725e-09,8.349952951292039e-10
/Users/aswanathjs/Downloads/test9/ai_plastic_waste_management_training/PET Plastic/black_white_plastic_bottles/bfdtg_jpg.rf.e6500619f3e90d29b6e7c0b948202de0.jpg,2,PET Plastic,2,PET Plastic,0.9994159936904907,2.158740016966476e-06,0.000527976721059531,0.9994159936904907,4.428473403095268e-05,9.595896699465811e-06
/Users/aswanathjs/Downloads/test9/ai_plastic_waste_management_training/LDPE Plastic/plastic_bags/LDPE-27_jpg.rf.28336321904e43e3ed3ff61b35db2fef.jpg,1,LDPE Plastic,1,LDPE Plastic,0.9997045397758484,2.5226754587492906e-05,0.9997045397758484,4.514696047408506e-05,0.0001486831606598571,7.637242379132658e-05
/Users/aswanathjs/Downloads/test9/ai_plastic_waste_management_training/LDPE Plastic/plastic_bags/LDPE-27_jpg.rf.c46681a49fbcbe585b23a8483ecde7ca.jpg,1,LDPE Plastic,1,LDPE Plastic,0.9998290538787842,2.168988430639729e-06,0.9998290538787842,3.142956757073989e-06,0.00015665651881136,9.009510904434137e-06
/Users/aswanathjs/Downloads/test9/ai_plastic_waste_management_training/PET Plastic/black_white_plastic_bottles/bgqru_jpg.rf.6bfe21929cafc4abea4121bbe372e944.jpg,2,PET Plastic,2,PET Plastic,0.9999957084655762,2.4912219487305265e-06,1.33296609305944e-07,0.9999957084655762,1.3976488162370515e-06,2.3055564213336766e-07
/Users/aswanathjs/Downloads/test9/ai_plastic_waste_management_training/HDPE Plastic/shampoo_bottles/0021_a02b01c2d3e1f0g0h3.jpg,0,HDPE Plastic,0,HDPE Plastic,0.9999939203262329,0.9999939203262329,1.7185620038162597e-08,4.647651621780824e-06,1.1881867294505355e-06,2.5996064323408064e-07
/Users/aswanathjs/Downloads/test9/ai_plastic_waste_management_training/PET Plastic/black_white_plastic_bottles/czrms_jpg.rf.2894c21dc33491389d8ba9ab9d312a47.jpg,2,PET Plastic,2,PET Plastic,0.9999994039535522,4.2278549017282785e-07,9.73681046900765e-09,0.9999994039535522,7.098419985140936e-08,4.409443477015884e-08
/Users/aswanathjs/Downloads/test9/ai_plastic_waste_management_training/HDPE Plastic/shampoo_bottles/0063_a02b01c2d3e0f1g1h0.jpg,0,HDPE Plastic,0,HDPE Plastic,0.9998074173927307,0.9998074173927307,8.61533044371754e-06,1.610115941730328e-05,0.0001574446796439588,1.05188628367614e-05
"/Users/aswanathjs/Downloads/test9/ai_plastic_waste_management_training/PET Plastic/plastic_bottles/PET1,312.jpg",2,PET Plastic,2,PET Plastic,0.9999208450317383,6.372743519023061e-05,7.252905106724938e-06,0.9999208450317383,7.790697964082938e-06,3.44794983675456e-07
/Users/aswanathjs/Downloads/test9/ai_plastic_waste_management_training/LDPE Plastic/bin_bags/Image_115.png,1,LDPE Plastic,1,LDPE Plastic,0.968086838722229,0.020496848970651627,0.968086838722229,0.00744535680860281,0.002911881310865283,0.0010590152814984322
/Users/aswanathjs/Downloads/test9/ai_plastic_waste_management_training/PS Plastic/form_containers_grey/Image_115.png,1,LDPE Plastic,1,LDPE Plastic,0.6814672350883484,0.08983851969242096,0.6814672350883484,0.009781107306480408,0.15402501821517944,0.0648881196975708
/Users/aswanathjs/Downloads/test9/ai_plastic_waste_management_training/PS Plastic/foam_containers/Image_115.png,1,LDPE Plastic,1,LDPE Plastic,0.6814672350883484,0.08983851969242096,0.6814672350883484,0.009781107306480408,0.15402501821517944,0.0648881196975708
/Users/aswanathjs/Downloads/test9/ai_plastic_waste_management_training/PET Plastic/plastic_bottles/PET423.jpg,2,PET Plastic,2,PET Plastic,0.9997416138648987,5.556661926675588e-05,0.00011733840074157342,0.9997416138648987,4.846519004786387e-05,3.705246854224242e-05
"/Users/aswanathjs/Downloads/test9/ai_plastic_waste_management_training/PET Plastic/plastic_bottles/PET1,340.jpg",2,PET Plastic,2,PET Plastic,0.9993601441383362,0.0002390189765719697,1.4023469702806324e-05,0.9993601441383362,0.0003810666094068438,5.839421646669507e-06
/Users/aswanathjs/Downloads/test9/ai_plastic_waste_management_training/PP Plastic/rectangle_containers/0011_a05b00c1d0e0f0g0h4.jpg,3,PP Plastic,3,PP Plastic,0.9988767504692078,3.2326537620974705e-05,7.537104102084413e-05,0.0009870693320408463,0.9988767504692078,2.841966852429323e-05
/Users/aswanathjs/Downloads/test9/ai_plastic_waste_management_training/PP Plastic/square_containers/0011_a05b00c1d0e0f0g0h4.jpg,3,PP Plastic,3,PP Plastic,0.9988767504692078,3.2326537620974705e-05,7.537104102084413e-05,0.0009870693320408463,0.9988767504692078,2.841966852429323e-05
/Users/aswanathjs/Downloads/test9/ai_plastic_waste_management_training/HDPE Plastic/shampoo_bottles/0023_a02b01c1d0e0f1g0h2.jpg,0,HDPE Plastic,0,HDPE Plastic,0.9999665021896362,0.9999665021896362,3.9644891813850336e-08,3.264409315306693e-05,2.2980322000876185e-07,6.328427843982354e-07
/Users/aswanathjs/Downloads/test9/ai_plastic_waste_management_training/PET Plastic/black_white_plastic_bottles/cvwxm_jpg.rf.2364ac7238b0527fda488d562d238e85.jpg,2,PET Plastic,2,PET Plastic,1.0,4.455793245483619e-08,4.459474567397592e-08,1.0,1.625876322464137e-09,4.398532205129868e-09
/Users/aswanathjs/Downloads/test9/ai_plastic_waste_management_training/HDPE Plastic/milk_bottles/HDPEM73.jpg,0,HDPE Plastic,0,HDPE Plastic,1.0,1.0,1.3088698690415929e-13,3.863604922105246e-11,2.9175703519790375e-11,1.0363995902804013e-12
"/Users/aswanathjs/Downloads/test9/ai_plastic_waste_management_training/PET Plastic/plastic_bottles/PET1,582.jpg",2,PET Plastic,2,PET Plastic,0.9999924898147583,5.4657193686580285e-06,2.118075030921318e-07,0.9999924898147583,1.812885898289096e-06,3.424714023481101e-08
/Users/aswanathjs/Downloads/test9/ai_plastic_waste_management_training/PET Plastic/plastic_bottles/PET933.jpg,2,PET Plastic,2,PET Plastic,0.99969482421875,0.00014278263552114367,5.3263476729625836e-05,0.99969482421875,5.947747195023112e-05,4.965374318999238e-05
/Users/aswanathjs/Downloads/test9/ai_plastic_waste_management_training/PP Plastic/round_containers/0031_a05b01c1d1e0f0g0h0.jpg,3,PP Plastic,3,PP Plastic,0.9999972581863403,1.719222041174362e-06,6.870938591418962e-07,1.3717156832626642e-07,0.9999972581863403,2.117357951192389e-07
/Users/aswanathjs/Downloads/test9/ai_plastic_waste_management_training/LDPE Plastic/plastic_bags/LDPE-63_jpg.rf.22b1f38ddde0601dd3318eb38f7cc4ec.jpg,1,LDPE Plastic,1,LDPE Plastic,0.9984476566314697,6.562563066836447e-05,0.9984476566314697,0.0007684913580305874,0.00018209342670161277,0.0005361408111639321
/Users/aswanathjs/Downloads/test9/ai_plastic_waste_management_training/LDPE Plastic/plastic_bags/LDPE-63_jpg.rf.9683ca46b06cc8e6d5ed9f9e8cfb50a9.jpg,1,LDPE Plastic,1,LDPE Plastic,0.9999455213546753,8.699688578417408e-07,0.9999455213546753,4.1371764382347465e-05,6.177795967232669e-06,6.05099057793268e-06
/Users/aswanathjs/Downloads/test9/ai_plastic_waste_management_training/HDPE Plastic/milk_bottles/HDPEM18.jpg,0,HDPE Plastic,0,HDPE Plastic,0.9999997615814209,0.9999997615814209,2.997524450876199e-09,1.2864093434927781e-07,1.0526084537332281e-07,1.1427928603424675e-09
/Users/aswanathjs/Downloads/test9/ai_plastic_waste_management_training/HDPE Plastic/milk_bottles_grey/HDPEM18.jpg,0,HDPE Plastic,0,HDPE Plastic,1.0,1.0,1.886135692075186e-09,2.4640902651640317e-08,2.6032818123411516e-09,4.0448572269369265e-10
/Users/aswanathjs/Downloads/test9/ai_plastic_waste_management_training/HDPE Plastic/shampoo_bottles/0076_a02b06c2d1e0f1g0h1.jpg,0,HDPE Plastic,0,HDPE Plastic,0.9999997615814209,0.9999997615814209,5.866357954964485e-10,1.822140092144764e-07,3.5855352020774944e-09,1.0519271009812314e-09
/Users/aswanathjs/Downloads/test9/ai_plastic_waste_management_training/HDPE Plastic/milk_bottles/HDPEM122.jpg,0,HDPE Plastic,0,HDPE Plastic,0.9999983310699463,0.9999983310699463,4.0393319800102745e-09,2.0905976327867393e-07,1.4517147519654827e-06,1.7171771560242632e-08
/Users/aswanathjs/Downloads/test9/ai_plastic_waste_management_training/HDPE Plastic/detergent_bottles/0096_a02b04c2d1e0f0g0h2.jpg,0,HDPE Plastic,0,HDPE Plastic,1.0,1.0,1.997049661056627e-12,2.1311687137259838e-10,2.424881961893277e-10,1.15592327376568e-11
/Users/aswanathjs/Downloads/test9/ai_plastic_waste_management_training/PET Plastic/plastic_bottles/PET788.jpg,2,PET Plastic,2,PET Plastic,0.9999964237213135,7.298573336811387e-07,1.5352112541222596e-06,0.9999964237213135,1.1454421837697737e-06,2.0600987227226142e-07
/Users/aswanathjs/Downloads/test9/ai_plastic_waste_management_training/HDPE Plastic/shampoo_bottles/matrix.jpg,0,HDPE Plastic,0,HDPE Plastic,0.9991981387138367,0.9991981387138367,2.8957217068636965e-07,2.087406528517022e-06,0.0007979565416462719,1.4606659988203319e-06
/Users/aswanathjs/Downloads/test9/ai_plastic_waste_management_training/PS Plastic/foam_containers/Image_90.png,4,PS Plastic,4,PS Plastic,0.417797327041626,0.048477742820978165,0.16957269608974457,0.008519195951521397,0.35563310980796814,0.417797327041626
/Users/aswanathjs/Downloads/test9/ai_plastic_waste_management_training/HDPE Plastic/shampoo_bottiles_grey/0075_a02b01c1d2e0f0g0h3.jpg,0,HDPE Plastic,0,HDPE Plastic,0.9997190833091736,0.9997190833091736,4.351201278041117e-05,1.2674388926825486e-05,0.0002227093791589141,2.052567424470908e-06
/Users/aswanathjs/Downloads/test9/ai_plastic_waste_management_training/HDPE Plastic/shampoo_bottles/0075_a02b01c1d2e0f0g0h3.jpg,0,HDPE Plastic,0,HDPE Plastic,0.9999593496322632,0.9999593496322632,1.2010992804789566e-06,1.0559200745774433e-05,2.789093014143873e-05,9.893078640743624e-07
/Users/aswanathjs/Downloads/test9/ai_plastic_waste_management_training/PET Plastic/black_white_plastic_bottles/akcfy_jpg.rf.4e476acc2e904ad6d0fc0e5fe417eb76.jpg,2,PET Plastic,2,PET Plastic,0.999923586845398,6.448261729019578e-07,2.7701671569957398e-05,0.999923586845398,4.4338761654216796e-05,3.785284434343339e-06
/Users/aswanathjs/Downloads/test9/ai_plastic_waste_management_training/PP Plastic/round_containers/IMG_20220209_174659.jpg,3,PP Plastic,3,PP Plastic,0.9987585544586182,0.0001726168702589348,2.374169162067119e-05,0.0010391551768407226,0.9987585544586182,6.008418495184742e-06
/Users/aswanathjs/Downloads/test9/ai_plastic_waste_management_training/PET Plastic/plastic_bottles/PET974.jpg,2,PET Plastic,2,PET Plastic,0.9999818801879883,5.9238559515506495e-06,2.3068771781709074e-07,0.9999818801879883,2.3634320314158686e-06,9.517602848063689e-06
/Users/aswanathjs/Downloads/test9/ai_plastic_waste_management_training/HDPE Plastic/milk_bottles/HDPEM231.jpg,0,HDPE Plastic,0,HDPE Plastic,0.9999972581863403,0.9999972581863403,8.312146526634479e-09,1.3384642443270423e-06,1.4788570297241677e-06,4.597591285460112e-08
/Users/aswanathjs/Downloads/test9/ai_plastic_waste_management_training/HDPE Plastic/shampoo_bottles/0063_a02b01c2d1e0f1g1h0.jpg,0,HDPE Plastic,0,HDPE Plastic,0.9999992847442627,0.9999992847442627,7.65680852055084e-09,6.493430078080564e-07,1.1369353813961425e-07,1.223010936968194e-08
/Users/aswanathjs/Downloads/test9/ai_plastic_waste_management_training/PET Plastic/plastic_bottles/PET807.jpg,2,PET Plastic,2,PET Plastic,0.9996709823608398,6.054287041479256e-06,0.00031159273930825293,0.9996709823608398,6.511371339001926e-06,4.936800451105228e-06
/Users/aswanathjs/Downloads/test9/ai_plastic_waste_management_training/PP Plastic/square_containers/Image_172.png,3,PP Plastic,3,PP Plastic,0.9998891353607178,1.541134770377539e-05,9.329967724625021e-05,3.5728069747165137e-07,0.9998891353607178,1.7135170082838158e-06
/Users/aswanathjs/Downloads/test9/ai_plastic_waste_management_training/PS Plastic/foam_containers/Image_172.png,3,PP Plastic,3,PP Plastic,0.4709530472755432,0.06948378682136536,0.08896942436695099,0.006983191706240177,0.4709530472755432,0.36361053586006165
/Users/aswanathjs/Downloads/test9/ai_plastic_waste_management_training/PS Plastic/foam_containers/0058_a06b01c2d0e0f0g0h0.jpg,4,PS Plastic,4,PS Plastic,0.9998998641967773,3.5282653698232025e-05,1.4851973446639022e-06,1.0368451512476895e-05,5.3044746891828254e-05,0.9998998641967773
/Users/aswanathjs/Downloads/test9/ai_plastic_waste_management_training/LDPE Plastic/black_white__plastic_bags/0276_jpg.rf.8a6da9d93df2243169d608f84712eab1.jpg,1,LDPE Plastic,1,LDPE Plastic,0.9999979734420776,9.428686098544858e-08,0.9999979734420776,1.3858306147085386e-07,6.529614893224789e-08,1.646787836762087e-06
/Users/aswanathjs/Downloads/test9/ai_plastic_waste_management_training/HDPE Plastic/shampoo_bottles/0099_a02b01c2d0e0f1g0h4.jpg,0,HDPE Plastic,0,HDPE Plastic,0.9999935626983643,0.9999935626983643,1.6301456184919516e-08,3.2926079711614875e-06,2.9585255560959922e-06,1.0722925480877166e-07
/Users/aswanathjs/Downloads/test9/ai_plastic_waste_management_training/PET Plastic/black_white_plastic_bottles/aeixj_jpg.rf.a75d4de444d4c17d2f83a461914dc7be.jpg,2,PET Plastic,2,PET Plastic,0.999982476234436,1.9329777387611102e-06,8.112089744827244e-06,0.999982476234436,5.0651919991651084e-06,2.300115966136218e-06
/Users/aswanathjs/Downloads/test9/ai_plastic_waste_management_training/PET Plastic/shampoo_bottles/0015_a05b00c1d0e1f1g0h2.jpg,2,PET Plastic,2,PET Plastic,0.9977705478668213,0.0019101521465927362,1.3435964319796767e-05,0.9977705478668213,0.0001835908624343574,0.00012240033538546413
/Users/aswanathjs/Downloads/test9/ai_plastic_waste_management_training/PS Plastic/foam_sheets/PS-615_jpg.rf.e3578d58b90a1f458acd1e766e76ce50.jpg,4,PS Plastic,4,PS Plastic,0.9999994039535522,4.1293063191005785e-07,2.64809415284617e-07,4.4154191414236266e-08,2.198392579089159e-08,0.9999994039535522
/Users/aswanathjs/Downloads/test9/ai_plastic_waste_management_training/PP Plastic/round_containers/IMG_20220209_174755.jpg,3,PP Plastic,3,PP Plastic,0.9999617338180542,1.97207773453556e-05,8.54479458212154e-06,3.7002052977186395e-06,0.9999617338180542,6.286264579102863e-06
/Users/aswanathjs/Downloads/test9/ai_plastic_waste_management_training/LDPE Plastic/bin_bags/Image_32.png,1,LDPE Plastic,1,LDPE Plastic,0.9993670582771301,0.0001427001552656293,0.9993670582771301,0.00018005252059083432,0.0002809226862154901,2.930423761426937e-05
/Users/aswanathjs/Downloads/test9/ai_plastic_waste_management_training/LDPE Plastic/bin_bags_grey/Image_32.png,1,LDPE Plastic,1,LDPE Plastic,0.9989107847213745,0.00015536457067355514,0.9989107847213745,0.0007087316480465233,0.00017448894504923373,5.061590491095558e-05
/Users/aswanathjs/Downloads/test9/ai_plastic_waste_management_training/PP Plastic/square_containers/Image_32.png,1,LDPE Plastic,3,PP Plastic,0.5101934671401978,0.30630922317504883,0.14226371049880981,0.004155674949288368,0.5101934671401978,0.037077922374010086
/Users/aswanathjs/Downloads/test9/ai_plastic_waste_management_training/PS Plastic/foam_containers/Image_32.png,1,LDPE Plastic,1,LDPE Plastic,0.6282302737236023,0.019925469532608986,0.6282302737236023,0.004145716316998005,0.24920330941677094,0.09849520772695541
/Users/aswanathjs/Downloads/test9/ai_plastic_waste_management_training/PET Plastic/shampoo_bottles/0015_a05b00c2d2e1f1g0h1.jpg,2,PET Plastic,2,PET Plastic,0.9949939846992493,0.001499562175013125,0.00030912389047443867,0.9949939846992493,0.0029986926820129156,0.00019860791508108377
/Users/aswanathjs/Downloads/test9/ai_plastic_waste_management_training/HDPE Plastic/shampoo_bottles/0099_a02b01c2d3e0f1g0h2.jpg,0,HDPE Plastic,0,HDPE Plastic,0.9999934434890747,0.9999934434890747,2.5164050398984728e-08,3.4709305509750266e-06,2.993436510223546e-06,6.316704315167954e-08
/Users/aswanathjs/Downloads/test9/ai_plastic_waste_management_training/HDPE Plastic/shampoo_bottles/0061_a02b01c1d3e0f1g0h4.jpg,0,HDPE Plastic,0,HDPE Plastic,0.9999966621398926,0.9999966621398926,5.6566484829545516e-09,6.753207912879589e-07,2.516751692382968e-06,1.311749855403832e-07
/Users/aswanathjs/Downloads/test9/ai_plastic_waste_management_training/PP Plastic/irregular_containers/train_PP-72_jpg.rf.3714458bfe6778d89359dbecfe8a3bf1.jpg,3,PP Plastic,3,PP Plastic,0.9987860321998596,2.610521050883108e-06,0.0011133860098198056,1.909075945150107e-05,0.9987860321998596,7.886396633693948e-05
/Users/aswanathjs/Downloads/test9/ai_plastic_waste_management_training/HDPE Plastic/milk_bottles/HDPEM239.jpg,0,HDPE Plastic,0,HDPE Plastic,0.9999890327453613,0.9999890327453613,3.725790875819257e-08,2.7781757125922013e-06,7.962655217852443e-06,2.0002426026621833e-07
/Users/aswanathjs/Downloads/test9/ai_plastic_waste_management_training/PP Plastic/round_containers/0022_a05b00c1d3e0f0g0h2.jpg,3,PP Plastic,3,PP Plastic,0.9999172687530518,6.441690402425593e-06,4.7173180064419284e-05,1.743624306982383e-05,0.9999172687530518,1.159797375294147e-05
/Users/aswanathjs/Downloads/test9/ai_plastic_waste_management_training/PP Plastic/round_containers/0035_a06b01c2d1e0f0g0h2.jpg,3,PP Plastic,3,PP Plastic,0.9999761581420898,7.371184437943157e-06,3.959626610594569e-06,1.0410870345367584e-05,0.9999761581420898,2.1721355096815387e-06
/Users/aswanathjs/Downloads/test9/ai_plastic_waste_management_training/PS Plastic/foam_sheets/PS-528_jpg.rf.de642fd2470d8fe2a8c118e38d59977d.jpg,4,PS Plastic,4,PS Plastic,1.0,1.4076564802678604e-08,4.043694268318632e-09,1.0104889147655172e-09,3.040120100106236e-10,1.0
/Users/aswanathjs/Downloads/test9/ai_plastic_waste_management_training/HDPE Plastic/shampoo_bottles/0099_a02b01c2d0e0f1g0h3.jpg,0,HDPE Plastic,0,HDPE Plastic,0.9928431510925293,0.9928431510925293,5.190906904317671e-07,0.007147273048758507,7.167288913478842e-06,1.8774463796944474e-06
"/Users/aswanathjs/Downloads/test9/ai_plastic_waste_management_training/PET Plastic/plastic_bottles/PET1,269.jpg",2,PET Plastic,2,PET Plastic,0.9997534155845642,0.0001067324701580219,2.9363860448938794e-05,0.9997534155845642,1.666131356614642e-05,9.380667324876413e-05
/Users/aswanathjs/Downloads/test9/ai_plastic_waste_management_training/PS Plastic/foam_sheets/PS-686_jpg.rf.1db7784a61fe79c9d534317a5f958f40.jpg,4,PS Plastic,4,PS Plastic,0.9999991655349731,4.253445808899414e-07,3.081387092151999e-07,2.3432221496477723e-08,1.1573867197967047e-08,0.9999991655349731
/Users/aswanathjs/Downloads/test9/ai_plastic_waste_management_training/PP Plastic/irregular_containers/train_PP-50_jpg.rf.028ddc0872ec659b861d9e98d343d312.jpg,3,PP Plastic,3,PP Plastic,0.9999834299087524,3.760770539429359e-07,1.5401868949993514e-05,6.022999627930403e-07,0.9999834299087524,1.9200463441393367e-07
/Users/aswanathjs/Downloads/test9/ai_plastic_waste_management_training/PP Plastic/irregular_containers_grey/train_PP-50_jpg.rf.028ddc0872ec659b861d9e98d343d312.jpg,3,PP Plastic,3,PP Plastic,0.9999929666519165,2.1126169258423033e-07,6.065097295504529e-06,6.462197461587493e-07,0.9999929666519165,7.84198803671643e-08
/Users/aswanathjs/Downloads/test9/ai_plastic_waste_management_training/HDPE Plastic/milk_bottles/HDPEM125.jpg,0,HDPE Plastic,0,HDPE Plastic,0.9999880790710449,0.9999880790710449,2.8261753826086533e-08,2.958726554425084e-06,8.845062438922469e-06,1.1903647845201704e-07
/Users/aswanathjs/Downloads/test9/ai_plastic_waste_management_training/LDPE Plastic/plastic_bags/plasticbag (94).jpg,1,LDPE Plastic,1,LDPE Plastic,0.999954104423523,6.213557526280056e-07,0.999954104423523,2.7974974727840163e-06,1.623233220016118e-05,2.6303714548703283e-05
/Users/aswanathjs/Downloads/test9/ai_plastic_waste_management_training/HDPE Plastic/detergent_bottles/0098_a02b03c2d2e0f0g0h1.jpg,0,HDPE Plastic,0,HDPE Plastic,1.0,1.0,1.597817322895878e-09,1.217253631224935e-09,4.820113019832206e-08,3.0177335630376945e-10
/Users/aswanathjs/Downloads/test9/ai_plastic_waste_management_training/PS Plastic/foam_containers/Image_54.png,4,PS Plastic,4,PS Plastic,0.5174633860588074,0.029504263773560524,0.18954485654830933,0.0020175219979137182,0.2614699602127075,0.5174633860588074
/Users/aswanathjs/Downloads/test9/ai_plastic_waste_management_training/LDPE Plastic/plastic_bags/plasticbag (145).jpg,1,LDPE Plastic,1,LDPE Plastic,0.997925877571106,6.330269388854504e-05,0.997925877571106,0.0005870297318324447,0.0013514076126739383,7.236975216073915e-05
/Users/aswanathjs/Downloads/test9/ai_plastic_waste_management_training/PET Plastic/shampoo_bottles/0050_a05b00c2d1e1f1g0h3.jpg,2,PET Plastic,2,PET Plastic,0.9997244477272034,0.0002670781686902046,4.173151864961255e-06,0.9997244477272034,2.5342119442939293e-06,1.8110989685737877e-06
/Users/aswanathjs/Downloads/test9/ai_plastic_waste_management_training/PET Plastic/black_white_plastic_bottles/aqdvr_jpg.rf.e8a919143120add03a21c069ae96572f.jpg,2,PET Plastic,2,PET Plastic,0.9999924898147583,4.492139566991682e-07,3.117045025646803e-06,0.9999924898147583,3.739212843356654e-06,1.1809623146064041e-07
/Users/aswanathjs/Downloads/test9/ai_plastic_waste_management_training/PET Plastic/plastic_bottles/volvic.jpg,2,PET Plastic,2,PET Plastic,0.9999994039535522,4.384401464108123e-08,4.1352609514433425e-07,0.9999994039535522,1.1795084020604918e-07,1.8298287329798768e-08
/Users/aswanathjs/Downloads/test9/ai_plastic_waste_management_training/LDPE Plastic/plastic_bags/plasticbag (153) 17.43.56.jpg,1,LDPE Plastic,1,LDPE Plastic,0.9999847412109375,5.664108826408665e-08,0.9999847412109375,1.0306657713954337e-05,3.484162789391121e-06,1.4767471157028922e-06
/Users/aswanathjs/Downloads/test9/ai_plastic_waste_management_training/LDPE Plastic/plastic_bags/LDPE-290_jpg.rf.92561c2c70a3b8bdb34fb86565d12131.jpg,1,LDPE Plastic,1,LDPE Plastic,0.9997177720069885,8.28189240564825e-06,0.9997177720069885,0.00011397007619962096,0.00013677505194209516,2.3188942577689886e-05
/Users/aswanathjs/Downloads/test9/ai_plastic_waste_management_training/HDPE Plastic/milk_bottles/HDPEM109.jpg,0,HDPE Plastic,0,HDPE Plastic,1.0,1.0,8.132862439058641e-11,3.109144586233015e-08,8.818235919250128e-09,1.1328276094957346e-09
/Users/aswanathjs/Downloads/test9/ai_plastic_waste_management_training/PP Plastic/rectangle_containers/0011_a05b00c1d1e0f0g0h1.jpg,3,PP Plastic,3,PP Plastic,0.9999934434890747,2.1950695554551203e-06,4.3546000938476936e-07,3.2201705835177563e-06,0.9999934434890747,6.51581103738863e-07
/Users/aswanathjs/Downloads/test9/ai_plastic_waste_management_training/PP Plastic/square_containers/0011_a05b00c1d1e0f0g0h1.jpg,3,PP Plastic,3,PP Plastic,0.9999934434890747,2.1950695554551203e-06,4.3546000938476936e-07,3.2201705835177563e-06,0.9999934434890747,6.51581103738863e-07
"/Users/aswanathjs/Downloads/test9/ai_plastic_waste_management_training/PET Plastic/plastic_bottles/PET1,313.jpg",2,PET Plastic,2,PET Plastic,0.9989481568336487,0.0002688468957785517,0.00031921002664603293,0.9989481568336487,0.00022978859487921,0.0002340371283935383
/Users/aswanathjs/Downloads/test9/ai_plastic_waste_management_training/PET Plastic/plastic_bottles/PET740.jpg,2,PET Plastic,2,PET Plastic,1.0,1.1131741750602941e-08,3.405543225198926e-08,1.0,1.811974570387065e-08,1.165228891153447e-08
/Users/aswanathjs/Downloads/test9/ai_plastic_waste_management_training/PET Plastic/plastic_bottles/PET496.jpg,2,PET Plastic,2,PET Plastic,0.9999713897705078,5.382053132052533e-06,3.368571242390317e-06,0.9999713897705078,1.8690394426812418e-05,1.1176014140801271e-06
/Users/aswanathjs/Downloads/test9/ai_plastic_waste_management_training/HDPE Plastic/milk_bottles/P_W (429).jpg,0,HDPE Plastic,0,HDPE Plastic,0.9999997615814209,0.9999997615814209,1.0200561229023464e-10,9.628036146125396e-10,1.8402331047884246e-10,2.1088328594487393e-07
"/Users/aswanathjs/Downloads/test9/ai_plastic_waste_management_training/PET Plastic/plastic_bottles/PET1,195.jpg",2,PET Plastic,2,PET Plastic,0.9999920129776001,6.990103429416195e-08,6.985306299611693e-06,0.9999920129776001,8.526002375219832e-07,3.934428249863231e-08
/Users/aswanathjs/Downloads/test9/ai_plastic_waste_management_training/PP Plastic/round_containers/IMG_20220209_173637.jpg,3,PP Plastic,3,PP Plastic,0.9991924166679382,3.32318595610559e-05,0.0005083424621261656,0.00022980642097536474,0.9991924166679382,3.620121788117103e-05
/Users/aswanathjs/Downloads/test9/ai_plastic_waste_management_training/HDPE Plastic/detergent_bottles/0010_a02b01c1d1e0f1g0h3.jpg,0,HDPE Plastic,0,HDPE Plastic,1.0,1.0,8.442591764579177e-11,1.4488374944221505e-08,1.5872104741632143e-09,8.63354249203141e-11
/Users/aswanathjs/Downloads/test9/ai_plastic_waste_management_training/PP Plastic/irregular_containers/train_PP-85_jpg.rf.549c4f084df1c4e31b1193a389d6df2c.jpg,3,PP Plastic,3,PP Plastic,0.9999874830245972,1.8323529360486646e-08,1.1786859431595076e-05,5.016646014155413e-07,0.9999874830245972,2.504119720470044e-07
/Users/aswanathjs/Downloads/test9/ai_plastic_waste_management_training/PP Plastic/round_containers/0032_a05b01c2d0e0f0g0h0.jpg,3,PP Plastic,3,PP Plastic,0.9999439716339111,4.445243121153908e-06,1.8311500298295869e-06,4.761058880831115e-05,0.9999439716339111,2.15040336115635e-06
/Users/aswanathjs/Downloads/test9/ai_plastic_waste_management_training/PET Plastic/shampoo_bottles/0015_a05b00c1d3e1f1g0h3.jpg,2,PET Plastic,2,PET Plastic,0.9988918900489807,0.0004723326419480145,3.0574901757063344e-05,0.9988918900489807,0.0005575832328759134,4.7628895117668435e-05
/Users/aswanathjs/Downloads/test9/ai_plastic_waste_management_training/PET Plastic/shampoo_bottles/shampoo1.jpg,2,PET Plastic,2,PET Plastic,0.9965531826019287,0.0003044091281481087,6.53306778986007e-05,0.9965531826019287,0.003041089279577136,3.597251998144202e-05
/Users/aswanathjs/Downloads/test9/ai_plastic_waste_management_training/HDPE Plastic/shampoo_bottles/0077_a02b01c2d3e0f1g0h0.jpg,0,HDPE Plastic,0,HDPE Plastic,0.9986385703086853,0.9986385703086853,5.248841148386418e-07,5.166494884178974e-05,0.0013044265797361732,4.80019753013039e-06
/Users/aswanathjs/Downloads/test9/ai_plastic_waste_management_training/PP Plastic/round_containers/0044_a06b01c1d0e0f0g0h3.jpg,3,PP Plastic,3,PP Plastic,0.9993138313293457,0.0003863791062030941,0.00013723224401474,0.00010834316344698891,0.9993138313293457,5.421290552476421e-05
/Users/aswanathjs/Downloads/test9/ai_plastic_waste_management_training/PET Plastic/black_white_plastic_bottles/dawik_jpg.rf.2cc5acf6a45d61b299f168ba8ba13df7.jpg,2,PET Plastic,2,PET Plastic,0.9999257326126099,2.8412921437848127e-06,5.190628144191578e-05,0.9999257326126099,1.443987184757134e-05,5.0054763960361015e-06
/Users/aswanathjs/Downloads/test9/ai_plastic_waste_management_training/PET Plastic/black_white_plastic_bottles/cpwid_jpg.rf.fce65cce0991765771284ae03988e09c.jpg,2,PET Plastic,2,PET Plastic,0.9999275207519531,2.048210035354714e-06,5.882548066438176e-05,0.9999275207519531,9.314646376878954e-06,2.237500893897959e-06
/Users/aswanathjs/Downloads/test9/ai_plastic_waste_management_training/LDPE Plastic/black_white__plastic_bags/0237_jpg.rf.a092401360f6a52b87f56aba9c7b36f6.jpg,1,LDPE Plastic,1,LDPE Plastic,0.9999485015869141,7.408221449622943e-07,0.9999485015869141,1.0505112868486322e-06,2.2886970327817835e-06,4.7445224481634796e-05
/Users/aswanathjs/Downloads/test9/ai_plastic_waste_management_training/PS Plastic/foam_containers/Image_140.png,4,PS Plastic,3,PP Plastic,0.4231817424297333,0.04409037157893181,0.26082292199134827,0.005414338782429695,0.4231817424297333,0.2664906680583954
/Users/aswanathjs/Downloads/test9/ai_plastic_waste_management_training/HDPE Plastic/milk_bottles/HDPEM575.JPG,0,HDPE Plastic,0,HDPE Plastic,1.0,1.0,1.23006498650019e-12,1.4313995821968462e-10,5.007876890950058e-10,1.2457931387876986e-11
/Users/aswanathjs/Downloads/test9/ai_plastic_waste_management_training/HDPE Plastic/milk_bottles/HDPEM468.jpg,0,HDPE Plastic,0,HDPE Plastic,0.9999721050262451,0.9999721050262451,2.7235387278778944e-09,2.77010058198357e-05,7.898310627751925e-08,9.608920947812294e-08
/Users/aswanathjs/Downloads/test9/ai_plastic_waste_management_training/HDPE Plastic/shampoo_bottles/0099_a02b01c1d0e0f1g0h0.jpg,0,HDPE Plastic,0,HDPE Plastic,0.9999982118606567,0.9999982118606567,4.0167802417556686e-10,1.7650902464083629e-06,1.877625610546829e-09,4.6488232707808663e-10
/Users/aswanathjs/Downloads/test9/ai_plastic_waste_management_training/LDPE Plastic/plastic_bags_grey/LDPE-339_jpg.rf.f99e0d539ba0adc5179e3926cfb8d92f.jpg,1,LDPE Plastic,1,LDPE Plastic,0.9999890327453613,9.227240411746607e-07,0.9999890327453613,1.0003835768657154e-06,3.384554474905599e-06,5.711068297387101e-06
/Users/aswanathjs/Downloads/test9/ai_plastic_waste_management_training/LDPE Plastic/plastic_bags/LDPE-339_jpg.rf.f99e0d539ba0adc5179e3926cfb8d92f.jpg,1,LDPE Plastic,1,LDPE Plastic,0.9999868869781494,8.317985020767082e-07,0.9999868869781494,1.260558633475739e-06,5.274584509606939e-06,5.722602963942336e-06
/Users/aswanathjs/Downloads/test9/ai_plastic_waste_management_training/PP Plastic/irregular_containers/valid_PP-74-_jpg.rf.e6439fa2a00fd3130fb8cdb5e9c21888.jpg,3,PP Plastic,3,PP Plastic,0.9983034133911133,3.285283310106024e-05,0.001302011194638908,0.0003392101207282394,0.9983034133911133,2.2448897652793676e-05
/Users/aswanathjs/Downloads/test9/ai_plastic_waste_management_training/PP Plastic/irregular_containers_grey/valid_PP-74-_jpg.rf.e6439fa2a00fd3130fb8cdb5e9c21888.jpg,3,PP Plastic,3,PP Plastic,0.999306321144104,7.402517780974449e-07,0.0006788027239963412,1.352118397335289e-05,0.999306321144104,6.176381930345087e-07
/Users/aswanathjs/Downloads/test9/ai_plastic_waste_management_training/LDPE Plastic/plastic_bags/LDPE-254_jpg.rf.55feea2a4763ad63f3cebf5306a3d8be.jpg,1,LDPE Plastic,1,LDPE Plastic,0.9999186992645264,1.6587288200753392e-06,0.9999186992645264,1.4130855561234057e-05,4.297684790799394e-05,2.2434092898038216e-05
/Users/aswanathjs/Downloads/test9/ai_plastic_waste_management_training/PP Plastic/irregular_containers/0036_a05b00c1d0e0f0g0h1.jpg,3,PP Plastic,3,PP Plastic,0.9999850988388062,7.325826345550013e-07,7.911432476248592e-06,5.647595116897719e-06,0.9999850988388062,6.738994784427632e-07
/Users/aswanathjs/Downloads/test9/ai_plastic_waste_management_training/PP Plastic/irregular_containers_grey/0036_a05b00c1d0e0f0g0h1.jpg,3,PP Plastic,3,PP Plastic,0.9999544620513916,9.534807077216101e-07,3.906157144228928e-05,5.1671713663381524e-06,0.9999544620513916,3.391828613530379e-07
/Users/aswanathjs/Downloads/test9/ai_plastic_waste_management_training/HDPE Plastic/shampoo_bottiles_grey/0078_a02b07c1d1e0f1g0h1.jpg,0,HDPE Plastic,0,HDPE Plastic,0.9998119473457336,0.9998119473457336,1.1414234677431523e-06,0.0001706874172668904,1.57977883645799e-05,4.969423912370985e-07
/Users/aswanathjs/Downloads/test9/ai_plastic_waste_management_training/HDPE Plastic/shampoo_bottles/0078_a02b07c1d1e0f1g0h1.jpg,0,HDPE Plastic,0,HDPE Plastic,0.9988553524017334,0.9988553524017334,2.5756878585525556e-07,0.0011392747983336449,4.939019163430203e-06,7.015785996600243e-08
/Users/aswanathjs/Downloads/test9/ai_plastic_waste_management_training/PET Plastic/shampoo_bottles/0100_a05b00c2d2e0f0g0h0.jpg,2,PET Plastic,2,PET Plastic,0.999994158744812,4.07336159469196e-07,1.7335618167635403e-06,0.999994158744812,3.616648655224708e-06,7.248194577869072e-08
/Users/aswanathjs/Downloads/test9/ai_plastic_waste_management_training/HDPE Plastic/milk_bottles/HDPEM84.jpg,0,HDPE Plastic,0,HDPE Plastic,0.9999996423721313,0.9999996423721313,5.445108253177011e-10,2.407588510777714e-07,1.1590557846830052e-07,9.718075233422496e-09
/Users/aswanathjs/Downloads/test9/ai_plastic_waste_management_training/LDPE Plastic/plastic_bags/plasticbag (74).jpg,1,LDPE Plastic,1,LDPE Plastic,0.9999860525131226,2.3457337192667183e-06,0.9999860525131226,1.1239143304919708e-06,9.068037797987927e-06,1.4471037275143317e-06
/Users/aswanathjs/Downloads/test9/ai_plastic_waste_management_training/PS Plastic/foam_sheets/PS-590_jpg.rf.0be509342bfaefc8306934ac93590956.jpg,4,PS Plastic,4,PS Plastic,0.9999998807907104,8.555004171739711e-08,6.314175848842751e-09,4.7120822799229245e-09,6.0217772990256435e-09,0.9999998807907104
/Users/aswanathjs/Downloads/test9/ai_plastic_waste_management_training/HDPE Plastic/detergent_bottles/0098_a02b03c2d2e0f0g0h3.jpg,0,HDPE Plastic,0,HDPE Plastic,1.0,1.0,8.365399484233649e-10,4.647716878025676e-09,1.8998317585783298e-08,1.8250222444393671e-09
/Users/aswanathjs/Downloads/test9/ai_plastic_waste_management_training/PET Plastic/shampoo_bottles/0080_a05b00c2d3e0f1g0h1.jpg,2,PET Plastic,2,PET Plastic,0.9999934434890747,5.9058120314148255e-06,2.4925006414378004e-07,0.9999934434890747,2.598368666895112e-07,1.1477191463882264e-07
/Users/aswanathjs/Downloads/test9/ai_plastic_waste_management_training/LDPE Plastic/plastic_bags/LDPE-380_jpg.rf.0328cf22ea692abeb30496b41769fee9.jpg,1,LDPE Plastic,1,LDPE Plastic,0.999901294708252,3.4687082006712444e-06,0.999901294708252,8.356920261576306e-06,2.5020541215781122e-05,6.187165854498744e-05
"/Users/aswanathjs/Downloads/test9/ai_plastic_waste_management_training/PET Plastic/plastic_bottles/PET1,296.jpg",2,PET Plastic,2,PET Plastic,0.9998573064804077,3.76405987481121e-05,8.966101631813217e-06,0.9998573064804077,9.188847616314888e-05,4.193943823338486e-06
/Users/aswanathjs/Downloads/test9/ai_plastic_waste_management_training/HDPE Plastic/milk_bottles/HDPEM46.jpg,0,HDPE Plastic,0,HDPE Plastic,0.9999998807907104,0.9999998807907104,3.2850583364663066e-11,2.857495040586855e-08,6.915682604358153e-08,2.967079915094928e-10
/Users/aswanathjs/Downloads/test9/ai_plastic_waste_management_training/HDPE Plastic/milk_bottles/HDPEM288.jpg,0,HDPE Plastic,0,HDPE Plastic,0.9999682903289795,0.9999682903289795,6.578737554718828e-08,3.0888713808963075e-05,4.303898606394796e-07,3.393516010419262e-07
/Users/aswanathjs/Downloads/test9/ai_plastic_waste_management_training/LDPE Plastic/black_white__plastic_bags/0084_jpg.rf.c3f9df8c34c504c8c209497c829f1eb4.jpg,1,LDPE Plastic,1,LDPE Plastic,0.9994321465492249,5.988618795527145e-06,0.9994321465492249,6.159141776151955e-05,0.0004811320686712861,1.9097646145382896e-05
/Users/aswanathjs/Downloads/test9/ai_plastic_waste_management_training/PET Plastic/shampoo_bottles/0080_a05b00c1d3e0f1g0h2.jpg,2,PET Plastic,2,PET Plastic,0.9999794960021973,1.5809708202141337e-05,1.3291516154367855e-07,0.9999794960021973,4.047822585562244e-06,5.023811127102817e-07
/Users/aswanathjs/Downloads/test9/ai_plastic_waste_management_training/PS Plastic/foam_containers/Image_232.png,4,PS Plastic,4,PS Plastic,0.4897027313709259,0.04503743723034859,0.13178716599941254,0.0077283913269639015,0.32574424147605896,0.4897027313709259
/Users/aswanathjs/Downloads/test9/ai_plastic_waste_management_training/LDPE Plastic/plastic_bags/P_W (1418).jpg,1,LDPE Plastic,1,LDPE Plastic,0.9983880519866943,0.0004177569644525647,0.9983880519866943,0.0004030413692817092,0.0004749214567709714,0.0003162879147566855
/Users/aswanathjs/Downloads/test9/ai_plastic_waste_management_training/PET Plastic/plastic_bottles/PET469.jpg,2,PET Plastic,2,PET Plastic,0.9993001222610474,0.00035338549059815705,5.925476671109209e-06,0.9993001222610474,0.00032129677128978074,1.9187802536180243e-05
"/Users/aswanathjs/Downloads/test9/ai_plastic_waste_management_training/PET Plastic/plastic_bottles/PET1,463.jpg",2,PET Plastic,2,PET Plastic,0.9999333620071411,5.777741534984671e-06,1.801735197659582e-05,0.9999333620071411,4.198887472739443e-05,8.525379939783306e-07
/Users/aswanathjs/Downloads/test9/ai_plastic_waste_management_training/PP Plastic/round_containers/IMG_20220209_175626.jpg,3,PP Plastic,3,PP Plastic,0.9995835423469543,0.00011838431237265468,0.0002071115595754236,4.41036609117873e-05,0.9995835423469543,4.692916991189122e-05
/Users/aswanathjs/Downloads/test9/ai_plastic_waste_management_training/PET Plastic/shampoo_bottles/0080_a05b00c1d3e0f1g0h1.jpg,2,PET Plastic,2,PET Plastic,0.9998761415481567,0.00010400773317087442,5.4064530559116974e-06,0.9998761415481567,1.3177616892789956e-05,1.272115810024843e-06
/Users/aswanathjs/Downloads/test9/ai_plastic_waste_management_training/PET Plastic/plastic_bottles/PET311.jpg,2,PET Plastic,2,PET Plastic,0.9999998807907104,2.260878417814638e-08,5.6703235884469905e-08,0.9999998807907104,2.0697621394560883e-08,1.2234403490296586e-09
"/Users/aswanathjs/Downloads/test9/ai_plastic_waste_management_training/HDPE Plastic/milk_bottles/HDPEM1,027.JPG",0,HDPE Plastic,0,HDPE Plastic,0.9999984502792358,0.9999984502792358,2.4366958450983134e-10,1.5124207948247204e-06,1.0716489917683703e-08,6.7183201224452205e-09
/Users/aswanathjs/Downloads/test9/ai_plastic_waste_management_training/LDPE Plastic/plastic_bags/LDPE-694_jpg.rf.aa7295ba4f6fc4c79c4215eb9c352a25.jpg,1,LDPE Plastic,1,LDPE Plastic,0.9999583959579468,1.2956911632500123e-05,0.9999583959579468,6.424175808206201e-06,1.483518190070754e-05,7.380816896329634e-06
/Users/aswanathjs/Downloads/test9/ai_plastic_waste_management_training/HDPE Plastic/shampoo_bottles/0076_a02b06c1d2e0f1g0h3.jpg,0,HDPE Plastic,0,HDPE Plastic,0.999998927116394,0.999998927116394,1.7893567516580333e-08,1.1811174971398941e-07,8.580509529565461e-07,6.487142201194729e-08
/Users/aswanathjs/Downloads/test9/ai_plastic_waste_management_training/HDPE Plastic/shampoo_bottiles_grey/0076_a02b06c2d2e0f1g0h0.jpg,0,HDPE Plastic,0,HDPE Plastic,0.9999985694885254,0.9999985694885254,1.262981097482907e-08,2.573727044818952e-07,1.1379124771337956e-06,5.358784971321029e-09
/Users/aswanathjs/Downloads/test9/ai_plastic_waste_management_training/HDPE Plastic/shampoo_bottles/0076_a02b06c2d2e0f1g0h0.jpg,0,HDPE Plastic,0,HDPE Plastic,1.0,1.0,3.152872962708386e-10,2.7601398500110008e-08,7.6604811383163e-09,6.016468573344369e-11
/Users/aswanathjs/Downloads/test9/ai_plastic_waste_management_training/LDPE Plastic/plastic_bags/LDPE-45_jpg.rf.93d3974714605e44bdc6f78a59c3e1d5.jpg,1,LDPE Plastic,1,LDPE Plastic,0.99718177318573,0.00020117530948482454,0.99718177318573,4.82213799841702e-05,0.0024509618524461985,0.00011792193254223093
/Users/aswanathjs/Downloads/test9/ai_plastic_waste_management_training/HDPE Plastic/milk_bottles/HDPEM15.jpg,0,HDPE Plastic,0,HDPE Plastic,1.0,1.0,8.225048583352859e-17,2.5066092864539646e-13,3.165026834367479e-13,3.302379629275054e-18
/Users/aswanathjs/Downloads/test9/ai_plastic_waste_management_training/LDPE Plastic/plastic_bags/LDPE-647_jpg.rf.68a0ac6d0db3b7acdc3ae8297b7c49aa.jpg,1,LDPE Plastic,1,LDPE Plastic,0.9998263716697693,1.012659504340263e-05,0.9998263716697693,1.714144309516996e-05,8.121354039758444e-05,6.520372699014843e-05
/Users/aswanathjs/Downloads/test9/ai_plastic_waste_management_training/LDPE Plastic/black_white__plastic_bags/0115_jpg.rf.041c2ca91386c7e7a7460b778948eb9d.jpg,1,LDPE Plastic,1,LDPE Plastic,0.9980998635292053,0.00012608224642463028,0.9980998635292053,0.0008195405825972557,0.0008675585850141943,8.702691411599517e-05
/Users/aswanathjs/Downloads/test9/ai_plastic_waste_management_training/PS Plastic/foam_sheets/PS-795_jpg.rf.e43e111bcafba8004fe507444085157b.jpg,4,PS Plastic,4,PS Plastic,0.9999123811721802,2.0065965145477094e-05,1.0051673598354682e-05,2.1475123503478244e-05,3.608999031712301e-05,0.9999123811721802
/Users/aswanathjs/Downloads/test9/ai_plastic_waste_management_training/PP Plastic/round_containers/0035_a06b01c1d1e0f0g0h0.jpg,3,PP Plastic,3,PP Plastic,0.9981870055198669,0.000619381433352828,7.554019975941628e-05,0.001007769606076181,0.9981870055198669,0.00011031905887648463
/Users/aswanathjs/Downloads/test9/ai_plastic_waste_management_training/HDPE Plastic/milk_bottles/HDPEM329.jpg,0,HDPE Plastic,0,HDPE Plastic,0.9999376535415649,0.9999376535415649,4.286961186039662e-08,4.9646387196844444e-05,1.2291496204852592e-05,4.557107615710265e-07
/Users/aswanathjs/Downloads/test9/ai_plastic_waste_management_training/PET Plastic/plastic_bottles/PET520.jpg,2,PET Plastic,2,PET Plastic,0.9999997615814209,1.743988420344067e-08,1.2095016188595764e-07,0.9999997615814209,8.841546872417894e-08,1.0442949616162878e-08
/Users/aswanathjs/Downloads/test9/ai_plastic_waste_management_training/PP Plastic/round_containers/IMG_20220209_173307.jpg,3,PP Plastic,3,PP Plastic,0.9989122152328491,0.00011266610817983747,1.6386795323342085e-05,0.0009580784244462848,0.9989122152328491,6.392310183400696e-07
/Users/aswanathjs/Downloads/test9/ai_plastic_waste_management_training/PET Plastic/shampoo_bottles/0100_a05b00c2d2e0f0g0h2.jpg,2,PET Plastic,2,PET Plastic,0.9997981190681458,8.071442607615609e-06,7.084907338139601e-06,0.9997981190681458,0.0001847528328653425,1.9663161765492987e-06
/Users/aswanathjs/Downloads/test9/ai_plastic_waste_management_training/PP Plastic/round_containers/IMG_20220209_173507.jpg,3,PP Plastic,3,PP Plastic,0.9999736547470093,1.0787539395096246e-06,7.803506377968006e-06,1.7539581676828675e-05,0.9999736547470093,2.9528345990570415e-08
/Users/aswanathjs/Downloads/test9/ai_plastic_waste_management_training/HDPE Plastic/milk_bottles/P_W (1068).jpg,0,HDPE Plastic,0,HDPE Plastic,1.0,1.0,1.3603663551534084e-12,2.8742136448656197e-10,8.283183167145935e-11,1.5552341359192923e-10
/Users/aswanathjs/Downloads/test9/ai_plastic_waste_management_training/HDPE Plastic/milk_bottles_grey/P_W (1068).jpg,0,HDPE Plastic,0,HDPE Plastic,1.0,1.0,1.4026124012245234e-12,3.790706915030029e-10,8.213989904914953e-11,2.6723759316560347e-10
/Users/aswanathjs/Downloads/test9/ai_plastic_waste_management_training/HDPE Plastic/shampoo_bottles/0075_a02b01c2d2e0f0g0h0.jpg,0,HDPE Plastic,0,HDPE Plastic,0.9987962245941162,0.9987962245941162,3.6996218000240333e-07,6.311976903816685e-06,0.0011953163193538785,1.7721505400913884e-06
/Users/aswanathjs/Downloads/test9/ai_plastic_waste_management_training/LDPE Plastic/black_white__plastic_bags/0149_jpg.rf.6438697f454d23922ddc9ba150f947b4.jpg,1,LDPE Plastic,1,LDPE Plastic,0.9976900815963745,4.176155925961211e-05,0.9976900815963745,0.0018499982543289661,0.0003469833463896066,7.120844384189695e-05
/Users/aswanathjs/Downloads/test9/ai_plastic_waste_management_training/PET Plastic/black_white_plastic_bottles/agurp_jpg.rf.6ecaa721dc5a974566ad629025d60a9c.jpg,2,PET Plastic,2,PET Plastic,0.9999970197677612,2.1758587536169216e-06,1.3401364640230895e-07,0.9999970197677612,5.863582259735267e-07,1.2112170111322484e-07
"/Users/aswanathjs/Downloads/test9/ai_plastic_waste_management_training/PET Plastic/plastic_bottles/PET1,779.jpg",2,PET Plastic,2,PET Plastic,0.9999381303787231,5.610127118416131e-07,5.260034231469035e-05,0.9999381303787231,8.709257599548437e-06,3.064894116278083e-08
/Users/aswanathjs/Downloads/test9/ai_plastic_waste_management_training/PP Plastic/round_containers/IMG20220210150845.jpg,3,PP Plastic,3,PP Plastic,0.998403012752533,0.00020387432596180588,0.00045602861791849136,0.0007752806995995343,0.998403012752533,0.00016179749218281358
/Users/aswanathjs/Downloads/test9/ai_plastic_waste_management_training/PET Plastic/black_white_plastic_bottles/corja_jpg.rf.34b4ef681a68b01c8db47899a4835376.jpg,2,PET Plastic,2,PET Plastic,0.9999662637710571,1.2872081242676359e-05,8.724249710212462e-06,0.9999662637710571,8.585267096350435e-06,3.519192432577256e-06
/Users/aswanathjs/Downloads/test9/ai_plastic_waste_management_training/HDPE Plastic/shampoo_bottles/0023_a02b01c2d3e0f1g0h2.jpg,0,HDPE Plastic,0,HDPE Plastic,0.5837067365646362,0.5837067365646362,2.447741644573398e-05,0.00013454044528771192,0.41598859429359436,0.00014556436508428305
"/Users/aswanathjs/Downloads/test9/ai_plastic_waste_management_training/HDPE Plastic/milk_bottles/HDPEM1,015.JPG",0,HDPE Plastic,0,HDPE Plastic,0.9998941421508789,0.9998941421508789,8.139575697896362e-07,9.638131450628862e-05,5.41146118848701e-06,3.20827371069754e-06
/Users/aswanathjs/Downloads/test9/ai_plastic_waste_management_training/LDPE Plastic/plastic_bags/plasticbag (172).jpg,1,LDPE Plastic,1,LDPE Plastic,0.9996565580368042,2.5208013539668173e-05,0.9996565580368042,3.230866786907427e-05,0.00026125748991034925,2.474039683875162e-05
/Users/aswanathjs/Downloads/test9/ai_plastic_waste_management_training/HDPE Plastic/milk_bottles/HDPEM35.jpg,0,HDPE Plastic,0,HDPE Plastic,1.0,1.0,1.602962033941946e-11,2.0334494976737005e-08,1.611469846451996e-10,1.1198824090286053e-08
/Users/aswanathjs/Downloads/test9/ai_plastic_waste_management_training/HDPE Plastic/milk_bottles_grey/HDPEM35.jpg,0,HDPE Plastic,0,HDPE Plastic,1.0,1.0,3.513741728133901e-11,5.323828489167681e-09,1.0694877206063325e-09,6.950958142404318e-10
/Users/aswanathjs/Downloads/test9/ai_plastic_waste_management_training/PS Plastic/foam_sheets/PS-650_jpg.rf.a9fc53984cabc277011302d189133efc.jpg,4,PS Plastic,4,PS Plastic,0.9999992847442627,5.520460035768338e-07,8.929108474831082e-08,2.73818301366191e-08,5.275960557327153e-09,0.9999992847442627
/Users/aswanathjs/Downloads/test9/ai_plastic_waste_management_training/PET Plastic/plastic_bottles/PET856.jpg,2,PET Plastic,2,PET Plastic,0.9999997615814209,6.475499247926564e-09,1.6350233522643975e-07,0.9999997615814209,4.2697475777231375e-08,1.2658162518164318e-08
/Users/aswanathjs/Downloads/test9/ai_plastic_waste_management_training/HDPE Plastic/shampoo_bottles/0078_a02b07c2d3e0f1g0h1.jpg,0,HDPE Plastic,0,HDPE Plastic,0.9999945163726807,0.9999945163726807,1.2901625545680417e-08,4.638758127839537e-06,8.610859367763624e-07,2.1236759017995155e-09
/Users/aswanathjs/Downloads/test9/ai_plastic_waste_management_training/HDPE Plastic/milk_bottles/HDPEM72.jpg,0,HDPE Plastic,0,HDPE Plastic,0.9999997615814209,0.9999997615814209,2.8563980070117623e-09,8.653815797288189e-08,1.4507391199458652e-07,7.857874351202554e-10
/Users/aswanathjs/Downloads/test9/ai_plastic_waste_management_training/LDPE Plastic/plastic_bags/LDPE-575_jpg.rf.a473cae8f61821abac08d294dc4787b5.jpg,1,LDPE Plastic,1,LDPE Plastic,0.9994989633560181,3.312594344606623e-05,0.9994989633560181,0.0002036691876128316,0.0001854543952504173,7.883067155489698e-05
/Users/aswanathjs/Downloads/test9/ai_plastic_waste_management_training/LDPE Plastic/black_white__plastic_bags/0213_jpg.rf.8a095262f668b501a0139ce297880fb5.jpg,1,LDPE Plastic,1,LDPE Plastic,0.9999667406082153,1.9378239812795073e-06,0.9999667406082153,5.749313459091354e-06,7.738296517345589e-06,1.7790689526009373e-05
"/Users/aswanathjs/Downloads/test9/ai_plastic_waste_management_training/PET Plastic/plastic_bottles/PET1,018.jpg",2,PET Plastic,2,PET Plastic,0.9999996423721313,4.0769887021951945e-08,4.06053828783115e-07,0.9999996423721313,9.547921564490025e-09,5.47124168193136e-09
/Users/aswanathjs/Downloads/test9/ai_plastic_waste_management_training/HDPE Plastic/shampoo_bottles/0099_a02b01c1d1e0f1g0h1.jpg,0,HDPE Plastic,0,HDPE Plastic,0.9999892711639404,0.9999892711639404,1.212789868532127e-07,1.5070926338012214e-06,7.074830136843957e-06,2.052869604085572e-06
/Users/aswanathjs/Downloads/test9/ai_plastic_waste_management_training/LDPE Plastic/black_white__plastic_bags/0147_jpg.rf.03ab89b916bdfa8ad924b601a568fe0a.jpg,1,LDPE Plastic,1,LDPE Plastic,0.9994626641273499,1.7474550986662507e-05,0.9994626641273499,0.00012056565174134448,0.0003440644359216094,5.519835031009279e-05
/Users/aswanathjs/Downloads/test9/ai_plastic_waste_management_training/HDPE Plastic/detergent_bottles/0039_a02b01c2d0e0f1g0h1.jpg,0,HDPE Plastic,0,HDPE Plastic,1.0,1.0,1.2324439429070577e-12,3.0678135587436373e-09,1.4242636584005375e-11,8.916426489291238e-14
/Users/aswanathjs/Downloads/test9/ai_plastic_waste_management_training/PP Plastic/round_containers/0044_a06b01c1d1e0f0g0h0.jpg,3,PP Plastic,3,PP Plastic,0.9997500777244568,0.00016253422654699534,1.0954389836115297e-05,6.518668669741601e-05,0.9997500777244568,1.1230562449782155e-05
/Users/aswanathjs/Downloads/test9/ai_plastic_waste_management_training/LDPE Plastic/plastic_bags/P_W (1387).jpg,1,LDPE Plastic,1,LDPE Plastic,0.9987009763717651,0.0002450164465699345,0.9987009763717651,0.0009172515710815787,0.00010192670015385374,3.481102248770185e-05
/Users/aswanathjs/Downloads/test9/ai_plastic_waste_management_training/PET Plastic/plastic_bottles/PET976.jpg,2,PET Plastic,2,PET Plastic,0.9999067783355713,5.897216033190489e-05,2.4751818727963837e-06,0.9999067783355713,8.57364557305118e-06,2.3133969079935923e-05
/Users/aswanathjs/Downloads/test9/ai_plastic_waste_management_training/PP Plastic/square_containers/Image_167.png,3,PP Plastic,3,PP Plastic,0.9993022680282593,0.00020972563652321696,0.00045333043090067804,8.528531907359138e-06,0.9993022680282593,2.6231424271827564e-05
/Users/aswanathjs/Downloads/test9/ai_plastic_waste_management_training/PS Plastic/foam_containers/Image_167.png,3,PP Plastic,3,PP Plastic,0.48423588275909424,0.030136199668049812,0.12227778881788254,0.002897014608606696,0.48423588275909424,0.36045315861701965
/Users/aswanathjs/Downloads/test9/ai_plastic_waste_management_training/HDPE Plastic/milk_bottles/HDPEM223.jpg,0,HDPE Plastic,0,HDPE Plastic,0.9999864101409912,0.9999864101409912,2.0248839049941125e-08,6.087651854613796e-06,7.2624134190846235e-06,2.6290442178833473e-07
/Users/aswanathjs/Downloads/test9/ai_plastic_waste_management_training/HDPE Plastic/detergent_bottles/0096_a02b04c1d2e0f0g0h1.jpg,0,HDPE Plastic,0,HDPE Plastic,1.0,1.0,3.696661845988686e-15,3.451485787713676e-13,1.0641326144908425e-12,6.3186273467424284e-15
/Users/aswanathjs/Downloads/test9/ai_plastic_waste_management_training/PS Plastic/foam_containers/styrofoam-104-_jpg.rf.4e3cf92b88797fbe80fce1bcb1587d8e.jpg,4,PS Plastic,4,PS Plastic,0.9991070628166199,1.162160151579883e-05,1.5441823052242398e-05,2.2599644580623135e-05,0.0008431214955635369,0.9991070628166199
/Users/aswanathjs/Downloads/test9/ai_plastic_waste_management_training/LDPE Plastic/plastic_bags/LDPE-758_jpg.rf.0354cc63d75a54a865602d00a96833d9.jpg,1,LDPE Plastic,1,LDPE Plastic,0.9998835325241089,6.082725576561643e-06,0.9998835325241089,2.6363863071310334e-05,5.2557756134774536e-05,3.145525261061266e-05
/Users/aswanathjs/Downloads/test9/ai_plastic_waste_management_training/PP Plastic/round_containers/IMG20220210150808.jpg,3,PP Plastic,3,PP Plastic,0.9944955706596375,0.0006498668226413429,0.0015385816805064678,0.0005236784927546978,0.9944955706596375,0.002792339539155364
/Users/aswanathjs/Downloads/test9/ai_plastic_waste_management_training/HDPE Plastic/milk_bottles/HDPEM269.jpg,0,HDPE Plastic,0,HDPE Plastic,1.0,1.0,4.234615783027529e-11,2.878488558621939e-09,1.569276264490327e-08,3.2588493015239806e-10
/Users/aswanathjs/Downloads/test9/ai_plastic_waste_management_training/PET Plastic/plastic_bottles/PET483.jpg,2,PET Plastic,2,PET Plastic,0.9999449253082275,1.1653198271233123e-05,1.2960988897248171e-05,0.9999449253082275,2.1909718270762824e-05,8.453999726043548e-06
/Users/aswanathjs/Downloads/test9/ai_plastic_waste_management_training/HDPE Plastic/milk_bottles/HDPEM456.jpg,0,HDPE Plastic,0,HDPE Plastic,0.9999998807907104,0.9999998807907104,1.4377940504850528e-10,1.592734406585805e-07,1.275231031883095e-08,5.031230099206141e-09
"/Users/aswanathjs/Downloads/test9/ai_plastic_waste_management_training/PET Plastic/plastic_bottles/PET1,095.jpg",2,PET Plastic,2,PET Plastic,0.999996542930603,3.8514869515893224e-08,1.028870428854134e-06,0.999996542930603,2.338028480153298e-06,6.830553900272207e-08
"/Users/aswanathjs/Downloads/test9/ai_plastic_waste_management_training/PET Plastic/plastic_bottles/PET1,137.jpg",2,PET Plastic,2,PET Plastic,0.9999985694885254,3.385351377005463e-08,1.0580364460111014e-06,0.9999985694885254,2.354118890934842e-07,2.7998501295201095e-08
/Users/aswanathjs/Downloads/test9/ai_plastic_waste_management_training/PP Plastic/round_containers/0032_a05b01c1d0e0f0g0h4.jpg,3,PP Plastic,3,PP Plastic,0.999876856803894,2.4515791665180586e-05,2.9924840418971144e-05,4.957382407155819e-05,0.999876856803894,1.9105504179606214e-05
/Users/aswanathjs/Downloads/test9/ai_plastic_waste_management_training/PET Plastic/black_white_plastic_bottles/cwknh_jpg.rf.acf869e09bd46c27f643f7548a83d647.jpg,2,PET Plastic,2,PET Plastic,0.9999914169311523,6.040439984644763e-06,6.539684136441792e-07,0.9999914169311523,4.027699276321073e-07,1.4499267990686349e-06
/Users/aswanathjs/Downloads/test9/ai_plastic_waste_management_training/HDPE Plastic/shampoo_bottles/0076_a02b06c2d3e0f1g0h3.jpg,0,HDPE Plastic,0,HDPE Plastic,1.0,1.0,3.5869862635706795e-09,8.486174429833682e-09,2.7795179491363342e-08,3.9971842502595223e-10
/Users/aswanathjs/Downloads/test9/ai_plastic_waste_management_training/PP Plastic/round_containers/IMG_20220209_173239.jpg,3,PP Plastic,3,PP Plastic,0.9968036413192749,0.0016088098054751754,0.00020451519230846316,0.0013804920017719269,0.9968036413192749,2.5971210106945364e-06
/Users/aswanathjs/Downloads/test9/ai_plastic_waste_management_training/HDPE Plastic/milk_bottles/HDPEM47.jpg,0,HDPE Plastic,0,HDPE Plastic,0.9999992847442627,0.9999992847442627,2.8853891498314965e-10,6.189854389049287e-07,1.6416380788086826e-07,2.421821410081293e-09
/Users/aswanathjs/Downloads/test9/ai_plastic_waste_management_training/HDPE Plastic/milk_bottles/HDPEM43.jpg,0,HDPE Plastic,0,HDPE Plastic,1.0,1.0,7.208336143220005e-16,1.1247817591599277e-13,3.8385588381917995e-14,3.569406368850278e-16
/Users/aswanathjs/Downloads/test9/ai_plastic_waste_management_training/HDPE Plastic/detergent_bottles/0096_a02b04c1d2e0f0g0h4.jpg,0,HDPE Plastic,0,HDPE Plastic,1.0,1.0,4.4162593026975117e-10,7.35603222778991e-09,1.907940472278824e-08,8.442017085386055e-10
/Users/aswanathjs/Downloads/test9/ai_plastic_waste_management_training/LDPE Plastic/bubble_wrap/train_LDPE-74_jpg.rf.b03de73625af26694cd1313dc7ca2fc2.jpg,1,LDPE Plastic,1,LDPE Plastic,0.9999957084655762,4.0274707657772524e-07,0.9999957084655762,7.5418205369715e-07,3.197265812104888e-07,2.7265957669442287e-06
/Users/aswanathjs/Downloads/test9/ai_plastic_waste_management_training/PET Plastic/black_white_plastic_bottles/dgiys_jpg.rf.457a93e3e23c28a9ed6288c19a12d8b0.jpg,2,PET Plastic,2,PET Plastic,0.9999943971633911,3.370983563399932e-07,3.6917044781148434e-06,0.9999943971633911,9.588779903424438e-07,5.729928602704604e-07
/Users/aswanathjs/Downloads/test9/ai_plastic_waste_management_training/HDPE Plastic/shampoo_bottles/0075_a02b01c1d0e0f0g0h2.jpg,0,HDPE Plastic,0,HDPE Plastic,0.9999998807907104,0.9999998807907104,3.852551958005712e-11,2.3067370236162787e-08,6.087350357120158e-08,7.092596510105409e-10
/Users/aswanathjs/Downloads/test9/ai_plastic_waste_management_training/LDPE Plastic/plastic_bags/LDPE-301_jpg.rf.c5c75387dcc7b1879e02bf130568afb9.jpg,1,LDPE Plastic,1,LDPE Plastic,0.9984108209609985,1.512304697826039e-05,0.9984108209609985,0.0011711952975019813,0.0003585799422580749,4.428553074831143e-05
/Users/aswanathjs/Downloads/test9/ai_plastic_waste_management_training/PP Plastic/round_containers/IMG_20220209_174715.jpg,3,PP Plastic,3,PP Plastic,0.9994885921478271,2.8713840947602876e-05,2.0199029677314684e-05,0.00046111599658615887,0.9994885921478271,1.3397136626736028e-06
"/Users/aswanathjs/Downloads/test9/ai_plastic_waste_management_training/PET Plastic/plastic_bottles/PET1,740.jpg",2,PET Plastic,2,PET Plastic,0.9999998807907104,2.377899654959492e-09,5.359428456586102e-08,0.9999998807907104,8.049534372389644e-09,9.036146136898182e-11
"/Users/aswanathjs/Downloads/test9/ai_plastic_waste_management_training/PET Plastic/plastic_bottles/PET1,773.jpg",2,PET Plastic,2,PET Plastic,0.9999967813491821,1.6406487475251197e-06,2.2833556556633994e-07,0.9999967813491821,1.3000538956475793e-06,7.3898760888369e-08
/Users/aswanathjs/Downloads/test9/ai_plastic_waste_management_training/PP Plastic/round_containers/0035_a06b01c1d0e0f0g0h2.jpg,3,PP Plastic,3,PP Plastic,0.9996551275253296,0.00010504024976398796,1.050605351338163e-05,0.0001892528380267322,0.9996551275253296,4.0064122003968805e-05
/Users/aswanathjs/Downloads/test9/ai_plastic_waste_management_training/PP Plastic/round_containers_grey/0035_a06b01c1d0e0f0g0h2.jpg,3,PP Plastic,3,PP Plastic,0.9993706345558167,0.00026668384089134634,7.306343468371779e-05,0.00026356158195994794,0.9993706345558167,2.6138495741179213e-05
/Users/aswanathjs/Downloads/test9/ai_plastic_waste_management_training/LDPE Plastic/plastic_bags/plasticbag (50).jpg,1,LDPE Plastic,1,LDPE Plastic,0.9999061822891235,3.005328608196578e-06,0.9999061822891235,9.507697313893004e-07,8.71714364620857e-05,2.720966904234956e-06
"/Users/aswanathjs/Downloads/test9/ai_plastic_waste_management_training/PET Plastic/plastic_bottles/PET1,739.jpg",2,PET Plastic,2,PET Plastic,0.9999881982803345,5.733946181862848e-06,2.6504105790081667e-06,0.9999881982803345,3.3028334200935205e-06,6.974814681370844e-08
/Users/aswanathjs/Downloads/test9/ai_plastic_waste_management_training/HDPE Plastic/detergent_bottles/P_W (490).jpg,0,HDPE Plastic,0,HDPE Plastic,0.9999328851699829,0.9999328851699829,2.9645593713212293e-06,6.030656004440971e-05,2.314348677145972e-07,3.535105861374177e-06
/Users/aswanathjs/Downloads/test9/ai_plastic_waste_management_training/PP Plastic/round_containers/0032_a05b01c1d1e0f0g0h0.jpg,3,PP Plastic,3,PP Plastic,0.9999016523361206,2.1883126464672387e-05,7.773011930112261e-06,5.9190810134168714e-05,0.9999016523361206,9.510134987067431e-06
/Users/aswanathjs/Downloads/test9/ai_plastic_waste_management_training/HDPE Plastic/shampoo_bottles/0023_a02b01c1d0e0f1g0h1.jpg,0,HDPE Plastic,0,HDPE Plastic,0.9999942779541016,0.9999942779541016,8.805680629109247e-09,5.6518229030189104e-06,9.899157049630958e-08,5.4520366887800265e-08
/Users/aswanathjs/Downloads/test9/ai_plastic_waste_management_training/HDPE Plastic/shampoo_bottles/0078_a02b07c1d0e0f1g0h3.jpg,0,HDPE Plastic,0,HDPE Plastic,0.9999994039535522,0.9999994039535522,1.0352580598338434e-10,5.735752779401082e-07,1.3692731393177837e-09,4.8488265486090754e-11
/Users/aswanathjs/Downloads/test9/ai_plastic_waste_management_training/HDPE Plastic/detergent_bottles/0062_a02b05c2d3e0f1g1h4.jpg,0,HDPE Plastic,0,HDPE Plastic,0.9999692440032959,0.9999692440032959,7.588342327835562e-07,2.1920635845162906e-05,6.6863922256743535e-06,1.3997806718180072e-06
/Users/aswanathjs/Downloads/test9/ai_plastic_waste_management_training/PET Plastic/shampoo_bottles/0050_a05b00c1d1e1f1g0h0.jpg,2,PET Plastic,2,PET Plastic,0.9998562335968018,0.00014363694936037064,4.9450243011506245e-08,0.9998562335968018,5.236232780703176e-08,1.0326735022658795e-08
/Users/aswanathjs/Downloads/test9/ai_plastic_waste_management_training/HDPE Plastic/detergent_bottles/IMG_20220209_182708.jpg,0,HDPE Plastic,0,HDPE Plastic,1.0,1.0,9.779263382569365e-18,2.2481348786696984e-14,2.6458572297013527e-16,4.2133356384295743e-16
/Users/aswanathjs/Downloads/test9/ai_plastic_waste_management_training/HDPE Plastic/detergent_botteles_grey/IMG_20220209_182708.jpg,0,HDPE Plastic,0,HDPE Plastic,1.0,1.0,4.4928328418736285e-11,1.0442543357802592e-10,1.0580015336048021e-10,3.6901759425944647e-10
"/Users/aswanathjs/Downloads/test9/ai_plastic_waste_management_training/PET Plastic/plastic_bottles/PET1,150.jpg",2,PET Plastic,2,PET Plastic,0.9999853372573853,1.317032911174465e-06,7.777401151543017e-06,0.9999853372573853,4.8342171794502065e-06,7.392937959593837e-07
/Users/aswanathjs/Downloads/test9/ai_plastic_waste_management_training/PS Plastic/foam_sheets/IMG_9340_JPG.rf.a80ca34b8b633e38a525cb7aeede7b51.jpg,4,PS Plastic,4,PS Plastic,0.9978129863739014,3.9153841498773545e-05,0.0017826325492933393,0.00018536628340370953,0.00017988828767556697,0.9978129863739014
/Users/aswanathjs/Downloads/test9/ai_plastic_waste_management_training/PS Plastic/foam_sheets/IMG_9340_JPG.rf.e8e5eb41b46e694de3c84523410586c0.jpg,4,PS Plastic,4,PS Plastic,0.9999847412109375,6.173823976496351e-07,3.8189045881154016e-06,1.0710892638599034e-05,1.1971378910402564e-07,0.9999847412109375
/Users/aswanathjs/Downloads/test9/ai_plastic_waste_management_training/PS Plastic/foam_sheets/IMG_9340_JPG.rf.8e256bd9ecb0e99782e4302f9878ab2b.jpg,4,PS Plastic,4,PS Plastic,0.9999942779541016,4.3591822418420634e-07,4.634070137399249e-06,6.314447773547727e-07,1.465902066399849e-08,0.9999942779541016
/Users/aswanathjs/Downloads/test9/ai_plastic_waste_management_training/PP Plastic/round_containers/0095_a05b01c2d2e0f0g0h1.jpg,3,PP Plastic,3,PP Plastic,0.9999395608901978,4.922537846141495e-05,4.6855197979311924e-06,4.925827397528337e-06,0.9999395608901978,1.6492643908350146e-06
/Users/aswanathjs/Downloads/test9/ai_plastic_waste_management_training/PET Plastic/black_white_plastic_bottles/covxa_jpg.rf.f6b2667c1ade57d376bbfce0bcc90aeb.jpg,2,PET Plastic,2,PET Plastic,0.9999725818634033,1.555562084831763e-05,5.042234079155605e-06,0.9999725818634033,1.6020482007661485e-06,5.143910129845608e-06
/Users/aswanathjs/Downloads/test9/ai_plastic_waste_management_training/PET Plastic/black_white_plastic_bottles/djcvk_jpg.rf.cf814c79b2c5f26937f6e62c2496b2fd.jpg,2,PET Plastic,2,PET Plastic,0.9999992847442627,2.5205861220456427e-07,2.1155283747020803e-08,0.9999992847442627,4.630746559541876e-07,1.5811098208473595e-08
/Users/aswanathjs/Downloads/test9/ai_plastic_waste_management_training/PP Plastic/irregular_containers/train_PP-100-_jpg.rf.215bd727abe9827eb83a316127942cf2.jpg,3,PP Plastic,3,PP Plastic,0.9999514818191528,1.521535432402743e-05,1.9620758394012228e-05,1.1135125532746315e-05,0.9999514818191528,2.486179937477573e-06
/Users/aswanathjs/Downloads/test9/ai_plastic_waste_management_training/PP Plastic/irregular_containers_grey/train_PP-100-_jpg.rf.215bd727abe9827eb83a316127942cf2.jpg,3,PP Plastic,3,PP Plastic,0.9999605417251587,1.2430704373400658e-05,1.9562790839700028e-05,5.985314601275604e-06,0.9999605417251587,1.5177312207015348e-06
/Users/aswanathjs/Downloads/test9/ai_plastic_waste_management_training/PET Plastic/black_white_plastic_bottles/auyzb_jpg.rf.687a2542044f67af09abf65382200735.jpg,2,PET Plastic,2,PET Plastic,0.9999988079071045,1.0683559992230585e-07,9.759974091139156e-07,0.9999988079071045,8.866329181955734e-08,1.7051933198786173e-08
/Users/aswanathjs/Downloads/test9/ai_plastic_waste_management_training/PP Plastic/irregular_containers/train_PP-81_jpg.rf.24e2302c408d56e674af5dac077ab150.jpg,3,PP Plastic,3,PP Plastic,0.9999979734420776,5.252440615777232e-08,1.0057946155939135e-06,7.451349688381015e-07,0.9999979734420776,2.934295935119735e-07
/Users/aswanathjs/Downloads/test9/ai_plastic_waste_management_training/PET Plastic/shampoo_bottles/0015_a05b00c1d3e1f1g0h1.jpg,2,PET Plastic,2,PET Plastic,0.9995135068893433,8.130217611324042e-05,1.1159509085700847e-05,0.9995135068893433,0.00030478506232611835,8.915316720958799e-05
/Users/aswanathjs/Downloads/test9/ai_plastic_waste_management_training/LDPE Plastic/black_white__plastic_bags/0034_jpg.rf.26ca0fcc5c911fb2c3cac1b5da0ee1ff.jpg,1,LDPE Plastic,1,LDPE Plastic,0.9999934434890747,2.466304351855797e-07,0.9999934434890747,3.0110493298707297e-07,3.7188781334407395e-06,2.271598759762128e-06
/Users/aswanathjs/Downloads/test9/ai_plastic_waste_management_training/HDPE Plastic/milk_bottles/HDPEM94.jpg,0,HDPE Plastic,0,HDPE Plastic,0.9999997615814209,0.9999997615814209,6.417800318958555e-11,8.506060567015084e-08,1.0454892418465533e-07,1.8860273343079825e-09
/Users/aswanathjs/Downloads/test9/ai_plastic_waste_management_training/PS Plastic/foam_containers/styrofoam-131-_jpg.rf.8c14e88f26aa0d398ec71ed405184149.jpg,4,PS Plastic,4,PS Plastic,0.9964382648468018,3.172493597958237e-05,1.861277041825815e-06,5.426720235846005e-06,0.003522773738950491,0.9964382648468018
/Users/aswanathjs/Downloads/test9/ai_plastic_waste_management_training/PS Plastic/form_containers_grey/styrofoam-346-_jpg.rf.25ab32044f366c9fde2570647dbbea81.jpg,4,PS Plastic,4,PS Plastic,0.8892898559570312,0.0009056138223968446,0.10830876231193542,0.0013367841020226479,0.0001589106977917254,0.8892898559570312
/Users/aswanathjs/Downloads/test9/ai_plastic_waste_management_training/PS Plastic/foam_containers/styrofoam-346-_jpg.rf.25ab32044f366c9fde2570647dbbea81.jpg,4,PS Plastic,4,PS Plastic,0.9958244562149048,0.000443116674432531,0.0033734419848769903,0.00011582826846279204,0.0002431406464893371,0.9958244562149048
/Users/aswanathjs/Downloads/test9/ai_plastic_waste_management_training/PP Plastic/rectangle_containers/icecream.jpg,3,PP Plastic,3,PP Plastic,0.9999431371688843,1.8711160009843297e-05,1.1163310773554258e-06,2.0551326088025235e-05,0.9999431371688843,1.6544729078304954e-05
/Users/aswanathjs/Downloads/test9/ai_plastic_waste_management_training/PP Plastic/rectangle_containers_grey/icecream.jpg,3,PP Plastic,3,PP Plastic,0.9999631643295288,3.0180099201970734e-05,5.662585635946016e-07,3.7245686144160572e-06,0.9999631643295288,2.371253231103765e-06
/Users/aswanathjs/Downloads/test9/ai_plastic_waste_management_training/LDPE Plastic/black_white__plastic_bags/0218_jpg.rf.e24bd1012b6b16f34d184e21b6ddceaf.jpg,1,LDPE Plastic,1,LDPE Plastic,0.999947190284729,1.176213027065387e-05,0.999947190284729,9.30350233829813e-06,7.43696182325948e-06,2.4350070816581137e-05
/Users/aswanathjs/Downloads/test9/ai_plastic_waste_management_training/HDPE Plastic/detergent_bottles/0010_a02b01c1d0e0f1g0h4.jpg,0,HDPE Plastic,0,HDPE Plastic,0.9994655251502991,0.9994655251502991,2.2395563803456753e-07,0.0005051553598605096,2.833036342053674e-05,6.922196007508319e-07
/Users/aswanathjs/Downloads/test9/ai_plastic_waste_management_training/HDPE Plastic/detergent_botteles_grey/0010_a02b01c1d0e0f1g0h4.jpg,0,HDPE Plastic,0,HDPE Plastic,0.9999959468841553,0.9999959468841553,1.552129802462332e-08,3.440822865741211e-06,5.589836291619577e-07,1.754129996811571e-08
"/Users/aswanathjs/Downloads/test9/ai_plastic_waste_management_training/PET Plastic/plastic_bottles/PET1,690.jpg",2,PET Plastic,2,PET Plastic,0.9999998807907104,5.87120840833677e-09,8.614902213821551e-08,0.9999998807907104,6.6241958585067096e-09,9.208750983979996e-10
/Users/aswanathjs/Downloads/test9/ai_plastic_waste_management_training/HDPE Plastic/shampoo_bottles/0061_a02b01c2d0e0f1g0h0(1).jpg,0,HDPE Plastic,0,HDPE Plastic,1.0,1.0,3.2292959972757274e-11,7.660261758246634e-09,4.447211002234219e-11,5.575775952060269e-11
/Users/aswanathjs/Downloads/test9/ai_plastic_waste_management_training/PET Plastic/plastic_bottles/PET543.jpg,2,PET Plastic,2,PET Plastic,0.999997615814209,4.2244258224855e-07,5.876220257050591e-07,0.999997615814209,1.1154638741572853e-06,3.362164875397866e-07
/Users/aswanathjs/Downloads/test9/ai_plastic_waste_management_training/LDPE Plastic/plastic_bags/LDPE-608_jpg.rf.bc480679bf094d683586223c8e41ccc2.jpg,1,LDPE Plastic,1,LDPE Plastic,0.9997825026512146,1.680167406448163e-05,0.9997825026512146,4.3208761780988425e-05,0.00011442966206232086,4.302922752685845e-05
/Users/aswanathjs/Downloads/test9/ai_plastic_waste_management_training/PP Plastic/irregular_containers/train_PP-69-_jpg.rf.63480605af3c69707fa4e7c025f644bc.jpg,3,PP Plastic,3,PP Plastic,0.9999196529388428,1.988866279134527e-05,4.636272933566943e-05,1.033992157317698e-05,0.9999196529388428,3.7556296774710063e-06
/Users/aswanathjs/Downloads/test9/ai_plastic_waste_management_training/PP Plastic/irregular_containers_grey/train_PP-69-_jpg.rf.63480605af3c69707fa4e7c025f644bc.jpg,3,PP Plastic,3,PP Plastic,0.9999018907546997,1.5242194422171451e-05,6.386250606738031e-05,7.79669062467292e-06,0.9999018907546997,1.1205818736925721e-05
/Users/aswanathjs/Downloads/test9/ai_plastic_waste_management_training/PET Plastic/black_white_plastic_bottles/cbkto_jpg.rf.59a632f8d4d62e2303ec2f95d95cc764.jpg,2,PET Plastic,2,PET Plastic,0.9999995231628418,2.6088900995091535e-07,4.377574924774308e-08,0.9999995231628418,7.716087679909833e-08,3.902038159253607e-08
/Users/aswanathjs/Downloads/test9/ai_plastic_waste_management_training/PET Plastic/black_white_plastic_bottles/awyuj_jpg.rf.3b00d195bf7bcdad025dc24bf1f4adfa.jpg,2,PET Plastic,2,PET Plastic,0.9999855756759644,1.0216793953077286e-06,8.2278484114795e-06,0.9999855756759644,1.9072053873969708e-06,3.3023711694113445e-06
/Users/aswanathjs/Downloads/test9/ai_plastic_waste_management_training/HDPE Plastic/milk_bottles/HDPEM187.jpg,0,HDPE Plastic,0,HDPE Plastic,1.0,1.0,3.3974392309871204e-12,2.38338504487956e-09,2.5790993785079763e-09,3.6654906887534366e-10
/Users/aswanathjs/Downloads/test9/ai_plastic_waste_management_training/HDPE Plastic/detergent_bottles/0039_a02b01c2d0e0f1g0h0.jpg,0,HDPE Plastic,0,HDPE Plastic,0.999996542930603,0.999996542930603,8.315058863672675e-09,2.8204292448208435e-06,6.179032538966567e-07,7.037059823744585e-09
/Users/aswanathjs/Downloads/test9/ai_plastic_waste_management_training/PET Plastic/shampoo_bottles/0100_a05b00c1d2e0f0g0h1.jpg,2,PET Plastic,2,PET Plastic,0.9999622106552124,2.3649015190585487e-07,9.31260728975758e-06,0.9999622106552124,2.74594895017799e-05,7.92149251083174e-07
/Users/aswanathjs/Downloads/test9/ai_plastic_waste_management_training/PS Plastic/foam_containers/styrofoam-108-_jpg.rf.4b94e52bc8d1e14a610090dcb2fb6412.jpg,4,PS Plastic,4,PS Plastic,0.9994553923606873,0.00046654356992803514,3.932015033569769e-07,2.868286355806049e-05,4.892865399597213e-05,0.9994553923606873
/Users/aswanathjs/Downloads/test9/ai_plastic_waste_management_training/HDPE Plastic/milk_bottles/P_W (1324).jpg,0,HDPE Plastic,0,HDPE Plastic,0.999728262424469,0.999728262424469,1.348022919955838e-06,1.937070737767499e-05,0.00025057318271137774,3.8537652358172636e-07
/Users/aswanathjs/Downloads/test9/ai_plastic_waste_management_training/PET Plastic/black_white_plastic_bottles/dqpgm_jpg.rf.58af9b574f6b13fa300ca9e01ee97f08.jpg,2,PET Plastic,2,PET Plastic,0.999998927116394,4.410274101473988e-08,2.60358461900978e-07,0.999998927116394,5.160326281838934e-07,1.6097256150260364e-07
/Users/aswanathjs/Downloads/test9/ai_plastic_waste_management_training/PET Plastic/plastic_bottles/PET687.jpg,2,PET Plastic,2,PET Plastic,0.9999979734420776,4.930859631713247e-07,1.0603788069829534e-07,0.9999979734420776,9.46418595049181e-07,4.207484209928225e-07
/Users/aswanathjs/Downloads/test9/ai_plastic_waste_management_training/PET Plastic/black_white_plastic_bottles/crfyo_jpg.rf.00f97a71a6652c6ed2a58f9397f1f15e.jpg,2,PET Plastic,2,PET Plastic,0.9999990463256836,1.102263169627804e-07,5.6281887594877844e-08,0.9999990463256836,7.737523901596433e-07,1.856553133450234e-08
/Users/aswanathjs/Downloads/test9/ai_plastic_waste_management_training/HDPE Plastic/shampoo_bottles/0076_a02b06c1d0e0f1g0h4.jpg,0,HDPE Plastic,0,HDPE Plastic,0.9999992847442627,0.9999992847442627,1.2434368201752477e-08,2.823320812694874e-07,4.98498536671832e-07,4.56019506600569e-08
/Users/aswanathjs/Downloads/test9/ai_plastic_waste_management_training/HDPE Plastic/shampoo_bottles/0075_a02b01c1d0e0f0g0h0.jpg,0,HDPE Plastic,0,HDPE Plastic,0.9999971389770508,0.9999971389770508,6.53728662314279e-08,1.4001108183947508e-06,1.219805085383996e-06,1.164129770359068e-07
/Users/aswanathjs/Downloads/test9/ai_plastic_waste_management_training/HDPE Plastic/milk_bottles/HDPEM132.jpg,0,HDPE Plastic,0,HDPE Plastic,1.0,1.0,1.6701806604402236e-11,1.1382944586912913e-09,3.3561679657623245e-08,2.9219210384567873e-10
/Users/aswanathjs/Downloads/test9/ai_plastic_waste_management_training/HDPE Plastic/milk_bottles_grey/HDPEM132.jpg,0,HDPE Plastic,0,HDPE Plastic,0.9999997615814209,0.9999997615814209,2.578946167730578e-09,3.435114237504422e-08,2.7191114781999204e-07,9.23623133530782e-09
/Users/aswanathjs/Downloads/test9/ai_plastic_waste_management_training/PP Plastic/round_containers/IMG_20220209_174359.jpg,3,PP Plastic,3,PP Plastic,0.9995834231376648,5.687696466338821e-05,6.965356442378834e-05,0.0002751472929958254,0.9995834231376648,1.486795190430712e-05
/Users/aswanathjs/Downloads/test9/ai_plastic_waste_management_training/LDPE Plastic/plastic_bags/LDPE-544_jpg.rf.0addfb54e9029220701dd0da301d544b.jpg,1,LDPE Plastic,1,LDPE Plastic,0.9997487664222717,1.2240936484886333e-05,0.9997487664222717,2.3051192329148762e-05,0.00018898342386819422,2.6898245778284036e-05
/Users/aswanathjs/Downloads/test9/ai_plastic_waste_management_training/PET Plastic/black_white_plastic_bottles/adylz_jpg.rf.586862c45a7114ce3bae7b42c7e4c409.jpg,2,PET Plastic,2,PET Plastic,0.999958872795105,1.8703879050008254e-06,2.1051660951343365e-05,0.999958872795105,1.4441327948588878e-05,3.7749166494904784e-06
/Users/aswanathjs/Downloads/test9/ai_plastic_waste_management_training/HDPE Plastic/shampoo_bottles/0076_a02b06c1d2e0f1g0h2.jpg,0,HDPE Plastic,0,HDPE Plastic,1.0,1.0,1.2888475009464884e-10,9.4988275023411e-09,3.0072087042753992e-09,1.9404808315748312e-10
/Users/aswanathjs/Downloads/test9/ai_plastic_waste_management_training/PP Plastic/round_containers/0031_a05b01c1d3e0f0g0h3.jpg,3,PP Plastic,3,PP Plastic,0.999906063079834,5.775917452410795e-05,1.5624804291292094e-05,1.4841197298665065e-05,0.999906063079834,5.699256234947825e-06
/Users/aswanathjs/Downloads/test9/ai_plastic_waste_management_training/PP Plastic/round_containers_grey/0031_a05b01c1d3e0f0g0h3.jpg,3,PP Plastic,3,PP Plastic,0.9998227953910828,4.808376615983434e-05,0.00010759048745967448,6.809252681705402e-06,0.9998227953910828,1.4761567399546038e-05
/Users/aswanathjs/Downloads/test9/ai_plastic_waste_management_training/LDPE Plastic/plastic_bags/LDPE-236_jpg.rf.af950e6cc55420ba3610337efc5f705b.jpg,1,LDPE Plastic,1,LDPE Plastic,0.9996355772018433,8.96953497431241e-06,0.9996355772018433,7.046116661513224e-05,0.00025029058451764286,3.469587682047859e-05
/Users/aswanathjs/Downloads/test9/ai_plastic_waste_management_training/PET Plastic/plastic_bottles/PET654.jpg,2,PET Plastic,2,PET Plastic,0.9999743700027466,1.2768517080985475e-05,2.69952602138801e-06,0.9999743700027466,5.0874491535068955e-06,5.146775038156193e-06
/Users/aswanathjs/Downloads/test9/ai_plastic_waste_management_training/LDPE Plastic/plastic_bags/LDPE-263_jpg.rf.8b05ef5c26392751e6821e33c0c2fe14.jpg,1,LDPE Plastic,1,LDPE Plastic,0.9995653033256531,9.62577269092435e-06,0.9995653033256531,2.1786903744214214e-05,0.00038047225098125637,2.2771158910472877e-05
/Users/aswanathjs/Downloads/test9/ai_plastic_waste_management_training/LDPE Plastic/plastic_bags/plasticbag (139).jpg,1,LDPE Plastic,1,LDPE Plastic,0.9999991655349731,5.67650147331733e-07,0.9999991655349731,6.927083262553424e-08,1.511029950052034e-07,9.551602175861262e-08
/Users/aswanathjs/Downloads/test9/ai_plastic_waste_management_training/PET Plastic/plastic_bottles/PET701.jpg,2,PET Plastic,2,PET Plastic,0.9999880790710449,3.4287247672182275e-06,1.2052968259013142e-06,0.9999880790710449,2.8734805255226092e-06,4.456238002603641e-06
/Users/aswanathjs/Downloads/test9/ai_plastic_waste_management_training/PET Plastic/plastic_bottles/PET954.jpg,2,PET Plastic,2,PET Plastic,0.9999960660934448,7.048212751215033e-07,4.3989598452753853e-07,0.9999960660934448,2.423993919364875e-06,3.8903849031157733e-07
/Users/aswanathjs/Downloads/test9/ai_plastic_waste_management_training/HDPE Plastic/shampoo_bottles/0023_a02b01c2d1e0f1g0h1.jpg,0,HDPE Plastic,0,HDPE Plastic,0.9999493360519409,0.9999493360519409,1.297478320338996e-07,4.1335875721415505e-05,8.472997251374181e-06,6.915145149832824e-07
/Users/aswanathjs/Downloads/test9/ai_plastic_waste_management_training/HDPE Plastic/detergent_bottles/Image_182.png,0,HDPE Plastic,0,HDPE Plastic,1.0,1.0,2.4173546497863185e-10,3.5500753448047817e-09,8.869768919339549e-09,1.1262039911752453e-11
/Users/aswanathjs/Downloads/test9/ai_plastic_waste_management_training/PP Plastic/square_containers/Image_182.png,0,HDPE Plastic,3,PP Plastic,0.5329462289810181,0.3212902247905731,0.10802467912435532,0.00467974878847599,0.5329462289810181,0.03305911272764206
/Users/aswanathjs/Downloads/test9/ai_plastic_waste_management_training/PS Plastic/foam_containers/Image_182.png,0,HDPE Plastic,4,PS Plastic,0.5146141052246094,0.13066421449184418,0.08601702004671097,0.004564278293401003,0.26414042711257935,0.5146141052246094
/Users/aswanathjs/Downloads/test9/ai_plastic_waste_management_training/HDPE Plastic/milk_bottles/HDPEM41.jpg,0,HDPE Plastic,0,HDPE Plastic,0.9999992847442627,0.9999992847442627,6.207125125001767e-08,6.352311032742364e-08,1.163514085078532e-07,4.475826642647007e-07
"/Users/aswanathjs/Downloads/test9/ai_plastic_waste_management_training/PET Plastic/plastic_bottles/PET1,601.jpg",2,PET Plastic,2,PET Plastic,0.9999830722808838,1.0785630365717225e-05,4.22329912908026e-06,0.9999830722808838,1.1420162309150328e-06,8.260734603027231e-07
/Users/aswanathjs/Downloads/test9/ai_plastic_waste_management_training/PET Plastic/black_white_plastic_bottles/cnvse_jpg.rf.64d7c70b3bbc567c401c577cead38689.jpg,2,PET Plastic,2,PET Plastic,0.9999474287033081,1.182378673547646e-05,2.1896777980145998e-05,0.9999474287033081,5.691897968063131e-06,1.326317033090163e-05
/Users/aswanathjs/Downloads/test9/ai_plastic_waste_management_training/PS Plastic/foam_sheets/PS-577_jpg.rf.0f7321bf2d1a85dd6303517b50eb3ecc.jpg,4,PS Plastic,4,PS Plastic,0.9999984502792358,7.391794838440546e-07,6.088842496865254e-07,6.449694467391964e-08,8.392868267037557e-08,0.9999984502792358
"/Users/aswanathjs/Downloads/test9/ai_plastic_waste_management_training/PET Plastic/plastic_bottles/PET1,338.jpg",2,PET Plastic,2,PET Plastic,0.999980092048645,7.757655112072825e-06,1.3729714964938466e-06,0.999980092048645,1.0494335583643988e-05,2.1668152783149708e-07
/Users/aswanathjs/Downloads/test9/ai_plastic_waste_management_training/PET Plastic/shampoo_bottles/0080_a05b00c2d2e0f1g0h1.jpg,2,PET Plastic,2,PET Plastic,0.999927282333374,2.749681516434066e-05,3.913849468517583e-06,0.999927282333374,3.363958967383951e-05,7.611249202454928e-06
/Users/aswanathjs/Downloads/test9/ai_plastic_waste_management_training/HDPE Plastic/detergent_bottles/0096_a02b04c2d3e0f0g0h2.jpg,0,HDPE Plastic,0,HDPE Plastic,0.9999992847442627,0.9999992847442627,2.4338242532451204e-09,1.5425189303641673e-07,6.187612484609417e-07,2.626376671699404e-09
/Users/aswanathjs/Downloads/test9/ai_plastic_waste_management_training/PS Plastic/foam_containers/0058_a06b01c1d2e0f0g0h1.jpg,4,PS Plastic,4,PS Plastic,0.9996438026428223,0.00031519250478595495,1.367679800523547e-07,2.3346574380411766e-06,3.852782174362801e-05,0.9996438026428223
/Users/aswanathjs/Downloads/test9/ai_plastic_waste_management_training/PP Plastic/round_containers/Image_169.png,3,PP Plastic,3,PP Plastic,0.9999322891235352,3.6745230318047106e-05,2.1587504306808114e-05,7.270689366123406e-06,0.9999322891235352,2.106762167386478e-06
/Users/aswanathjs/Downloads/test9/ai_plastic_waste_management_training/PS Plastic/foam_containers/Image_169.png,3,PP Plastic,3,PP Plastic,0.5941949486732483,0.03041096217930317,0.12947313487529755,0.0041354140266776085,0.5941949486732483,0.24178561568260193
/Users/aswanathjs/Downloads/test9/ai_plastic_waste_management_training/HDPE Plastic/shampoo_bottles/0077_a02b01c2d1e0f1g0h0.jpg,0,HDPE Plastic,0,HDPE Plastic,0.999990701675415,0.999990701675415,1.0103436665076515e-07,2.5101662686211057e-06,5.619121111521963e-06,1.045917088049464e-06
/Users/aswanathjs/Downloads/test9/ai_plastic_waste_management_training/PET Plastic/black_white_plastic_bottles/chvzj_jpg.rf.8b6b4dbb12e665aade2009abb1a341cb.jpg,2,PET Plastic,2,PET Plastic,0.9999886751174927,3.1299148872676597e-07,9.89460022537969e-06,0.9999886751174927,2.4841995127644623e-07,9.327087582278182e-07
/Users/aswanathjs/Downloads/test9/ai_plastic_waste_management_training/PET Plastic/black_white_plastic_bottles/bndsc_jpg.rf.0a5d14585223bd5e5ddaf342ca5d6e64.jpg,2,PET Plastic,2,PET Plastic,0.9999983310699463,1.543138381521203e-07,1.1057247775170254e-06,0.9999983310699463,2.0212915785577934e-07,1.7295390364324703e-07
/Users/aswanathjs/Downloads/test9/ai_plastic_waste_management_training/HDPE Plastic/shampoo_bottles/0065_a02b03c2d0e0f1g0h0.jpg,0,HDPE Plastic,0,HDPE Plastic,1.0,1.0,5.776811320967745e-13,1.8534243584333865e-11,6.284769232811627e-11,3.2757841578190394e-12
/Users/aswanathjs/Downloads/test9/ai_plastic_waste_management_training/PET Plastic/plastic_bottles/PET741.jpg,2,PET Plastic,2,PET Plastic,1.0,3.5572142564888054e-08,1.572089480816885e-08,1.0,8.28954505038837e-09,3.633659817481316e-09
/Users/aswanathjs/Downloads/test9/ai_plastic_waste_management_training/PET Plastic/black_white_plastic_bottles/adrfp_jpg.rf.9b4728a76181136be3307a4f752c179d.jpg,2,PET Plastic,2,PET Plastic,0.999994158744812,2.9217596875241725e-06,9.66225115917041e-07,0.999994158744812,1.4874650560159353e-06,4.365871575373603e-07
/Users/aswanathjs/Downloads/test9/ai_plastic_waste_management_training/LDPE Plastic/bubble_wrap/train_LDPE-98_jpg.rf.349b801007fcdb1709c9615f227cbd9e.jpg,1,LDPE Plastic,1,LDPE Plastic,0.9999746084213257,4.264521066943416e-06,0.9999746084213257,6.174041118356399e-06,4.851151061302517e-06,1.010837331705261e-05
"/Users/aswanathjs/Downloads/test9/ai_plastic_waste_management_training/PET Plastic/plastic_bottles/PET1,435.jpg",2,PET Plastic,2,PET Plastic,0.9999992847442627,6.814281050537829e-08,2.0844760229010717e-07,0.9999992847442627,4.444346757281892e-07,3.208907983776044e-08
/Users/aswanathjs/Downloads/test9/ai_plastic_waste_management_training/PET Plastic/black_white_plastic_bottles/acorb_jpg.rf.e449613a8d8c4838cffe300f77a191d3.jpg,2,PET Plastic,2,PET Plastic,0.9999983310699463,7.104213182174135e-07,3.1763127594786056e-07,0.9999983310699463,4.150887491505273e-07,2.2803540389304544e-07
/Users/aswanathjs/Downloads/test9/ai_plastic_waste_management_training/HDPE Plastic/milk_bottles/HDPEM419.jpg,0,HDPE Plastic,0,HDPE Plastic,0.9999964237213135,0.9999964237213135,6.417895974664134e-07,1.8487407942302525e-06,9.110966630032635e-07,1.4707312345763057e-07
/Users/aswanathjs/Downloads/test9/ai_plastic_waste_management_training/LDPE Plastic/black_white__plastic_bags/0127_jpg.rf.e0a944e1ce1e97308374a8d04e90b773.jpg,1,LDPE Plastic,1,LDPE Plastic,0.9999102354049683,3.871529770549387e-06,0.9999102354049683,1.4750684385944624e-05,4.425891165737994e-05,2.6954414352076128e-05
/Users/aswanathjs/Downloads/test9/ai_plastic_waste_management_training/HDPE Plastic/detergent_bottles/0062_a02b05c1d0e0f1g1h3.jpg,0,HDPE Plastic,0,HDPE Plastic,1.0,1.0,2.9600454032330248e-12,9.711897952513482e-11,6.26745946807894e-11,4.320424226711417e-12
/Users/aswanathjs/Downloads/test9/ai_plastic_waste_management_training/HDPE Plastic/detergent_botteles_grey/0062_a02b05c1d0e0f1g1h3.jpg,0,HDPE Plastic,0,HDPE Plastic,1.0,1.0,2.2451325243366682e-09,5.259077440200599e-08,2.3727089626390807e-08,5.222380305980323e-09
/Users/aswanathjs/Downloads/test9/ai_plastic_waste_management_training/PET Plastic/black_white_plastic_bottles/bktql_jpg.rf.306bcfeddd2b7c2e5c1f1219514fd16e.jpg,2,PET Plastic,2,PET Plastic,0.9999972581863403,1.2959991408934002e-06,2.300681813949268e-07,0.9999972581863403,8.562838047510013e-07,3.792289362536394e-07
/Users/aswanathjs/Downloads/test9/ai_plastic_waste_management_training/HDPE Plastic/detergent_bottles/IMG_20220209_182721.jpg,0,HDPE Plastic,0,HDPE Plastic,0.999995231628418,0.999995231628418,1.6980031269930862e-10,2.8693989406747278e-06,1.8818373064277694e-06,3.205796184069243e-10
/Users/aswanathjs/Downloads/test9/ai_plastic_waste_management_training/PP Plastic/irregular_containers/train_PP-69_jpg.rf.f12708527c83cb98ba92d9407a2162ba.jpg,3,PP Plastic,3,PP Plastic,0.9995775818824768,3.385571108083241e-05,0.0002970319474115968,3.634988024714403e-05,0.9995775818824768,5.5180746130645275e-05
/Users/aswanathjs/Downloads/test9/ai_plastic_waste_management_training/PET Plastic/plastic_bottles/PET342.jpg,2,PET Plastic,2,PET Plastic,1.0,8.398369111262127e-09,2.4120788921777603e-08,1.0,7.597843881823607e-11,8.737770507138976e-09
/Users/aswanathjs/Downloads/test9/ai_plastic_waste_management_training/PET Plastic/shampoo_bottles/0015_a05b00c1d0e1f1g0h4.jpg,2,PET Plastic,2,PET Plastic,0.9988127946853638,0.0006117286975495517,0.00025147839915007353,0.9988127946853638,0.0002255586296087131,9.846665489021689e-05
/Users/aswanathjs/Downloads/test9/ai_plastic_waste_management_training/LDPE Plastic/plastic_bags_grey/LDPE-447_jpg.rf.8489b29246553f393bf14b4321cb5732.jpg,1,LDPE Plastic,1,LDPE Plastic,0.999990701675415,7.463136739715992e-07,0.999990701675415,7.10051199348527e-06,2.8647500016631966e-07,1.2325443776717293e-06
/Users/aswanathjs/Downloads/test9/ai_plastic_waste_management_training/LDPE Plastic/plastic_bags/LDPE-447_jpg.rf.8489b29246553f393bf14b4321cb5732.jpg,1,LDPE Plastic,1,LDPE Plastic,0.9999924898147583,5.71349289657519e-07,0.9999924898147583,4.003407411801163e-06,4.115227625334228e-07,2.519493136787787e-06
/Users/aswanathjs/Downloads/test9/ai_plastic_waste_management_training/HDPE Plastic/shampoo_bottles/0099_a02b01c2d1e0f1g0h0.jpg,0,HDPE Plastic,0,HDPE Plastic,1.0,1.0,1.0537159339518709e-10,1.2080279887527468e-08,2.815694122304535e-09,2.3972437923625023e-10
/Users/aswanathjs/Downloads/test9/ai_plastic_waste_management_training/PET Plastic/black_white_plastic_bottles/akzng_jpg.rf.21d247b0e30e78e591ebc1d877491577.jpg,2,PET Plastic,2,PET Plastic,0.9999969005584717,1.9820658962999005e-06,4.862090463575441e-07,0.9999969005584717,1.4935963577045186e-07,4.642630528906011e-07
/Users/aswanathjs/Downloads/test9/ai_plastic_waste_management_training/LDPE Plastic/plastic_bags/LDPE-20_jpg.rf.11c02bd571c93febe489b313f408ab91.jpg,1,LDPE Plastic,1,LDPE Plastic,0.99968421459198,8.478938070766162e-06,0.99968421459198,1.529477049189154e-05,0.00014867304707877338,0.0001433027646271512
/Users/aswanathjs/Downloads/test9/ai_plastic_waste_management_training/PS Plastic/foam_containers/Image_117.png,4,PS Plastic,4,PS Plastic,0.7149526476860046,0.031317614018917084,0.07177795469760895,0.0019760325085371733,0.1799757480621338,0.7149526476860046
/Users/aswanathjs/Downloads/test9/ai_plastic_waste_management_training/LDPE Plastic/plastic_bags/LDPE-473_jpg.rf.1d1060071a4ab7aa75396424077fc86d.jpg,1,LDPE Plastic,1,LDPE Plastic,0.9999407529830933,4.88048544866615e-06,0.9999407529830933,3.573254434741102e-05,1.0103000022354536e-05,8.504942343279254e-06
/Users/aswanathjs/Downloads/test9/ai_plastic_waste_management_training/HDPE Plastic/shampoo_bottles/0063_a02b01c2d3e0f1g1h4.jpg,0,HDPE Plastic,0,HDPE Plastic,1.0,1.0,6.398367252691273e-11,1.637415980582091e-09,1.8725977213307488e-08,1.6152147674919348e-10
"/Users/aswanathjs/Downloads/test9/ai_plastic_waste_management_training/PET Plastic/plastic_bottles/PET1,151.jpg",2,PET Plastic,2,PET Plastic,0.999915361404419,5.80545292905299e-06,4.7225665184669197e-05,0.999915361404419,2.8216762075317092e-05,3.350125098222634e-06
/Users/aswanathjs/Downloads/test9/ai_plastic_waste_management_training/PET Plastic/shampoo_bottles/0100_a05b00c1d1e0f0g0h3.jpg,2,PET Plastic,2,PET Plastic,0.9999926090240479,1.8428104340273421e-06,1.7084463479477563e-06,0.9999926090240479,3.5228542856202694e-06,3.3712825597831397e-07
/Users/aswanathjs/Downloads/test9/ai_plastic_waste_management_training/PET Plastic/black_white_plastic_bottles/dosve_jpg.rf.2a18163ce9975fcd0badc62b60d42090.jpg,2,PET Plastic,2,PET Plastic,0.999998927116394,2.4014025257201865e-07,6.590229872927011e-08,0.999998927116394,3.703009952005232e-07,3.315313392704411e-07
"/Users/aswanathjs/Downloads/test9/ai_plastic_waste_management_training/PET Plastic/plastic_bottles/PET1,131.jpg",2,PET Plastic,2,PET Plastic,0.9999998807907104,2.6342545922375393e-09,9.840196213417585e-08,0.9999998807907104,2.2671389210415782e-09,5.264912950053713e-10
/Users/aswanathjs/Downloads/test9/ai_plastic_waste_management_training/HDPE Plastic/shampoo_bottles/0076_a02b06c1d0e0f1g0h1.jpg,0,HDPE Plastic,0,HDPE Plastic,0.9999992847442627,0.9999992847442627,3.277841331694731e-10,7.451679948644596e-07,2.6410547082633684e-09,6.895939930195993e-10
/Users/aswanathjs/Downloads/test9/ai_plastic_waste_management_training/HDPE Plastic/shampoo_bottles/0061_a02b01c1d2e0f1g0h2.jpg,0,HDPE Plastic,0,HDPE Plastic,1.0,1.0,4.26243453849188e-15,4.554877742340979e-12,3.787326084258441e-13,5.889060262663157e-14
/Users/aswanathjs/Downloads/test9/ai_plastic_waste_management_training/PET Plastic/plastic_bottles/PET422.jpg,2,PET Plastic,2,PET Plastic,0.9999997615814209,1.7106186689375136e-08,1.1211479034045624e-07,0.9999997615814209,1.2512725788837997e-07,1.6835038252338563e-08
/Users/aswanathjs/Downloads/test9/ai_plastic_waste_management_training/PP Plastic/irregular_containers/train_PP-71-_jpg.rf.85a506106e44decf66e916e6092d9180.jpg,3,PP Plastic,3,PP Plastic,0.999995231628418,4.096895281691104e-06,4.401587148095132e-07,2.2664669074856647e-07,0.999995231628418,1.078648637076185e-08
/Users/aswanathjs/Downloads/test9/ai_plastic_waste_management_training/PP Plastic/irregular_containers_grey/train_PP-71-_jpg.rf.85a506106e44decf66e916e6092d9180.jpg,3,PP Plastic,3,PP Plastic,0.9999818801879883,8.279846952063963e-06,3.711812496476341e-06,5.7775978348217905e-06,0.9999818801879883,3.704366804413439e-07
"/Users/aswanathjs/Downloads/test9/ai_plastic_waste_management_training/PET Plastic/plastic_bottles/PET1,202.jpg",2,PET Plastic,2,PET Plastic,0.9999755620956421,2.0493382635322632e-06,1.5595815057167783e-05,0.9999755620956421,6.29628175374819e-06,4.977052867616294e-07
/Users/aswanathjs/Downloads/test9/ai_plastic_waste_management_training/PET Plastic/black_white_plastic_bottles/dboyc_jpg.rf.5bbb77236a3b469ddc70694890e14b0c.jpg,2,PET Plastic,2,PET Plastic,0.9999964237213135,1.1052471791117569e-06,1.9573418796881015e-07,0.9999964237213135,1.46325430705474e-06,8.133757773975958e-07
/Users/aswanathjs/Downloads/test9/ai_plastic_waste_management_training/LDPE Plastic/black_white__plastic_bags/0302_jpg.rf.a75c2d08c041b99926fe01943a0a5b7e.jpg,1,LDPE Plastic,1,LDPE Plastic,0.9999756813049316,6.2236822486738674e-06,0.9999756813049316,2.5182882836816134e-06,8.369410352315754e-06,7.233187716337852e-06
/Users/aswanathjs/Downloads/test9/ai_plastic_waste_management_training/PS Plastic/foam_sheets/PS-783_jpg.rf.cc0cc21bc15e0d56433b30fe330ce637.jpg,4,PS Plastic,4,PS Plastic,0.9995885491371155,6.435260002035648e-05,7.061707583488896e-05,8.701154729351401e-05,0.00018946074123959988,0.9995885491371155
/Users/aswanathjs/Downloads/test9/ai_plastic_waste_management_training/PET Plastic/black_white_plastic_bottles/aetry_jpg.rf.b5e1eaadd7763696ab49a91db47b058f.jpg,2,PET Plastic,2,PET Plastic,0.9999997615814209,8.433393539064582e-09,2.1671223748853663e-07,0.9999997615814209,3.5862694147681395e-08,2.778117824675519e-08
/Users/aswanathjs/Downloads/test9/ai_plastic_waste_management_training/HDPE Plastic/milk_bottles/HDPEM192.jpg,0,HDPE Plastic,0,HDPE Plastic,1.0,1.0,4.671708853098977e-11,1.7199923263433448e-08,1.6582758499694705e-09,1.3036012269651565e-08
/Users/aswanathjs/Downloads/test9/ai_plastic_waste_management_training/LDPE Plastic/plastic_bags/LDPE-397_jpg.rf.94bd49d12ad50fccfa3fd215d6f79e09.jpg,1,LDPE Plastic,1,LDPE Plastic,0.9999953508377075,8.316703059563224e-08,0.9999953508377075,4.714295016583492e-07,4.4137064492133504e-07,3.591945642256178e-06
/Users/aswanathjs/Downloads/test9/ai_plastic_waste_management_training/LDPE Plastic/plastic_bags/test_LDPE-62_jpg.rf.9a8adf66c013155ce4b48a1e565aaedd.jpg,1,LDPE Plastic,1,LDPE Plastic,0.9999589920043945,5.764306479250081e-06,0.9999589920043945,9.142188901023474e-06,6.188805855344981e-06,1.986743518500589e-05
/Users/aswanathjs/Downloads/test9/ai_plastic_waste_management_training/PS Plastic/foam_sheets/PS-771_jpg.rf.5c8635740773bf33872e8368302c37de.jpg,4,PS Plastic,4,PS Plastic,0.9998871088027954,1.5838320905459113e-05,1.42333728945232e-05,2.4746457711444236e-05,5.8046385674970224e-05,0.9998871088027954
/Users/aswanathjs/Downloads/test9/ai_plastic_waste_management_training/PS Plastic/foam_containers/Image_111.png,4,PS Plastic,3,PP Plastic,0.4037638008594513,0.045055732131004333,0.19715720415115356,0.009470256976783276,0.4037638008594513,0.34455302357673645
/Users/aswanathjs/Downloads/test9/ai_plastic_waste_management_training/HDPE Plastic/shampoo_bottles/0076_a02b06c1d2e0f1g0h4.jpg,0,HDPE Plastic,0,HDPE Plastic,1.0,1.0,1.191829360897012e-11,2.251741237913052e-09,8.085028757598423e-10,1.1833781350667483e-11
/Users/aswanathjs/Downloads/test9/ai_plastic_waste_management_training/PS Plastic/foam_sheets/PS-547_jpg.rf.bfa9e4b0df528ca6f2c3739368b766df.jpg,4,PS Plastic,4,PS Plastic,0.9999992847442627,4.4246857555663155e-07,1.648042768920277e-07,4.145086052176339e-08,2.3796642878437524e-08,0.9999992847442627
/Users/aswanathjs/Downloads/test9/ai_plastic_waste_management_training/PS Plastic/foam_containers/Image_190.png,4,PS Plastic,3,PP Plastic,0.5375733375549316,0.006630601827055216,0.04272661730647087,0.00685783801600337,0.5375733375549316,0.40621161460876465
/Users/aswanathjs/Downloads/test9/ai_plastic_waste_management_training/HDPE Plastic/shampoo_bottles/0063_a02b01c1d2e0f1g1h0.jpg,0,HDPE Plastic,0,HDPE Plastic,0.9995707869529724,0.9995707869529724,4.660539332235203e-07,5.404477633419447e-06,0.00042056452366523445,2.8984195523662493e-06
/Users/aswanathjs/Downloads/test9/ai_plastic_waste_management_training/PET Plastic/black_white_plastic_bottles/dgrmz_jpg.rf.4a99c51d08d515ffb4f6919655df6da8.jpg,2,PET Plastic,2,PET Plastic,0.9999985694885254,1.0815529094543308e-06,1.5324725666232553e-07,0.9999985694885254,1.0749517542762987e-07,7.02802367413824e-08
/Users/aswanathjs/Downloads/test9/ai_plastic_waste_management_training/LDPE Plastic/plastic_bags/plasticbag (90).jpg,1,LDPE Plastic,1,LDPE Plastic,0.9993630051612854,2.6583647922961973e-06,0.9993630051612854,0.00032342816120944917,7.446264498867095e-05,0.00023649919603485614
/Users/aswanathjs/Downloads/test9/ai_plastic_waste_management_training/LDPE Plastic/plastic_bags/LDPE-438_jpg.rf.83f7c2a65e70c10bea8399bcfeee1fbb.jpg,1,LDPE Plastic,1,LDPE Plastic,0.9997351765632629,2.422387660772074e-05,0.9997351765632629,2.8109490813221782e-05,0.00016283155127894133,4.965934931533411e-05
/Users/aswanathjs/Downloads/test9/ai_plastic_waste_management_training/LDPE Plastic/plastic_bags/plasticbag (162) 17.43.56.jpg,1,LDPE Plastic,1,LDPE Plastic,0.9999781847000122,1.4062907212064601e-06,0.9999781847000122,6.342749543364334e-07,1.0088137059938163e-05,9.593266440788284e-06
/Users/aswanathjs/Downloads/test9/ai_plastic_waste_management_training/PP Plastic/square_containers_grey/IMG_20220209_175348.jpg,3,PP Plastic,3,PP Plastic,0.9995416402816772,2.5539704438415356e-05,0.0003493197145871818,4.9453432438895106e-05,0.9995416402816772,3.409120472497307e-05
/Users/aswanathjs/Downloads/test9/ai_plastic_waste_management_training/PP Plastic/square_containers/IMG_20220209_175348.jpg,3,PP Plastic,3,PP Plastic,0.999761164188385,1.5911351511022076e-05,0.00016924638475757092,2.8157790438854136e-05,0.999761164188385,2.549967757659033e-05
/Users/aswanathjs/Downloads/test9/ai_plastic_waste_management_training/PET Plastic/black_white_plastic_bottles/bhtqk_jpg.rf.1e2fb6b794338788a81ecf4e918ca029.jpg,2,PET Plastic,2,PET Plastic,0.9999958276748657,3.283637624917901e-06,1.0783001869185682e-07,0.9999958276748657,3.6351283938529377e-07,4.331647289745888e-07
/Users/aswanathjs/Downloads/test9/ai_plastic_waste_management_training/PET Plastic/black_white_plastic_bottles/cfzyp_jpg.rf.e2292d8cc0bf9dd512de160364fb6664.jpg,2,PET Plastic,2,PET Plastic,0.9993459582328796,0.0002193993714172393,0.00015886288019828498,0.9993459582328796,0.00011906226427527145,0.00015669332060497254
/Users/aswanathjs/Downloads/test9/ai_plastic_waste_management_training/HDPE Plastic/shampoo_bottiles_grey/0065_a02b03c1d3e0f1g0h2.jpg,0,HDPE Plastic,0,HDPE Plastic,0.9999994039535522,0.9999994039535522,3.01234481803192e-09,6.585731071595546e-09,5.79104039388767e-07,5.146474357786701e-09
/Users/aswanathjs/Downloads/test9/ai_plastic_waste_management_training/HDPE Plastic/shampoo_bottles/0065_a02b03c1d3e0f1g0h2.jpg,0,HDPE Plastic,0,HDPE Plastic,1.0,1.0,3.7172209754743335e-12,1.3675994364747979e-11,3.1051408666549207e-10,7.279631758505545e-12
/Users/aswanathjs/Downloads/test9/ai_plastic_waste_management_training/PET Plastic/black_white_plastic_bottles/dfrup_jpg.rf.fc265beee5709130335406b8bc3de249.jpg,2,PET Plastic,2,PET Plastic,0.999969482421875,6.646575911872787e-06,1.5501265806960873e-05,0.999969482421875,5.261425940261688e-06,3.1297131499741226e-06
/Users/aswanathjs/Downloads/test9/ai_plastic_waste_management_training/HDPE Plastic/milk_bottles/HDPEM89.jpg,0,HDPE Plastic,0,HDPE Plastic,0.9999940395355225,0.9999940395355225,1.1331650284773787e-08,3.996642590209376e-06,1.8662735783436801e-06,5.3975689695562323e-08
/Users/aswanathjs/Downloads/test9/ai_plastic_waste_management_training/PS Plastic/foam_sheets/PS-773_jpg.rf.2d909fe25b478b2f51f31184d06bde99.jpg,4,PS Plastic,4,PS Plastic,0.9999656677246094,9.00550094229402e-06,5.260642865323462e-06,4.735722995974356e-06,1.528071879874915e-05,0.9999656677246094
/Users/aswanathjs/Downloads/test9/ai_plastic_waste_management_training/HDPE Plastic/milk_bottles/HDPEM290.jpg,0,HDPE Plastic,0,HDPE Plastic,0.9999945163726807,0.9999945163726807,5.644199330134825e-09,4.895175607089186e-06,4.640795623345184e-07,7.946601243702389e-08
/Users/aswanathjs/Downloads/test9/ai_plastic_waste_management_training/PP Plastic/round_containers/0032_a05b01c1d3e0f0g0h3.jpg,3,PP Plastic,3,PP Plastic,0.9999063014984131,2.8346032650006237e-06,1.6045862594182836e-07,8.825957775115967e-05,0.9999063014984131,2.4761391159699997e-06
/Users/aswanathjs/Downloads/test9/ai_plastic_waste_management_training/PP Plastic/round_containers/0009_a06b01c2d0e0f0g0h2.jpg,3,PP Plastic,3,PP Plastic,0.9969667792320251,0.00026409540441818535,4.537398126558401e-05,0.002672398230060935,0.9969667792320251,5.134176535648294e-05
/Users/aswanathjs/Downloads/test9/ai_plastic_waste_management_training/HDPE Plastic/shampoo_bottles/0078_a02b07c2d0e0f1g0h2.jpg,0,HDPE Plastic,0,HDPE Plastic,0.999974250793457,0.999974250793457,9.100616438217912e-08,2.4130489691742696e-05,1.5356339417849085e-06,2.3005620519711556e-08
"/Users/aswanathjs/Downloads/test9/ai_plastic_waste_management_training/PET Plastic/plastic_bottles/PET1,727.jpg",2,PET Plastic,2,PET Plastic,0.9999997615814209,3.4181388830489823e-09,2.0732498740017036e-07,0.9999997615814209,2.6100976935339304e-09,9.56431739362884e-11
/Users/aswanathjs/Downloads/test9/ai_plastic_waste_management_training/HDPE Plastic/detergent_bottles/0039_a02b01c1d3e0f1g0h4.jpg,0,HDPE Plastic,0,HDPE Plastic,0.9996316432952881,0.9996316432952881,1.1590978488129622e-07,0.0003677941858768463,3.141321656130458e-07,1.5073418069277977e-07
/Users/aswanathjs/Downloads/test9/ai_plastic_waste_management_training/PET Plastic/black_white_plastic_bottles/cgbwi_jpg.rf.24e952c63d24ba0e80197cf6fb3dbd3c.jpg,2,PET Plastic,2,PET Plastic,0.9999995231628418,4.6420672106251004e-07,2.023455181188183e-08,0.9999995231628418,2.781684216301983e-09,1.5337773717760683e-08
/Users/aswanathjs/Downloads/test9/ai_plastic_waste_management_training/PP Plastic/round_containers/0035_a06b01c2d1e0f0g0h1.jpg,3,PP Plastic,3,PP Plastic,0.9999886751174927,1.587927840773773e-06,1.0635009175530286e-06,7.058004939608509e-06,0.9999886751174927,1.564044396218378e-06
/Users/aswanathjs/Downloads/test9/ai_plastic_waste_management_training/LDPE Plastic/plastic_bags/train_LDPE-10_jpg.rf.b3c0136a4989d02ce10e24ecbb0a71d8.jpg,1,LDPE Plastic,1,LDPE Plastic,0.9997393488883972,0.00012899712601210922,0.9997393488883972,1.8774906493490562e-05,4.012263525510207e-05,7.268160698004067e-05
/Users/aswanathjs/Downloads/test9/ai_plastic_waste_management_training/HDPE Plastic/shampoo_bottles/0075_a02b01c1d1e0f0g0h0.jpg,0,HDPE Plastic,0,HDPE Plastic,0.9999806880950928,0.9999806880950928,3.083908097778476e-07,1.3940928511146922e-05,4.456982878764393e-06,5.702320891032286e-07
/Users/aswanathjs/Downloads/test9/ai_plastic_waste_management_training/HDPE Plastic/shampoo_bottles/0078_a02b07c2d1e0f1g0h3.jpg,0,HDPE Plastic,0,HDPE Plastic,0.9999934434890747,0.9999934434890747,4.629511496379024e-10,6.611944172618678e-06,1.5005635845000143e-08,5.470474073732134e-10
/Users/aswanathjs/Downloads/test9/ai_plastic_waste_management_training/PET Plastic/black_white_plastic_bottles/ctzjw_jpg.rf.3d9f231ae2761babb58f5c51af6f24b1.jpg,2,PET Plastic,2,PET Plastic,0.9999778270721436,9.437209200768848e-07,1.6189969755942002e-05,0.9999778270721436,2.6775185233418597e-06,2.4138275875884574e-06
/Users/aswanathjs/Downloads/test9/ai_plastic_waste_management_training/PP Plastic/square_containers/IMG_20220209_173116.jpg,3,PP Plastic,3,PP Plastic,0.9997603297233582,0.00023818566114641726,6.496517244158895e-07,5.822435014124494e-07,0.9997603297233582,2.706488544390595e-07
/Users/aswanathjs/Downloads/test9/ai_plastic_waste_management_training/PET Plastic/black_white_plastic_bottles/ahjgw_jpg.rf.95a9b028b159282a7b7c739ecc50c962.jpg,2,PET Plastic,2,PET Plastic,1.0,8.260378159263837e-09,1.6006854508532342e-08,1.0,2.6365635008573918e-08,6.264298413327651e-09
/Users/aswanathjs/Downloads/test9/ai_plastic_waste_management_training/PP Plastic/square_containers/Image_100.png,3,PP Plastic,3,PP Plastic,0.9859587550163269,0.0005498097161762416,0.013206525705754757,8.182353485608473e-05,0.9859587550163269,0.00020306695660110563
/Users/aswanathjs/Downloads/test9/ai_plastic_waste_management_training/PS Plastic/foam_containers/Image_100.png,3,PP Plastic,4,PS Plastic,0.4266251027584076,0.074068583548069,0.10916847735643387,0.007447720970958471,0.3826901316642761,0.4266251027584076
/Users/aswanathjs/Downloads/test9/ai_plastic_waste_management_training/PET Plastic/plastic_bottles/PET307.jpg,2,PET Plastic,2,PET Plastic,0.9999881982803345,4.6032289446884533e-07,1.0035806553787552e-05,0.9999881982803345,1.0196865787293063e-06,2.3599096721227397e-07
/Users/aswanathjs/Downloads/test9/ai_plastic_waste_management_training/HDPE Plastic/milk_bottles/HDPEM271.jpg,0,HDPE Plastic,0,HDPE Plastic,1.0,1.0,3.72287096983559e-11,3.4246787627978392e-09,7.84203901815772e-09,6.51457846001513e-11
/Users/aswanathjs/Downloads/test9/ai_plastic_waste_management_training/HDPE Plastic/shampoo_bottles/0023_a02b01c2d3e0f1g0h4.jpg,0,HDPE Plastic,0,HDPE Plastic,0.9999924898147583,0.9999924898147583,1.6538042046931878e-08,1.993284740819945e-06,5.388000772654777e-06,1.2077833844159613e-07
/Users/aswanathjs/Downloads/test9/ai_plastic_waste_management_training/HDPE Plastic/shampoo_bottles/0065_a02b03c2d3e0f1g0h2.jpg,0,HDPE Plastic,0,HDPE Plastic,1.0,1.0,8.718146864150622e-12,1.1222162088486698e-10,7.89549481350349e-10,2.2019702033970745e-11
/Users/aswanathjs/Downloads/test9/ai_plastic_waste_management_training/PP Plastic/square_containers_grey/Image_125.png,3,PP Plastic,3,PP Plastic,0.9985125660896301,4.4176144001539797e-05,0.0014025219716131687,5.720933586417232e-06,0.9985125660896301,3.499994272715412e-05
/Users/aswanathjs/Downloads/test9/ai_plastic_waste_management_training/PP Plastic/square_containers/Image_125.png,3,PP Plastic,3,PP Plastic,0.999037504196167,3.428997297305614e-05,0.000898987811524421,4.547665866994066e-06,0.999037504196167,2.4636317903059535e-05
/Users/aswanathjs/Downloads/test9/ai_plastic_waste_management_training/PS Plastic/foam_containers/Image_125.png,3,PP Plastic,3,PP Plastic,0.9028105735778809,0.019261112436652184,0.008449814282357693,0.00020423800742719322,0.9028105735778809,0.06927420943975449
/Users/aswanathjs/Downloads/test9/ai_plastic_waste_management_training/HDPE Plastic/shampoo_bottles/0063_a02b01c1d3e0f1g1h1.jpg,0,HDPE Plastic,0,HDPE Plastic,0.999991774559021,0.999991774559021,1.7801401952510787e-07,5.140703251527157e-06,1.934085730681545e-06,9.065810786523798e-07
/Users/aswanathjs/Downloads/test9/ai_plastic_waste_management_training/LDPE Plastic/black_white__plastic_bags/0280_jpg.rf.35aaa5f342df8f51d80f05feb1132923.jpg,1,LDPE Plastic,1,LDPE Plastic,0.999991774559021,1.099280666494451e-06,0.999991774559021,5.881220772607776e-07,1.6170373555723927e-06,4.846855517826043e-06
/Users/aswanathjs/Downloads/test9/ai_plastic_waste_management_training/HDPE Plastic/shampoo_bottles/0077_a02b01c1d1e0f1g0h1.jpg,0,HDPE Plastic,0,HDPE Plastic,0.9998464584350586,0.9998464584350586,1.6388196399930166e-06,2.1940888473181985e-05,0.00012007564509985968,9.848008630797267e-06
/Users/aswanathjs/Downloads/test9/ai_plastic_waste_management_training/LDPE Plastic/plastic_bags_grey/plasticbag (4).jpg,1,LDPE Plastic,1,LDPE Plastic,0.9999974966049194,1.0200068345511681e-07,0.9999974966049194,1.694411793096151e-07,2.7517501166585134e-07,1.9770247945416486e-06
/Users/aswanathjs/Downloads/test9/ai_plastic_waste_management_training/LDPE Plastic/plastic_bags/plasticbag (4).jpg,1,LDPE Plastic,1,LDPE Plastic,0.9999923706054688,7.587084951410361e-07,0.9999923706054688,4.604723358170304e-07,2.4726944047870347e-06,3.9438627936760895e-06
/Users/aswanathjs/Downloads/test9/ai_plastic_waste_management_training/LDPE Plastic/plastic_bags/plasticbag (4).png,1,LDPE Plastic,1,LDPE Plastic,0.9999998807907104,3.185310504250083e-08,0.9999998807907104,1.1396199539603913e-08,1.1349237105662269e-08,1.3082635064165515e-07
/Users/aswanathjs/Downloads/test9/ai_plastic_waste_management_training/LDPE Plastic/black_white__plastic_bags/0036_jpg.rf.bc66ef850914d311fc6e2fde687c7af2.jpg,1,LDPE Plastic,1,LDPE Plastic,0.9997201561927795,9.863390914688352e-06,0.9997201561927795,1.6042249626480043e-05,8.599348802817985e-05,0.0001678228290984407
/Users/aswanathjs/Downloads/test9/ai_plastic_waste_management_training/PP Plastic/irregular_containers/train_PP-49_jpg.rf.c622f122f16aae57b8e77672375427cd.jpg,3,PP Plastic,3,PP Plastic,0.9999877214431763,1.511406935605919e-06,5.94263156017405e-06,3.3824878755694954e-06,0.9999877214431763,1.3904638080930454e-06
"/Users/aswanathjs/Downloads/test9/ai_plastic_waste_management_training/PET Plastic/plastic_bottles/PET1,339.jpg",2,PET Plastic,2,PET Plastic,0.9996005892753601,0.00026602199068292975,1.3547860362450592e-05,0.9996005892753601,0.00011034671479137614,9.454206519876607e-06
"/Users/aswanathjs/Downloads/test9/ai_plastic_waste_management_training/PET Plastic/plastic_bottles/PET1,211.jpg",2,PET Plastic,2,PET Plastic,0.999997615814209,4.147728205339263e-08,1.98637212633912e-06,0.999997615814209,4.2312723280701903e-07,1.649348924104288e-08
/Users/aswanathjs/Downloads/test9/ai_plastic_waste_management_training/PS Plastic/foam_sheets/PS-541_jpg.rf.94bc0a0945f6d5ad21f36be039cd2d5c.jpg,4,PS Plastic,4,PS Plastic,1.0,2.4782162100223104e-08,1.3503922424717985e-09,1.6213178577473286e-09,6.312451672485508e-10,1.0
/Users/aswanathjs/Downloads/test9/ai_plastic_waste_management_training/HDPE Plastic/milk_bottles/HDPEM136.jpg,0,HDPE Plastic,0,HDPE Plastic,1.0,1.0,3.962950627378614e-12,8.79916195462016e-10,3.968553929922791e-09,4.5273104709586676e-11
/Users/aswanathjs/Downloads/test9/ai_plastic_waste_management_training/LDPE Plastic/bin_bags/LDPE242-Photoroom_0_6216_jpg.rf.47231db1f481496611e5e4dad4e347d9.jpg,1,LDPE Plastic,1,LDPE Plastic,0.9671646952629089,0.0027226186357438564,0.9671646952629089,0.000791953585576266,0.028215033933520317,0.001105754403397441
/Users/aswanathjs/Downloads/test9/ai_plastic_waste_management_training/LDPE Plastic/bin_bags/LDPE242-Photoroom_0_6216_jpg.rf.b7bbb84c4117a4d9ca53a412b2746460.jpg,1,LDPE Plastic,1,LDPE Plastic,0.9994803071022034,2.0780822524102405e-05,0.9994803071022034,0.0002455572539474815,2.0043624317622744e-05,0.00023334923025686294
/Users/aswanathjs/Downloads/test9/ai_plastic_waste_management_training/LDPE Plastic/bin_bags_grey/LDPE242-Photoroom_0_6216_jpg.rf.b7bbb84c4117a4d9ca53a412b2746460.jpg,1,LDPE Plastic,1,LDPE Plastic,0.9989756345748901,3.392589496797882e-05,0.9989756345748901,0.0004663756408262998,3.262605605414137e-05,0.0004914107848890126
/Users/aswanathjs/Downloads/test9/ai_plastic_waste_management_training/PET Plastic/black_white_plastic_bottles/aznvl_jpg.rf.a3eb2b72f928bc0af1c03ffb37c16788.jpg,2,PET Plastic,2,PET Plastic,0.9999809265136719,8.455307352051022e-07,1.0877677595999558e-05,0.9999809265136719,5.863608294021105e-06,1.58652585469099e-06
/Users/aswanathjs/Downloads/test9/ai_plastic_waste_management_training/LDPE Plastic/plastic_bags/test_LDPE-50_jpg.rf.cc65e6440981f1f09e18444523c0455a.jpg,1,LDPE Plastic,1,LDPE Plastic,0.9999508857727051,1.7190677681355737e-05,0.9999508857727051,2.984210823342437e-06,6.829031008237507e-06,2.217215114797e-05
/Users/aswanathjs/Downloads/test9/ai_plastic_waste_management_training/PP Plastic/round_containers/0031_a05b01c1d1e0f0g0h1.jpg,3,PP Plastic,3,PP Plastic,0.999963641166687,3.434284735703841e-05,1.3430400258584996e-06,4.023778785722243e-07,0.999963641166687,3.079159398566844e-07
/Users/aswanathjs/Downloads/test9/ai_plastic_waste_management_training/HDPE Plastic/detergent_bottles/0010_a02b01c1d0e0f1g0h1.jpg,0,HDPE Plastic,0,HDPE Plastic,0.9829983115196228,0.9829983115196228,2.8935693990206346e-05,0.015847284346818924,0.0010977452620863914,2.7712776500266045e-05
/Users/aswanathjs/Downloads/test9/ai_plastic_waste_management_training/HDPE Plastic/detergent_botteles_grey/0010_a02b01c1d0e0f1g0h1.jpg,0,HDPE Plastic,0,HDPE Plastic,0.999699592590332,0.999699592590332,8.589995559304953e-06,0.00010051993012893945,0.00018963796901516616,1.7562730363351875e-06
/Users/aswanathjs/Downloads/test9/ai_plastic_waste_management_training/PS Plastic/foam_sheets/PS-891_jpg.rf.a446fb97beba4ad961e90772351469a9.jpg,4,PS Plastic,4,PS Plastic,1.0,4.363852834643467e-09,2.2203042182589172e-10,6.665154539398088e-10,2.513957930716515e-10,1.0
/Users/aswanathjs/Downloads/test9/ai_plastic_waste_management_training/PET Plastic/plastic_bottles/PET284.jpg,2,PET Plastic,2,PET Plastic,0.9999624490737915,3.042750222448376e-06,3.335848668939434e-05,0.9999624490737915,5.568234655584092e-07,5.255312771623721e-07
/Users/aswanathjs/Downloads/test9/ai_plastic_waste_management_training/HDPE Plastic/shampoo_bottles/0076_a02b06c2d0e0f1g0h4.jpg,0,HDPE Plastic,0,HDPE Plastic,0.9999643564224243,0.9999643564224243,8.549435506211012e-07,2.2378490029950626e-05,1.048902686306974e-05,1.8730901274466305e-06
/Users/aswanathjs/Downloads/test9/ai_plastic_waste_management_training/PET Plastic/black_white_plastic_bottles/bzamx_jpg.rf.b77a73d01e0707cff3aea78ddda85d1e.jpg,2,PET Plastic,2,PET Plastic,0.9999992847442627,5.798245865662466e-07,1.8006076629717427e-08,0.9999992847442627,5.705633654429221e-08,1.126028781328614e-08
/Users/aswanathjs/Downloads/test9/ai_plastic_waste_management_training/HDPE Plastic/detergent_bottles/Image_243.png,0,HDPE Plastic,0,HDPE Plastic,0.9999994039535522,0.9999994039535522,2.6855344614773458e-08,2.7197001983836344e-08,5.920629746469785e-07,1.1019309020809942e-08
/Users/aswanathjs/Downloads/test9/ai_plastic_waste_management_training/PS Plastic/foam_containers/Image_243.png,0,HDPE Plastic,4,PS Plastic,0.3273402452468872,0.21787787973880768,0.13343149423599243,0.013448316603899002,0.307902067899704,0.3273402452468872
/Users/aswanathjs/Downloads/test9/ai_plastic_waste_management_training/HDPE Plastic/detergent_bottles/0096_a02b04c1d3e0f0g0h3.jpg,0,HDPE Plastic,0,HDPE Plastic,1.0,1.0,1.5500721569478536e-14,6.24676178839767e-12,6.47677527929047e-12,4.486097637031866e-13
/Users/aswanathjs/Downloads/test9/ai_plastic_waste_management_training/PET Plastic/black_white_plastic_bottles/abjgk_jpg.rf.e12e90efa6341f65fe80a39652a215a3.jpg,2,PET Plastic,2,PET Plastic,0.999996542930603,2.3104789761418942e-06,3.2931701809957303e-08,0.999996542930603,1.086298652808182e-06,8.299075915374488e-08
/Users/aswanathjs/Downloads/test9/ai_plastic_waste_management_training/PS Plastic/foam_containers/0058_a06b01c1d3e0f0g0h0.jpg,4,PS Plastic,4,PS Plastic,0.9991956353187561,0.00023328367387875915,1.3608750123239588e-05,2.5588098651496693e-05,0.0005318524781614542,0.9991956353187561
/Users/aswanathjs/Downloads/test9/ai_plastic_waste_management_training/LDPE Plastic/plastic_bags/plasticbag (95).jpg,1,LDPE Plastic,1,LDPE Plastic,0.999987006187439,2.9422571969917044e-06,0.999987006187439,1.2845576691233873e-07,5.479258561535971e-06,4.442328190634726e-06
/Users/aswanathjs/Downloads/test9/ai_plastic_waste_management_training/LDPE Plastic/black_white__plastic_bags/0287_jpg.rf.48f6a64d1e8205664647763713afe620.jpg,1,LDPE Plastic,1,LDPE Plastic,0.9999926090240479,4.765437324749655e-07,0.9999926090240479,2.1207240479270695e-06,2.7669191240420332e-06,2.0520055841188878e-06
/Users/aswanathjs/Downloads/test9/ai_plastic_waste_management_training/PP Plastic/square_containers/IMG_20220209_175319.jpg,3,PP Plastic,3,PP Plastic,0.9994903802871704,0.0002683417988009751,2.9291366445249878e-05,0.00013917182513978332,0.9994903802871704,7.277870463440195e-05
"/Users/aswanathjs/Downloads/test9/ai_plastic_waste_management_training/PET Plastic/plastic_bottles/PET1,671.jpg",2,PET Plastic,2,PET Plastic,0.9999864101409912,1.5200345160337747e-06,9.7946749519906e-06,0.9999864101409912,2.1380468950837894e-08,2.3466050151910167e-06
/Users/aswanathjs/Downloads/test9/ai_plastic_waste_management_training/LDPE Plastic/plastic_bags/LDPE-55_jpg.rf.92d80c4a5916e30f57f38f917c8df782.jpg,1,LDPE Plastic,1,LDPE Plastic,0.999874472618103,1.6562062228331342e-05,0.999874472618103,9.831403076532297e-06,8.11139470897615e-05,1.788758163456805e-05
/Users/aswanathjs/Downloads/test9/ai_plastic_waste_management_training/LDPE Plastic/plastic_bags/LDPE-55_jpg.rf.bbf2bfb0a6d6cc534bac86bde66acc52.jpg,1,LDPE Plastic,1,LDPE Plastic,0.9994145631790161,4.853470090893097e-05,0.9994145631790161,5.0091981393052265e-05,0.0004109522851649672,7.593810005346313e-05
/Users/aswanathjs/Downloads/test9/ai_plastic_waste_management_training/PET Plastic/plastic_bottles/PET813.jpg,2,PET Plastic,2,PET Plastic,0.9990749359130859,0.00011561517749214545,0.0006722086691297591,0.9990749359130859,2.539876186347101e-05,0.00011183515744050965
/Users/aswanathjs/Downloads/test9/ai_plastic_waste_management_training/PET Plastic/black_white_plastic_bottles/buaxg_jpg.rf.0aaf5f50b0b33fd24adab4eae0cba1f3.jpg,2,PET Plastic,2,PET Plastic,0.9999974966049194,4.991217679162219e-07,1.8502807961340295e-06,0.9999974966049194,9.319634131088605e-08,6.077127778780778e-08
/Users/aswanathjs/Downloads/test9/ai_plastic_waste_management_training/PP Plastic/round_containers/0035_a06b01c2d0e0f0g0h1.jpg,3,PP Plastic,3,PP Plastic,0.999854326248169,0.0001241254503838718,1.8257060219184496e-06,8.83711709320778e-06,0.999854326248169,1.0922691217274405e-05
/Users/aswanathjs/Downloads/test9/ai_plastic_waste_management_training/LDPE Plastic/plastic_bags/plasticbag (202) 17.43.56.jpg,1,LDPE Plastic,1,LDPE Plastic,0.9997949004173279,8.418352081207559e-05,0.9997949004173279,0.00010026783274952322,1.3966467122372705e-05,6.752975878043799e-06
/Users/aswanathjs/Downloads/test9/ai_plastic_waste_management_training/PET Plastic/plastic_bottles/PET383.jpg,2,PET Plastic,2,PET Plastic,0.9999974966049194,1.175196302938275e-06,2.000704029114786e-07,0.9999974966049194,9.772971907295869e-07,1.6693503823717037e-07
/Users/aswanathjs/Downloads/test9/ai_plastic_waste_management_training/PS Plastic/foam_sheets/PS-578_jpg.rf.c03726dafadd0f44a0b489aecf97378a.jpg,4,PS Plastic,4,PS Plastic,0.9999991655349731,3.9689635400463885e-07,4.381050473512005e-07,5.171626682454189e-08,2.5130475478363223e-08,0.9999991655349731
/Users/aswanathjs/Downloads/test9/ai_plastic_waste_management_training/PP Plastic/round_containers/0035_a06b01c1d3e0f0g0h1.jpg,3,PP Plastic,3,PP Plastic,0.9999963045120239,1.460895475702273e-07,1.027008579512767e-06,1.9479721231618896e-06,0.9999963045120239,5.058206511421304e-07
/Users/aswanathjs/Downloads/test9/ai_plastic_waste_management_training/LDPE Plastic/black_white__plastic_bags/0212_jpg.rf.ba87953b5ea0fccf949ddf2fee967405.jpg,1,LDPE Plastic,1,LDPE Plastic,0.9999790191650391,9.770793440111447e-06,0.9999790191650391,2.056095354419085e-06,7.804998858773615e-06,1.4141082829155494e-06
/Users/aswanathjs/Downloads/test9/ai_plastic_waste_management_training/LDPE Plastic/black_white__plastic_bags/0010_jpg.rf.c08dae215cba013f747e600d5be2c42b.jpg,1,LDPE Plastic,1,LDPE Plastic,0.9997119307518005,5.927805887040449e-06,0.9997119307518005,5.7103105064015836e-05,0.00021845626179128885,6.532126008096384e-06
/Users/aswanathjs/Downloads/test9/ai_plastic_waste_management_training/PET Plastic/black_white_plastic_bottles/buhps_jpg.rf.0132a374225268f2ab552d9256129079.jpg,2,PET Plastic,2,PET Plastic,0.9999995231628418,3.2702395458272804e-08,3.478040753179812e-07,0.9999995231628418,8.067642198739122e-08,7.952246861009371e-09
/Users/aswanathjs/Downloads/test9/ai_plastic_waste_management_training/PS Plastic/foam_containers/Image_79.png,4,PS Plastic,4,PS Plastic,0.6292719841003418,0.036266494542360306,0.11315175890922546,0.003415490733459592,0.21789424121379852,0.6292719841003418
/Users/aswanathjs/Downloads/test9/ai_plastic_waste_management_training/HDPE Plastic/detergent_bottles/IMG_20220209_220107.jpg,0,HDPE Plastic,0,HDPE Plastic,0.9985878467559814,0.9985878467559814,2.6674715059016307e-07,0.0009736045030876994,0.00043806646135635674,2.084593120343925e-07
/Users/aswanathjs/Downloads/test9/ai_plastic_waste_management_training/PET Plastic/plastic_bottles/PET938.jpg,2,PET Plastic,2,PET Plastic,0.9999994039535522,1.9634425996173377e-07,2.1050968257441127e-07,0.9999994039535522,1.3011779742555518e-07,1.0820448537174343e-08
/Users/aswanathjs/Downloads/test9/ai_plastic_waste_management_training/PP Plastic/rectangle_containers/0011_a05b00c1d3e0f0g0h4.jpg,3,PP Plastic,3,PP Plastic,0.9999449253082275,3.081494924117578e-06,1.17088975457591e-05,3.6807527067139745e-05,0.9999449253082275,3.4423405850247946e-06
/Users/aswanathjs/Downloads/test9/ai_plastic_waste_management_training/PP Plastic/square_containers/0011_a05b00c1d3e0f0g0h4.jpg,3,PP Plastic,3,PP Plastic,0.9999449253082275,3.081494924117578e-06,1.17088975457591e-05,3.6807527067139745e-05,0.9999449253082275,3.4423405850247946e-06
"/Users/aswanathjs/Downloads/test9/ai_plastic_waste_management_training/PET Plastic/plastic_bottles/PET1,546.jpg",2,PET Plastic,2,PET Plastic,0.9999762773513794,8.218196256848387e-08,2.319396662642248e-05,0.9999762773513794,3.80135304567375e-07,8.694311048884629e-08
/Users/aswanathjs/Downloads/test9/ai_plastic_waste_management_training/HDPE Plastic/detergent_bottles/IMG_20220209_182711.jpg,0,HDPE Plastic,0,HDPE Plastic,0.9984747767448425,0.9984747767448425,1.1282503692200407e-05,0.0014873730251565576,2.616267738630995e-05,3.213540651358926e-07
"/Users/aswanathjs/Downloads/test9/ai_plastic_waste_management_training/PET Plastic/plastic_bottles/PET1,722.jpg",2,PET Plastic,2,PET Plastic,0.9999675750732422,1.056879227689933e-06,2.822582609951496e-05,0.9999675750732422,2.659815891092876e-06,5.367252242649556e-07
"/Users/aswanathjs/Downloads/test9/ai_plastic_waste_management_training/PET Plastic/plastic_bottles/PET1,267.jpg",2,PET Plastic,2,PET Plastic,0.9999186992645264,5.006938226870261e-05,1.2796867849829141e-05,0.9999186992645264,4.974940566171426e-06,1.3474268598656636e-05
/Users/aswanathjs/Downloads/test9/ai_plastic_waste_management_training/LDPE Plastic/black_white__plastic_bags/0144_jpg.rf.2462a22e9ae41eb5e560764f23d29467.jpg,1,LDPE Plastic,1,LDPE Plastic,0.9996411800384521,1.4910103345755488e-05,0.9996411800384521,4.00818680645898e-05,0.00029050192097201943,1.3238298379292246e-05
/Users/aswanathjs/Downloads/test9/ai_plastic_waste_management_training/LDPE Plastic/plastic_bags/LDPE-586_jpg.rf.1f8ad740cbf30b906c3ef360fb917351.jpg,1,LDPE Plastic,1,LDPE Plastic,0.9997405409812927,3.031030018973979e-06,0.9997405409812927,2.0904715711367317e-05,0.00016576585767325014,6.97012001182884e-05
/Users/aswanathjs/Downloads/test9/ai_plastic_waste_management_training/HDPE Plastic/shampoo_bottles/0061_a02b01c2d1e0f1g0h2(1).jpg,0,HDPE Plastic,0,HDPE Plastic,0.9999997615814209,0.9999997615814209,7.045540262318184e-10,2.737063198310352e-07,3.778438184554034e-08,1.940271410205696e-08
/Users/aswanathjs/Downloads/test9/ai_plastic_waste_management_training/PET Plastic/black_white_plastic_bottles/camij_jpg.rf.ab5594cbae8803a4714f77c4913e11b8.jpg,2,PET Plastic,2,PET Plastic,0.9999985694885254,1.1947982159199455e-07,8.662447044116561e-07,0.9999985694885254,2.0550719170842058e-07,2.5141162041109055e-07
/Users/aswanathjs/Downloads/test9/ai_plastic_waste_management_training/HDPE Plastic/shampoo_bottles/0023_a02b01c1d3e0f1g0h4.jpg,0,HDPE Plastic,0,HDPE Plastic,0.9999932050704956,0.9999932050704956,1.1437018443416491e-08,3.025465048267506e-06,3.636087967606727e-06,1.1230540053475124e-07
/Users/aswanathjs/Downloads/test9/ai_plastic_waste_management_training/PP Plastic/square_containers/Image_132.png,3,PP Plastic,3,PP Plastic,0.9929359555244446,0.0009784329449757934,0.005890442058444023,5.927088932367042e-05,0.9929359555244446,0.0001358987792627886
/Users/aswanathjs/Downloads/test9/ai_plastic_waste_management_training/PS Plastic/foam_containers/Image_132.png,3,PP Plastic,3,PP Plastic,0.5309814810752869,0.040558308362960815,0.06448636204004288,0.0035527206491678953,0.5309814810752869,0.3604211211204529
/Users/aswanathjs/Downloads/test9/ai_plastic_waste_management_training/HDPE Plastic/milk_bottles/HDPEM96.jpg,0,HDPE Plastic,0,HDPE Plastic,0.9999637603759766,0.9999637603759766,3.741584464478365e-08,2.8249118258827366e-05,7.299180651898496e-06,6.196639787958702e-07
/Users/aswanathjs/Downloads/test9/ai_plastic_waste_management_training/PP Plastic/round_containers/0032_a05b01c1d3e0f0g0h4.jpg,3,PP Plastic,3,PP Plastic,0.9998118281364441,0.00012603825598489493,9.072714988178632e-07,5.3959865908836946e-05,0.9998118281364441,7.198883395176381e-06
"/Users/aswanathjs/Downloads/test9/ai_plastic_waste_management_training/PET Plastic/plastic_bottles/PET1,429.jpg",2,PET Plastic,2,PET Plastic,0.9999823570251465,9.985664291889407e-06,1.477691739637521e-06,0.9999823570251465,4.885890120931435e-06,1.3287910860526608e-06
/Users/aswanathjs/Downloads/test9/ai_plastic_waste_management_training/PET Plastic/black_white_plastic_bottles/dklnv_jpg.rf.bac7619e573359f8daaed19610d9e2c2.jpg,2,PET Plastic,2,PET Plastic,0.9999922513961792,6.1018522501399275e-06,1.9376615512101125e-07,0.9999922513961792,6.964504564166418e-07,7.538975523857516e-07
/Users/aswanathjs/Downloads/test9/ai_plastic_waste_management_training/LDPE Plastic/plastic_bags/plasticbag (177) 17.43.56.jpg,1,LDPE Plastic,1,LDPE Plastic,0.9999829530715942,5.279430297377985e-06,0.9999829530715942,9.38861739996355e-06,1.2545834806587663e-06,1.115734789891576e-06
/Users/aswanathjs/Downloads/test9/ai_plastic_waste_management_training/LDPE Plastic/plastic_bags/LDPE-748_jpg.rf.b09b90f75dda2521362f715963c77176.jpg,1,LDPE Plastic,1,LDPE Plastic,0.9990987777709961,6.236133049242198e-05,0.9990987777709961,6.363369902828708e-05,0.0006408742046914995,0.00013439198664855212
/Users/aswanathjs/Downloads/test9/ai_plastic_waste_management_training/HDPE Plastic/milk_bottles/HDPEM207.jpg,0,HDPE Plastic,0,HDPE Plastic,0.9999996423721313,0.9999996423721313,7.430339121761165e-10,1.9480202695376647e-07,4.3070780719745017e-08,6.54171756764299e-08

