image_path,true_label,true_class,predicted_label,predicted_class,confidence,probability_HDPE_Plastic,probability_LDPE_Plastic,probability_PET_Plastic,probability_PP_Plastic,probability_PS_Plastic
/Users/aswanathjs/Downloads/test10/ai_plastic_waste_management_training/PET Plastic/black_white_plastic_bottles/bwkzp_jpg.rf.f6a41f5aa1a34a50f8a2c4b2a8f4f86d.jpg,2,PET Plastic,2,PET Plastic,0.9981095790863037,0.0005960568669252098,0.0005451054312288761,0.9981095790863037,0.0005665227072313428,0.00018265293329022825
/Users/aswanathjs/Downloads/test10/ai_plastic_waste_management_training/PET Plastic/shampoo_bottles/0100_a05b00c2d3e0f0g0h1.jpg,2,PET Plastic,2,PET Plastic,0.9929485321044922,0.000927604443859309,0.0004743225872516632,0.9929485321044922,0.00553614879027009,0.00011335305316606537
/Users/aswanathjs/Downloads/test10/ai_plastic_waste_management_training/PET Plastic/shampoo_bottles/0100_a05b00c1d0e0f0g0h4.jpg,2,PET Plastic,2,PET Plastic,0.9947498440742493,5.461747423396446e-05,9.736597712617368e-05,0.9947498440742493,0.005049154628068209,4.904762681690045e-05
/Users/aswanathjs/Downloads/test10/ai_plastic_waste_management_training/LDPE Plastic/plastic_bags/LDPE-379_jpg.rf.f5ed3564e0f9df6a6aad508a3724e5fb.jpg,1,LDPE Plastic,1,LDPE Plastic,0.9950650334358215,0.00047289449139498174,0.9950650334358215,0.0007484297966584563,0.0017396145267412066,0.0019740897696465254
/Users/aswanathjs/Downloads/test10/ai_plastic_waste_management_training/LDPE Plastic/plastic_bags/plasticbag (52).jpg,1,LDPE Plastic,1,LDPE Plastic,0.6518449187278748,0.048685844987630844,0.6518449187278748,0.011174825020134449,0.1199938952922821,0.16830050945281982
/Users/aswanathjs/Downloads/test10/ai_plastic_waste_management_training/HDPE Plastic/detergent_bottles/IMG_20220209_182214.jpg,0,HDPE Plastic,0,HDPE Plastic,0.8932276368141174,0.8932276368141174,0.0011981058632954955,0.015134027227759361,0.08618102967739105,0.004259149543941021
/Users/aswanathjs/Downloads/test10/ai_plastic_waste_management_training/PP Plastic/square_containers/IMG20220210150403.jpg,3,PP Plastic,3,PP Plastic,0.8500899076461792,0.12359927594661713,0.0029995290096849203,0.004266590345650911,0.8500899076461792,0.019044717773795128
/Users/aswanathjs/Downloads/test10/ai_plastic_waste_management_training/PET Plastic/plastic_bottles/PET303.jpg,2,PET Plastic,2,PET Plastic,0.9953131675720215,0.0015377921517938375,0.000775107997469604,0.9953131675720215,0.001977172214537859,0.00039668084355071187
/Users/aswanathjs/Downloads/test10/ai_plastic_waste_management_training/PP Plastic/rectangle_containers/0011_a05b00c1d0e0f0g0h3.jpg,3,PP Plastic,3,PP Plastic,0.9922932386398315,0.002163069322705269,9.362999844597653e-05,0.0029251589439809322,0.9922932386398315,0.0025248355232179165
/Users/aswanathjs/Downloads/test10/ai_plastic_waste_management_training/PP Plastic/square_containers/0011_a05b00c1d0e0f0g0h3.jpg,3,PP Plastic,3,PP Plastic,0.9922932386398315,0.002163069322705269,9.362999844597653e-05,0.0029251589439809322,0.9922932386398315,0.0025248355232179165
/Users/aswanathjs/Downloads/test10/ai_plastic_waste_management_training/PET Plastic/black_white_plastic_bottles/cmbly_jpg.rf.4690ab661cffb8f7cbef59e73be4c960.jpg,2,PET Plastic,2,PET Plastic,0.9953022003173828,0.0038607639726251364,0.0002794323081616312,0.9953022003173828,0.0003693459730129689,0.00018824143626261503
"/Users/aswanathjs/Downloads/test10/ai_plastic_waste_management_training/PET Plastic/plastic_bottles/PET1,256.jpg",2,PET Plastic,2,PET Plastic,0.9998270869255066,0.00015308288857340813,4.0243727994493383e-07,0.9998270869255066,1.4695865502289962e-05,4.702154456026619e-06
/Users/aswanathjs/Downloads/test10/ai_plastic_waste_management_training/LDPE Plastic/black_white__plastic_bags/0188_jpg.rf.f50f1292abf642d454800ee713afdc29.jpg,1,LDPE Plastic,1,LDPE Plastic,0.9748702049255371,0.011153610423207283,0.9748702049255371,0.0028295854572206736,0.005036318674683571,0.006110226269811392
/Users/aswanathjs/Downloads/test10/ai_plastic_waste_management_training/PET Plastic/plastic_bottles/PET996.jpg,2,PET Plastic,2,PET Plastic,0.9977503418922424,0.00017955205112230033,0.0017586052417755127,0.9977503418922424,0.00023579824483022094,7.571648166049272e-05
/Users/aswanathjs/Downloads/test10/ai_plastic_waste_management_training/HDPE Plastic/shampoo_bottles/0099_a02b01c1d1e0f1g0h0.jpg,0,HDPE Plastic,0,HDPE Plastic,0.9999957084655762,0.9999957084655762,7.403608748290935e-08,2.5961664960050257e-06,5.229549628893437e-07,1.0174503586313222e-06
/Users/aswanathjs/Downloads/test10/ai_plastic_waste_management_training/PET Plastic/shampoo_bottles/0015_a05b00c2d2e1f1g0h2.jpg,2,PET Plastic,2,PET Plastic,0.7474366426467896,0.013412964530289173,8.955194789450616e-05,0.7474366426467896,0.2377411276102066,0.0013197039952501655
/Users/aswanathjs/Downloads/test10/ai_plastic_waste_management_training/PS Plastic/foam_sheets/PS-725_jpg.rf.265279c03fd2a7f3def767a1f0d0fb85.jpg,4,PS Plastic,4,PS Plastic,0.9987030029296875,0.00036021051346324384,0.00018916602130047977,0.0002865663846023381,0.0004609377065207809,0.9987030029296875
/Users/aswanathjs/Downloads/test10/ai_plastic_waste_management_training/PET Plastic/shampoo_bottles/0080_a05b00c2d3e0f1g0h0.jpg,2,PET Plastic,2,PET Plastic,0.8820085525512695,0.0002416939241811633,0.0004758928844239563,0.8820085525512695,0.1163017675280571,0.000972034758888185
/Users/aswanathjs/Downloads/test10/ai_plastic_waste_management_training/HDPE Plastic/shampoo_bottles/0065_a02b03c2d0e0f1g0h3.jpg,0,HDPE Plastic,0,HDPE Plastic,0.9995412826538086,0.9995412826538086,8.789140338194557e-06,0.00028709674370475113,0.00012300546222832054,3.987176751252264e-05
/Users/aswanathjs/Downloads/test10/ai_plastic_waste_management_training/HDPE Plastic/shampoo_bottiles_grey/0063_a02b01c2d1e0f1g1h2.jpg,0,HDPE Plastic,0,HDPE Plastic,0.9929007291793823,0.9929007291793823,3.8759557355660945e-05,0.0027079908177256584,0.004059900529682636,0.00029255251865834
/Users/aswanathjs/Downloads/test10/ai_plastic_waste_management_training/HDPE Plastic/shampoo_bottles/0063_a02b01c2d1e0f1g1h2.jpg,0,HDPE Plastic,0,HDPE Plastic,0.9977478384971619,0.9977478384971619,5.918326678511221e-06,0.0011056209914386272,0.001015066052787006,0.00012544874334707856
/Users/aswanathjs/Downloads/test10/ai_plastic_waste_management_training/PS Plastic/foam_containers/Image_83.png,4,PS Plastic,4,PS Plastic,0.5253430604934692,0.1772301346063614,0.1801026165485382,0.03306250646710396,0.08426167070865631,0.5253430604934692
/Users/aswanathjs/Downloads/test10/ai_plastic_waste_management_training/PET Plastic/black_white_plastic_bottles/daxmw_jpg.rf.de5e8107e88aee1aeb897e73c8ef5585.jpg,2,PET Plastic,2,PET Plastic,0.9981881976127625,0.0009289736626669765,0.0005661873728968203,0.9981881976127625,0.0002296608581673354,8.701104525243863e-05
"/Users/aswanathjs/Downloads/test10/ai_plastic_waste_management_training/PET Plastic/plastic_bottles/PET1,709.jpg",2,PET Plastic,2,PET Plastic,0.9974650144577026,0.0022391651291400194,9.738299559103325e-05,0.9974650144577026,0.0001442405628040433,5.4158761486178264e-05
/Users/aswanathjs/Downloads/test10/ai_plastic_waste_management_training/PP Plastic/round_containers/IMG_20220209_174527.jpg,3,PP Plastic,3,PP Plastic,0.7325941920280457,0.06786130368709564,0.03184060752391815,0.11914770305156708,0.7325941920280457,0.0485561229288578
"/Users/aswanathjs/Downloads/test10/ai_plastic_waste_management_training/PET Plastic/plastic_bottles/PET1,665.jpg",2,PET Plastic,2,PET Plastic,0.9972826242446899,0.0011506850132718682,0.00026453708414919674,0.9972826242446899,0.001113728852942586,0.00018845219165086746
/Users/aswanathjs/Downloads/test10/ai_plastic_waste_management_training/PS Plastic/foam_containers/styrofoam-129-_jpg.rf.f085126d9d8a168843dc1b675d87a509.jpg,4,PS Plastic,4,PS Plastic,0.9909952282905579,0.005376051180064678,0.00021279705106280744,6.64869075990282e-05,0.003349439473822713,0.9909952282905579
/Users/aswanathjs/Downloads/test10/ai_plastic_waste_management_training/LDPE Plastic/plastic_bags/LDPE-30_jpg.rf.6b62df7b27253bd40adbf73c6a0d7070.jpg,1,LDPE Plastic,1,LDPE Plastic,0.9855513572692871,0.0031901528127491474,0.9855513572692871,0.0029847975820302963,0.0022541836369782686,0.0060195173136889935
/Users/aswanathjs/Downloads/test10/ai_plastic_waste_management_training/LDPE Plastic/plastic_bags/LDPE-30_jpg.rf.11254a815e14b64c2c3ebfba0477ce2f.jpg,1,LDPE Plastic,1,LDPE Plastic,0.997830331325531,0.0004038176266476512,0.997830331325531,0.0010289157507941127,0.0005121580907143652,0.00022468956012744457
/Users/aswanathjs/Downloads/test10/ai_plastic_waste_management_training/PET Plastic/black_white_plastic_bottles/bfasp_jpg.rf.1d174e0deacf5daf19d01fadc78bb4e9.jpg,2,PET Plastic,2,PET Plastic,0.999685525894165,4.38363422290422e-05,0.00010078248305944726,0.999685525894165,0.0001287498016608879,4.1130813769996166e-05
/Users/aswanathjs/Downloads/test10/ai_plastic_waste_management_training/PP Plastic/square_containers/Image_106.png,3,PP Plastic,3,PP Plastic,0.8344623446464539,0.03349960595369339,0.10156421363353729,0.0035861562937498093,0.8344623446464539,0.026887672021985054
/Users/aswanathjs/Downloads/test10/ai_plastic_waste_management_training/PS Plastic/foam_containers/Image_106.png,3,PP Plastic,3,PP Plastic,0.4762055277824402,0.049033112823963165,0.1687503457069397,0.20665772259235382,0.4762055277824402,0.09935323894023895
/Users/aswanathjs/Downloads/test10/ai_plastic_waste_management_training/LDPE Plastic/black_white__plastic_bags/0072_jpg.rf.1f5d6771bc0aaa991713d4deec733d61.jpg,1,LDPE Plastic,1,LDPE Plastic,0.5700806379318237,0.01869935356080532,0.5700806379318237,0.19474902749061584,0.1736907660961151,0.0427803099155426
/Users/aswanathjs/Downloads/test10/ai_plastic_waste_management_training/PET Plastic/black_white_plastic_bottles/cnzoq_jpg.rf.7cf46d69d7ba14d91379304d5cd5e49f.jpg,2,PET Plastic,2,PET Plastic,0.9983553290367126,0.00030452306964434683,0.00028391845989972353,0.9983553290367126,0.0006296874489635229,0.0004264149465598166
/Users/aswanathjs/Downloads/test10/ai_plastic_waste_management_training/PS Plastic/foam_containers/styrofoam-122-_jpg.rf.59c8f3c7a1b4bfdd54bc122b160ae9ec.jpg,4,PS Plastic,4,PS Plastic,0.9870571494102478,0.00811705645173788,0.0010911963181570172,0.0008500621188431978,0.002884484827518463,0.9870571494102478
/Users/aswanathjs/Downloads/test10/ai_plastic_waste_management_training/PS Plastic/foam_sheets/PS-868_jpg.rf.fa54d7c812248cf5ed8f027a3e98ab8a.jpg,4,PS Plastic,4,PS Plastic,0.9999376535415649,8.411419912590645e-06,4.1172472265316173e-05,3.751759550141287e-06,9.022312042361591e-06,0.9999376535415649
/Users/aswanathjs/Downloads/test10/ai_plastic_waste_management_training/HDPE Plastic/detergent_bottles/0096_a02b04c2d0e0f0g0h4.jpg,0,HDPE Plastic,0,HDPE Plastic,0.9988352656364441,0.9988352656364441,3.816820390056819e-05,2.8924074285896495e-05,0.0009680293733254075,0.00012962562323082238
/Users/aswanathjs/Downloads/test10/ai_plastic_waste_management_training/LDPE Plastic/black_white__plastic_bags/0214_jpg.rf.9cb3a5cc1fdd76c1c76caf27166674ac.jpg,1,LDPE Plastic,1,LDPE Plastic,0.9819695949554443,0.009409109130501747,0.9819695949554443,0.0011747194221243262,0.0043665943667292595,0.0030799906235188246
/Users/aswanathjs/Downloads/test10/ai_plastic_waste_management_training/PET Plastic/plastic_bottles/PET892.jpg,2,PET Plastic,2,PET Plastic,0.9998831748962402,4.4490636355476454e-05,3.615890454966575e-05,0.9998831748962402,2.4612510969745927e-05,1.1543927030288614e-05
/Users/aswanathjs/Downloads/test10/ai_plastic_waste_management_training/PET Plastic/plastic_bottles/PET526.jpg,2,PET Plastic,2,PET Plastic,0.9951006770133972,0.0012853011721745133,0.00036943034501746297,0.9951006770133972,0.0024002878926694393,0.0008444060222245753
/Users/aswanathjs/Downloads/test10/ai_plastic_waste_management_training/PET Plastic/black_white_plastic_bottles/cniwo_jpg.rf.53303bb1029126842445744b4dbf88be.jpg,2,PET Plastic,2,PET Plastic,0.9978917241096497,0.0005468091112561524,0.0013717247638851404,0.9978917241096497,0.00010437278251629323,8.532797801308334e-05
/Users/aswanathjs/Downloads/test10/ai_plastic_waste_management_training/LDPE Plastic/black_white__plastic_bags/0057_jpg.rf.0503b03afd0910c67b22b2c19be1151f.jpg,1,LDPE Plastic,1,LDPE Plastic,0.9719365835189819,0.002278184751048684,0.9719365835189819,0.02056036703288555,0.003153756260871887,0.002071122406050563
/Users/aswanathjs/Downloads/test10/ai_plastic_waste_management_training/HDPE Plastic/shampoo_bottles/0077_a02b01c1d1e0f1g0h2.jpg,0,HDPE Plastic,0,HDPE Plastic,0.9989773035049438,0.9989773035049438,1.8525872292229906e-05,0.0003748362069018185,0.0002800231450237334,0.00034925801446661353
/Users/aswanathjs/Downloads/test10/ai_plastic_waste_management_training/HDPE Plastic/detergent_bottles/IMG_20220209_182132.jpg,0,HDPE Plastic,0,HDPE Plastic,0.9321221113204956,0.9321221113204956,0.0006770975887775421,0.050901491194963455,0.014713539741933346,0.0015856253448873758
/Users/aswanathjs/Downloads/test10/ai_plastic_waste_management_training/LDPE Plastic/plastic_bags_grey/LDPE-458_jpg.rf.00b695f9b3916ed06c5323466f91e221.jpg,1,LDPE Plastic,1,LDPE Plastic,0.9976735711097717,0.0007357947179116309,0.9976735711097717,0.00031083435169421136,0.000614102347753942,0.0006657377816736698
/Users/aswanathjs/Downloads/test10/ai_plastic_waste_management_training/LDPE Plastic/plastic_bags/LDPE-458_jpg.rf.00b695f9b3916ed06c5323466f91e221.jpg,1,LDPE Plastic,1,LDPE Plastic,0.9954025745391846,0.0013821625616401434,0.9954025745391846,0.000774128595367074,0.0012611525598913431,0.0011799470521509647
/Users/aswanathjs/Downloads/test10/ai_plastic_waste_management_training/PP Plastic/round_containers/0031_a05b01c2d1e0f0g0h3.jpg,3,PP Plastic,3,PP Plastic,0.9916103482246399,0.007715380284935236,1.1049109161831439e-05,0.0005528977490030229,0.9916103482246399,0.00011035257193725556
/Users/aswanathjs/Downloads/test10/ai_plastic_waste_management_training/PS Plastic/foam_sheets/PS-762_jpg.rf.5f09ed2ca25f61bcd82e970939554c22.jpg,4,PS Plastic,4,PS Plastic,0.9924474954605103,0.0005884038400836289,0.0032658379059284925,0.0010286907199770212,0.002669625449925661,0.9924474954605103
/Users/aswanathjs/Downloads/test10/ai_plastic_waste_management_training/PS Plastic/foam_containers/Image_119.png,4,PS Plastic,4,PS Plastic,0.3968164026737213,0.060650166124105453,0.3416624367237091,0.019961856305599213,0.18090923130512238,0.3968164026737213
/Users/aswanathjs/Downloads/test10/ai_plastic_waste_management_training/HDPE Plastic/shampoo_bottiles_grey/0077_a02b01c1d3e0f1g0h3.jpg,0,HDPE Plastic,3,PP Plastic,0.5825058817863464,0.20966336131095886,0.010993892326951027,0.18813450634479523,0.5825058817863464,0.008702322840690613
/Users/aswanathjs/Downloads/test10/ai_plastic_waste_management_training/HDPE Plastic/shampoo_bottles/0077_a02b01c1d3e0f1g0h3.jpg,0,HDPE Plastic,0,HDPE Plastic,0.5407304167747498,0.5407304167747498,0.006228117737919092,0.09706104546785355,0.3477667570114136,0.008213602937757969
/Users/aswanathjs/Downloads/test10/ai_plastic_waste_management_training/LDPE Plastic/plastic_bags/train_LDPE-53_jpg.rf.401ae5b0b4d14039d8286ce3b1d9f768.jpg,1,LDPE Plastic,1,LDPE Plastic,0.9980483055114746,0.0005294601432979107,0.9980483055114746,0.0002770843857433647,0.0002712812856771052,0.0008739113691262901
/Users/aswanathjs/Downloads/test10/ai_plastic_waste_management_training/HDPE Plastic/shampoo_bottles/0077_a02b01c1d1e0f1g0h3.jpg,0,HDPE Plastic,0,HDPE Plastic,0.9998456239700317,0.9998456239700317,5.267759206617484e-07,0.00011698923481162637,2.4284567189170048e-05,1.2490471817727666e-05
/Users/aswanathjs/Downloads/test10/ai_plastic_waste_management_training/PET Plastic/plastic_bottles/PET565.jpg,2,PET Plastic,2,PET Plastic,0.9998284578323364,7.991313759703189e-05,1.1453137631178834e-05,0.9998284578323364,6.103754276409745e-05,1.918231646413915e-05
/Users/aswanathjs/Downloads/test10/ai_plastic_waste_management_training/PET Plastic/plastic_bottles/PET865.jpg,2,PET Plastic,2,PET Plastic,0.9985322952270508,0.0009726037969812751,6.0870344896102324e-05,0.9985322952270508,0.0003321435651741922,0.00010209470201516524
/Users/aswanathjs/Downloads/test10/ai_plastic_waste_management_training/LDPE Plastic/plastic_bags/plasticbag (138).jpg,1,LDPE Plastic,1,LDPE Plastic,0.9537918567657471,0.02076578512787819,0.9537918567657471,0.003443524008616805,0.017122909426689148,0.004875923041254282
/Users/aswanathjs/Downloads/test10/ai_plastic_waste_management_training/LDPE Plastic/plastic_bags/train_LDPE-45_jpg.rf.52ef197242be2fee5fe1d126cebe32c6.jpg,1,LDPE Plastic,1,LDPE Plastic,0.9871330261230469,0.0029114936478435993,0.9871330261230469,0.0031352608930319548,0.002949794288724661,0.003870511194691062
"/Users/aswanathjs/Downloads/test10/ai_plastic_waste_management_training/PET Plastic/plastic_bottles/PET1,536.jpg",2,PET Plastic,2,PET Plastic,0.9996464252471924,0.00012084512127330527,1.7285528883803636e-05,0.9996464252471924,0.00016821133613120764,4.721400182461366e-05
/Users/aswanathjs/Downloads/test10/ai_plastic_waste_management_training/HDPE Plastic/shampoo_bottles/0061_a02b01c1d3e0f1g0h3(1).jpg,0,HDPE Plastic,0,HDPE Plastic,0.999067485332489,0.999067485332489,7.926880243758205e-06,0.0006167129031382501,0.0002500689006410539,5.784893437521532e-05
/Users/aswanathjs/Downloads/test10/ai_plastic_waste_management_training/LDPE Plastic/plastic_bags/plasticbag (29).jpg,1,LDPE Plastic,1,LDPE Plastic,0.9909154772758484,0.0037380580324679613,0.9909154772758484,0.001767088077031076,0.0025323957670480013,0.001046933000907302
/Users/aswanathjs/Downloads/test10/ai_plastic_waste_management_training/PP Plastic/round_containers/IMG_20220209_173618.jpg,3,PP Plastic,3,PP Plastic,0.946809709072113,0.01437930017709732,0.012623085640370846,0.013546766713261604,0.946809709072113,0.01264115609228611
/Users/aswanathjs/Downloads/test10/ai_plastic_waste_management_training/PET Plastic/plastic_bottles/PET973.jpg,2,PET Plastic,2,PET Plastic,0.9959728121757507,0.0014381601940840483,0.0004809161473531276,0.9959728121757507,0.0018008489860221744,0.00030725199030712247
/Users/aswanathjs/Downloads/test10/ai_plastic_waste_management_training/PET Plastic/shampoo_bottles/0050_a05b00c2d0e1f1g0h0.jpg,2,PET Plastic,2,PET Plastic,0.8580450415611267,0.13488833606243134,0.00045243502245284617,0.8580450415611267,0.005382848437875509,0.0012313767801970243
/Users/aswanathjs/Downloads/test10/ai_plastic_waste_management_training/PP Plastic/square_containers/IMG_20220209_174016.jpg,3,PP Plastic,3,PP Plastic,0.5675544738769531,0.024558542296290398,0.015219267457723618,0.004616576246917248,0.5675544738769531,0.38805118203163147
/Users/aswanathjs/Downloads/test10/ai_plastic_waste_management_training/PET Plastic/black_white_plastic_bottles/ctnkg_jpg.rf.46cb39e1fb6eb58edcb74f965096c39a.jpg,2,PET Plastic,2,PET Plastic,0.9999113082885742,1.825442086555995e-05,2.0803952338610543e-06,0.9999113082885742,6.291805038927123e-05,5.49738706467906e-06
/Users/aswanathjs/Downloads/test10/ai_plastic_waste_management_training/PET Plastic/black_white_plastic_bottles/asecy_jpg.rf.002294d15fd2f71cda8158b1c5838311.jpg,2,PET Plastic,2,PET Plastic,0.9997276663780212,8.998427074402571e-05,1.1955150512221735e-05,0.9997276663780212,0.00012592000712174922,4.4441738282330334e-05
/Users/aswanathjs/Downloads/test10/ai_plastic_waste_management_training/LDPE Plastic/plastic_bags/LDPE-266_jpg.rf.82731731a5a7b44f80d1aed4d3c46901.jpg,1,LDPE Plastic,1,LDPE Plastic,0.9957793951034546,0.0008160301367752254,0.9957793951034546,0.0006317768129520118,0.0014194055693224072,0.0013533964520320296
/Users/aswanathjs/Downloads/test10/ai_plastic_waste_management_training/PP Plastic/square_containers/Image_170.png,3,PP Plastic,3,PP Plastic,0.9199501872062683,0.005310273729264736,0.022951938211917877,0.00251148734241724,0.9199501872062683,0.04927610605955124
/Users/aswanathjs/Downloads/test10/ai_plastic_waste_management_training/PS Plastic/foam_containers/Image_170.png,3,PP Plastic,0,HDPE Plastic,0.37294191122055054,0.37294191122055054,0.21980351209640503,0.016288472339510918,0.3480929732322693,0.042873162776231766
/Users/aswanathjs/Downloads/test10/ai_plastic_waste_management_training/HDPE Plastic/milk_bottles/HDPEM105.jpg,0,HDPE Plastic,0,HDPE Plastic,0.9996987581253052,0.9996987581253052,1.0100569625137723e-06,6.069743903935887e-05,0.00022023686324246228,1.928087840497028e-05
/Users/aswanathjs/Downloads/test10/ai_plastic_waste_management_training/PET Plastic/shampoo_bottles/0100_a05b00c2d3e0f0g0h3.jpg,2,PET Plastic,2,PET Plastic,0.9879171252250671,0.0020844878163188696,0.0003883989411406219,0.9879171252250671,0.009151026606559753,0.0004589799791574478
/Users/aswanathjs/Downloads/test10/ai_plastic_waste_management_training/LDPE Plastic/plastic_bags/plasticbag (182) 17.43.56.jpg,1,LDPE Plastic,1,LDPE Plastic,0.9625251889228821,0.0024491322692483664,0.9625251889228821,0.003122790716588497,0.023745376616716385,0.008157536387443542
/Users/aswanathjs/Downloads/test10/ai_plastic_waste_management_training/PET Plastic/black_white_plastic_bottles/briwh_jpg.rf.8bea7eb0cc3641261a46745825a86176.jpg,2,PET Plastic,2,PET Plastic,0.9989504814147949,0.0006593173020519316,0.0002154005051124841,0.9989504814147949,0.00014191637455951422,3.276845745858736e-05
/Users/aswanathjs/Downloads/test10/ai_plastic_waste_management_training/PET Plastic/black_white_plastic_bottles/atmdq_jpg.rf.da61e50852c5e74733b97976c014a749.jpg,2,PET Plastic,2,PET Plastic,0.9933211207389832,0.0004555218620225787,0.0038774190470576286,0.9933211207389832,0.0017570919590070844,0.0005887839361093938
/Users/aswanathjs/Downloads/test10/ai_plastic_waste_management_training/LDPE Plastic/plastic_bags/plasticbag (183) 17.43.56.jpg,1,LDPE Plastic,1,LDPE Plastic,0.9121737480163574,0.011907383799552917,0.9121737480163574,0.005112162791192532,0.06483126431703568,0.005975429434329271
/Users/aswanathjs/Downloads/test10/ai_plastic_waste_management_training/PP Plastic/round_containers/0035_a06b01c2d3e0f0g0h2.jpg,3,PP Plastic,3,PP Plastic,0.9815558791160583,0.014730134978890419,0.0007360860472545028,0.0007868551183491945,0.9815558791160583,0.002191046252846718
/Users/aswanathjs/Downloads/test10/ai_plastic_waste_management_training/PP Plastic/irregular_containers/train_PP-47_jpg.rf.7e347deeabfeaddc7ee47f93ccff5e15.jpg,3,PP Plastic,3,PP Plastic,0.9897162318229675,0.007491666357964277,0.00028649962041527033,0.001689371420070529,0.9897162318229675,0.0008162580779753625
/Users/aswanathjs/Downloads/test10/ai_plastic_waste_management_training/PP Plastic/irregular_containers_grey/train_PP-47_jpg.rf.7e347deeabfeaddc7ee47f93ccff5e15.jpg,3,PP Plastic,3,PP Plastic,0.9914076924324036,0.006358710117638111,0.0002540179993957281,0.0010807698126882315,0.9914076924324036,0.0008988588815554976
/Users/aswanathjs/Downloads/test10/ai_plastic_waste_management_training/LDPE Plastic/black_white__plastic_bags/0224_jpg.rf.e4e3ef7096d06183f8595a5e4d9f4121.jpg,1,LDPE Plastic,1,LDPE Plastic,0.9684383273124695,0.005418808665126562,0.9684383273124695,0.017963824793696404,0.0022304283920675516,0.005948631092905998
/Users/aswanathjs/Downloads/test10/ai_plastic_waste_management_training/HDPE Plastic/milk_bottles/HDPEM233.jpg,0,HDPE Plastic,0,HDPE Plastic,0.9999096393585205,0.9999096393585205,2.1062091093426716e-07,5.9414222050691023e-05,1.343539679510286e-05,1.7443293472751975e-05
/Users/aswanathjs/Downloads/test10/ai_plastic_waste_management_training/LDPE Plastic/plastic_bags/plasticbag (174).jpg,1,LDPE Plastic,1,LDPE Plastic,0.9122408032417297,0.02044515684247017,0.9122408032417297,0.002839528489857912,0.044743843376636505,0.019730588421225548
/Users/aswanathjs/Downloads/test10/ai_plastic_waste_management_training/LDPE Plastic/plastic_bags/LDPE-265_jpg.rf.14545502b9c9c0fa54497a56549d9955.jpg,1,LDPE Plastic,1,LDPE Plastic,0.9964284300804138,0.0006424641469493508,0.9964284300804138,0.0005046764272265136,0.0012702055973932147,0.0011542669963091612
/Users/aswanathjs/Downloads/test10/ai_plastic_waste_management_training/PP Plastic/irregular_containers/train_PP-84_jpg.rf.83c74221d1746496d5445786ffca8830.jpg,3,PP Plastic,3,PP Plastic,0.9750655889511108,0.0038697507698088884,0.012364516034722328,0.003573712659999728,0.9750655889511108,0.005126479547470808
/Users/aswanathjs/Downloads/test10/ai_plastic_waste_management_training/PP Plastic/square_containers/Image_244.png,3,PP Plastic,3,PP Plastic,0.9648405909538269,0.016468171030282974,0.005223217885941267,0.0009394719963893294,0.9648405909538269,0.01252853311598301
/Users/aswanathjs/Downloads/test10/ai_plastic_waste_management_training/PS Plastic/foam_containers/Image_244.png,3,PP Plastic,3,PP Plastic,0.37866583466529846,0.05151095241308212,0.2178020030260086,0.11225412786006927,0.37866583466529846,0.23976707458496094
/Users/aswanathjs/Downloads/test10/ai_plastic_waste_management_training/LDPE Plastic/plastic_bags/LDPE-287_jpg.rf.0ac9c733e7bbaf8b4f87a5d4d2b18a3e.jpg,1,LDPE Plastic,1,LDPE Plastic,0.9963575005531311,0.0009536953293718398,0.9963575005531311,0.0007632840424776077,0.0011589702917262912,0.0007664414588361979
/Users/aswanathjs/Downloads/test10/ai_plastic_waste_management_training/PET Plastic/plastic_bottles/PET289.jpg,2,PET Plastic,2,PET Plastic,0.9983478784561157,0.0007319882861338556,0.0001589004968991503,0.9983478784561157,0.0007045947713777423,5.6580716773169115e-05
/Users/aswanathjs/Downloads/test10/ai_plastic_waste_management_training/PP Plastic/irregular_containers/train_PP-43_jpg.rf.97057f0e286ed1253f508820b5ec6eff.jpg,3,PP Plastic,3,PP Plastic,0.9815441370010376,0.010608057491481304,0.0017848840216174722,0.0030726403929293156,0.9815441370010376,0.0029903515242040157
/Users/aswanathjs/Downloads/test10/ai_plastic_waste_management_training/PP Plastic/irregular_containers_grey/train_PP-43_jpg.rf.97057f0e286ed1253f508820b5ec6eff.jpg,3,PP Plastic,3,PP Plastic,0.9852591753005981,0.008910637348890305,0.0010156763019040227,0.0025814783293753862,0.9852591753005981,0.0022330109495669603
/Users/aswanathjs/Downloads/test10/ai_plastic_waste_management_training/PS Plastic/foam_sheets/PS-617_jpg.rf.647ef8eb72ca34b90024ac215bb321dc.jpg,4,PS Plastic,4,PS Plastic,0.997346043586731,0.0002997994306497276,0.001698740990832448,5.822678576805629e-05,0.0005970229394733906,0.997346043586731
/Users/aswanathjs/Downloads/test10/ai_plastic_waste_management_training/PS Plastic/foam_sheets/IMG_9388_JPG.rf.03172d70e03f82ef456d413d379477ce.jpg,4,PS Plastic,4,PS Plastic,0.9901123642921448,0.0036400267854332924,0.0023854763712733984,0.0011663351906463504,0.0026957527734339237,0.9901123642921448
/Users/aswanathjs/Downloads/test10/ai_plastic_waste_management_training/PS Plastic/foam_sheets/IMG_9388_JPG.rf.37bf614bce92b405bcedcaddc58e5b56.jpg,4,PS Plastic,4,PS Plastic,0.9922395944595337,0.0017506344011053443,0.002722490346059203,0.0010867888340726495,0.0022004873026162386,0.9922395944595337
/Users/aswanathjs/Downloads/test10/ai_plastic_waste_management_training/PS Plastic/foam_sheets/IMG_9388_JPG.rf.afb5c4351af63b85b0fe1db7ead63e01.jpg,4,PS Plastic,4,PS Plastic,0.9954004883766174,0.001640399917960167,0.0010586315765976906,0.0009766167495399714,0.0009239180944859982,0.9954004883766174
/Users/aswanathjs/Downloads/test10/ai_plastic_waste_management_training/HDPE Plastic/detergent_bottles/0039_a02b01c1d3e0f1g0h3.jpg,0,HDPE Plastic,0,HDPE Plastic,0.9956858158111572,0.9956858158111572,0.0004746948543470353,0.00026745779905468225,0.003336637280881405,0.00023552430502604693
/Users/aswanathjs/Downloads/test10/ai_plastic_waste_management_training/PS Plastic/foam_sheets/IMG_9362_JPG.rf.d9585f9c0efa8b6bcda67103f482012c.jpg,4,PS Plastic,4,PS Plastic,0.9974361062049866,0.0011851771268993616,0.0001170206960523501,0.0006319540552794933,0.0006296790670603514,0.9974361062049866
/Users/aswanathjs/Downloads/test10/ai_plastic_waste_management_training/PS Plastic/foam_sheets/IMG_9362_JPG.rf.f92387c7e260d5d6290c708630db03e1.jpg,4,PS Plastic,4,PS Plastic,0.9786155223846436,0.009708886966109276,0.0021796352230012417,0.004884319379925728,0.004611652344465256,0.9786155223846436
/Users/aswanathjs/Downloads/test10/ai_plastic_waste_management_training/PS Plastic/foam_sheets/IMG_9362_JPG.rf.81ead49ca2ca3e3acb0fc22cbb4f9211.jpg,4,PS Plastic,4,PS Plastic,0.9983240962028503,0.0007966337725520134,0.00019043816428165883,0.0002239354362245649,0.00046486384235322475,0.9983240962028503
/Users/aswanathjs/Downloads/test10/ai_plastic_waste_management_training/HDPE Plastic/shampoo_bottiles_grey/0065_a02b03c2d3e0f1g0h4.jpg,0,HDPE Plastic,0,HDPE Plastic,0.9995365142822266,0.9995365142822266,3.2376559829572216e-05,0.0001890036801341921,6.555807340191677e-05,0.00017663798644207418
/Users/aswanathjs/Downloads/test10/ai_plastic_waste_management_training/HDPE Plastic/shampoo_bottles/0065_a02b03c2d3e0f1g0h4.jpg,0,HDPE Plastic,0,HDPE Plastic,0.9999542236328125,0.9999542236328125,3.252390001762251e-07,1.7981165001401678e-05,2.4726896299398504e-06,2.504684016457759e-05
/Users/aswanathjs/Downloads/test10/ai_plastic_waste_management_training/PET Plastic/black_white_plastic_bottles/aswkx_jpg.rf.72119c611b502c599281ce6f98d489bc.jpg,2,PET Plastic,2,PET Plastic,0.9988324046134949,0.0005151599179953337,0.00015482332673855126,0.9988324046134949,0.0004134662449359894,8.415535558015108e-05
/Users/aswanathjs/Downloads/test10/ai_plastic_waste_management_training/HDPE Plastic/milk_bottles/HDPEM4.jpg,0,HDPE Plastic,0,HDPE Plastic,0.999992847442627,0.999992847442627,9.349859197982369e-08,2.4001390102057485e-06,9.653654160501901e-07,3.6360452213557437e-06
/Users/aswanathjs/Downloads/test10/ai_plastic_waste_management_training/HDPE Plastic/shampoo_bottles/0061_a02b01c1d1e0f1g0h2(1).jpg,0,HDPE Plastic,0,HDPE Plastic,0.9998867511749268,0.9998867511749268,1.262540081370389e-06,1.8256163457408547e-05,7.424328214256093e-05,1.9582457753131166e-05
/Users/aswanathjs/Downloads/test10/ai_plastic_waste_management_training/PP Plastic/round_containers/0035_a06b01c2d1e0f0g0h3.jpg,3,PP Plastic,3,PP Plastic,0.9978128671646118,0.00138994085136801,2.664819112396799e-05,0.0005747290560975671,0.9978128671646118,0.00019579271611291915
/Users/aswanathjs/Downloads/test10/ai_plastic_waste_management_training/HDPE Plastic/detergent_bottles/0098_a02b03c1d3e0f0g0h3.jpg,0,HDPE Plastic,0,HDPE Plastic,0.9441141486167908,0.9441141486167908,0.0024367906153202057,0.0012117341393604875,0.05179408937692642,0.0004433011054061353
/Users/aswanathjs/Downloads/test10/ai_plastic_waste_management_training/PS Plastic/form_containers_grey/Image_230.png,4,PS Plastic,4,PS Plastic,0.6636963486671448,0.052220311015844345,0.07074956595897675,0.02163146808743477,0.19170232117176056,0.6636963486671448
/Users/aswanathjs/Downloads/test10/ai_plastic_waste_management_training/PS Plastic/foam_containers/Image_230.png,4,PS Plastic,4,PS Plastic,0.6945570111274719,0.06968709826469421,0.04828514903783798,0.026125742122530937,0.161344975233078,0.6945570111274719
/Users/aswanathjs/Downloads/test10/ai_plastic_waste_management_training/PS Plastic/foam_sheets/PS-520_jpg.rf.1590a9018acf2592e76cebd2b6366c5f.jpg,4,PS Plastic,4,PS Plastic,0.9917075037956238,0.000920740538276732,0.005891368258744478,0.0005769352428615093,0.0009034735849127173,0.9917075037956238
/Users/aswanathjs/Downloads/test10/ai_plastic_waste_management_training/LDPE Plastic/plastic_bags/plasticbag (101).jpg,1,LDPE Plastic,1,LDPE Plastic,0.9855123162269592,0.004268627148121595,0.9855123162269592,0.0015932093374431133,0.006673796102404594,0.0019520578207448125
/Users/aswanathjs/Downloads/test10/ai_plastic_waste_management_training/HDPE Plastic/shampoo_bottles/0099_a02b01c2d1e0f1g0h1.jpg,0,HDPE Plastic,0,HDPE Plastic,0.9999454021453857,0.9999454021453857,5.056405711911793e-07,3.5227065382059664e-05,4.371060185803799e-06,1.439471361663891e-05
/Users/aswanathjs/Downloads/test10/ai_plastic_waste_management_training/HDPE Plastic/milk_bottles/HDPEM227.jpg,0,HDPE Plastic,0,HDPE Plastic,0.9946211576461792,0.9946211576461792,9.20846014196286e-06,0.004532352089881897,0.0007274787058122456,0.00010983620450133458
"/Users/aswanathjs/Downloads/test10/ai_plastic_waste_management_training/PET Plastic/plastic_bottles/PET1,771.jpg",2,PET Plastic,2,PET Plastic,0.9810197949409485,0.0019211306935176253,0.012411786243319511,0.9810197949409485,0.003832543035969138,0.0008147323387674987
"/Users/aswanathjs/Downloads/test10/ai_plastic_waste_management_training/PET Plastic/plastic_bottles/PET1,224.jpg",2,PET Plastic,2,PET Plastic,0.7342466711997986,0.129756897687912,0.006645047105848789,0.7342466711997986,0.09332837164402008,0.0360230952501297
/Users/aswanathjs/Downloads/test10/ai_plastic_waste_management_training/PET Plastic/black_white_plastic_bottles/bdnyx_jpg.rf.bd350d41c4aff19d138f8e6ba336d049.jpg,2,PET Plastic,2,PET Plastic,0.9954451322555542,0.0007485460955649614,0.0026126722805202007,0.9954451322555542,0.0005521356943063438,0.0006415186799131334
/Users/aswanathjs/Downloads/test10/ai_plastic_waste_management_training/LDPE Plastic/plastic_bags/LDPE-230_jpg.rf.814b1f425c580f6b25fa6bd3bb2e6715.jpg,1,LDPE Plastic,1,LDPE Plastic,0.9971555471420288,0.0006920131854712963,0.9971555471420288,0.0007175534847192466,0.0005937431706115603,0.0008411216549575329
/Users/aswanathjs/Downloads/test10/ai_plastic_waste_management_training/PET Plastic/plastic_bottles/PET731.jpg,2,PET Plastic,2,PET Plastic,0.9986957907676697,0.0007661066483706236,9.669235441833735e-05,0.9986957907676697,0.00027627198141999543,0.00016515703464392573
/Users/aswanathjs/Downloads/test10/ai_plastic_waste_management_training/PET Plastic/black_white_plastic_bottles/culok_jpg.rf.df34d102d128e10755b809a1619cc626.jpg,2,PET Plastic,2,PET Plastic,0.996437668800354,0.0002769965212792158,0.00216649379581213,0.996437668800354,0.001066973083652556,5.189746298128739e-05
/Users/aswanathjs/Downloads/test10/ai_plastic_waste_management_training/LDPE Plastic/plastic_bags/plasticbag (1).jpg,1,LDPE Plastic,1,LDPE Plastic,0.927825927734375,0.012076993472874165,0.927825927734375,0.008430260233581066,0.022138426080346107,0.029528310522437096
/Users/aswanathjs/Downloads/test10/ai_plastic_waste_management_training/LDPE Plastic/plastic_bags/plasticbag (1).png,1,LDPE Plastic,1,LDPE Plastic,0.9780371785163879,0.005881121847778559,0.9780371785163879,0.0016074749873951077,0.010997194796800613,0.003476983867585659
/Users/aswanathjs/Downloads/test10/ai_plastic_waste_management_training/PET Plastic/black_white_plastic_bottles/abywq_jpg.rf.40979fdfa364d24db32db72ae60e3450.jpg,2,PET Plastic,2,PET Plastic,0.9856033325195312,0.003162868320941925,0.005263286642730236,0.9856033325195312,0.004432484973222017,0.0015379759715870023
/Users/aswanathjs/Downloads/test10/ai_plastic_waste_management_training/PS Plastic/foam_sheets/PS-703_jpg.rf.ecb20d25fbbc6ed8cf0bdfa206d1bab7.jpg,4,PS Plastic,4,PS Plastic,0.998354971408844,0.0002794968895614147,0.00033799230004660785,0.00047044394887052476,0.0005570771172642708,0.998354971408844
/Users/aswanathjs/Downloads/test10/ai_plastic_waste_management_training/HDPE Plastic/milk_bottles/HDPEM458.jpg,0,HDPE Plastic,0,HDPE Plastic,0.9988740086555481,0.9988740086555481,1.3357378520595375e-05,0.00045161499292589724,0.0006096764700487256,5.133500599185936e-05
/Users/aswanathjs/Downloads/test10/ai_plastic_waste_management_training/HDPE Plastic/detergent_bottles/0098_a02b03c2d0e0f0g0h3.jpg,0,HDPE Plastic,0,HDPE Plastic,0.9999746084213257,0.9999746084213257,5.359935357773793e-07,2.453120487189153e-06,1.6981713997665793e-05,5.3175108405412175e-06
/Users/aswanathjs/Downloads/test10/ai_plastic_waste_management_training/LDPE Plastic/plastic_bags/plasticbag (47).jpg,1,LDPE Plastic,1,LDPE Plastic,0.9798220992088318,0.005050345323979855,0.9798220992088318,0.0009678439237177372,0.007886936888098717,0.006272732280194759
/Users/aswanathjs/Downloads/test10/ai_plastic_waste_management_training/LDPE Plastic/plastic_bags/plasticbag (73).jpg,1,LDPE Plastic,1,LDPE Plastic,0.9842498302459717,0.006574160419404507,0.9842498302459717,0.0011057243682444096,0.006109526846557856,0.0019606526475399733
/Users/aswanathjs/Downloads/test10/ai_plastic_waste_management_training/HDPE Plastic/shampoo_bottles/0061_a02b01c2d1e0f1g0h4.jpg,0,HDPE Plastic,0,HDPE Plastic,0.9994737505912781,0.9994737505912781,3.4807223983079894e-06,0.0004322251188568771,5.536223397939466e-05,3.511126487865113e-05
/Users/aswanathjs/Downloads/test10/ai_plastic_waste_management_training/HDPE Plastic/detergent_bottles/IMG_20220209_182147.jpg,0,HDPE Plastic,0,HDPE Plastic,0.994211733341217,0.994211733341217,0.000153208093252033,0.004105817060917616,0.0011997484834864736,0.00032946927240118384
/Users/aswanathjs/Downloads/test10/ai_plastic_waste_management_training/HDPE Plastic/milk_bottles/HDPEM48.jpg,0,HDPE Plastic,0,HDPE Plastic,0.951511025428772,0.951511025428772,2.7627133022178896e-05,0.04031648114323616,0.0076970867812633514,0.0004476489848457277
/Users/aswanathjs/Downloads/test10/ai_plastic_waste_management_training/LDPE Plastic/black_white__plastic_bags/0162_jpg.rf.9a1981dd31050787a474bb8ac0693d45.jpg,1,LDPE Plastic,1,LDPE Plastic,0.9959436058998108,0.0009429870406165719,0.9959436058998108,0.0015062130987644196,0.0007428408716805279,0.0008643500041216612
"/Users/aswanathjs/Downloads/test10/ai_plastic_waste_management_training/PET Plastic/plastic_bottles/PET1,742.jpg",2,PET Plastic,2,PET Plastic,0.9693480134010315,0.010014870204031467,0.008362366817891598,0.9693480134010315,0.009687596932053566,0.002587164519354701
/Users/aswanathjs/Downloads/test10/ai_plastic_waste_management_training/PET Plastic/plastic_bottles/PET629.jpg,2,PET Plastic,2,PET Plastic,0.9927904605865479,0.0025581028312444687,0.0018183703068643808,0.9927904605865479,0.0016547499690204859,0.0011783005902543664
/Users/aswanathjs/Downloads/test10/ai_plastic_waste_management_training/HDPE Plastic/milk_bottles/HDPEM568.JPG,0,HDPE Plastic,0,HDPE Plastic,0.9999505281448364,0.9999505281448364,1.2670264482039784e-07,3.613745138864033e-05,6.558068889717106e-06,6.692991519230418e-06
/Users/aswanathjs/Downloads/test10/ai_plastic_waste_management_training/LDPE Plastic/black_white__plastic_bags/0295_jpg.rf.065b088f4f3e5e4867e8290e9faee15b.jpg,1,LDPE Plastic,1,LDPE Plastic,0.9868174195289612,0.0027195329312235117,0.9868174195289612,0.0012367921881377697,0.003675759071484208,0.005550559144467115
/Users/aswanathjs/Downloads/test10/ai_plastic_waste_management_training/PET Plastic/plastic_bottles/PET490.jpg,2,PET Plastic,2,PET Plastic,0.9928408861160278,0.0025863463524729013,0.0005835524061694741,0.9928408861160278,0.0035404812078922987,0.00044876677566207945
/Users/aswanathjs/Downloads/test10/ai_plastic_waste_management_training/PS Plastic/foam_sheets/PS-787_jpg.rf.0c785dc43d2465bb8a78b7a52c615efe.jpg,4,PS Plastic,4,PS Plastic,0.9947929978370667,0.0010278676636517048,0.0013150295708328485,0.0012093961704522371,0.0016547056147828698,0.9947929978370667
/Users/aswanathjs/Downloads/test10/ai_plastic_waste_management_training/LDPE Plastic/plastic_bags/LDPE-431_jpg.rf.249b0f57fc04a7a0ae6d37d000ecb703.jpg,1,LDPE Plastic,1,LDPE Plastic,0.9951724410057068,0.002351377857849002,0.9951724410057068,0.0006814980297349393,0.0009391022613272071,0.0008556292741559446
/Users/aswanathjs/Downloads/test10/ai_plastic_waste_management_training/LDPE Plastic/plastic_bags/plasticbag (151).jpg,1,LDPE Plastic,1,LDPE Plastic,0.9460734128952026,0.010974830016493797,0.9460734128952026,0.0038059705402702093,0.018876083195209503,0.020269593223929405
/Users/aswanathjs/Downloads/test10/ai_plastic_waste_management_training/LDPE Plastic/plastic_bags/LDPE-293_jpg.rf.bde4224432d30d40d24d3dcd6f1e0888.jpg,1,LDPE Plastic,1,LDPE Plastic,0.9982740879058838,0.000388297310564667,0.9982740879058838,0.0005278819589875638,0.0004194701323285699,0.000390232919016853
/Users/aswanathjs/Downloads/test10/ai_plastic_waste_management_training/HDPE Plastic/shampoo_bottles/0077_a02b01c2d2e0f1g0h1.jpg,0,HDPE Plastic,0,HDPE Plastic,0.9992819428443909,0.9992819428443909,6.461410180236271e-07,0.0006602396024391055,4.068151974934153e-05,1.651702041272074e-05
/Users/aswanathjs/Downloads/test10/ai_plastic_waste_management_training/HDPE Plastic/milk_bottles/HDPEM500.jpg,0,HDPE Plastic,0,HDPE Plastic,0.9983900785446167,0.9983900785446167,0.0003412974183447659,5.139476706972346e-05,0.0010992992902174592,0.00011797173647210002
/Users/aswanathjs/Downloads/test10/ai_plastic_waste_management_training/LDPE Plastic/plastic_bags/LDPE-40_jpg.rf.a5a123359eee300daad58ce7995bacd6.jpg,1,LDPE Plastic,1,LDPE Plastic,0.9753715395927429,0.010965438559651375,0.9753715395927429,0.005247422028332949,0.003885059617459774,0.0045305159874260426
/Users/aswanathjs/Downloads/test10/ai_plastic_waste_management_training/LDPE Plastic/plastic_bags/LDPE-40_jpg.rf.e55415c481da52b2769ed03c2ab0823d.jpg,1,LDPE Plastic,1,LDPE Plastic,0.9754900932312012,0.005564666353166103,0.9754900932312012,0.0037406852934509516,0.00401963060721755,0.011184965260326862
/Users/aswanathjs/Downloads/test10/ai_plastic_waste_management_training/LDPE Plastic/plastic_bags/train_LDPE-47_jpg.rf.610bad0d856c5afe10fe1ff56827726f.jpg,1,LDPE Plastic,1,LDPE Plastic,0.9966902732849121,0.0012392404023557901,0.9966902732849121,0.0004323029424995184,0.0007467260002158582,0.0008913876372389495
/Users/aswanathjs/Downloads/test10/ai_plastic_waste_management_training/PET Plastic/black_white_plastic_bottles/cbzxm_jpg.rf.2399244408126d3169b792107dfab1c5.jpg,2,PET Plastic,2,PET Plastic,0.963930070400238,0.00572699960321188,0.02610502578318119,0.963930070400238,0.0013766969786956906,0.002861271146684885
/Users/aswanathjs/Downloads/test10/ai_plastic_waste_management_training/HDPE Plastic/detergent_bottles/0010_a02b01c1d3e0f1g0h0.jpg,0,HDPE Plastic,0,HDPE Plastic,0.9570732116699219,0.9570732116699219,3.306338476249948e-05,0.00011384225217625499,0.04262516647577286,0.0001547408610349521
/Users/aswanathjs/Downloads/test10/ai_plastic_waste_management_training/HDPE Plastic/milk_bottles/HDPEM142.jpg,0,HDPE Plastic,0,HDPE Plastic,0.9998624324798584,0.9998624324798584,2.2793692551204003e-06,1.3530257092497777e-05,0.00011263817577855662,9.054705515154637e-06
/Users/aswanathjs/Downloads/test10/ai_plastic_waste_management_training/PET Plastic/shampoo_bottles/0080_a05b00c1d2e0f1g0h2.jpg,2,PET Plastic,2,PET Plastic,0.9974640607833862,8.49840489536291e-06,5.414879342424683e-05,0.9974640607833862,0.00242281099781394,5.0500537327025086e-05
/Users/aswanathjs/Downloads/test10/ai_plastic_waste_management_training/PS Plastic/foam_sheets/Plastic_377_jpg.rf.77917ecb16b6a31b0e94129838e490b3.jpg,4,PS Plastic,4,PS Plastic,0.9855324625968933,0.006554360035806894,0.00354902446269989,0.0032388358376920223,0.0011253576958552003,0.9855324625968933
/Users/aswanathjs/Downloads/test10/ai_plastic_waste_management_training/PS Plastic/form_sheets_grey/Plastic_377_jpg.rf.77917ecb16b6a31b0e94129838e490b3.jpg,4,PS Plastic,4,PS Plastic,0.9332724213600159,0.011383118107914925,0.04723608121275902,0.005018390249460936,0.0030899823177605867,0.9332724213600159
/Users/aswanathjs/Downloads/test10/ai_plastic_waste_management_training/PET Plastic/black_white_plastic_bottles/akzlw_jpg.rf.d4ae9247059ec7de3f13dc3628e33012.jpg,2,PET Plastic,2,PET Plastic,0.999913215637207,4.919338971376419e-05,4.87351917399792e-06,0.999913215637207,2.2378326320904307e-05,1.0337016647099517e-05
/Users/aswanathjs/Downloads/test10/ai_plastic_waste_management_training/LDPE Plastic/plastic_bags/plasticbag (127).jpg,1,LDPE Plastic,1,LDPE Plastic,0.9749383926391602,0.00341998809017241,0.9749383926391602,0.0016065331874415278,0.00782478041946888,0.012210332788527012
/Users/aswanathjs/Downloads/test10/ai_plastic_waste_management_training/HDPE Plastic/shampoo_bottles/0023_a02b01c2d3e0f1g0h0.jpg,0,HDPE Plastic,0,HDPE Plastic,0.982506513595581,0.982506513595581,0.0001097951244446449,0.00530386995524168,0.01174823846668005,0.0003317497612442821
/Users/aswanathjs/Downloads/test10/ai_plastic_waste_management_training/PS Plastic/foam_sheets/PS-864_jpg.rf.5a3574d591f4346dfdf92882507dcb85.jpg,4,PS Plastic,4,PS Plastic,0.999792754650116,1.963061367860064e-05,8.527166210114956e-05,6.709371518809348e-05,3.5230492358095944e-05,0.999792754650116
/Users/aswanathjs/Downloads/test10/ai_plastic_waste_management_training/HDPE Plastic/milk_bottles/HDPEM315.jpg,0,HDPE Plastic,0,HDPE Plastic,0.9998819828033447,0.9998819828033447,3.873724836012116e-06,5.809781214338727e-05,3.677089625853114e-05,1.9365390471648425e-05
/Users/aswanathjs/Downloads/test10/ai_plastic_waste_management_training/LDPE Plastic/plastic_bags/plasticbag (186) 17.43.56.jpg,1,LDPE Plastic,1,LDPE Plastic,0.995404839515686,0.001117558917030692,0.995404839515686,0.0005356075707823038,0.0019243458518758416,0.0010176664218306541
/Users/aswanathjs/Downloads/test10/ai_plastic_waste_management_training/HDPE Plastic/shampoo_bottles/0078_a02b07c2d1e0f1g0h4.jpg,0,HDPE Plastic,0,HDPE Plastic,0.9963250756263733,0.9963250756263733,0.00012468785280361772,0.002788401674479246,0.0005271578556858003,0.00023472378961741924
/Users/aswanathjs/Downloads/test10/ai_plastic_waste_management_training/HDPE Plastic/detergent_bottles/0039_a02b01c1d2e0f1g0h2.jpg,0,HDPE Plastic,0,HDPE Plastic,0.9977918863296509,0.9977918863296509,2.8494123398559168e-05,0.0008817779598757625,0.001016548601910472,0.0002813462633639574
/Users/aswanathjs/Downloads/test10/ai_plastic_waste_management_training/PS Plastic/foam_sheets/PS-881_jpg.rf.05216e5ddd84d2a4eb1b0506777e46e0.jpg,4,PS Plastic,4,PS Plastic,0.9999539852142334,1.2909898941870779e-05,2.209620834037196e-05,4.2704682527983095e-06,6.71279894959298e-06,0.9999539852142334
/Users/aswanathjs/Downloads/test10/ai_plastic_waste_management_training/PP Plastic/round_containers/IMG_20220210_105620.jpg,3,PP Plastic,3,PP Plastic,0.8267239928245544,0.0815068706870079,0.027566734701395035,0.03327665850520134,0.8267239928245544,0.03092576004564762
/Users/aswanathjs/Downloads/test10/ai_plastic_waste_management_training/LDPE Plastic/plastic_bags/LDPE-418_jpg.rf.59fd351ccd47cc2e99157fa9a87ff8e6.jpg,1,LDPE Plastic,1,LDPE Plastic,0.9980804920196533,0.00039934099186211824,0.9980804920196533,0.0004766781348735094,0.0004743413592223078,0.0005691350088454783
/Users/aswanathjs/Downloads/test10/ai_plastic_waste_management_training/HDPE Plastic/detergent_bottles/IMG_20220209_182200.jpg,0,HDPE Plastic,0,HDPE Plastic,0.6732717752456665,0.6732717752456665,0.0006013322272337973,0.002637007273733616,0.32192644476890564,0.0015634156297892332
/Users/aswanathjs/Downloads/test10/ai_plastic_waste_management_training/PET Plastic/black_white_plastic_bottles/cyfte_jpg.rf.aa843f2d247631ef19cbb513c3ab601f.jpg,2,PET Plastic,2,PET Plastic,0.965789794921875,0.0009169087279587984,0.01250986848026514,0.965789794921875,0.020216327160596848,0.0005670005921274424
/Users/aswanathjs/Downloads/test10/ai_plastic_waste_management_training/HDPE Plastic/shampoo_bottles/0061_a02b01c1d2e0f1g0h1(1).jpg,0,HDPE Plastic,0,HDPE Plastic,0.9999608993530273,0.9999608993530273,6.415776852009003e-07,2.981396164614125e-06,3.205028042430058e-05,3.408545580896316e-06
/Users/aswanathjs/Downloads/test10/ai_plastic_waste_management_training/PET Plastic/plastic_bottles/PET809.jpg,2,PET Plastic,2,PET Plastic,0.9981997013092041,0.0002503134310245514,0.0011776103638112545,0.9981997013092041,0.0002417593786958605,0.0001305510668316856
/Users/aswanathjs/Downloads/test10/ai_plastic_waste_management_training/PP Plastic/square_containers/Image_43.png,3,PP Plastic,3,PP Plastic,0.748837411403656,0.036336444318294525,0.13678322732448578,0.02413104474544525,0.748837411403656,0.05391184985637665
/Users/aswanathjs/Downloads/test10/ai_plastic_waste_management_training/PS Plastic/foam_containers/Image_43.png,3,PP Plastic,1,LDPE Plastic,0.5083638429641724,0.0317557118833065,0.5083638429641724,0.02576117403805256,0.12481178343296051,0.3093074560165405
"/Users/aswanathjs/Downloads/test10/ai_plastic_waste_management_training/PET Plastic/plastic_bottles/PET1,327.jpg",2,PET Plastic,2,PET Plastic,0.9956316947937012,0.0040504224598407745,1.110842185880756e-05,0.9956316947937012,0.0002546569157857448,5.222069376031868e-05
/Users/aswanathjs/Downloads/test10/ai_plastic_waste_management_training/PET Plastic/black_white_plastic_bottles/atybo_jpg.rf.fcd8ab570f3c1c7fd295ee6d723e08f9.jpg,2,PET Plastic,2,PET Plastic,0.9882891178131104,0.0032782002817839384,0.0035110872704535723,0.9882891178131104,0.0044342102482914925,0.00048739902558736503
/Users/aswanathjs/Downloads/test10/ai_plastic_waste_management_training/PS Plastic/foam_sheets/PS-842_jpg.rf.e982ae6579999b1e31f1c874455a0970.jpg,4,PS Plastic,4,PS Plastic,0.9999314546585083,1.319926195719745e-05,3.856861803797074e-05,3.7114766655577114e-06,1.3044391380390152e-05,0.9999314546585083
/Users/aswanathjs/Downloads/test10/ai_plastic_waste_management_training/PS Plastic/form_sheets_grey/PS-842_jpg.rf.e982ae6579999b1e31f1c874455a0970.jpg,4,PS Plastic,4,PS Plastic,0.9999157190322876,1.676215288171079e-05,4.03628837375436e-05,8.639070983917918e-06,1.8504922991269268e-05,0.9999157190322876
/Users/aswanathjs/Downloads/test10/ai_plastic_waste_management_training/PET Plastic/black_white_plastic_bottles/cunzi_jpg.rf.3931bfde9de42598078b82162c74494e.jpg,2,PET Plastic,2,PET Plastic,0.999632716178894,9.608394611859694e-05,0.00013930635759606957,0.999632716178894,9.042139572557062e-05,4.1468621930107474e-05
"/Users/aswanathjs/Downloads/test10/ai_plastic_waste_management_training/PET Plastic/plastic_bottles/PET1,715.jpg",2,PET Plastic,2,PET Plastic,0.7578853964805603,0.1035628542304039,0.0021781246177852154,0.7578853964805603,0.13441774249076843,0.001955937361344695
/Users/aswanathjs/Downloads/test10/ai_plastic_waste_management_training/PET Plastic/black_white_plastic_bottles/bkfgd_jpg.rf.9d138b03d92f37c8718ecbc4bac077cb.jpg,2,PET Plastic,2,PET Plastic,0.9968032836914062,0.0002480343682691455,0.001802771002985537,0.9968032836914062,0.000986909493803978,0.00015895755495876074
/Users/aswanathjs/Downloads/test10/ai_plastic_waste_management_training/LDPE Plastic/plastic_bags/train_LDPE-70_jpg.rf.266a4630c4a9a3bbf5f0eb2c2ad2951c.jpg,1,LDPE Plastic,1,LDPE Plastic,0.9953559637069702,0.0011815419420599937,0.9953559637069702,0.0007302900194190443,0.0009399873670190573,0.0017922803526744246
/Users/aswanathjs/Downloads/test10/ai_plastic_waste_management_training/PS Plastic/foam_containers/Image_112.png,4,PS Plastic,4,PS Plastic,0.604621946811676,0.060383718460798264,0.13771462440490723,0.023591412231326103,0.1736883670091629,0.604621946811676
/Users/aswanathjs/Downloads/test10/ai_plastic_waste_management_training/HDPE Plastic/shampoo_bottles/0077_a02b01c2d2e0f1g0h3.jpg,0,HDPE Plastic,0,HDPE Plastic,0.9989988207817078,0.9989988207817078,1.2640182831091806e-05,0.0004794747510459274,0.0004905491950921714,1.8598249880596995e-05
/Users/aswanathjs/Downloads/test10/ai_plastic_waste_management_training/LDPE Plastic/plastic_bags/plasticbag (173).jpg,1,LDPE Plastic,1,LDPE Plastic,0.99504554271698,0.0016411540564149618,0.99504554271698,0.000566190923564136,0.002387020504102111,0.0003601954667828977
/Users/aswanathjs/Downloads/test10/ai_plastic_waste_management_training/PS Plastic/foam_sheets/PS-651_jpg.rf.cda908ffb9026c8b8d95001c0c53483e.jpg,4,PS Plastic,4,PS Plastic,0.9436289072036743,0.006534156389534473,0.037998002022504807,0.004304141271859407,0.007534814067184925,0.9436289072036743
"/Users/aswanathjs/Downloads/test10/ai_plastic_waste_management_training/PET Plastic/plastic_bottles/PET1,317.jpg",2,PET Plastic,2,PET Plastic,0.9827614426612854,0.01051376387476921,0.00029927981086075306,0.9827614426612854,0.005537894554436207,0.0008875718340277672
"/Users/aswanathjs/Downloads/test10/ai_plastic_waste_management_training/PET Plastic/plastic_bottles/PET1,576.jpg",2,PET Plastic,2,PET Plastic,0.8318327069282532,0.04429740458726883,0.031004389747977257,0.8318327069282532,0.07915614545345306,0.013709250837564468
/Users/aswanathjs/Downloads/test10/ai_plastic_waste_management_training/HDPE Plastic/detergent_bottles/0096_a02b04c1d3e0f0g0h2.jpg,0,HDPE Plastic,0,HDPE Plastic,0.9706417322158813,0.9706417322158813,0.00035191423376090825,0.0022465994115918875,0.026455922052264214,0.0003038189606741071
/Users/aswanathjs/Downloads/test10/ai_plastic_waste_management_training/PET Plastic/plastic_bottles/PET589.jpg,2,PET Plastic,2,PET Plastic,0.9933290481567383,0.006337972357869148,9.873837370832916e-06,0.9933290481567383,0.00013959997158963233,0.00018358735542278737
/Users/aswanathjs/Downloads/test10/ai_plastic_waste_management_training/HDPE Plastic/detergent_bottles/Image_198.png,0,HDPE Plastic,0,HDPE Plastic,0.7779805660247803,0.7779805660247803,0.0571591854095459,0.07039053738117218,0.032366786152124405,0.06210286542773247
/Users/aswanathjs/Downloads/test10/ai_plastic_waste_management_training/HDPE Plastic/detergent_botteles_grey/Image_198.png,0,HDPE Plastic,0,HDPE Plastic,0.7761325836181641,0.7761325836181641,0.047329556196928024,0.06738816946744919,0.036755532026290894,0.07239412516355515
/Users/aswanathjs/Downloads/test10/ai_plastic_waste_management_training/LDPE Plastic/bin_bags/Image_198.png,0,HDPE Plastic,1,LDPE Plastic,0.978765070438385,0.007845988497138023,0.978765070438385,0.003846283769235015,0.005935487803071737,0.0036071192007511854
/Users/aswanathjs/Downloads/test10/ai_plastic_waste_management_training/LDPE Plastic/bin_bags_grey/Image_198.png,0,HDPE Plastic,1,LDPE Plastic,0.96565842628479,0.012063662521541119,0.96565842628479,0.007062266115099192,0.009175533428788185,0.006040134932845831
/Users/aswanathjs/Downloads/test10/ai_plastic_waste_management_training/PP Plastic/round_containers/Image_198.png,0,HDPE Plastic,1,LDPE Plastic,0.4188562035560608,0.055916182696819305,0.4188562035560608,0.04997652769088745,0.3686792254447937,0.10657190531492233
/Users/aswanathjs/Downloads/test10/ai_plastic_waste_management_training/PS Plastic/foam_containers/Image_198.png,0,HDPE Plastic,1,LDPE Plastic,0.4633318781852722,0.04962493106722832,0.4633318781852722,0.014802261255681515,0.22248046100139618,0.2497604489326477
/Users/aswanathjs/Downloads/test10/ai_plastic_waste_management_training/PS Plastic/foam_sheets/IMG_9351_JPG.rf.c36c6fec509bda68ec99bc4f531acd3c.jpg,4,PS Plastic,4,PS Plastic,0.9890388250350952,0.0027028589975088835,0.004260499030351639,0.0022385658230632544,0.0017590875504538417,0.9890388250350952
/Users/aswanathjs/Downloads/test10/ai_plastic_waste_management_training/PS Plastic/foam_sheets/IMG_9351_JPG.rf.38adcfc87ed2287a35e42b775601ad2c.jpg,4,PS Plastic,4,PS Plastic,0.9485729336738586,0.009196794591844082,0.0018843357684090734,0.03840646892786026,0.0019394040573388338,0.9485729336738586
/Users/aswanathjs/Downloads/test10/ai_plastic_waste_management_training/PS Plastic/foam_sheets/IMG_9351_JPG.rf.10bbf9599a61362ec2886337e56b270e.jpg,4,PS Plastic,4,PS Plastic,0.9234011173248291,0.028094714507460594,0.00107485125772655,0.04462965950369835,0.002799549838528037,0.9234011173248291
/Users/aswanathjs/Downloads/test10/ai_plastic_waste_management_training/PP Plastic/round_containers/0031_a05b01c1d0e0f0g0h3.jpg,3,PP Plastic,3,PP Plastic,0.9952049255371094,0.0034961553756147623,0.0004114569746889174,0.0005715903826057911,0.9952049255371094,0.0003158570034429431
/Users/aswanathjs/Downloads/test10/ai_plastic_waste_management_training/PP Plastic/round_containers_grey/0031_a05b01c1d0e0f0g0h3.jpg,3,PP Plastic,3,PP Plastic,0.987690806388855,0.007203847169876099,0.0023092145565897226,0.0018222882645204663,0.987690806388855,0.0009738362859934568
/Users/aswanathjs/Downloads/test10/ai_plastic_waste_management_training/PP Plastic/round_containers/0031_a05b01c1d0e0f0g0h4.jpg,3,PP Plastic,3,PP Plastic,0.9977670907974243,0.0020964324939996004,2.0627367121051066e-05,8.357128535863012e-05,0.9977670907974243,3.236977136111818e-05
/Users/aswanathjs/Downloads/test10/ai_plastic_waste_management_training/PP Plastic/round_containers_grey/0031_a05b01c1d0e0f0g0h4.jpg,3,PP Plastic,3,PP Plastic,0.9806187748908997,0.007394241634756327,0.006291575729846954,0.004920708481222391,0.9806187748908997,0.0007747324998490512
/Users/aswanathjs/Downloads/test10/ai_plastic_waste_management_training/LDPE Plastic/black_white__plastic_bags/0163_jpg.rf.0aeb6e15ebadbb94be9ea641296c6e05.jpg,1,LDPE Plastic,1,LDPE Plastic,0.9989159107208252,0.00012429975322447717,0.9989159107208252,0.00017374477465637028,0.0003162469365634024,0.0004698135599028319
"/Users/aswanathjs/Downloads/test10/ai_plastic_waste_management_training/PET Plastic/plastic_bottles/PET1,259.jpg",2,PET Plastic,2,PET Plastic,0.9997559189796448,0.0001813330309232697,4.480461939238012e-06,0.9997559189796448,4.31308762927074e-05,1.525254629086703e-05
/Users/aswanathjs/Downloads/test10/ai_plastic_waste_management_training/PS Plastic/foam_sheets/PS-785_jpg.rf.5deff55d43217d89fd0a2039e73aa7a8.jpg,4,PS Plastic,4,PS Plastic,0.9964119791984558,0.0009569243411533535,0.0007612067274749279,0.0007063235971145332,0.0011636709095910192,0.9964119791984558
/Users/aswanathjs/Downloads/test10/ai_plastic_waste_management_training/LDPE Plastic/black_white__plastic_bags/0271_jpg.rf.7447a3499cc07537cbccee47654ef059.jpg,1,LDPE Plastic,1,LDPE Plastic,0.9786921143531799,0.004667929373681545,0.9786921143531799,0.004132179543375969,0.009373662993311882,0.003134065307676792
/Users/aswanathjs/Downloads/test10/ai_plastic_waste_management_training/PP Plastic/round_containers/0035_a06b01c1d0e0f0g0h0.jpg,3,PP Plastic,3,PP Plastic,0.9987290501594543,0.0003925725177396089,3.753589408006519e-05,0.00015331282338593155,0.9987290501594543,0.0006875424878671765
/Users/aswanathjs/Downloads/test10/ai_plastic_waste_management_training/PS Plastic/foam_sheets/IMG_9364_JPG.rf.78943591a0aa34be894caf46fd6bdd1b.jpg,4,PS Plastic,4,PS Plastic,0.9948556423187256,0.0020031335297971964,0.00010603338887449354,0.002904907800257206,0.00013030419358983636,0.9948556423187256
/Users/aswanathjs/Downloads/test10/ai_plastic_waste_management_training/PS Plastic/foam_sheets/IMG_9364_JPG.rf.b879d0a451529461635fcc8ddc6976ad.jpg,4,PS Plastic,4,PS Plastic,0.9965227842330933,0.0008248559897765517,6.779568502679467e-05,0.0023504826240241528,0.0002340489736525342,0.9965227842330933
/Users/aswanathjs/Downloads/test10/ai_plastic_waste_management_training/PS Plastic/foam_sheets/IMG_9364_JPG.rf.496917bf65d897b13e95915518f40254.jpg,4,PS Plastic,4,PS Plastic,0.9950188398361206,0.0025347229093313217,0.00016728596528992057,0.002100997371599078,0.00017811422003433108,0.9950188398361206
/Users/aswanathjs/Downloads/test10/ai_plastic_waste_management_training/PS Plastic/form_sheets_grey/IMG_9364_JPG.rf.496917bf65d897b13e95915518f40254.jpg,4,PS Plastic,4,PS Plastic,0.9879025816917419,0.002787373261526227,0.000624028907623142,0.00646687438711524,0.0022190981544554234,0.9879025816917419
/Users/aswanathjs/Downloads/test10/ai_plastic_waste_management_training/PET Plastic/black_white_plastic_bottles/dleqp_jpg.rf.6bcc041e74e777e178413db8884af740.jpg,2,PET Plastic,2,PET Plastic,0.9993481040000916,0.0004422281344886869,1.6736910765757784e-05,0.9993481040000916,0.00016061111818999052,3.232495510019362e-05
/Users/aswanathjs/Downloads/test10/ai_plastic_waste_management_training/LDPE Plastic/plastic_bags/plasticbag (132) 17.43.56.jpg,1,LDPE Plastic,1,LDPE Plastic,0.996193528175354,0.00043953166459687054,0.996193528175354,0.0006283313850872219,0.0018102710600942373,0.0009283099207095802
"/Users/aswanathjs/Downloads/test10/ai_plastic_waste_management_training/PET Plastic/plastic_bottles/PET1,567.jpg",2,PET Plastic,2,PET Plastic,0.9924543499946594,0.0014648601645603776,0.0015092050889506936,0.9924543499946594,0.0034545438829809427,0.0011169763747602701
/Users/aswanathjs/Downloads/test10/ai_plastic_waste_management_training/PET Plastic/shampoo_bottles/0080_a05b00c2d1e0f1g0h0.jpg,2,PET Plastic,2,PET Plastic,0.9768276214599609,0.0005710875848308206,0.00020939526439178735,0.9768276214599609,0.022246383130550385,0.00014557504619006068
/Users/aswanathjs/Downloads/test10/ai_plastic_waste_management_training/LDPE Plastic/plastic_bags/plasticbag (184) 17.43.56.jpg,1,LDPE Plastic,1,LDPE Plastic,0.969455361366272,0.001299115945585072,0.969455361366272,0.017202384769916534,0.00725494185462594,0.004788200370967388
"/Users/aswanathjs/Downloads/test10/ai_plastic_waste_management_training/PET Plastic/plastic_bottles/PET1,104.jpg",2,PET Plastic,2,PET Plastic,0.992747962474823,0.00426348065957427,0.0006718725198879838,0.992747962474823,0.0020786216482520103,0.00023811464780010283
/Users/aswanathjs/Downloads/test10/ai_plastic_waste_management_training/LDPE Plastic/plastic_bags/train_LDPE-4_jpg.rf.172e48324e9bbb2936f1ce8c4f02d3e4.jpg,1,LDPE Plastic,1,LDPE Plastic,0.9912111163139343,0.0012218623887747526,0.9912111163139343,0.001706895767711103,0.0014389576390385628,0.004421164747327566
"/Users/aswanathjs/Downloads/test10/ai_plastic_waste_management_training/PET Plastic/plastic_bottles/PET1,210.jpg",2,PET Plastic,2,PET Plastic,0.9983810186386108,0.0011955966474488378,0.00017576455138623714,0.9983810186386108,0.00014150649076327682,0.00010606738942442462
/Users/aswanathjs/Downloads/test10/ai_plastic_waste_management_training/HDPE Plastic/shampoo_bottles/0076_a02b06c1d1e0f1g0h0.jpg,0,HDPE Plastic,0,HDPE Plastic,0.9997566342353821,0.9997566342353821,1.834504473663401e-05,0.00011096931848442182,9.333500929642469e-05,2.0792160285054706e-05
"/Users/aswanathjs/Downloads/test10/ai_plastic_waste_management_training/PET Plastic/plastic_bottles/PET1,343.jpg",2,PET Plastic,2,PET Plastic,0.9874430298805237,0.011374098248779774,7.700031710555777e-05,0.9874430298805237,0.0009509816882200539,0.00015494588296860456
"/Users/aswanathjs/Downloads/test10/ai_plastic_waste_management_training/PET Plastic/plastic_bottles/PET1,694.jpg",2,PET Plastic,2,PET Plastic,0.9984613656997681,0.0002247129159513861,0.0005260281614027917,0.9984613656997681,0.0005728747346438468,0.0002150502405129373
/Users/aswanathjs/Downloads/test10/ai_plastic_waste_management_training/LDPE Plastic/bin_bags/Image_183.png,1,LDPE Plastic,1,LDPE Plastic,0.9739027619361877,0.008728091605007648,0.9739027619361877,0.004556563217192888,0.007930230349302292,0.004882452078163624
/Users/aswanathjs/Downloads/test10/ai_plastic_waste_management_training/PS Plastic/foam_containers/Image_183.png,1,LDPE Plastic,4,PS Plastic,0.4550643861293793,0.06094294786453247,0.14002187550067902,0.023698804900050163,0.32027196884155273,0.4550643861293793
/Users/aswanathjs/Downloads/test10/ai_plastic_waste_management_training/PET Plastic/black_white_plastic_bottles/abwtn_jpg.rf.a3ed0f94fcec68ce20a815f9ef20d988.jpg,2,PET Plastic,2,PET Plastic,0.9993894100189209,0.0003972593694925308,6.79360018693842e-05,0.9993894100189209,0.00010687935719033703,3.854212263831869e-05
"/Users/aswanathjs/Downloads/test10/ai_plastic_waste_management_training/PET Plastic/plastic_bottles/PET1,316.jpg",2,PET Plastic,2,PET Plastic,0.9736571311950684,0.021100139245390892,0.00022004121274221689,0.9736571311950684,0.0023581762798130512,0.0026645781472325325
"/Users/aswanathjs/Downloads/test10/ai_plastic_waste_management_training/HDPE Plastic/milk_bottles/HDPEM1,018.JPG",0,HDPE Plastic,0,HDPE Plastic,0.9994456171989441,0.9994456171989441,6.29564601695165e-06,0.0004506980476435274,4.1493174649076536e-05,5.592858724412508e-05
/Users/aswanathjs/Downloads/test10/ai_plastic_waste_management_training/PP Plastic/round_containers/0022_a05b00c2d3e0f0g0h4.jpg,3,PP Plastic,3,PP Plastic,0.8949484825134277,0.007692995015531778,0.07237222790718079,0.004862650763243437,0.8949484825134277,0.02012365497648716
/Users/aswanathjs/Downloads/test10/ai_plastic_waste_management_training/HDPE Plastic/milk_bottles/HDPEM244.jpg,0,HDPE Plastic,0,HDPE Plastic,0.9999828338623047,0.9999828338623047,9.619402874250227e-08,9.856257747742347e-06,5.229864655120764e-06,1.90351147466572e-06
/Users/aswanathjs/Downloads/test10/ai_plastic_waste_management_training/PS Plastic/foam_sheets/PS-849_jpg.rf.4abd96d7d001aca2d67fac4ea8a77d62.jpg,4,PS Plastic,4,PS Plastic,0.9998610019683838,1.829574648581911e-05,5.2558330935426056e-05,4.1938208596548066e-05,2.6256304408889264e-05,0.9998610019683838
/Users/aswanathjs/Downloads/test10/ai_plastic_waste_management_training/LDPE Plastic/plastic_bags/LDPE-246_jpg.rf.dce5395bab33c53be1a43bbb99e44588.jpg,1,LDPE Plastic,1,LDPE Plastic,0.9962425231933594,0.0006132407579571009,0.9962425231933594,0.0005865435232408345,0.0012616998283192515,0.0012959708692505956
/Users/aswanathjs/Downloads/test10/ai_plastic_waste_management_training/LDPE Plastic/black_white__plastic_bags/0273_jpg.rf.c4b236ee0597546afa841fffe4650bf0.jpg,1,LDPE Plastic,1,LDPE Plastic,0.992732584476471,0.0020379554480314255,0.992732584476471,0.0014197530690580606,0.0022598914802074432,0.0015498246066272259
/Users/aswanathjs/Downloads/test10/ai_plastic_waste_management_training/HDPE Plastic/shampoo_bottles/0077_a02b01c2d3e0f1g0h4.jpg,0,HDPE Plastic,0,HDPE Plastic,0.838977575302124,0.838977575302124,0.001082850038073957,0.0004650908231269568,0.15896928310394287,0.0005051971529610455
/Users/aswanathjs/Downloads/test10/ai_plastic_waste_management_training/LDPE Plastic/plastic_bags/plasticbag (5).png,1,LDPE Plastic,1,LDPE Plastic,0.9491130113601685,0.02002389170229435,0.9491130113601685,0.0063383085653185844,0.012419241480529308,0.012105540372431278
/Users/aswanathjs/Downloads/test10/ai_plastic_waste_management_training/LDPE Plastic/plastic_bags/plasticbag (5).jpg,1,LDPE Plastic,1,LDPE Plastic,0.8722100257873535,0.02659004181623459,0.8722100257873535,0.017787829041481018,0.028124015778303146,0.05528811365365982
/Users/aswanathjs/Downloads/test10/ai_plastic_waste_management_training/PET Plastic/black_white_plastic_bottles/ajvdm_jpg.rf.6bd843215f765d2d340198b7b7b84579.jpg,2,PET Plastic,2,PET Plastic,0.9881603717803955,0.0003175106248818338,0.0033149574883282185,0.9881603717803955,0.007110347505658865,0.0010967925190925598
/Users/aswanathjs/Downloads/test10/ai_plastic_waste_management_training/HDPE Plastic/milk_bottles/HDPEM287.jpg,0,HDPE Plastic,0,HDPE Plastic,0.9996169805526733,0.9996169805526733,1.5647750842617825e-05,0.00027830814360640943,6.639573985012248e-05,2.2669109966955148e-05
"/Users/aswanathjs/Downloads/test10/ai_plastic_waste_management_training/HDPE Plastic/milk_bottles/HDPEM1,009.JPG",0,HDPE Plastic,0,HDPE Plastic,0.9996402263641357,0.9996402263641357,4.2985575987586344e-07,0.00033140662708319724,1.6010628314688802e-05,1.194506785395788e-05
/Users/aswanathjs/Downloads/test10/ai_plastic_waste_management_training/PP Plastic/square_containers_grey/0011_a05b00c2d0e0f0g0h2.jpg,3,PP Plastic,3,PP Plastic,0.9953263998031616,0.0007688559708185494,0.0006272625760175288,0.002339465543627739,0.9953263998031616,0.0009379335097037256
/Users/aswanathjs/Downloads/test10/ai_plastic_waste_management_training/PP Plastic/rectangle_containers/0011_a05b00c2d0e0f0g0h2.jpg,3,PP Plastic,3,PP Plastic,0.9886987805366516,0.0018455737736076117,0.003540603443980217,0.0022841263562440872,0.9886987805366516,0.0036308751441538334
/Users/aswanathjs/Downloads/test10/ai_plastic_waste_management_training/PP Plastic/square_containers/0011_a05b00c2d0e0f0g0h2.jpg,3,PP Plastic,3,PP Plastic,0.9886987805366516,0.0018455737736076117,0.003540603443980217,0.0022841263562440872,0.9886987805366516,0.0036308751441538334
/Users/aswanathjs/Downloads/test10/ai_plastic_waste_management_training/PET Plastic/black_white_plastic_bottles/deyko_jpg.rf.1a0459845d53cb5f7d40e2d6b7a2f2de.jpg,2,PET Plastic,2,PET Plastic,0.9971411228179932,0.000626013963483274,0.0006374144577421248,0.9971411228179932,0.0011923833517357707,0.00040316671947948635
/Users/aswanathjs/Downloads/test10/ai_plastic_waste_management_training/PET Plastic/black_white_plastic_bottles/btazr_jpg.rf.c76c6645e697d4caa213735259dd8c84.jpg,2,PET Plastic,2,PET Plastic,0.9995470643043518,0.00013407599180936813,0.00013082966324873269,0.9995470643043518,0.00014521562843583524,4.271974466973916e-05
/Users/aswanathjs/Downloads/test10/ai_plastic_waste_management_training/HDPE Plastic/shampoo_bottles/0061_a02b01c2d3e0f1g0h2.jpg,0,HDPE Plastic,0,HDPE Plastic,0.9960047602653503,0.9960047602653503,8.827899000607431e-05,0.003133369842544198,0.0004993185866624117,0.0002742778160609305
/Users/aswanathjs/Downloads/test10/ai_plastic_waste_management_training/HDPE Plastic/detergent_bottles/0096_a02b04c2d0e0f0g0h3.jpg,0,HDPE Plastic,0,HDPE Plastic,0.999488353729248,0.999488353729248,1.0153569746762514e-05,0.00011469235323602334,0.000329492031596601,5.71949130971916e-05
"/Users/aswanathjs/Downloads/test10/ai_plastic_waste_management_training/PET Plastic/plastic_bottles/PET1,136.jpg",2,PET Plastic,2,PET Plastic,0.9997245669364929,0.00012321870599407703,2.1740102965850383e-05,0.9997245669364929,9.624969970900565e-05,3.4190405131084844e-05
/Users/aswanathjs/Downloads/test10/ai_plastic_waste_management_training/PET Plastic/black_white_plastic_bottles/aexcz_jpg.rf.1fe7c3f16d303baa9555a7dd4e735fdb.jpg,2,PET Plastic,2,PET Plastic,0.9979727864265442,0.0006520461174659431,0.0002490672341082245,0.9979727864265442,0.001057615503668785,6.840706919319928e-05
/Users/aswanathjs/Downloads/test10/ai_plastic_waste_management_training/HDPE Plastic/detergent_bottles/0096_a02b04c1d3e0f0g0h1.jpg,0,HDPE Plastic,0,HDPE Plastic,0.9979305267333984,0.9979305267333984,1.9320392311783507e-05,9.681630763225257e-05,0.001916209002956748,3.70572270185221e-05
/Users/aswanathjs/Downloads/test10/ai_plastic_waste_management_training/HDPE Plastic/milk_bottles/HDPEM414.jpg,0,HDPE Plastic,0,HDPE Plastic,0.9999681711196899,0.9999681711196899,2.2186874559793068e-07,2.4850953650457086e-06,2.772677362372633e-05,1.3855785709893098e-06
/Users/aswanathjs/Downloads/test10/ai_plastic_waste_management_training/PP Plastic/square_containers/IMG_20220209_175409.jpg,3,PP Plastic,3,PP Plastic,0.8519572615623474,0.006111362483352423,0.024599023163318634,0.016240138560533524,0.8519572615623474,0.10109217464923859
/Users/aswanathjs/Downloads/test10/ai_plastic_waste_management_training/HDPE Plastic/shampoo_bottles/0065_a02b03c2d0e0f1g0h4.jpg,0,HDPE Plastic,0,HDPE Plastic,0.9985877275466919,0.9985877275466919,1.680275090620853e-05,0.0012197279138490558,0.00010459638724569231,7.117986388038844e-05
/Users/aswanathjs/Downloads/test10/ai_plastic_waste_management_training/HDPE Plastic/shampoo_bottles/0076_a02b06c1d2e0f1g0h0.jpg,0,HDPE Plastic,0,HDPE Plastic,0.9998252987861633,0.9998252987861633,1.0957513040921185e-05,8.461171091767028e-05,6.546459917444736e-05,1.3675368791155051e-05
/Users/aswanathjs/Downloads/test10/ai_plastic_waste_management_training/LDPE Plastic/plastic_bags/plasticbag (66).jpg,1,LDPE Plastic,1,LDPE Plastic,0.9194685816764832,0.013651229441165924,0.9194685816764832,0.007754652760922909,0.038585297763347626,0.02054019458591938
/Users/aswanathjs/Downloads/test10/ai_plastic_waste_management_training/HDPE Plastic/shampoo_bottles/0021_a02b01c1d3e1f0g0h4.jpg,0,HDPE Plastic,0,HDPE Plastic,0.9975059628486633,0.9975059628486633,1.8362043192610145e-06,0.0004759902658406645,0.0019582246895879507,5.8033925597555935e-05
/Users/aswanathjs/Downloads/test10/ai_plastic_waste_management_training/PET Plastic/plastic_bottles/PET993.jpg,2,PET Plastic,2,PET Plastic,0.9998739957809448,4.3592237489065155e-05,4.925314351567067e-05,0.9998739957809448,1.5342982806032524e-05,1.776608405634761e-05
/Users/aswanathjs/Downloads/test10/ai_plastic_waste_management_training/HDPE Plastic/shampoo_bottles/0076_a02b06c1d0e0f1g0h3.jpg,0,HDPE Plastic,0,HDPE Plastic,0.9996685981750488,0.9996685981750488,6.871291589050088e-06,0.00016583788965363055,0.00013554113684222102,2.310965101059992e-05
"/Users/aswanathjs/Downloads/test10/ai_plastic_waste_management_training/PET Plastic/plastic_bottles/PET1,553.jpg",2,PET Plastic,2,PET Plastic,0.9990801811218262,0.0004965218831785023,3.094716157647781e-05,0.9990801811218262,0.0003704877744894475,2.175159170292318e-05
/Users/aswanathjs/Downloads/test10/ai_plastic_waste_management_training/PS Plastic/foam_sheets/PS-531_jpg.rf.e1d3c129f8e8bc1daf58918c1a98871a.jpg,4,PS Plastic,4,PS Plastic,0.9794644713401794,0.0031727971509099007,0.014398202300071716,0.001193049713037908,0.0017714685527607799,0.9794644713401794
/Users/aswanathjs/Downloads/test10/ai_plastic_waste_management_training/HDPE Plastic/milk_bottles/HDPEM317.jpg,0,HDPE Plastic,0,HDPE Plastic,0.9996970891952515,0.9996970891952515,2.1179805116844364e-05,0.0001913006417453289,3.54627009073738e-05,5.51029370399192e-05
/Users/aswanathjs/Downloads/test10/ai_plastic_waste_management_training/HDPE Plastic/shampoo_bottiles_grey/0023_a02b01c2d2e0f1g0h1.jpg,0,HDPE Plastic,0,HDPE Plastic,0.964900553226471,0.964900553226471,9.039486030815169e-05,8.185754268197343e-05,0.03391387686133385,0.0010133046889677644
/Users/aswanathjs/Downloads/test10/ai_plastic_waste_management_training/HDPE Plastic/shampoo_bottles/0023_a02b01c2d2e0f1g0h1.jpg,0,HDPE Plastic,0,HDPE Plastic,0.9989727735519409,0.9989727735519409,8.716741604075651e-07,1.431993496225914e-05,0.0009744871058501303,3.759457467822358e-05
/Users/aswanathjs/Downloads/test10/ai_plastic_waste_management_training/PP Plastic/round_containers/0035_a06b01c2d3e0f0g0h4.jpg,3,PP Plastic,3,PP Plastic,0.9936314225196838,0.0011582759907469153,0.0001467114343540743,0.004120712634176016,0.9936314225196838,0.0009427971090190113
/Users/aswanathjs/Downloads/test10/ai_plastic_waste_management_training/LDPE Plastic/bubble_wrap/LDPE-82_jpg.rf.37a722377163a1431bd9230f3c53a386.jpg,1,LDPE Plastic,1,LDPE Plastic,0.9740716814994812,0.004769627004861832,0.9740716814994812,0.006069272756576538,0.0035885421093553305,0.011500842869281769
/Users/aswanathjs/Downloads/test10/ai_plastic_waste_management_training/LDPE Plastic/bubble_wrap/LDPE-82_jpg.rf.97a81e1fcf5a78dead74a86d80a238e6.jpg,1,LDPE Plastic,1,LDPE Plastic,0.9955542683601379,0.0005370521685108542,0.9955542683601379,0.0006850961945019662,0.0012878120178356767,0.0019358214922249317
/Users/aswanathjs/Downloads/test10/ai_plastic_waste_management_training/PP Plastic/round_containers/IMG_20220209_174947.jpg,3,PP Plastic,3,PP Plastic,0.9978387951850891,0.0007460523629561067,0.0002861475513782352,0.0005224347696639597,0.9978387951850891,0.0006064922781661153
"/Users/aswanathjs/Downloads/test10/ai_plastic_waste_management_training/PET Plastic/plastic_bottles/PET1,712.jpg",2,PET Plastic,2,PET Plastic,0.9267312288284302,0.0027805736754089594,0.010915536433458328,0.9267312288284302,0.0586329884827137,0.0009397233952768147
/Users/aswanathjs/Downloads/test10/ai_plastic_waste_management_training/LDPE Plastic/bubble_wrap/train_LDPE-85_jpg.rf.444032c57e3a25c50594c040d8fff208.jpg,1,LDPE Plastic,1,LDPE Plastic,0.9535408616065979,0.006351105403155088,0.9535408616065979,0.0075947605073452,0.02017510123550892,0.012338145636022091
/Users/aswanathjs/Downloads/test10/ai_plastic_waste_management_training/PET Plastic/black_white_plastic_bottles/cxrgu_jpg.rf.65de1a9f2d6dd325b20eb6120cbe2320.jpg,2,PET Plastic,2,PET Plastic,0.9967129230499268,0.0005218166625127196,0.0005722419591620564,0.9967129230499268,0.0018250297289341688,0.000368015025742352
/Users/aswanathjs/Downloads/test10/ai_plastic_waste_management_training/PET Plastic/shampoo_bottles/0050_a05b00c2d1e1f1g0h4.jpg,2,PET Plastic,2,PET Plastic,0.9972098469734192,0.0017656234558671713,0.0001736476260703057,0.9972098469734192,0.00048125063767656684,0.0003696429484989494
/Users/aswanathjs/Downloads/test10/ai_plastic_waste_management_training/LDPE Plastic/plastic_bags/LDPE-48_jpg.rf.03adcf9b039abd85882d4515b3a0ed72.jpg,1,LDPE Plastic,1,LDPE Plastic,0.9988856911659241,0.00046406459296122193,0.9988856911659241,0.00010617283260216936,0.0003136681334581226,0.0002303998189745471
/Users/aswanathjs/Downloads/test10/ai_plastic_waste_management_training/PET Plastic/black_white_plastic_bottles/dgzlv_jpg.rf.ee5ec099e8b8725a0fc8a376dd396d52.jpg,2,PET Plastic,2,PET Plastic,0.9987322688102722,0.0002581497246865183,0.0006062606698833406,0.9987322688102722,0.00036404255661182106,3.9201651816256344e-05
"/Users/aswanathjs/Downloads/test10/ai_plastic_waste_management_training/PET Plastic/plastic_bottles/PET1,603.jpg",2,PET Plastic,2,PET Plastic,0.9556458592414856,0.012794246897101402,0.012065871618688107,0.9556458592414856,0.010861050337553024,0.008632954210042953
/Users/aswanathjs/Downloads/test10/ai_plastic_waste_management_training/HDPE Plastic/milk_bottles/HDPEM133.jpg,0,HDPE Plastic,0,HDPE Plastic,0.9999539852142334,0.9999539852142334,3.760867741675611e-07,8.485878424835391e-06,2.828720425895881e-05,8.97613244887907e-06
/Users/aswanathjs/Downloads/test10/ai_plastic_waste_management_training/PP Plastic/square_containers_grey/IMG_20220209_173814.jpg,3,PP Plastic,3,PP Plastic,0.5389686822891235,0.09747106581926346,0.08085186779499054,0.06384782493114471,0.5389686822891235,0.21886058151721954
/Users/aswanathjs/Downloads/test10/ai_plastic_waste_management_training/PP Plastic/square_containers/IMG_20220209_173814.jpg,3,PP Plastic,3,PP Plastic,0.6012415289878845,0.06479296088218689,0.11346647888422012,0.027427395805716515,0.6012415289878845,0.193071648478508
/Users/aswanathjs/Downloads/test10/ai_plastic_waste_management_training/PET Plastic/plastic_bottles/PET384.jpg,2,PET Plastic,2,PET Plastic,0.9872231483459473,0.00840662606060505,0.0006367656751535833,0.9872231483459473,0.0022351681254804134,0.0014983293367549777
/Users/aswanathjs/Downloads/test10/ai_plastic_waste_management_training/HDPE Plastic/shampoo_bottles/0065_a02b03c2d3e0f1g0h3.jpg,0,HDPE Plastic,0,HDPE Plastic,0.9992830157279968,0.9992830157279968,1.67468188010389e-05,7.304281461983919e-05,0.0004519334761425853,0.0001753407996147871
/Users/aswanathjs/Downloads/test10/ai_plastic_waste_management_training/HDPE Plastic/milk_bottles/HDPEM281.jpg,0,HDPE Plastic,0,HDPE Plastic,0.9999504089355469,0.9999504089355469,1.0209831771135214e-06,1.4569663107977249e-05,2.9848086342099123e-05,4.126940893911524e-06
/Users/aswanathjs/Downloads/test10/ai_plastic_waste_management_training/PP Plastic/round_containers/IMG_20220209_173624.jpg,3,PP Plastic,3,PP Plastic,0.9508842825889587,0.0036710649728775024,0.029658133164048195,0.0035483890678733587,0.9508842825889587,0.012238183990120888
/Users/aswanathjs/Downloads/test10/ai_plastic_waste_management_training/HDPE Plastic/detergent_bottles/0010_a02b01c1d3e0f1g0h2.jpg,0,HDPE Plastic,0,HDPE Plastic,0.9987793564796448,0.9987793564796448,2.0320271687523928e-06,0.000627943139988929,0.0005393435712903738,5.136001345817931e-05
/Users/aswanathjs/Downloads/test10/ai_plastic_waste_management_training/LDPE Plastic/plastic_bags/plasticbag (163).jpg,1,LDPE Plastic,1,LDPE Plastic,0.8346521258354187,0.02085838094353676,0.8346521258354187,0.04298900067806244,0.06859493255615234,0.03290555253624916
/Users/aswanathjs/Downloads/test10/ai_plastic_waste_management_training/LDPE Plastic/plastic_bags/LDPE-65_jpg.rf.8e7cb0efcbaea582454ea3dba2772d4f.jpg,1,LDPE Plastic,1,LDPE Plastic,0.9933737516403198,0.0010867565870285034,0.9933737516403198,0.0009977223817259073,0.002469911938533187,0.002071920782327652
/Users/aswanathjs/Downloads/test10/ai_plastic_waste_management_training/LDPE Plastic/plastic_bags/LDPE-65_jpg.rf.9fd07c0767e1815534adf671b07f067a.jpg,1,LDPE Plastic,1,LDPE Plastic,0.9941861629486084,0.0015050494112074375,0.9941861629486084,0.0010351513046771288,0.001330763683654368,0.0019427373772487044
/Users/aswanathjs/Downloads/test10/ai_plastic_waste_management_training/LDPE Plastic/plastic_bags/train_LDPE-51_jpg.rf.af9728965ce0dedb7509cf53464a92ff.jpg,1,LDPE Plastic,1,LDPE Plastic,0.9988920092582703,0.0005761501379311085,0.9988920092582703,8.269786485470831e-05,0.00020826993568334728,0.000240883236983791
/Users/aswanathjs/Downloads/test10/ai_plastic_waste_management_training/PET Plastic/black_white_plastic_bottles/bzegv_jpg.rf.aced48e4c17428c90bcf06fc1c8693cb.jpg,2,PET Plastic,2,PET Plastic,0.9997307658195496,0.00021669127454515547,3.387952119737747e-06,0.9997307658195496,3.7780002458021045e-05,1.1420651389926206e-05
/Users/aswanathjs/Downloads/test10/ai_plastic_waste_management_training/PP Plastic/round_containers/IMG_20220209_175618.jpg,3,PP Plastic,3,PP Plastic,0.9602691531181335,0.016071252524852753,0.02010144293308258,0.00201651849783957,0.9602691531181335,0.0015416393289342523
/Users/aswanathjs/Downloads/test10/ai_plastic_waste_management_training/PP Plastic/square_containers/Image_193.png,3,PP Plastic,3,PP Plastic,0.8759276866912842,0.026993663981556892,0.07111673057079315,0.007984041236341,0.8759276866912842,0.0179778803139925
/Users/aswanathjs/Downloads/test10/ai_plastic_waste_management_training/PS Plastic/foam_containers/Image_193.png,3,PP Plastic,4,PS Plastic,0.5573582053184509,0.05982574447989464,0.21735429763793945,0.018120482563972473,0.14734120666980743,0.5573582053184509
/Users/aswanathjs/Downloads/test10/ai_plastic_waste_management_training/HDPE Plastic/milk_bottles/HDPEM67.jpg,0,HDPE Plastic,0,HDPE Plastic,0.9997078776359558,0.9997078776359558,7.539146054114099e-07,0.0001472221629228443,0.00012575405708048493,1.835256625781767e-05
/Users/aswanathjs/Downloads/test10/ai_plastic_waste_management_training/PS Plastic/foam_sheets/PS-816_jpg.rf.621f2b8ee9e7ddcc302155c252c762fe.jpg,4,PS Plastic,4,PS Plastic,0.9998805522918701,2.7138810764881782e-05,7.073490996845067e-05,9.145222065853886e-06,1.2388574759825133e-05,0.9998805522918701
/Users/aswanathjs/Downloads/test10/ai_plastic_waste_management_training/PP Plastic/round_containers/IMG_20220209_174543.jpg,3,PP Plastic,3,PP Plastic,0.9350447654724121,0.054225072264671326,0.002763757249340415,0.002464959630742669,0.9350447654724121,0.005501453764736652
/Users/aswanathjs/Downloads/test10/ai_plastic_waste_management_training/PP Plastic/round_containers/IMG_20220209_174119.jpg,3,PP Plastic,3,PP Plastic,0.9313982725143433,0.018567154183983803,0.005522063001990318,0.009769489988684654,0.9313982725143433,0.03474302217364311
/Users/aswanathjs/Downloads/test10/ai_plastic_waste_management_training/LDPE Plastic/plastic_bags/LDPE-535_jpg.rf.8ba1e8c5bd8cd7d6a3faef3b05a247eb.jpg,1,LDPE Plastic,1,LDPE Plastic,0.9929690957069397,0.0017725869547575712,0.9929690957069397,0.0013155372580513358,0.0017126566963270307,0.0022300449199974537
/Users/aswanathjs/Downloads/test10/ai_plastic_waste_management_training/PP Plastic/irregular_containers/train_PP-45_jpg.rf.ad3e3e10ad03ba04b8fd23db4c13ff94.jpg,3,PP Plastic,3,PP Plastic,0.9216094613075256,0.02004772424697876,0.0038854058366268873,0.04756771773099899,0.9216094613075256,0.00688980845734477
/Users/aswanathjs/Downloads/test10/ai_plastic_waste_management_training/HDPE Plastic/shampoo_bottles/0075_a02b01c1d2e0f0g0h0.jpg,0,HDPE Plastic,0,HDPE Plastic,0.7894185185432434,0.7894185185432434,0.006497335620224476,0.017294161021709442,0.1740710586309433,0.01271903607994318
/Users/aswanathjs/Downloads/test10/ai_plastic_waste_management_training/PET Plastic/plastic_bottles/PET542.jpg,2,PET Plastic,2,PET Plastic,0.9996740818023682,0.000273305136943236,1.2210559361847118e-05,0.9996740818023682,2.578399289632216e-05,1.4649932381871622e-05
/Users/aswanathjs/Downloads/test10/ai_plastic_waste_management_training/LDPE Plastic/plastic_bags/LDPE-22_jpg.rf.dc475cc93de39ca824b6e309e578e910.jpg,1,LDPE Plastic,1,LDPE Plastic,0.9883493185043335,0.0019915499724447727,0.9883493185043335,0.0018314102198928595,0.0026123265270143747,0.0052154213190078735
/Users/aswanathjs/Downloads/test10/ai_plastic_waste_management_training/PET Plastic/plastic_bottles/PET678.jpg,2,PET Plastic,2,PET Plastic,0.9998055100440979,3.9118076529121026e-05,3.295316855655983e-05,0.9998055100440979,0.00010604666022118181,1.641753624426201e-05
"/Users/aswanathjs/Downloads/test10/ai_plastic_waste_management_training/PET Plastic/plastic_bottles/PET1,065.jpg",2,PET Plastic,2,PET Plastic,0.9999254941940308,4.1669376514619216e-05,3.918824859283632e-06,0.9999254941940308,1.5967600120347925e-05,1.2873397281509824e-05
/Users/aswanathjs/Downloads/test10/ai_plastic_waste_management_training/HDPE Plastic/shampoo_bottles/0099_a02b01c2d2e0f1g0h0.jpg,0,HDPE Plastic,0,HDPE Plastic,0.987015962600708,0.987015962600708,0.0001102177775464952,0.004945781547576189,0.007574477698653936,0.000353592709871009
/Users/aswanathjs/Downloads/test10/ai_plastic_waste_management_training/PP Plastic/round_containers/0044_a06b01c1d3e0f0g0h0.jpg,3,PP Plastic,3,PP Plastic,0.993364691734314,0.0033879559487104416,0.0013374551199376583,0.0006417605327442288,0.993364691734314,0.0012681895168498158
/Users/aswanathjs/Downloads/test10/ai_plastic_waste_management_training/PS Plastic/foam_sheets/PS-869_jpg.rf.2da744199d0e5ad8eb1c98b5e943d36a.jpg,4,PS Plastic,4,PS Plastic,0.9998984336853027,1.2133577911299653e-05,3.9431368350051343e-05,2.8759934139088728e-05,2.1269415810820647e-05,0.9998984336853027
/Users/aswanathjs/Downloads/test10/ai_plastic_waste_management_training/PET Plastic/black_white_plastic_bottles/dqvay_jpg.rf.a4fd7fb9e01ae4311912e45995ecdd5f.jpg,2,PET Plastic,2,PET Plastic,0.9977461695671082,0.00041196707752533257,0.0001856286107795313,0.9977461695671082,0.0013371289242058992,0.0003190418938174844
/Users/aswanathjs/Downloads/test10/ai_plastic_waste_management_training/PP Plastic/round_containers/0032_a05b01c2d3e0f0g0h3.jpg,3,PP Plastic,3,PP Plastic,0.9932165741920471,0.0033560958690941334,0.00022014148999005556,0.000836454622913152,0.9932165741920471,0.002370797796174884
/Users/aswanathjs/Downloads/test10/ai_plastic_waste_management_training/LDPE Plastic/plastic_bags/LDPE-326_jpg.rf.b4eed70874e5502c4fd701c857b9eb59.jpg,1,LDPE Plastic,1,LDPE Plastic,0.9974061846733093,0.00012046132906107232,0.9974061846733093,0.000261052482528612,0.000823913374915719,0.001388379605486989
/Users/aswanathjs/Downloads/test10/ai_plastic_waste_management_training/HDPE Plastic/milk_bottles/HDPEM218.jpg,0,HDPE Plastic,0,HDPE Plastic,0.998995840549469,0.998995840549469,1.1300078767817467e-05,0.00042954061063937843,0.0004981101956218481,6.520021997857839e-05
/Users/aswanathjs/Downloads/test10/ai_plastic_waste_management_training/HDPE Plastic/shampoo_bottles/0065_a02b03c1d0e0f1g0h3.jpg,0,HDPE Plastic,0,HDPE Plastic,0.9995680451393127,0.9995680451393127,9.564936590322759e-06,0.0001992201287066564,0.00018792135233525187,3.5267916246084496e-05
/Users/aswanathjs/Downloads/test10/ai_plastic_waste_management_training/HDPE Plastic/shampoo_bottles/0078_a02b07c2d0e0f1g0h4.jpg,0,HDPE Plastic,0,HDPE Plastic,0.9991450309753418,0.9991450309753418,2.45311875914922e-05,0.0005646516801789403,0.00019626831635832787,6.9472000177484e-05
"/Users/aswanathjs/Downloads/test10/ai_plastic_waste_management_training/PET Plastic/plastic_bottles/PET1,758.jpg",2,PET Plastic,2,PET Plastic,0.9998955726623535,1.7329057300230488e-05,3.4179985959781334e-05,0.9998955726623535,4.5920038246549666e-05,7.023688795015914e-06
/Users/aswanathjs/Downloads/test10/ai_plastic_waste_management_training/LDPE Plastic/plastic_bags/plasticbag (144) 17.43.56.jpg,1,LDPE Plastic,1,LDPE Plastic,0.9933468103408813,0.0016671819612383842,0.9933468103408813,0.001079557347111404,0.0030023602303117514,0.0009041440789587796
/Users/aswanathjs/Downloads/test10/ai_plastic_waste_management_training/HDPE Plastic/shampoo_bottles/0077_a02b01c1d3e0f1g0h4.jpg,0,HDPE Plastic,0,HDPE Plastic,0.7794575691223145,0.7794575691223145,0.0010013605933636427,0.0007368401275016367,0.21792395412921906,0.0008803233504295349
/Users/aswanathjs/Downloads/test10/ai_plastic_waste_management_training/LDPE Plastic/plastic_bags/LDPE-276_jpg.rf.62485e45d616880490d50ca7399b866e.jpg,1,LDPE Plastic,1,LDPE Plastic,0.9979233145713806,0.0006008875207044184,0.9979233145713806,0.0005624012555927038,0.0003839335113298148,0.0005295834853313863
/Users/aswanathjs/Downloads/test10/ai_plastic_waste_management_training/PET Plastic/plastic_bottles/PET958.jpg,2,PET Plastic,2,PET Plastic,0.9930245876312256,0.0010463267099112272,0.0002952662471216172,0.9930245876312256,0.004121487960219383,0.0015122591285035014
/Users/aswanathjs/Downloads/test10/ai_plastic_waste_management_training/PP Plastic/square_containers_grey/IMG20220210150432.jpg,3,PP Plastic,1,LDPE Plastic,0.47628387808799744,0.07252699136734009,0.47628387808799744,0.044707898050546646,0.3604359030723572,0.046045318245887756
/Users/aswanathjs/Downloads/test10/ai_plastic_waste_management_training/PP Plastic/square_containers/IMG20220210150432.jpg,3,PP Plastic,3,PP Plastic,0.4191146492958069,0.14249998331069946,0.31126028299331665,0.044184837490320206,0.4191146492958069,0.08294028788805008
/Users/aswanathjs/Downloads/test10/ai_plastic_waste_management_training/PP Plastic/square_containers/IMG20220210150440.jpg,3,PP Plastic,3,PP Plastic,0.7650585770606995,0.16627418994903564,0.014371921308338642,0.02242615446448326,0.7650585770606995,0.03186918422579765
/Users/aswanathjs/Downloads/test10/ai_plastic_waste_management_training/PS Plastic/foam_sheets/IMG_9358_JPG.rf.0d237e3fcecc10e0cd95d5b394b095f1.jpg,4,PS Plastic,4,PS Plastic,0.9937888979911804,0.002284833462908864,2.574270729382988e-05,0.0017298288876190782,0.0021706640254706144,0.9937888979911804
/Users/aswanathjs/Downloads/test10/ai_plastic_waste_management_training/PS Plastic/foam_sheets/IMG_9358_JPG.rf.415a6862b45fd800b93978a40794c0d8.jpg,4,PS Plastic,4,PS Plastic,0.9834030270576477,0.004528435412794352,2.2576305127586238e-05,0.009293731302022934,0.0027522998861968517,0.9834030270576477
/Users/aswanathjs/Downloads/test10/ai_plastic_waste_management_training/PS Plastic/foam_sheets/IMG_9358_JPG.rf.9deddac341aaa43137a3c0038f66ebff.jpg,4,PS Plastic,4,PS Plastic,0.9917818307876587,0.005607412662357092,9.343959391117096e-05,0.002022028900682926,0.000495235319249332,0.9917818307876587
"/Users/aswanathjs/Downloads/test10/ai_plastic_waste_management_training/PET Plastic/plastic_bottles/PET1,434.jpg",2,PET Plastic,2,PET Plastic,0.9986897110939026,0.0009471448720432818,3.847853804472834e-05,0.9986897110939026,0.00027325094561092556,5.151659206603654e-05
/Users/aswanathjs/Downloads/test10/ai_plastic_waste_management_training/LDPE Plastic/plastic_bags/train_LDPE-42_jpg.rf.3641cfed1d3d932dbff4b3e15d25f862.jpg,1,LDPE Plastic,1,LDPE Plastic,0.9963560104370117,0.0014537603128701448,0.9963560104370117,0.00029974954668432474,0.0011896766955032945,0.0007008083048276603
/Users/aswanathjs/Downloads/test10/ai_plastic_waste_management_training/LDPE Plastic/black_white__plastic_bags/0002_jpg.rf.a8f2a5a965525083cb801ab81e0faa07.jpg,1,LDPE Plastic,1,LDPE Plastic,0.9310384392738342,0.002381875179708004,0.9310384392738342,0.050989195704460144,0.009000468999147415,0.006589978933334351
/Users/aswanathjs/Downloads/test10/ai_plastic_waste_management_training/PET Plastic/plastic_bottles/PET858.jpg,2,PET Plastic,2,PET Plastic,0.9913718700408936,0.0066334400326013565,0.0006793808424845338,0.9913718700408936,0.000726641621440649,0.0005887559964321554
/Users/aswanathjs/Downloads/test10/ai_plastic_waste_management_training/HDPE Plastic/milk_bottles/HDPEM185.jpg,0,HDPE Plastic,0,HDPE Plastic,0.9999878406524658,0.9999878406524658,6.17454603002443e-08,6.350645435304614e-06,3.1132578897086205e-06,2.5927067781594815e-06
"/Users/aswanathjs/Downloads/test10/ai_plastic_waste_management_training/PET Plastic/plastic_bottles/PET1,427.jpg",2,PET Plastic,2,PET Plastic,0.9950869679450989,0.0040958174504339695,3.0389035600819625e-05,0.9950869679450989,0.00047618846292607486,0.00031071784906089306
/Users/aswanathjs/Downloads/test10/ai_plastic_waste_management_training/HDPE Plastic/shampoo_bottles/0077_a02b01c1d2e0f1g0h2.jpg,0,HDPE Plastic,0,HDPE Plastic,0.9980029463768005,0.9980029463768005,4.687120508606313e-06,0.00019353725656401366,0.0017773761646822095,2.1359757738537155e-05
/Users/aswanathjs/Downloads/test10/ai_plastic_waste_management_training/HDPE Plastic/milk_bottles/HDPEM412.jpg,0,HDPE Plastic,0,HDPE Plastic,0.99988853931427,0.99988853931427,1.7987161982091493e-06,7.993116014404222e-06,9.781978587852791e-05,3.833113169093849e-06
/Users/aswanathjs/Downloads/test10/ai_plastic_waste_management_training/PP Plastic/rectangle_containers/0011_a05b00c1d2e0f0g0h4.jpg,3,PP Plastic,3,PP Plastic,0.9983248114585876,0.00042331471922807395,0.00045784396934323013,0.0005282602505758405,0.9983248114585876,0.0002658266748767346
/Users/aswanathjs/Downloads/test10/ai_plastic_waste_management_training/PP Plastic/square_containers/0011_a05b00c1d2e0f0g0h4.jpg,3,PP Plastic,3,PP Plastic,0.9983248114585876,0.00042331471922807395,0.00045784396934323013,0.0005282602505758405,0.9983248114585876,0.0002658266748767346
/Users/aswanathjs/Downloads/test10/ai_plastic_waste_management_training/LDPE Plastic/plastic_bags_grey/plasticbag (112).jpg,1,LDPE Plastic,1,LDPE Plastic,0.9694378972053528,0.007775085512548685,0.9694378972053528,0.005813376512378454,0.01237844955176115,0.004595114383846521
/Users/aswanathjs/Downloads/test10/ai_plastic_waste_management_training/LDPE Plastic/plastic_bags/plasticbag (112).jpg,1,LDPE Plastic,1,LDPE Plastic,0.9789466857910156,0.005191359668970108,0.9789466857910156,0.004384489730000496,0.008786147460341454,0.0026912419125437737
/Users/aswanathjs/Downloads/test10/ai_plastic_waste_management_training/HDPE Plastic/detergent_bottles/IMG_20220209_182823.jpg,0,HDPE Plastic,0,HDPE Plastic,0.9662518501281738,0.9662518501281738,0.00025548547273501754,0.0037965436931699514,0.02813144400715828,0.0015647172695025802
/Users/aswanathjs/Downloads/test10/ai_plastic_waste_management_training/HDPE Plastic/detergent_botteles_grey/IMG_20220209_182823.jpg,0,HDPE Plastic,3,PP Plastic,0.8138468265533447,0.1237511858344078,0.021477676928043365,0.007980727590620518,0.8138468265533447,0.03294365108013153
/Users/aswanathjs/Downloads/test10/ai_plastic_waste_management_training/HDPE Plastic/detergent_bottles/Image_227.png,0,HDPE Plastic,0,HDPE Plastic,0.9942237734794617,0.9942237734794617,0.0004881308414041996,0.0012654917081817985,0.0011527423048391938,0.002869807183742523
/Users/aswanathjs/Downloads/test10/ai_plastic_waste_management_training/PS Plastic/foam_containers/Image_227.png,0,HDPE Plastic,4,PS Plastic,0.5410471558570862,0.06663189083337784,0.21646788716316223,0.03210427239537239,0.14374886453151703,0.5410471558570862
/Users/aswanathjs/Downloads/test10/ai_plastic_waste_management_training/PP Plastic/square_containers/IMG_20220209_175414.jpg,3,PP Plastic,3,PP Plastic,0.8703372478485107,0.04317931830883026,0.03368229791522026,0.018292073160409927,0.8703372478485107,0.03450900316238403
/Users/aswanathjs/Downloads/test10/ai_plastic_waste_management_training/HDPE Plastic/detergent_bottles/0098_a02b03c1d2e0f0g0h1.jpg,0,HDPE Plastic,0,HDPE Plastic,0.9993410706520081,0.9993410706520081,5.253946437733248e-05,6.374985241563991e-05,0.0005203855689615011,2.2327503756969236e-05
/Users/aswanathjs/Downloads/test10/ai_plastic_waste_management_training/PET Plastic/plastic_bottles/PET387.jpg,2,PET Plastic,2,PET Plastic,0.9993571639060974,0.00027593891718424857,4.819567402591929e-05,0.9993571639060974,0.00024441751884296536,7.425513467751443e-05
/Users/aswanathjs/Downloads/test10/ai_plastic_waste_management_training/PP Plastic/irregular_containers/train_PP-65_jpg.rf.fa2894bafafb850fbc03caf362becbba.jpg,3,PP Plastic,3,PP Plastic,0.9909809231758118,0.006015545688569546,0.0008427691063843668,0.0009696948109194636,0.9909809231758118,0.001191102433949709
/Users/aswanathjs/Downloads/test10/ai_plastic_waste_management_training/PP Plastic/irregular_containers_grey/train_PP-65_jpg.rf.fa2894bafafb850fbc03caf362becbba.jpg,3,PP Plastic,3,PP Plastic,0.9929248094558716,0.005026719998568296,0.00029194116359576583,0.0005522693390958011,0.9929248094558716,0.0012043555034324527
/Users/aswanathjs/Downloads/test10/ai_plastic_waste_management_training/LDPE Plastic/plastic_bags/LDPE-450_jpg.rf.24a025e61ea6826167e25a7a34aba9d4.jpg,1,LDPE Plastic,1,LDPE Plastic,0.9973928928375244,0.0005753074074164033,0.9973928928375244,0.0007024446967989206,0.0008798548951745033,0.0004495003377087414
/Users/aswanathjs/Downloads/test10/ai_plastic_waste_management_training/HDPE Plastic/milk_bottles/HDPEM186.jpg,0,HDPE Plastic,0,HDPE Plastic,0.999956488609314,0.999956488609314,1.6959201332156226e-07,2.521545502531808e-05,1.0716741599026136e-05,7.367264970525866e-06
/Users/aswanathjs/Downloads/test10/ai_plastic_waste_management_training/PET Plastic/black_white_plastic_bottles/anzjl_jpg.rf.ade3fd204a649262619bf1afd8d7a0ad.jpg,2,PET Plastic,2,PET Plastic,0.9997566342353821,0.0001569051673868671,9.62274043558864e-06,0.9997566342353821,3.377808025106788e-05,4.3022653699154034e-05
/Users/aswanathjs/Downloads/test10/ai_plastic_waste_management_training/PS Plastic/foam_sheets/PS-634_jpg.rf.de9b1630e26de907126c2cc4fb61421c.jpg,4,PS Plastic,4,PS Plastic,0.9986811280250549,0.00010149284935323521,0.0008433719049207866,0.00010665622539818287,0.00026731082471087575,0.9986811280250549
/Users/aswanathjs/Downloads/test10/ai_plastic_waste_management_training/PP Plastic/round_containers/0035_a06b01c1d2e0f0g0h0.jpg,3,PP Plastic,3,PP Plastic,0.9989872574806213,0.0007206212030723691,9.778260573511943e-05,3.7272711779223755e-05,0.9989872574806213,0.00015703492681495845
/Users/aswanathjs/Downloads/test10/ai_plastic_waste_management_training/LDPE Plastic/bin_bags/Image_174.png,1,LDPE Plastic,1,LDPE Plastic,0.9779835343360901,0.008204629644751549,0.9779835343360901,0.004132922273129225,0.005821044556796551,0.0038577858358621597
/Users/aswanathjs/Downloads/test10/ai_plastic_waste_management_training/PP Plastic/square_containers/Image_174.png,1,LDPE Plastic,1,LDPE Plastic,0.5769230127334595,0.022661112248897552,0.5769230127334595,0.015057134442031384,0.3693729341030121,0.015985805541276932
/Users/aswanathjs/Downloads/test10/ai_plastic_waste_management_training/PS Plastic/foam_containers/Image_174.png,1,LDPE Plastic,4,PS Plastic,0.4986751675605774,0.0885913148522377,0.23163002729415894,0.021378593519330025,0.1597248613834381,0.4986751675605774
/Users/aswanathjs/Downloads/test10/ai_plastic_waste_management_training/PP Plastic/irregular_containers/valid_PP-75_jpg.rf.10a8409d955414fb5612109da918dce7.jpg,3,PP Plastic,3,PP Plastic,0.962073028087616,0.0056716687977313995,0.017285846173763275,0.010953753255307674,0.962073028087616,0.004015679471194744
/Users/aswanathjs/Downloads/test10/ai_plastic_waste_management_training/PP Plastic/irregular_containers_grey/valid_PP-75_jpg.rf.10a8409d955414fb5612109da918dce7.jpg,3,PP Plastic,3,PP Plastic,0.7817165851593018,0.012370893731713295,0.1567574441432953,0.009267566725611687,0.7817165851593018,0.039887409657239914
"/Users/aswanathjs/Downloads/test10/ai_plastic_waste_management_training/HDPE Plastic/milk_bottles/HDPEM1,002.JPG",0,HDPE Plastic,0,HDPE Plastic,0.9997053742408752,0.9997053742408752,1.0620286957419012e-05,0.00012014723324682564,5.1479655667208135e-05,0.0001123325782828033
/Users/aswanathjs/Downloads/test10/ai_plastic_waste_management_training/PET Plastic/plastic_bottles/PET995.jpg,2,PET Plastic,2,PET Plastic,0.9997599720954895,0.00010380372259533033,6.968845264054835e-05,0.9997599720954895,3.7680394598282874e-05,2.885358117055148e-05
/Users/aswanathjs/Downloads/test10/ai_plastic_waste_management_training/PET Plastic/plastic_bottles/PET312.jpg,2,PET Plastic,2,PET Plastic,0.9990869760513306,0.0006445152685046196,0.00011140124115627259,0.9990869760513306,9.384477016283199e-05,6.330186442937702e-05
/Users/aswanathjs/Downloads/test10/ai_plastic_waste_management_training/LDPE Plastic/plastic_bags/plasticbag (25).jpg,1,LDPE Plastic,1,LDPE Plastic,0.9940811991691589,0.0013292491203173995,0.9940811991691589,0.0006060273735783994,0.0027758993674069643,0.0012076004641130567
"/Users/aswanathjs/Downloads/test10/ai_plastic_waste_management_training/PET Plastic/plastic_bottles/PET1,254.jpg",2,PET Plastic,2,PET Plastic,0.9935965538024902,0.002587569411844015,0.00012043011520290747,0.9935965538024902,0.003216333920136094,0.0004791532701347023
/Users/aswanathjs/Downloads/test10/ai_plastic_waste_management_training/HDPE Plastic/shampoo_bottles/0021_a02b01c1d3e1f0g0h1.jpg,0,HDPE Plastic,0,HDPE Plastic,0.9732374548912048,0.9732374548912048,3.554731301846914e-05,0.0009607055108062923,0.02521413005888462,0.0005521036218851805
/Users/aswanathjs/Downloads/test10/ai_plastic_waste_management_training/PS Plastic/foam_sheets/PS-612_jpg.rf.a0131cd6816f78008ca24e5e58d5b068.jpg,4,PS Plastic,4,PS Plastic,0.9558416604995728,0.004212653264403343,0.02967674285173416,0.003712498350068927,0.006556427571922541,0.9558416604995728
/Users/aswanathjs/Downloads/test10/ai_plastic_waste_management_training/HDPE Plastic/shampoo_bottles/0061_a02b01c1d0e0f1g0h2(1).jpg,0,HDPE Plastic,0,HDPE Plastic,0.9970580339431763,0.9970580339431763,0.0001157117003458552,0.001457231119275093,0.0010027282405644655,0.00036635223659686744
/Users/aswanathjs/Downloads/test10/ai_plastic_waste_management_training/HDPE Plastic/detergent_bottles/0010_a02b01c2d3e0f1g0h0.jpg,0,HDPE Plastic,0,HDPE Plastic,0.9936694502830505,0.9936694502830505,2.8305315936449915e-05,5.182895256439224e-05,0.006201242562383413,4.916294710710645e-05
/Users/aswanathjs/Downloads/test10/ai_plastic_waste_management_training/HDPE Plastic/detergent_botteles_grey/0010_a02b01c2d3e0f1g0h0.jpg,0,HDPE Plastic,0,HDPE Plastic,0.9946098327636719,0.9946098327636719,0.00014902293332852423,0.0001746150228427723,0.004847997333854437,0.00021848392498213798
/Users/aswanathjs/Downloads/test10/ai_plastic_waste_management_training/PS Plastic/foam_sheets/PS-889_jpg.rf.54aff3a2c234719a371258aa5877eaf9.jpg,4,PS Plastic,4,PS Plastic,0.9998619556427002,1.9437275113887154e-05,8.977852849056944e-05,6.434083843487315e-06,2.235772626590915e-05,0.9998619556427002
/Users/aswanathjs/Downloads/test10/ai_plastic_waste_management_training/LDPE Plastic/bubble_wrap/train_LDPE-79_jpg.rf.899cf7b0e28e2da2fb80f3b7526ffa11.jpg,1,LDPE Plastic,1,LDPE Plastic,0.9796708226203918,0.0032319638412445784,0.9796708226203918,0.003079693764448166,0.007839689962565899,0.006177792325615883
/Users/aswanathjs/Downloads/test10/ai_plastic_waste_management_training/PET Plastic/plastic_bottles/PET898.jpg,2,PET Plastic,2,PET Plastic,0.9980171918869019,0.0002978371921926737,0.0013702132273465395,0.9980171918869019,0.0002548019983805716,5.988692646496929e-05
/Users/aswanathjs/Downloads/test10/ai_plastic_waste_management_training/PET Plastic/black_white_plastic_bottles/axzvb_jpg.rf.5b85f4675eb03576c2d5d3db955648e4.jpg,2,PET Plastic,2,PET Plastic,0.9922640323638916,0.0021995145361870527,0.0014047380536794662,0.9922640323638916,0.0030511964578181505,0.001080512534826994
/Users/aswanathjs/Downloads/test10/ai_plastic_waste_management_training/PP Plastic/round_containers/0043_a06b01c1d3e0f0g0h1.jpg,3,PP Plastic,3,PP Plastic,0.9994567036628723,0.0002100084675475955,4.022295615868643e-05,4.995102426619269e-05,0.9994567036628723,0.00024309143191203475
/Users/aswanathjs/Downloads/test10/ai_plastic_waste_management_training/PP Plastic/round_containers_grey/0043_a06b01c1d3e0f0g0h1.jpg,3,PP Plastic,3,PP Plastic,0.989177405834198,0.001969230594113469,0.0051443916745483875,0.0007346774218603969,0.989177405834198,0.0029743430204689503
/Users/aswanathjs/Downloads/test10/ai_plastic_waste_management_training/PS Plastic/foam_containers/Image_194.png,4,PS Plastic,1,LDPE Plastic,0.5583591461181641,0.10501762479543686,0.5583591461181641,0.057836391031742096,0.11288401484489441,0.16590288281440735
/Users/aswanathjs/Downloads/test10/ai_plastic_waste_management_training/PP Plastic/square_containers/IMG_20220209_175024.jpg,3,PP Plastic,3,PP Plastic,0.5898578763008118,0.025035537779331207,0.008948411792516708,0.007383094634860754,0.5898578763008118,0.3687750995159149
/Users/aswanathjs/Downloads/test10/ai_plastic_waste_management_training/LDPE Plastic/bubble_wrap/LDPE-85_jpg.rf.0167a1549c2a1ab54aa42d6c2e865a41.jpg,1,LDPE Plastic,1,LDPE Plastic,0.9894485473632812,0.002298402599990368,0.9894485473632812,0.0013621513498947024,0.003380007343366742,0.0035108928568661213
/Users/aswanathjs/Downloads/test10/ai_plastic_waste_management_training/LDPE Plastic/bubble_wrap/LDPE-85_jpg.rf.03390a89eb4d5f2539497f88e078fcf7.jpg,1,LDPE Plastic,1,LDPE Plastic,0.9936631917953491,0.0009105464559979737,0.9936631917953491,0.0011672362452372909,0.0023213087115436792,0.0019376458367332816
/Users/aswanathjs/Downloads/test10/ai_plastic_waste_management_training/PS Plastic/foam_sheets/IMG_9359_JPG.rf.28b76d1e90a3e9fa15bb5292ca25a168.jpg,4,PS Plastic,4,PS Plastic,0.9955820441246033,0.0023607034236192703,3.368210309417918e-05,0.0016897764289751649,0.00033377038198523223,0.9955820441246033
/Users/aswanathjs/Downloads/test10/ai_plastic_waste_management_training/PS Plastic/foam_sheets/IMG_9359_JPG.rf.188d9cacf87fed29bcac95454f39ca1d.jpg,4,PS Plastic,4,PS Plastic,0.9758853316307068,0.021246835589408875,9.146380034508184e-05,0.0015961218159645796,0.0011802098015323281,0.9758853316307068
/Users/aswanathjs/Downloads/test10/ai_plastic_waste_management_training/PS Plastic/foam_sheets/IMG_9359_JPG.rf.683fe0e3043ce94b8b1f0fa29d3909aa.jpg,4,PS Plastic,4,PS Plastic,0.9891714453697205,0.006831442471593618,3.5196066164644435e-05,0.003350902581587434,0.0006109973764978349,0.9891714453697205
/Users/aswanathjs/Downloads/test10/ai_plastic_waste_management_training/HDPE Plastic/shampoo_bottiles_grey/0099_a02b01c2d1e0f1g0h4.jpg,0,HDPE Plastic,0,HDPE Plastic,0.9994468092918396,0.9994468092918396,1.0258105248794891e-05,0.0004597770166583359,6.566236697835848e-05,1.7485774151282385e-05
/Users/aswanathjs/Downloads/test10/ai_plastic_waste_management_training/HDPE Plastic/shampoo_bottles/0099_a02b01c2d1e0f1g0h4.jpg,0,HDPE Plastic,0,HDPE Plastic,0.9993084669113159,0.9993084669113159,1.179031914944062e-05,0.0005524660227820277,6.759897951269522e-05,5.968536788714118e-05
/Users/aswanathjs/Downloads/test10/ai_plastic_waste_management_training/HDPE Plastic/milk_bottles/HDPEM53.jpg,0,HDPE Plastic,0,HDPE Plastic,0.9918122291564941,0.9918122291564941,1.8089096556650475e-05,0.007682193536311388,0.0003204473468940705,0.00016704258450772613
/Users/aswanathjs/Downloads/test10/ai_plastic_waste_management_training/PS Plastic/foam_sheets/PS-827_jpg.rf.ca322902ac0c4e90adfdfd2da96409eb.jpg,4,PS Plastic,4,PS Plastic,0.9998726844787598,1.5978197552612983e-05,4.325628106016666e-05,4.0062332118395716e-05,2.807456075970549e-05,0.9998726844787598
/Users/aswanathjs/Downloads/test10/ai_plastic_waste_management_training/LDPE Plastic/bubble_wrap_grey/LDPE-98_jpg.rf.ffe6b974a827b46d4ee15540992a040b.jpg,1,LDPE Plastic,1,LDPE Plastic,0.9246705174446106,0.008652683347463608,0.9246705174446106,0.024217933416366577,0.02580506168305874,0.01665390282869339
/Users/aswanathjs/Downloads/test10/ai_plastic_waste_management_training/LDPE Plastic/bubble_wrap/LDPE-98_jpg.rf.08d4213c0237893246e45ea44263ae0a.jpg,1,LDPE Plastic,1,LDPE Plastic,0.9644644260406494,0.0035269821528345346,0.9644644260406494,0.012713917531073093,0.009126854129135609,0.010167774744331837
/Users/aswanathjs/Downloads/test10/ai_plastic_waste_management_training/LDPE Plastic/bubble_wrap/LDPE-98_jpg.rf.ffe6b974a827b46d4ee15540992a040b.jpg,1,LDPE Plastic,1,LDPE Plastic,0.952583909034729,0.004678586032241583,0.952583909034729,0.015931695699691772,0.01555672474205494,0.011249062605202198
/Users/aswanathjs/Downloads/test10/ai_plastic_waste_management_training/HDPE Plastic/shampoo_bottles/0075_a02b01c2d3e0f0g0h1.jpg,0,HDPE Plastic,0,HDPE Plastic,0.9949387311935425,0.9949387311935425,3.607767939683981e-05,4.775889101438224e-05,0.004963556304574013,1.3849171409674454e-05
/Users/aswanathjs/Downloads/test10/ai_plastic_waste_management_training/PET Plastic/plastic_bottles/PET609.jpg,2,PET Plastic,2,PET Plastic,0.9997157454490662,0.00015299301594495773,1.8091179299517535e-05,0.9997157454490662,9.538450831314549e-05,1.774430893419776e-05
"/Users/aswanathjs/Downloads/test10/ai_plastic_waste_management_training/PET Plastic/plastic_bottles/PET1,604.jpg",2,PET Plastic,2,PET Plastic,0.9856528043746948,0.01386050321161747,9.334899368695915e-05,0.9856528043746948,0.00038205692544579506,1.1313550203340128e-05
/Users/aswanathjs/Downloads/test10/ai_plastic_waste_management_training/HDPE Plastic/shampoo_bottles/0075_a02b01c1d3e0f0g0h4.jpg,0,HDPE Plastic,0,HDPE Plastic,0.943621039390564,0.943621039390564,0.0005519025144167244,0.0441160649061203,0.010084038600325584,0.0016270546475425363
"/Users/aswanathjs/Downloads/test10/ai_plastic_waste_management_training/PET Plastic/plastic_bottles/PET1,291.jpg",2,PET Plastic,2,PET Plastic,0.9962447285652161,0.0028548180125653744,2.0464109184104018e-05,0.9962447285652161,0.0006696358323097229,0.00021034495148342103
/Users/aswanathjs/Downloads/test10/ai_plastic_waste_management_training/PS Plastic/foam_containers/styrofoam-153-_jpg.rf.28d8747edeb4251002b6a870dd954ff0.jpg,4,PS Plastic,4,PS Plastic,0.4913002550601959,0.011193361133337021,0.3323272168636322,0.04843520373106003,0.11674392968416214,0.4913002550601959
/Users/aswanathjs/Downloads/test10/ai_plastic_waste_management_training/PET Plastic/plastic_bottles/PET810.jpg,2,PET Plastic,2,PET Plastic,0.9998047947883606,0.00010469751578057185,9.511209100310225e-06,0.9998047947883606,1.6430321920779534e-05,6.451112130889669e-05
/Users/aswanathjs/Downloads/test10/ai_plastic_waste_management_training/HDPE Plastic/milk_bottles/HDPEM413.jpg,0,HDPE Plastic,0,HDPE Plastic,0.9999791383743286,0.9999791383743286,3.213674233393249e-07,1.2012421848339727e-06,1.870369669632055e-05,5.711074209102662e-07
/Users/aswanathjs/Downloads/test10/ai_plastic_waste_management_training/HDPE Plastic/milk_bottles/HDPEM390.jpg,0,HDPE Plastic,0,HDPE Plastic,0.9981508851051331,0.9981508851051331,0.00047348442603833973,0.00011784217349486426,0.000775552645791322,0.0004822168266400695
/Users/aswanathjs/Downloads/test10/ai_plastic_waste_management_training/PET Plastic/black_white_plastic_bottles/coumk_jpg.rf.3226bcb8962357751b4f1249fe73acf0.jpg,2,PET Plastic,2,PET Plastic,0.9999251365661621,1.1600277503021061e-05,2.295157901244238e-05,0.9999251365661621,3.308061059215106e-05,7.262869075930212e-06
/Users/aswanathjs/Downloads/test10/ai_plastic_waste_management_training/LDPE Plastic/bubble_wrap_grey/LDPE-96_jpg.rf.2d71fc44cc5683a8ed74ac88171ee21d.jpg,1,LDPE Plastic,1,LDPE Plastic,0.982376217842102,0.003624867182224989,0.982376217842102,0.00466920156031847,0.00430050864815712,0.0050292424857616425
/Users/aswanathjs/Downloads/test10/ai_plastic_waste_management_training/LDPE Plastic/bubble_wrap/LDPE-96_jpg.rf.2d71fc44cc5683a8ed74ac88171ee21d.jpg,1,LDPE Plastic,1,LDPE Plastic,0.9926867485046387,0.0011398658389225602,0.9926867485046387,0.0031793308444321156,0.0013906426029279828,0.0016034324653446674
/Users/aswanathjs/Downloads/test10/ai_plastic_waste_management_training/HDPE Plastic/detergent_bottles/IMG_20220209_220202.jpg,0,HDPE Plastic,0,HDPE Plastic,0.9769421815872192,0.9769421815872192,0.0001987025170819834,0.0030758162029087543,0.01856839470565319,0.0012149622198194265
/Users/aswanathjs/Downloads/test10/ai_plastic_waste_management_training/PP Plastic/round_containers/0032_a05b01c1d0e0f0g0h2.jpg,3,PP Plastic,3,PP Plastic,0.8809662461280823,0.05623439699411392,0.006317115388810635,0.04864415153861046,0.8809662461280823,0.007838071323931217
/Users/aswanathjs/Downloads/test10/ai_plastic_waste_management_training/PP Plastic/round_containers/IMG20220210154626.jpg,3,PP Plastic,3,PP Plastic,0.8823394775390625,0.04296464845538139,0.042919550091028214,0.0076960064470767975,0.8823394775390625,0.024080317467451096
/Users/aswanathjs/Downloads/test10/ai_plastic_waste_management_training/PET Plastic/plastic_bottles/PET464.jpg,2,PET Plastic,2,PET Plastic,0.9990185499191284,0.000646353408228606,8.749328117119148e-06,0.9990185499191284,0.00027695042081177235,4.935576725983992e-05
/Users/aswanathjs/Downloads/test10/ai_plastic_waste_management_training/PP Plastic/irregular_containers/train_PP-94_jpg.rf.0d1aea5466ad1f5b835b4c462ab8ede6.jpg,3,PP Plastic,3,PP Plastic,0.9867995381355286,0.0047144778072834015,0.004386866930872202,0.0013688905164599419,0.9867995381355286,0.0027302990201860666
/Users/aswanathjs/Downloads/test10/ai_plastic_waste_management_training/HDPE Plastic/shampoo_bottles/0076_a02b06c2d3e0f1g0h0.jpg,0,HDPE Plastic,0,HDPE Plastic,0.9895055890083313,0.9895055890083313,0.003422458190470934,0.00029323724447749555,0.006564571056514978,0.00021411548368632793
/Users/aswanathjs/Downloads/test10/ai_plastic_waste_management_training/PP Plastic/irregular_containers/train_PP-74_jpg.rf.ef22be908bf7d6ec4e9f721e8289726b.jpg,3,PP Plastic,3,PP Plastic,0.988254189491272,0.004408142063766718,0.00441792281344533,0.0014202039455994964,0.988254189491272,0.001499512349255383
/Users/aswanathjs/Downloads/test10/ai_plastic_waste_management_training/PET Plastic/black_white_plastic_bottles/ahzmo_jpg.rf.7412a2a4e5c1d6a4fda3ffd9f25b4535.jpg,2,PET Plastic,2,PET Plastic,0.9937676191329956,0.0016813479596748948,0.0008969438495114446,0.9937676191329956,0.0024686926044523716,0.0011854205513373017
/Users/aswanathjs/Downloads/test10/ai_plastic_waste_management_training/LDPE Plastic/plastic_bags/plasticbag (170).jpg,1,LDPE Plastic,1,LDPE Plastic,0.7838899493217468,0.020468059927225113,0.7838899493217468,0.07057669013738632,0.04720582440495491,0.07785947620868683
/Users/aswanathjs/Downloads/test10/ai_plastic_waste_management_training/PET Plastic/plastic_bottles/PET990.jpg,2,PET Plastic,2,PET Plastic,0.9996262788772583,0.00014035386266186833,0.0001267649349756539,0.9996262788772583,7.124783587642014e-05,3.529517198330723e-05
/Users/aswanathjs/Downloads/test10/ai_plastic_waste_management_training/PS Plastic/foam_sheets/IMG_9353_JPG.rf.c44969bcbec2389a7271f307d09ddfad.jpg,4,PS Plastic,4,PS Plastic,0.9566842317581177,0.009856711141765118,0.012476114556193352,0.01634201966226101,0.004640866070985794,0.9566842317581177
/Users/aswanathjs/Downloads/test10/ai_plastic_waste_management_training/PS Plastic/foam_sheets/IMG_9353_JPG.rf.aa2bbb2e43033008c56c5b8a02c9f0b7.jpg,4,PS Plastic,4,PS Plastic,0.9849191904067993,0.002338151913136244,0.0037508064415305853,0.005556829739362001,0.003435016144067049,0.9849191904067993
/Users/aswanathjs/Downloads/test10/ai_plastic_waste_management_training/PS Plastic/foam_sheets/IMG_9353_JPG.rf.8a390d50b2e98dac0dd75e2bde5d590a.jpg,4,PS Plastic,4,PS Plastic,0.9566593170166016,0.006765890400856733,0.010029297322034836,0.020471476018428802,0.0060739959590137005,0.9566593170166016
/Users/aswanathjs/Downloads/test10/ai_plastic_waste_management_training/HDPE Plastic/shampoo_bottles/0077_a02b01c1d2e0f1g0h4.jpg,0,HDPE Plastic,0,HDPE Plastic,0.6262317299842834,0.6262317299842834,0.004720998462289572,0.007599881384521723,0.3567686975002289,0.004678698722273111
/Users/aswanathjs/Downloads/test10/ai_plastic_waste_management_training/LDPE Plastic/plastic_bags/plasticbag (128).jpg,1,LDPE Plastic,1,LDPE Plastic,0.9551308751106262,0.005900565534830093,0.9551308751106262,0.009739457629621029,0.02136993780732155,0.007859238423407078
/Users/aswanathjs/Downloads/test10/ai_plastic_waste_management_training/LDPE Plastic/plastic_bags/LDPE-485_jpg.rf.6a053d80625d2a4ec28b5e652eda513d.jpg,1,LDPE Plastic,1,LDPE Plastic,0.995405912399292,0.0012175169540569186,0.995405912399292,0.00153349491301924,0.0008799101342447102,0.0009631682769395411
/Users/aswanathjs/Downloads/test10/ai_plastic_waste_management_training/PS Plastic/foam_containers/styrofoam-2-_jpg.rf.7a47a91635e0987144ca84e4ebc56879.jpg,4,PS Plastic,4,PS Plastic,0.5732904076576233,0.037214115262031555,0.29058507084846497,0.017391182482242584,0.08151927590370178,0.5732904076576233
/Users/aswanathjs/Downloads/test10/ai_plastic_waste_management_training/PP Plastic/round_containers/0035_a06b01c1d3e0f0g0h3.jpg,3,PP Plastic,3,PP Plastic,0.9031890630722046,0.05955793708562851,0.0031730744522064924,0.0310551468282938,0.9031890630722046,0.0030246865935623646
/Users/aswanathjs/Downloads/test10/ai_plastic_waste_management_training/PP Plastic/round_containers_grey/0035_a06b01c1d3e0f0g0h3.jpg,3,PP Plastic,0,HDPE Plastic,0.7043530941009521,0.7043530941009521,0.006093774922192097,0.022243767976760864,0.26346129179000854,0.003848043270409107
/Users/aswanathjs/Downloads/test10/ai_plastic_waste_management_training/PET Plastic/plastic_bottles/PET443.jpg,2,PET Plastic,2,PET Plastic,0.9991186261177063,0.0003505807835608721,0.00014994725643191487,0.9991186261177063,0.00030292864539660513,7.791344978613779e-05
/Users/aswanathjs/Downloads/test10/ai_plastic_waste_management_training/PP Plastic/round_containers/0044_a06b01c1d2e0f0g0h2.jpg,3,PP Plastic,3,PP Plastic,0.9992480874061584,0.0003029101062566042,8.064998110057786e-05,0.0001624186843400821,0.9992480874061584,0.00020592259534168988
/Users/aswanathjs/Downloads/test10/ai_plastic_waste_management_training/PP Plastic/round_containers/Image_200.png,3,PP Plastic,3,PP Plastic,0.40418392419815063,0.037479154765605927,0.33022621273994446,0.09675483405590057,0.40418392419815063,0.131355881690979
/Users/aswanathjs/Downloads/test10/ai_plastic_waste_management_training/PS Plastic/foam_containers/Image_200.png,3,PP Plastic,4,PS Plastic,0.47677651047706604,0.04317636042833328,0.25178489089012146,0.011488369666039944,0.21677391231060028,0.47677651047706604
/Users/aswanathjs/Downloads/test10/ai_plastic_waste_management_training/LDPE Plastic/plastic_bags/train_LDPE-23_jpg.rf.98d635a56baf266a90fd57f3fc62ef5b.jpg,1,LDPE Plastic,1,LDPE Plastic,0.9930523633956909,0.0016047315439209342,0.9930523633956909,0.0016151688760146499,0.001326845376752317,0.0024009356275200844
/Users/aswanathjs/Downloads/test10/ai_plastic_waste_management_training/LDPE Plastic/black_white__plastic_bags/0053_jpg.rf.26f13a5b1047030e92032f024dcecef5.jpg,1,LDPE Plastic,1,LDPE Plastic,0.9897193908691406,0.0012338021770119667,0.9897193908691406,0.0037564700469374657,0.001965057337656617,0.0033253433648496866
/Users/aswanathjs/Downloads/test10/ai_plastic_waste_management_training/PP Plastic/square_containers/IMG_20220209_173217.jpg,3,PP Plastic,3,PP Plastic,0.9096022844314575,0.04034163057804108,0.0023908631410449743,0.002964892191812396,0.9096022844314575,0.04470038414001465
/Users/aswanathjs/Downloads/test10/ai_plastic_waste_management_training/LDPE Plastic/plastic_bags/LDPE-146_jpg.rf.df0e208350f7040cab16f5dec20f57be.jpg,1,LDPE Plastic,1,LDPE Plastic,0.9884055852890015,0.002720517572015524,0.9884055852890015,0.0035163818392902613,0.0019754499662667513,0.0033820150420069695
/Users/aswanathjs/Downloads/test10/ai_plastic_waste_management_training/PET Plastic/black_white_plastic_bottles/bkomu_jpg.rf.64b7e85866c37fd5b691fad86da56a3d.jpg,2,PET Plastic,2,PET Plastic,0.9995890259742737,6.430165376514196e-05,3.925900819012895e-05,0.9995890259742737,0.0002899805549532175,1.7496537111583166e-05
/Users/aswanathjs/Downloads/test10/ai_plastic_waste_management_training/HDPE Plastic/shampoo_bottles/0076_a02b06c2d1e0f1g0h0.jpg,0,HDPE Plastic,0,HDPE Plastic,0.999342143535614,0.999342143535614,2.8248417947907e-05,0.00029961037216708064,0.00028266539447940886,4.725782491732389e-05
/Users/aswanathjs/Downloads/test10/ai_plastic_waste_management_training/PET Plastic/black_white_plastic_bottles/azdhc_jpg.rf.5bdf6d74ba3469288bac31c5cce41f35.jpg,2,PET Plastic,2,PET Plastic,0.9995427131652832,1.985988455999177e-05,0.000344481086358428,0.9995427131652832,7.802573236403987e-05,1.4893330444465391e-05
/Users/aswanathjs/Downloads/test10/ai_plastic_waste_management_training/PET Plastic/shampoo_bottles/0100_a05b00c2d0e0f0g0h3.jpg,2,PET Plastic,2,PET Plastic,0.9993558526039124,6.554197170771658e-05,2.3363847503787838e-05,0.9993558526039124,0.0005172620294615626,3.7927897210465744e-05
/Users/aswanathjs/Downloads/test10/ai_plastic_waste_management_training/HDPE Plastic/milk_bottles/HDPEM430.jpg,0,HDPE Plastic,0,HDPE Plastic,0.9988682270050049,0.9988682270050049,1.1221886779821943e-05,0.0003669046564027667,0.0006772392662242055,7.649243343621492e-05
/Users/aswanathjs/Downloads/test10/ai_plastic_waste_management_training/HDPE Plastic/shampoo_bottles/0078_a02b07c1d2e0f1g0h3.jpg,0,HDPE Plastic,0,HDPE Plastic,0.9983659386634827,0.9983659386634827,8.650391828268766e-05,0.0003266775456722826,0.0011569869238883257,6.385605229297653e-05
/Users/aswanathjs/Downloads/test10/ai_plastic_waste_management_training/PET Plastic/black_white_plastic_bottles/dkigq_jpg.rf.bd8d08c9e1cc05512fb7ac5718a64399.jpg,2,PET Plastic,2,PET Plastic,0.9994662404060364,0.00010641371045494452,0.00022671582701150328,0.9994662404060364,0.00013886179658584297,6.184574158396572e-05
/Users/aswanathjs/Downloads/test10/ai_plastic_waste_management_training/LDPE Plastic/black_white__plastic_bags/0012_jpg.rf.6ea8dad0dafa318a479d3c228552498a.jpg,1,LDPE Plastic,1,LDPE Plastic,0.9982274174690247,0.0007817470468580723,0.9982274174690247,0.0004056190373376012,0.00037861973396502435,0.00020660701557062566
/Users/aswanathjs/Downloads/test10/ai_plastic_waste_management_training/PET Plastic/plastic_bottles/PET640.jpg,2,PET Plastic,2,PET Plastic,0.9960046410560608,0.0010899908374994993,0.0008506202721036971,0.9960046410560608,0.001916829263791442,0.00013797642895951867
"/Users/aswanathjs/Downloads/test10/ai_plastic_waste_management_training/PET Plastic/plastic_bottles/PET1,711.jpg",2,PET Plastic,2,PET Plastic,0.9338291883468628,0.025050824508070946,0.007430925965309143,0.9338291883468628,0.02526232972741127,0.008426808752119541
/Users/aswanathjs/Downloads/test10/ai_plastic_waste_management_training/PS Plastic/foam_sheets/PS-676_jpg.rf.bfd99346ad89d7503e75af4e0fd45dc7.jpg,4,PS Plastic,4,PS Plastic,0.9970646500587463,0.00023050280287861824,0.0018396952655166388,0.0003227874403819442,0.0005423988914117217,0.9970646500587463
/Users/aswanathjs/Downloads/test10/ai_plastic_waste_management_training/HDPE Plastic/milk_bottles/P_W (1089).jpg,0,HDPE Plastic,0,HDPE Plastic,0.9878121018409729,0.9878121018409729,0.0011887517757713795,0.0014495329232886434,0.006347144953906536,0.0032024341635406017
/Users/aswanathjs/Downloads/test10/ai_plastic_waste_management_training/HDPE Plastic/milk_bottles_grey/P_W (1089).jpg,0,HDPE Plastic,0,HDPE Plastic,0.9903280138969421,0.9903280138969421,0.000930082518607378,0.0010816071880981326,0.004985823296010494,0.0026744920760393143
/Users/aswanathjs/Downloads/test10/ai_plastic_waste_management_training/HDPE Plastic/shampoo_bottles/0076_a02b06c1d1e0f1g0h4.jpg,0,HDPE Plastic,0,HDPE Plastic,0.9998972415924072,0.9998972415924072,1.7880817040349939e-06,5.4182353778742254e-05,4.2261050111847e-05,4.398590135679115e-06
/Users/aswanathjs/Downloads/test10/ai_plastic_waste_management_training/LDPE Plastic/black_white__plastic_bags/0093_jpg.rf.144fadd04fd92f89b289b2af17d1341e.jpg,1,LDPE Plastic,1,LDPE Plastic,0.9924418926239014,0.001503540319390595,0.9924418926239014,0.001856998191215098,0.001523101469501853,0.0026745032519102097
/Users/aswanathjs/Downloads/test10/ai_plastic_waste_management_training/LDPE Plastic/plastic_bags/plasticbag (16).jpg,1,LDPE Plastic,1,LDPE Plastic,0.9467056393623352,0.004338942933827639,0.9467056393623352,0.005455897655338049,0.03195128217339516,0.011548328213393688
/Users/aswanathjs/Downloads/test10/ai_plastic_waste_management_training/HDPE Plastic/detergent_bottles/0096_a02b04c2d2e0f0g0h4.jpg,0,HDPE Plastic,0,HDPE Plastic,0.9992399215698242,0.9992399215698242,6.071073221391998e-05,4.545423871604726e-05,0.0006095896242186427,4.431820707395673e-05
/Users/aswanathjs/Downloads/test10/ai_plastic_waste_management_training/LDPE Plastic/bin_bags/Image_148.png,1,LDPE Plastic,1,LDPE Plastic,0.9642722010612488,0.013577462173998356,0.9642722010612488,0.009045703336596489,0.005772782023996115,0.007331801578402519
/Users/aswanathjs/Downloads/test10/ai_plastic_waste_management_training/PP Plastic/round_containers/Image_148.png,1,LDPE Plastic,1,LDPE Plastic,0.4747786223888397,0.019842280074954033,0.4747786223888397,0.021382147446274757,0.3980621099472046,0.08593485504388809
/Users/aswanathjs/Downloads/test10/ai_plastic_waste_management_training/PS Plastic/foam_containers/Image_148.png,1,LDPE Plastic,4,PS Plastic,0.6321622133255005,0.06451057642698288,0.13775479793548584,0.012850197032094002,0.15272220969200134,0.6321622133255005
/Users/aswanathjs/Downloads/test10/ai_plastic_waste_management_training/PET Plastic/black_white_plastic_bottles/anujl_jpg.rf.f1b1701e0c40829c8b16aedd58275e01.jpg,2,PET Plastic,2,PET Plastic,0.9865154027938843,0.00041951474850066006,0.008609075099229813,0.9865154027938843,0.002801625756546855,0.0016544268000870943
/Users/aswanathjs/Downloads/test10/ai_plastic_waste_management_training/PP Plastic/round_containers/0043_a06b01c2d1e0f0g0h3.jpg,3,PP Plastic,3,PP Plastic,0.7427430748939514,0.25226059556007385,0.0014132061041891575,0.0008434045012108982,0.7427430748939514,0.0027397361118346453
/Users/aswanathjs/Downloads/test10/ai_plastic_waste_management_training/PS Plastic/foam_sheets/PS-731_jpg.rf.22d4e22789c5e9a6d6e6763f85ff802d.jpg,4,PS Plastic,4,PS Plastic,0.9983664155006409,0.0005824831896461546,0.00019138352945446968,0.000364490260835737,0.0004952134331688285,0.9983664155006409
/Users/aswanathjs/Downloads/test10/ai_plastic_waste_management_training/PS Plastic/foam_sheets/PS-715_jpg.rf.5e87f21a86f47fbba46b677fb6e58a1f.jpg,4,PS Plastic,4,PS Plastic,0.9956087470054626,0.0005657919100485742,0.001105231000110507,0.0006035519181750715,0.0021166761871427298,0.9956087470054626
/Users/aswanathjs/Downloads/test10/ai_plastic_waste_management_training/LDPE Plastic/bin_bags/Image_61.png,1,LDPE Plastic,1,LDPE Plastic,0.9909345507621765,0.0009343801066279411,0.9909345507621765,0.0010314725805073977,0.004830644465982914,0.002268881304189563
/Users/aswanathjs/Downloads/test10/ai_plastic_waste_management_training/PS Plastic/foam_containers/Image_61.png,1,LDPE Plastic,4,PS Plastic,0.4768948554992676,0.05917802080512047,0.2440732717514038,0.013086138293147087,0.2067677229642868,0.4768948554992676
/Users/aswanathjs/Downloads/test10/ai_plastic_waste_management_training/LDPE Plastic/plastic_bags/LDPE-70_jpg.rf.3618ba51d57e1aaa2246968233cdbc5e.jpg,1,LDPE Plastic,1,LDPE Plastic,0.9976246953010559,0.0004187333688605577,0.9976246953010559,0.0004601314722094685,0.0009750495664775372,0.0005213915719650686
/Users/aswanathjs/Downloads/test10/ai_plastic_waste_management_training/LDPE Plastic/plastic_bags/LDPE-70_jpg.rf.186473782372a76c73ea908d5096e8bc.jpg,1,LDPE Plastic,1,LDPE Plastic,0.9869051575660706,0.004296931438148022,0.9869051575660706,0.003142043249681592,0.002224060706794262,0.0034318342804908752
/Users/aswanathjs/Downloads/test10/ai_plastic_waste_management_training/LDPE Plastic/black_white__plastic_bags/0275_jpg.rf.7e5320184dbb24a05d88baf6f366dd87.jpg,1,LDPE Plastic,1,LDPE Plastic,0.997252881526947,0.0008945536683313549,0.997252881526947,0.0008098800899460912,0.0004500775830820203,0.0005926492740400136
/Users/aswanathjs/Downloads/test10/ai_plastic_waste_management_training/LDPE Plastic/black_white__plastic_bags/0247_jpg.rf.947d8c6be7c8f78b342e670dcf462c42.jpg,1,LDPE Plastic,1,LDPE Plastic,0.9713205695152283,0.0152094392105937,0.9713205695152283,0.0025917196180671453,0.007362165953963995,0.0035160882398486137
/Users/aswanathjs/Downloads/test10/ai_plastic_waste_management_training/HDPE Plastic/shampoo_bottles/0065_a02b03c1d2e0f1g0h1.jpg,0,HDPE Plastic,0,HDPE Plastic,0.9994975328445435,0.9994975328445435,1.572872406541137e-06,0.00044826179509982467,2.6490230084164068e-05,2.6084362616529688e-05
/Users/aswanathjs/Downloads/test10/ai_plastic_waste_management_training/PET Plastic/shampoo_bottles/0080_a05b00c1d0e0f1g0h1.jpg,2,PET Plastic,2,PET Plastic,0.8873510956764221,0.06943518668413162,0.0013315666001290083,0.8873510956764221,0.034793175756931305,0.0070889913477003574
/Users/aswanathjs/Downloads/test10/ai_plastic_waste_management_training/PET Plastic/black_white_plastic_bottles/cmfhd_jpg.rf.cfbe07597a8740c79e86e549700cfd85.jpg,2,PET Plastic,2,PET Plastic,0.9972184896469116,0.00012603677168954164,2.065408625639975e-05,0.9972184896469116,0.002583562396466732,5.119297202327289e-05
/Users/aswanathjs/Downloads/test10/ai_plastic_waste_management_training/PP Plastic/irregular_containers/valid_PP-89_jpg.rf.106b150d2f9cafcc034bba289255bea3.jpg,3,PP Plastic,3,PP Plastic,0.9794815182685852,0.002768926089629531,0.005631204228848219,0.0015067699132487178,0.9794815182685852,0.010611524805426598
/Users/aswanathjs/Downloads/test10/ai_plastic_waste_management_training/PET Plastic/plastic_bottles/PET862.jpg,2,PET Plastic,2,PET Plastic,0.9971575736999512,0.0019478545291349292,0.00020603532902896404,0.9971575736999512,0.0005817812634631991,0.0001066436234395951
/Users/aswanathjs/Downloads/test10/ai_plastic_waste_management_training/PS Plastic/foam_sheets/PS-722_jpg.rf.28f25bd6532d63a96dafcb4418af904a.jpg,4,PS Plastic,4,PS Plastic,0.9908906817436218,0.0012033208040520549,0.0031785788014531136,0.002276262268424034,0.0024511294905096292,0.9908906817436218
/Users/aswanathjs/Downloads/test10/ai_plastic_waste_management_training/LDPE Plastic/black_white__plastic_bags/0086_jpg.rf.338d0021cd3cad81562287ce9d440038.jpg,1,LDPE Plastic,1,LDPE Plastic,0.9967977404594421,0.0010974622564390302,0.9967977404594421,0.0008735674782656133,0.0005521751008927822,0.0006790580810047686
/Users/aswanathjs/Downloads/test10/ai_plastic_waste_management_training/PET Plastic/plastic_bottles/PET710.jpg,2,PET Plastic,2,PET Plastic,0.9994639754295349,0.0004644205328077078,1.5442861695191823e-05,0.9994639754295349,3.1185503758024424e-05,2.4982924514915794e-05
/Users/aswanathjs/Downloads/test10/ai_plastic_waste_management_training/PP Plastic/square_containers_grey/Image_8.png,3,PP Plastic,3,PP Plastic,0.8491269946098328,0.016008930280804634,0.10096944868564606,0.009974515065550804,0.8491269946098328,0.023920124396681786
/Users/aswanathjs/Downloads/test10/ai_plastic_waste_management_training/PP Plastic/square_containers/Image_8.png,3,PP Plastic,3,PP Plastic,0.8701456785202026,0.027762454003095627,0.07157695293426514,0.0056741670705378056,0.8701456785202026,0.02484072372317314
/Users/aswanathjs/Downloads/test10/ai_plastic_waste_management_training/PS Plastic/foam_containers/Image_8.png,3,PP Plastic,4,PS Plastic,0.4407590329647064,0.0559544637799263,0.3209591209888458,0.020179782062768936,0.1621476411819458,0.4407590329647064
/Users/aswanathjs/Downloads/test10/ai_plastic_waste_management_training/PP Plastic/irregular_containers/train_PP-58_jpg.rf.cc839988df3dc7eb908590bcc88515c2.jpg,3,PP Plastic,3,PP Plastic,0.9958727955818176,0.0006882660090923309,0.00039246876258403063,0.0014523236313834786,0.9958727955818176,0.0015941743040457368
/Users/aswanathjs/Downloads/test10/ai_plastic_waste_management_training/PET Plastic/black_white_plastic_bottles/cezfr_jpg.rf.7c6033f2c16b0439585e4f9bf5580c2b.jpg,2,PET Plastic,2,PET Plastic,0.9999504089355469,1.9448785678832792e-05,1.6939071429078467e-05,0.9999504089355469,5.828451321576722e-06,7.429606284858892e-06
/Users/aswanathjs/Downloads/test10/ai_plastic_waste_management_training/HDPE Plastic/milk_bottles/HDPEM240.jpg,0,HDPE Plastic,0,HDPE Plastic,0.9999716281890869,0.9999716281890869,6.762289928019527e-08,1.3527192095352802e-05,9.009798304759897e-06,5.844292900292203e-06
/Users/aswanathjs/Downloads/test10/ai_plastic_waste_management_training/PET Plastic/black_white_plastic_bottles/dhybl_jpg.rf.bb06f949ec4581fdca4fa185f77d24d0.jpg,2,PET Plastic,2,PET Plastic,0.9996486902236938,2.2150004951981828e-05,7.946592813823372e-05,0.9996486902236938,0.00021603798086289316,3.365062002558261e-05
/Users/aswanathjs/Downloads/test10/ai_plastic_waste_management_training/LDPE Plastic/plastic_bags/LDPE-359_jpg.rf.dd5a9e2c860641ea7b88f8b384ee85a5.jpg,1,LDPE Plastic,1,LDPE Plastic,0.9957881569862366,0.00038349349051713943,0.9957881569862366,0.0005104700685478747,0.0016458048485219479,0.0016721411375328898
/Users/aswanathjs/Downloads/test10/ai_plastic_waste_management_training/HDPE Plastic/shampoo_bottles/0075_a02b01c2d0e0f0g0h1.jpg,0,HDPE Plastic,0,HDPE Plastic,0.9981303811073303,0.9981303811073303,8.343726221937686e-06,0.0014273951528593898,0.0004124459228478372,2.1588219169643708e-05
/Users/aswanathjs/Downloads/test10/ai_plastic_waste_management_training/HDPE Plastic/milk_bottles/HDPEM7.jpg,0,HDPE Plastic,0,HDPE Plastic,0.8483336567878723,0.8483336567878723,0.10287457704544067,0.01310823205858469,0.017687518149614334,0.01799609139561653
/Users/aswanathjs/Downloads/test10/ai_plastic_waste_management_training/PS Plastic/form_containers_grey/0058_a06b01c2d3e0f0g0h0.jpg,4,PS Plastic,4,PS Plastic,0.9955998659133911,0.0006569165852852166,5.9216163208475336e-05,0.0003908140351995826,0.003293147310614586,0.9955998659133911
/Users/aswanathjs/Downloads/test10/ai_plastic_waste_management_training/PS Plastic/foam_containers/0058_a06b01c2d3e0f0g0h0.jpg,4,PS Plastic,4,PS Plastic,0.9995583891868591,8.900782268028706e-05,1.1046193321817555e-05,4.504541357164271e-05,0.0002965252788271755,0.9995583891868591
/Users/aswanathjs/Downloads/test10/ai_plastic_waste_management_training/PS Plastic/foam_sheets/PS-823_jpg.rf.83b4e1cf8aa5f7d22b6eb38af10fad97.jpg,4,PS Plastic,4,PS Plastic,0.9997902512550354,1.1890232599398587e-05,0.0001082262460840866,1.362847524433164e-05,7.599939999636263e-05,0.9997902512550354
/Users/aswanathjs/Downloads/test10/ai_plastic_waste_management_training/HDPE Plastic/shampoo_bottles/0076_a02b06c2d3e0f1g0h4.jpg,0,HDPE Plastic,0,HDPE Plastic,0.9944978356361389,0.9944978356361389,0.0002971774956677109,0.00017047865549102426,0.004868925549089909,0.00016564129327889532
/Users/aswanathjs/Downloads/test10/ai_plastic_waste_management_training/PS Plastic/foam_sheets/PS-859_jpg.rf.4c39ce720d4fbdb233d56ac3962ebddf.jpg,4,PS Plastic,4,PS Plastic,0.9998769760131836,1.3989942999614868e-05,4.550287121674046e-05,3.6706529499497265e-05,2.6905827326118015e-05,0.9998769760131836
/Users/aswanathjs/Downloads/test10/ai_plastic_waste_management_training/PS Plastic/form_containers_grey/styrofoam-121-_jpg.rf.785c9a58971ce43c8765bdc7af45ff6a.jpg,4,PS Plastic,4,PS Plastic,0.986874520778656,0.011358659714460373,0.0003364111762493849,0.0002430292370263487,0.0011873303446918726,0.986874520778656
/Users/aswanathjs/Downloads/test10/ai_plastic_waste_management_training/PS Plastic/foam_containers/styrofoam-121-_jpg.rf.785c9a58971ce43c8765bdc7af45ff6a.jpg,4,PS Plastic,4,PS Plastic,0.9890376925468445,0.004293974954634905,0.0010824186028912663,0.0006359112448990345,0.004949962254613638,0.9890376925468445
/Users/aswanathjs/Downloads/test10/ai_plastic_waste_management_training/PET Plastic/shampoo_bottles/0050_a05b00c1d1e1f1g0h4.jpg,2,PET Plastic,2,PET Plastic,0.977786123752594,0.007488809991627932,0.0011344284284859896,0.977786123752594,0.009405119344592094,0.0041855196468532085
/Users/aswanathjs/Downloads/test10/ai_plastic_waste_management_training/PP Plastic/square_containers/clearbox.png,3,PP Plastic,3,PP Plastic,0.8726691603660583,0.013617923483252525,0.03339514508843422,0.022718703374266624,0.8726691603660583,0.05759909749031067
/Users/aswanathjs/Downloads/test10/ai_plastic_waste_management_training/PET Plastic/black_white_plastic_bottles/cxwiq_jpg.rf.dff740ab33c2f2437afeea41fd5e0f16.jpg,2,PET Plastic,2,PET Plastic,0.9997016787528992,0.0002344523381907493,2.5558063043717993e-06,0.9997016787528992,5.5873872042866424e-05,5.392539605963975e-06
/Users/aswanathjs/Downloads/test10/ai_plastic_waste_management_training/HDPE Plastic/milk_bottles/HDPEM563.JPG,0,HDPE Plastic,0,HDPE Plastic,0.9995348453521729,0.9995348453521729,4.980805442755809e-06,0.0003229976282455027,9.163982758764178e-05,4.550439552986063e-05
/Users/aswanathjs/Downloads/test10/ai_plastic_waste_management_training/HDPE Plastic/milk_bottles/HDPEM224.jpg,0,HDPE Plastic,0,HDPE Plastic,0.9999141693115234,0.9999141693115234,1.5546834220003802e-07,2.7335943741491064e-05,5.395242624217644e-05,4.397511020215461e-06
/Users/aswanathjs/Downloads/test10/ai_plastic_waste_management_training/HDPE Plastic/milk_bottles/HDPEM283.jpg,0,HDPE Plastic,0,HDPE Plastic,0.9999370574951172,0.9999370574951172,1.9208098365197657e-06,4.610843006958021e-06,4.977901335223578e-05,6.526522611238761e-06
/Users/aswanathjs/Downloads/test10/ai_plastic_waste_management_training/PP Plastic/round_containers/0022_a05b00c1d1e0f0g0h0.jpg,3,PP Plastic,3,PP Plastic,0.9937500357627869,0.0003994848229922354,0.0009700370137579739,0.004180088173598051,0.9937500357627869,0.0007003371138125658
/Users/aswanathjs/Downloads/test10/ai_plastic_waste_management_training/PP Plastic/round_containers_grey/0022_a05b00c1d1e0f0g0h0.jpg,3,PP Plastic,3,PP Plastic,0.9877802133560181,0.003073714207857847,0.0019329071510583162,0.005680003669112921,0.9877802133560181,0.0015331848990172148
/Users/aswanathjs/Downloads/test10/ai_plastic_waste_management_training/HDPE Plastic/milk_bottles/HDPEM228.jpg,0,HDPE Plastic,0,HDPE Plastic,0.9995564818382263,0.9995564818382263,3.1280715120374225e-06,0.00011782065848819911,0.0002656484430190176,5.678172965417616e-05
/Users/aswanathjs/Downloads/test10/ai_plastic_waste_management_training/PP Plastic/round_containers/0022_a05b00c2d1e0f0g0h2.jpg,3,PP Plastic,3,PP Plastic,0.9866876006126404,0.0009582533966749907,0.004204113036394119,0.0016619923990219831,0.9866876006126404,0.006488085258752108
/Users/aswanathjs/Downloads/test10/ai_plastic_waste_management_training/HDPE Plastic/shampoo_bottles/0061_a02b01c2d1e0f1g0h3(1).jpg,0,HDPE Plastic,0,HDPE Plastic,0.9997475743293762,0.9997475743293762,2.1017797280364903e-06,4.442728459252976e-05,0.00016694911755621433,3.8992900954326615e-05
/Users/aswanathjs/Downloads/test10/ai_plastic_waste_management_training/PP Plastic/square_containers/Image_3.png,3,PP Plastic,3,PP Plastic,0.6319760084152222,0.011510622687637806,0.31309300661087036,0.005176805425435305,0.6319760084152222,0.03824354335665703
/Users/aswanathjs/Downloads/test10/ai_plastic_waste_management_training/PS Plastic/foam_containers/Image_3.png,3,PP Plastic,4,PS Plastic,0.5206511616706848,0.06644755601882935,0.20991890132427216,0.01935085467994213,0.18363159894943237,0.5206511616706848
/Users/aswanathjs/Downloads/test10/ai_plastic_waste_management_training/LDPE Plastic/plastic_bags/LDPE-584_jpg.rf.31e464383d5152d36c41b0b2d93bcdda.jpg,1,LDPE Plastic,1,LDPE Plastic,0.9976080656051636,0.0006189708947204053,0.9976080656051636,0.00018681188521441072,0.0007296237163245678,0.0008564964518882334
/Users/aswanathjs/Downloads/test10/ai_plastic_waste_management_training/PP Plastic/round_containers/0043_a06b01c2d3e0f0g0h3.jpg,3,PP Plastic,3,PP Plastic,0.9871494174003601,0.005787717644125223,0.0022510208655148745,0.0024791311006993055,0.9871494174003601,0.0023327611852437258
/Users/aswanathjs/Downloads/test10/ai_plastic_waste_management_training/PS Plastic/foam_containers/0058_a06b01c2d2e0f0g0h3.jpg,4,PS Plastic,4,PS Plastic,0.997745931148529,0.0002396539639448747,0.00014285507495515049,0.00011304570944048464,0.001758510246872902,0.997745931148529
/Users/aswanathjs/Downloads/test10/ai_plastic_waste_management_training/LDPE Plastic/black_white__plastic_bags/0154_jpg.rf.9e1fcff0c748c1e0e0f8c5cbf6c822aa.jpg,1,LDPE Plastic,1,LDPE Plastic,0.9941535592079163,0.000900608254596591,0.9941535592079163,0.0023582999128848314,0.001001022756099701,0.0015865244204178452
/Users/aswanathjs/Downloads/test10/ai_plastic_waste_management_training/HDPE Plastic/shampoo_bottles/0076_a02b06c1d2e0f1g0h1.jpg,0,HDPE Plastic,0,HDPE Plastic,0.9982494115829468,0.9982494115829468,8.288057870231569e-05,9.317403601016849e-05,0.0015127924270927906,6.176307942951098e-05
/Users/aswanathjs/Downloads/test10/ai_plastic_waste_management_training/PS Plastic/foam_containers/styrofoam-100-_jpg.rf.43612413ab942c0589721bb72171c92d.jpg,4,PS Plastic,4,PS Plastic,0.9528126120567322,0.007630001287907362,0.0018758825026452541,0.001216709497384727,0.03646483272314072,0.9528126120567322
/Users/aswanathjs/Downloads/test10/ai_plastic_waste_management_training/LDPE Plastic/black_white__plastic_bags/0109_jpg.rf.50b3b22730a071ebca7e4ceb7ac6a116.jpg,1,LDPE Plastic,1,LDPE Plastic,0.9622119665145874,0.007961861789226532,0.9622119665145874,0.01386252511292696,0.009044360369443893,0.006919311359524727
/Users/aswanathjs/Downloads/test10/ai_plastic_waste_management_training/PET Plastic/shampoo_bottles/0050_a05b00c2d1e1f1g0h0.jpg,2,PET Plastic,2,PET Plastic,0.9430180788040161,0.052476268261671066,0.0002587623312138021,0.9430180788040161,0.0038782183546572924,0.000368716282537207
/Users/aswanathjs/Downloads/test10/ai_plastic_waste_management_training/PS Plastic/foam_sheets/PS-545_jpg.rf.bc6758adb5c00757a6fd385177015326.jpg,4,PS Plastic,4,PS Plastic,0.9967660903930664,0.00023118701938074082,0.0016347847413271666,0.0005367289413698018,0.0008311425917781889,0.9967660903930664
/Users/aswanathjs/Downloads/test10/ai_plastic_waste_management_training/LDPE Plastic/plastic_bags/plasticbag (77).jpg,1,LDPE Plastic,1,LDPE Plastic,0.9934616088867188,0.001754157361574471,0.9934616088867188,0.0014145225286483765,0.0018828597385436296,0.0014868286671116948
/Users/aswanathjs/Downloads/test10/ai_plastic_waste_management_training/HDPE Plastic/detergent_bottles/0098_a02b03c2d1e0f0g0h0.jpg,0,HDPE Plastic,0,HDPE Plastic,0.9996209144592285,0.9996209144592285,2.4339618903468363e-05,6.493221007985994e-05,0.0002696634619496763,2.0182023945380934e-05
/Users/aswanathjs/Downloads/test10/ai_plastic_waste_management_training/HDPE Plastic/milk_bottles/HDPEM38.jpg,0,HDPE Plastic,0,HDPE Plastic,0.9881360530853271,0.9881360530853271,0.00042504604789428413,0.0018769468879327178,0.005213997792452574,0.0043479367159307
/Users/aswanathjs/Downloads/test10/ai_plastic_waste_management_training/PET Plastic/plastic_bottles/PET982.jpg,2,PET Plastic,2,PET Plastic,0.9995056390762329,0.0002049668983090669,1.3332980415725615e-05,0.9995056390762329,0.00020081318507436663,7.525461842305958e-05
/Users/aswanathjs/Downloads/test10/ai_plastic_waste_management_training/HDPE Plastic/shampoo_bottles/0061_a02b01c1d2e0f1g0h3(1).jpg,0,HDPE Plastic,0,HDPE Plastic,0.999956488609314,0.999956488609314,7.230583491946163e-07,6.435968316509388e-06,3.1000632588984445e-05,5.367620360630099e-06
/Users/aswanathjs/Downloads/test10/ai_plastic_waste_management_training/PP Plastic/irregular_containers/0036_a05b00c1d0e0f0g0h4.jpg,3,PP Plastic,3,PP Plastic,0.905231773853302,0.007467295508831739,0.005842775572091341,0.07664903998374939,0.905231773853302,0.004809150472283363
/Users/aswanathjs/Downloads/test10/ai_plastic_waste_management_training/LDPE Plastic/plastic_bags/LDPE-163_jpg.rf.85350f8e9b11cb559295286f885502a8.jpg,1,LDPE Plastic,1,LDPE Plastic,0.9873136878013611,0.002297346480190754,0.9873136878013611,0.004501286428421736,0.0016528138658031821,0.004234885331243277
/Users/aswanathjs/Downloads/test10/ai_plastic_waste_management_training/PET Plastic/plastic_bottles/PET713.jpg,2,PET Plastic,2,PET Plastic,0.9999126195907593,4.41125848738011e-05,6.2395192799158394e-06,0.9999126195907593,2.874643905670382e-05,8.198385330615565e-06
/Users/aswanathjs/Downloads/test10/ai_plastic_waste_management_training/LDPE Plastic/plastic_bags/LDPE-219_jpg.rf.21db33c6ba4294e93914fbd11a477e70.jpg,1,LDPE Plastic,1,LDPE Plastic,0.9985008239746094,0.00040504601201973855,0.9985008239746094,0.000334247131831944,0.0003531447728164494,0.0004067106347065419
"/Users/aswanathjs/Downloads/test10/ai_plastic_waste_management_training/PET Plastic/plastic_bottles/PET1,147.jpg",2,PET Plastic,2,PET Plastic,0.9997971653938293,6.123584898887202e-05,2.329523158550728e-05,0.9997971653938293,6.398760888259858e-05,5.438985681394115e-05
/Users/aswanathjs/Downloads/test10/ai_plastic_waste_management_training/PP Plastic/square_containers_grey/IMG_20220209_173943.jpg,3,PP Plastic,3,PP Plastic,0.838555634021759,0.020754966884851456,0.043896496295928955,0.00553051196038723,0.838555634021759,0.09126231074333191
/Users/aswanathjs/Downloads/test10/ai_plastic_waste_management_training/PP Plastic/square_containers/IMG_20220209_173943.jpg,3,PP Plastic,3,PP Plastic,0.912769079208374,0.017634212970733643,0.022740554064512253,0.006234214641153812,0.912769079208374,0.04062192142009735
/Users/aswanathjs/Downloads/test10/ai_plastic_waste_management_training/LDPE Plastic/plastic_bags/LDPE-73_jpg.rf.4b63b5bd1de2c31d767794f56defedb6.jpg,1,LDPE Plastic,1,LDPE Plastic,0.9953019618988037,0.001105857198126614,0.9953019618988037,0.0007817604928277433,0.0014178045094013214,0.0013925115345045924
/Users/aswanathjs/Downloads/test10/ai_plastic_waste_management_training/PET Plastic/black_white_plastic_bottles/cwqlt_jpg.rf.238486cbbd58ee99f327a8279240efa6.jpg,2,PET Plastic,2,PET Plastic,0.9998835325241089,4.075922697666101e-05,1.3004912943870295e-05,0.9998835325241089,4.469618579605594e-05,1.805021383916028e-05
/Users/aswanathjs/Downloads/test10/ai_plastic_waste_management_training/PS Plastic/foam_sheets/IMG_9374_JPG.rf.aff714030733441153062908030ac9a6.jpg,4,PS Plastic,4,PS Plastic,0.9539105296134949,0.00266761751845479,0.00393984280526638,0.0038659553974866867,0.03561607375741005,0.9539105296134949
/Users/aswanathjs/Downloads/test10/ai_plastic_waste_management_training/PS Plastic/foam_sheets/IMG_9374_JPG.rf.b3a25150b143759d600b227b86f18aaf.jpg,4,PS Plastic,4,PS Plastic,0.9787883758544922,0.002467585727572441,0.0038065502885729074,0.003668737830594182,0.011268732137978077,0.9787883758544922
/Users/aswanathjs/Downloads/test10/ai_plastic_waste_management_training/PS Plastic/foam_sheets/IMG_9374_JPG.rf.9960c2d3ffe8154d2060c6db12fe297d.jpg,4,PS Plastic,4,PS Plastic,0.9636934995651245,0.006427634507417679,0.00977828074246645,0.005184283945709467,0.014916304498910904,0.9636934995651245
"/Users/aswanathjs/Downloads/test10/ai_plastic_waste_management_training/PET Plastic/plastic_bottles/PET1,628.jpg",2,PET Plastic,2,PET Plastic,0.9993441700935364,0.000424383906647563,6.264336116146296e-05,0.9993441700935364,0.0001143027184298262,5.4487085435539484e-05
/Users/aswanathjs/Downloads/test10/ai_plastic_waste_management_training/PET Plastic/black_white_plastic_bottles/cjhrf_jpg.rf.4cf264054b4c2e237f044990d4a0827e.jpg,2,PET Plastic,2,PET Plastic,0.982501208782196,0.002055400749668479,0.009851370006799698,0.982501208782196,0.0036164503544569016,0.001975582679733634
/Users/aswanathjs/Downloads/test10/ai_plastic_waste_management_training/PS Plastic/foam_containers/Image_7.png,4,PS Plastic,1,LDPE Plastic,0.3688124120235443,0.10335973650217056,0.3688124120235443,0.01444514561444521,0.2652076482772827,0.24817508459091187
/Users/aswanathjs/Downloads/test10/ai_plastic_waste_management_training/HDPE Plastic/shampoo_bottles/0078_a02b07c2d0e0f1g0h0.jpg,0,HDPE Plastic,0,HDPE Plastic,0.9966715574264526,0.9966715574264526,5.591443186858669e-05,0.002720210701227188,0.0004072552837897092,0.0001450380659662187
/Users/aswanathjs/Downloads/test10/ai_plastic_waste_management_training/PS Plastic/foam_containers/Image_86.png,4,PS Plastic,4,PS Plastic,0.646744430065155,0.038151174783706665,0.12836889922618866,0.01320801954716444,0.17352746427059174,0.646744430065155
/Users/aswanathjs/Downloads/test10/ai_plastic_waste_management_training/PET Plastic/black_white_plastic_bottles/amzcs_jpg.rf.e59dc832e1b33e043b0b996da838499f.jpg,2,PET Plastic,2,PET Plastic,0.9831367135047913,0.008663391694426537,0.002431941917166114,0.9831367135047913,0.004436284303665161,0.0013317340053617954
/Users/aswanathjs/Downloads/test10/ai_plastic_waste_management_training/LDPE Plastic/black_white__plastic_bags/0001_jpg.rf.2f0ad936d4709710ecdc521ff52465c5.jpg,1,LDPE Plastic,1,LDPE Plastic,0.9165877103805542,0.007149701006710529,0.9165877103805542,0.009871137328445911,0.05912834405899048,0.007263192906975746
"/Users/aswanathjs/Downloads/test10/ai_plastic_waste_management_training/PET Plastic/plastic_bottles/PET1,556.jpg",2,PET Plastic,2,PET Plastic,0.9991542100906372,0.0006235408945940435,9.383935685036704e-05,0.9991542100906372,0.0001056646287906915,2.2758538761991076e-05
/Users/aswanathjs/Downloads/test10/ai_plastic_waste_management_training/PP Plastic/round_containers/0035_a06b01c1d1e0f0g0h1.jpg,3,PP Plastic,3,PP Plastic,0.9958309531211853,0.001008615712635219,0.0004041839565616101,0.0009286435670219362,0.9958309531211853,0.0018275921465829015
/Users/aswanathjs/Downloads/test10/ai_plastic_waste_management_training/PP Plastic/round_containers_grey/0035_a06b01c1d1e0f0g0h1.jpg,3,PP Plastic,3,PP Plastic,0.99689781665802,0.00039342499803751707,0.0007880940684117377,0.0008977342513389885,0.99689781665802,0.0010228714672848582
"/Users/aswanathjs/Downloads/test10/ai_plastic_waste_management_training/PET Plastic/plastic_bottles/PET1,578.jpg",2,PET Plastic,2,PET Plastic,0.9994435906410217,0.00023025076370686293,5.043189594289288e-05,0.9994435906410217,0.00018157396698370576,9.42335682339035e-05
/Users/aswanathjs/Downloads/test10/ai_plastic_waste_management_training/HDPE Plastic/milk_bottles/HDPEM416.jpg,0,HDPE Plastic,0,HDPE Plastic,0.9998748302459717,0.9998748302459717,2.4314581423823256e-06,2.228745188403991e-06,0.000112459238152951,7.985981937963516e-06
/Users/aswanathjs/Downloads/test10/ai_plastic_waste_management_training/PET Plastic/black_white_plastic_bottles/bulsf_jpg.rf.e79de670e55f81c8406d5665486f77a4.jpg,2,PET Plastic,2,PET Plastic,0.9989533424377441,0.00027055773534812033,0.00010968989226967096,0.9989533424377441,0.0005863099358975887,8.005843847058713e-05
/Users/aswanathjs/Downloads/test10/ai_plastic_waste_management_training/PET Plastic/black_white_plastic_bottles/byuqw_jpg.rf.00be2250b413cf1535c59ed5c36a93b3.jpg,2,PET Plastic,2,PET Plastic,0.999018669128418,0.00020772640709765255,0.0002464780118316412,0.999018669128418,0.0003224025422241539,0.00020474476332310587
/Users/aswanathjs/Downloads/test10/ai_plastic_waste_management_training/PET Plastic/plastic_bottles/PET366.jpg,2,PET Plastic,2,PET Plastic,0.9998257756233215,5.193842662265524e-05,3.120848487014882e-05,0.9998257756233215,5.9014746511820704e-05,3.2109517633216456e-05
/Users/aswanathjs/Downloads/test10/ai_plastic_waste_management_training/LDPE Plastic/black_white__plastic_bags/0064_jpg.rf.ec3506dba251b2d9bbd1bab954524ce2.jpg,1,LDPE Plastic,1,LDPE Plastic,0.9989939332008362,0.00032538454979658127,0.9989939332008362,0.0004530659061856568,0.0001665047457208857,6.114814459579065e-05
/Users/aswanathjs/Downloads/test10/ai_plastic_waste_management_training/HDPE Plastic/shampoo_bottles/0076_a02b06c2d0e0f1g0h2.jpg,0,HDPE Plastic,0,HDPE Plastic,0.999077320098877,0.999077320098877,1.4876745808578562e-05,0.0003746339352801442,0.0004925249959342182,4.0596103644929826e-05
/Users/aswanathjs/Downloads/test10/ai_plastic_waste_management_training/LDPE Plastic/plastic_bags/LDPE-497_jpg.rf.327653e0820a8ac74df9a88db94a16a1.jpg,1,LDPE Plastic,1,LDPE Plastic,0.9968215227127075,0.0006603110814467072,0.9968215227127075,0.0012761824764311314,0.000630880706012249,0.0006110891117714345
/Users/aswanathjs/Downloads/test10/ai_plastic_waste_management_training/LDPE Plastic/plastic_bags/LDPE-248_jpg.rf.c28b15ef1b265bbd86f17a30ca0f0e42.jpg,1,LDPE Plastic,1,LDPE Plastic,0.9920167922973633,0.0015396623639389873,0.9920167922973633,0.0015402138233184814,0.0023186076432466507,0.0025847828947007656
/Users/aswanathjs/Downloads/test10/ai_plastic_waste_management_training/HDPE Plastic/detergent_bottles/IMG_20220209_220150.jpg,0,HDPE Plastic,0,HDPE Plastic,0.9855830669403076,0.9855830669403076,7.780958549119532e-05,0.011485757306218147,0.002481395611539483,0.000371983100194484
/Users/aswanathjs/Downloads/test10/ai_plastic_waste_management_training/PP Plastic/round_containers/0031_a05b01c1d1e0f0g0h3.jpg,3,PP Plastic,3,PP Plastic,0.9754598140716553,0.02367672510445118,1.3991060768603347e-05,0.0006757478113286197,0.9754598140716553,0.00017373269656673074
/Users/aswanathjs/Downloads/test10/ai_plastic_waste_management_training/HDPE Plastic/milk_bottles/P_W (1356).jpg,0,HDPE Plastic,0,HDPE Plastic,0.9872766137123108,0.9872766137123108,0.0009821850107982755,0.002908028895035386,0.0011913091875612736,0.007641769479960203
/Users/aswanathjs/Downloads/test10/ai_plastic_waste_management_training/HDPE Plastic/milk_bottles_grey/P_W (1356).jpg,0,HDPE Plastic,0,HDPE Plastic,0.9708620309829712,0.9708620309829712,0.005311635788530111,0.00361303030513227,0.002307087881490588,0.017906220629811287
/Users/aswanathjs/Downloads/test10/ai_plastic_waste_management_training/PET Plastic/black_white_plastic_bottles/ahlof_jpg.rf.aa5e8a85fb509d20cd002a596d3a62c8.jpg,2,PET Plastic,2,PET Plastic,0.9388699531555176,0.0009652446024119854,0.05503338202834129,0.9388699531555176,0.0032032239250838757,0.001928203972056508
/Users/aswanathjs/Downloads/test10/ai_plastic_waste_management_training/HDPE Plastic/detergent_bottles/Image_75.png,0,HDPE Plastic,0,HDPE Plastic,0.9951003193855286,0.9951003193855286,0.00040949234971776605,0.0007152998587116599,0.0021104314364492893,0.0016644205898046494
/Users/aswanathjs/Downloads/test10/ai_plastic_waste_management_training/LDPE Plastic/bin_bags/Image_75.png,0,HDPE Plastic,1,LDPE Plastic,0.9740133285522461,0.009148611687123775,0.9740133285522461,0.004682060796767473,0.007918437011539936,0.004237562417984009
/Users/aswanathjs/Downloads/test10/ai_plastic_waste_management_training/PP Plastic/square_containers/Image_75.png,0,HDPE Plastic,3,PP Plastic,0.8125578761100769,0.08995532244443893,0.023036910220980644,0.0018689146963879466,0.8125578761100769,0.0725809633731842
/Users/aswanathjs/Downloads/test10/ai_plastic_waste_management_training/PS Plastic/foam_containers/Image_75.png,0,HDPE Plastic,4,PS Plastic,0.5327875018119812,0.18175195157527924,0.1680351048707962,0.033269766718149185,0.08415572345256805,0.5327875018119812
/Users/aswanathjs/Downloads/test10/ai_plastic_waste_management_training/HDPE Plastic/milk_bottles/HDPEM49.jpg,0,HDPE Plastic,0,HDPE Plastic,0.9357522130012512,0.9357522130012512,0.00010188041778746992,0.062750443816185,0.0005856775678694248,0.00080974365118891
"/Users/aswanathjs/Downloads/test10/ai_plastic_waste_management_training/PET Plastic/plastic_bottles/PET1,260.jpg",2,PET Plastic,2,PET Plastic,0.980199933052063,0.018969248980283737,8.103937580017373e-05,0.980199933052063,0.0006413763621822,0.00010840213508345187
/Users/aswanathjs/Downloads/test10/ai_plastic_waste_management_training/LDPE Plastic/bin_bags/Image_129.png,1,LDPE Plastic,1,LDPE Plastic,0.9736322164535522,0.008799627423286438,0.9736322164535522,0.004735402297228575,0.007863817736506462,0.004968872759491205
/Users/aswanathjs/Downloads/test10/ai_plastic_waste_management_training/LDPE Plastic/bin_bags_grey/Image_129.png,1,LDPE Plastic,1,LDPE Plastic,0.9610893726348877,0.013343224301934242,0.9610893726348877,0.007828731089830399,0.01092451997101307,0.006814096588641405
/Users/aswanathjs/Downloads/test10/ai_plastic_waste_management_training/PP Plastic/square_containers_grey/Image_129.png,1,LDPE Plastic,1,LDPE Plastic,0.7203661799430847,0.02763369120657444,0.7203661799430847,0.030313782393932343,0.16334371268749237,0.05834261327981949
/Users/aswanathjs/Downloads/test10/ai_plastic_waste_management_training/PP Plastic/square_containers/Image_129.png,1,LDPE Plastic,1,LDPE Plastic,0.6713616251945496,0.032245732843875885,0.6713616251945496,0.024278175085783005,0.20953549444675446,0.0625789687037468
/Users/aswanathjs/Downloads/test10/ai_plastic_waste_management_training/PS Plastic/foam_containers/Image_129.png,1,LDPE Plastic,4,PS Plastic,0.5167272686958313,0.06077287718653679,0.20391668379306793,0.014224519953131676,0.20435866713523865,0.5167272686958313
/Users/aswanathjs/Downloads/test10/ai_plastic_waste_management_training/PS Plastic/foam_containers/Image_33.png,4,PS Plastic,3,PP Plastic,0.3857581913471222,0.0385294184088707,0.22737427055835724,0.020684143528342247,0.3857581913471222,0.32765403389930725
/Users/aswanathjs/Downloads/test10/ai_plastic_waste_management_training/PET Plastic/black_white_plastic_bottles/dgzwl_jpg.rf.82d358e08123cf93bb5819b48d51784b.jpg,2,PET Plastic,2,PET Plastic,0.9995150566101074,0.00011971059575444087,5.801346560474485e-06,0.9995150566101074,0.0003374923544470221,2.2012636691215448e-05
/Users/aswanathjs/Downloads/test10/ai_plastic_waste_management_training/PET Plastic/black_white_plastic_bottles/cuxgr_jpg.rf.97815d8a8cadbb0dcada9633f9b57208.jpg,2,PET Plastic,2,PET Plastic,0.9996483325958252,4.927622649120167e-05,8.953902579378337e-05,0.9996483325958252,0.00013770813529845327,7.516178447986022e-05
/Users/aswanathjs/Downloads/test10/ai_plastic_waste_management_training/HDPE Plastic/detergent_bottles/IMG_20220209_182808.jpg,0,HDPE Plastic,0,HDPE Plastic,0.9494504928588867,0.9494504928588867,0.0021259826608002186,0.00473345210775733,0.04324130713939667,0.0004487570549827069
"/Users/aswanathjs/Downloads/test10/ai_plastic_waste_management_training/PET Plastic/plastic_bottles/PET1,706.jpg",2,PET Plastic,2,PET Plastic,0.9920965433120728,0.0049012997187674046,0.0005123445298522711,0.9920965433120728,0.002299700630828738,0.00019004347268491983
/Users/aswanathjs/Downloads/test10/ai_plastic_waste_management_training/HDPE Plastic/shampoo_bottles/0065_a02b03c1d2e0f1g0h3.jpg,0,HDPE Plastic,0,HDPE Plastic,0.9997879862785339,0.9997879862785339,2.1440091586555354e-06,0.00017099696560762823,2.7096084522781894e-05,1.1845600965898484e-05
/Users/aswanathjs/Downloads/test10/ai_plastic_waste_management_training/LDPE Plastic/plastic_bags/train_LDPE-56_jpg.rf.a14e48b211c3edcb055bc2bb9a77fa5d.jpg,1,LDPE Plastic,1,LDPE Plastic,0.9943860769271851,0.0011694134445860982,0.9943860769271851,0.0010234132641926408,0.0010679252445697784,0.00235315365716815
/Users/aswanathjs/Downloads/test10/ai_plastic_waste_management_training/PET Plastic/plastic_bottles/PET581.jpg,2,PET Plastic,2,PET Plastic,0.9993280172348022,0.00038713074172846973,2.7066265829489566e-05,0.9993280172348022,0.00018922449089586735,6.856361869722605e-05
/Users/aswanathjs/Downloads/test10/ai_plastic_waste_management_training/PP Plastic/round_containers/IMG_20220209_172714.jpg,3,PP Plastic,3,PP Plastic,0.8525264859199524,0.0866108238697052,0.0044066645205020905,0.048754263669252396,0.8525264859199524,0.0077017867006361485
/Users/aswanathjs/Downloads/test10/ai_plastic_waste_management_training/PET Plastic/plastic_bottles/PET738.jpg,2,PET Plastic,2,PET Plastic,0.9996651411056519,0.00017155660316348076,1.4252228538680356e-05,0.9996651411056519,9.144511568592861e-05,5.759983469033614e-05
/Users/aswanathjs/Downloads/test10/ai_plastic_waste_management_training/LDPE Plastic/plastic_bags/plasticbag (11).jpg,1,LDPE Plastic,1,LDPE Plastic,0.9946586489677429,0.0017036321805790067,0.9946586489677429,0.0008109812624752522,0.0021975382696837187,0.0006291892495937645
/Users/aswanathjs/Downloads/test10/ai_plastic_waste_management_training/LDPE Plastic/plastic_bags_grey/LDPE-233_jpg.rf.503d77f207980a943ec9272406c39958.jpg,1,LDPE Plastic,1,LDPE Plastic,0.9888176918029785,0.002719774842262268,0.9888176918029785,0.00201662490144372,0.0022862146142870188,0.004159765318036079
/Users/aswanathjs/Downloads/test10/ai_plastic_waste_management_training/LDPE Plastic/plastic_bags/LDPE-233_jpg.rf.503d77f207980a943ec9272406c39958.jpg,1,LDPE Plastic,1,LDPE Plastic,0.9676408171653748,0.008370998315513134,0.9676408171653748,0.0069097792729735374,0.00609239237383008,0.010985995642840862
/Users/aswanathjs/Downloads/test10/ai_plastic_waste_management_training/PS Plastic/foam_sheets/PS-744_jpg.rf.9e488b75492b7e03bf5d42cfcd49b17f.jpg,4,PS Plastic,4,PS Plastic,0.9902709722518921,0.002421193988993764,0.002569632837548852,0.001633735024370253,0.0031045207288116217,0.9902709722518921
/Users/aswanathjs/Downloads/test10/ai_plastic_waste_management_training/PET Plastic/black_white_plastic_bottles/dnrqc_jpg.rf.af439e4f8c5b66386ada7bdb97954002.jpg,2,PET Plastic,2,PET Plastic,0.9997790455818176,6.11812065471895e-05,6.89540820530965e-06,0.9997790455818176,0.00014514007489196956,7.759445907140616e-06
/Users/aswanathjs/Downloads/test10/ai_plastic_waste_management_training/PET Plastic/plastic_bottles/PET325.jpg,2,PET Plastic,2,PET Plastic,0.9951226115226746,0.0017344257794320583,0.0011891652829945087,0.9951226115226746,0.0013321448350325227,0.0006216354086063802
/Users/aswanathjs/Downloads/test10/ai_plastic_waste_management_training/PP Plastic/square_containers/butter.jpg,3,PP Plastic,0,HDPE Plastic,0.512598991394043,0.512598991394043,0.025540824979543686,0.029264112934470177,0.3079078197479248,0.1246882826089859
/Users/aswanathjs/Downloads/test10/ai_plastic_waste_management_training/HDPE Plastic/milk_bottles/HDPEM485.jpg,0,HDPE Plastic,0,HDPE Plastic,0.9993577599525452,0.9993577599525452,1.3103843230055645e-05,7.000693585723639e-05,0.0004860160406678915,7.304312021005899e-05
/Users/aswanathjs/Downloads/test10/ai_plastic_waste_management_training/PET Plastic/plastic_bottles/PET830.jpg,2,PET Plastic,2,PET Plastic,0.9982140064239502,0.00013722207222599536,0.0013044591760262847,0.9982140064239502,0.00016640378453303128,0.0001778568548616022
/Users/aswanathjs/Downloads/test10/ai_plastic_waste_management_training/PP Plastic/round_containers/Image_92.png,3,PP Plastic,3,PP Plastic,0.7831681966781616,0.017656536772847176,0.13857518136501312,0.005205638241022825,0.7831681966781616,0.05539444461464882
/Users/aswanathjs/Downloads/test10/ai_plastic_waste_management_training/PS Plastic/foam_containers/Image_92.png,3,PP Plastic,4,PS Plastic,0.5068833827972412,0.08031643182039261,0.21863853931427002,0.035335902124643326,0.15882577002048492,0.5068833827972412
/Users/aswanathjs/Downloads/test10/ai_plastic_waste_management_training/HDPE Plastic/detergent_bottles/IMG_20220209_182850.jpg,0,HDPE Plastic,4,PS Plastic,0.24924211204051971,0.17091333866119385,0.24682950973510742,0.12174049764871597,0.21127451956272125,0.24924211204051971
"/Users/aswanathjs/Downloads/test10/ai_plastic_waste_management_training/PET Plastic/plastic_bottles/PET1,143.jpg",2,PET Plastic,2,PET Plastic,0.9856199026107788,0.002287462819367647,0.008278639987111092,0.9856199026107788,0.0011023337719962,0.0027117133140563965
/Users/aswanathjs/Downloads/test10/ai_plastic_waste_management_training/HDPE Plastic/milk_bottles/P_W (501).jpg,0,HDPE Plastic,0,HDPE Plastic,0.9978164434432983,0.9978164434432983,1.2366430382826366e-05,0.0006092642433941364,0.00015134028217289597,0.0014106453163549304
/Users/aswanathjs/Downloads/test10/ai_plastic_waste_management_training/HDPE Plastic/detergent_bottles/P_W (499).jpg,0,HDPE Plastic,0,HDPE Plastic,0.9996621608734131,0.9996621608734131,1.0864580872294027e-05,3.1912713893689215e-05,0.00022802106104791164,6.700119411107153e-05
/Users/aswanathjs/Downloads/test10/ai_plastic_waste_management_training/HDPE Plastic/detergent_botteles_grey/P_W (499).jpg,0,HDPE Plastic,0,HDPE Plastic,0.9889653921127319,0.9889653921127319,0.002004235750064254,0.0011959138792008162,0.0059557571075856686,0.0018788124434649944
/Users/aswanathjs/Downloads/test10/ai_plastic_waste_management_training/PET Plastic/shampoo_bottles/0015_a05b00c2d3e1f1g0h3.jpg,2,PET Plastic,2,PET Plastic,0.9725415110588074,0.015484786592423916,0.0004890079726465046,0.9725415110588074,0.01077636145055294,0.0007083848468028009
/Users/aswanathjs/Downloads/test10/ai_plastic_waste_management_training/LDPE Plastic/plastic_bags/LDPE-42_jpg.rf.61f85b2889eb6cf5c41d56f497ca5b6d.jpg,1,LDPE Plastic,1,LDPE Plastic,0.9986728429794312,0.00039211619878187776,0.9986728429794312,8.835514017846435e-05,0.0006820875569246709,0.00016464509826619178
/Users/aswanathjs/Downloads/test10/ai_plastic_waste_management_training/LDPE Plastic/plastic_bags/LDPE-42_jpg.rf.3a773f8a389437188d42ee6db0c7280d.jpg,1,LDPE Plastic,1,LDPE Plastic,0.9967616200447083,0.0009104383643716574,0.9967616200447083,0.0002715790760703385,0.0008091928320936859,0.0012472482630982995
/Users/aswanathjs/Downloads/test10/ai_plastic_waste_management_training/PP Plastic/round_containers/0022_a05b00c2d3e0f0g0h1.jpg,3,PP Plastic,3,PP Plastic,0.8690406680107117,0.014317525550723076,0.08869270235300064,0.006474638823419809,0.8690406680107117,0.02147444523870945
/Users/aswanathjs/Downloads/test10/ai_plastic_waste_management_training/PET Plastic/black_white_plastic_bottles/cykgn_jpg.rf.e5912131874577750f5e16b2e0cca429.jpg,2,PET Plastic,2,PET Plastic,0.9998997449874878,4.740384247270413e-05,1.4323301911645103e-05,0.9998997449874878,2.045903602265753e-05,1.8020167772192508e-05
/Users/aswanathjs/Downloads/test10/ai_plastic_waste_management_training/LDPE Plastic/plastic_bags/LDPE-49_jpg.rf.943e2850154ea8dcd1e3e5b32108e3af.jpg,1,LDPE Plastic,1,LDPE Plastic,0.9962563514709473,0.0018279342912137508,0.9962563514709473,0.0002475717628840357,0.0010889216791838408,0.000579220475628972
/Users/aswanathjs/Downloads/test10/ai_plastic_waste_management_training/LDPE Plastic/plastic_bags/LDPE-49_jpg.rf.c8ec39f928a4f1603db7889e3fdc9496.jpg,1,LDPE Plastic,1,LDPE Plastic,0.9985576272010803,0.00038008231786079705,0.9985576272010803,9.750975004862994e-05,0.0005342273507267237,0.0004304979520384222
/Users/aswanathjs/Downloads/test10/ai_plastic_waste_management_training/PP Plastic/square_containers_grey/IMG_20220209_175019.jpg,3,PP Plastic,4,PS Plastic,0.509274423122406,0.011932612396776676,0.009733893908560276,0.02519221603870392,0.44386693835258484,0.509274423122406
/Users/aswanathjs/Downloads/test10/ai_plastic_waste_management_training/PP Plastic/square_containers/IMG_20220209_175019.jpg,3,PP Plastic,3,PP Plastic,0.725723922252655,0.005228444002568722,0.00268859532661736,0.010777163319289684,0.725723922252655,0.25558191537857056
/Users/aswanathjs/Downloads/test10/ai_plastic_waste_management_training/LDPE Plastic/plastic_bags/plasticbag (142).jpg,1,LDPE Plastic,1,LDPE Plastic,0.7870165705680847,0.09391935169696808,0.7870165705680847,0.020938735455274582,0.05048351734876633,0.047641821205616
/Users/aswanathjs/Downloads/test10/ai_plastic_waste_management_training/PP Plastic/round_containers/IMG_20220209_173303.jpg,3,PP Plastic,3,PP Plastic,0.968234121799469,0.007980525493621826,0.011853477917611599,0.002041090512648225,0.968234121799469,0.009890849702060223
/Users/aswanathjs/Downloads/test10/ai_plastic_waste_management_training/LDPE Plastic/plastic_bags/LDPE-416_jpg.rf.fe0fe5cec045bb01d60f02aed07d759b.jpg,1,LDPE Plastic,1,LDPE Plastic,0.9929596781730652,0.0019881920889019966,0.9929596781730652,0.0013935231836512685,0.001637533656321466,0.002021094784140587
/Users/aswanathjs/Downloads/test10/ai_plastic_waste_management_training/PP Plastic/irregular_containers/0036_a05b00c1d0e0f0g0h0.jpg,3,PP Plastic,3,PP Plastic,0.7329829931259155,0.044999346137046814,0.06429751962423325,0.12912152707576752,0.7329829931259155,0.02859848365187645
/Users/aswanathjs/Downloads/test10/ai_plastic_waste_management_training/HDPE Plastic/milk_bottles/HDPEM121.jpg,0,HDPE Plastic,0,HDPE Plastic,0.9999613761901855,0.9999613761901855,7.605489145134925e-07,1.6334428437403403e-05,1.3498691259883344e-05,8.046012226259336e-06
"/Users/aswanathjs/Downloads/test10/ai_plastic_waste_management_training/PET Plastic/plastic_bottles/PET1,651.jpg",2,PET Plastic,2,PET Plastic,0.9901526570320129,0.0022032943088561296,0.0018387025920674205,0.9901526570320129,0.003366181394085288,0.0024392115883529186
/Users/aswanathjs/Downloads/test10/ai_plastic_waste_management_training/PP Plastic/square_containers_grey/IMG_20220209_173939.jpg,3,PP Plastic,3,PP Plastic,0.8653445839881897,0.007323467638343573,0.06698241084814072,0.005440686363726854,0.8653445839881897,0.054908834397792816
/Users/aswanathjs/Downloads/test10/ai_plastic_waste_management_training/PP Plastic/square_containers/IMG_20220209_173939.jpg,3,PP Plastic,3,PP Plastic,0.957301139831543,0.005457068327814341,0.015346254222095013,0.0020856312476098537,0.957301139831543,0.019809823483228683
/Users/aswanathjs/Downloads/test10/ai_plastic_waste_management_training/HDPE Plastic/shampoo_bottles/0075_a02b01c2d1e0f0g0h3.jpg,0,HDPE Plastic,0,HDPE Plastic,0.9780154824256897,0.9780154824256897,0.0003994364233221859,0.008144460618495941,0.012952527962625027,0.0004880997585132718
/Users/aswanathjs/Downloads/test10/ai_plastic_waste_management_training/HDPE Plastic/shampoo_bottles/0076_a02b06c2d2e0f1g0h1.jpg,0,HDPE Plastic,0,HDPE Plastic,0.9942261576652527,0.9942261576652527,0.0002791885344777256,0.00017881958046928048,0.005194971803575754,0.00012085353228030726
/Users/aswanathjs/Downloads/test10/ai_plastic_waste_management_training/PET Plastic/plastic_bottles/PET712.jpg,2,PET Plastic,2,PET Plastic,0.9997761845588684,0.00012232852168381214,2.880293868656736e-05,0.9997761845588684,5.106190292281099e-05,2.163336830562912e-05
/Users/aswanathjs/Downloads/test10/ai_plastic_waste_management_training/PP Plastic/round_containers/0043_a06b01c1d2e0f0g0h0.jpg,3,PP Plastic,3,PP Plastic,0.9989921450614929,0.0007713286322541535,4.499083661357872e-05,0.0001192425552289933,0.9989921450614929,7.231792551465333e-05
/Users/aswanathjs/Downloads/test10/ai_plastic_waste_management_training/HDPE Plastic/shampoo_bottles/0077_a02b01c1d3e0f1g0h2.jpg,0,HDPE Plastic,0,HDPE Plastic,0.9907140731811523,0.9907140731811523,2.2022719349479303e-05,0.0010583926923573017,0.008076360449194908,0.0001290410291403532
/Users/aswanathjs/Downloads/test10/ai_plastic_waste_management_training/HDPE Plastic/shampoo_bottles/0077_a02b01c2d0e0f1g0h2.jpg,0,HDPE Plastic,0,HDPE Plastic,0.9942358136177063,0.9942358136177063,0.00019301754946354777,0.0025707476306706667,0.0024056383408606052,0.0005948285688646138
"/Users/aswanathjs/Downloads/test10/ai_plastic_waste_management_training/PET Plastic/plastic_bottles/PET1,647.jpg",2,PET Plastic,2,PET Plastic,0.9972152709960938,0.0023647022899240255,0.00013398828741628677,0.9972152709960938,0.00021214093430899084,7.380415627267212e-05
/Users/aswanathjs/Downloads/test10/ai_plastic_waste_management_training/PS Plastic/foam_containers/Image_186.png,4,PS Plastic,3,PP Plastic,0.4561047852039337,0.06347356736660004,0.1643427014350891,0.0464831106364727,0.4561047852039337,0.2695958912372589
/Users/aswanathjs/Downloads/test10/ai_plastic_waste_management_training/PET Plastic/plastic_bottles/PET491.jpg,2,PET Plastic,2,PET Plastic,0.9882043600082397,0.009092692285776138,7.334750989684835e-05,0.9882043600082397,0.0022664896678179502,0.0003631586441770196
/Users/aswanathjs/Downloads/test10/ai_plastic_waste_management_training/LDPE Plastic/bubble_wrap/LDPE-80_jpg.rf.7729f05f9a8de614f38a4765fb11b96c.jpg,1,LDPE Plastic,1,LDPE Plastic,0.9967544674873352,0.0007828543893992901,0.9967544674873352,0.0004996158531866968,0.0006650962168350816,0.001297971699386835
/Users/aswanathjs/Downloads/test10/ai_plastic_waste_management_training/LDPE Plastic/bubble_wrap/LDPE-80_jpg.rf.39d5b876a72bc9f73fc3c298ce40ea24.jpg,1,LDPE Plastic,1,LDPE Plastic,0.9756540060043335,0.0023904889822006226,0.9756540060043335,0.007307295687496662,0.005458035971969366,0.009190145879983902
/Users/aswanathjs/Downloads/test10/ai_plastic_waste_management_training/HDPE Plastic/shampoo_bottles/0061_a02b01c2d0e0f1g0h2(1).jpg,0,HDPE Plastic,0,HDPE Plastic,0.9895539283752441,0.9895539283752441,0.0002992947993334383,0.003329094499349594,0.005286780651658773,0.001530886860564351
/Users/aswanathjs/Downloads/test10/ai_plastic_waste_management_training/PET Plastic/shampoo_bottles/0015_a05b00c1d3e1f1g0h0.jpg,2,PET Plastic,0,HDPE Plastic,0.41204404830932617,0.41204404830932617,0.01765064336359501,0.17525134980678558,0.37513551115989685,0.019918406382203102
/Users/aswanathjs/Downloads/test10/ai_plastic_waste_management_training/HDPE Plastic/milk_bottles/HDPEM243.jpg,0,HDPE Plastic,0,HDPE Plastic,0.9859007000923157,0.9859007000923157,0.00017167390615213662,0.004290259908884764,0.006014066748321056,0.003623303957283497
/Users/aswanathjs/Downloads/test10/ai_plastic_waste_management_training/LDPE Plastic/black_white__plastic_bags/0255_jpg.rf.471b4cca7828d2062bc4e54b465f1f51.jpg,1,LDPE Plastic,1,LDPE Plastic,0.9775776863098145,0.0023690226953476667,0.9775776863098145,0.001351633807644248,0.008524997159838676,0.010176624171435833
/Users/aswanathjs/Downloads/test10/ai_plastic_waste_management_training/HDPE Plastic/detergent_bottles/0098_a02b03c2d2e0f0g0h4.jpg,0,HDPE Plastic,0,HDPE Plastic,0.9949048757553101,0.9949048757553101,6.477586430264637e-05,0.00013909088738728315,0.004787854850292206,0.00010346989438403398
/Users/aswanathjs/Downloads/test10/ai_plastic_waste_management_training/LDPE Plastic/plastic_bags/LDPE-278_jpg.rf.5842fc6b2467bc5899a983e515f2278e.jpg,1,LDPE Plastic,1,LDPE Plastic,0.9968633651733398,0.0009243375388905406,0.9968633651733398,0.000992621760815382,0.00047614838695153594,0.0007435567094944417
/Users/aswanathjs/Downloads/test10/ai_plastic_waste_management_training/PP Plastic/square_containers/Image_96.png,3,PP Plastic,3,PP Plastic,0.7206630706787109,0.018296323716640472,0.19713428616523743,0.0050904396921396255,0.7206630706787109,0.05881589651107788
/Users/aswanathjs/Downloads/test10/ai_plastic_waste_management_training/PS Plastic/foam_containers/Image_96.png,3,PP Plastic,4,PS Plastic,0.6139119267463684,0.0803079828619957,0.18525627255439758,0.02106887847185135,0.09945496916770935,0.6139119267463684
/Users/aswanathjs/Downloads/test10/ai_plastic_waste_management_training/PET Plastic/plastic_bottles/PET679.jpg,2,PET Plastic,2,PET Plastic,0.9999412298202515,1.573492045281455e-05,5.151628101884853e-06,0.9999412298202515,3.4347904147580266e-05,3.5469788599584717e-06
/Users/aswanathjs/Downloads/test10/ai_plastic_waste_management_training/LDPE Plastic/plastic_bags/plasticbag (150).jpg,1,LDPE Plastic,1,LDPE Plastic,0.8176272511482239,0.02306925505399704,0.8176272511482239,0.01633463427424431,0.11055850237607956,0.03241034969687462
/Users/aswanathjs/Downloads/test10/ai_plastic_waste_management_training/PET Plastic/plastic_bottles/PET923.jpg,2,PET Plastic,2,PET Plastic,0.9979434609413147,0.0013765188632532954,7.184419519035146e-05,0.9979434609413147,0.0005587085033766925,4.946239641867578e-05
/Users/aswanathjs/Downloads/test10/ai_plastic_waste_management_training/PP Plastic/round_containers/0032_a05b01c1d3e0f0g0h2.jpg,3,PP Plastic,3,PP Plastic,0.9920886754989624,0.003875868860632181,0.0003475287521723658,0.0026192611549049616,0.9920886754989624,0.001068550394847989
/Users/aswanathjs/Downloads/test10/ai_plastic_waste_management_training/PP Plastic/round_containers/IMG_20220209_173640.jpg,3,PP Plastic,3,PP Plastic,0.8484665155410767,0.014698470942676067,0.04305846616625786,0.07669221609830856,0.8484665155410767,0.017084283754229546
/Users/aswanathjs/Downloads/test10/ai_plastic_waste_management_training/HDPE Plastic/milk_bottles/HDPEM467.jpg,0,HDPE Plastic,0,HDPE Plastic,0.9706601500511169,0.9706601500511169,0.0014390951255336404,0.011031226254999638,0.014972030185163021,0.0018974808044731617
/Users/aswanathjs/Downloads/test10/ai_plastic_waste_management_training/PS Plastic/foam_containers/Image_38.png,4,PS Plastic,1,LDPE Plastic,0.43077901005744934,0.06499020010232925,0.43077901005744934,0.07642590999603271,0.14661546051502228,0.2811894416809082
/Users/aswanathjs/Downloads/test10/ai_plastic_waste_management_training/PP Plastic/round_containers/0031_a05b01c1d3e0f0g0h0.jpg,3,PP Plastic,3,PP Plastic,0.998593270778656,0.0013607636792585254,5.483181666932069e-06,1.202629482577322e-05,0.998593270778656,2.8471544283092953e-05
/Users/aswanathjs/Downloads/test10/ai_plastic_waste_management_training/HDPE Plastic/shampoo_bottles/0078_a02b07c1d3e0f1g0h1.jpg,0,HDPE Plastic,0,HDPE Plastic,0.9994274377822876,0.9994274377822876,6.801888503105147e-06,3.2785068469820544e-05,0.0005065696313977242,2.6503890694584697e-05
/Users/aswanathjs/Downloads/test10/ai_plastic_waste_management_training/PS Plastic/foam_containers/Image_249.png,4,PS Plastic,4,PS Plastic,0.4533804953098297,0.058382466435432434,0.09749515354633331,0.02470734715461731,0.3660346269607544,0.4533804953098297
/Users/aswanathjs/Downloads/test10/ai_plastic_waste_management_training/LDPE Plastic/plastic_bags_grey/plasticbag (164).jpg,1,LDPE Plastic,1,LDPE Plastic,0.8918622136116028,0.005204215180128813,0.8918622136116028,0.01625133492052555,0.06067943945527077,0.026002755388617516
/Users/aswanathjs/Downloads/test10/ai_plastic_waste_management_training/LDPE Plastic/plastic_bags/plasticbag (164).jpg,1,LDPE Plastic,1,LDPE Plastic,0.821586549282074,0.006490522064268589,0.821586549282074,0.016087740659713745,0.11606772989034653,0.03976747766137123
/Users/aswanathjs/Downloads/test10/ai_plastic_waste_management_training/HDPE Plastic/milk_bottles/HDPEM98.jpg,0,HDPE Plastic,0,HDPE Plastic,0.9933851361274719,0.9933851361274719,1.5216018255159725e-05,0.006300846580415964,0.00010333766113035381,0.00019551182049326599
/Users/aswanathjs/Downloads/test10/ai_plastic_waste_management_training/PS Plastic/form_containers_grey/styrofoam-114-_jpg.rf.d9b4a523d03b76675f0ec7108a72fbf9.jpg,4,PS Plastic,4,PS Plastic,0.976251482963562,0.0037210683804005384,0.005258022341877222,0.0006118340534158051,0.014157580211758614,0.976251482963562
/Users/aswanathjs/Downloads/test10/ai_plastic_waste_management_training/PS Plastic/foam_containers/styrofoam-114-_jpg.rf.d9b4a523d03b76675f0ec7108a72fbf9.jpg,4,PS Plastic,4,PS Plastic,0.9566780924797058,0.0066393655724823475,0.00985985342413187,0.004037925507873297,0.022784775123000145,0.9566780924797058
/Users/aswanathjs/Downloads/test10/ai_plastic_waste_management_training/PET Plastic/plastic_bottles/PET825.jpg,2,PET Plastic,2,PET Plastic,0.9964753985404968,0.0003837691037915647,0.0026323108468204737,0.9964753985404968,0.0002831782621797174,0.00022536497272085398
/Users/aswanathjs/Downloads/test10/ai_plastic_waste_management_training/PS Plastic/foam_sheets/PS-633_jpg.rf.74d721685d340e52d7aad4bcc909b2cb.jpg,4,PS Plastic,4,PS Plastic,0.9606527090072632,0.0031715657096356153,0.02601984329521656,0.0029127164743840694,0.00724311638623476,0.9606527090072632
/Users/aswanathjs/Downloads/test10/ai_plastic_waste_management_training/LDPE Plastic/black_white__plastic_bags/0026_jpg.rf.6a91eb9ccddcfe387a34ee06ed8e4274.jpg,1,LDPE Plastic,1,LDPE Plastic,0.9927982091903687,0.0012473460519686341,0.9927982091903687,0.0026421835646033287,0.0016073454171419144,0.0017049671150743961
/Users/aswanathjs/Downloads/test10/ai_plastic_waste_management_training/PET Plastic/black_white_plastic_bottles/cwgds_jpg.rf.7be016de001fc7195367459fe70d1334.jpg,2,PET Plastic,2,PET Plastic,0.9990724325180054,0.00022848258959129453,1.9794038962572813e-05,0.9990724325180054,0.0006210605497471988,5.813648022012785e-05
/Users/aswanathjs/Downloads/test10/ai_plastic_waste_management_training/PS Plastic/foam_containers/styrofoam-130-_jpg.rf.cba5afdf89e528f49af2d72e08abeaaa.jpg,4,PS Plastic,4,PS Plastic,0.9876623153686523,0.0015945782652124763,0.0014314722502604127,0.00023732516274321824,0.009074307978153229,0.9876623153686523
"/Users/aswanathjs/Downloads/test10/ai_plastic_waste_management_training/PET Plastic/plastic_bottles/PET1,132.jpg",2,PET Plastic,2,PET Plastic,0.9960814118385315,0.002116023562848568,0.0005045812577009201,0.9960814118385315,0.001199166290462017,9.882805898087099e-05
/Users/aswanathjs/Downloads/test10/ai_plastic_waste_management_training/PP Plastic/round_containers/IMG20220210154604.jpg,3,PP Plastic,3,PP Plastic,0.8390272855758667,0.021726615726947784,0.09674014896154404,0.010751736350357533,0.8390272855758667,0.03175421804189682
/Users/aswanathjs/Downloads/test10/ai_plastic_waste_management_training/PP Plastic/round_containers/Image_199.png,3,PP Plastic,3,PP Plastic,0.5607343316078186,0.06329252570867538,0.21286402642726898,0.027615465223789215,0.5607343316078186,0.1354937106370926
/Users/aswanathjs/Downloads/test10/ai_plastic_waste_management_training/PS Plastic/foam_containers/Image_199.png,3,PP Plastic,4,PS Plastic,0.5504562854766846,0.045651085674762726,0.18442049622535706,0.01813158020377159,0.20134049654006958,0.5504562854766846
/Users/aswanathjs/Downloads/test10/ai_plastic_waste_management_training/LDPE Plastic/black_white__plastic_bags/0286_jpg.rf.47aea033fd4a4d618d12ede0404ebbcc.jpg,1,LDPE Plastic,1,LDPE Plastic,0.997685432434082,0.0006646279362030327,0.997685432434082,0.0004445387457963079,0.0008307687239721417,0.0003746618458535522
/Users/aswanathjs/Downloads/test10/ai_plastic_waste_management_training/HDPE Plastic/detergent_bottles/0098_a02b03c2d0e0f0g0h1.jpg,0,HDPE Plastic,0,HDPE Plastic,0.9988051652908325,0.9988051652908325,1.3933626178186387e-05,1.100805548048811e-05,0.0011523286812007427,1.7663174730842002e-05
/Users/aswanathjs/Downloads/test10/ai_plastic_waste_management_training/HDPE Plastic/detergent_bottles/0062_a02b05c1d0e0f1g1h0.jpg,0,HDPE Plastic,0,HDPE Plastic,0.9952033758163452,0.9952033758163452,3.4834243706427515e-05,0.003943623509258032,0.0005913105560466647,0.0002267787785967812
/Users/aswanathjs/Downloads/test10/ai_plastic_waste_management_training/HDPE Plastic/milk_bottles/HDPEM9.jpg,0,HDPE Plastic,0,HDPE Plastic,0.9999474287033081,0.9999474287033081,1.9658212124795682e-07,1.8921963373941253e-07,4.7655041271355e-05,4.559763056022348e-06
/Users/aswanathjs/Downloads/test10/ai_plastic_waste_management_training/HDPE Plastic/milk_bottles_grey/HDPEM9.jpg,0,HDPE Plastic,0,HDPE Plastic,0.9975528120994568,0.9975528120994568,0.00031413717078976333,5.271799091133289e-05,0.0018385143484920263,0.00024190705153159797
/Users/aswanathjs/Downloads/test10/ai_plastic_waste_management_training/HDPE Plastic/shampoo_bottiles_grey/0076_a02b06c1d3e0f1g0h2.jpg,0,HDPE Plastic,0,HDPE Plastic,0.9907196760177612,0.9907196760177612,1.280289507121779e-05,0.00014168681809678674,0.009083999320864677,4.1802937630563974e-05
/Users/aswanathjs/Downloads/test10/ai_plastic_waste_management_training/HDPE Plastic/shampoo_bottles/0076_a02b06c1d3e0f1g0h2.jpg,0,HDPE Plastic,0,HDPE Plastic,0.9941650032997131,0.9941650032997131,0.00036848336458206177,0.00014703652414027601,0.005220315419137478,9.92414279608056e-05
"/Users/aswanathjs/Downloads/test10/ai_plastic_waste_management_training/HDPE Plastic/milk_bottles/HDPEM1,019.JPG",0,HDPE Plastic,0,HDPE Plastic,0.9992510676383972,0.9992510676383972,8.190746143554861e-07,0.0006440484430640936,2.782456431305036e-05,7.629499305039644e-05
/Users/aswanathjs/Downloads/test10/ai_plastic_waste_management_training/HDPE Plastic/milk_bottles/HDPEM242.jpg,0,HDPE Plastic,0,HDPE Plastic,0.9966018199920654,0.9966018199920654,3.92984802601859e-05,0.0007552924798801541,0.0019679865799844265,0.0006356529192999005
/Users/aswanathjs/Downloads/test10/ai_plastic_waste_management_training/LDPE Plastic/plastic_bags/train_LDPE-43_jpg.rf.05e0a423117f0c327191528d73f72282.jpg,1,LDPE Plastic,1,LDPE Plastic,0.9872112274169922,0.0046753957867622375,0.9872112274169922,0.0009848299669101834,0.004304864909499884,0.002823638031259179
"/Users/aswanathjs/Downloads/test10/ai_plastic_waste_management_training/PET Plastic/plastic_bottles/PET1,301.jpg",2,PET Plastic,2,PET Plastic,0.9647096991539001,0.014568325132131577,0.00014665855269413441,0.9647096991539001,0.01899227313697338,0.001583063043653965
/Users/aswanathjs/Downloads/test10/ai_plastic_waste_management_training/LDPE Plastic/plastic_bags/train_LDPE-66_jpg.rf.8fcb6cd14ee5d114c2d62f7866505c2d.jpg,1,LDPE Plastic,1,LDPE Plastic,0.9928953051567078,0.0010008123936131597,0.9928953051567078,0.0016021664487197995,0.0027276298496872187,0.0017740954644978046
/Users/aswanathjs/Downloads/test10/ai_plastic_waste_management_training/HDPE Plastic/milk_bottles/HDPEM578.JPG,0,HDPE Plastic,0,HDPE Plastic,0.9997096657752991,0.9997096657752991,2.7684982342179865e-06,0.00015042837185319513,5.489655086421408e-05,8.223040640586987e-05
/Users/aswanathjs/Downloads/test10/ai_plastic_waste_management_training/PP Plastic/square_containers_grey/Image_74.png,3,PP Plastic,3,PP Plastic,0.8581094145774841,0.013073383830487728,0.05851980671286583,0.005519744008779526,0.8581094145774841,0.06477775424718857
/Users/aswanathjs/Downloads/test10/ai_plastic_waste_management_training/PP Plastic/square_containers/Image_74.png,3,PP Plastic,3,PP Plastic,0.8410311937332153,0.010958144441246986,0.049135953187942505,0.005181669257581234,0.8410311937332153,0.09369303286075592
/Users/aswanathjs/Downloads/test10/ai_plastic_waste_management_training/PS Plastic/foam_containers/Image_74.png,3,PP Plastic,4,PS Plastic,0.4840135872364044,0.03870376572012901,0.2515996992588043,0.020805060863494873,0.20487794280052185,0.4840135872364044
/Users/aswanathjs/Downloads/test10/ai_plastic_waste_management_training/PP Plastic/round_containers/IMG_20220209_173335.jpg,3,PP Plastic,3,PP Plastic,0.9647805690765381,0.009867542423307896,0.020050786435604095,0.0019592628814280033,0.9647805690765381,0.0033418575767427683
/Users/aswanathjs/Downloads/test10/ai_plastic_waste_management_training/LDPE Plastic/plastic_bags/plasticbag (200) 17.43.56.jpg,1,LDPE Plastic,1,LDPE Plastic,0.9791152477264404,0.013569613918662071,0.9791152477264404,0.001970836892724037,0.002432334003970027,0.0029120459221303463
"/Users/aswanathjs/Downloads/test10/ai_plastic_waste_management_training/PET Plastic/plastic_bottles/PET1,144.jpg",2,PET Plastic,2,PET Plastic,0.9999678134918213,1.0422028026368935e-05,7.46161094866693e-06,0.9999678134918213,9.378139111504424e-06,4.91794935442158e-06
/Users/aswanathjs/Downloads/test10/ai_plastic_waste_management_training/PS Plastic/foam_containers/0058_a06b01c1d3e0f0g0h4.jpg,4,PS Plastic,4,PS Plastic,0.9981301426887512,0.00020486624271143228,0.00040463029290549457,0.0003713866462931037,0.0008889411692507565,0.9981301426887512
/Users/aswanathjs/Downloads/test10/ai_plastic_waste_management_training/LDPE Plastic/plastic_bags/LDPE-537_jpg.rf.83ecf1c82cca9cb78f569b07e500c87c.jpg,1,LDPE Plastic,1,LDPE Plastic,0.9975777268409729,0.0003408711345400661,0.9975777268409729,0.0009454990504309535,0.0004764652985613793,0.0006594383157789707
/Users/aswanathjs/Downloads/test10/ai_plastic_waste_management_training/PET Plastic/black_white_plastic_bottles/chuql_jpg.rf.b6c1d6870fe9d658b8bbf4a4214ee8c3.jpg,2,PET Plastic,2,PET Plastic,0.9998268485069275,5.0748491048580036e-05,5.075890294392593e-05,0.9998268485069275,4.451478162081912e-05,2.7162752303411253e-05
/Users/aswanathjs/Downloads/test10/ai_plastic_waste_management_training/PS Plastic/foam_containers/0058_a06b01c1d2e0f0g0h3.jpg,4,PS Plastic,4,PS Plastic,0.9986384510993958,0.00016181403771042824,9.419627167517319e-05,6.797676178393885e-05,0.0010375874117016792,0.9986384510993958
/Users/aswanathjs/Downloads/test10/ai_plastic_waste_management_training/PP Plastic/round_containers/0044_a06b01c1d0e0f0g0h2.jpg,3,PP Plastic,3,PP Plastic,0.9564298391342163,0.0020910287275910378,0.0018097612773999572,0.036180973052978516,0.9564298391342163,0.003488436108455062
/Users/aswanathjs/Downloads/test10/ai_plastic_waste_management_training/LDPE Plastic/plastic_bags/plasticbag (184).jpg,1,LDPE Plastic,1,LDPE Plastic,0.969455361366272,0.001299115945585072,0.969455361366272,0.017202384769916534,0.00725494185462594,0.004788200370967388
/Users/aswanathjs/Downloads/test10/ai_plastic_waste_management_training/HDPE Plastic/detergent_bottles/0039_a02b01c1d0e0f1g0h4.jpg,0,HDPE Plastic,0,HDPE Plastic,0.9999666213989258,0.9999666213989258,1.7938448593213252e-07,6.665924047410954e-06,2.366949775023386e-05,2.876456846934161e-06
/Users/aswanathjs/Downloads/test10/ai_plastic_waste_management_training/PET Plastic/plastic_bottles/PET379.jpg,2,PET Plastic,2,PET Plastic,0.9997251629829407,0.00020406839030329138,8.961206731328275e-06,0.9997251629829407,3.427665069466457e-05,2.753328953986056e-05
/Users/aswanathjs/Downloads/test10/ai_plastic_waste_management_training/HDPE Plastic/shampoo_bottles/0077_a02b01c1d0e0f1g0h3.jpg,0,HDPE Plastic,0,HDPE Plastic,0.9735071659088135,0.9735071659088135,0.0003588249674066901,0.018871773034334183,0.005687182303518057,0.001575020025484264
/Users/aswanathjs/Downloads/test10/ai_plastic_waste_management_training/PET Plastic/black_white_plastic_bottles/cfkyw_jpg.rf.6d5c6c2daeb7735fbfe3a99424ffa58d.jpg,2,PET Plastic,2,PET Plastic,0.9987108707427979,0.0003752204356715083,0.00027308633434586227,0.9987108707427979,0.0004283858579583466,0.00021242830553092062
/Users/aswanathjs/Downloads/test10/ai_plastic_waste_management_training/LDPE Plastic/plastic_bags/LDPE-319_jpg.rf.af2e37d28d1cc6ee97fece864691c83a.jpg,1,LDPE Plastic,1,LDPE Plastic,0.996701180934906,0.0003872886300086975,0.996701180934906,0.0006294251652434468,0.001140641630627215,0.0011414821492508054
/Users/aswanathjs/Downloads/test10/ai_plastic_waste_management_training/PP Plastic/round_containers/0031_a05b01c2d3e0f0g0h4.jpg,3,PP Plastic,3,PP Plastic,0.9738770723342896,0.01477503776550293,0.0003719362139236182,0.00985322892665863,0.9738770723342896,0.001122688059695065
"/Users/aswanathjs/Downloads/test10/ai_plastic_waste_management_training/PET Plastic/plastic_bottles/PET1,209.jpg",2,PET Plastic,2,PET Plastic,0.999521017074585,0.0003782018320634961,2.6184372472926043e-05,0.999521017074585,5.034521745983511e-05,2.4306938939844258e-05
/Users/aswanathjs/Downloads/test10/ai_plastic_waste_management_training/HDPE Plastic/detergent_bottles/Image_181.png,0,HDPE Plastic,0,HDPE Plastic,0.9713903069496155,0.9713903069496155,0.0022094151936471462,0.007946664467453957,0.011524822562932968,0.006928772199898958
/Users/aswanathjs/Downloads/test10/ai_plastic_waste_management_training/PS Plastic/foam_containers/Image_181.png,0,HDPE Plastic,4,PS Plastic,0.5483125448226929,0.06146776303648949,0.1503438800573349,0.02435038797557354,0.2155255526304245,0.5483125448226929
/Users/aswanathjs/Downloads/test10/ai_plastic_waste_management_training/LDPE Plastic/plastic_bags/plasticbag (204) 17.43.56.jpg,1,LDPE Plastic,1,LDPE Plastic,0.9075191617012024,0.034649480134248734,0.9075191617012024,0.007052753586322069,0.04022388532757759,0.010554778389632702
/Users/aswanathjs/Downloads/test10/ai_plastic_waste_management_training/PET Plastic/plastic_bottles/PET631.jpg,2,PET Plastic,2,PET Plastic,0.991558313369751,0.0028372525703161955,0.0006409802590496838,0.991558313369751,0.004475192632526159,0.0004882433277089149
/Users/aswanathjs/Downloads/test10/ai_plastic_waste_management_training/PET Plastic/plastic_bottles/PET308.jpg,2,PET Plastic,2,PET Plastic,0.9957073926925659,0.0028148479759693146,0.0002276396262459457,0.9957073926925659,0.0009728369186632335,0.00027723153471015394
/Users/aswanathjs/Downloads/test10/ai_plastic_waste_management_training/PP Plastic/round_containers/0009_a06b01c1d1e0f0g0h3.jpg,3,PP Plastic,3,PP Plastic,0.9736053347587585,0.021727772429585457,5.836020864080638e-05,0.004086555913090706,0.9736053347587585,0.0005219407612457871
/Users/aswanathjs/Downloads/test10/ai_plastic_waste_management_training/LDPE Plastic/plastic_bags/plasticbag (168).jpg,1,LDPE Plastic,1,LDPE Plastic,0.5545443892478943,0.025461414828896523,0.5545443892478943,0.017230994999408722,0.1791744828224182,0.2235887497663498
/Users/aswanathjs/Downloads/test10/ai_plastic_waste_management_training/PP Plastic/round_containers/IMG_20220209_172652.jpg,3,PP Plastic,3,PP Plastic,0.7247788906097412,0.25950169563293457,0.006594026926904917,0.004452348221093416,0.7247788906097412,0.004673066083341837
/Users/aswanathjs/Downloads/test10/ai_plastic_waste_management_training/PET Plastic/black_white_plastic_bottles/bxyri_jpg.rf.8c29d95bb7f65fcda3b822e338fc3896.jpg,2,PET Plastic,2,PET Plastic,0.9996448755264282,0.00025700300466269255,3.969531462644227e-06,0.9996448755264282,7.349873339990154e-05,2.0703095287899487e-05
/Users/aswanathjs/Downloads/test10/ai_plastic_waste_management_training/LDPE Plastic/plastic_bags/plasticbag (87).jpg,1,LDPE Plastic,1,LDPE Plastic,0.9186658263206482,0.023274073377251625,0.9186658263206482,0.012564864940941334,0.028072210028767586,0.01742297038435936
/Users/aswanathjs/Downloads/test10/ai_plastic_waste_management_training/LDPE Plastic/black_white__plastic_bags/0042_jpg.rf.4cf723737085255db24bde1708ce4d23.jpg,1,LDPE Plastic,1,LDPE Plastic,0.559636652469635,0.1182795837521553,0.559636652469635,0.020961560308933258,0.29783761501312256,0.0032845805399119854
/Users/aswanathjs/Downloads/test10/ai_plastic_waste_management_training/LDPE Plastic/plastic_bags/LDPE-106_jpg.rf.f4578063726485c1e6947d09ce6a3746.jpg,1,LDPE Plastic,1,LDPE Plastic,0.9939362406730652,0.0018016292015090585,0.9939362406730652,0.001734563964419067,0.001120191067457199,0.001407468575052917
/Users/aswanathjs/Downloads/test10/ai_plastic_waste_management_training/PET Plastic/shampoo_bottles/0100_a05b00c1d2e0f0g0h4.jpg,2,PET Plastic,2,PET Plastic,0.9993159770965576,9.093234984902665e-05,1.0819919225468766e-05,0.9993159770965576,0.0005477020749822259,3.457104685367085e-05
/Users/aswanathjs/Downloads/test10/ai_plastic_waste_management_training/PP Plastic/round_containers/Image_242.png,3,PP Plastic,3,PP Plastic,0.6174129247665405,0.025038830935955048,0.1888321191072464,0.07096759229898453,0.6174129247665405,0.09774855524301529
/Users/aswanathjs/Downloads/test10/ai_plastic_waste_management_training/PS Plastic/foam_containers/Image_242.png,3,PP Plastic,3,PP Plastic,0.45211827754974365,0.07889197021722794,0.1300748735666275,0.05763254687190056,0.45211827754974365,0.2812822759151459
/Users/aswanathjs/Downloads/test10/ai_plastic_waste_management_training/HDPE Plastic/detergent_bottles/0010_a02b01c2d0e0f1g0h1.jpg,0,HDPE Plastic,0,HDPE Plastic,0.9792245030403137,0.9792245030403137,5.8309549785917625e-05,0.006039901170879602,0.014109130017459393,0.0005681777838617563
/Users/aswanathjs/Downloads/test10/ai_plastic_waste_management_training/LDPE Plastic/plastic_bags/LDPE-253_jpg.rf.8eeed4d6ddb02ae0f2dc8504754e2c37.jpg,1,LDPE Plastic,1,LDPE Plastic,0.9908503293991089,0.0014526477316394448,0.9908503293991089,0.001734535675495863,0.002783730160444975,0.0031788148917257786
/Users/aswanathjs/Downloads/test10/ai_plastic_waste_management_training/LDPE Plastic/plastic_bags/plasticbag (206) 17.43.56.jpg,1,LDPE Plastic,1,LDPE Plastic,0.9920342564582825,0.0022455791477113962,0.9920342564582825,0.0016494591254740953,0.002728693652898073,0.0013419564347714186
/Users/aswanathjs/Downloads/test10/ai_plastic_waste_management_training/LDPE Plastic/black_white__plastic_bags/0137_jpg.rf.f92753e05ff11c3e94e707c8a3ad56f4.jpg,1,LDPE Plastic,1,LDPE Plastic,0.9988429546356201,0.00027814327040687203,0.9988429546356201,0.0001589692838024348,0.0005465351277962327,0.00017335687880404294
"/Users/aswanathjs/Downloads/test10/ai_plastic_waste_management_training/HDPE Plastic/milk_bottles/HDPEM1,028.JPG",0,HDPE Plastic,0,HDPE Plastic,0.9987169504165649,0.9987169504165649,5.069411599833984e-06,0.0007379616145044565,0.00044854453881271183,9.159882029052824e-05
/Users/aswanathjs/Downloads/test10/ai_plastic_waste_management_training/LDPE Plastic/plastic_bags/plasticbag (86).jpg,1,LDPE Plastic,1,LDPE Plastic,0.9640195369720459,0.014253901317715645,0.9640195369720459,0.0027602422051131725,0.01737271621823311,0.0015936467098072171
/Users/aswanathjs/Downloads/test10/ai_plastic_waste_management_training/PET Plastic/black_white_plastic_bottles/bzhgf_jpg.rf.66b7133b3e949d055927c935f47dd537.jpg,2,PET Plastic,2,PET Plastic,0.999833345413208,0.00013537562335841358,4.707105745183071e-06,0.999833345413208,1.7451715393690392e-05,9.083502845896874e-06
/Users/aswanathjs/Downloads/test10/ai_plastic_waste_management_training/LDPE Plastic/plastic_bags/plasticbag (51).jpg,1,LDPE Plastic,1,LDPE Plastic,0.9956151247024536,0.0010922154178842902,0.9956151247024536,0.0007431420963257551,0.0013471446000039577,0.001202375628054142
/Users/aswanathjs/Downloads/test10/ai_plastic_waste_management_training/PET Plastic/shampoo_bottles/0015_a05b00c2d1e1f1g0h4.jpg,2,PET Plastic,2,PET Plastic,0.9942896366119385,0.004174664616584778,9.389480692334473e-05,0.9942896366119385,0.000825586321298033,0.0006162798381410539
/Users/aswanathjs/Downloads/test10/ai_plastic_waste_management_training/HDPE Plastic/shampoo_bottles/0075_a02b01c2d2e0f0g0h4.jpg,0,HDPE Plastic,0,HDPE Plastic,0.9964976906776428,0.9964976906776428,2.7443329599918798e-05,0.00022979508503340185,0.003221081802621484,2.4149738237611018e-05
/Users/aswanathjs/Downloads/test10/ai_plastic_waste_management_training/HDPE Plastic/milk_bottles/HDPEM237.jpg,0,HDPE Plastic,0,HDPE Plastic,0.9998028874397278,0.9998028874397278,2.1361843494105415e-07,0.00012515828711912036,4.734733738587238e-05,2.4407396267633885e-05
/Users/aswanathjs/Downloads/test10/ai_plastic_waste_management_training/PS Plastic/foam_sheets/PS-847_jpg.rf.cb27aa7ea11220268ad1992fe46ed8d1.jpg,4,PS Plastic,4,PS Plastic,0.9999381303787231,1.4575013665307779e-05,3.303167250123806e-05,2.3689019599260064e-06,1.190379225590732e-05,0.9999381303787231
/Users/aswanathjs/Downloads/test10/ai_plastic_waste_management_training/PS Plastic/foam_sheets/PS-791_jpg.rf.5e4f77251dd72bd862664be3a8d4301e.jpg,4,PS Plastic,4,PS Plastic,0.9838167428970337,0.0009018786950036883,0.005898502189666033,0.0034677570220083,0.005915094166994095,0.9838167428970337
/Users/aswanathjs/Downloads/test10/ai_plastic_waste_management_training/PET Plastic/shampoo_bottles/0050_a05b00c1d0e1f1g0h1.jpg,2,PET Plastic,2,PET Plastic,0.9884699583053589,0.009011577814817429,0.00010086251859320328,0.9884699583053589,0.0019375061383470893,0.0004799892194569111
/Users/aswanathjs/Downloads/test10/ai_plastic_waste_management_training/LDPE Plastic/black_white__plastic_bags/0267_jpg.rf.8460d76bd44dd351f132c97c25e204e3.jpg,1,LDPE Plastic,1,LDPE Plastic,0.9977263808250427,0.0006022168672643602,0.9977263808250427,0.0011886205757036805,0.00018292354070581496,0.0002999080461449921
/Users/aswanathjs/Downloads/test10/ai_plastic_waste_management_training/LDPE Plastic/bubble_wrap/train_LDPE-83_jpg.rf.fe50b5acfd4114360ab6f1021e88f3bd.jpg,1,LDPE Plastic,1,LDPE Plastic,0.9844074249267578,0.001896064612083137,0.9844074249267578,0.0031473704148083925,0.00674235075712204,0.0038067391142249107
"/Users/aswanathjs/Downloads/test10/ai_plastic_waste_management_training/PET Plastic/plastic_bottles/PET1,369.jpg",2,PET Plastic,2,PET Plastic,0.9946557283401489,0.0021755078341811895,0.00013986231351736933,0.9946557283401489,0.0024297924246639013,0.0005991364596411586
/Users/aswanathjs/Downloads/test10/ai_plastic_waste_management_training/LDPE Plastic/plastic_bags/train_LDPE-14_jpg.rf.a876535eec566939f48f88ce038d9266.jpg,1,LDPE Plastic,1,LDPE Plastic,0.999091625213623,0.00033026112942025065,0.999091625213623,0.0002540551940910518,0.00020158194820396602,0.0001224658772116527
/Users/aswanathjs/Downloads/test10/ai_plastic_waste_management_training/PP Plastic/round_containers/0035_a06b01c1d2e0f0g0h2.jpg,3,PP Plastic,3,PP Plastic,0.9873207807540894,0.002983205020427704,0.0018303681863471866,0.007647962309420109,0.9873207807540894,0.00021772539184894413
/Users/aswanathjs/Downloads/test10/ai_plastic_waste_management_training/PP Plastic/round_containers_grey/0035_a06b01c1d2e0f0g0h2.jpg,3,PP Plastic,3,PP Plastic,0.7457374930381775,0.15331096947193146,0.05001865699887276,0.0468948632478714,0.7457374930381775,0.004038030747324228
/Users/aswanathjs/Downloads/test10/ai_plastic_waste_management_training/HDPE Plastic/milk_bottles/HDPEM576.JPG,0,HDPE Plastic,0,HDPE Plastic,0.997962474822998,0.997962474822998,2.745304664131254e-05,0.0004662640276364982,0.0013492138823494315,0.00019459097529761493
/Users/aswanathjs/Downloads/test10/ai_plastic_waste_management_training/LDPE Plastic/bin_bags/Image_10.png,1,LDPE Plastic,1,LDPE Plastic,0.9858843684196472,0.0018079621950164437,0.9858843684196472,0.0032153460197150707,0.005205838475376368,0.0038864968810230494
/Users/aswanathjs/Downloads/test10/ai_plastic_waste_management_training/LDPE Plastic/bin_bags_grey/Image_10.png,1,LDPE Plastic,1,LDPE Plastic,0.9891948699951172,0.001852870569564402,0.9891948699951172,0.002457893220707774,0.003692334285005927,0.0028020127210766077
/Users/aswanathjs/Downloads/test10/ai_plastic_waste_management_training/PS Plastic/foam_containers/Image_10.png,1,LDPE Plastic,1,LDPE Plastic,0.4527660608291626,0.06968194246292114,0.4527660608291626,0.014276653528213501,0.27775800228118896,0.18551737070083618
/Users/aswanathjs/Downloads/test10/ai_plastic_waste_management_training/HDPE Plastic/detergent_bottles/0010_a02b01c1d3e0f1g0h1.jpg,0,HDPE Plastic,0,HDPE Plastic,0.9935537576675415,0.9935537576675415,3.241860758862458e-05,0.00023193637025542557,0.005938762798905373,0.00024315784685313702
/Users/aswanathjs/Downloads/test10/ai_plastic_waste_management_training/PP Plastic/square_containers/IMG_20220209_175433.jpg,3,PP Plastic,3,PP Plastic,0.8043382167816162,0.004742688033729792,0.0016211137408390641,0.0012662337394431233,0.8043382167816162,0.18803173303604126
/Users/aswanathjs/Downloads/test10/ai_plastic_waste_management_training/PS Plastic/foam_containers/styrofoam-6-_jpg.rf.3ff80f8b896c6df2923dce53f0c2db16.jpg,4,PS Plastic,4,PS Plastic,0.9541758298873901,0.002030114410445094,0.0030377868097275496,0.0011275197612121701,0.03962872922420502,0.9541758298873901
/Users/aswanathjs/Downloads/test10/ai_plastic_waste_management_training/HDPE Plastic/milk_bottles/HDPEM33.jpg,0,HDPE Plastic,0,HDPE Plastic,0.9817376732826233,0.9817376732826233,0.0006518725422210991,0.01332085020840168,0.003668266348540783,0.0006213657325133681
/Users/aswanathjs/Downloads/test10/ai_plastic_waste_management_training/HDPE Plastic/milk_bottles_grey/HDPEM33.jpg,0,HDPE Plastic,0,HDPE Plastic,0.9446578621864319,0.9446578621864319,0.008911303244531155,0.03151366114616394,0.012631216086447239,0.002285939874127507
"/Users/aswanathjs/Downloads/test10/ai_plastic_waste_management_training/PET Plastic/plastic_bottles/PET1,102.jpg",2,PET Plastic,2,PET Plastic,0.9957292675971985,0.0012443456798791885,0.0007450085249729455,0.9957292675971985,0.0019444876816123724,0.00033685658127069473
/Users/aswanathjs/Downloads/test10/ai_plastic_waste_management_training/PET Plastic/black_white_plastic_bottles/arzcn_jpg.rf.c4661e68ec2e12269599fae5dfd497c6.jpg,2,PET Plastic,2,PET Plastic,0.9218543171882629,0.07392141222953796,0.00030580806196667254,0.9218543171882629,0.0019673770293593407,0.0019510674756020308
/Users/aswanathjs/Downloads/test10/ai_plastic_waste_management_training/PP Plastic/rectangle_containers/0011_a05b00c1d3e0f0g0h1.jpg,3,PP Plastic,3,PP Plastic,0.9885898232460022,0.009027770720422268,7.405719952657819e-05,0.0017604022286832333,0.9885898232460022,0.0005479503888636827
/Users/aswanathjs/Downloads/test10/ai_plastic_waste_management_training/PP Plastic/square_containers/0011_a05b00c1d3e0f0g0h1.jpg,3,PP Plastic,3,PP Plastic,0.9885898232460022,0.009027770720422268,7.405719952657819e-05,0.0017604022286832333,0.9885898232460022,0.0005479503888636827
/Users/aswanathjs/Downloads/test10/ai_plastic_waste_management_training/HDPE Plastic/milk_bottles/HDPEM5.jpg,0,HDPE Plastic,0,HDPE Plastic,0.9732089042663574,0.9732089042663574,0.002214467618614435,0.013154617510735989,0.0035614999942481518,0.007860518991947174
/Users/aswanathjs/Downloads/test10/ai_plastic_waste_management_training/PET Plastic/shampoo_bottles/0050_a05b00c2d1e1f1g0h1.jpg,2,PET Plastic,2,PET Plastic,0.9365434050559998,0.05515936389565468,0.0002544962917454541,0.9365434050559998,0.007054841611534357,0.000987851875834167
/Users/aswanathjs/Downloads/test10/ai_plastic_waste_management_training/PET Plastic/shampoo_bottles/0015_a05b00c1d1e1f1g0h4.jpg,2,PET Plastic,2,PET Plastic,0.9739210605621338,0.012322567403316498,0.00017624348402023315,0.9739210605621338,0.012665834277868271,0.0009142384515143931
/Users/aswanathjs/Downloads/test10/ai_plastic_waste_management_training/LDPE Plastic/bubble_wrap/LDPE-91_jpg.rf.915815c1413d6cdea49535a8432b63b7.jpg,1,LDPE Plastic,1,LDPE Plastic,0.9972913861274719,0.0004603366833180189,0.9972913861274719,0.0004179687821306288,0.0009937394643202424,0.0008364786626771092
/Users/aswanathjs/Downloads/test10/ai_plastic_waste_management_training/LDPE Plastic/bubble_wrap/LDPE-91_jpg.rf.34bb125c36626877982abec0935eb1d2.jpg,1,LDPE Plastic,1,LDPE Plastic,0.9865344762802124,0.0017015502089634538,0.9865344762802124,0.002357893856242299,0.004223374649882317,0.005182748194783926
/Users/aswanathjs/Downloads/test10/ai_plastic_waste_management_training/PP Plastic/irregular_containers/test_PP-6_jpg.rf.e9c7aab583a3e22396ac160a86c7d405.jpg,3,PP Plastic,3,PP Plastic,0.8760830163955688,0.033939339220523834,0.024098273366689682,0.016493944451212883,0.8760830163955688,0.0493854284286499
/Users/aswanathjs/Downloads/test10/ai_plastic_waste_management_training/LDPE Plastic/bubble_wrap_grey/LDPE-77_jpg.rf.d66469f05d460c88c6a1a36949f21e3c.jpg,1,LDPE Plastic,1,LDPE Plastic,0.9776850342750549,0.0029948328156024218,0.9776850342750549,0.003076653927564621,0.009863951243460178,0.006379630416631699
/Users/aswanathjs/Downloads/test10/ai_plastic_waste_management_training/LDPE Plastic/bubble_wrap/LDPE-77_jpg.rf.d66469f05d460c88c6a1a36949f21e3c.jpg,1,LDPE Plastic,1,LDPE Plastic,0.9961821436882019,0.0009107664227485657,0.9961821436882019,0.000610228453297168,0.0007849931134842336,0.001511903596110642
/Users/aswanathjs/Downloads/test10/ai_plastic_waste_management_training/PET Plastic/black_white_plastic_bottles/aypnv_jpg.rf.b4cc678e17903950b162937b75035db4.jpg,2,PET Plastic,2,PET Plastic,0.9996581077575684,5.337776383385062e-05,0.00010077221668325365,0.9996581077575684,0.00012442105798982084,6.32897499599494e-05
/Users/aswanathjs/Downloads/test10/ai_plastic_waste_management_training/PS Plastic/foam_sheets/Plastic_374_jpg.rf.7c9b707893e204933fb8037c1a830167.jpg,4,PS Plastic,4,PS Plastic,0.9817607998847961,0.0050938124768435955,0.00807810015976429,0.0030806357972323895,0.001986713847145438,0.9817607998847961
/Users/aswanathjs/Downloads/test10/ai_plastic_waste_management_training/PS Plastic/form_sheets_grey/Plastic_374_jpg.rf.7c9b707893e204933fb8037c1a830167.jpg,4,PS Plastic,4,PS Plastic,0.9604102373123169,0.01163241732865572,0.017628949135541916,0.005115464795380831,0.005212867166846991,0.9604102373123169
/Users/aswanathjs/Downloads/test10/ai_plastic_waste_management_training/PET Plastic/black_white_plastic_bottles/clxev_jpg.rf.06e5e02bf5366d2d7be3947593572ca2.jpg,2,PET Plastic,2,PET Plastic,0.9999072551727295,3.7203863030299544e-05,1.1752017599064857e-05,0.9999072551727295,2.841040441126097e-05,1.5397141396533698e-05
/Users/aswanathjs/Downloads/test10/ai_plastic_waste_management_training/HDPE Plastic/detergent_bottles/0039_a02b01c1d0e0f1g0h3.jpg,0,HDPE Plastic,0,HDPE Plastic,0.9998094439506531,0.9998094439506531,1.1495562830532435e-05,4.9689329898683354e-05,0.00011128953337902203,1.812150549085345e-05
/Users/aswanathjs/Downloads/test10/ai_plastic_waste_management_training/PS Plastic/foam_sheets/PS-598_jpg.rf.bf94cc5f042d582ff2fb487a57b0adab.jpg,4,PS Plastic,4,PS Plastic,0.9984227418899536,0.0002146319457096979,0.0010097278282046318,0.00010639957326930016,0.000246568612055853,0.9984227418899536
/Users/aswanathjs/Downloads/test10/ai_plastic_waste_management_training/PS Plastic/form_sheets_grey/PS-598_jpg.rf.bf94cc5f042d582ff2fb487a57b0adab.jpg,4,PS Plastic,4,PS Plastic,0.997788667678833,0.00025288324104622006,0.0013126723933964968,0.00020757810852956027,0.00043823005398735404,0.997788667678833
/Users/aswanathjs/Downloads/test10/ai_plastic_waste_management_training/HDPE Plastic/milk_bottles/HDPEM560.JPG,0,HDPE Plastic,0,HDPE Plastic,0.9996761083602905,0.9996761083602905,1.1434422958700452e-05,0.00010603727423585951,7.266481406986713e-05,0.00013367831707000732
/Users/aswanathjs/Downloads/test10/ai_plastic_waste_management_training/LDPE Plastic/plastic_bags/plasticbag (46).jpg,1,LDPE Plastic,1,LDPE Plastic,0.972283124923706,0.00885753333568573,0.972283124923706,0.007941643707454205,0.008552211336791515,0.0023655176628381014
/Users/aswanathjs/Downloads/test10/ai_plastic_waste_management_training/HDPE Plastic/shampoo_bottles/0061_a02b01c2d2e0f1g0h0.jpg,0,HDPE Plastic,0,HDPE Plastic,0.9917339086532593,0.9917339086532593,0.0006213819142431021,0.004553605802357197,0.001611230312846601,0.0014798006741330028
"/Users/aswanathjs/Downloads/test10/ai_plastic_waste_management_training/PET Plastic/plastic_bottles/PET1,288.jpg",2,PET Plastic,2,PET Plastic,0.9999734163284302,1.3990092156745959e-05,5.294477887218818e-07,0.9999734163284302,1.0172370821237564e-05,1.8184459804615472e-06
/Users/aswanathjs/Downloads/test10/ai_plastic_waste_management_training/PET Plastic/black_white_plastic_bottles/bhuzk_jpg.rf.3868bdbb5e5ba127ce9b36e9dfb53e94.jpg,2,PET Plastic,2,PET Plastic,0.9988715052604675,0.0003135969745926559,0.00025534184533171356,0.9988715052604675,0.0004669578338507563,9.256674820790067e-05
/Users/aswanathjs/Downloads/test10/ai_plastic_waste_management_training/LDPE Plastic/plastic_bags/plasticbag (175).jpg,1,LDPE Plastic,1,LDPE Plastic,0.975307047367096,0.00312488479539752,0.975307047367096,0.0036413634661585093,0.013426991179585457,0.004499767441302538
/Users/aswanathjs/Downloads/test10/ai_plastic_waste_management_training/PP Plastic/round_containers/Image_222.png,3,PP Plastic,3,PP Plastic,0.7351455688476562,0.017968706786632538,0.16648699343204498,0.028780387714505196,0.7351455688476562,0.05161828175187111
/Users/aswanathjs/Downloads/test10/ai_plastic_waste_management_training/PS Plastic/foam_containers/Image_222.png,3,PP Plastic,4,PS Plastic,0.3225095868110657,0.08231900632381439,0.2791635990142822,0.009096340276300907,0.306911438703537,0.3225095868110657
/Users/aswanathjs/Downloads/test10/ai_plastic_waste_management_training/HDPE Plastic/milk_bottles/HDPEM379.jpg,0,HDPE Plastic,0,HDPE Plastic,0.9994314312934875,0.9994314312934875,1.3142281204636674e-05,0.0002332908770767972,0.00022550104768015444,9.663705714046955e-05
/Users/aswanathjs/Downloads/test10/ai_plastic_waste_management_training/PS Plastic/foam_sheets/IMG_9382_JPG.rf.2e58780011c7f1823dd651bb9d096a92.jpg,4,PS Plastic,4,PS Plastic,0.9905078411102295,0.0019410852110013366,7.67144956625998e-05,0.007083667907863855,0.00039059133268892765,0.9905078411102295
/Users/aswanathjs/Downloads/test10/ai_plastic_waste_management_training/PS Plastic/foam_sheets/IMG_9382_JPG.rf.0146aab836c2b5929cefcef9bda8795e.jpg,4,PS Plastic,4,PS Plastic,0.9981366395950317,0.0010242006974294782,2.2185855414136313e-05,0.0006538137095049024,0.00016308564227074385,0.9981366395950317
/Users/aswanathjs/Downloads/test10/ai_plastic_waste_management_training/PS Plastic/foam_sheets/IMG_9382_JPG.rf.1bb8c48b13b03520409e0ed2f264feac.jpg,4,PS Plastic,4,PS Plastic,0.9725324511528015,0.009804329834878445,0.00025693210773169994,0.015214291401207447,0.0021919540595263243,0.9725324511528015
/Users/aswanathjs/Downloads/test10/ai_plastic_waste_management_training/PS Plastic/foam_containers/plastic-25-_jpg.rf.ecbfd6ae6049fae35058910b4c667702.jpg,4,PS Plastic,4,PS Plastic,0.9414428472518921,0.005475896410644054,0.015542050823569298,0.0033000127878040075,0.03423922508955002,0.9414428472518921
/Users/aswanathjs/Downloads/test10/ai_plastic_waste_management_training/LDPE Plastic/plastic_bags/LDPE-197_jpg.rf.faf242034ca59e2c49ef45382e1314db.jpg,1,LDPE Plastic,1,LDPE Plastic,0.9967129230499268,0.0007494761375710368,0.9967129230499268,0.0008530088816769421,0.0008390877628698945,0.0008454744820483029
/Users/aswanathjs/Downloads/test10/ai_plastic_waste_management_training/PET Plastic/shampoo_bottles/0080_a05b00c1d1e0f1g0h2.jpg,2,PET Plastic,2,PET Plastic,0.9823780655860901,0.011020124889910221,0.00015557275037281215,0.9823780655860901,0.004364187829196453,0.0020819364581257105
"/Users/aswanathjs/Downloads/test10/ai_plastic_waste_management_training/PET Plastic/plastic_bottles/PET1,716.jpg",2,PET Plastic,2,PET Plastic,0.9395375847816467,0.02866319566965103,0.000404361606342718,0.9395375847816467,0.030456852167844772,0.0009378789109177887
/Users/aswanathjs/Downloads/test10/ai_plastic_waste_management_training/HDPE Plastic/shampoo_bottles/0023_a02b01c2d2e0f1g0h4.jpg,0,HDPE Plastic,0,HDPE Plastic,0.9998217225074768,0.9998217225074768,9.900267059492762e-07,3.365557859069668e-05,0.00012217331095598638,2.1572068362729624e-05
/Users/aswanathjs/Downloads/test10/ai_plastic_waste_management_training/PS Plastic/foam_containers/Image_4.png,4,PS Plastic,4,PS Plastic,0.358756422996521,0.02473999373614788,0.2633083164691925,0.03151516616344452,0.3216800093650818,0.358756422996521
/Users/aswanathjs/Downloads/test10/ai_plastic_waste_management_training/HDPE Plastic/shampoo_bottles/0075_a02b01c2d1e0f0g0h2.jpg,0,HDPE Plastic,0,HDPE Plastic,0.9990496039390564,0.9990496039390564,2.6647592221706873e-06,0.0007597896037623286,0.00016628188313916326,2.1512449166039005e-05
/Users/aswanathjs/Downloads/test10/ai_plastic_waste_management_training/PP Plastic/irregular_containers/train_PP-92_jpg.rf.5f472e8c84612e55a130776ea1494b21.jpg,3,PP Plastic,3,PP Plastic,0.9973011612892151,0.0007747908239252865,0.0008481950499117374,0.0003723797562997788,0.9973011612892151,0.0007035500020720065
/Users/aswanathjs/Downloads/test10/ai_plastic_waste_management_training/HDPE Plastic/milk_bottles/HDPEM70.jpg,0,HDPE Plastic,0,HDPE Plastic,0.9998857975006104,0.9998857975006104,6.302345241238072e-07,6.875692633911967e-05,3.1777341064298525e-05,1.3023510291532148e-05
/Users/aswanathjs/Downloads/test10/ai_plastic_waste_management_training/PP Plastic/round_containers/0035_a06b01c2d3e0f0g0h0.jpg,3,PP Plastic,3,PP Plastic,0.9985514283180237,0.00031021665199659765,0.0003551582631189376,0.0006365969893522561,0.9985514283180237,0.00014655526319984347
/Users/aswanathjs/Downloads/test10/ai_plastic_waste_management_training/LDPE Plastic/plastic_bags/LDPE-335_jpg.rf.c657126f85ac684b8a51d0e9ed4b6549.jpg,1,LDPE Plastic,1,LDPE Plastic,0.9975628852844238,0.00021098351862747222,0.9975628852844238,0.0003670344303827733,0.0009243944077752531,0.0009347086306661367
/Users/aswanathjs/Downloads/test10/ai_plastic_waste_management_training/PET Plastic/black_white_plastic_bottles/btiuz_jpg.rf.6f7fe1fe260cc958a7df41f906ab0952.jpg,2,PET Plastic,2,PET Plastic,0.9885143637657166,0.0012902439339086413,0.007745045702904463,0.9885143637657166,0.0018924003234133124,0.0005579797434620559
/Users/aswanathjs/Downloads/test10/ai_plastic_waste_management_training/HDPE Plastic/shampoo_bottles/0063_a02b01c2d2e0f1g1h4.jpg,0,HDPE Plastic,0,HDPE Plastic,0.9996020197868347,0.9996020197868347,3.963691142416792e-06,0.00033711764262989163,4.1256782424170524e-05,1.5688607163610868e-05
/Users/aswanathjs/Downloads/test10/ai_plastic_waste_management_training/HDPE Plastic/shampoo_bottles/0061_a02b01c2d1e0f1g0h0(1).jpg,0,HDPE Plastic,0,HDPE Plastic,0.999660849571228,0.999660849571228,1.7330627088085748e-05,0.0001810928515624255,6.217662303242832e-05,7.854519208194688e-05
/Users/aswanathjs/Downloads/test10/ai_plastic_waste_management_training/PS Plastic/foam_sheets/PS-681_jpg.rf.db9c77132f01078daabb3d623bcb1404.jpg,4,PS Plastic,4,PS Plastic,0.9455606937408447,0.0063109491020441055,0.0360378697514534,0.004024405963718891,0.008066067472100258,0.9455606937408447
/Users/aswanathjs/Downloads/test10/ai_plastic_waste_management_training/HDPE Plastic/shampoo_bottles/0065_a02b03c1d1e0f1g0h4.jpg,0,HDPE Plastic,0,HDPE Plastic,0.9998138546943665,0.9998138546943665,4.010176780866459e-06,7.456539606209844e-05,6.403787847375497e-05,4.3528256355784833e-05
/Users/aswanathjs/Downloads/test10/ai_plastic_waste_management_training/HDPE Plastic/shampoo_bottles/0061_a02b01c1d1e0f1g0h0.jpg,0,HDPE Plastic,0,HDPE Plastic,0.9998849630355835,0.9998849630355835,4.4214571062184405e-06,6.030493386788294e-05,2.157409289793577e-05,2.870739990612492e-05
/Users/aswanathjs/Downloads/test10/ai_plastic_waste_management_training/HDPE Plastic/shampoo_bottles/0099_a02b01c1d1e0f1g0h2.jpg,0,HDPE Plastic,0,HDPE Plastic,0.9997915625572205,0.9997915625572205,7.40151926947874e-06,9.202686487697065e-05,9.079239680431783e-05,1.818971213651821e-05
/Users/aswanathjs/Downloads/test10/ai_plastic_waste_management_training/PS Plastic/foam_containers/styrofoam-146-_jpg.rf.d36286be5c6faa07b3b08e9d2db1f2e8.jpg,4,PS Plastic,1,LDPE Plastic,0.4472537934780121,0.08598920702934265,0.4472537934780121,0.13034383952617645,0.12375574558973312,0.21265733242034912
/Users/aswanathjs/Downloads/test10/ai_plastic_waste_management_training/PET Plastic/plastic_bottles/PET409.jpg,2,PET Plastic,2,PET Plastic,0.9994086027145386,0.00039439709507860243,1.494833213655511e-05,0.9994086027145386,7.758588617434725e-05,0.0001043806187226437
/Users/aswanathjs/Downloads/test10/ai_plastic_waste_management_training/LDPE Plastic/plastic_bags/LDPE-11_jpg.rf.d94340e9ba81308d1fba7d70f9db0c95.jpg,1,LDPE Plastic,1,LDPE Plastic,0.9970448613166809,0.0005820851656608284,0.9970448613166809,0.0006848308839835227,0.0009248611750081182,0.0007633584318682551
/Users/aswanathjs/Downloads/test10/ai_plastic_waste_management_training/PET Plastic/black_white_plastic_bottles/anqtx_jpg.rf.cbcf255b192a0ba133ddd650f350098b.jpg,2,PET Plastic,2,PET Plastic,0.9996860027313232,0.00012665927351918072,6.072636824683286e-05,0.9996860027313232,9.701297676656395e-05,2.9556487788795494e-05
"/Users/aswanathjs/Downloads/test10/ai_plastic_waste_management_training/PET Plastic/plastic_bottles/PET1,454.jpg",2,PET Plastic,2,PET Plastic,0.9791329503059387,0.008473364636301994,0.00042472005588933825,0.9791329503059387,0.009692606516182423,0.0022763218730688095
/Users/aswanathjs/Downloads/test10/ai_plastic_waste_management_training/PET Plastic/plastic_bottles/PET424.jpg,2,PET Plastic,2,PET Plastic,0.9999474287033081,2.98169870802667e-05,4.201311639917549e-06,0.9999474287033081,1.2126941328460816e-05,6.471626420534449e-06
/Users/aswanathjs/Downloads/test10/ai_plastic_waste_management_training/PET Plastic/plastic_bottles/PET844.jpg,2,PET Plastic,2,PET Plastic,0.9987208247184753,0.0006487318314611912,8.186314516933635e-05,0.9987208247184753,0.00021494267275556922,0.0003335580404382199
/Users/aswanathjs/Downloads/test10/ai_plastic_waste_management_training/PET Plastic/black_white_plastic_bottles/azgkq_jpg.rf.f136cd0c1c88c3fa2b91f3d3506ec860.jpg,2,PET Plastic,2,PET Plastic,0.9998992681503296,7.40430477890186e-05,3.914792614523321e-06,0.9998992681503296,1.1050760804209858e-05,1.1604879546212032e-05
/Users/aswanathjs/Downloads/test10/ai_plastic_waste_management_training/HDPE Plastic/shampoo_bottles/0076_a02b06c1d1e0f1g0h1.jpg,0,HDPE Plastic,0,HDPE Plastic,0.9995794892311096,0.9995794892311096,2.1433997972053476e-05,0.00022030154650565237,0.00014090602053329349,3.784550790442154e-05
/Users/aswanathjs/Downloads/test10/ai_plastic_waste_management_training/PP Plastic/round_containers/IMG_20220209_175549.jpg,3,PP Plastic,3,PP Plastic,0.9815298914909363,0.006040571257472038,0.0018016451504081488,0.006617095321416855,0.9815298914909363,0.004010805860161781
/Users/aswanathjs/Downloads/test10/ai_plastic_waste_management_training/PET Plastic/plastic_bottles/PET743.jpg,2,PET Plastic,2,PET Plastic,0.9996534585952759,0.00024115930136758834,1.868582512543071e-05,0.9996534585952759,4.5279051846591756e-05,4.134063419769518e-05
"/Users/aswanathjs/Downloads/test10/ai_plastic_waste_management_training/PET Plastic/plastic_bottles/PET1,493.jpg",2,PET Plastic,2,PET Plastic,0.9844436645507812,0.00548523711040616,0.0009361929842270911,0.9844436645507812,0.008249699138104916,0.0008851516176946461
/Users/aswanathjs/Downloads/test10/ai_plastic_waste_management_training/LDPE Plastic/bin_bags/Image_28.png,1,LDPE Plastic,1,LDPE Plastic,0.9972003698348999,0.0008153574308380485,0.9972003698348999,0.0005346908001229167,0.0008844322874210775,0.000565105932764709
/Users/aswanathjs/Downloads/test10/ai_plastic_waste_management_training/LDPE Plastic/bin_bags_grey/Image_28.png,1,LDPE Plastic,1,LDPE Plastic,0.9938793182373047,0.0018287618877366185,0.9938793182373047,0.0014773554867133498,0.0015037391567602754,0.0013107649283483624
/Users/aswanathjs/Downloads/test10/ai_plastic_waste_management_training/PP Plastic/square_containers/Image_28.png,1,LDPE Plastic,1,LDPE Plastic,0.47665297985076904,0.06261956691741943,0.47665297985076904,0.020792130380868912,0.3478381633758545,0.09209723025560379
/Users/aswanathjs/Downloads/test10/ai_plastic_waste_management_training/PS Plastic/foam_containers/Image_28.png,1,LDPE Plastic,4,PS Plastic,0.507634699344635,0.05089162662625313,0.25807538628578186,0.015147619880735874,0.16825053095817566,0.507634699344635
/Users/aswanathjs/Downloads/test10/ai_plastic_waste_management_training/PET Plastic/shampoo_bottles/0015_a05b00c2d3e1f1g0h4.jpg,2,PET Plastic,2,PET Plastic,0.906159520149231,0.0005757721955887973,0.00025562604423612356,0.906159520149231,0.09281647205352783,0.00019260366389062256
/Users/aswanathjs/Downloads/test10/ai_plastic_waste_management_training/PP Plastic/round_containers/IMG_20220209_174613.jpg,3,PP Plastic,3,PP Plastic,0.9821303486824036,0.01563900336623192,0.00047415640437975526,0.0006563360802829266,0.9821303486824036,0.0011001015082001686
/Users/aswanathjs/Downloads/test10/ai_plastic_waste_management_training/LDPE Plastic/plastic_bags/plasticbag (175) 17.43.56.jpg,1,LDPE Plastic,1,LDPE Plastic,0.975307047367096,0.00312488479539752,0.975307047367096,0.0036413634661585093,0.013426991179585457,0.004499767441302538
/Users/aswanathjs/Downloads/test10/ai_plastic_waste_management_training/PET Plastic/black_white_plastic_bottles/cygfe_jpg.rf.ad934076b94a97081431c252e4d5cc76.jpg,2,PET Plastic,2,PET Plastic,0.9997642636299133,0.00013335775292944163,1.09463890112238e-05,0.9997642636299133,6.398672121576965e-05,2.7465865059639327e-05
/Users/aswanathjs/Downloads/test10/ai_plastic_waste_management_training/LDPE Plastic/black_white__plastic_bags/0245_jpg.rf.6b385ecc888013fb1365e18bcd46b90c.jpg,1,LDPE Plastic,1,LDPE Plastic,0.9304813146591187,0.03781828284263611,0.9304813146591187,0.00440439535304904,0.01537169236689806,0.011924335733056068
/Users/aswanathjs/Downloads/test10/ai_plastic_waste_management_training/PET Plastic/black_white_plastic_bottles/anywh_jpg.rf.1eaddc19d9ebf4d7e29061e1f31f8ffa.jpg,2,PET Plastic,2,PET Plastic,0.9102784991264343,0.005671614781022072,0.013326484709978104,0.9102784991264343,0.06337699294090271,0.007346280850470066
/Users/aswanathjs/Downloads/test10/ai_plastic_waste_management_training/PP Plastic/square_containers_grey/Image_44.png,3,PP Plastic,3,PP Plastic,0.9574300646781921,0.011624244973063469,0.009606076404452324,0.007632663007825613,0.9574300646781921,0.013707011938095093
/Users/aswanathjs/Downloads/test10/ai_plastic_waste_management_training/PP Plastic/square_containers/Image_44.png,3,PP Plastic,3,PP Plastic,0.9396112561225891,0.012073126621544361,0.017543163150548935,0.005963718052953482,0.9396112561225891,0.024808673188090324
/Users/aswanathjs/Downloads/test10/ai_plastic_waste_management_training/PS Plastic/foam_containers/Image_44.png,3,PP Plastic,3,PP Plastic,0.36570292711257935,0.13384509086608887,0.21409212052822113,0.0547613799571991,0.36570292711257935,0.23159846663475037
/Users/aswanathjs/Downloads/test10/ai_plastic_waste_management_training/LDPE Plastic/black_white__plastic_bags/0201_jpg.rf.b8da2e523f14514e4825c9b6a8543088.jpg,1,LDPE Plastic,1,LDPE Plastic,0.9956743121147156,0.00045546714682132006,0.9956743121147156,0.0014101610286161304,0.0018437494290992618,0.0006162581848911941
/Users/aswanathjs/Downloads/test10/ai_plastic_waste_management_training/PP Plastic/irregular_containers/train_PP-56_jpg.rf.ac7ac497caeb9273fdfab3b6b0401f97.jpg,3,PP Plastic,3,PP Plastic,0.9920479655265808,0.005103982985019684,8.006938151083887e-05,0.0018087159842252731,0.9920479655265808,0.000959280354436487
/Users/aswanathjs/Downloads/test10/ai_plastic_waste_management_training/LDPE Plastic/plastic_bags/P_W (1398).jpg,1,LDPE Plastic,1,LDPE Plastic,0.9842294454574585,0.004523772746324539,0.9842294454574585,0.0023716227151453495,0.004734741989523172,0.004140510689467192
/Users/aswanathjs/Downloads/test10/ai_plastic_waste_management_training/HDPE Plastic/shampoo_bottles/0099_a02b01c1d2e0f1g0h2.jpg,0,HDPE Plastic,0,HDPE Plastic,0.9305359125137329,0.9305359125137329,0.004776407964527607,0.028741536661982536,0.03132716566324234,0.0046190014109015465
/Users/aswanathjs/Downloads/test10/ai_plastic_waste_management_training/LDPE Plastic/bin_bags/Image_141.png,1,LDPE Plastic,1,LDPE Plastic,0.9225224256515503,0.014916014857590199,0.9225224256515503,0.02107805572450161,0.023953167721629143,0.01753038354218006
/Users/aswanathjs/Downloads/test10/ai_plastic_waste_management_training/PP Plastic/square_containers/Image_141.png,1,LDPE Plastic,3,PP Plastic,0.8221112489700317,0.09475144743919373,0.013004872016608715,0.0016021181363612413,0.8221112489700317,0.0685303807258606
/Users/aswanathjs/Downloads/test10/ai_plastic_waste_management_training/PS Plastic/foam_containers/Image_141.png,1,LDPE Plastic,1,LDPE Plastic,0.6178973317146301,0.04138151928782463,0.6178973317146301,0.05908927321434021,0.12340100854635239,0.15823091566562653
/Users/aswanathjs/Downloads/test10/ai_plastic_waste_management_training/HDPE Plastic/detergent_bottles/P_W (396).jpg,0,HDPE Plastic,0,HDPE Plastic,0.9991414546966553,0.9991414546966553,0.0005033827037550509,5.589258944382891e-05,8.04573210189119e-05,0.00021877471590414643
/Users/aswanathjs/Downloads/test10/ai_plastic_waste_management_training/HDPE Plastic/shampoo_bottiles_grey/0076_a02b06c2d0e0f1g0h1.jpg,0,HDPE Plastic,0,HDPE Plastic,0.9877311587333679,0.9877311587333679,0.0003628715639933944,0.007662517949938774,0.0033429041504859924,0.0009006704785861075
/Users/aswanathjs/Downloads/test10/ai_plastic_waste_management_training/HDPE Plastic/shampoo_bottles/0076_a02b06c2d0e0f1g0h1.jpg,0,HDPE Plastic,0,HDPE Plastic,0.998691737651825,0.998691737651825,2.4910492356866598e-05,0.0006671472219750285,0.0005398231442086399,7.627810555277392e-05
/Users/aswanathjs/Downloads/test10/ai_plastic_waste_management_training/HDPE Plastic/milk_bottles/HDPEM42.jpg,0,HDPE Plastic,0,HDPE Plastic,0.9641975164413452,0.9641975164413452,0.002511946251615882,0.010195537470281124,0.013364015147089958,0.009731020778417587
/Users/aswanathjs/Downloads/test10/ai_plastic_waste_management_training/PP Plastic/round_containers/0043_a06b01c2d0e0f0g0h3.jpg,3,PP Plastic,3,PP Plastic,0.9937291145324707,0.005860457196831703,1.9139935830025934e-05,0.0001927996490849182,0.9937291145324707,0.00019845286442432553
/Users/aswanathjs/Downloads/test10/ai_plastic_waste_management_training/PET Plastic/plastic_bottles/PET863.jpg,2,PET Plastic,2,PET Plastic,0.9987190961837769,0.0008479053503833711,0.0001243517326656729,0.9987190961837769,0.00020676004351116717,0.00010193049820372835
/Users/aswanathjs/Downloads/test10/ai_plastic_waste_management_training/PS Plastic/foam_sheets/PS-538_jpg.rf.9ad3c37022cda5929db438f890a2b787.jpg,4,PS Plastic,4,PS Plastic,0.985932469367981,0.0018019248964264989,0.010467126965522766,0.0006022346788085997,0.0011963460128754377,0.985932469367981
/Users/aswanathjs/Downloads/test10/ai_plastic_waste_management_training/LDPE Plastic/black_white__plastic_bags/0216_jpg.rf.428452e42b4a4a1b8f514d007db95fa5.jpg,1,LDPE Plastic,1,LDPE Plastic,0.9795150756835938,0.007909680716693401,0.9795150756835938,0.0017596790567040443,0.0069233388639986515,0.003892248496413231
/Users/aswanathjs/Downloads/test10/ai_plastic_waste_management_training/LDPE Plastic/plastic_bags/plasticbag (8).jpg,1,LDPE Plastic,1,LDPE Plastic,0.9647833704948425,0.011847213841974735,0.9647833704948425,0.0037017089780420065,0.015064212493598461,0.004603515844792128
/Users/aswanathjs/Downloads/test10/ai_plastic_waste_management_training/LDPE Plastic/plastic_bags/LDPE-588_jpg.rf.5fda3c1f4fefc604e5ac9c7a36493c46.jpg,1,LDPE Plastic,1,LDPE Plastic,0.9981845021247864,0.0004578525258693844,0.9981845021247864,0.00020733554265461862,0.000543643836863339,0.0006066457135602832
/Users/aswanathjs/Downloads/test10/ai_plastic_waste_management_training/PP Plastic/round_containers/IMG_20220209_173227.jpg,3,PP Plastic,3,PP Plastic,0.9210325479507446,0.0076700965873897076,0.016930168494582176,0.022499294951558113,0.9210325479507446,0.0318678580224514
/Users/aswanathjs/Downloads/test10/ai_plastic_waste_management_training/HDPE Plastic/detergent_bottles/0098_a02b03c2d3e0f0g0h4.jpg,0,HDPE Plastic,0,HDPE Plastic,0.9991832375526428,0.9991832375526428,6.602436315006344e-06,9.365036930830684e-06,0.00079455750528723,6.24190488451859e-06
/Users/aswanathjs/Downloads/test10/ai_plastic_waste_management_training/PET Plastic/black_white_plastic_bottles/cverp_jpg.rf.81c5757fd377cd072695cd28b9d750e2.jpg,2,PET Plastic,2,PET Plastic,0.9759352803230286,0.0014740333426743746,0.016550172120332718,0.9759352803230286,0.0027802784461528063,0.003260205965489149
/Users/aswanathjs/Downloads/test10/ai_plastic_waste_management_training/LDPE Plastic/black_white__plastic_bags/0008_jpg.rf.97cb17d4ee01eeb1ec782d807c7d07dd.jpg,1,LDPE Plastic,1,LDPE Plastic,0.9977966547012329,0.0003330692125018686,0.9977966547012329,0.0006613589939661324,0.00041068141581490636,0.0007981629460118711
/Users/aswanathjs/Downloads/test10/ai_plastic_waste_management_training/PS Plastic/foam_containers/Image_19.png,4,PS Plastic,1,LDPE Plastic,0.37600409984588623,0.07084555923938751,0.37600409984588623,0.014345296658575535,0.25605306029319763,0.28275203704833984
/Users/aswanathjs/Downloads/test10/ai_plastic_waste_management_training/HDPE Plastic/shampoo_bottles/0077_a02b01c2d3e0f1g0h2.jpg,0,HDPE Plastic,0,HDPE Plastic,0.9909438490867615,0.9909438490867615,4.042016371386126e-05,0.0013862838968634605,0.007451886311173439,0.00017761769413482398
/Users/aswanathjs/Downloads/test10/ai_plastic_waste_management_training/PS Plastic/foam_sheets/PS-642_jpg.rf.ade71b81ca40f75007467391f775e3e8.jpg,4,PS Plastic,4,PS Plastic,0.9970889687538147,0.0003198068297933787,0.001945324009284377,9.406913886778057e-05,0.0005519062397070229,0.9970889687538147
/Users/aswanathjs/Downloads/test10/ai_plastic_waste_management_training/PS Plastic/form_sheets_grey/PS-642_jpg.rf.ade71b81ca40f75007467391f775e3e8.jpg,4,PS Plastic,4,PS Plastic,0.9976748824119568,0.0002625480992719531,0.001485620392486453,8.773610898060724e-05,0.0004891562857665122,0.9976748824119568
/Users/aswanathjs/Downloads/test10/ai_plastic_waste_management_training/LDPE Plastic/plastic_bags/plasticbag (6).png,1,LDPE Plastic,1,LDPE Plastic,0.9727779626846313,0.0064813303761184216,0.9727779626846313,0.0021985974162817,0.010945331305265427,0.007596838288009167
/Users/aswanathjs/Downloads/test10/ai_plastic_waste_management_training/LDPE Plastic/plastic_bags/plasticbag (6).jpg,1,LDPE Plastic,1,LDPE Plastic,0.9962226152420044,0.0015076734125614166,0.9962226152420044,0.0004923324449919164,0.0012167224194854498,0.0005606213235296309
/Users/aswanathjs/Downloads/test10/ai_plastic_waste_management_training/PP Plastic/irregular_containers/train_PP-62_jpg.rf.73c3984ddeaf802c25f616ceb455d96f.jpg,3,PP Plastic,3,PP Plastic,0.9936794638633728,0.004982971586287022,9.736757056089118e-05,0.0007202295237220824,0.9936794638633728,0.0005200195009820163
"/Users/aswanathjs/Downloads/test10/ai_plastic_waste_management_training/HDPE Plastic/milk_bottles/HDPEM1,003.JPG",0,HDPE Plastic,0,HDPE Plastic,0.9974894523620605,0.9974894523620605,1.3403860975813586e-05,0.001966780051589012,0.00021117794676683843,0.0003191411669831723
"/Users/aswanathjs/Downloads/test10/ai_plastic_waste_management_training/PET Plastic/plastic_bottles/PET1,600.jpg",2,PET Plastic,2,PET Plastic,0.9972094893455505,0.0008377051563002169,0.00039848563028499484,0.9972094893455505,0.0007373622502200305,0.0008169422508217394
/Users/aswanathjs/Downloads/test10/ai_plastic_waste_management_training/PS Plastic/foam_containers/0058_a06b01c2d1e0f0g0h4.jpg,4,PS Plastic,4,PS Plastic,0.9984772801399231,0.00047999099479056895,0.00018096902931574732,8.828924910631031e-05,0.0007733835955150425,0.9984772801399231
/Users/aswanathjs/Downloads/test10/ai_plastic_waste_management_training/PS Plastic/foam_containers/styrofoam-110-_jpg.rf.9312d248c97cc89e473e55369b238293.jpg,4,PS Plastic,4,PS Plastic,0.9536077380180359,0.03075869381427765,0.0021677715703845024,0.0008602503221482038,0.012605592608451843,0.9536077380180359
/Users/aswanathjs/Downloads/test10/ai_plastic_waste_management_training/PET Plastic/plastic_bottles/PET363.jpg,2,PET Plastic,2,PET Plastic,0.9938172698020935,0.00041078883805312216,0.0047531770542263985,0.9938172698020935,0.000807526521384716,0.00021114021365065128
/Users/aswanathjs/Downloads/test10/ai_plastic_waste_management_training/PET Plastic/plastic_bottles/PET758.jpg,2,PET Plastic,2,PET Plastic,0.9813219308853149,0.0023021686356514692,0.008530714549124241,0.9813219308853149,0.005219945218414068,0.002625207882374525
/Users/aswanathjs/Downloads/test10/ai_plastic_waste_management_training/HDPE Plastic/shampoo_bottles/0099_a02b01c1d0e0f1g0h2.jpg,0,HDPE Plastic,0,HDPE Plastic,0.999184787273407,0.999184787273407,8.078569408098701e-06,0.0005660590250045061,0.00015409327170345932,8.691901166457683e-05
/Users/aswanathjs/Downloads/test10/ai_plastic_waste_management_training/PET Plastic/black_white_plastic_bottles/dkagu_jpg.rf.8c08b9e76d57b35d31b36d896135f468.jpg,2,PET Plastic,2,PET Plastic,0.9999333620071411,2.6529371098149568e-05,6.385814685927471e-06,0.9999333620071411,2.3593685909872875e-05,1.0076358194055501e-05
/Users/aswanathjs/Downloads/test10/ai_plastic_waste_management_training/PET Plastic/shampoo_bottles/0100_a05b00c1d1e0f0g0h0.jpg,2,PET Plastic,2,PET Plastic,0.9540451765060425,0.0010448448592796922,6.294171907939017e-05,0.9540451765060425,0.04452775791287422,0.00031921916524879634
/Users/aswanathjs/Downloads/test10/ai_plastic_waste_management_training/LDPE Plastic/bin_bags/Image_12.png,1,LDPE Plastic,1,LDPE Plastic,0.9740280508995056,0.009134438820183277,0.9740280508995056,0.00472282012924552,0.007881605997681618,0.004233044572174549
/Users/aswanathjs/Downloads/test10/ai_plastic_waste_management_training/PP Plastic/square_containers_grey/Image_12.png,1,LDPE Plastic,3,PP Plastic,0.6031432151794434,0.022729303687810898,0.2925472557544708,0.01169242151081562,0.6031432151794434,0.06988783925771713
/Users/aswanathjs/Downloads/test10/ai_plastic_waste_management_training/PP Plastic/square_containers/Image_12.png,1,LDPE Plastic,3,PP Plastic,0.47072306275367737,0.02255701646208763,0.3810441792011261,0.011728574521839619,0.47072306275367737,0.11394720524549484
/Users/aswanathjs/Downloads/test10/ai_plastic_waste_management_training/PS Plastic/foam_containers/Image_12.png,1,LDPE Plastic,1,LDPE Plastic,0.3998132348060608,0.10136176645755768,0.3998132348060608,0.01193439494818449,0.2570764720439911,0.2298140823841095
/Users/aswanathjs/Downloads/test10/ai_plastic_waste_management_training/PET Plastic/plastic_bottles/PET435.jpg,2,PET Plastic,2,PET Plastic,0.9995107650756836,0.00019294090452603996,0.0001647354947635904,0.9995107650756836,7.257080142153427e-05,5.898738163523376e-05
/Users/aswanathjs/Downloads/test10/ai_plastic_waste_management_training/LDPE Plastic/black_white__plastic_bags/0094_jpg.rf.f1368390a96451783c2619d0ba111dbe.jpg,1,LDPE Plastic,1,LDPE Plastic,0.9976744055747986,0.0007089955033734441,0.9976744055747986,0.0012087607756257057,0.00019218555826228112,0.00021561110042966902
/Users/aswanathjs/Downloads/test10/ai_plastic_waste_management_training/HDPE Plastic/shampoo_bottles/0076_a02b06c2d0e0f1g0h3.jpg,0,HDPE Plastic,0,HDPE Plastic,0.9955103397369385,0.9955103397369385,7.81696435296908e-05,0.002161474199965596,0.002002745633944869,0.0002471588086336851
/Users/aswanathjs/Downloads/test10/ai_plastic_waste_management_training/PET Plastic/shampoo_bottles/0080_a05b00c2d1e0f1g0h1.jpg,2,PET Plastic,2,PET Plastic,0.9969850182533264,0.0010357832070440054,1.9107581465505064e-05,0.9969850182533264,0.0017672668909654021,0.0001927430130308494
/Users/aswanathjs/Downloads/test10/ai_plastic_waste_management_training/LDPE Plastic/black_white__plastic_bags/0207_jpg.rf.e34252fa7fc7d291a0567faad7c1d274.jpg,1,LDPE Plastic,1,LDPE Plastic,0.9984239339828491,0.00023891922319307923,0.9984239339828491,0.0005134090315550566,0.0003417982370592654,0.0004819195019081235
/Users/aswanathjs/Downloads/test10/ai_plastic_waste_management_training/HDPE Plastic/milk_bottles/HDPEM331.jpg,0,HDPE Plastic,0,HDPE Plastic,0.9989834427833557,0.9989834427833557,8.392084964725655e-06,0.0007117758505046368,0.00019968701235484332,9.670960571384057e-05
/Users/aswanathjs/Downloads/test10/ai_plastic_waste_management_training/PET Plastic/plastic_bottles/PET960.jpg,2,PET Plastic,2,PET Plastic,0.9996342658996582,6.561670306837186e-05,1.506633088865783e-05,0.9996342658996582,0.00024486519396305084,4.0252743929158896e-05
/Users/aswanathjs/Downloads/test10/ai_plastic_waste_management_training/PET Plastic/shampoo_bottles/0100_a05b00c1d1e0f0g0h1.jpg,2,PET Plastic,2,PET Plastic,0.99320387840271,0.00011415372864576057,3.606584505178034e-05,0.99320387840271,0.006539634428918362,0.00010628929157974198
"/Users/aswanathjs/Downloads/test10/ai_plastic_waste_management_training/PET Plastic/plastic_bottles/PET1,451.jpg",2,PET Plastic,2,PET Plastic,0.9987723231315613,0.001102049951441586,8.49412117531756e-06,0.9987723231315613,7.321004522964358e-05,4.3931580876233056e-05
"/Users/aswanathjs/Downloads/test10/ai_plastic_waste_management_training/PET Plastic/plastic_bottles/PET1,616.jpg",2,PET Plastic,2,PET Plastic,0.9991395473480225,7.802803156664595e-05,0.0002780889917630702,0.9991395473480225,0.00038334564305841923,0.00012095756392227486
/Users/aswanathjs/Downloads/test10/ai_plastic_waste_management_training/PS Plastic/foam_sheets/PS-845_jpg.rf.ba559f9b729aa7a658400deabf493207.jpg,4,PS Plastic,4,PS Plastic,0.9999417066574097,4.213834927213611e-06,3.114846913376823e-05,2.8309295885264874e-06,2.007478724408429e-05,0.9999417066574097
"/Users/aswanathjs/Downloads/test10/ai_plastic_waste_management_training/PET Plastic/plastic_bottles/PET1,455.jpg",2,PET Plastic,2,PET Plastic,0.9970386028289795,0.0008262251503765583,9.99608964775689e-05,0.9970386028289795,0.0013665310107171535,0.0006686917622573674
/Users/aswanathjs/Downloads/test10/ai_plastic_waste_management_training/PS Plastic/foam_sheets/PS-820_jpg.rf.a6ea3d2586d430a5e339abbaff6a2d46.jpg,4,PS Plastic,4,PS Plastic,0.9999604225158691,7.98802102508489e-06,2.1944330001133494e-05,2.099906623698189e-06,7.507659574912395e-06,0.9999604225158691
"/Users/aswanathjs/Downloads/test10/ai_plastic_waste_management_training/PET Plastic/plastic_bottles/PET1,672.jpg",2,PET Plastic,2,PET Plastic,0.9995511174201965,5.43286805623211e-05,0.0002826441777870059,0.9995511174201965,8.588354830862954e-05,2.5932053176802583e-05
"/Users/aswanathjs/Downloads/test10/ai_plastic_waste_management_training/PET Plastic/plastic_bottles/PET1,728.jpg",2,PET Plastic,2,PET Plastic,0.9981456995010376,0.0004942695959471166,0.0006164718652144074,0.9981456995010376,0.000557880790438503,0.00018575023568701
/Users/aswanathjs/Downloads/test10/ai_plastic_waste_management_training/HDPE Plastic/milk_bottles/P_W (1037).jpg,0,HDPE Plastic,0,HDPE Plastic,0.9995599389076233,0.9995599389076233,4.846338015340734e-06,3.139641194138676e-05,5.3595314966514707e-05,0.0003503288025967777
/Users/aswanathjs/Downloads/test10/ai_plastic_waste_management_training/PS Plastic/foam_sheets/PS-566_jpg.rf.77dfd3a5d8980d89dcf4055090951cbe.jpg,4,PS Plastic,4,PS Plastic,0.9967365860939026,0.0003086466167587787,0.002306196605786681,0.00015705107944086194,0.0004914228338748217,0.9967365860939026
/Users/aswanathjs/Downloads/test10/ai_plastic_waste_management_training/HDPE Plastic/detergent_bottles/0010_a02b01c2d1e0f1g0h3.jpg,0,HDPE Plastic,0,HDPE Plastic,0.9985976815223694,0.9985976815223694,2.195338311139494e-06,0.001239793375134468,0.0001501121005276218,1.0239562470815144e-05
/Users/aswanathjs/Downloads/test10/ai_plastic_waste_management_training/PET Plastic/black_white_plastic_bottles/dlbka_jpg.rf.d60c28c1a226fc15ca815cd1c65e4956.jpg,2,PET Plastic,2,PET Plastic,0.9951021671295166,0.002285521710291505,0.0008994495146907866,0.9951021671295166,0.0005529559566639364,0.0011598177952691913
"/Users/aswanathjs/Downloads/test10/ai_plastic_waste_management_training/PET Plastic/plastic_bottles/PET1,599.jpg",2,PET Plastic,2,PET Plastic,0.9488896727561951,0.004681467544287443,0.009705092757940292,0.9488896727561951,0.030987126752734184,0.005736685357987881
/Users/aswanathjs/Downloads/test10/ai_plastic_waste_management_training/PET Plastic/plastic_bottles/PET492.jpg,2,PET Plastic,2,PET Plastic,0.9658666849136353,0.030126677826046944,0.0003697722568176687,0.9658666849136353,0.0031934522558003664,0.00044336821883916855
/Users/aswanathjs/Downloads/test10/ai_plastic_waste_management_training/LDPE Plastic/bin_bags/Image_142.png,1,LDPE Plastic,1,LDPE Plastic,0.9779835343360901,0.008204629644751549,0.9779835343360901,0.004132922273129225,0.005821044556796551,0.0038577858358621597
/Users/aswanathjs/Downloads/test10/ai_plastic_waste_management_training/PP Plastic/square_containers/Image_142.png,1,LDPE Plastic,3,PP Plastic,0.46373674273490906,0.061034608632326126,0.26913759112358093,0.03767727315425873,0.46373674273490906,0.16841380298137665
/Users/aswanathjs/Downloads/test10/ai_plastic_waste_management_training/PS Plastic/foam_containers/Image_142.png,1,LDPE Plastic,1,LDPE Plastic,0.42533740401268005,0.22261925041675568,0.42533740401268005,0.046456702053546906,0.19830574095249176,0.10728088021278381
/Users/aswanathjs/Downloads/test10/ai_plastic_waste_management_training/PET Plastic/black_white_plastic_bottles/amuig_jpg.rf.bee9647efb21b19bb3276f9708ff4540.jpg,2,PET Plastic,2,PET Plastic,0.9996052384376526,0.0001480204373365268,0.00021547098003793508,0.9996052384376526,1.860341762949247e-05,1.2702565982181113e-05
/Users/aswanathjs/Downloads/test10/ai_plastic_waste_management_training/LDPE Plastic/plastic_bags/plasticbag (82).jpg,1,LDPE Plastic,1,LDPE Plastic,0.9966058731079102,0.0004617936792783439,0.9966058731079102,0.0004667728499043733,0.0019231908954679966,0.0005423033726401627
/Users/aswanathjs/Downloads/test10/ai_plastic_waste_management_training/PS Plastic/foam_sheets/PS-834_jpg.rf.bcbbff023961e64bb814b60b8bb20850.jpg,4,PS Plastic,4,PS Plastic,0.999907374382019,8.591985533712432e-06,4.7774676204426214e-05,7.651613486814313e-06,2.8643011319218203e-05,0.999907374382019
/Users/aswanathjs/Downloads/test10/ai_plastic_waste_management_training/PET Plastic/plastic_bottles/PET478.jpg,2,PET Plastic,2,PET Plastic,0.9997039437294006,0.0002406875864835456,8.35848186397925e-06,0.9997039437294006,3.392327926121652e-05,1.3015008335059974e-05
/Users/aswanathjs/Downloads/test10/ai_plastic_waste_management_training/PS Plastic/foam_containers/styrofoam-124-_jpg.rf.18f3ee8b1d383f6b1915cd5d96a56d9a.jpg,4,PS Plastic,4,PS Plastic,0.9353456497192383,0.04107041284441948,0.0020428108982741833,0.011003865860402584,0.010537299327552319,0.9353456497192383
"/Users/aswanathjs/Downloads/test10/ai_plastic_waste_management_training/PET Plastic/plastic_bottles/PET1,322.jpg",2,PET Plastic,2,PET Plastic,0.9951404333114624,0.0026721099857240915,0.0001985206617973745,0.9951404333114624,0.0006851294892840087,0.0013037704629823565
/Users/aswanathjs/Downloads/test10/ai_plastic_waste_management_training/PS Plastic/foam_sheets/PS-812_jpg.rf.e510582f79605a4beeefdf035876a97d.jpg,4,PS Plastic,4,PS Plastic,0.9998852014541626,1.4126057067187503e-05,4.113126851734705e-05,3.159935658914037e-05,2.793525709421374e-05,0.9998852014541626
/Users/aswanathjs/Downloads/test10/ai_plastic_waste_management_training/PET Plastic/plastic_bottles/PET449.jpg,2,PET Plastic,2,PET Plastic,0.9996427297592163,0.0001096291744033806,0.00013860171020496637,0.9996427297592163,8.390918810619041e-05,2.5110968635999598e-05
/Users/aswanathjs/Downloads/test10/ai_plastic_waste_management_training/LDPE Plastic/plastic_bags/plasticbag (93).jpg,1,LDPE Plastic,1,LDPE Plastic,0.9742811918258667,0.004543649032711983,0.9742811918258667,0.005369905382394791,0.011955449357628822,0.0038498174399137497
"/Users/aswanathjs/Downloads/test10/ai_plastic_waste_management_training/PET Plastic/plastic_bottles/PET1,503.jpg",2,PET Plastic,2,PET Plastic,0.9821848273277283,0.014644176699221134,0.0005041331751272082,0.9821848273277283,0.0015288167633116245,0.001138061285018921
/Users/aswanathjs/Downloads/test10/ai_plastic_waste_management_training/PS Plastic/form_containers_grey/0058_a06b01c1d0e0f0g0h3.jpg,4,PS Plastic,4,PS Plastic,0.9974592328071594,4.0611066651763394e-05,1.8575607100501657e-05,1.3190583558753133e-05,0.0024684027303010225,0.9974592328071594
/Users/aswanathjs/Downloads/test10/ai_plastic_waste_management_training/PS Plastic/foam_containers/0058_a06b01c1d0e0f0g0h3.jpg,4,PS Plastic,4,PS Plastic,0.9995458722114563,1.0495441529201344e-05,1.1230763448111247e-05,5.036714355810545e-06,0.0004274112870916724,0.9995458722114563
/Users/aswanathjs/Downloads/test10/ai_plastic_waste_management_training/HDPE Plastic/milk_bottles/HDPEM111.jpg,0,HDPE Plastic,0,HDPE Plastic,0.999915361404419,0.999915361404419,1.7308993847109377e-06,2.694211434572935e-05,3.2852542062755674e-05,2.3119169782148674e-05
/Users/aswanathjs/Downloads/test10/ai_plastic_waste_management_training/LDPE Plastic/plastic_bags/plasticbag (196) 17.43.56.jpg,1,LDPE Plastic,1,LDPE Plastic,0.8592828512191772,0.0032508738804608583,0.8592828512191772,0.0036301533691585064,0.12039311975240707,0.013443026691675186
/Users/aswanathjs/Downloads/test10/ai_plastic_waste_management_training/PET Plastic/black_white_plastic_bottles/dfkjq_jpg.rf.6e651ecdd8fe3a76179812411de22e9d.jpg,2,PET Plastic,2,PET Plastic,0.9997863173484802,6.924523040652275e-05,3.855018803733401e-05,0.9997863173484802,6.498216680483893e-05,4.085379623575136e-05
/Users/aswanathjs/Downloads/test10/ai_plastic_waste_management_training/PET Plastic/shampoo_bottles/IMG_20220209_182849.jpg,2,PET Plastic,0,HDPE Plastic,0.6980484127998352,0.6980484127998352,0.010537627153098583,0.25358346104621887,0.02889641374349594,0.00893406756222248
/Users/aswanathjs/Downloads/test10/ai_plastic_waste_management_training/PP Plastic/square_containers/IMG_20220209_173152.jpg,3,PP Plastic,3,PP Plastic,0.8440931439399719,0.11401066184043884,0.004458451643586159,0.028272593393921852,0.8440931439399719,0.009165182709693909
/Users/aswanathjs/Downloads/test10/ai_plastic_waste_management_training/PET Plastic/black_white_plastic_bottles/alnpj_jpg.rf.c7284636cf60fe3b3fb0e9a49cef2ab8.jpg,2,PET Plastic,2,PET Plastic,0.9999361038208008,2.7214806323172525e-05,3.4769698231684742e-06,0.9999361038208008,2.491027225914877e-05,8.267341399914585e-06
/Users/aswanathjs/Downloads/test10/ai_plastic_waste_management_training/PET Plastic/black_white_plastic_bottles/anhes_jpg.rf.c3b9effe704965c126e4d31a6b45f3e5.jpg,2,PET Plastic,2,PET Plastic,0.9998719692230225,2.795204818539787e-05,1.4922638001735322e-05,0.9998719692230225,4.9282734835287556e-05,3.586076127248816e-05
"/Users/aswanathjs/Downloads/test10/ai_plastic_waste_management_training/PET Plastic/plastic_bottles/PET1,305.jpg",2,PET Plastic,2,PET Plastic,0.9914721846580505,0.002614680677652359,0.0004883543588221073,0.9914721846580505,0.004675723612308502,0.0007490853313356638
/Users/aswanathjs/Downloads/test10/ai_plastic_waste_management_training/PET Plastic/plastic_bottles/PET436.jpg,2,PET Plastic,2,PET Plastic,0.9982022047042847,0.0006197152542881668,0.0004930993891321123,0.9982022047042847,0.00048043709830380976,0.00020459479128476232
/Users/aswanathjs/Downloads/test10/ai_plastic_waste_management_training/PET Plastic/plastic_bottles/PET391.jpg,2,PET Plastic,2,PET Plastic,0.9996480941772461,0.00027094114921055734,2.743941195149091e-06,0.9996480941772461,5.382737799664028e-05,2.439195850456599e-05
/Users/aswanathjs/Downloads/test10/ai_plastic_waste_management_training/HDPE Plastic/detergent_bottles/0010_a02b01c1d1e0f1g0h1.jpg,0,HDPE Plastic,0,HDPE Plastic,0.9983447790145874,0.9983447790145874,3.188072150805965e-05,0.0007105536642484367,0.0007391446270048618,0.0001736545527819544
/Users/aswanathjs/Downloads/test10/ai_plastic_waste_management_training/PET Plastic/black_white_plastic_bottles/aixpd_jpg.rf.65705a0e6f8eae8b80e3623ef226391b.jpg,2,PET Plastic,2,PET Plastic,0.9831595420837402,0.0015977347502484918,0.008586634881794453,0.9831595420837402,0.0054395766928792,0.0012164694489911199
/Users/aswanathjs/Downloads/test10/ai_plastic_waste_management_training/LDPE Plastic/plastic_bags/train_LDPE-78_jpg.rf.36e54212f7c07bb9c19a99a7ea7e76ad.jpg,1,LDPE Plastic,1,LDPE Plastic,0.9852112531661987,0.0031713733915239573,0.9852112531661987,0.003932792693376541,0.0030179142486304045,0.0046666632406413555
/Users/aswanathjs/Downloads/test10/ai_plastic_waste_management_training/PET Plastic/black_white_plastic_bottles/bzxcs_jpg.rf.117168966aaafafdebec9e40ab50662c.jpg,2,PET Plastic,2,PET Plastic,0.9976609945297241,0.0012537180446088314,0.0003702786343637854,0.9976609945297241,0.000607567373663187,0.00010740362631622702
/Users/aswanathjs/Downloads/test10/ai_plastic_waste_management_training/HDPE Plastic/shampoo_bottles/0077_a02b01c1d2e0f1g0h0.jpg,0,HDPE Plastic,0,HDPE Plastic,0.9869595170021057,0.9869595170021057,6.60597943351604e-05,0.002480005379766226,0.01005004532635212,0.0004443878133315593
/Users/aswanathjs/Downloads/test10/ai_plastic_waste_management_training/PS Plastic/foam_containers/0058_a06b01c2d0e0f0g0h4.jpg,4,PS Plastic,4,PS Plastic,0.9996836185455322,1.1704687494784594e-05,4.549355071503669e-05,3.406309042475186e-05,0.00022516098397318274,0.9996836185455322
/Users/aswanathjs/Downloads/test10/ai_plastic_waste_management_training/PP Plastic/irregular_containers/train_PP-57_jpg.rf.6501caafdc2c74dc664e5f85a2089bd9.jpg,3,PP Plastic,3,PP Plastic,0.9965950846672058,0.000990424887277186,7.314561662496999e-05,0.0012965406058356166,0.9965950846672058,0.0010447881650179625
/Users/aswanathjs/Downloads/test10/ai_plastic_waste_management_training/HDPE Plastic/milk_bottles/HDPEM6.jpg,0,HDPE Plastic,0,HDPE Plastic,0.997588038444519,0.997588038444519,4.688745684688911e-05,0.0020348376128822565,8.060450636548921e-05,0.0002496036177035421
/Users/aswanathjs/Downloads/test10/ai_plastic_waste_management_training/HDPE Plastic/milk_bottles_grey/HDPEM6.jpg,0,HDPE Plastic,0,HDPE Plastic,0.9923741221427917,0.9923741221427917,0.0003289713349658996,0.005296510644257069,0.0004712445370387286,0.0015291107119992375
/Users/aswanathjs/Downloads/test10/ai_plastic_waste_management_training/HDPE Plastic/shampoo_bottles/0061_a02b01c2d3e0f1g0h3.jpg,0,HDPE Plastic,0,HDPE Plastic,0.9977205395698547,0.9977205395698547,1.1599542631302029e-05,0.001587063423357904,0.0005387021810747683,0.00014196702977642417
/Users/aswanathjs/Downloads/test10/ai_plastic_waste_management_training/HDPE Plastic/milk_bottles/HDPEM249.jpg,0,HDPE Plastic,0,HDPE Plastic,0.9999786615371704,0.9999786615371704,6.118965245605068e-08,1.159251496574143e-05,7.965344593685586e-06,1.7801025933295023e-06
/Users/aswanathjs/Downloads/test10/ai_plastic_waste_management_training/PET Plastic/black_white_plastic_bottles/bmhoi_jpg.rf.3bfe369baadbbbae82d8cdf2ffeeea92.jpg,2,PET Plastic,2,PET Plastic,0.9937469959259033,0.0014966269955039024,0.003653051098808646,0.9937469959259033,0.001031461521051824,7.187609298853204e-05
"/Users/aswanathjs/Downloads/test10/ai_plastic_waste_management_training/PET Plastic/plastic_bottles/PET1,522.jpg",2,PET Plastic,2,PET Plastic,0.7832701802253723,0.04207945615053177,0.0817410871386528,0.7832701802253723,0.05800376087427139,0.03490550071001053
/Users/aswanathjs/Downloads/test10/ai_plastic_waste_management_training/LDPE Plastic/plastic_bags/plasticbag (13).jpg,1,LDPE Plastic,1,LDPE Plastic,0.8588010668754578,0.026265127584338188,0.8588010668754578,0.021274369210004807,0.07276483625173569,0.020894672721624374
/Users/aswanathjs/Downloads/test10/ai_plastic_waste_management_training/PET Plastic/shampoo_bottles/0015_a05b00c2d2e1f1g0h4.jpg,2,PET Plastic,2,PET Plastic,0.7315830588340759,0.01486253459006548,0.0002582188171800226,0.7315830588340759,0.2529982328414917,0.0002979956043418497
/Users/aswanathjs/Downloads/test10/ai_plastic_waste_management_training/HDPE Plastic/detergent_bottles/IMG_20220209_182742.jpg,0,HDPE Plastic,0,HDPE Plastic,0.7651076912879944,0.7651076912879944,0.009199880994856358,0.1948310285806656,0.021045004948973656,0.009816369973123074
/Users/aswanathjs/Downloads/test10/ai_plastic_waste_management_training/PP Plastic/round_containers/IMG_20220209_173232.jpg,3,PP Plastic,3,PP Plastic,0.9385429620742798,0.020113708451390266,0.005600629840046167,0.028812160715460777,0.9385429620742798,0.006930495612323284
/Users/aswanathjs/Downloads/test10/ai_plastic_waste_management_training/PET Plastic/black_white_plastic_bottles/dbtzq_jpg.rf.aa9447335486de27a9c52d8fc3b3b1a1.jpg,2,PET Plastic,2,PET Plastic,0.9997633099555969,3.878020288539119e-05,0.00010401405597804114,0.9997633099555969,7.282738806679845e-05,2.1069394279038534e-05
/Users/aswanathjs/Downloads/test10/ai_plastic_waste_management_training/PP Plastic/round_containers/0035_a06b01c2d0e0f0g0h4.jpg,3,PP Plastic,3,PP Plastic,0.9994968175888062,0.00014665497292298824,6.996387674007565e-05,6.328714516712353e-05,0.9994968175888062,0.00022331888612825423
/Users/aswanathjs/Downloads/test10/ai_plastic_waste_management_training/PET Plastic/black_white_plastic_bottles/bjmal_jpg.rf.86e1cf3a75a737e48728f41344f3df09.jpg,2,PET Plastic,2,PET Plastic,0.9855014681816101,0.002530511002987623,0.002787072444334626,0.9855014681816101,0.005421495530754328,0.0037594810128211975
"/Users/aswanathjs/Downloads/test10/ai_plastic_waste_management_training/PET Plastic/plastic_bottles/PET1,354.jpg",2,PET Plastic,2,PET Plastic,0.9991645812988281,0.000690315559040755,3.0403487016883446e-06,0.9991645812988281,0.0001089786528609693,3.3186694054165855e-05
/Users/aswanathjs/Downloads/test10/ai_plastic_waste_management_training/LDPE Plastic/plastic_bags_grey/LDPE-58_jpg.rf.71f48fe653acbed28b643dc0999fd4ae.jpg,1,LDPE Plastic,1,LDPE Plastic,0.9989763498306274,0.00042958176345564425,0.9989763498306274,8.356833859579638e-05,0.00030325085390359163,0.0002073809300782159
/Users/aswanathjs/Downloads/test10/ai_plastic_waste_management_training/LDPE Plastic/plastic_bags/LDPE-58_jpg.rf.71f48fe653acbed28b643dc0999fd4ae.jpg,1,LDPE Plastic,1,LDPE Plastic,0.9981203675270081,0.0010785255581140518,0.9981203675270081,0.00011020338570233434,0.00032584465225227177,0.00036493915831670165
/Users/aswanathjs/Downloads/test10/ai_plastic_waste_management_training/LDPE Plastic/plastic_bags/LDPE-58_jpg.rf.3debb673d4b1e836928219fe3a35138a.jpg,1,LDPE Plastic,1,LDPE Plastic,0.9981204867362976,0.00043314939830452204,0.9981204867362976,0.0002959626726806164,0.0005440661334432662,0.000606297398917377
/Users/aswanathjs/Downloads/test10/ai_plastic_waste_management_training/LDPE Plastic/plastic_bags/plasticbag (147).jpg,1,LDPE Plastic,1,LDPE Plastic,0.9968134760856628,0.0007832502597011626,0.9968134760856628,0.0009645725949667394,0.0007739737629890442,0.0006647512782365084
/Users/aswanathjs/Downloads/test10/ai_plastic_waste_management_training/HDPE Plastic/milk_bottles/HDPEM29.jpg,0,HDPE Plastic,0,HDPE Plastic,0.9992708563804626,0.9992708563804626,0.00018858873227145523,0.00010851697879843414,0.0003150890115648508,0.00011698477464960888
/Users/aswanathjs/Downloads/test10/ai_plastic_waste_management_training/PP Plastic/square_containers/Image_173.png,3,PP Plastic,3,PP Plastic,0.731717050075531,0.0411858893930912,0.1257554441690445,0.01927627995610237,0.731717050075531,0.08206530660390854
/Users/aswanathjs/Downloads/test10/ai_plastic_waste_management_training/PS Plastic/foam_containers/Image_173.png,3,PP Plastic,3,PP Plastic,0.5062946081161499,0.1338242143392563,0.13127775490283966,0.05900486558675766,0.5062946081161499,0.16959865391254425
/Users/aswanathjs/Downloads/test10/ai_plastic_waste_management_training/PS Plastic/foam_containers/styrofoam-117-_jpg.rf.ffe9f7fff56df44f314626ab7661d6d6.jpg,4,PS Plastic,4,PS Plastic,0.9969050288200378,0.0004969831206835806,0.00038464742829091847,0.0002644331252668053,0.0019488607067614794,0.9969050288200378
/Users/aswanathjs/Downloads/test10/ai_plastic_waste_management_training/HDPE Plastic/shampoo_bottles/0065_a02b03c2d1e0f1g0h2.jpg,0,HDPE Plastic,0,HDPE Plastic,0.9978546500205994,0.9978546500205994,3.6637629818869755e-05,0.0008396829362027347,0.0009070789674296975,0.00036192958941683173
/Users/aswanathjs/Downloads/test10/ai_plastic_waste_management_training/PET Plastic/black_white_plastic_bottles/beykw_jpg.rf.d4f8d5cb56ef7fcf8175803ed1bcb603.jpg,2,PET Plastic,2,PET Plastic,0.9939621090888977,0.0009020768920890987,0.0030765158589929342,0.9939621090888977,0.001502079889178276,0.0005572771187871695
/Users/aswanathjs/Downloads/test10/ai_plastic_waste_management_training/HDPE Plastic/milk_bottles/HDPEM466.jpg,0,HDPE Plastic,0,HDPE Plastic,0.9967734217643738,0.9967734217643738,7.533501775469631e-05,0.0018371130572631955,0.0011238552397117019,0.00019023650384042412
/Users/aswanathjs/Downloads/test10/ai_plastic_waste_management_training/LDPE Plastic/plastic_bags_grey/LDPE-50_jpg.rf.d966517407e941fa99dbd47e58adedc7.jpg,1,LDPE Plastic,1,LDPE Plastic,0.998185932636261,0.0006121578044258058,0.998185932636261,0.0003621039795689285,0.0005327966646291316,0.0003069940721616149
/Users/aswanathjs/Downloads/test10/ai_plastic_waste_management_training/LDPE Plastic/plastic_bags/LDPE-50_jpg.rf.d966517407e941fa99dbd47e58adedc7.jpg,1,LDPE Plastic,1,LDPE Plastic,0.9990341663360596,0.0004661852726712823,0.9990341663360596,7.363534678006545e-05,0.00022502115461975336,0.00020104240684304386
/Users/aswanathjs/Downloads/test10/ai_plastic_waste_management_training/PET Plastic/shampoo_bottles/0080_a05b00c2d1e0f1g0h2.jpg,2,PET Plastic,2,PET Plastic,0.7487410306930542,0.2381480187177658,0.0005985744064673781,0.7487410306930542,0.00422277208417654,0.008289588615298271
/Users/aswanathjs/Downloads/test10/ai_plastic_waste_management_training/PP Plastic/irregular_containers/train_PP-96_jpg.rf.aec6ca49fecc115cc5090ef8493e58a5.jpg,3,PP Plastic,3,PP Plastic,0.850034773349762,0.032668162137269974,0.024815039709210396,0.04516091197729111,0.850034773349762,0.04732118919491768
/Users/aswanathjs/Downloads/test10/ai_plastic_waste_management_training/PET Plastic/plastic_bottles/PET403.jpg,2,PET Plastic,2,PET Plastic,0.9998674392700195,6.743641279172152e-05,2.8629617645492544e-06,0.9998674392700195,4.1633313230704516e-05,2.065106491500046e-05
/Users/aswanathjs/Downloads/test10/ai_plastic_waste_management_training/LDPE Plastic/plastic_bags/train_LDPE-0_jpg.rf.b47a37b99b1bc5be1b759c3acffb6a48.jpg,1,LDPE Plastic,1,LDPE Plastic,0.9976547956466675,0.0006935253622941673,0.9976547956466675,0.0003422193112783134,0.0005613361718133092,0.0007481325301341712
/Users/aswanathjs/Downloads/test10/ai_plastic_waste_management_training/LDPE Plastic/black_white__plastic_bags/0048_jpg.rf.dd762cfb071cfab4175d95abfb0da0a8.jpg,1,LDPE Plastic,1,LDPE Plastic,0.9973856806755066,0.0005946718738414347,0.9973856806755066,0.0012920427834615111,0.00031836688867770135,0.00040920928586274385
/Users/aswanathjs/Downloads/test10/ai_plastic_waste_management_training/PET Plastic/black_white_plastic_bottles/drmax_jpg.rf.84350c376fa54b0e21cdf7a2440b6c2c.jpg,2,PET Plastic,2,PET Plastic,0.9922181367874146,0.000961656216531992,0.0036998046562075615,0.9922181367874146,0.00179290643427521,0.0013274115044623613
/Users/aswanathjs/Downloads/test10/ai_plastic_waste_management_training/LDPE Plastic/black_white__plastic_bags/0169_jpg.rf.065339a4103cd68696b6a27a26715130.jpg,1,LDPE Plastic,1,LDPE Plastic,0.998242974281311,0.0004118030483368784,0.998242974281311,0.00010365263733547181,0.0009139195317402482,0.00032770316465757787
/Users/aswanathjs/Downloads/test10/ai_plastic_waste_management_training/PET Plastic/shampoo_bottles/0050_a05b00c2d2e1f1g0h2.jpg,2,PET Plastic,2,PET Plastic,0.9706950783729553,0.008455093950033188,0.004861391615122557,0.9706950783729553,0.011533819139003754,0.004454683978110552
/Users/aswanathjs/Downloads/test10/ai_plastic_waste_management_training/PS Plastic/foam_sheets/PS-723_jpg.rf.1d002cf09c96407465d3bc4dd934b736.jpg,4,PS Plastic,4,PS Plastic,0.9921355247497559,0.0007329045911319554,0.002892632270231843,0.0013096148613840342,0.002929241396486759,0.9921355247497559
/Users/aswanathjs/Downloads/test10/ai_plastic_waste_management_training/PP Plastic/round_containers/0095_a05b01c2d3e0f0g0h0.jpg,3,PP Plastic,3,PP Plastic,0.6480141282081604,0.34427326917648315,0.0009052489185705781,0.003038172610104084,0.6480141282081604,0.003769082250073552
/Users/aswanathjs/Downloads/test10/ai_plastic_waste_management_training/PS Plastic/foam_sheets/IMG_9356_JPG.rf.449d68e1e60fb945166a31c55a885523.jpg,4,PS Plastic,4,PS Plastic,0.9962285757064819,0.002455278532579541,5.986095129628666e-05,0.0010092855663970113,0.0002469774044584483,0.9962285757064819
/Users/aswanathjs/Downloads/test10/ai_plastic_waste_management_training/PS Plastic/foam_sheets/IMG_9356_JPG.rf.c2efeb00e1e594b919446d1f81862b49.jpg,4,PS Plastic,4,PS Plastic,0.9854076504707336,0.011519888415932655,0.00011444801202742383,0.002660563215613365,0.0002973979280795902,0.9854076504707336
/Users/aswanathjs/Downloads/test10/ai_plastic_waste_management_training/PS Plastic/foam_sheets/IMG_9356_JPG.rf.d270e574363b08104a6b10f261779a2c.jpg,4,PS Plastic,4,PS Plastic,0.9937472343444824,0.0022069907281547785,0.00014327748795039952,0.0034876784775406122,0.00041478651110082865,0.9937472343444824
/Users/aswanathjs/Downloads/test10/ai_plastic_waste_management_training/LDPE Plastic/bin_bags/Image_113.png,1,LDPE Plastic,1,LDPE Plastic,0.9638382196426392,0.006581197027117014,0.9638382196426392,0.009047255851328373,0.012930171564221382,0.007603042759001255
/Users/aswanathjs/Downloads/test10/ai_plastic_waste_management_training/PP Plastic/square_containers/Image_113.png,1,LDPE Plastic,1,LDPE Plastic,0.47402676939964294,0.037089377641677856,0.47402676939964294,0.018110161647200584,0.24661381542682648,0.22415988147258759
/Users/aswanathjs/Downloads/test10/ai_plastic_waste_management_training/PS Plastic/form_containers_grey/Image_113.png,1,LDPE Plastic,1,LDPE Plastic,0.3845217227935791,0.19209691882133484,0.3845217227935791,0.041279036551713943,0.13679347932338715,0.24530890583992004
/Users/aswanathjs/Downloads/test10/ai_plastic_waste_management_training/PS Plastic/foam_containers/Image_113.png,1,LDPE Plastic,4,PS Plastic,0.37538963556289673,0.17698533833026886,0.30919066071510315,0.035719599574804306,0.10271473228931427,0.37538963556289673
/Users/aswanathjs/Downloads/test10/ai_plastic_waste_management_training/PET Plastic/shampoo_bottles/0100_a05b00c1d0e0f0g0h0.jpg,2,PET Plastic,2,PET Plastic,0.9986684322357178,0.0002611904637888074,5.120321930007776e-06,0.9986684322357178,0.0009738929802551866,9.131944534601644e-05
/Users/aswanathjs/Downloads/test10/ai_plastic_waste_management_training/HDPE Plastic/shampoo_bottles/0061_a02b01c2d0e0f1g0h2.jpg,0,HDPE Plastic,0,HDPE Plastic,0.9895539283752441,0.9895539283752441,0.0002992947993334383,0.003329094499349594,0.005286780651658773,0.001530886860564351
/Users/aswanathjs/Downloads/test10/ai_plastic_waste_management_training/PS Plastic/foam_sheets/PS-760_jpg.rf.482c5a6e014a9373db7547fe30aa4f5e.jpg,4,PS Plastic,4,PS Plastic,0.9991069436073303,0.00024059937277343124,0.00024147678050212562,0.00014219833246897906,0.00026872867601923645,0.9991069436073303
/Users/aswanathjs/Downloads/test10/ai_plastic_waste_management_training/PET Plastic/shampoo_bottles/0100_a05b00c1d1e0f0g0h2.jpg,2,PET Plastic,2,PET Plastic,0.9990935325622559,2.3812908693798818e-05,4.128210639464669e-05,0.9990935325622559,0.0007957950001582503,4.5649307139683515e-05
/Users/aswanathjs/Downloads/test10/ai_plastic_waste_management_training/PET Plastic/plastic_bottles/PET442.jpg,2,PET Plastic,2,PET Plastic,0.9997387528419495,0.0001255274110008031,4.443519719643518e-05,0.9997387528419495,6.180669879540801e-05,2.95205809379695e-05
/Users/aswanathjs/Downloads/test10/ai_plastic_waste_management_training/HDPE Plastic/detergent_bottles/0039_a02b01c2d3e0f1g0h1.jpg,0,HDPE Plastic,0,HDPE Plastic,0.9970243573188782,0.9970243573188782,0.00016673494246788323,0.00044695325777865946,0.002294962527230382,6.692248280160129e-05
/Users/aswanathjs/Downloads/test10/ai_plastic_waste_management_training/LDPE Plastic/plastic_bags/plasticbag (180).jpg,1,LDPE Plastic,1,LDPE Plastic,0.9945893287658691,0.001578507712110877,0.9945893287658691,0.0005410971934907138,0.0029050330631434917,0.0003860639699269086
/Users/aswanathjs/Downloads/test10/ai_plastic_waste_management_training/LDPE Plastic/plastic_bags/P_W (1392).jpg,1,LDPE Plastic,1,LDPE Plastic,0.985783576965332,0.004572878126055002,0.985783576965332,0.0017518304521217942,0.004186417907476425,0.0037053104024380445
/Users/aswanathjs/Downloads/test10/ai_plastic_waste_management_training/PET Plastic/shampoo_bottles/0015_a05b00c1d0e1f1g0h3.jpg,2,PET Plastic,2,PET Plastic,0.8214649558067322,0.05206958204507828,0.010837061330676079,0.8214649558067322,0.10466749966144562,0.010960905812680721
/Users/aswanathjs/Downloads/test10/ai_plastic_waste_management_training/LDPE Plastic/black_white__plastic_bags/0103_jpg.rf.4d437349b94708d7e37a79fca80dc4c5.jpg,1,LDPE Plastic,1,LDPE Plastic,0.9909650087356567,0.0019677835516631603,0.9909650087356567,0.002198863076046109,0.002096315613016486,0.002772021573036909
/Users/aswanathjs/Downloads/test10/ai_plastic_waste_management_training/LDPE Plastic/plastic_bags/LDPE-323_jpg.rf.375792d9fe526a399377f29d46bcf119.jpg,1,LDPE Plastic,1,LDPE Plastic,0.9971933960914612,0.0002528063487261534,0.9971933960914612,0.0005272807902656496,0.001046953839249909,0.000979626434855163
/Users/aswanathjs/Downloads/test10/ai_plastic_waste_management_training/HDPE Plastic/detergent_bottles/IMG_20220209_182129.jpg,0,HDPE Plastic,0,HDPE Plastic,0.7537065744400024,0.7537065744400024,0.00045429999590851367,0.17909137904644012,0.062096696346998215,0.0046510957181453705
/Users/aswanathjs/Downloads/test10/ai_plastic_waste_management_training/PET Plastic/plastic_bottles/PET989.jpg,2,PET Plastic,2,PET Plastic,0.9999327659606934,5.26944495504722e-05,5.334018624125747e-06,0.9999327659606934,5.653448170050979e-06,3.516776132528321e-06
/Users/aswanathjs/Downloads/test10/ai_plastic_waste_management_training/HDPE Plastic/milk_bottles/HDPEM81.jpg,0,HDPE Plastic,0,HDPE Plastic,0.997478187084198,0.997478187084198,9.727721590024885e-06,0.0020647873170673847,0.00024298252537846565,0.00020443082030396909
/Users/aswanathjs/Downloads/test10/ai_plastic_waste_management_training/PS Plastic/foam_containers/Image_211.png,4,PS Plastic,4,PS Plastic,0.5109881162643433,0.04951498284935951,0.13973547518253326,0.03433597832918167,0.26542535424232483,0.5109881162643433
/Users/aswanathjs/Downloads/test10/ai_plastic_waste_management_training/PP Plastic/square_containers/IMG_20220209_175258.jpg,3,PP Plastic,3,PP Plastic,0.875768780708313,0.07435939460992813,0.0020170004572719336,0.0031404695473611355,0.875768780708313,0.044714394956827164
/Users/aswanathjs/Downloads/test10/ai_plastic_waste_management_training/LDPE Plastic/plastic_bags/LDPE-604_jpg.rf.756b913bf5fcb4b486de84bf12c21774.jpg,1,LDPE Plastic,1,LDPE Plastic,0.9962490200996399,0.0010199339594691992,0.9962490200996399,0.0007468920666724443,0.0008206631173379719,0.00116346450522542
/Users/aswanathjs/Downloads/test10/ai_plastic_waste_management_training/LDPE Plastic/plastic_bags/train_LDPE-54_jpg.rf.50fc13ad289d3716682a5c115cd3531d.jpg,1,LDPE Plastic,1,LDPE Plastic,0.9987842440605164,0.000312811229377985,0.9987842440605164,0.00012110415991628543,0.0003516518045216799,0.0004302613087929785
/Users/aswanathjs/Downloads/test10/ai_plastic_waste_management_training/HDPE Plastic/detergent_bottles/0010_a02b01c2d2e0f1g0h3.jpg,0,HDPE Plastic,0,HDPE Plastic,0.9955679774284363,0.9955679774284363,0.00011680598981911317,0.0020923393312841654,0.0016778232529759407,0.0005450495518743992
/Users/aswanathjs/Downloads/test10/ai_plastic_waste_management_training/HDPE Plastic/detergent_bottles/IMG_20220209_182730.jpg,0,HDPE Plastic,3,PP Plastic,0.5560610294342041,0.3733542859554291,0.021609725430607796,0.04098419100046158,0.5560610294342041,0.007990701124072075
/Users/aswanathjs/Downloads/test10/ai_plastic_waste_management_training/HDPE Plastic/milk_bottles/HDPEM201.jpg,0,HDPE Plastic,0,HDPE Plastic,0.9999947547912598,0.9999947547912598,4.049178059517544e-08,2.222366674686782e-06,1.4348281638376648e-06,1.5041661072245915e-06
/Users/aswanathjs/Downloads/test10/ai_plastic_waste_management_training/PET Plastic/black_white_plastic_bottles/bxwoj_jpg.rf.e4ac90cdf1ded1946460d46f3c654441.jpg,2,PET Plastic,2,PET Plastic,0.9346762299537659,0.051070597022771835,0.006960026919841766,0.9346762299537659,0.005339400377124548,0.0019537261687219143
"/Users/aswanathjs/Downloads/test10/ai_plastic_waste_management_training/PET Plastic/plastic_bottles/PET1,627.jpg",2,PET Plastic,2,PET Plastic,0.9986893534660339,0.001017525908537209,3.3135558624053374e-05,0.9986893534660339,0.000197398301679641,6.26845212536864e-05
/Users/aswanathjs/Downloads/test10/ai_plastic_waste_management_training/LDPE Plastic/plastic_bags/LDPE-38_jpg.rf.015f221730b5b26920216df131560310.jpg,1,LDPE Plastic,1,LDPE Plastic,0.9917952418327332,0.0025049233809113503,0.9917952418327332,0.002217905130237341,0.0012955514248460531,0.0021863109432160854
/Users/aswanathjs/Downloads/test10/ai_plastic_waste_management_training/PS Plastic/foam_sheets/IMG_9341_JPG.rf.b4d717a5176faa98baf3981781ea5b0e.jpg,4,PS Plastic,4,PS Plastic,0.9636138081550598,0.02019437588751316,0.002839356195181608,0.008306971751153469,0.0050455136224627495,0.9636138081550598
/Users/aswanathjs/Downloads/test10/ai_plastic_waste_management_training/PS Plastic/foam_sheets/IMG_9341_JPG.rf.579526ba104a927e9157888d71533d4a.jpg,4,PS Plastic,4,PS Plastic,0.7130677103996277,0.17242324352264404,0.014572073705494404,0.051805656403303146,0.04813123866915703,0.7130677103996277
/Users/aswanathjs/Downloads/test10/ai_plastic_waste_management_training/PS Plastic/foam_sheets/IMG_9341_JPG.rf.5a3b45c1a7038ff839c23cd70be7f93b.jpg,4,PS Plastic,4,PS Plastic,0.9843852519989014,0.010203131474554539,0.0006676050252281129,0.004224416334182024,0.0005196175770834088,0.9843852519989014
/Users/aswanathjs/Downloads/test10/ai_plastic_waste_management_training/PET Plastic/black_white_plastic_bottles/cytxp_jpg.rf.cc5f967d7defe5addfcc405d6e8cb045.jpg,2,PET Plastic,2,PET Plastic,0.9960451722145081,0.0005939446273259819,0.0017879403894767165,0.9960451722145081,0.001310938154347241,0.0002620697778183967
/Users/aswanathjs/Downloads/test10/ai_plastic_waste_management_training/HDPE Plastic/shampoo_bottles/0077_a02b01c2d1e0f1g0h2.jpg,0,HDPE Plastic,0,HDPE Plastic,0.9996935129165649,0.9996935129165649,6.586109293493791e-07,0.00017351740098092705,5.356410110834986e-05,7.878385076764971e-05
/Users/aswanathjs/Downloads/test10/ai_plastic_waste_management_training/HDPE Plastic/shampoo_bottles/0061_a02b01c1d1e0f1g0h4.jpg,0,HDPE Plastic,0,HDPE Plastic,0.9997735619544983,0.9997735619544983,7.376204962383781e-07,0.00020189180213492364,1.5114443158381619e-05,8.736771633266471e-06
/Users/aswanathjs/Downloads/test10/ai_plastic_waste_management_training/LDPE Plastic/black_white__plastic_bags/0244_jpg.rf.ccfd6e3c23c652f24d479f7e3a9dd1c3.jpg,1,LDPE Plastic,1,LDPE Plastic,0.9952108263969421,0.00020485192362684757,0.9952108263969421,0.0024029449559748173,0.0010433507850393653,0.0011381303193047643
/Users/aswanathjs/Downloads/test10/ai_plastic_waste_management_training/LDPE Plastic/bin_bags/Image_37.png,1,LDPE Plastic,1,LDPE Plastic,0.9791640639305115,0.003701226320117712,0.9791640639305115,0.002016504993662238,0.007794341072440147,0.007323866244405508
/Users/aswanathjs/Downloads/test10/ai_plastic_waste_management_training/PP Plastic/square_containers/Image_37.png,1,LDPE Plastic,3,PP Plastic,0.7912881374359131,0.01299457810819149,0.13403333723545074,0.00795215368270874,0.7912881374359131,0.053731732070446014
/Users/aswanathjs/Downloads/test10/ai_plastic_waste_management_training/PS Plastic/foam_containers/Image_37.png,1,LDPE Plastic,1,LDPE Plastic,0.33739936351776123,0.07754163444042206,0.33739936351776123,0.08555571734905243,0.22295920550823212,0.27654412388801575
/Users/aswanathjs/Downloads/test10/ai_plastic_waste_management_training/PS Plastic/foam_sheets/PS-548_jpg.rf.e7e36c9ebc2200666cac0fda232f739d.jpg,4,PS Plastic,4,PS Plastic,0.996260941028595,0.0005499162361957133,0.0027198719326406717,0.00015647365944460034,0.000312709657009691,0.996260941028595
/Users/aswanathjs/Downloads/test10/ai_plastic_waste_management_training/HDPE Plastic/milk_bottles/HDPEM26.jpg,0,HDPE Plastic,0,HDPE Plastic,0.9936214089393616,0.9936214089393616,0.003649349557235837,0.0006869648932479322,0.0008003063267096877,0.0012419548584148288
/Users/aswanathjs/Downloads/test10/ai_plastic_waste_management_training/PET Plastic/black_white_plastic_bottles/aitlp_jpg.rf.217114f2f76b7474fca86cb653a94833.jpg,2,PET Plastic,2,PET Plastic,0.9890022277832031,0.004840290639549494,0.0030405111610889435,0.9890022277832031,0.0018509485526010394,0.0012659974163398147
/Users/aswanathjs/Downloads/test10/ai_plastic_waste_management_training/PET Plastic/black_white_plastic_bottles/bnrfw_jpg.rf.2bc828426e9c1c5cad267d2579c86555.jpg,2,PET Plastic,2,PET Plastic,0.9990710020065308,4.585881106322631e-05,0.0005985210882499814,0.9990710020065308,0.0002282522909808904,5.6328171922359616e-05
/Users/aswanathjs/Downloads/test10/ai_plastic_waste_management_training/HDPE Plastic/shampoo_bottles/0076_a02b06c2d0e0f1g0h0.jpg,0,HDPE Plastic,0,HDPE Plastic,0.9990764856338501,0.9990764856338501,3.3739492209861055e-05,0.00044129640446044505,0.00041807015077210963,3.0388559025595896e-05
/Users/aswanathjs/Downloads/test10/ai_plastic_waste_management_training/PP Plastic/round_containers/0032_a05b01c2d0e0f0g0h2.jpg,3,PP Plastic,3,PP Plastic,0.9838913083076477,0.006060826126486063,0.0008942954591475427,0.0044435374438762665,0.9838913083076477,0.004710045177489519
/Users/aswanathjs/Downloads/test10/ai_plastic_waste_management_training/PET Plastic/plastic_bottles/PET548.jpg,2,PET Plastic,2,PET Plastic,0.9988975524902344,0.0008252240368165076,6.368638423737139e-05,0.9988975524902344,0.00011972783977398649,9.384730219608173e-05
/Users/aswanathjs/Downloads/test10/ai_plastic_waste_management_training/PS Plastic/foam_sheets/PS-775_jpg.rf.cd132bb8ffafc291a243c7960246852d.jpg,4,PS Plastic,4,PS Plastic,0.9964346885681152,0.0010571579914540052,0.0006205457029864192,0.0008573122904635966,0.001030360464937985,0.9964346885681152
/Users/aswanathjs/Downloads/test10/ai_plastic_waste_management_training/HDPE Plastic/shampoo_bottles/0099_a02b01c1d1e0f1g0h4.jpg,0,HDPE Plastic,0,HDPE Plastic,0.9984075427055359,0.9984075427055359,6.73550384817645e-05,0.001195706077851355,0.00021529204968828708,0.00011418720532674342
"/Users/aswanathjs/Downloads/test10/ai_plastic_waste_management_training/HDPE Plastic/milk_bottles/HDPEM1,022.JPG",0,HDPE Plastic,0,HDPE Plastic,0.9997578263282776,0.9997578263282776,7.795923920639325e-06,0.00010570578160695732,2.9687804271816276e-05,9.896369010675699e-05
/Users/aswanathjs/Downloads/test10/ai_plastic_waste_management_training/PET Plastic/plastic_bottles/PET955.jpg,2,PET Plastic,2,PET Plastic,0.9983736276626587,0.0007938352646306157,8.030851313378662e-05,0.9983736276626587,0.0003170664422214031,0.00043510785326361656
/Users/aswanathjs/Downloads/test10/ai_plastic_waste_management_training/PS Plastic/foam_containers/Image_185.png,4,PS Plastic,4,PS Plastic,0.4797305166721344,0.07198765873908997,0.24481676518917084,0.027239248156547546,0.17622587084770203,0.4797305166721344
/Users/aswanathjs/Downloads/test10/ai_plastic_waste_management_training/LDPE Plastic/black_white__plastic_bags/0051_jpg.rf.350925dc95a475cf5e1462022dd27616.jpg,1,LDPE Plastic,1,LDPE Plastic,0.9810463190078735,0.003614809364080429,0.9810463190078735,0.009844806976616383,0.0019553862512111664,0.0035386504605412483
/Users/aswanathjs/Downloads/test10/ai_plastic_waste_management_training/PS Plastic/foam_sheets/PS-792_jpg.rf.c4cb08f064535f65bb2c131706f50a21.jpg,4,PS Plastic,4,PS Plastic,0.9989149570465088,0.0003115887811873108,0.00023120181867852807,0.00018176961748395115,0.00036052032373845577,0.9989149570465088
/Users/aswanathjs/Downloads/test10/ai_plastic_waste_management_training/PP Plastic/round_containers/0022_a05b00c2d1e0f0g0h1.jpg,3,PP Plastic,3,PP Plastic,0.9925825595855713,0.0005272502894513309,0.001557167968712747,0.0009286067797802389,0.9925825595855713,0.004404406528919935
/Users/aswanathjs/Downloads/test10/ai_plastic_waste_management_training/LDPE Plastic/plastic_bags/plasticbag (126).jpg,1,LDPE Plastic,1,LDPE Plastic,0.5851123332977295,0.04318135231733322,0.5851123332977295,0.09378887712955475,0.08045920729637146,0.19745822250843048
/Users/aswanathjs/Downloads/test10/ai_plastic_waste_management_training/PET Plastic/black_white_plastic_bottles/csgqu_jpg.rf.859aadd97b4352462e24f0d5b849eb0c.jpg,2,PET Plastic,2,PET Plastic,0.9998743534088135,4.849330798606388e-05,1.8603670469019562e-05,0.9998743534088135,3.2935200579231605e-05,2.5634310077293776e-05
/Users/aswanathjs/Downloads/test10/ai_plastic_waste_management_training/LDPE Plastic/plastic_bags/LDPE-277_jpg.rf.0cad8f494c977241b4ef80afb0359042.jpg,1,LDPE Plastic,1,LDPE Plastic,0.9951136708259583,0.0013742318842560053,0.9951136708259583,0.0008144280291162431,0.0013866886729374528,0.001310982508584857
/Users/aswanathjs/Downloads/test10/ai_plastic_waste_management_training/PP Plastic/round_containers/IMG_20220210_105629.jpg,3,PP Plastic,3,PP Plastic,0.9663465619087219,0.02859174646437168,0.0007438382599502802,0.0012132397387176752,0.9663465619087219,0.0031046171206980944
/Users/aswanathjs/Downloads/test10/ai_plastic_waste_management_training/HDPE Plastic/milk_bottles/HDPEM106.jpg,0,HDPE Plastic,0,HDPE Plastic,0.9999425411224365,0.9999425411224365,2.5225639888049045e-07,3.088647281401791e-05,1.4857500900689047e-05,1.145813712355448e-05
/Users/aswanathjs/Downloads/test10/ai_plastic_waste_management_training/PET Plastic/plastic_bottles/PET997.jpg,2,PET Plastic,2,PET Plastic,0.999265730381012,0.00019199834787286818,0.0004663974104914814,0.999265730381012,3.6039211408933625e-05,3.98016745748464e-05
/Users/aswanathjs/Downloads/test10/ai_plastic_waste_management_training/PP Plastic/round_containers/0043_a06b01c2d2e0f0g0h2.jpg,3,PP Plastic,3,PP Plastic,0.9904313683509827,0.004944471176713705,0.002042580395936966,0.0019410334061831236,0.9904313683509827,0.0006405537715181708
/Users/aswanathjs/Downloads/test10/ai_plastic_waste_management_training/PS Plastic/foam_containers/Image_9.png,4,PS Plastic,1,LDPE Plastic,0.3748968839645386,0.09135173261165619,0.3748968839645386,0.02191925048828125,0.2906319797039032,0.2212001234292984
/Users/aswanathjs/Downloads/test10/ai_plastic_waste_management_training/PET Plastic/black_white_plastic_bottles/dcita_jpg.rf.270d280c79b9dba3ba7ae5443d447379.jpg,2,PET Plastic,2,PET Plastic,0.9969872832298279,0.0017978649120777845,0.000685886712744832,0.9969872832298279,0.0003962375922128558,0.00013271089119371027
/Users/aswanathjs/Downloads/test10/ai_plastic_waste_management_training/LDPE Plastic/bin_bags/Image_165.png,1,LDPE Plastic,1,LDPE Plastic,0.96366286277771,0.00651697488501668,0.96366286277771,0.009173166006803513,0.012947121635079384,0.00769989937543869
/Users/aswanathjs/Downloads/test10/ai_plastic_waste_management_training/PP Plastic/square_containers/Image_165.png,1,LDPE Plastic,3,PP Plastic,0.47072306275367737,0.02255701646208763,0.3810441792011261,0.011728574521839619,0.47072306275367737,0.11394720524549484
/Users/aswanathjs/Downloads/test10/ai_plastic_waste_management_training/PS Plastic/form_containers_grey/Image_165.png,1,LDPE Plastic,4,PS Plastic,0.3516117036342621,0.08797763288021088,0.3130835294723511,0.015145653858780861,0.23218147456645966,0.3516117036342621
/Users/aswanathjs/Downloads/test10/ai_plastic_waste_management_training/PS Plastic/foam_containers/Image_165.png,1,LDPE Plastic,1,LDPE Plastic,0.33652621507644653,0.07040040194988251,0.33652621507644653,0.01549556851387024,0.2610453963279724,0.3165323734283447
/Users/aswanathjs/Downloads/test10/ai_plastic_waste_management_training/PET Plastic/shampoo_bottles/0050_a05b00c2d2e1f1g0h1.jpg,2,PET Plastic,2,PET Plastic,0.9938562512397766,0.0021721343509852886,0.00027475025854073465,0.9938562512397766,0.002994267037138343,0.0007026130915619433
/Users/aswanathjs/Downloads/test10/ai_plastic_waste_management_training/LDPE Plastic/plastic_bags/LDPE-422_jpg.rf.3227a7e63f624c6cf1a4b13fcb82a1af.jpg,1,LDPE Plastic,1,LDPE Plastic,0.9978387951850891,0.00042809834121726453,0.9978387951850891,0.0005727151874452829,0.0005947531317360699,0.0005656155408360064
/Users/aswanathjs/Downloads/test10/ai_plastic_waste_management_training/LDPE Plastic/plastic_bags/plasticbag (209).jpg,1,LDPE Plastic,1,LDPE Plastic,0.9956694841384888,0.0015667766565456986,0.9956694841384888,0.0006585238152183592,0.0015690936706960201,0.0005361384246498346
/Users/aswanathjs/Downloads/test10/ai_plastic_waste_management_training/HDPE Plastic/milk_bottles/HDPEM250.jpg,0,HDPE Plastic,0,HDPE Plastic,0.9999903440475464,0.9999903440475464,3.0122961902634415e-08,6.549266799993347e-06,2.3728016458335333e-06,7.463397651008563e-07
/Users/aswanathjs/Downloads/test10/ai_plastic_waste_management_training/PS Plastic/foam_sheets/PS-570_jpg.rf.c1e576f77c7a9411bcec44f0938d9ee4.jpg,4,PS Plastic,4,PS Plastic,0.9910730719566345,0.0009906211635097861,0.006329424679279327,0.0006617768667638302,0.000945132109336555,0.9910730719566345
/Users/aswanathjs/Downloads/test10/ai_plastic_waste_management_training/HDPE Plastic/milk_bottles/HDPEM417.jpg,0,HDPE Plastic,0,HDPE Plastic,0.9994940757751465,0.9994940757751465,1.7581282008904964e-05,9.444490569876507e-05,0.00031996064353734255,7.393091800622642e-05
"/Users/aswanathjs/Downloads/test10/ai_plastic_waste_management_training/PET Plastic/plastic_bottles/PET1,149.jpg",2,PET Plastic,2,PET Plastic,0.9991821646690369,0.00046284394920803607,0.00019313223310746253,0.9991821646690369,5.017537114326842e-05,0.00011167726916028187
/Users/aswanathjs/Downloads/test10/ai_plastic_waste_management_training/LDPE Plastic/plastic_bags/train_LDPE-30_jpg.rf.b8df470679b54d451ca16ae7cb85ade5.jpg,1,LDPE Plastic,1,LDPE Plastic,0.9706662893295288,0.005962139926850796,0.9706662893295288,0.007001781836152077,0.003991542384028435,0.01237830612808466
/Users/aswanathjs/Downloads/test10/ai_plastic_waste_management_training/PET Plastic/plastic_bottles/PET507.jpg,2,PET Plastic,2,PET Plastic,0.9984136819839478,0.0008868453442119062,0.00011077714589191601,0.9984136819839478,0.0003676923515740782,0.0002209384983871132
/Users/aswanathjs/Downloads/test10/ai_plastic_waste_management_training/LDPE Plastic/plastic_bags/train_LDPE-28_jpg.rf.be68b80e9ac812d5237101c87b4a9106.jpg,1,LDPE Plastic,1,LDPE Plastic,0.9950721859931946,0.0013439911417663097,0.9950721859931946,0.000576694612391293,0.0009495224803686142,0.0020575784146785736
/Users/aswanathjs/Downloads/test10/ai_plastic_waste_management_training/LDPE Plastic/black_white__plastic_bags/0251_jpg.rf.43d1bf3b60d305d5e85940d769b4f15b.jpg,1,LDPE Plastic,1,LDPE Plastic,0.9978489875793457,0.0004435050650499761,0.9978489875793457,0.0010785475606098771,0.0004162406548857689,0.0002127451152773574
/Users/aswanathjs/Downloads/test10/ai_plastic_waste_management_training/PP Plastic/round_containers/IMG_20220209_174516.jpg,3,PP Plastic,3,PP Plastic,0.9445404410362244,0.04442552104592323,0.004273338243365288,0.0038273315876722336,0.9445404410362244,0.002933352719992399
/Users/aswanathjs/Downloads/test10/ai_plastic_waste_management_training/PET Plastic/plastic_bottles/PET730.jpg,2,PET Plastic,2,PET Plastic,0.9979650974273682,0.0011954258661717176,8.603601600043476e-05,0.9979650974273682,0.0005433984333649278,0.0002100749552482739
/Users/aswanathjs/Downloads/test10/ai_plastic_waste_management_training/PET Plastic/black_white_plastic_bottles/crpwg_jpg.rf.5155b165c8daf4ce65b9f23d37fa7fe7.jpg,2,PET Plastic,2,PET Plastic,0.9986573457717896,0.00021701255172956735,0.0006085037020966411,0.9986573457717896,0.00035164967994205654,0.00016544877144042403
"/Users/aswanathjs/Downloads/test10/ai_plastic_waste_management_training/PET Plastic/plastic_bottles/PET1,649.jpg",2,PET Plastic,2,PET Plastic,0.9800223112106323,0.0037630139850080013,0.010030780918896198,0.9800223112106323,0.0050905318930745125,0.0010932711884379387
/Users/aswanathjs/Downloads/test10/ai_plastic_waste_management_training/LDPE Plastic/plastic_bags/train_LDPE-21_jpg.rf.d49a12a02092f718be5ff49097e31cf7.jpg,1,LDPE Plastic,1,LDPE Plastic,0.9893890023231506,0.0015378210227936506,0.9893890023231506,0.0014895088970661163,0.0012247523991391063,0.0063589513301849365
"/Users/aswanathjs/Downloads/test10/ai_plastic_waste_management_training/PET Plastic/plastic_bottles/PET1,465.jpg",2,PET Plastic,2,PET Plastic,0.9994218349456787,0.00047495256876572967,2.4746066173975123e-06,0.9994218349456787,8.539656846551225e-05,1.5324432752095163e-05
/Users/aswanathjs/Downloads/test10/ai_plastic_waste_management_training/PET Plastic/plastic_bottles/PET845.jpg,2,PET Plastic,2,PET Plastic,0.9996310472488403,0.00022723032452631742,4.835009895032272e-05,0.9996310472488403,4.088244531885721e-05,5.243350824457593e-05
/Users/aswanathjs/Downloads/test10/ai_plastic_waste_management_training/PET Plastic/shampoo_bottles/0080_a05b00c1d3e0f1g0h0.jpg,2,PET Plastic,2,PET Plastic,0.9091317653656006,0.00011013529729098082,0.00019486616656649858,0.9091317653656006,0.08995281159877777,0.0006105038337409496
/Users/aswanathjs/Downloads/test10/ai_plastic_waste_management_training/HDPE Plastic/shampoo_bottles/0023_a02b01c1d3e0f1g0h1.jpg,0,HDPE Plastic,0,HDPE Plastic,0.7436553835868835,0.7436553835868835,3.300088792457245e-05,9.908100764732808e-05,0.2560076117515564,0.00020493677584454417
/Users/aswanathjs/Downloads/test10/ai_plastic_waste_management_training/PS Plastic/foam_sheets/PS-719_jpg.rf.bf0406b2e6441bf226bab17ef1385c5c.jpg,4,PS Plastic,4,PS Plastic,0.997633695602417,0.00042589771328493953,0.0005682109040208161,0.0007438723114319146,0.0006283216644078493,0.997633695602417
/Users/aswanathjs/Downloads/test10/ai_plastic_waste_management_training/PET Plastic/plastic_bottles/PET412.jpg,2,PET Plastic,2,PET Plastic,0.9994820952415466,0.00015575304860249162,0.00011064479622291401,0.9994820952415466,0.00013470460544340312,0.00011688080849125981
/Users/aswanathjs/Downloads/test10/ai_plastic_waste_management_training/PS Plastic/foam_sheets/PS-846_jpg.rf.578d88453f23f4c831e951b08d6ce3dd.jpg,4,PS Plastic,4,PS Plastic,0.9998950958251953,9.312036127084866e-06,5.149212302058004e-05,6.470676453318447e-06,3.7684945709770545e-05,0.9998950958251953
/Users/aswanathjs/Downloads/test10/ai_plastic_waste_management_training/PET Plastic/black_white_plastic_bottles/cljxk_jpg.rf.2843d464c6d7fa8072b5c22279c4e799.jpg,2,PET Plastic,2,PET Plastic,0.9901931881904602,0.007711160462349653,0.0006091335671953857,0.9901931881904602,0.0012432096991688013,0.00024338554067071527
/Users/aswanathjs/Downloads/test10/ai_plastic_waste_management_training/PET Plastic/plastic_bottles/PET497.jpg,2,PET Plastic,2,PET Plastic,0.9998586177825928,8.18760963738896e-05,7.390997325273929e-06,0.9998586177825928,3.6300851206760854e-05,1.5750583770568483e-05
/Users/aswanathjs/Downloads/test10/ai_plastic_waste_management_training/HDPE Plastic/shampoo_bottles/0023_a02b01c1d1e0f1g0h0.jpg,0,HDPE Plastic,0,HDPE Plastic,0.7036524415016174,0.7036524415016174,0.00021999466116540134,0.00480543402954936,0.2896270155906677,0.0016951852012425661
/Users/aswanathjs/Downloads/test10/ai_plastic_waste_management_training/HDPE Plastic/detergent_bottles/0039_a02b01c1d0e0f1g0h1.jpg,0,HDPE Plastic,0,HDPE Plastic,0.9975517392158508,0.9975517392158508,5.8547582739265636e-05,0.0001479457423556596,0.002017146674916148,0.00022465790971182287
/Users/aswanathjs/Downloads/test10/ai_plastic_waste_management_training/PS Plastic/foam_containers/0058_a06b01c2d3e0f0g0h1.jpg,4,PS Plastic,4,PS Plastic,0.9969057440757751,0.0003587229293771088,0.00023579219123348594,6.698832294205204e-05,0.0024326127022504807,0.9969057440757751
"/Users/aswanathjs/Downloads/test10/ai_plastic_waste_management_training/PET Plastic/plastic_bottles/PET1,255.jpg",2,PET Plastic,2,PET Plastic,0.9982069730758667,0.0015229597920551896,8.064377652772237e-06,0.9982069730758667,0.0002434357302263379,1.849917862273287e-05
/Users/aswanathjs/Downloads/test10/ai_plastic_waste_management_training/LDPE Plastic/plastic_bags/train_LDPE-31_jpg.rf.84a2977ca89b69b3f46edb0cbe4a8a6c.jpg,1,LDPE Plastic,1,LDPE Plastic,0.9923323392868042,0.0034830563236027956,0.9923323392868042,0.00040704981074668467,0.0024291016161441803,0.0013484207447618246
/Users/aswanathjs/Downloads/test10/ai_plastic_waste_management_training/HDPE Plastic/milk_bottles/HDPEM104.jpg,0,HDPE Plastic,0,HDPE Plastic,0.998863697052002,0.998863697052002,4.01822617277503e-05,0.00048809879808686674,0.0005146675975993276,9.337124356534332e-05
/Users/aswanathjs/Downloads/test10/ai_plastic_waste_management_training/PET Plastic/shampoo_bottles/0050_a05b00c1d3e1f1g0h4.jpg,2,PET Plastic,2,PET Plastic,0.9953932762145996,0.002956347307190299,5.491664705914445e-05,0.9953932762145996,0.0013320320285856724,0.0002635292476043105
/Users/aswanathjs/Downloads/test10/ai_plastic_waste_management_training/PET Plastic/plastic_bottles/PET723.jpg,2,PET Plastic,2,PET Plastic,0.9999271631240845,2.777565532596782e-05,9.618252988730092e-06,0.9999271631240845,2.8316459065536037e-05,7.1700105763738975e-06
/Users/aswanathjs/Downloads/test10/ai_plastic_waste_management_training/LDPE Plastic/bin_bags/Image_184.png,1,LDPE Plastic,1,LDPE Plastic,0.9040229320526123,0.02433084137737751,0.9040229320526123,0.009783793240785599,0.04340473562479019,0.01845773309469223
/Users/aswanathjs/Downloads/test10/ai_plastic_waste_management_training/LDPE Plastic/bin_bags_grey/Image_184.png,1,LDPE Plastic,1,LDPE Plastic,0.9429180026054382,0.02031286247074604,0.9429180026054382,0.005967992357909679,0.01989416591823101,0.010906914249062538
/Users/aswanathjs/Downloads/test10/ai_plastic_waste_management_training/PS Plastic/foam_containers/Image_184.png,1,LDPE Plastic,4,PS Plastic,0.37057286500930786,0.05863771215081215,0.28998681902885437,0.0280323289334774,0.2527703642845154,0.37057286500930786
/Users/aswanathjs/Downloads/test10/ai_plastic_waste_management_training/PET Plastic/plastic_bottles/PET392.jpg,2,PET Plastic,2,PET Plastic,0.9973267316818237,0.0021726093254983425,1.8685745089896955e-05,0.9973267316818237,0.0003122364869341254,0.0001697360712569207
/Users/aswanathjs/Downloads/test10/ai_plastic_waste_management_training/PP Plastic/square_containers/Image_175.png,3,PP Plastic,3,PP Plastic,0.9100059866905212,0.010332153178751469,0.03653227910399437,0.0047255344688892365,0.9100059866905212,0.0384039469063282
/Users/aswanathjs/Downloads/test10/ai_plastic_waste_management_training/PS Plastic/foam_containers/Image_175.png,3,PP Plastic,3,PP Plastic,0.7226212620735168,0.1294334977865219,0.05479947105050087,0.049242567270994186,0.7226212620735168,0.043903276324272156
/Users/aswanathjs/Downloads/test10/ai_plastic_waste_management_training/LDPE Plastic/plastic_bags/plasticbag (10).jpg,1,LDPE Plastic,1,LDPE Plastic,0.9384275674819946,0.013988555409014225,0.9384275674819946,0.004670023452490568,0.0393214076757431,0.0035924455150961876
/Users/aswanathjs/Downloads/test10/ai_plastic_waste_management_training/LDPE Plastic/black_white__plastic_bags/0092_jpg.rf.2cf02337b6a42e1d81d749ed38dafce8.jpg,1,LDPE Plastic,1,LDPE Plastic,0.9940874576568604,0.002099402016028762,0.9940874576568604,0.001316216541454196,0.001523961080238223,0.0009729487937875092
/Users/aswanathjs/Downloads/test10/ai_plastic_waste_management_training/LDPE Plastic/plastic_bags/plasticbag (197).jpg,1,LDPE Plastic,1,LDPE Plastic,0.920107364654541,0.006967352237552404,0.920107364654541,0.010632984340190887,0.01981465145945549,0.04247763007879257
/Users/aswanathjs/Downloads/test10/ai_plastic_waste_management_training/PP Plastic/rectangle_containers/test_PP-9-_jpg.rf.9d2fff290e08d6db8a91e9399d8df6c4.jpg,3,PP Plastic,3,PP Plastic,0.9337737560272217,0.0031731470953673124,0.020650144666433334,0.002244069939479232,0.9337737560272217,0.04015883430838585
/Users/aswanathjs/Downloads/test10/ai_plastic_waste_management_training/PP Plastic/rectangle_containers_grey/test_PP-9-_jpg.rf.9d2fff290e08d6db8a91e9399d8df6c4.jpg,3,PP Plastic,3,PP Plastic,0.9498960375785828,0.002340705832466483,0.01367385033518076,0.0009933429537340999,0.9498960375785828,0.033095989376306534
/Users/aswanathjs/Downloads/test10/ai_plastic_waste_management_training/PET Plastic/shampoo_bottles/0015_a05b00c2d1e1f1g0h2.jpg,2,PET Plastic,2,PET Plastic,0.994381844997406,0.0018954555271193385,9.765976574271917e-05,0.994381844997406,0.003295899135991931,0.000329220958519727
/Users/aswanathjs/Downloads/test10/ai_plastic_waste_management_training/PP Plastic/square_containers/Image_192.png,3,PP Plastic,3,PP Plastic,0.7702562212944031,0.030644122511148453,0.1660478711128235,0.011156592518091202,0.7702562212944031,0.021895186975598335
/Users/aswanathjs/Downloads/test10/ai_plastic_waste_management_training/PS Plastic/foam_containers/Image_192.png,3,PP Plastic,1,LDPE Plastic,0.44565269351005554,0.035188354551792145,0.44565269351005554,0.021063657477498055,0.14844384789466858,0.3496514558792114
/Users/aswanathjs/Downloads/test10/ai_plastic_waste_management_training/PET Plastic/shampoo_bottles/0100_a05b00c2d1e0f0g0h1.jpg,2,PET Plastic,2,PET Plastic,0.9955939650535583,0.00022554343740921468,3.355685839778744e-05,0.9955939650535583,0.0040542506612837315,9.260840306524187e-05
/Users/aswanathjs/Downloads/test10/ai_plastic_waste_management_training/PET Plastic/plastic_bottles/PET370.jpg,2,PET Plastic,2,PET Plastic,0.9992608428001404,0.00048107391921803355,3.069867307203822e-05,0.9992608428001404,0.00010377119178883731,0.00012353186320979148
/Users/aswanathjs/Downloads/test10/ai_plastic_waste_management_training/PET Plastic/black_white_plastic_bottles/cdupi_jpg.rf.09ca0d8134037c17c3a12ef8ce06151a.jpg,2,PET Plastic,2,PET Plastic,0.9656874537467957,0.007258731871843338,0.017131686210632324,0.9656874537467957,0.008604012429714203,0.001318176742643118
/Users/aswanathjs/Downloads/test10/ai_plastic_waste_management_training/LDPE Plastic/black_white__plastic_bags/0025_jpg.rf.6de9afef7eeac63c4e5900ddf504e4ef.jpg,1,LDPE Plastic,1,LDPE Plastic,0.984380841255188,0.00627850042656064,0.984380841255188,0.003287969157099724,0.002285197377204895,0.003767425427213311
/Users/aswanathjs/Downloads/test10/ai_plastic_waste_management_training/LDPE Plastic/black_white__plastic_bags/0285_jpg.rf.9490d4f310bf55e0d3994b8594c36b66.jpg,1,LDPE Plastic,1,LDPE Plastic,0.9960840940475464,0.0009313650662079453,0.9960840940475464,0.0009440802386961877,0.0010415635770186782,0.0009988663950935006
/Users/aswanathjs/Downloads/test10/ai_plastic_waste_management_training/LDPE Plastic/black_white__plastic_bags/0131_jpg.rf.fab7d748a4a3173bd681b71d0470a0b9.jpg,1,LDPE Plastic,1,LDPE Plastic,0.8946227431297302,0.05015560984611511,0.8946227431297302,0.028167186304926872,0.01531841792166233,0.011736065149307251
"/Users/aswanathjs/Downloads/test10/ai_plastic_waste_management_training/HDPE Plastic/milk_bottles/HDPEM1,023.JPG",0,HDPE Plastic,0,HDPE Plastic,0.9993841648101807,0.9993841648101807,6.992448106757365e-06,0.0003171498537994921,3.058792572119273e-05,0.00026120024267584085
/Users/aswanathjs/Downloads/test10/ai_plastic_waste_management_training/LDPE Plastic/plastic_bags/plasticbag (72).jpg,1,LDPE Plastic,1,LDPE Plastic,0.9124102592468262,0.007531211245805025,0.9124102592468262,0.001934131607413292,0.050883274525403976,0.027241118252277374
/Users/aswanathjs/Downloads/test10/ai_plastic_waste_management_training/LDPE Plastic/black_white__plastic_bags/0065_jpg.rf.93c3c3217441af813392d166aacbae5f.jpg,1,LDPE Plastic,1,LDPE Plastic,0.7936554551124573,0.008921983651816845,0.7936554551124573,0.1828158050775528,0.009985503740608692,0.004621234256774187
/Users/aswanathjs/Downloads/test10/ai_plastic_waste_management_training/HDPE Plastic/shampoo_bottles/0075_a02b01c2d1e0f0g0h4.jpg,0,HDPE Plastic,0,HDPE Plastic,0.9920423626899719,0.9920423626899719,3.036026464542374e-05,0.007330653257668018,0.00042968086199834943,0.00016698210674803704
/Users/aswanathjs/Downloads/test10/ai_plastic_waste_management_training/HDPE Plastic/milk_bottles/HDPEM407.jpg,0,HDPE Plastic,0,HDPE Plastic,0.9999290704727173,0.9999290704727173,6.577459998879931e-07,6.292206762736896e-06,5.8199872000841424e-05,5.779678758699447e-06
"/Users/aswanathjs/Downloads/test10/ai_plastic_waste_management_training/PET Plastic/plastic_bottles/PET1,447.jpg",2,PET Plastic,2,PET Plastic,0.9992081522941589,0.00031388550996780396,3.518068842822686e-05,0.9992081522941589,0.00029508615261875093,0.00014770012057852
/Users/aswanathjs/Downloads/test10/ai_plastic_waste_management_training/PET Plastic/black_white_plastic_bottles/cjpsy_jpg.rf.3194f126fb4a49fb0908791283d80b8e.jpg,2,PET Plastic,2,PET Plastic,0.998231828212738,0.00042606305214576423,0.0003595709567889571,0.998231828212738,0.0006886603077873588,0.00029390290728770196
/Users/aswanathjs/Downloads/test10/ai_plastic_waste_management_training/PS Plastic/foam_sheets/Plastic_376_jpg.rf.14b8dbe731b220c7da8b5cb195682226.jpg,4,PS Plastic,4,PS Plastic,0.9713382124900818,0.0025636344216763973,0.02199673280119896,0.0009485931950621307,0.0031528384424746037,0.9713382124900818
/Users/aswanathjs/Downloads/test10/ai_plastic_waste_management_training/PP Plastic/square_containers_grey/orangecontainer.jpg,3,PP Plastic,3,PP Plastic,0.9511744379997253,0.026098649948835373,0.0028803087770938873,0.0016498961485922337,0.9511744379997253,0.018196716904640198
/Users/aswanathjs/Downloads/test10/ai_plastic_waste_management_training/PP Plastic/square_containers/orangecontainer.jpg,3,PP Plastic,3,PP Plastic,0.9474297165870667,0.04183397814631462,0.0012859911657869816,0.0010071436408907175,0.9474297165870667,0.008443260565400124
/Users/aswanathjs/Downloads/test10/ai_plastic_waste_management_training/PP Plastic/square_containers/Image_118.png,3,PP Plastic,3,PP Plastic,0.6446274518966675,0.009417787194252014,0.273631751537323,0.0104991989210248,0.6446274518966675,0.06182383373379707
/Users/aswanathjs/Downloads/test10/ai_plastic_waste_management_training/PS Plastic/foam_containers/Image_118.png,3,PP Plastic,4,PS Plastic,0.34151631593704224,0.10841034352779388,0.26485106348991394,0.09616976231336594,0.18905256688594818,0.34151631593704224
/Users/aswanathjs/Downloads/test10/ai_plastic_waste_management_training/HDPE Plastic/shampoo_bottles/0065_a02b03c1d2e0f1g0h4.jpg,0,HDPE Plastic,0,HDPE Plastic,0.9999456405639648,0.9999456405639648,1.434525074728299e-06,1.1284747415629681e-05,2.7620426408248022e-05,1.3984247743792366e-05
/Users/aswanathjs/Downloads/test10/ai_plastic_waste_management_training/HDPE Plastic/shampoo_bottles/0076_a02b06c1d3e0f1g0h0.jpg,0,HDPE Plastic,0,HDPE Plastic,0.97878098487854,0.97878098487854,0.0007457183091901243,0.0009377152309753001,0.019167592748999596,0.0003680629888549447
"/Users/aswanathjs/Downloads/test10/ai_plastic_waste_management_training/PET Plastic/plastic_bottles/PET1,241.jpg",2,PET Plastic,2,PET Plastic,0.9667853713035583,0.028540179133415222,0.0003285959828644991,0.9667853713035583,0.0036194128915667534,0.0007264926098287106
/Users/aswanathjs/Downloads/test10/ai_plastic_waste_management_training/PP Plastic/square_containers/Image_50.png,3,PP Plastic,1,LDPE Plastic,0.48648500442504883,0.03559688478708267,0.48648500442504883,0.017070192843675613,0.2502301335334778,0.2106177657842636
/Users/aswanathjs/Downloads/test10/ai_plastic_waste_management_training/PS Plastic/foam_containers/Image_50.png,3,PP Plastic,1,LDPE Plastic,0.37600472569465637,0.07085363566875458,0.37600472569465637,0.014347800053656101,0.2560291290283203,0.2827647924423218
"/Users/aswanathjs/Downloads/test10/ai_plastic_waste_management_training/PET Plastic/plastic_bottles/PET1,618.jpg",2,PET Plastic,2,PET Plastic,0.9738957285881042,0.018482515588402748,0.001215031836181879,0.9738957285881042,0.004853052087128162,0.0015537070576101542
/Users/aswanathjs/Downloads/test10/ai_plastic_waste_management_training/LDPE Plastic/plastic_bags/LDPE-129_jpg.rf.bd87ae80d240c75440e24a8f94624de0.jpg,1,LDPE Plastic,1,LDPE Plastic,0.9950193166732788,0.0012839478440582752,0.9950193166732788,0.0011979431146755815,0.0010136005003005266,0.0014852595049887896
/Users/aswanathjs/Downloads/test10/ai_plastic_waste_management_training/PET Plastic/shampoo_bottles/0080_a05b00c2d1e0f1g0h4.jpg,2,PET Plastic,2,PET Plastic,0.9978165626525879,0.001411391538567841,9.861933358479291e-05,0.9978165626525879,0.000475206266855821,0.0001982520188903436
/Users/aswanathjs/Downloads/test10/ai_plastic_waste_management_training/LDPE Plastic/plastic_bags/plasticbag (193).jpg,1,LDPE Plastic,1,LDPE Plastic,0.9908874034881592,0.0017935044597834349,0.9908874034881592,0.0022839228622615337,0.0028814622201025486,0.002153712324798107
/Users/aswanathjs/Downloads/test10/ai_plastic_waste_management_training/PET Plastic/shampoo_bottles/0100_a05b00c2d1e0f0g0h2.jpg,2,PET Plastic,2,PET Plastic,0.9975929856300354,0.00032929651206359267,2.297230821568519e-05,0.9975929856300354,0.0019464141223579645,0.0001083372553694062
"/Users/aswanathjs/Downloads/test10/ai_plastic_waste_management_training/HDPE Plastic/milk_bottles/HDPEM1,004.JPG",0,HDPE Plastic,0,HDPE Plastic,0.9700689315795898,0.9700689315795898,0.0023962550330907106,0.013962850905954838,0.003641607239842415,0.009930316358804703
"/Users/aswanathjs/Downloads/test10/ai_plastic_waste_management_training/HDPE Plastic/milk_bottles_grey/HDPEM1,004.JPG",0,HDPE Plastic,0,HDPE Plastic,0.9735342860221863,0.9735342860221863,0.002358150901272893,0.0063844104297459126,0.0066888039000332355,0.011034443974494934
/Users/aswanathjs/Downloads/test10/ai_plastic_waste_management_training/LDPE Plastic/black_white__plastic_bags/0005_jpg.rf.3c08b63b37ea52926895eb6508d6d17b.jpg,1,LDPE Plastic,1,LDPE Plastic,0.9584267139434814,0.022853834554553032,0.9584267139434814,0.004996951203793287,0.00821012444794178,0.005512359086424112
/Users/aswanathjs/Downloads/test10/ai_plastic_waste_management_training/LDPE Plastic/plastic_bags/plasticbag (196).jpg,1,LDPE Plastic,1,LDPE Plastic,0.8592828512191772,0.0032508738804608583,0.8592828512191772,0.0036301533691585064,0.12039311975240707,0.013443026691675186
/Users/aswanathjs/Downloads/test10/ai_plastic_waste_management_training/PS Plastic/foam_containers/styrofoam-152-_jpg.rf.85bd94b3d2d7b7228c3d1fb1b6f98ada.jpg,4,PS Plastic,4,PS Plastic,0.6483333110809326,0.018965670838952065,0.19687695801258087,0.09137433767318726,0.044449735432863235,0.6483333110809326
/Users/aswanathjs/Downloads/test10/ai_plastic_waste_management_training/HDPE Plastic/milk_bottles/HDPEM110.jpg,0,HDPE Plastic,0,HDPE Plastic,0.9999614953994751,0.9999614953994751,3.0901080094736244e-07,2.7757887437473983e-05,5.8556374824547675e-06,4.564482424029848e-06
/Users/aswanathjs/Downloads/test10/ai_plastic_waste_management_training/LDPE Plastic/bubble_wrap/train_LDPE-75_jpg.rf.774086413daadb20a94091c69cb92c3b.jpg,1,LDPE Plastic,1,LDPE Plastic,0.9722179770469666,0.0037509799003601074,0.9722179770469666,0.008102696388959885,0.00791502371430397,0.008013327606022358
/Users/aswanathjs/Downloads/test10/ai_plastic_waste_management_training/PET Plastic/black_white_plastic_bottles/ayods_jpg.rf.a1eafc0f28f24cda0021d54322d0b0ff.jpg,2,PET Plastic,2,PET Plastic,0.7042366862297058,0.09263909608125687,0.040984995663166046,0.7042366862297058,0.11228304356336594,0.049856267869472504
/Users/aswanathjs/Downloads/test10/ai_plastic_waste_management_training/HDPE Plastic/shampoo_bottles/0063_a02b01c2d1e0f1g1h3.jpg,0,HDPE Plastic,0,HDPE Plastic,0.9995699524879456,0.9995699524879456,1.2168898138043005e-06,0.0001102611786336638,0.0002663272898644209,5.236014840193093e-05
/Users/aswanathjs/Downloads/test10/ai_plastic_waste_management_training/PS Plastic/foam_sheets/PS-755_jpg.rf.5cbd0650fb21aaba6e85354b463a4a92.jpg,4,PS Plastic,4,PS Plastic,0.9911296367645264,0.0006713718175888062,0.0031918331515043974,0.0017509096069261432,0.003256312571465969,0.9911296367645264
/Users/aswanathjs/Downloads/test10/ai_plastic_waste_management_training/HDPE Plastic/detergent_bottles/0039_a02b01c2d0e0f1g0h4.jpg,0,HDPE Plastic,0,HDPE Plastic,0.9999712705612183,0.9999712705612183,2.2373245656126528e-07,3.109775889242883e-06,2.3761069314787164e-05,1.6866732721609878e-06
/Users/aswanathjs/Downloads/test10/ai_plastic_waste_management_training/LDPE Plastic/plastic_bags/train_LDPE-36_jpg.rf.29e7ce23f14b4a6abe4e217fd79e2234.jpg,1,LDPE Plastic,1,LDPE Plastic,0.9967575669288635,0.0015742614632472396,0.9967575669288635,0.0002217522996943444,0.0008700611651875079,0.0005763498484157026
"/Users/aswanathjs/Downloads/test10/ai_plastic_waste_management_training/PET Plastic/plastic_bottles/PET1,648.jpg",2,PET Plastic,2,PET Plastic,0.9999850988388062,7.262722647283226e-06,2.012243385252077e-06,0.9999850988388062,4.833109869650798e-06,8.916359206523339e-07
/Users/aswanathjs/Downloads/test10/ai_plastic_waste_management_training/PET Plastic/plastic_bottles/PET454.jpg,2,PET Plastic,2,PET Plastic,0.9985429048538208,0.0005261594196781516,0.00015297070785891265,0.9985429048538208,0.0006143663777038455,0.00016359418805222958
/Users/aswanathjs/Downloads/test10/ai_plastic_waste_management_training/HDPE Plastic/milk_bottles/HDPEM438.jpg,0,HDPE Plastic,0,HDPE Plastic,0.9895037412643433,0.9895037412643433,0.000399060983909294,0.003079281421378255,0.005169194657355547,0.0018487117486074567
/Users/aswanathjs/Downloads/test10/ai_plastic_waste_management_training/LDPE Plastic/bin_bags/Image_76.png,1,LDPE Plastic,1,LDPE Plastic,0.9555391073226929,0.009673637337982655,0.9555391073226929,0.0053360858000814915,0.014299375005066395,0.01515182014554739
/Users/aswanathjs/Downloads/test10/ai_plastic_waste_management_training/PP Plastic/square_containers/Image_76.png,1,LDPE Plastic,1,LDPE Plastic,0.48845216631889343,0.04204230010509491,0.48845216631889343,0.019835669547319412,0.3485918343067169,0.10107811540365219
/Users/aswanathjs/Downloads/test10/ai_plastic_waste_management_training/PS Plastic/foam_containers/Image_76.png,1,LDPE Plastic,4,PS Plastic,0.3714207410812378,0.10747206211090088,0.20532691478729248,0.057970814406871796,0.25780946016311646,0.3714207410812378
/Users/aswanathjs/Downloads/test10/ai_plastic_waste_management_training/PET Plastic/plastic_bottles/PET673.jpg,2,PET Plastic,2,PET Plastic,0.9997155070304871,4.6023251343285665e-05,7.626699516549706e-05,0.9997155070304871,0.0001379384775646031,2.43217345996527e-05
/Users/aswanathjs/Downloads/test10/ai_plastic_waste_management_training/PP Plastic/round_containers/IMG_20220210_105844.jpg,3,PP Plastic,3,PP Plastic,0.9245091676712036,0.042254362255334854,0.0037750178016722202,0.02070813812315464,0.9245091676712036,0.008753346279263496
/Users/aswanathjs/Downloads/test10/ai_plastic_waste_management_training/PS Plastic/foam_containers/Image_122.png,4,PS Plastic,3,PP Plastic,0.45939329266548157,0.038586776703596115,0.11320119351148605,0.025911619886755943,0.45939329266548157,0.36290717124938965
/Users/aswanathjs/Downloads/test10/ai_plastic_waste_management_training/PP Plastic/square_containers_grey/Image_203.png,3,PP Plastic,3,PP Plastic,0.7316123843193054,0.018745703622698784,0.15226849913597107,0.024807557463645935,0.7316123843193054,0.07256592810153961
/Users/aswanathjs/Downloads/test10/ai_plastic_waste_management_training/PP Plastic/square_containers/Image_203.png,3,PP Plastic,3,PP Plastic,0.4628930985927582,0.030323700979351997,0.36972668766975403,0.03260456770658493,0.4628930985927582,0.10445194691419601
/Users/aswanathjs/Downloads/test10/ai_plastic_waste_management_training/PS Plastic/foam_containers/Image_203.png,3,PP Plastic,1,LDPE Plastic,0.31326931715011597,0.09206058830022812,0.31326931715011597,0.07506456971168518,0.26456698775291443,0.2550385594367981
/Users/aswanathjs/Downloads/test10/ai_plastic_waste_management_training/PET Plastic/black_white_plastic_bottles/apkre_jpg.rf.ea93618a937a0de3528ee57319afe542.jpg,2,PET Plastic,2,PET Plastic,0.9723784923553467,0.009273580275475979,0.010008248500525951,0.9723784923553467,0.007218529004603624,0.0011211710516363382
/Users/aswanathjs/Downloads/test10/ai_plastic_waste_management_training/HDPE Plastic/milk_bottles/HDPEM128.jpg,0,HDPE Plastic,0,HDPE Plastic,0.9999862909317017,0.9999862909317017,1.5935482622353447e-07,6.531121016450925e-06,2.5364693101437297e-06,4.371347131382208e-06
/Users/aswanathjs/Downloads/test10/ai_plastic_waste_management_training/PP Plastic/round_containers/cream.jpg,3,PP Plastic,3,PP Plastic,0.9753550291061401,0.010986045934259892,0.0026950594037771225,0.0011480060638859868,0.9753550291061401,0.00981590524315834
/Users/aswanathjs/Downloads/test10/ai_plastic_waste_management_training/PS Plastic/foam_containers/plastic-23-_jpg.rf.84b851e52b8b9f1cd0d2c523b1f636af.jpg,4,PS Plastic,4,PS Plastic,0.6210970878601074,0.06285876035690308,0.20003968477249146,0.013372830115258694,0.10263164341449738,0.6210970878601074
/Users/aswanathjs/Downloads/test10/ai_plastic_waste_management_training/HDPE Plastic/detergent_bottles/0098_a02b03c2d3e0f0g0h0.jpg,0,HDPE Plastic,0,HDPE Plastic,0.9325274229049683,0.9325274229049683,0.0001091646627173759,0.00013445202785078436,0.06692172586917877,0.00030721601797267795
/Users/aswanathjs/Downloads/test10/ai_plastic_waste_management_training/HDPE Plastic/detergent_botteles_grey/0098_a02b03c2d3e0f0g0h0.jpg,0,HDPE Plastic,3,PP Plastic,0.5697682499885559,0.4246949255466461,0.0038355709984898567,0.0008801791700534523,0.5697682499885559,0.0008210206869989634
/Users/aswanathjs/Downloads/test10/ai_plastic_waste_management_training/PET Plastic/black_white_plastic_bottles/dafyh_jpg.rf.076c73290a94ca01aef23325419a693c.jpg,2,PET Plastic,2,PET Plastic,0.9989327788352966,0.0003831384237855673,0.0003237930650357157,0.9989327788352966,0.0002543629670981318,0.00010588167060632259
/Users/aswanathjs/Downloads/test10/ai_plastic_waste_management_training/LDPE Plastic/black_white__plastic_bags/0181_jpg.rf.d1a2b529ab43e74fdd4400ead4a2e147.jpg,1,LDPE Plastic,1,LDPE Plastic,0.9928697943687439,0.0010220555122941732,0.9928697943687439,0.002108307322487235,0.0024603151250630617,0.0015395422233268619
/Users/aswanathjs/Downloads/test10/ai_plastic_waste_management_training/PS Plastic/foam_containers/0058_a06b01c1d0e0f0g0h2.jpg,4,PS Plastic,4,PS Plastic,0.9970996379852295,0.00020089092140551656,0.00013582165411207825,0.00040017286664806306,0.0021634676959365606,0.9970996379852295
/Users/aswanathjs/Downloads/test10/ai_plastic_waste_management_training/HDPE Plastic/shampoo_bottles/0065_a02b03c1d3e0f1g0h1.jpg,0,HDPE Plastic,0,HDPE Plastic,0.9999626874923706,0.9999626874923706,3.043532785795833e-07,1.6239948308793828e-05,1.24043581308797e-05,8.37041898194002e-06
/Users/aswanathjs/Downloads/test10/ai_plastic_waste_management_training/PET Plastic/black_white_plastic_bottles/axjwn_jpg.rf.930c442321a753724f00d9eeac68df83.jpg,2,PET Plastic,2,PET Plastic,0.9996080994606018,0.00011783596710301936,0.00010009339166572317,0.9996080994606018,0.00011651445674942806,5.7394878240302205e-05
/Users/aswanathjs/Downloads/test10/ai_plastic_waste_management_training/HDPE Plastic/shampoo_bottles/0099_a02b01c2d0e0f1g0h1.jpg,0,HDPE Plastic,0,HDPE Plastic,0.9989176988601685,0.9989176988601685,1.1771880053856876e-05,0.0008986516040749848,9.32250331970863e-05,7.85445372457616e-05
/Users/aswanathjs/Downloads/test10/ai_plastic_waste_management_training/PET Plastic/black_white_plastic_bottles/dlqim_jpg.rf.49aecf04ac43203ab00f4ba6060dd26a.jpg,2,PET Plastic,2,PET Plastic,0.9977006316184998,0.0002217581495642662,0.0014315781882032752,0.9977006316184998,0.0004526925622485578,0.00019334048556629568
/Users/aswanathjs/Downloads/test10/ai_plastic_waste_management_training/HDPE Plastic/milk_bottles/HDPEM411.jpg,0,HDPE Plastic,0,HDPE Plastic,0.9998892545700073,0.9998892545700073,8.510560860486294e-07,9.329011845693458e-06,9.469441283727065e-05,5.788677299278788e-06
/Users/aswanathjs/Downloads/test10/ai_plastic_waste_management_training/PS Plastic/foam_sheets/PS-831_jpg.rf.85802094eda0cff845692991503fa453.jpg,4,PS Plastic,4,PS Plastic,0.9998260140419006,1.3316765034687705e-05,9.0817004092969e-05,1.1265486136835534e-05,5.846795465913601e-05,0.9998260140419006
/Users/aswanathjs/Downloads/test10/ai_plastic_waste_management_training/PS Plastic/foam_sheets/PS-707_jpg.rf.94f9902175998b011ca94b428c05fc69.jpg,4,PS Plastic,4,PS Plastic,0.9984233379364014,0.00014732226554770023,0.0006896143313497305,0.00016677839448675513,0.0005729924887418747,0.9984233379364014
/Users/aswanathjs/Downloads/test10/ai_plastic_waste_management_training/PET Plastic/shampoo_bottles/IMG_20220209_220416.jpg,2,PET Plastic,3,PP Plastic,0.4122570753097534,0.2685360908508301,0.05409412458539009,0.23967254161834717,0.4122570753097534,0.025440210476517677
/Users/aswanathjs/Downloads/test10/ai_plastic_waste_management_training/HDPE Plastic/shampoo_bottles/0065_a02b03c2d2e0f1g0h1.jpg,0,HDPE Plastic,0,HDPE Plastic,0.9993584752082825,0.9993584752082825,6.320419174699055e-07,0.000614840944763273,1.1892365364474244e-05,1.4199593351804651e-05
/Users/aswanathjs/Downloads/test10/ai_plastic_waste_management_training/PP Plastic/square_containers_grey/0011_a05b00c2d3e0f0g0h1.jpg,3,PP Plastic,3,PP Plastic,0.7646111249923706,0.07067390531301498,0.0030190839897841215,0.15711957216262817,0.7646111249923706,0.004576341714709997
/Users/aswanathjs/Downloads/test10/ai_plastic_waste_management_training/PP Plastic/rectangle_containers/0011_a05b00c2d3e0f0g0h1.jpg,3,PP Plastic,3,PP Plastic,0.8916048407554626,0.0168781578540802,0.0006132121197879314,0.08831954002380371,0.8916048407554626,0.0025843060575425625
/Users/aswanathjs/Downloads/test10/ai_plastic_waste_management_training/PP Plastic/square_containers/0011_a05b00c2d3e0f0g0h1.jpg,3,PP Plastic,3,PP Plastic,0.8916048407554626,0.0168781578540802,0.0006132121197879314,0.08831954002380371,0.8916048407554626,0.0025843060575425625
/Users/aswanathjs/Downloads/test10/ai_plastic_waste_management_training/PET Plastic/black_white_plastic_bottles/bwstv_jpg.rf.aa64a9e9449fb51bac43ffbe4a3b5e5a.jpg,2,PET Plastic,2,PET Plastic,0.9997765421867371,2.7709565983968787e-05,6.078581282054074e-05,0.9997765421867371,8.979919948615134e-05,4.528838690021075e-05
/Users/aswanathjs/Downloads/test10/ai_plastic_waste_management_training/HDPE Plastic/milk_bottles/HDPEM272.jpg,0,HDPE Plastic,0,HDPE Plastic,0.9997866749763489,0.9997866749763489,8.285051080747508e-07,0.0001589249150129035,3.2660329452482983e-05,2.101832978951279e-05
/Users/aswanathjs/Downloads/test10/ai_plastic_waste_management_training/LDPE Plastic/plastic_bags/plasticbag (56).jpg,1,LDPE Plastic,1,LDPE Plastic,0.9788918495178223,0.001996477134525776,0.9788918495178223,0.0023729924578219652,0.013112034648656845,0.0036265570670366287
/Users/aswanathjs/Downloads/test10/ai_plastic_waste_management_training/LDPE Plastic/plastic_bags_grey/LDPE-594_jpg.rf.b89035ec3ef6f06c7fa939db6fa7491c.jpg,1,LDPE Plastic,1,LDPE Plastic,0.9980985522270203,0.00047143612755462527,0.9980985522270203,0.00028532292344607413,0.0005439260276034474,0.0006008798955008388
/Users/aswanathjs/Downloads/test10/ai_plastic_waste_management_training/LDPE Plastic/plastic_bags/LDPE-594_jpg.rf.b89035ec3ef6f06c7fa939db6fa7491c.jpg,1,LDPE Plastic,1,LDPE Plastic,0.9964978098869324,0.0005802729865536094,0.9964978098869324,0.0004014101286884397,0.0009425266180187464,0.001578005962073803
/Users/aswanathjs/Downloads/test10/ai_plastic_waste_management_training/PP Plastic/square_containers/IMG_20220209_173832.jpg,3,PP Plastic,3,PP Plastic,0.7249804735183716,0.13434453308582306,0.00583098316565156,0.0363946259021759,0.7249804735183716,0.09844937920570374
/Users/aswanathjs/Downloads/test10/ai_plastic_waste_management_training/PET Plastic/black_white_plastic_bottles/adfmq_jpg.rf.3240fe07a40fdb2eecf27c4d47cc6306.jpg,2,PET Plastic,2,PET Plastic,0.999351441860199,0.0003167039540130645,7.543023821199313e-05,0.999351441860199,0.00017955602379515767,7.692016515647992e-05
/Users/aswanathjs/Downloads/test10/ai_plastic_waste_management_training/LDPE Plastic/plastic_bags/LDPE-67_jpg.rf.cf77b7d764d46a171a85693acb521d0e.jpg,1,LDPE Plastic,1,LDPE Plastic,0.9946094751358032,0.0012766652507707477,0.9946094751358032,0.0009771579643711448,0.0017700366443023086,0.001366627519018948
/Users/aswanathjs/Downloads/test10/ai_plastic_waste_management_training/PET Plastic/plastic_bottles/PET846.jpg,2,PET Plastic,2,PET Plastic,0.9957222938537598,0.002381944563239813,0.0003656005428638309,0.9957222938537598,0.0007739545544609427,0.0007562483660876751
/Users/aswanathjs/Downloads/test10/ai_plastic_waste_management_training/LDPE Plastic/black_white__plastic_bags/0296_jpg.rf.4db10543b11aae0afd69dbd7096d9149.jpg,1,LDPE Plastic,1,LDPE Plastic,0.9894518256187439,0.00302145560272038,0.9894518256187439,0.0007370704552158713,0.003246024716645479,0.0035436684265732765
/Users/aswanathjs/Downloads/test10/ai_plastic_waste_management_training/LDPE Plastic/black_white__plastic_bags/0136_jpg.rf.db95282b34819b780bbbcb1a06e489aa.jpg,1,LDPE Plastic,1,LDPE Plastic,0.9992058873176575,0.00018589416868053377,0.9992058873176575,0.00013530859723687172,0.0003557364107109606,0.0001171811600215733
/Users/aswanathjs/Downloads/test10/ai_plastic_waste_management_training/PP Plastic/irregular_containers/valid_PP-79_jpg.rf.760ad3fd57bfa59090e9a557a7d90c2a.jpg,3,PP Plastic,3,PP Plastic,0.9951149225234985,0.0010634862119331956,0.0006890756194479764,0.00035044108517467976,0.9951149225234985,0.0027820616960525513
/Users/aswanathjs/Downloads/test10/ai_plastic_waste_management_training/PP Plastic/round_containers/0009_a06b01c2d0e0f0g0h1.jpg,3,PP Plastic,3,PP Plastic,0.9824258089065552,0.004796118009835482,0.0013581861276179552,0.009583774022758007,0.9824258089065552,0.0018361181719228625
"/Users/aswanathjs/Downloads/test10/ai_plastic_waste_management_training/HDPE Plastic/milk_bottles/HDPEM1,026.JPG",0,HDPE Plastic,0,HDPE Plastic,0.9393602013587952,0.9393602013587952,2.492462590453215e-05,0.05556643754243851,0.004300826694816351,0.0007476339233107865
/Users/aswanathjs/Downloads/test10/ai_plastic_waste_management_training/HDPE Plastic/milk_bottles/HDPEM119.jpg,0,HDPE Plastic,0,HDPE Plastic,0.9999830722808838,0.9999830722808838,2.343659417647359e-07,1.0401949111837894e-05,3.92142464988865e-06,2.4301980374730192e-06
/Users/aswanathjs/Downloads/test10/ai_plastic_waste_management_training/LDPE Plastic/black_white__plastic_bags/0142_jpg.rf.dfab9f74fd01fafc1030c55c45a76b64.jpg,1,LDPE Plastic,1,LDPE Plastic,0.9879966378211975,0.00094471441116184,0.9879966378211975,0.006292998790740967,0.0027770830783993006,0.0019885925576090813
/Users/aswanathjs/Downloads/test10/ai_plastic_waste_management_training/PET Plastic/plastic_bottles/PET859.jpg,2,PET Plastic,2,PET Plastic,0.9935271739959717,0.002799574751406908,0.0017767089884728193,0.9935271739959717,0.0011440851958468556,0.0007525237160734832
/Users/aswanathjs/Downloads/test10/ai_plastic_waste_management_training/PP Plastic/round_containers/0035_a06b01c1d3e0f0g0h4.jpg,3,PP Plastic,3,PP Plastic,0.9949864149093628,0.0035615330561995506,2.764310374914203e-05,0.0010071751894429326,0.9949864149093628,0.0004172426415607333
/Users/aswanathjs/Downloads/test10/ai_plastic_waste_management_training/PP Plastic/round_containers_grey/0035_a06b01c1d3e0f0g0h4.jpg,3,PP Plastic,3,PP Plastic,0.9706549644470215,0.02652852237224579,0.00017101381672546268,0.0016449580434709787,0.9706549644470215,0.001000521588139236
/Users/aswanathjs/Downloads/test10/ai_plastic_waste_management_training/PP Plastic/round_containers/IMG_20220209_174641.jpg,3,PP Plastic,3,PP Plastic,0.9852112531661987,0.0024002264253795147,0.005334573797881603,0.0017751861596480012,0.9852112531661987,0.0052787684835493565
/Users/aswanathjs/Downloads/test10/ai_plastic_waste_management_training/LDPE Plastic/plastic_bags/LDPE-373_jpg.rf.5bbeb3f948cb4fa84774488ae303496c.jpg,1,LDPE Plastic,1,LDPE Plastic,0.9972072243690491,0.00022712034115102142,0.9972072243690491,0.00035047862911596894,0.000987928593531251,0.0012272121384739876
/Users/aswanathjs/Downloads/test10/ai_plastic_waste_management_training/HDPE Plastic/shampoo_bottles/0063_a02b01c2d2e0f1g1h1.jpg,0,HDPE Plastic,0,HDPE Plastic,0.9990440011024475,0.9990440011024475,1.1681196383506176e-06,0.0004899186897091568,0.00044511182932183146,1.9779568901867606e-05
"/Users/aswanathjs/Downloads/test10/ai_plastic_waste_management_training/HDPE Plastic/milk_bottles/HDPEM1,012.JPG",0,HDPE Plastic,0,HDPE Plastic,0.9956218600273132,0.9956218600273132,2.3062946638674475e-05,0.0033290043938905,0.00048298167530447245,0.0005430308519862592
/Users/aswanathjs/Downloads/test10/ai_plastic_waste_management_training/HDPE Plastic/shampoo_bottles/0061_a02b01c1d2e0f1g0h3.jpg,0,HDPE Plastic,0,HDPE Plastic,0.999956488609314,0.999956488609314,7.230583491946163e-07,6.435968316509388e-06,3.1000632588984445e-05,5.367620360630099e-06
/Users/aswanathjs/Downloads/test10/ai_plastic_waste_management_training/LDPE Plastic/bin_bags/LDPE252-Photoroom_0_8871_jpg.rf.a6c1dae810868b40bac8d448e9130ad4.jpg,1,LDPE Plastic,1,LDPE Plastic,0.9810132384300232,0.006840236485004425,0.9810132384300232,0.005450077820569277,0.00428705895319581,0.0024094353429973125
/Users/aswanathjs/Downloads/test10/ai_plastic_waste_management_training/LDPE Plastic/bin_bags/LDPE252-Photoroom_0_8871_jpg.rf.ed69737cc822f338040688cc60f7c004.jpg,1,LDPE Plastic,1,LDPE Plastic,0.9602521061897278,0.017966773360967636,0.9602521061897278,0.010728896595537663,0.0068131424486637115,0.00423897011205554
"/Users/aswanathjs/Downloads/test10/ai_plastic_waste_management_training/PET Plastic/plastic_bottles/PET1,757.jpg",2,PET Plastic,2,PET Plastic,0.6716119647026062,0.10263815522193909,0.08772233128547668,0.6716119647026062,0.12487990409135818,0.013147630728781223
/Users/aswanathjs/Downloads/test10/ai_plastic_waste_management_training/PP Plastic/round_containers/0095_a05b01c1d1e0f0g0h4.jpg,3,PP Plastic,3,PP Plastic,0.9898051023483276,0.009797251783311367,8.850694030115847e-06,0.00036220511537976563,0.9898051023483276,2.657367986103054e-05
/Users/aswanathjs/Downloads/test10/ai_plastic_waste_management_training/PS Plastic/foam_sheets/PS-639_jpg.rf.dca9e30e205b052860e04ea7ba640d16.jpg,4,PS Plastic,4,PS Plastic,0.9985734224319458,0.00018520440789870918,0.0009676215122453868,3.347325400682166e-05,0.00024032256624195725,0.9985734224319458
/Users/aswanathjs/Downloads/test10/ai_plastic_waste_management_training/LDPE Plastic/plastic_bags/plasticbag (205) 17.43.56.jpg,1,LDPE Plastic,1,LDPE Plastic,0.9917548894882202,0.002225846517831087,0.9917548894882202,0.0010667737806215882,0.0026243196334689856,0.0023282100446522236
/Users/aswanathjs/Downloads/test10/ai_plastic_waste_management_training/LDPE Plastic/bin_bags/Image_35.png,1,LDPE Plastic,1,LDPE Plastic,0.9871745109558105,0.0038871834985911846,0.9871745109558105,0.004768626764416695,0.0023918915539979935,0.0017778028268367052
/Users/aswanathjs/Downloads/test10/ai_plastic_waste_management_training/LDPE Plastic/bin_bags_grey/Image_35.png,1,LDPE Plastic,1,LDPE Plastic,0.9898199439048767,0.0027436804957687855,0.9898199439048767,0.0031890585087239742,0.002559543354436755,0.0016877560410648584
/Users/aswanathjs/Downloads/test10/ai_plastic_waste_management_training/PP Plastic/square_containers/Image_35.png,1,LDPE Plastic,3,PP Plastic,0.7609878778457642,0.011025290936231613,0.14626161754131317,0.010088657960295677,0.7609878778457642,0.07163654267787933
/Users/aswanathjs/Downloads/test10/ai_plastic_waste_management_training/PS Plastic/foam_containers/Image_35.png,1,LDPE Plastic,1,LDPE Plastic,0.4402232766151428,0.16213393211364746,0.4402232766151428,0.031968481838703156,0.20692452788352966,0.1587497442960739
/Users/aswanathjs/Downloads/test10/ai_plastic_waste_management_training/LDPE Plastic/black_white__plastic_bags/0288_jpg.rf.eb988942aef4f64be141c15b0730883c.jpg,1,LDPE Plastic,1,LDPE Plastic,0.9971649050712585,0.0004977816133759916,0.9971649050712585,0.0015051554655656219,0.0004972760216332972,0.00033485720632597804
/Users/aswanathjs/Downloads/test10/ai_plastic_waste_management_training/PP Plastic/square_containers/Image_81.png,3,PP Plastic,3,PP Plastic,0.9390844702720642,0.004432761110365391,0.01015614066272974,0.0019278049003332853,0.9390844702720642,0.044398777186870575
/Users/aswanathjs/Downloads/test10/ai_plastic_waste_management_training/PS Plastic/foam_containers/Image_81.png,3,PP Plastic,4,PS Plastic,0.48593172430992126,0.071708545088768,0.23694239556789398,0.028782516717910767,0.17663484811782837,0.48593172430992126
/Users/aswanathjs/Downloads/test10/ai_plastic_waste_management_training/LDPE Plastic/plastic_bags/LDPE-720_jpg.rf.eddaa6e2078e036d7189603785b0e98d.jpg,1,LDPE Plastic,1,LDPE Plastic,0.9848239421844482,0.001460760016925633,0.9848239421844482,0.0023244356270879507,0.004954640753567219,0.006436308845877647
/Users/aswanathjs/Downloads/test10/ai_plastic_waste_management_training/PS Plastic/foam_containers/0058_a06b01c1d1e0f0g0h3.jpg,4,PS Plastic,4,PS Plastic,0.999687671661377,4.971048474544659e-05,6.316004873951897e-05,4.724008613266051e-05,0.00015224497474264354,0.999687671661377
/Users/aswanathjs/Downloads/test10/ai_plastic_waste_management_training/PET Plastic/plastic_bottles/PET980.jpg,2,PET Plastic,2,PET Plastic,0.9996123909950256,0.00014324573567137122,1.0203095371252857e-05,0.9996123909950256,0.00019005921785719693,4.404865103424527e-05
/Users/aswanathjs/Downloads/test10/ai_plastic_waste_management_training/PET Plastic/plastic_bottles/PET597.jpg,2,PET Plastic,2,PET Plastic,0.9981555342674255,0.0011299417819827795,8.194803740479983e-06,0.9981555342674255,0.0006380847771652043,6.823349394835532e-05
/Users/aswanathjs/Downloads/test10/ai_plastic_waste_management_training/HDPE Plastic/shampoo_bottles/0099_a02b01c1d3e0f1g0h3.jpg,0,HDPE Plastic,0,HDPE Plastic,0.9998887777328491,0.9998887777328491,4.098831141163828e-06,5.516385044757044e-06,9.779919491847977e-05,3.861387540382566e-06
/Users/aswanathjs/Downloads/test10/ai_plastic_waste_management_training/PS Plastic/foam_containers/Image_231.png,4,PS Plastic,4,PS Plastic,0.43208563327789307,0.05543965473771095,0.19757625460624695,0.02677806466817856,0.28812041878700256,0.43208563327789307
/Users/aswanathjs/Downloads/test10/ai_plastic_waste_management_training/PET Plastic/plastic_bottles/PET345.jpg,2,PET Plastic,2,PET Plastic,0.9996174573898315,0.0001794981799321249,1.2515351954789367e-05,0.9996174573898315,0.00016854093701113015,2.2013738998793997e-05
/Users/aswanathjs/Downloads/test10/ai_plastic_waste_management_training/PET Plastic/black_white_plastic_bottles/bsagu_jpg.rf.e7fc2809e4f1e5c278e8eeb0e20335e7.jpg,2,PET Plastic,2,PET Plastic,0.9831783175468445,0.0013610203750431538,0.009491532109677792,0.9831783175468445,0.0041700550355017185,0.0017991118365898728
/Users/aswanathjs/Downloads/test10/ai_plastic_waste_management_training/LDPE Plastic/plastic_bags/plasticbag (124) 17.43.56.jpg,1,LDPE Plastic,1,LDPE Plastic,0.9594854116439819,0.00542274909093976,0.9594854116439819,0.006832180544734001,0.014925067313015461,0.01333461981266737
/Users/aswanathjs/Downloads/test10/ai_plastic_waste_management_training/LDPE Plastic/plastic_bags/plasticbag (76).jpg,1,LDPE Plastic,1,LDPE Plastic,0.9750474095344543,0.005561955273151398,0.9750474095344543,0.003260947996750474,0.010314272716641426,0.005815397948026657
/Users/aswanathjs/Downloads/test10/ai_plastic_waste_management_training/PET Plastic/plastic_bottles/PET918.jpg,2,PET Plastic,2,PET Plastic,0.997469425201416,0.00234019011259079,9.620459422876593e-06,0.997469425201416,0.0001395130093442276,4.129687658860348e-05
/Users/aswanathjs/Downloads/test10/ai_plastic_waste_management_training/PET Plastic/plastic_bottles/PET641.jpg,2,PET Plastic,2,PET Plastic,0.9960046410560608,0.0010899908374994993,0.0008506202721036971,0.9960046410560608,0.001916829263791442,0.00013797642895951867
/Users/aswanathjs/Downloads/test10/ai_plastic_waste_management_training/PET Plastic/black_white_plastic_bottles/bmgvp_jpg.rf.727f4623eba05871250143f70b1d3a2f.jpg,2,PET Plastic,2,PET Plastic,0.972116231918335,0.004055151250213385,0.017643747851252556,0.972116231918335,0.005321234930306673,0.0008635655394755304
/Users/aswanathjs/Downloads/test10/ai_plastic_waste_management_training/PS Plastic/foam_containers/Image_206.png,4,PS Plastic,4,PS Plastic,0.43046829104423523,0.04938137158751488,0.15641863644123077,0.05024292320013046,0.31348875164985657,0.43046829104423523
/Users/aswanathjs/Downloads/test10/ai_plastic_waste_management_training/PP Plastic/round_containers/0043_a06b01c2d2e0f0g0h4.jpg,3,PP Plastic,3,PP Plastic,0.9995135068893433,0.00032851481228135526,2.28646367759211e-05,9.091112588066608e-05,0.9995135068893433,4.4137981603853405e-05
/Users/aswanathjs/Downloads/test10/ai_plastic_waste_management_training/HDPE Plastic/shampoo_bottles/0099_a02b01c2d3e0f1g0h1.jpg,0,HDPE Plastic,0,HDPE Plastic,0.9900610446929932,0.9900610446929932,0.00014357159670908004,0.0031191790476441383,0.005076537374407053,0.0015996855217963457
/Users/aswanathjs/Downloads/test10/ai_plastic_waste_management_training/LDPE Plastic/plastic_bags/LDPE-378_jpg.rf.8a91c4aa5f84d7394018793dc121b7b6.jpg,1,LDPE Plastic,1,LDPE Plastic,0.9973606467247009,0.00020565676095429808,0.9973606467247009,0.00034279737155884504,0.0010271611390635371,0.0010638049570843577
/Users/aswanathjs/Downloads/test10/ai_plastic_waste_management_training/PS Plastic/foam_sheets/PS-640_jpg.rf.3c405ab3ce363ce4062d8548c785c29d.jpg,4,PS Plastic,4,PS Plastic,0.9333131909370422,0.007339000701904297,0.04556775093078613,0.005371729377657175,0.008408336900174618,0.9333131909370422
/Users/aswanathjs/Downloads/test10/ai_plastic_waste_management_training/HDPE Plastic/shampoo_bottles/0078_a02b07c1d1e0f1g0h4.jpg,0,HDPE Plastic,0,HDPE Plastic,0.9998001456260681,0.9998001456260681,4.08892628911417e-06,0.00016387268260587007,2.5025861759786494e-05,6.931784810149111e-06
/Users/aswanathjs/Downloads/test10/ai_plastic_waste_management_training/LDPE Plastic/plastic_bags/plasticbag (136).jpg,1,LDPE Plastic,1,LDPE Plastic,0.9420716166496277,0.008753150701522827,0.9420716166496277,0.011050560511648655,0.026727596297860146,0.011397103779017925
/Users/aswanathjs/Downloads/test10/ai_plastic_waste_management_training/PET Plastic/black_white_plastic_bottles/amcip_jpg.rf.07ca697a8a4cf55090b0845e49e5dee3.jpg,2,PET Plastic,2,PET Plastic,0.9984329342842102,0.000553610734641552,0.00035563448909670115,0.9984329342842102,0.00044291181256994605,0.00021491288498509675
/Users/aswanathjs/Downloads/test10/ai_plastic_waste_management_training/HDPE Plastic/detergent_bottles/0096_a02b04c1d0e0f0g0h1.jpg,0,HDPE Plastic,0,HDPE Plastic,0.9948425889015198,0.9948425889015198,9.603962826076895e-05,0.0006944069173187017,0.0030658238101750612,0.0013012237614020705
/Users/aswanathjs/Downloads/test10/ai_plastic_waste_management_training/PET Plastic/black_white_plastic_bottles/bgohi_jpg.rf.cf847f578fcd94148a6c31a83fbfe20f.jpg,2,PET Plastic,2,PET Plastic,0.9973376393318176,0.0005048958701081574,0.0002922589483205229,0.9973376393318176,0.0015065845800563693,0.00035867272526957095
/Users/aswanathjs/Downloads/test10/ai_plastic_waste_management_training/LDPE Plastic/black_white__plastic_bags/0157_jpg.rf.7f3e73c17f516b83e16707a2c6852456.jpg,1,LDPE Plastic,1,LDPE Plastic,0.9911537766456604,0.0008657160215079784,0.9911537766456604,0.0015480448491871357,0.0015863176668062806,0.004846086259931326
/Users/aswanathjs/Downloads/test10/ai_plastic_waste_management_training/PS Plastic/foam_containers/Image_159.png,4,PS Plastic,4,PS Plastic,0.4420366883277893,0.05551016330718994,0.2605575919151306,0.016777610406279564,0.22511787712574005,0.4420366883277893
/Users/aswanathjs/Downloads/test10/ai_plastic_waste_management_training/PS Plastic/foam_containers/Image_157.png,4,PS Plastic,4,PS Plastic,0.5903640985488892,0.046759847551584244,0.16070252656936646,0.01262464839965105,0.18954892456531525,0.5903640985488892
/Users/aswanathjs/Downloads/test10/ai_plastic_waste_management_training/HDPE Plastic/detergent_bottles/0096_a02b04c1d1e0f0g0h3.jpg,0,HDPE Plastic,0,HDPE Plastic,0.999936580657959,0.999936580657959,2.0732068151119165e-06,6.143473569864e-07,5.852976755704731e-05,2.297776291015907e-06
/Users/aswanathjs/Downloads/test10/ai_plastic_waste_management_training/HDPE Plastic/detergent_botteles_grey/0096_a02b04c1d1e0f0g0h3.jpg,0,HDPE Plastic,0,HDPE Plastic,0.9942962527275085,0.9942962527275085,0.002305607544258237,0.00012199135380797088,0.0032400258351117373,3.612759246607311e-05
/Users/aswanathjs/Downloads/test10/ai_plastic_waste_management_training/LDPE Plastic/plastic_bags/plasticbag (108).jpg,1,LDPE Plastic,1,LDPE Plastic,0.5696896910667419,0.060320254415273666,0.5696896910667419,0.05981918051838875,0.10080394893884659,0.20936700701713562
/Users/aswanathjs/Downloads/test10/ai_plastic_waste_management_training/LDPE Plastic/black_white__plastic_bags/0098_jpg.rf.5b705dd9b706e7b8b8e109c0fbc07f06.jpg,1,LDPE Plastic,2,PET Plastic,0.4711442291736603,0.055168893188238144,0.19032767415046692,0.4711442291736603,0.19518952071666718,0.08816968649625778
/Users/aswanathjs/Downloads/test10/ai_plastic_waste_management_training/LDPE Plastic/black_white__plastic_bags/0241_jpg.rf.62b35e16b1e00c19df5a1d505eefbf4f.jpg,1,LDPE Plastic,1,LDPE Plastic,0.9979488253593445,0.0004415998701006174,0.9979488253593445,0.0008059121901169419,0.00040798293775878847,0.00039571657544001937
/Users/aswanathjs/Downloads/test10/ai_plastic_waste_management_training/PET Plastic/black_white_plastic_bottles/cfklg_jpg.rf.bb2bd11c0ad56a75e50c389e2a8ead15.jpg,2,PET Plastic,2,PET Plastic,0.9994669556617737,8.64885441842489e-05,8.543155126972124e-05,0.9994669556617737,0.000222508650040254,0.00013857230078428984
/Users/aswanathjs/Downloads/test10/ai_plastic_waste_management_training/PET Plastic/shampoo_bottles/0015_a05b00c1d3e1f1g0h2.jpg,2,PET Plastic,2,PET Plastic,0.7658818364143372,0.10792817920446396,0.0005015128990635276,0.7658818364143372,0.11982536315917969,0.005863131023943424
/Users/aswanathjs/Downloads/test10/ai_plastic_waste_management_training/HDPE Plastic/milk_bottles/HDPEM229.jpg,0,HDPE Plastic,0,HDPE Plastic,0.9997156262397766,0.9997156262397766,5.424791652330896e-06,0.00012221711222082376,8.245666685979813e-05,7.425060903187841e-05
/Users/aswanathjs/Downloads/test10/ai_plastic_waste_management_training/HDPE Plastic/milk_bottles_grey/HDPEM229.jpg,0,HDPE Plastic,0,HDPE Plastic,0.9940769672393799,0.9940769672393799,0.00035911344457417727,0.0007457691826857626,0.003717166604474187,0.0011010338785126805
/Users/aswanathjs/Downloads/test10/ai_plastic_waste_management_training/PP Plastic/round_containers/IMG_20220209_174703.jpg,3,PP Plastic,3,PP Plastic,0.8671579957008362,0.04436332732439041,0.050312694162130356,0.011154189705848694,0.8671579957008362,0.02701178379356861
"/Users/aswanathjs/Downloads/test10/ai_plastic_waste_management_training/PET Plastic/plastic_bottles/PET1,633.jpg",2,PET Plastic,2,PET Plastic,0.9974851608276367,0.0009157592430710793,0.0005962375435046852,0.9974851608276367,0.0008215105044655502,0.00018129940144717693
/Users/aswanathjs/Downloads/test10/ai_plastic_waste_management_training/PET Plastic/plastic_bottles/PET998.jpg,2,PET Plastic,2,PET Plastic,0.9991611242294312,0.0004030846757814288,0.00018398670363239944,0.9991611242294312,0.00021370123431552202,3.8066307752160355e-05
/Users/aswanathjs/Downloads/test10/ai_plastic_waste_management_training/LDPE Plastic/black_white__plastic_bags/0261_jpg.rf.f37ca61bfe06d11a4b818dbe14bcce94.jpg,1,LDPE Plastic,1,LDPE Plastic,0.9474274516105652,0.00424750242382288,0.9474274516105652,0.013221267610788345,0.022670861333608627,0.012432852759957314
/Users/aswanathjs/Downloads/test10/ai_plastic_waste_management_training/LDPE Plastic/black_white__plastic_bags/0238_jpg.rf.90501b6479a5078099f052c36ce27707.jpg,1,LDPE Plastic,1,LDPE Plastic,0.9894943833351135,0.0007154742488637567,0.9894943833351135,0.001760978251695633,0.005554493982344866,0.0024746335111558437
/Users/aswanathjs/Downloads/test10/ai_plastic_waste_management_training/PET Plastic/plastic_bottles/PET697.jpg,2,PET Plastic,2,PET Plastic,0.9995787739753723,0.00014732294948771596,7.320762233575806e-05,0.9995787739753723,0.0001303801836911589,7.027550600469112e-05
/Users/aswanathjs/Downloads/test10/ai_plastic_waste_management_training/HDPE Plastic/milk_bottles/HDPEM386.jpg,0,HDPE Plastic,0,HDPE Plastic,0.9999604225158691,0.9999604225158691,9.469820838603482e-08,2.3415110263158567e-05,1.1141652066726238e-05,5.017411695007468e-06
/Users/aswanathjs/Downloads/test10/ai_plastic_waste_management_training/HDPE Plastic/milk_bottles/HDPEM131.jpg,0,HDPE Plastic,0,HDPE Plastic,0.9999916553497314,0.9999916553497314,1.172505506019661e-07,1.464774641135591e-06,3.818490313278744e-06,3.0137885005387943e-06
/Users/aswanathjs/Downloads/test10/ai_plastic_waste_management_training/PS Plastic/foam_sheets/PS-516_jpg.rf.3facb79a8b04a6d852f51994a02adf8d.jpg,4,PS Plastic,4,PS Plastic,0.997173547744751,0.0002285229420522228,0.0011433641193434596,0.0006757003138773143,0.0007789789815433323,0.997173547744751
/Users/aswanathjs/Downloads/test10/ai_plastic_waste_management_training/HDPE Plastic/milk_bottles/HDPEM22.jpg,0,HDPE Plastic,0,HDPE Plastic,0.5486987233161926,0.5486987233161926,0.03140052780508995,0.006789838429540396,0.2312646210193634,0.18184632062911987
/Users/aswanathjs/Downloads/test10/ai_plastic_waste_management_training/PS Plastic/foam_sheets/PS-553_jpg.rf.2b55405fe1c5400324d71fefd8fa7800.jpg,4,PS Plastic,4,PS Plastic,0.9878831505775452,0.0010933235753327608,0.008971448987722397,0.0008747539832256734,0.001177306054159999,0.9878831505775452
"/Users/aswanathjs/Downloads/test10/ai_plastic_waste_management_training/PET Plastic/plastic_bottles/PET1,246.jpg",2,PET Plastic,2,PET Plastic,0.9942580461502075,0.00548964086920023,9.31550584937213e-06,0.9942580461502075,0.00021736975759267807,2.5530660423100926e-05
/Users/aswanathjs/Downloads/test10/ai_plastic_waste_management_training/PS Plastic/foam_sheets/PS-745_jpg.rf.fa2e8c9df1912a705ad9bb778658360b.jpg,4,PS Plastic,4,PS Plastic,0.9975887537002563,0.00018485845066606998,0.0011959709227085114,0.0002496566448826343,0.0007808135123923421,0.9975887537002563
/Users/aswanathjs/Downloads/test10/ai_plastic_waste_management_training/LDPE Plastic/plastic_bags_grey/LDPE-587_jpg.rf.71633c7f379410ab207a7f5f645cec75.jpg,1,LDPE Plastic,1,LDPE Plastic,0.9982782602310181,0.0004651156486943364,0.9982782602310181,0.0003972366394009441,0.0003561594057828188,0.0005032160552218556
/Users/aswanathjs/Downloads/test10/ai_plastic_waste_management_training/LDPE Plastic/plastic_bags/LDPE-587_jpg.rf.71633c7f379410ab207a7f5f645cec75.jpg,1,LDPE Plastic,1,LDPE Plastic,0.9978256821632385,0.0004975616466253996,0.9978256821632385,0.0004531746089924127,0.0003941252070944756,0.0008294334984384477
/Users/aswanathjs/Downloads/test10/ai_plastic_waste_management_training/PET Plastic/plastic_bottles/PET315.jpg,2,PET Plastic,2,PET Plastic,0.8328077793121338,0.13826854526996613,0.0008202891331166029,0.8328077793121338,0.027436327189207077,0.0006670642760582268
/Users/aswanathjs/Downloads/test10/ai_plastic_waste_management_training/LDPE Plastic/black_white__plastic_bags/0190_jpg.rf.978a839afed93a8942f10bfa53782ca3.jpg,1,LDPE Plastic,1,LDPE Plastic,0.9861918687820435,0.007167356088757515,0.9861918687820435,0.0018776243086904287,0.002768129575997591,0.001995016587898135
/Users/aswanathjs/Downloads/test10/ai_plastic_waste_management_training/HDPE Plastic/detergent_bottles/0039_a02b01c2d2e0f1g0h2.jpg,0,HDPE Plastic,0,HDPE Plastic,0.9978287816047668,0.9978287816047668,4.545523916021921e-05,0.0010809919331222773,0.0008739358163438737,0.00017086397565435618
/Users/aswanathjs/Downloads/test10/ai_plastic_waste_management_training/PET Plastic/black_white_plastic_bottles/arbgx_jpg.rf.18ab2d8a97f0ed6065c96264854b42ef.jpg,2,PET Plastic,2,PET Plastic,0.9982202649116516,0.0011543467408046126,7.373339758487418e-05,0.9982202649116516,0.0003597266331780702,0.0001918307680170983
/Users/aswanathjs/Downloads/test10/ai_plastic_waste_management_training/HDPE Plastic/milk_bottles/HDPEM209.jpg,0,HDPE Plastic,0,HDPE Plastic,0.9999345541000366,0.9999345541000366,7.954528769005265e-07,2.89512136077974e-05,2.7608715754467994e-05,8.150285793817602e-06
/Users/aswanathjs/Downloads/test10/ai_plastic_waste_management_training/LDPE Plastic/plastic_bags/LDPE-471_jpg.rf.c31a2c365dd4102deb4f27a80bad3d4e.jpg,1,LDPE Plastic,1,LDPE Plastic,0.9757736325263977,0.007709318306297064,0.9757736325263977,0.006237715017050505,0.005857016891241074,0.004422251135110855
/Users/aswanathjs/Downloads/test10/ai_plastic_waste_management_training/PET Plastic/shampoo_bottles/0080_a05b00c1d2e0f1g0h3.jpg,2,PET Plastic,2,PET Plastic,0.8295541405677795,0.0005029222811572254,0.0001455561287002638,0.8295541405677795,0.16929353773593903,0.0005038452218286693
/Users/aswanathjs/Downloads/test10/ai_plastic_waste_management_training/PET Plastic/plastic_bottles/PET301.jpg,2,PET Plastic,2,PET Plastic,0.9997937083244324,0.00015408502076752484,1.0339132131775841e-05,0.9997937083244324,2.2294201698969118e-05,1.9618073565652594e-05
/Users/aswanathjs/Downloads/test10/ai_plastic_waste_management_training/PET Plastic/plastic_bottles/PET566.jpg,2,PET Plastic,2,PET Plastic,0.9999278783798218,2.4856009986251593e-05,6.148856755316956e-06,0.9999278783798218,3.072332765441388e-05,1.04207274489454e-05
/Users/aswanathjs/Downloads/test10/ai_plastic_waste_management_training/LDPE Plastic/plastic_bags/LDPE-483_jpg.rf.6953799daaa8663a1b0f83270c56396d.jpg,1,LDPE Plastic,1,LDPE Plastic,0.9981831908226013,0.0004381159960757941,0.9981831908226013,0.0005269863177090883,0.00041566952131688595,0.00043601373909041286
/Users/aswanathjs/Downloads/test10/ai_plastic_waste_management_training/HDPE Plastic/shampoo_bottles/0099_a02b01c2d2e0f1g0h1.jpg,0,HDPE Plastic,0,HDPE Plastic,0.995644211769104,0.995644211769104,5.077430250821635e-05,0.0009536239085718989,0.002824605442583561,0.0005267029046081007
/Users/aswanathjs/Downloads/test10/ai_plastic_waste_management_training/LDPE Plastic/plastic_bags/LDPE-31_jpg.rf.11403c96c374608d8e1d3b7e6780402c.jpg,1,LDPE Plastic,1,LDPE Plastic,0.9891617298126221,0.0020549274049699306,0.9891617298126221,0.002697122748941183,0.002580326981842518,0.00350576383061707
/Users/aswanathjs/Downloads/test10/ai_plastic_waste_management_training/HDPE Plastic/shampoo_bottles/0077_a02b01c2d3e0f1g0h1.jpg,0,HDPE Plastic,0,HDPE Plastic,0.9991753697395325,0.9991753697395325,1.8045249134956975e-06,6.487454811576754e-05,0.0007169962045736611,4.085052205482498e-05
/Users/aswanathjs/Downloads/test10/ai_plastic_waste_management_training/HDPE Plastic/milk_bottles/HDPEM360.jpg,0,HDPE Plastic,0,HDPE Plastic,0.9995705485343933,0.9995705485343933,2.234842668258352e-06,0.00018486798217054456,0.0001669988560024649,7.544871914433315e-05
/Users/aswanathjs/Downloads/test10/ai_plastic_waste_management_training/PS Plastic/foam_containers/styrofoam-155-_jpg.rf.8112fc6e200813cb30aa96a85bb1e9b8.jpg,4,PS Plastic,4,PS Plastic,0.7714715003967285,0.02398155815899372,0.019792987033724785,0.00665695546194911,0.17809686064720154,0.7714715003967285
/Users/aswanathjs/Downloads/test10/ai_plastic_waste_management_training/HDPE Plastic/detergent_bottles/0098_a02b03c1d1e0f0g0h4.jpg,0,HDPE Plastic,0,HDPE Plastic,0.9988541603088379,0.9988541603088379,1.3678903997060843e-05,2.6916908609564416e-05,0.001023104414343834,8.214647823479027e-05
/Users/aswanathjs/Downloads/test10/ai_plastic_waste_management_training/PET Plastic/black_white_plastic_bottles/dpomr_jpg.rf.ab8a28a7730fb63c0b7ae72fc5b64c7a.jpg,2,PET Plastic,2,PET Plastic,0.9998645782470703,2.1865669623366557e-05,2.0893197870464064e-05,0.9998645782470703,8.279417670564726e-05,9.808445611270145e-06
/Users/aswanathjs/Downloads/test10/ai_plastic_waste_management_training/PET Plastic/black_white_plastic_bottles/cqkau_jpg.rf.2182440ea8e7e4e637da1f4d7699d4f4.jpg,2,PET Plastic,2,PET Plastic,0.8389312028884888,0.0030550560913980007,0.14808040857315063,0.8389312028884888,0.007043525576591492,0.0028898026794195175
/Users/aswanathjs/Downloads/test10/ai_plastic_waste_management_training/HDPE Plastic/shampoo_bottles/0061_a02b01c2d3e0f1g0h0.jpg,0,HDPE Plastic,0,HDPE Plastic,0.9988131523132324,0.9988131523132324,7.162086694734171e-05,0.00013113318709656596,0.0007587199797853827,0.00022539270867127925
/Users/aswanathjs/Downloads/test10/ai_plastic_waste_management_training/PP Plastic/square_containers_grey/IMG_20220209_173111.jpg,3,PP Plastic,3,PP Plastic,0.8338062763214111,0.07581496238708496,0.0036888958420604467,0.01497611217200756,0.8338062763214111,0.07171370834112167
/Users/aswanathjs/Downloads/test10/ai_plastic_waste_management_training/PP Plastic/square_containers/IMG_20220209_173111.jpg,3,PP Plastic,3,PP Plastic,0.8578565716743469,0.126287043094635,0.0013126317644491792,0.0008722083875909448,0.8578565716743469,0.013671493157744408
/Users/aswanathjs/Downloads/test10/ai_plastic_waste_management_training/PET Plastic/shampoo_bottles/0015_a05b00c1d2e1f1g0h3.jpg,2,PET Plastic,2,PET Plastic,0.9731044769287109,0.002783524803817272,3.187658148817718e-05,0.9731044769287109,0.023991141468286514,8.909103780752048e-05
/Users/aswanathjs/Downloads/test10/ai_plastic_waste_management_training/LDPE Plastic/plastic_bags/train_LDPE-6_jpg.rf.e4dbd04b7817daefe90e70465425a44a.jpg,1,LDPE Plastic,1,LDPE Plastic,0.9671518206596375,0.007163119502365589,0.9671518206596375,0.007840475998818874,0.005310952663421631,0.012533502653241158
/Users/aswanathjs/Downloads/test10/ai_plastic_waste_management_training/HDPE Plastic/shampoo_bottles/0063_a02b01c2d2e0f1g1h2.jpg,0,HDPE Plastic,0,HDPE Plastic,0.9638438820838928,0.9638438820838928,0.002252205042168498,0.006894057150930166,0.023073289543390274,0.003936549182981253
/Users/aswanathjs/Downloads/test10/ai_plastic_waste_management_training/HDPE Plastic/milk_bottles/P_W (1066).jpg,0,HDPE Plastic,0,HDPE Plastic,0.919348955154419,0.919348955154419,0.00132671557366848,0.007901562377810478,0.04088367521762848,0.030539026483893394
/Users/aswanathjs/Downloads/test10/ai_plastic_waste_management_training/PP Plastic/rectangle_containers/0011_a05b00c1d2e0f0g0h0.jpg,3,PP Plastic,3,PP Plastic,0.98579341173172,0.0014607603661715984,0.0007033817237243056,0.0034104217775166035,0.98579341173172,0.00863207969814539
/Users/aswanathjs/Downloads/test10/ai_plastic_waste_management_training/PP Plastic/square_containers/0011_a05b00c1d2e0f0g0h0.jpg,3,PP Plastic,3,PP Plastic,0.98579341173172,0.0014607603661715984,0.0007033817237243056,0.0034104217775166035,0.98579341173172,0.00863207969814539
/Users/aswanathjs/Downloads/test10/ai_plastic_waste_management_training/LDPE Plastic/plastic_bags/train_LDPE-71_jpg.rf.02a70bcaf7f2d9df1c71fb6ca68860e6.jpg,1,LDPE Plastic,1,LDPE Plastic,0.9737740755081177,0.006155666895210743,0.9737740755081177,0.007366139907389879,0.005330477841198444,0.007373572327196598
/Users/aswanathjs/Downloads/test10/ai_plastic_waste_management_training/HDPE Plastic/shampoo_bottles/0061_a02b01c1d3e0f1g0h0.jpg,0,HDPE Plastic,0,HDPE Plastic,0.9995524287223816,0.9995524287223816,4.115484989597462e-05,3.959257446695119e-05,0.000258475833106786,0.00010832738917088136
/Users/aswanathjs/Downloads/test10/ai_plastic_waste_management_training/PS Plastic/foam_sheets/PS-596_jpg.rf.d5ef4bfb65cddfd280ac731f411a2f78.jpg,4,PS Plastic,4,PS Plastic,0.9732438921928406,0.0037223731633275747,0.01948949508368969,0.0012813175562769175,0.002262906637042761,0.9732438921928406
/Users/aswanathjs/Downloads/test10/ai_plastic_waste_management_training/PET Plastic/plastic_bottles/PET318.jpg,2,PET Plastic,2,PET Plastic,0.995014488697052,0.0006711746682412922,0.002192743355408311,0.995014488697052,0.001882427604869008,0.00023917274666018784
/Users/aswanathjs/Downloads/test10/ai_plastic_waste_management_training/HDPE Plastic/shampoo_bottles/0099_a02b01c1d3e0f1g0h1.jpg,0,HDPE Plastic,0,HDPE Plastic,0.9918455481529236,0.9918455481529236,9.384319128002971e-05,0.0020615949761122465,0.005365991033613682,0.000633035961072892
/Users/aswanathjs/Downloads/test10/ai_plastic_waste_management_training/PET Plastic/plastic_bottles/PET590.jpg,2,PET Plastic,2,PET Plastic,0.9824198484420776,0.016440458595752716,2.8649459636653773e-05,0.9824198484420776,0.0007867175154387951,0.0003243176906835288
/Users/aswanathjs/Downloads/test10/ai_plastic_waste_management_training/LDPE Plastic/black_white__plastic_bags/0231_jpg.rf.8f1ada47c955efa6f7a8ff3805caa693.jpg,1,LDPE Plastic,1,LDPE Plastic,0.9903378486633301,0.0012020852882415056,0.9903378486633301,0.006570467725396156,0.0008481318945996463,0.0010414993157610297
/Users/aswanathjs/Downloads/test10/ai_plastic_waste_management_training/PP Plastic/round_containers/IMG20220210150831.jpg,3,PP Plastic,3,PP Plastic,0.9444688558578491,0.0035180803388357162,0.02607118897140026,0.0022291564382612705,0.9444688558578491,0.023712685331702232
/Users/aswanathjs/Downloads/test10/ai_plastic_waste_management_training/LDPE Plastic/bin_bags/Image_58.png,1,LDPE Plastic,1,LDPE Plastic,0.9895133376121521,0.004085231572389603,0.9895133376121521,0.0009674317552708089,0.003166674403473735,0.0022673080675303936
/Users/aswanathjs/Downloads/test10/ai_plastic_waste_management_training/PS Plastic/form_containers_grey/Image_58.png,1,LDPE Plastic,4,PS Plastic,0.40468481183052063,0.0448741540312767,0.29553863406181335,0.01522123534232378,0.2396811842918396,0.40468481183052063
/Users/aswanathjs/Downloads/test10/ai_plastic_waste_management_training/PS Plastic/foam_containers/Image_58.png,1,LDPE Plastic,4,PS Plastic,0.404868483543396,0.044871214777231216,0.2956363260746002,0.01521079707890749,0.23941317200660706,0.404868483543396
/Users/aswanathjs/Downloads/test10/ai_plastic_waste_management_training/HDPE Plastic/shampoo_bottles/0075_a02b01c1d0e0f0g0h1.jpg,0,HDPE Plastic,0,HDPE Plastic,0.9961053729057312,0.9961053729057312,3.2113344786921516e-05,0.0022955022286623716,0.0015238258056342602,4.321247979532927e-05
/Users/aswanathjs/Downloads/test10/ai_plastic_waste_management_training/HDPE Plastic/milk_bottles/HDPEM80.jpg,0,HDPE Plastic,0,HDPE Plastic,0.9999680519104004,0.9999680519104004,6.082445480615206e-08,2.4159238819265738e-05,4.0605937101645395e-06,3.626895249908557e-06
/Users/aswanathjs/Downloads/test10/ai_plastic_waste_management_training/LDPE Plastic/bin_bags/Image_60.png,1,LDPE Plastic,1,LDPE Plastic,0.9731017351150513,0.009120018221437931,0.9731017351150513,0.004663932602852583,0.008088001981377602,0.005026418250054121
/Users/aswanathjs/Downloads/test10/ai_plastic_waste_management_training/PS Plastic/foam_containers/Image_60.png,1,LDPE Plastic,1,LDPE Plastic,0.36575573682785034,0.0818394273519516,0.36575573682785034,0.043003108352422714,0.15618732571601868,0.3532143235206604
/Users/aswanathjs/Downloads/test10/ai_plastic_waste_management_training/HDPE Plastic/shampoo_bottles/0023_a02b01c1d3e0f1g0h0.jpg,0,HDPE Plastic,0,HDPE Plastic,0.9824088215827942,0.9824088215827942,1.3522174413083121e-05,0.0041319276206195354,0.013340525329113007,0.0001052235093084164
/Users/aswanathjs/Downloads/test10/ai_plastic_waste_management_training/PET Plastic/black_white_plastic_bottles/bxqtf_jpg.rf.8953710a25c45ea6d46dd60a14bd9685.jpg,2,PET Plastic,2,PET Plastic,0.995623767375946,0.0015379044925794005,0.0012475555995479226,0.995623767375946,0.0005981665453873575,0.000992638524621725
/Users/aswanathjs/Downloads/test10/ai_plastic_waste_management_training/HDPE Plastic/detergent_bottles/0096_a02b04c2d2e0f0g0h3.jpg,0,HDPE Plastic,0,HDPE Plastic,0.9995535016059875,0.9995535016059875,6.4711035520304e-05,3.9088270568754524e-05,0.00030261510983109474,4.002144487458281e-05
/Users/aswanathjs/Downloads/test10/ai_plastic_waste_management_training/HDPE Plastic/detergent_botteles_grey/0096_a02b04c2d2e0f0g0h3.jpg,0,HDPE Plastic,0,HDPE Plastic,0.98091059923172,0.98091059923172,0.013016484677791595,0.0016622563125565648,0.003921653144061565,0.0004890122800134122
/Users/aswanathjs/Downloads/test10/ai_plastic_waste_management_training/LDPE Plastic/plastic_bags/LDPE-62_jpg.rf.c42e94513945b3935fa53a486ff698f9.jpg,1,LDPE Plastic,1,LDPE Plastic,0.993961751461029,0.001473001204431057,0.993961751461029,0.0011925167636945844,0.0015166506636887789,0.0018559979507699609
/Users/aswanathjs/Downloads/test10/ai_plastic_waste_management_training/LDPE Plastic/plastic_bags/LDPE-126_jpg.rf.afd7529378d3973e56c85621c07344fd.jpg,1,LDPE Plastic,1,LDPE Plastic,0.9941402077674866,0.001655799918808043,0.9941402077674866,0.0014972257195040584,0.0010880043264478445,0.0016186893917620182
/Users/aswanathjs/Downloads/test10/ai_plastic_waste_management_training/HDPE Plastic/shampoo_bottles/0078_a02b07c2d2e0f1g0h2.jpg,0,HDPE Plastic,0,HDPE Plastic,0.9946448802947998,0.9946448802947998,0.0007275671232491732,0.00018164399079978466,0.004227137193083763,0.00021876560640521348
/Users/aswanathjs/Downloads/test10/ai_plastic_waste_management_training/PP Plastic/rectangle_containers/0011_a05b00c1d1e0f0g0h2.jpg,3,PP Plastic,3,PP Plastic,0.9969257712364197,0.0001882506039692089,0.00032709509832784534,0.0024318054784089327,0.9969257712364197,0.0001271144865313545
/Users/aswanathjs/Downloads/test10/ai_plastic_waste_management_training/PP Plastic/square_containers/0011_a05b00c1d1e0f0g0h2.jpg,3,PP Plastic,3,PP Plastic,0.9969257712364197,0.0001882506039692089,0.00032709509832784534,0.0024318054784089327,0.9969257712364197,0.0001271144865313545
/Users/aswanathjs/Downloads/test10/ai_plastic_waste_management_training/LDPE Plastic/plastic_bags/plasticbag (110).jpg,1,LDPE Plastic,1,LDPE Plastic,0.9856029748916626,0.002168164821341634,0.9856029748916626,0.005427913274616003,0.004990249872207642,0.001810674904845655
/Users/aswanathjs/Downloads/test10/ai_plastic_waste_management_training/PP Plastic/irregular_containers/valid_PP-99_jpg.rf.5722276814f4225b80e324036bebfad4.jpg,3,PP Plastic,3,PP Plastic,0.8870614171028137,0.021602479740977287,0.022756000980734825,0.018805311992764473,0.8870614171028137,0.04977484047412872
/Users/aswanathjs/Downloads/test10/ai_plastic_waste_management_training/PP Plastic/irregular_containers_grey/valid_PP-99_jpg.rf.5722276814f4225b80e324036bebfad4.jpg,3,PP Plastic,3,PP Plastic,0.8755989074707031,0.0353558287024498,0.02171044610440731,0.01652591861784458,0.8755989074707031,0.050808921456336975
/Users/aswanathjs/Downloads/test10/ai_plastic_waste_management_training/PS Plastic/foam_containers/img_-_1_jpeg.rf.aae6e0cb2d96a114b2a2151b2c2fcc75.jpg,4,PS Plastic,2,PET Plastic,0.24312062561511993,0.21065835654735565,0.17219941318035126,0.24312062561511993,0.21302559971809387,0.16099600493907928
/Users/aswanathjs/Downloads/test10/ai_plastic_waste_management_training/HDPE Plastic/milk_bottles/HDPEM24.jpg,0,HDPE Plastic,0,HDPE Plastic,0.9223300218582153,0.9223300218582153,0.0005048562306910753,0.0695270299911499,0.0017838944913819432,0.005854232236742973
/Users/aswanathjs/Downloads/test10/ai_plastic_waste_management_training/HDPE Plastic/milk_bottles_grey/HDPEM24.jpg,0,HDPE Plastic,0,HDPE Plastic,0.7376459240913391,0.7376459240913391,0.025749091058969498,0.16699270904064178,0.0247951652854681,0.04481720179319382
/Users/aswanathjs/Downloads/test10/ai_plastic_waste_management_training/PET Plastic/black_white_plastic_bottles/bcqux_jpg.rf.f3976177316a74e116b0044901dcfca4.jpg,2,PET Plastic,2,PET Plastic,0.9984898567199707,0.0010797332506626844,0.00015008615446276963,0.9984898567199707,0.00018105054914485663,9.922596655087546e-05
/Users/aswanathjs/Downloads/test10/ai_plastic_waste_management_training/PET Plastic/shampoo_bottles/0015_a05b00c1d2e1f1g0h1.jpg,2,PET Plastic,2,PET Plastic,0.9764204621315002,0.000640270474832505,0.0007307573687285185,0.9764204621315002,0.0206559207290411,0.0015525172930210829
/Users/aswanathjs/Downloads/test10/ai_plastic_waste_management_training/HDPE Plastic/shampoo_bottles/0099_a02b01c2d3e0f1g0h4.jpg,0,HDPE Plastic,0,HDPE Plastic,0.994861900806427,0.994861900806427,0.00044316184357739985,0.0017815231112763286,0.002107389969751239,0.0008060251129791141
"/Users/aswanathjs/Downloads/test10/ai_plastic_waste_management_training/PET Plastic/plastic_bottles/PET1,442.jpg",2,PET Plastic,2,PET Plastic,0.999534010887146,0.00038758793380111456,9.185363524011336e-06,0.999534010887146,4.33013447036501e-05,2.599348226794973e-05
/Users/aswanathjs/Downloads/test10/ai_plastic_waste_management_training/LDPE Plastic/plastic_bags/LDPE-51_jpg.rf.ce5a2bd661d9d7eae064df3df00d5257.jpg,1,LDPE Plastic,1,LDPE Plastic,0.9972248077392578,0.0010269072372466326,0.9972248077392578,0.00027972631505690515,0.0008900902466848493,0.00057850411394611
/Users/aswanathjs/Downloads/test10/ai_plastic_waste_management_training/PET Plastic/shampoo_bottles/0080_a05b00c2d0e0f1g0h0.jpg,2,PET Plastic,2,PET Plastic,0.9949632883071899,0.004452959634363651,3.873775131069124e-05,0.9949632883071899,0.00037772482028231025,0.00016738593694753945
/Users/aswanathjs/Downloads/test10/ai_plastic_waste_management_training/HDPE Plastic/shampoo_bottles/0061_a02b01c1d3e0f1g0h2(1).jpg,0,HDPE Plastic,0,HDPE Plastic,0.9989176988601685,0.9989176988601685,1.4400902728084475e-05,0.0008772380533628166,8.851935126585886e-05,0.00010221224511042237
"/Users/aswanathjs/Downloads/test10/ai_plastic_waste_management_training/PET Plastic/plastic_bottles/PET1,300.jpg",2,PET Plastic,2,PET Plastic,0.9734130501747131,0.021025286987423897,7.905929669504985e-05,0.9734130501747131,0.0047041308134794235,0.0007784562185406685
/Users/aswanathjs/Downloads/test10/ai_plastic_waste_management_training/PET Plastic/plastic_bottles/PET732.jpg,2,PET Plastic,2,PET Plastic,0.9997586607933044,0.00010539532377151772,1.167756909126183e-05,0.9997586607933044,6.488618237199262e-05,5.9422589401947334e-05
/Users/aswanathjs/Downloads/test10/ai_plastic_waste_management_training/HDPE Plastic/shampoo_bottles/0061_a02b01c2d1e0f1g0h3.jpg,0,HDPE Plastic,0,HDPE Plastic,0.9997475743293762,0.9997475743293762,2.1017797280364903e-06,4.442728459252976e-05,0.00016694911755621433,3.8992900954326615e-05
/Users/aswanathjs/Downloads/test10/ai_plastic_waste_management_training/HDPE Plastic/detergent_bottles/P_W (488).jpg,0,HDPE Plastic,0,HDPE Plastic,0.9998747110366821,0.9998747110366821,7.225228841889475e-07,3.968246528529562e-05,5.3345713240560144e-05,3.149429539917037e-05
/Users/aswanathjs/Downloads/test10/ai_plastic_waste_management_training/PS Plastic/foam_sheets/PS-880_jpg.rf.a916936ed34d0cd3ee2b75c9c82b5aa2.jpg,4,PS Plastic,4,PS Plastic,0.999886155128479,9.780318578123115e-06,5.7765519159147516e-05,1.0149864465347491e-05,3.6140085285296664e-05,0.999886155128479
/Users/aswanathjs/Downloads/test10/ai_plastic_waste_management_training/HDPE Plastic/milk_bottles/HDPEM27.jpg,0,HDPE Plastic,0,HDPE Plastic,0.9995599389076233,0.9995599389076233,4.846338015340734e-06,3.139641194138676e-05,5.3595314966514707e-05,0.0003503288025967777
/Users/aswanathjs/Downloads/test10/ai_plastic_waste_management_training/HDPE Plastic/milk_bottles_grey/HDPEM27.jpg,0,HDPE Plastic,0,HDPE Plastic,0.9918924570083618,0.9918924570083618,0.0004864378133788705,0.0010682371212169528,0.002369422698393464,0.00418342649936676
/Users/aswanathjs/Downloads/test10/ai_plastic_waste_management_training/PP Plastic/square_containers_grey/Image_13.png,3,PP Plastic,3,PP Plastic,0.8429592847824097,0.00990328285843134,0.13199180364608765,0.004872275982052088,0.8429592847824097,0.01027338020503521
/Users/aswanathjs/Downloads/test10/ai_plastic_waste_management_training/PP Plastic/square_containers/Image_13.png,3,PP Plastic,3,PP Plastic,0.8763383626937866,0.021795911714434624,0.08513151854276657,0.003201129613444209,0.8763383626937866,0.013533013872802258
/Users/aswanathjs/Downloads/test10/ai_plastic_waste_management_training/PS Plastic/foam_containers/Image_13.png,3,PP Plastic,3,PP Plastic,0.3646402359008789,0.10532776266336441,0.30511802434921265,0.01772652566432953,0.3646402359008789,0.20718742907047272
/Users/aswanathjs/Downloads/test10/ai_plastic_waste_management_training/HDPE Plastic/shampoo_bottles/0063_a02b01c2d3e0f1g1h3.jpg,0,HDPE Plastic,0,HDPE Plastic,0.9919326901435852,0.9919326901435852,4.6220695367082953e-05,0.0006767756422050297,0.007144574541598558,0.0001997841609409079
"/Users/aswanathjs/Downloads/test10/ai_plastic_waste_management_training/PET Plastic/plastic_bottles/PET1,242.jpg",2,PET Plastic,2,PET Plastic,0.9787060618400574,0.01430441252887249,0.0006419688579626381,0.9787060618400574,0.004698093514889479,0.0016494711162522435
/Users/aswanathjs/Downloads/test10/ai_plastic_waste_management_training/HDPE Plastic/shampoo_bottles/0063_a02b01c1d3e0f1g1h4.jpg,0,HDPE Plastic,0,HDPE Plastic,0.9994613528251648,0.9994613528251648,3.5348409710422857e-06,0.0001314408436883241,0.0002929731854237616,0.00011070202890550718
/Users/aswanathjs/Downloads/test10/ai_plastic_waste_management_training/HDPE Plastic/milk_bottles/HDPEM36.jpg,0,HDPE Plastic,0,HDPE Plastic,0.9949008226394653,0.9949008226394653,2.9656179322046228e-05,0.003499214304611087,0.0002485514560248703,0.0013217211235314608
/Users/aswanathjs/Downloads/test10/ai_plastic_waste_management_training/LDPE Plastic/plastic_bags/plasticbag (45).jpg,1,LDPE Plastic,1,LDPE Plastic,0.9895882606506348,0.003334851935505867,0.9895882606506348,0.0012257089838385582,0.004949656315147877,0.0009015068062581122
/Users/aswanathjs/Downloads/test10/ai_plastic_waste_management_training/HDPE Plastic/shampoo_bottles/0065_a02b03c1d2e0f1g0h0.jpg,0,HDPE Plastic,0,HDPE Plastic,0.9920104742050171,0.9920104742050171,0.0006545519572682679,0.0030107968486845493,0.00181216886267066,0.00251206336542964
"/Users/aswanathjs/Downloads/test10/ai_plastic_waste_management_training/PET Plastic/plastic_bottles/PET1,332.jpg",2,PET Plastic,2,PET Plastic,0.8867350220680237,0.09439937025308609,2.2943091607885435e-05,0.8867350220680237,0.017799576744437218,0.0010430703405290842
/Users/aswanathjs/Downloads/test10/ai_plastic_waste_management_training/LDPE Plastic/plastic_bags/plasticbag (182).jpg,1,LDPE Plastic,1,LDPE Plastic,0.9625251889228821,0.0024491322692483664,0.9625251889228821,0.003122790716588497,0.023745376616716385,0.008157536387443542
/Users/aswanathjs/Downloads/test10/ai_plastic_waste_management_training/LDPE Plastic/plastic_bags/train_LDPE-38_jpg.rf.dd7b92b1dfdcc37993b6847f2dcbbf0c.jpg,1,LDPE Plastic,1,LDPE Plastic,0.9944067001342773,0.0020058713853359222,0.9944067001342773,0.0005035172216594219,0.0019176298519596457,0.0011662619654089212
"/Users/aswanathjs/Downloads/test10/ai_plastic_waste_management_training/PET Plastic/plastic_bottles/PET1,066.jpg",2,PET Plastic,2,PET Plastic,0.9992960691452026,0.00021881483553443104,8.437358337687328e-05,0.9992960691452026,0.00025075190933421254,0.00015002480358816683
/Users/aswanathjs/Downloads/test10/ai_plastic_waste_management_training/PP Plastic/round_containers/0043_a06b01c2d3e0f0g0h1.jpg,3,PP Plastic,3,PP Plastic,0.9920271039009094,0.0033855580259114504,0.0023263220209628344,0.0006190655985847116,0.9920271039009094,0.0016420016763731837
/Users/aswanathjs/Downloads/test10/ai_plastic_waste_management_training/PS Plastic/foam_sheets/PS-527_jpg.rf.1ab717892253dd8aef80e9d9c9967b72.jpg,4,PS Plastic,4,PS Plastic,0.9901520609855652,0.0013475146843120456,0.00727884890511632,0.0004163236008025706,0.0008052469347603619,0.9901520609855652
/Users/aswanathjs/Downloads/test10/ai_plastic_waste_management_training/LDPE Plastic/plastic_bags/plasticbag (116).jpg,1,LDPE Plastic,1,LDPE Plastic,0.9581077694892883,0.003144649090245366,0.9581077694892883,0.0020579248666763306,0.024829009547829628,0.01186060905456543
/Users/aswanathjs/Downloads/test10/ai_plastic_waste_management_training/HDPE Plastic/milk_bottles/HDPEM145.jpg,0,HDPE Plastic,0,HDPE Plastic,0.9391862750053406,0.9391862750053406,0.0006640280480496585,0.03814327344298363,0.020625313743948936,0.001381171983666718
/Users/aswanathjs/Downloads/test10/ai_plastic_waste_management_training/PP Plastic/round_containers/Image_216.png,3,PP Plastic,3,PP Plastic,0.7391587495803833,0.026185976341366768,0.11044947803020477,0.022341197356581688,0.7391587495803833,0.1018645390868187
/Users/aswanathjs/Downloads/test10/ai_plastic_waste_management_training/PS Plastic/foam_containers/Image_216.png,3,PP Plastic,4,PS Plastic,0.44161227345466614,0.07008615881204605,0.2837055027484894,0.027799174189567566,0.1767968386411667,0.44161227345466614
/Users/aswanathjs/Downloads/test10/ai_plastic_waste_management_training/LDPE Plastic/plastic_bags/LDPE-593_jpg.rf.ad93dd8a1bb5cebd09f0d26f2ae840bf.jpg,1,LDPE Plastic,1,LDPE Plastic,0.996211051940918,0.0006099857855588198,0.996211051940918,0.0009639248019084334,0.0009150353143922985,0.001300015370361507
/Users/aswanathjs/Downloads/test10/ai_plastic_waste_management_training/PET Plastic/plastic_bottles/PET292.jpg,2,PET Plastic,2,PET Plastic,0.9964317083358765,0.003287065774202347,3.395908424863592e-05,0.9964317083358765,0.00017824674432631582,6.905845657456666e-05
/Users/aswanathjs/Downloads/test10/ai_plastic_waste_management_training/PET Plastic/black_white_plastic_bottles/cltka_jpg.rf.9d65e5c02ad8651d6b3ce4e4872928a2.jpg,2,PET Plastic,2,PET Plastic,0.9999010562896729,4.609333336702548e-05,1.486577184550697e-05,0.9999010562896729,2.4963619580375962e-05,1.3015315744269174e-05
/Users/aswanathjs/Downloads/test10/ai_plastic_waste_management_training/PP Plastic/round_containers/0043_a06b01c1d0e0f0g0h1.jpg,3,PP Plastic,3,PP Plastic,0.9970294237136841,0.0009910555090755224,0.00024248857516795397,0.0013966934056952596,0.9970294237136841,0.0003403161827009171
/Users/aswanathjs/Downloads/test10/ai_plastic_waste_management_training/PP Plastic/round_containers_grey/0043_a06b01c1d0e0f0g0h1.jpg,3,PP Plastic,3,PP Plastic,0.9949262142181396,0.0020617253612726927,0.0005703582428395748,0.0017111280467361212,0.9949262142181396,0.0007305624894797802
/Users/aswanathjs/Downloads/test10/ai_plastic_waste_management_training/PP Plastic/round_containers/0009_a06b01c2d0e0f0g0h0.jpg,3,PP Plastic,3,PP Plastic,0.955186128616333,0.002823400544002652,0.0005505300359800458,0.04122943803668022,0.955186128616333,0.00021043841843493283
/Users/aswanathjs/Downloads/test10/ai_plastic_waste_management_training/HDPE Plastic/detergent_bottles/Image_245.png,0,HDPE Plastic,0,HDPE Plastic,0.9946267008781433,0.9946267008781433,0.0005245603970251977,0.00098561798222363,0.0027906179893761873,0.0010724881431087852
/Users/aswanathjs/Downloads/test10/ai_plastic_waste_management_training/PS Plastic/foam_containers/Image_245.png,0,HDPE Plastic,4,PS Plastic,0.45600029826164246,0.1256871372461319,0.22652484476566315,0.07812635600566864,0.11366137862205505,0.45600029826164246
/Users/aswanathjs/Downloads/test10/ai_plastic_waste_management_training/PP Plastic/round_containers/0043_a06b01c1d0e0f0g0h3.jpg,3,PP Plastic,3,PP Plastic,0.9543619751930237,0.02775280922651291,0.0009619757765904069,0.015914231538772583,0.9543619751930237,0.0010089966235682368
"/Users/aswanathjs/Downloads/test10/ai_plastic_waste_management_training/PET Plastic/plastic_bottles/PET1,309.jpg",2,PET Plastic,2,PET Plastic,0.9962170720100403,0.0027342145331203938,0.00016453592979814857,0.9962170720100403,0.0006164247752167284,0.0002677123120520264
/Users/aswanathjs/Downloads/test10/ai_plastic_waste_management_training/LDPE Plastic/plastic_bags/plasticbag (171).jpg,1,LDPE Plastic,1,LDPE Plastic,0.5204096436500549,0.02911994606256485,0.5204096436500549,0.02750772424042225,0.3254331350326538,0.09752961993217468
/Users/aswanathjs/Downloads/test10/ai_plastic_waste_management_training/LDPE Plastic/plastic_bags/plasticbag (113).jpg,1,LDPE Plastic,1,LDPE Plastic,0.6629667282104492,0.031378816813230515,0.6629667282104492,0.04697374254465103,0.15265560150146484,0.10602519661188126
/Users/aswanathjs/Downloads/test10/ai_plastic_waste_management_training/PS Plastic/foam_sheets/PS-685_jpg.rf.9eef114ced0976930f55ec95b2871d87.jpg,4,PS Plastic,4,PS Plastic,0.9974386692047119,0.00029275333508849144,0.0016909195110201836,9.468005009694025e-05,0.0004830289399251342,0.9974386692047119
/Users/aswanathjs/Downloads/test10/ai_plastic_waste_management_training/PET Plastic/shampoo_bottles/IMG_20220209_220437.jpg,2,PET Plastic,2,PET Plastic,0.43488192558288574,0.17449477314949036,0.09474939852952957,0.43488192558288574,0.1979602873325348,0.09791358560323715
/Users/aswanathjs/Downloads/test10/ai_plastic_waste_management_training/HDPE Plastic/milk_bottles/milk.JPG,0,HDPE Plastic,0,HDPE Plastic,0.9376221299171448,0.9376221299171448,0.0017989022890105844,0.04576198384165764,0.003758237697184086,0.011058781296014786
/Users/aswanathjs/Downloads/test10/ai_plastic_waste_management_training/PET Plastic/plastic_bottles/PET789.jpg,2,PET Plastic,2,PET Plastic,0.9988504648208618,0.0005118977860547602,0.00012470076035242528,0.9988504648208618,0.0003012894303537905,0.00021162626217119396
/Users/aswanathjs/Downloads/test10/ai_plastic_waste_management_training/PET Plastic/shampoo_bottles/0050_a05b00c2d3e1f1g0h4.jpg,2,PET Plastic,2,PET Plastic,0.9953691363334656,0.0028623188845813274,6.823562580393627e-05,0.9953691363334656,0.0014106903690844774,0.0002895607321988791
/Users/aswanathjs/Downloads/test10/ai_plastic_waste_management_training/HDPE Plastic/milk_bottles/HDPEM282.jpg,0,HDPE Plastic,0,HDPE Plastic,0.9999946355819702,0.9999946355819702,2.2848277581033472e-07,8.195098075702845e-07,2.184565346396994e-06,2.16777584682859e-06
/Users/aswanathjs/Downloads/test10/ai_plastic_waste_management_training/LDPE Plastic/plastic_bags/LDPE-766_jpg.rf.46cb6df95c0d853c8ce793e6211684d2.jpg,1,LDPE Plastic,1,LDPE Plastic,0.9919871091842651,0.0007266157190315425,0.9919871091842651,0.0017076455987989902,0.0025622404646128416,0.003016455564647913
/Users/aswanathjs/Downloads/test10/ai_plastic_waste_management_training/PS Plastic/form_containers_grey/styrofoam-4-_jpg.rf.3aec867512b18a5a9b59e9feb2bf10d0.jpg,4,PS Plastic,4,PS Plastic,0.6008098125457764,0.07169798761606216,0.14583128690719604,0.038512978702783585,0.14314797520637512,0.6008098125457764
/Users/aswanathjs/Downloads/test10/ai_plastic_waste_management_training/PS Plastic/foam_containers/styrofoam-4-_jpg.rf.3aec867512b18a5a9b59e9feb2bf10d0.jpg,4,PS Plastic,4,PS Plastic,0.8528760075569153,0.026788506656885147,0.033433157950639725,0.01800820790231228,0.06889405846595764,0.8528760075569153
/Users/aswanathjs/Downloads/test10/ai_plastic_waste_management_training/PET Plastic/shampoo_bottles/0100_a05b00c1d2e0f0g0h3.jpg,2,PET Plastic,2,PET Plastic,0.9966551065444946,6.08530463068746e-05,5.628732469631359e-05,0.9966551065444946,0.003163079498335719,6.459944415837526e-05
/Users/aswanathjs/Downloads/test10/ai_plastic_waste_management_training/PET Plastic/black_white_plastic_bottles/corew_jpg.rf.47f45a139299ce3a0724a2796e576123.jpg,2,PET Plastic,2,PET Plastic,0.9963654279708862,0.0003730066237039864,0.0020503345876932144,0.9963654279708862,0.0008208811632357538,0.0003903975593857467
/Users/aswanathjs/Downloads/test10/ai_plastic_waste_management_training/PET Plastic/black_white_plastic_bottles/bqkyr_jpg.rf.59ac8694ceb4aab37594c7e7bf52e73b.jpg,2,PET Plastic,2,PET Plastic,0.9988106489181519,0.00030587363289669156,0.0002726652310229838,0.9988106489181519,0.0003683236427605152,0.0002426025312161073
/Users/aswanathjs/Downloads/test10/ai_plastic_waste_management_training/PS Plastic/foam_containers/Image_21.png,4,PS Plastic,3,PP Plastic,0.3003927767276764,0.07255322486162186,0.29843828082084656,0.03304896876215935,0.3003927767276764,0.29556673765182495
"/Users/aswanathjs/Downloads/test10/ai_plastic_waste_management_training/PET Plastic/plastic_bottles/PET1,777.jpg",2,PET Plastic,2,PET Plastic,0.9907169938087463,0.0044636414386332035,0.0006955493008717895,0.9907169938087463,0.003229917725548148,0.0008938233950175345
/Users/aswanathjs/Downloads/test10/ai_plastic_waste_management_training/PP Plastic/round_containers/0095_a05b01c2d3e0f0g0h1.jpg,3,PP Plastic,3,PP Plastic,0.9332013130187988,0.045990340411663055,0.010590777732431889,0.004649909678846598,0.9332013130187988,0.005567740183323622
/Users/aswanathjs/Downloads/test10/ai_plastic_waste_management_training/PP Plastic/round_containers_grey/0095_a05b01c2d3e0f0g0h1.jpg,3,PP Plastic,3,PP Plastic,0.9565479755401611,0.033168975263834,0.003482320113107562,0.0023503981065005064,0.9565479755401611,0.004450376145541668
"/Users/aswanathjs/Downloads/test10/ai_plastic_waste_management_training/PET Plastic/plastic_bottles/PET1,702.jpg",2,PET Plastic,2,PET Plastic,0.9993958473205566,0.00024669154663570225,7.778122380841523e-05,0.9993958473205566,0.0002664040948729962,1.3280225175549276e-05
/Users/aswanathjs/Downloads/test10/ai_plastic_waste_management_training/LDPE Plastic/black_white__plastic_bags/0272_jpg.rf.26d2856c0f890cd1ac5db1ca7a86e546.jpg,1,LDPE Plastic,1,LDPE Plastic,0.9823175668716431,0.004553511738777161,0.9823175668716431,0.003636500798165798,0.006840068381279707,0.002652251860126853
/Users/aswanathjs/Downloads/test10/ai_plastic_waste_management_training/PET Plastic/black_white_plastic_bottles/dqlxt_jpg.rf.2384d14ec357475cf833b123d11ef5fa.jpg,2,PET Plastic,2,PET Plastic,0.9862356781959534,0.0027227820828557014,0.004447974730283022,0.9862356781959534,0.005182633642107248,0.0014108867617323995
/Users/aswanathjs/Downloads/test10/ai_plastic_waste_management_training/PP Plastic/round_containers/Image_126.png,3,PP Plastic,3,PP Plastic,0.6802706122398376,0.03291000425815582,0.24157081544399261,0.015427245758473873,0.6802706122398376,0.02982129342854023
/Users/aswanathjs/Downloads/test10/ai_plastic_waste_management_training/PS Plastic/foam_containers/Image_126.png,3,PP Plastic,4,PS Plastic,0.4914637506008148,0.03581446409225464,0.13676732778549194,0.030738575384020805,0.30521589517593384,0.4914637506008148
"/Users/aswanathjs/Downloads/test10/ai_plastic_waste_management_training/PET Plastic/plastic_bottles/PET1,376.jpg",2,PET Plastic,2,PET Plastic,0.9953150749206543,0.004460034426301718,1.6013756294341874e-06,0.9953150749206543,0.0001634867221582681,5.9853136917809024e-05
/Users/aswanathjs/Downloads/test10/ai_plastic_waste_management_training/LDPE Plastic/plastic_bags/LDPE-571_jpg.rf.d57d81eb5c26e21d8cafd2208957dc3c.jpg,1,LDPE Plastic,1,LDPE Plastic,0.9957190155982971,0.0008029409218579531,0.9957190155982971,0.000750843551941216,0.0009324872517026961,0.001794737298041582
/Users/aswanathjs/Downloads/test10/ai_plastic_waste_management_training/LDPE Plastic/plastic_bags/LDPE-72_jpg.rf.3dae5ebb0480b992b63239f9a82e0a8c.jpg,1,LDPE Plastic,1,LDPE Plastic,0.9914889335632324,0.0018417802639305592,0.9914889335632324,0.0013357211137190461,0.002951051341369748,0.00238243630155921
/Users/aswanathjs/Downloads/test10/ai_plastic_waste_management_training/LDPE Plastic/plastic_bags/LDPE-72_jpg.rf.1b0bdc39a4d34c33d7ce7acc305db1de.jpg,1,LDPE Plastic,1,LDPE Plastic,0.9780184626579285,0.005119042471051216,0.9780184626579285,0.0032586294692009687,0.006216039881110191,0.0073877801187336445
/Users/aswanathjs/Downloads/test10/ai_plastic_waste_management_training/HDPE Plastic/detergent_bottles/0039_a02b01c2d3e0f1g0h3.jpg,0,HDPE Plastic,0,HDPE Plastic,0.9881762266159058,0.9881762266159058,0.0008972244686447084,0.0006294745835475624,0.009606069885194302,0.0006910340744070709
/Users/aswanathjs/Downloads/test10/ai_plastic_waste_management_training/LDPE Plastic/black_white__plastic_bags/0239_jpg.rf.604826f1a1dfce456b0fa3b2bc7bd19b.jpg,1,LDPE Plastic,1,LDPE Plastic,0.995884120464325,0.000716626935172826,0.995884120464325,0.0011215079575777054,0.0011166881304234266,0.001161091262474656
/Users/aswanathjs/Downloads/test10/ai_plastic_waste_management_training/PP Plastic/round_containers/IMG_20220209_174645.jpg,3,PP Plastic,3,PP Plastic,0.9705722332000732,0.0038299420848488808,0.013300604186952114,0.001926525728777051,0.9705722332000732,0.010370807722210884
/Users/aswanathjs/Downloads/test10/ai_plastic_waste_management_training/HDPE Plastic/milk_bottles/HDPEM28.jpg,0,HDPE Plastic,0,HDPE Plastic,0.9980862140655518,0.9980862140655518,0.00013620209938380867,0.00031458912417292595,0.00024892197689041495,0.0012140943435952067
/Users/aswanathjs/Downloads/test10/ai_plastic_waste_management_training/LDPE Plastic/plastic_bags/plasticbag (204).jpg,1,LDPE Plastic,1,LDPE Plastic,0.9075191617012024,0.034649480134248734,0.9075191617012024,0.007052753586322069,0.04022388532757759,0.010554778389632702
/Users/aswanathjs/Downloads/test10/ai_plastic_waste_management_training/PET Plastic/black_white_plastic_bottles/azkfu_jpg.rf.8a64cada2bcb4cf189a6632506e5ca72.jpg,2,PET Plastic,2,PET Plastic,0.9998908042907715,6.910389492986724e-05,5.079563379695173e-06,0.9998908042907715,2.6395853637950495e-05,8.655151759739965e-06
/Users/aswanathjs/Downloads/test10/ai_plastic_waste_management_training/LDPE Plastic/plastic_bags/LDPE-44_jpg.rf.e8eec4dc28eec1f2c4df017f874700c1.jpg,1,LDPE Plastic,1,LDPE Plastic,0.9962045550346375,0.0012066529598087072,0.9962045550346375,0.0003054507833439857,0.0012797222007066011,0.001003590296022594
/Users/aswanathjs/Downloads/test10/ai_plastic_waste_management_training/LDPE Plastic/black_white__plastic_bags/0242_jpg.rf.136587477251768593ccc5a7f7d8915f.jpg,1,LDPE Plastic,1,LDPE Plastic,0.994924783706665,0.0006800048286095262,0.994924783706665,0.00158878683578223,0.0016058409819379449,0.0012006203178316355
/Users/aswanathjs/Downloads/test10/ai_plastic_waste_management_training/PET Plastic/black_white_plastic_bottles/bdspr_jpg.rf.c8895c268de492b4b5be760c1bc3f8d6.jpg,2,PET Plastic,2,PET Plastic,0.997650682926178,0.00032847464899532497,0.0008517584064975381,0.997650682926178,0.0008896915824152529,0.0002793772437144071
/Users/aswanathjs/Downloads/test10/ai_plastic_waste_management_training/HDPE Plastic/shampoo_bottles/0078_a02b07c2d3e0f1g0h3.jpg,0,HDPE Plastic,0,HDPE Plastic,0.9952067732810974,0.9952067732810974,0.0012778881937265396,0.00024976578424684703,0.0030212600249797106,0.00024430311168543994
/Users/aswanathjs/Downloads/test10/ai_plastic_waste_management_training/HDPE Plastic/milk_bottles/HDPEM222.jpg,0,HDPE Plastic,0,HDPE Plastic,0.9998193383216858,0.9998193383216858,1.0676219517335994e-06,9.164572111330926e-05,7.305365579668432e-05,1.4846336853224784e-05
/Users/aswanathjs/Downloads/test10/ai_plastic_waste_management_training/HDPE Plastic/milk_bottles/HDPEM368.jpg,0,HDPE Plastic,0,HDPE Plastic,0.9973015785217285,0.9973015785217285,0.00023370084818452597,3.1297557143261656e-05,0.0016797810094431043,0.0007536179036833346
/Users/aswanathjs/Downloads/test10/ai_plastic_waste_management_training/PS Plastic/foam_containers/Image_237.png,4,PS Plastic,4,PS Plastic,0.5256196856498718,0.05238432437181473,0.10986210405826569,0.023503543809056282,0.28863027691841125,0.5256196856498718
/Users/aswanathjs/Downloads/test10/ai_plastic_waste_management_training/HDPE Plastic/milk_bottles/HDPEM295.jpg,0,HDPE Plastic,0,HDPE Plastic,0.9995139837265015,0.9995139837265015,5.628326107398607e-07,1.4332981663756073e-05,0.0004453736764844507,2.5693027055240236e-05
/Users/aswanathjs/Downloads/test10/ai_plastic_waste_management_training/PET Plastic/black_white_plastic_bottles/dglcy_jpg.rf.b875417d36c5bf8d5e77f5596d46088d.jpg,2,PET Plastic,2,PET Plastic,0.8691196441650391,0.022830337285995483,0.07486692070960999,0.8691196441650391,0.024977482855319977,0.008205626159906387
/Users/aswanathjs/Downloads/test10/ai_plastic_waste_management_training/PET Plastic/black_white_plastic_bottles/btkay_jpg.rf.cb759ab24ba2f19ce9be482f703ffbcb.jpg,2,PET Plastic,2,PET Plastic,0.9940839409828186,0.0009751093457452953,0.0017919080564752221,0.9940839409828186,0.0021405199076980352,0.0010085025569424033
/Users/aswanathjs/Downloads/test10/ai_plastic_waste_management_training/PP Plastic/square_containers/IMG_20220209_175355.jpg,3,PP Plastic,3,PP Plastic,0.7820781469345093,0.05873336270451546,0.028868751600384712,0.0025591813027858734,0.7820781469345093,0.12776052951812744
/Users/aswanathjs/Downloads/test10/ai_plastic_waste_management_training/LDPE Plastic/plastic_bags/P_W (1386).jpg,1,LDPE Plastic,1,LDPE Plastic,0.9842807054519653,0.005726526025682688,0.9842807054519653,0.0013104442041367292,0.005504276603460312,0.0031780616845935583
/Users/aswanathjs/Downloads/test10/ai_plastic_waste_management_training/HDPE Plastic/shampoo_bottles/0077_a02b01c1d0e0f1g0h0.jpg,0,HDPE Plastic,0,HDPE Plastic,0.9790400266647339,0.9790400266647339,0.00042900521657429636,0.011369604617357254,0.005888999439775944,0.0032723327167332172
/Users/aswanathjs/Downloads/test10/ai_plastic_waste_management_training/LDPE Plastic/black_white__plastic_bags/0177_jpg.rf.64924e1d5329253cb34911140edc0779.jpg,1,LDPE Plastic,1,LDPE Plastic,0.94493567943573,0.009640202857553959,0.94493567943573,0.029424656182527542,0.008508200757205486,0.007491248194128275
/Users/aswanathjs/Downloads/test10/ai_plastic_waste_management_training/PP Plastic/round_containers/0035_a06b01c2d2e0f0g0h4.jpg,3,PP Plastic,3,PP Plastic,0.982944667339325,0.007620318792760372,1.7945909348782152e-05,0.009315096773207188,0.982944667339325,0.00010196859511779621
/Users/aswanathjs/Downloads/test10/ai_plastic_waste_management_training/HDPE Plastic/detergent_bottles/0062_a02b05c1d0e0f1g1h4.jpg,0,HDPE Plastic,0,HDPE Plastic,0.9965431094169617,0.9965431094169617,4.446681487024762e-05,0.00023339285689871758,0.002924006897956133,0.0002549174823798239
/Users/aswanathjs/Downloads/test10/ai_plastic_waste_management_training/HDPE Plastic/detergent_botteles_grey/0062_a02b05c1d0e0f1g1h4.jpg,0,HDPE Plastic,0,HDPE Plastic,0.8851471543312073,0.8851471543312073,0.0021734717302024364,0.0578695572912693,0.04411664232611656,0.010693215765058994
/Users/aswanathjs/Downloads/test10/ai_plastic_waste_management_training/LDPE Plastic/plastic_bags/plasticbag (152) 17.43.56.jpg,1,LDPE Plastic,1,LDPE Plastic,0.9105406403541565,0.016429314389824867,0.9105406403541565,0.003955281339585781,0.06234282627701759,0.006731843575835228
/Users/aswanathjs/Downloads/test10/ai_plastic_waste_management_training/PP Plastic/square_containers/IMG_20220209_173121.jpg,3,PP Plastic,3,PP Plastic,0.7256081700325012,0.07318692654371262,0.03430021554231644,0.010997007600963116,0.7256081700325012,0.15590770542621613
/Users/aswanathjs/Downloads/test10/ai_plastic_waste_management_training/PP Plastic/round_containers/Image_235.png,3,PP Plastic,3,PP Plastic,0.8009227514266968,0.012756751850247383,0.08708614856004715,0.006666225381195545,0.8009227514266968,0.09256817400455475
/Users/aswanathjs/Downloads/test10/ai_plastic_waste_management_training/PS Plastic/foam_containers/Image_235.png,3,PP Plastic,3,PP Plastic,0.4704058766365051,0.052800826728343964,0.18619832396507263,0.013702142052352428,0.4704058766365051,0.27689284086227417
/Users/aswanathjs/Downloads/test10/ai_plastic_waste_management_training/PP Plastic/rectangle_containers/0011_a05b00c2d1e0f0g0h1.jpg,3,PP Plastic,2,PET Plastic,0.5488989353179932,0.004460001364350319,0.00017654220573604107,0.5488989353179932,0.4451430141925812,0.0013215448707342148
/Users/aswanathjs/Downloads/test10/ai_plastic_waste_management_training/PP Plastic/square_containers/0011_a05b00c2d1e0f0g0h1.jpg,3,PP Plastic,2,PET Plastic,0.5488989353179932,0.004460001364350319,0.00017654220573604107,0.5488989353179932,0.4451430141925812,0.0013215448707342148
"/Users/aswanathjs/Downloads/test10/ai_plastic_waste_management_training/PET Plastic/plastic_bottles/PET1,165.jpg",2,PET Plastic,2,PET Plastic,0.9988075494766235,0.0005079953116364777,0.0004686598258558661,0.9988075494766235,0.0001429194089723751,7.290571375051513e-05
/Users/aswanathjs/Downloads/test10/ai_plastic_waste_management_training/HDPE Plastic/shampoo_bottles/0021_a02b01c1d3e1f0g0h3.jpg,0,HDPE Plastic,0,HDPE Plastic,0.9999192953109741,0.9999192953109741,3.5270886655780487e-07,7.024538717814721e-06,7.022901263553649e-05,3.1116758236748865e-06
/Users/aswanathjs/Downloads/test10/ai_plastic_waste_management_training/HDPE Plastic/milk_bottles/HDPEM188.jpg,0,HDPE Plastic,0,HDPE Plastic,0.9992916584014893,0.9992916584014893,1.9640815480670426e-06,0.00011485682625789195,0.0005520590930245817,3.9405560528393835e-05
/Users/aswanathjs/Downloads/test10/ai_plastic_waste_management_training/PET Plastic/shampoo_bottles/IMG_20220209_220630.jpg,2,PET Plastic,2,PET Plastic,0.4601518213748932,0.24877230823040009,0.05784062296152115,0.4601518213748932,0.18127372860908508,0.05196148529648781
/Users/aswanathjs/Downloads/test10/ai_plastic_waste_management_training/HDPE Plastic/milk_bottles/HDPEM82.jpg,0,HDPE Plastic,0,HDPE Plastic,0.9995203018188477,0.9995203018188477,1.0012272468884476e-05,0.0001749295915942639,0.0002127546031260863,8.199550939025357e-05
/Users/aswanathjs/Downloads/test10/ai_plastic_waste_management_training/HDPE Plastic/shampoo_bottles/0065_a02b03c2d1e0f1g0h1.jpg,0,HDPE Plastic,0,HDPE Plastic,0.9997568726539612,0.9997568726539612,4.2267311073374e-06,0.00015157747839111835,3.93273621739354e-05,4.806762808584608e-05
/Users/aswanathjs/Downloads/test10/ai_plastic_waste_management_training/PET Plastic/plastic_bottles/PET915.jpg,2,PET Plastic,2,PET Plastic,0.9995023012161255,0.00041910234722308815,8.947767128120176e-06,0.9995023012161255,5.441162647912279e-05,1.5180713489826303e-05
/Users/aswanathjs/Downloads/test10/ai_plastic_waste_management_training/HDPE Plastic/shampoo_bottles/0078_a02b07c1d1e0f1g0h2.jpg,0,HDPE Plastic,0,HDPE Plastic,0.9984748959541321,0.9984748959541321,3.139608452329412e-05,0.00012059143045917153,0.0013097812188789248,6.330780888674781e-05
/Users/aswanathjs/Downloads/test10/ai_plastic_waste_management_training/PET Plastic/plastic_bottles/PET515.jpg,2,PET Plastic,2,PET Plastic,0.9998792409896851,8.137987606460229e-05,4.239901500113774e-06,0.9998792409896851,2.8084919904358685e-05,7.009775799815543e-06
/Users/aswanathjs/Downloads/test10/ai_plastic_waste_management_training/PET Plastic/plastic_bottles/PET316.jpg,2,PET Plastic,2,PET Plastic,0.9812464118003845,0.015011328272521496,0.0008863143157213926,0.9812464118003845,0.00237585068680346,0.00048010735190473497
/Users/aswanathjs/Downloads/test10/ai_plastic_waste_management_training/PET Plastic/plastic_bottles/PET437.jpg,2,PET Plastic,2,PET Plastic,0.9995166063308716,0.00023335037985816598,0.0001134479243773967,0.9995166063308716,7.663360156584531e-05,6.000962821417488e-05
/Users/aswanathjs/Downloads/test10/ai_plastic_waste_management_training/LDPE Plastic/plastic_bags/plasticbag (203) 17.43.56.jpg,1,LDPE Plastic,1,LDPE Plastic,0.9872668385505676,0.003523217048496008,0.9872668385505676,0.0010823935735970736,0.0020050741732120514,0.006122398190200329
/Users/aswanathjs/Downloads/test10/ai_plastic_waste_management_training/PET Plastic/plastic_bottles/PET404.jpg,2,PET Plastic,2,PET Plastic,0.999756395816803,0.000146044694702141,8.945118679548614e-06,0.999756395816803,5.588844578596763e-05,3.2704971090424806e-05
/Users/aswanathjs/Downloads/test10/ai_plastic_waste_management_training/PET Plastic/black_white_plastic_bottles/aozvf_jpg.rf.12e5d8d5eaf34b60713e818bf51ba5b6.jpg,2,PET Plastic,2,PET Plastic,0.9999675750732422,1.4317254681373015e-05,6.195449714141432e-06,0.9999675750732422,7.850131623854395e-06,4.045640707772691e-06
/Users/aswanathjs/Downloads/test10/ai_plastic_waste_management_training/PS Plastic/foam_sheets/PS-512_jpg.rf.e5fcb33ae46eaac9678218c5ee5b841b.jpg,4,PS Plastic,4,PS Plastic,0.9960488677024841,0.0004228381149005145,0.002514274325221777,0.00029092392651364207,0.0007231737836264074,0.9960488677024841
/Users/aswanathjs/Downloads/test10/ai_plastic_waste_management_training/PET Plastic/black_white_plastic_bottles/dagml_jpg.rf.a8e7001b533c67265b30cd7ac97562fb.jpg,2,PET Plastic,2,PET Plastic,0.9947388768196106,0.000235733125009574,0.002751325024291873,0.9947388768196106,0.0017400430515408516,0.00053400918841362
/Users/aswanathjs/Downloads/test10/ai_plastic_waste_management_training/PP Plastic/round_containers/IMG_20220209_173643.jpg,3,PP Plastic,3,PP Plastic,0.9768034219741821,0.0016298634000122547,0.011260196566581726,0.0021808776073157787,0.9768034219741821,0.00812574103474617
/Users/aswanathjs/Downloads/test10/ai_plastic_waste_management_training/LDPE Plastic/plastic_bags/plasticbag (183).jpg,1,LDPE Plastic,1,LDPE Plastic,0.9121737480163574,0.011907383799552917,0.9121737480163574,0.005112162791192532,0.06483126431703568,0.005975429434329271
"/Users/aswanathjs/Downloads/test10/ai_plastic_waste_management_training/PET Plastic/plastic_bottles/PET1,341.jpg",2,PET Plastic,2,PET Plastic,0.9992560744285583,0.0004840754554606974,1.1953545254073106e-05,0.9992560744285583,0.0002188745274906978,2.898116690630559e-05
"/Users/aswanathjs/Downloads/test10/ai_plastic_waste_management_training/PET Plastic/plastic_bottles/PET1,445.jpg",2,PET Plastic,2,PET Plastic,0.999832272529602,7.702355651417747e-05,8.882464499038178e-06,0.999832272529602,5.64332767680753e-05,2.5351804652018473e-05
/Users/aswanathjs/Downloads/test10/ai_plastic_waste_management_training/LDPE Plastic/plastic_bags/plasticbag (159).jpg,1,LDPE Plastic,1,LDPE Plastic,0.9884119629859924,0.0011149513302370906,0.9884119629859924,0.0009265071130357683,0.006231906358152628,0.003314630128443241
/Users/aswanathjs/Downloads/test10/ai_plastic_waste_management_training/LDPE Plastic/plastic_bags/LDPE-66_jpg.rf.cd4c70aedcc1562962304e3187a39c61.jpg,1,LDPE Plastic,1,LDPE Plastic,0.9910790324211121,0.0018870917847380042,0.9910790324211121,0.0016180245438590646,0.003509858390316367,0.0019059242913499475
/Users/aswanathjs/Downloads/test10/ai_plastic_waste_management_training/LDPE Plastic/plastic_bags/LDPE-66_jpg.rf.7d36831c3d3388a7f9a94b6df5407773.jpg,1,LDPE Plastic,1,LDPE Plastic,0.9953078627586365,0.0009253540192730725,0.9953078627586365,0.0007584972190670669,0.0017462471732869744,0.0012620209017768502
/Users/aswanathjs/Downloads/test10/ai_plastic_waste_management_training/PP Plastic/square_containers/IMG_20220209_173808.jpg,3,PP Plastic,3,PP Plastic,0.6606595516204834,0.037261802703142166,0.06239217519760132,0.006452586967498064,0.6606595516204834,0.23323383927345276
/Users/aswanathjs/Downloads/test10/ai_plastic_waste_management_training/PS Plastic/foam_sheets/IMG_9370_JPG.rf.702ceb3fee1655a5b35754507e40284d.jpg,4,PS Plastic,4,PS Plastic,0.994394063949585,0.0013431655243039131,0.0008462469559162855,0.0024986201897263527,0.0009179093758575618,0.994394063949585
/Users/aswanathjs/Downloads/test10/ai_plastic_waste_management_training/PS Plastic/foam_sheets/IMG_9370_JPG.rf.a1c344ba4e35e73f30fb053ec8df95e0.jpg,4,PS Plastic,4,PS Plastic,0.9883822798728943,0.0011834785109385848,0.0005625386256724596,0.009096220135688782,0.0007755292463116348,0.9883822798728943
/Users/aswanathjs/Downloads/test10/ai_plastic_waste_management_training/PS Plastic/foam_sheets/IMG_9370_JPG.rf.3aed904c44d464c3da11dd53783ed5fd.jpg,4,PS Plastic,4,PS Plastic,0.9947239756584167,0.0005817581550218165,0.0004007838433608413,0.0032794580329209566,0.0010140425292775035,0.9947239756584167
/Users/aswanathjs/Downloads/test10/ai_plastic_waste_management_training/PET Plastic/black_white_plastic_bottles/bxzay_jpg.rf.c1dbbfc0deb2e96335a04e1e250f0a8d.jpg,2,PET Plastic,2,PET Plastic,0.9551393985748291,0.0012017232365906239,0.04065911844372749,0.9551393985748291,0.0022454080171883106,0.0007544292020611465
/Users/aswanathjs/Downloads/test10/ai_plastic_waste_management_training/HDPE Plastic/shampoo_bottles/0075_a02b01c2d0e0f0g0h4.jpg,0,HDPE Plastic,0,HDPE Plastic,0.9950094223022461,0.9950094223022461,2.1736097551183775e-05,0.0030569741502404213,0.0014909020392224193,0.0004210117622278631
/Users/aswanathjs/Downloads/test10/ai_plastic_waste_management_training/HDPE Plastic/milk_bottles/HDPEM561.JPG,0,HDPE Plastic,0,HDPE Plastic,0.9953497052192688,0.9953497052192688,3.505825816318975e-06,0.004499473143368959,5.7352499425178394e-05,8.998229895951226e-05
/Users/aswanathjs/Downloads/test10/ai_plastic_waste_management_training/LDPE Plastic/bubble_wrap/LDPE-84_jpg.rf.a924f90fbd2087c2d694641dd44d80af.jpg,1,LDPE Plastic,1,LDPE Plastic,0.975888729095459,0.004305586218833923,0.975888729095459,0.004912031814455986,0.004161117132753134,0.010732543654739857
/Users/aswanathjs/Downloads/test10/ai_plastic_waste_management_training/LDPE Plastic/bubble_wrap/LDPE-84_jpg.rf.6d4b4769279b2132c86811339dd8235f.jpg,1,LDPE Plastic,1,LDPE Plastic,0.9835256338119507,0.0022452990524470806,0.9835256338119507,0.0027346350252628326,0.0066406745463609695,0.004853751044720411
/Users/aswanathjs/Downloads/test10/ai_plastic_waste_management_training/PET Plastic/plastic_bottles/PET908.jpg,2,PET Plastic,2,PET Plastic,0.9996364116668701,0.0002002349210670218,4.6990320697659627e-05,0.9996364116668701,9.987404337152839e-05,1.652036007726565e-05
/Users/aswanathjs/Downloads/test10/ai_plastic_waste_management_training/PS Plastic/form_containers_grey/0058_a06b01c1d0e0f0g0h0.jpg,4,PS Plastic,4,PS Plastic,0.9927316308021545,0.0016312063671648502,0.0012249300489202142,0.0013076391769573092,0.003104554256424308,0.9927316308021545
/Users/aswanathjs/Downloads/test10/ai_plastic_waste_management_training/PS Plastic/foam_containers/0058_a06b01c1d0e0f0g0h0.jpg,4,PS Plastic,4,PS Plastic,0.9979885816574097,0.0002820992667693645,0.0003589066327549517,0.0003014986286871135,0.0010689941700547934,0.9979885816574097
/Users/aswanathjs/Downloads/test10/ai_plastic_waste_management_training/PET Plastic/plastic_bottles/PET468.jpg,2,PET Plastic,2,PET Plastic,0.998763918876648,0.0005630256491713226,2.4976403437904082e-05,0.998763918876648,0.0005849347217008471,6.311546894721687e-05
/Users/aswanathjs/Downloads/test10/ai_plastic_waste_management_training/LDPE Plastic/plastic_bags/plasticbag (194).jpg,1,LDPE Plastic,1,LDPE Plastic,0.9944770932197571,0.0008441130630671978,0.9944770932197571,0.0010165409184992313,0.0028552436269819736,0.0008069506729952991
/Users/aswanathjs/Downloads/test10/ai_plastic_waste_management_training/PET Plastic/black_white_plastic_bottles/bdlsc_jpg.rf.d4c7c10c83024eec3d7edd6677a580be.jpg,2,PET Plastic,2,PET Plastic,0.9997019171714783,0.00017115124501287937,2.628361835377291e-05,0.9997019171714783,9.502419561613351e-05,5.569696440943517e-06
/Users/aswanathjs/Downloads/test10/ai_plastic_waste_management_training/PET Plastic/shampoo_bottles/0080_a05b00c2d2e0f1g0h4.jpg,2,PET Plastic,2,PET Plastic,0.9995317459106445,9.537595906294882e-05,1.4342575013870373e-05,0.9995317459106445,0.00033992400858551264,1.860595148173161e-05
/Users/aswanathjs/Downloads/test10/ai_plastic_waste_management_training/HDPE Plastic/detergent_bottles/0062_a02b05c2d0e0f1g1h3.jpg,0,HDPE Plastic,0,HDPE Plastic,0.9982311129570007,0.9982311129570007,2.1435356757137924e-05,0.001080043031834066,0.0005179719300940633,0.00014949108299333602
/Users/aswanathjs/Downloads/test10/ai_plastic_waste_management_training/PET Plastic/shampoo_bottles/0080_a05b00c2d2e0f1g0h2.jpg,2,PET Plastic,2,PET Plastic,0.9985137581825256,6.143033033367828e-07,5.918329861742677e-06,0.9985137581825256,0.0014704469358548522,9.307378604717087e-06
/Users/aswanathjs/Downloads/test10/ai_plastic_waste_management_training/HDPE Plastic/shampoo_bottles/0099_a02b01c1d3e0f1g0h0.jpg,0,HDPE Plastic,0,HDPE Plastic,0.9973102807998657,0.9973102807998657,3.956088039558381e-05,0.0002554121892899275,0.0023474872577935457,4.7316170821432024e-05
/Users/aswanathjs/Downloads/test10/ai_plastic_waste_management_training/PS Plastic/foam_containers/Image_188.png,4,PS Plastic,4,PS Plastic,0.45169419050216675,0.11690931767225266,0.18904878199100494,0.0462302602827549,0.19611747562885284,0.45169419050216675
/Users/aswanathjs/Downloads/test10/ai_plastic_waste_management_training/PP Plastic/round_containers/IMG_20220209_173628.jpg,3,PP Plastic,3,PP Plastic,0.7773773074150085,0.01920664682984352,0.14594025909900665,0.014583428390324116,0.7773773074150085,0.04289235547184944
/Users/aswanathjs/Downloads/test10/ai_plastic_waste_management_training/HDPE Plastic/shampoo_bottles/0063_a02b01c2d0e0f1g1h0.jpg,0,HDPE Plastic,0,HDPE Plastic,0.9696504473686218,0.9696504473686218,0.0004838824097532779,0.015363508835434914,0.011057628318667412,0.0034445065539330244
/Users/aswanathjs/Downloads/test10/ai_plastic_waste_management_training/HDPE Plastic/milk_bottles/HDPEM477.jpg,0,HDPE Plastic,0,HDPE Plastic,0.9945936799049377,0.9945936799049377,7.311562512768432e-05,0.0008238591835834086,0.0039007088635116816,0.0006086032371968031
/Users/aswanathjs/Downloads/test10/ai_plastic_waste_management_training/LDPE Plastic/black_white__plastic_bags/0246_jpg.rf.28f96f8c99015a44e99a90ad80757b4e.jpg,1,LDPE Plastic,1,LDPE Plastic,0.9652866125106812,0.02364710345864296,0.9652866125106812,0.0011275901924818754,0.006527276244014502,0.0034113654401153326
/Users/aswanathjs/Downloads/test10/ai_plastic_waste_management_training/HDPE Plastic/detergent_bottles/HDPEM14.jpg,0,HDPE Plastic,0,HDPE Plastic,0.9217919111251831,0.9217919111251831,0.001114695449359715,0.009950637817382812,0.03911465033888817,0.028028160333633423
/Users/aswanathjs/Downloads/test10/ai_plastic_waste_management_training/PET Plastic/plastic_bottles/PET390.jpg,2,PET Plastic,2,PET Plastic,0.9999322891235352,4.45941805082839e-05,4.5994370339030866e-06,0.9999322891235352,1.2926065210194793e-05,5.6131634664779995e-06
/Users/aswanathjs/Downloads/test10/ai_plastic_waste_management_training/PET Plastic/plastic_bottles/PET895.jpg,2,PET Plastic,2,PET Plastic,0.9975848197937012,0.0007852797862142324,0.0008353223092854023,0.9975848197937012,0.0004244052688591182,0.00037011675885878503
/Users/aswanathjs/Downloads/test10/ai_plastic_waste_management_training/HDPE Plastic/milk_bottles/HDPEM138.jpg,0,HDPE Plastic,0,HDPE Plastic,0.9999749660491943,0.9999749660491943,2.6642564421308634e-07,3.916067271347856e-06,1.559616248414386e-05,5.199799943511607e-06
/Users/aswanathjs/Downloads/test10/ai_plastic_waste_management_training/PS Plastic/foam_containers/0058_a06b01c2d3e0f0g0h3.jpg,4,PS Plastic,4,PS Plastic,0.9863442182540894,0.0002738603507168591,0.00020129572658333927,7.446721429005265e-05,0.013106261380016804,0.9863442182540894
"/Users/aswanathjs/Downloads/test10/ai_plastic_waste_management_training/PET Plastic/plastic_bottles/PET1,163.jpg",2,PET Plastic,2,PET Plastic,0.9979966282844543,0.000489496742375195,0.0008802723605185747,0.9979966282844543,0.0002477498783264309,0.00038577598752453923
/Users/aswanathjs/Downloads/test10/ai_plastic_waste_management_training/LDPE Plastic/plastic_bags/plasticbag (17).jpg,1,LDPE Plastic,1,LDPE Plastic,0.9891232848167419,0.001427917624823749,0.9891232848167419,0.0002691095869522542,0.005356254056096077,0.0038233688101172447
/Users/aswanathjs/Downloads/test10/ai_plastic_waste_management_training/HDPE Plastic/milk_bottles/HDPEM74.jpg,0,HDPE Plastic,0,HDPE Plastic,0.9999886751174927,0.9999886751174927,6.381461759019658e-08,7.419594567181775e-06,1.980135721169063e-06,1.88165813597152e-06
/Users/aswanathjs/Downloads/test10/ai_plastic_waste_management_training/HDPE Plastic/milk_bottles_grey/HDPEM74.jpg,0,HDPE Plastic,0,HDPE Plastic,0.999896764755249,0.999896764755249,2.437540842947783e-06,9.45029933063779e-06,8.112411887850612e-05,1.0208645107923076e-05
"/Users/aswanathjs/Downloads/test10/ai_plastic_waste_management_training/PET Plastic/plastic_bottles/PET1,250.jpg",2,PET Plastic,2,PET Plastic,0.9857984781265259,0.012682006694376469,0.00011349986016284674,0.9857984781265259,0.0010675964877009392,0.0003384636656846851
/Users/aswanathjs/Downloads/test10/ai_plastic_waste_management_training/PET Plastic/black_white_plastic_bottles/bvsaq_jpg.rf.48d7ed6e9789e4a08a7f98ef57c0fb0d.jpg,2,PET Plastic,2,PET Plastic,0.9995774626731873,0.00035002685035578907,6.017945906933164e-06,0.9995774626731873,4.5087315811542794e-05,2.1434711015899666e-05
"/Users/aswanathjs/Downloads/test10/ai_plastic_waste_management_training/HDPE Plastic/milk_bottles/HDPEM1,013.JPG",0,HDPE Plastic,0,HDPE Plastic,0.9991714954376221,0.9991714954376221,9.009761015477125e-06,0.0005291741690598428,0.00016028209938667715,0.0001300824515055865
/Users/aswanathjs/Downloads/test10/ai_plastic_waste_management_training/PS Plastic/form_containers_grey/styrofoam-133-_jpg.rf.0385a8c46aba6f0d72fd0875b00e582e.jpg,4,PS Plastic,4,PS Plastic,0.9860445261001587,0.005116911605000496,0.001703381771221757,0.0005777116166427732,0.006557512562721968,0.9860445261001587
/Users/aswanathjs/Downloads/test10/ai_plastic_waste_management_training/PS Plastic/foam_containers/styrofoam-133-_jpg.rf.0385a8c46aba6f0d72fd0875b00e582e.jpg,4,PS Plastic,4,PS Plastic,0.9964157342910767,0.0012117278529331088,0.0005012392648495734,0.0002247466763947159,0.0016465414082631469,0.9964157342910767
/Users/aswanathjs/Downloads/test10/ai_plastic_waste_management_training/LDPE Plastic/plastic_bags/LDPE-300_jpg.rf.0cf91204d7b95144c61221065a50fc5d.jpg,1,LDPE Plastic,1,LDPE Plastic,0.9976267218589783,0.0005575644900090992,0.9976267218589783,0.000662239093799144,0.0005589688662439585,0.0005945723387412727
/Users/aswanathjs/Downloads/test10/ai_plastic_waste_management_training/LDPE Plastic/black_white__plastic_bags/0274_jpg.rf.37a314e0e94111fefd7a3e3b841fc38e.jpg,1,LDPE Plastic,1,LDPE Plastic,0.9963619112968445,0.0010244472650811076,0.9963619112968445,0.0007825840730220079,0.0010293517261743546,0.0008017325890250504
/Users/aswanathjs/Downloads/test10/ai_plastic_waste_management_training/PP Plastic/square_containers/0011_a05b00c1d0e0f0g0h0.jpg,3,PP Plastic,3,PP Plastic,0.9923728108406067,0.00013549024879466742,2.1896836187806912e-05,0.0008928007446229458,0.9923728108406067,0.006577019114047289
"/Users/aswanathjs/Downloads/test10/ai_plastic_waste_management_training/PET Plastic/plastic_bottles/PET1,589.jpg",2,PET Plastic,2,PET Plastic,0.9462390542030334,0.010496438480913639,0.03667609393596649,0.9462390542030334,0.005531952250748873,0.001056441105902195
/Users/aswanathjs/Downloads/test10/ai_plastic_waste_management_training/PP Plastic/round_containers/0044_a06b01c2d0e0f0g0h0.jpg,3,PP Plastic,3,PP Plastic,0.9694663286209106,0.0008346515824086964,0.001518872450105846,0.019668007269501686,0.9694663286209106,0.00851210206747055
/Users/aswanathjs/Downloads/test10/ai_plastic_waste_management_training/PS Plastic/foam_containers/styrofoam-119-_jpg.rf.4830073696e2704015ac4956d72e719c.jpg,4,PS Plastic,4,PS Plastic,0.9951984286308289,0.0022162229288369417,0.00017554746591486037,0.0011740237241610885,0.0012358021922409534,0.9951984286308289
/Users/aswanathjs/Downloads/test10/ai_plastic_waste_management_training/PET Plastic/plastic_bottles/PET576.jpg,2,PET Plastic,2,PET Plastic,0.9991151690483093,0.0003217490157112479,7.787974755046889e-05,0.9991151690483093,0.0002945231390185654,0.0001905927201732993
/Users/aswanathjs/Downloads/test10/ai_plastic_waste_management_training/PS Plastic/foam_sheets/PS-690_jpg.rf.9036746e09ea5bba865eb13252721bc2.jpg,4,PS Plastic,4,PS Plastic,0.9897593259811401,0.0006105285137891769,0.00763990031555295,0.0006875422550365329,0.0013028495013713837,0.9897593259811401
/Users/aswanathjs/Downloads/test10/ai_plastic_waste_management_training/HDPE Plastic/milk_bottles/HDPEM92.jpg,0,HDPE Plastic,0,HDPE Plastic,0.9821600317955017,0.9821600317955017,0.0003855421964544803,0.012975531630218029,0.003072248538956046,0.0014066147850826383
/Users/aswanathjs/Downloads/test10/ai_plastic_waste_management_training/LDPE Plastic/plastic_bags/plasticbag (199).jpg,1,LDPE Plastic,1,LDPE Plastic,0.7046710252761841,0.04965873435139656,0.7046710252761841,0.006761338096112013,0.19239726662635803,0.04651165381073952
/Users/aswanathjs/Downloads/test10/ai_plastic_waste_management_training/PP Plastic/round_containers/0044_a06b01c1d3e0f0g0h1.jpg,3,PP Plastic,3,PP Plastic,0.9984980821609497,0.000885098590515554,0.0003946443903259933,0.00010418819874757901,0.9984980821609497,0.00011804245878010988
/Users/aswanathjs/Downloads/test10/ai_plastic_waste_management_training/PET Plastic/black_white_plastic_bottles/abhno_jpg.rf.a216ee1333beabbc6932645b75194dc4.jpg,2,PET Plastic,2,PET Plastic,0.9989738464355469,0.0004916709731332958,0.0002216814609710127,0.9989738464355469,0.00023072953626979142,8.213650289690122e-05
/Users/aswanathjs/Downloads/test10/ai_plastic_waste_management_training/PET Plastic/shampoo_bottles/0015_a05b00c2d0e1f1g0h0.jpg,2,PET Plastic,2,PET Plastic,0.9910785555839539,0.0015970668755471706,0.00010574511543381959,0.9910785555839539,0.007118964567780495,9.961821342585608e-05
/Users/aswanathjs/Downloads/test10/ai_plastic_waste_management_training/LDPE Plastic/plastic_bags/train_LDPE-64_jpg.rf.b4d0c1b714d1ab1bc000ebc5b1ae7398.jpg,1,LDPE Plastic,1,LDPE Plastic,0.9876515865325928,0.002588219242170453,0.9876515865325928,0.001986951567232609,0.0025405827909708023,0.005232696421444416
/Users/aswanathjs/Downloads/test10/ai_plastic_waste_management_training/PS Plastic/foam_sheets/PS-779_jpg.rf.33709a1c396d238c2338e554ccbe79c3.jpg,4,PS Plastic,4,PS Plastic,0.992950439453125,0.0006667452398687601,0.0035087894648313522,0.0009953692788258195,0.0018786417786031961,0.992950439453125
"/Users/aswanathjs/Downloads/test10/ai_plastic_waste_management_training/PET Plastic/plastic_bottles/PET1,353.jpg",2,PET Plastic,2,PET Plastic,0.9997304081916809,0.00021810598263982683,2.6567745408101473e-06,0.9997304081916809,3.089853635174222e-05,1.791899740055669e-05
/Users/aswanathjs/Downloads/test10/ai_plastic_waste_management_training/LDPE Plastic/black_white__plastic_bags/0170_jpg.rf.07afc1a6fc3d2703a8dae4b685cb723e.jpg,1,LDPE Plastic,1,LDPE Plastic,0.9970402121543884,0.0003122295893263072,0.9970402121543884,0.0005602774326689541,0.00097742083016783,0.001109751989133656
/Users/aswanathjs/Downloads/test10/ai_plastic_waste_management_training/PS Plastic/foam_containers/styrofoam-143-_jpg.rf.73dc94a54d8a1d27900dc3eb4d6333b0.jpg,4,PS Plastic,1,LDPE Plastic,0.40926215052604675,0.05465472489595413,0.40926215052604675,0.06925606727600098,0.1803169697523117,0.28651008009910583
"/Users/aswanathjs/Downloads/test10/ai_plastic_waste_management_training/PET Plastic/plastic_bottles/PET1,440.jpg",2,PET Plastic,2,PET Plastic,0.9996473789215088,0.00022168076247908175,1.3003554158785846e-05,0.9996473789215088,7.05134152667597e-05,4.745193291455507e-05
/Users/aswanathjs/Downloads/test10/ai_plastic_waste_management_training/PET Plastic/black_white_plastic_bottles/dfmpc_jpg.rf.4bff585f608375a17b5024ebbdd5a387.jpg,2,PET Plastic,2,PET Plastic,0.9995645880699158,0.0002045831352006644,5.3204195864964277e-05,0.9995645880699158,0.00015577688463963568,2.182935713790357e-05
/Users/aswanathjs/Downloads/test10/ai_plastic_waste_management_training/HDPE Plastic/shampoo_bottles/0023_a02b01c1d2e0f1g0h0.jpg,0,HDPE Plastic,0,HDPE Plastic,0.9487733244895935,0.9487733244895935,0.00044419424375519156,0.03033520095050335,0.013564598746597767,0.006882672663778067
/Users/aswanathjs/Downloads/test10/ai_plastic_waste_management_training/PP Plastic/square_containers/mixedcontainer.png,3,PP Plastic,3,PP Plastic,0.47072306275367737,0.02255701646208763,0.3810441792011261,0.011728574521839619,0.47072306275367737,0.11394720524549484
"/Users/aswanathjs/Downloads/test10/ai_plastic_waste_management_training/PET Plastic/plastic_bottles/PET1,761.jpg",2,PET Plastic,2,PET Plastic,0.9976200461387634,0.0015546843642368913,6.498958100564778e-05,0.9976200461387634,0.0007153328042477369,4.5041870180284604e-05
/Users/aswanathjs/Downloads/test10/ai_plastic_waste_management_training/PET Plastic/black_white_plastic_bottles/bokpl_jpg.rf.2b28346b836baed6ca15c1685081a158.jpg,2,PET Plastic,2,PET Plastic,0.9910423755645752,0.0002597633865661919,0.006177248898893595,0.9910423755645752,0.0019395033596083522,0.000581020605750382
"/Users/aswanathjs/Downloads/test10/ai_plastic_waste_management_training/PET Plastic/plastic_bottles/PET1,507.jpg",2,PET Plastic,2,PET Plastic,0.9270555973052979,0.06671101599931717,0.00016427773516625166,0.9270555973052979,0.004109521396458149,0.001959586516022682
/Users/aswanathjs/Downloads/test10/ai_plastic_waste_management_training/PS Plastic/foam_sheets/IMG_9352_JPG.rf.fcd77c76e4f3ad63144539f2a0a439c6.jpg,4,PS Plastic,4,PS Plastic,0.9952898025512695,0.0014734446303918958,0.0009432262158952653,0.0013716702815145254,0.0009217397891916335,0.9952898025512695
/Users/aswanathjs/Downloads/test10/ai_plastic_waste_management_training/PS Plastic/foam_sheets/IMG_9352_JPG.rf.7faa030cbe1134f6bb37e21f8b766655.jpg,4,PS Plastic,4,PS Plastic,0.9928594827651978,0.0005730320699512959,0.004909807816147804,0.0003211787552572787,0.0013364027254283428,0.9928594827651978
/Users/aswanathjs/Downloads/test10/ai_plastic_waste_management_training/PS Plastic/foam_sheets/IMG_9352_JPG.rf.5c08cd7564fa60b669c27a4bf45e8a96.jpg,4,PS Plastic,4,PS Plastic,0.9843114018440247,0.0048594288527965546,0.0017436512280255556,0.005275584291666746,0.0038099358789622784,0.9843114018440247
/Users/aswanathjs/Downloads/test10/ai_plastic_waste_management_training/HDPE Plastic/shampoo_bottles/0099_a02b01c1d2e0f1g0h4.jpg,0,HDPE Plastic,0,HDPE Plastic,0.9813358783721924,0.9813358783721924,0.00064067542552948,0.003817853517830372,0.01295213121920824,0.0012535008136183023
/Users/aswanathjs/Downloads/test10/ai_plastic_waste_management_training/HDPE Plastic/shampoo_bottles/0061_a02b01c2d2e0f1g0h2.jpg,0,HDPE Plastic,0,HDPE Plastic,0.9986039996147156,0.9986039996147156,3.075179847655818e-06,0.0013204148272052407,3.5277036658953875e-05,3.724193084053695e-05
/Users/aswanathjs/Downloads/test10/ai_plastic_waste_management_training/PET Plastic/black_white_plastic_bottles/bshya_jpg.rf.d680f8c9e1ab7a0d58370c8ca0a7bee8.jpg,2,PET Plastic,2,PET Plastic,0.7190893292427063,0.012157153338193893,0.023396287113428116,0.7190893292427063,0.23575343191623688,0.009603775106370449
/Users/aswanathjs/Downloads/test10/ai_plastic_waste_management_training/PET Plastic/plastic_bottles/PET614.jpg,2,PET Plastic,2,PET Plastic,0.9974549412727356,0.0009231575531885028,0.0005852574249729514,0.9974549412727356,0.0006310045137070119,0.00040564077789895236
/Users/aswanathjs/Downloads/test10/ai_plastic_waste_management_training/PP Plastic/round_containers/IMG20220210154515.jpg,3,PP Plastic,3,PP Plastic,0.8655737042427063,0.04626265540719032,0.06443027406930923,0.008723665028810501,0.8655737042427063,0.015009651891887188
/Users/aswanathjs/Downloads/test10/ai_plastic_waste_management_training/HDPE Plastic/milk_bottles/HDPEM91.jpg,0,HDPE Plastic,0,HDPE Plastic,0.9999622106552124,0.9999622106552124,4.593012548070874e-08,1.2058824722771533e-05,1.6911799320951104e-05,8.821852134133223e-06
/Users/aswanathjs/Downloads/test10/ai_plastic_waste_management_training/HDPE Plastic/detergent_bottles/0098_a02b03c2d0e0f0g0h2.jpg,0,HDPE Plastic,0,HDPE Plastic,0.9994803071022034,0.9994803071022034,3.739017847692594e-05,3.5027394460485084e-06,0.0004727776686195284,6.12272697253502e-06
/Users/aswanathjs/Downloads/test10/ai_plastic_waste_management_training/LDPE Plastic/bubble_wrap/train_LDPE-99_jpg.rf.bb2dc10956e69c18e1ff310e36773a34.jpg,1,LDPE Plastic,1,LDPE Plastic,0.9900466799736023,0.0010336305713281035,0.9900466799736023,0.003565403399989009,0.002640714403241873,0.0027134802658110857
/Users/aswanathjs/Downloads/test10/ai_plastic_waste_management_training/LDPE Plastic/plastic_bags/plasticbag (27).jpg,1,LDPE Plastic,1,LDPE Plastic,0.9844104051589966,0.006174718961119652,0.9844104051589966,0.0024890881031751633,0.0047322288155555725,0.002193572698161006
/Users/aswanathjs/Downloads/test10/ai_plastic_waste_management_training/HDPE Plastic/detergent_bottles/0096_a02b04c1d2e0f0g0h2.jpg,0,HDPE Plastic,0,HDPE Plastic,0.9460189342498779,0.9460189342498779,0.0007694053347222507,0.004956335294991732,0.04736799746751785,0.0008873685146681964
/Users/aswanathjs/Downloads/test10/ai_plastic_waste_management_training/PET Plastic/black_white_plastic_bottles/cumet_jpg.rf.31e35770c6dce5027564585d54ec6e9f.jpg,2,PET Plastic,2,PET Plastic,0.9981174468994141,0.0003344318538438529,0.0003503370098769665,0.9981174468994141,0.0006313775083981454,0.00056646071607247
/Users/aswanathjs/Downloads/test10/ai_plastic_waste_management_training/HDPE Plastic/detergent_bottles/0098_a02b03c1d1e0f0g0h0.jpg,0,HDPE Plastic,0,HDPE Plastic,0.9997170567512512,0.9997170567512512,1.591426189406775e-05,4.640946281142533e-05,0.00021034783276263624,1.0247247701045126e-05
/Users/aswanathjs/Downloads/test10/ai_plastic_waste_management_training/PET Plastic/plastic_bottles/PET834.jpg,2,PET Plastic,2,PET Plastic,0.9998207688331604,4.5535562094300985e-05,8.911154145607725e-05,0.9998207688331604,2.8573662348208018e-05,1.6048623365350068e-05
/Users/aswanathjs/Downloads/test10/ai_plastic_waste_management_training/PS Plastic/foam_sheets/PS-843_jpg.rf.872e19b12be437a02865cb3a99b3b746.jpg,4,PS Plastic,4,PS Plastic,0.999932050704956,1.0388243936176877e-05,4.099866418982856e-05,2.7881724236067384e-06,1.3821955690218601e-05,0.999932050704956
/Users/aswanathjs/Downloads/test10/ai_plastic_waste_management_training/PET Plastic/black_white_plastic_bottles/cigbo_jpg.rf.ff89cb2b2e7d7250f967e160ce76f47d.jpg,2,PET Plastic,2,PET Plastic,0.9997335076332092,0.0001183396452688612,8.016111678443849e-06,0.9997335076332092,0.00011097871174570173,2.9143633582862094e-05
/Users/aswanathjs/Downloads/test10/ai_plastic_waste_management_training/PP Plastic/round_containers/0032_a05b01c1d1e0f0g0h1.jpg,3,PP Plastic,3,PP Plastic,0.9990291595458984,0.0007524385582655668,2.367029810557142e-05,9.14223346626386e-05,0.9990291595458984,0.00010325203038519248
/Users/aswanathjs/Downloads/test10/ai_plastic_waste_management_training/PP Plastic/round_containers_grey/0032_a05b01c1d1e0f0g0h1.jpg,3,PP Plastic,3,PP Plastic,0.9990949630737305,0.0004634983488358557,0.00011917240772163495,0.00015711192099843174,0.9990949630737305,0.00016522900841664523
/Users/aswanathjs/Downloads/test10/ai_plastic_waste_management_training/LDPE Plastic/plastic_bags/LDPE-29_jpg.rf.81e5e7255851ff24b2dda8df50c974ae.jpg,1,LDPE Plastic,1,LDPE Plastic,0.9875604510307312,0.0033688812982290983,0.9875604510307312,0.0030110012739896774,0.0032924264669418335,0.0027671861462295055
/Users/aswanathjs/Downloads/test10/ai_plastic_waste_management_training/LDPE Plastic/plastic_bags/LDPE-29_jpg.rf.f2f04c6bf85df5b5951f72ed4ed079e6.jpg,1,LDPE Plastic,1,LDPE Plastic,0.9997351765632629,4.1219052945962176e-05,0.9997351765632629,0.00013006846711505204,6.419683631975204e-05,2.928568937932141e-05
/Users/aswanathjs/Downloads/test10/ai_plastic_waste_management_training/HDPE Plastic/detergent_bottles/Image_176.png,0,HDPE Plastic,0,HDPE Plastic,0.9614145159721375,0.9614145159721375,0.0036886390298604965,0.00870429165661335,0.01792174205183983,0.008270807564258575
/Users/aswanathjs/Downloads/test10/ai_plastic_waste_management_training/HDPE Plastic/detergent_botteles_grey/Image_176.png,0,HDPE Plastic,0,HDPE Plastic,0.9516187906265259,0.9516187906265259,0.009065664373338223,0.01543715875595808,0.01126940082758665,0.012608942575752735
/Users/aswanathjs/Downloads/test10/ai_plastic_waste_management_training/PP Plastic/round_containers/Image_176.png,0,HDPE Plastic,3,PP Plastic,0.7517867684364319,0.03512905165553093,0.1046128049492836,0.014951396733522415,0.7517867684364319,0.09351999312639236
/Users/aswanathjs/Downloads/test10/ai_plastic_waste_management_training/PS Plastic/foam_containers/Image_176.png,0,HDPE Plastic,4,PS Plastic,0.4914637506008148,0.03581446409225464,0.13676732778549194,0.030738575384020805,0.30521589517593384,0.4914637506008148
/Users/aswanathjs/Downloads/test10/ai_plastic_waste_management_training/PS Plastic/foam_sheets/PS-851_jpg.rf.ac36c6ad3097250ed2ba43fbcb22f028.jpg,4,PS Plastic,4,PS Plastic,0.9998370409011841,5.4098753025755286e-05,7.593724876642227e-05,1.1735032785509247e-05,2.1187761376495473e-05,0.9998370409011841
/Users/aswanathjs/Downloads/test10/ai_plastic_waste_management_training/HDPE Plastic/milk_bottles/HDPEM13.jpg,0,HDPE Plastic,0,HDPE Plastic,0.9971264004707336,0.9971264004707336,0.00011313001596136019,0.00014470404130406678,0.001416100305505097,0.001199777820147574
/Users/aswanathjs/Downloads/test10/ai_plastic_waste_management_training/LDPE Plastic/plastic_bags/LDPE-238_jpg.rf.39ddc8a03e6c076e2457c169ba2a4d7f.jpg,1,LDPE Plastic,1,LDPE Plastic,0.9958904385566711,0.0007375645800493658,0.9958904385566711,0.0009189277770929039,0.0012714521726593375,0.0011816169135272503
/Users/aswanathjs/Downloads/test10/ai_plastic_waste_management_training/HDPE Plastic/shampoo_bottles/0075_a02b01c1d3e0f0g0h1.jpg,0,HDPE Plastic,0,HDPE Plastic,0.9956207871437073,0.9956207871437073,2.4572300389991142e-05,6.175455200718716e-05,0.004279385786503553,1.3508509255188983e-05
/Users/aswanathjs/Downloads/test10/ai_plastic_waste_management_training/LDPE Plastic/plastic_bags/LDPE-494_jpg.rf.b4a3c24b11da018231133eafbcd48faf.jpg,1,LDPE Plastic,1,LDPE Plastic,0.9902010560035706,0.002398483455181122,0.9902010560035706,0.0018103959737345576,0.0029620013665407896,0.0026280635502189398
/Users/aswanathjs/Downloads/test10/ai_plastic_waste_management_training/PET Plastic/plastic_bottles/PET522.jpg,2,PET Plastic,2,PET Plastic,0.9975678324699402,0.001093174098059535,0.00015038606943562627,0.9975678324699402,0.0007515834295190871,0.0004369690432213247
/Users/aswanathjs/Downloads/test10/ai_plastic_waste_management_training/HDPE Plastic/milk_bottles/HDPEM124.jpg,0,HDPE Plastic,0,HDPE Plastic,0.9998902082443237,0.9998902082443237,9.391511639478267e-07,5.2490435336949304e-05,4.0917737351264805e-05,1.544314181955997e-05
/Users/aswanathjs/Downloads/test10/ai_plastic_waste_management_training/PS Plastic/foam_sheets/PS-832_jpg.rf.8d2941d3aaeb1e4107d76677c159b278.jpg,4,PS Plastic,4,PS Plastic,0.9998939037322998,1.5533360055997036e-05,3.4114764275727794e-05,3.360874325153418e-05,2.2832366084912792e-05,0.9998939037322998
/Users/aswanathjs/Downloads/test10/ai_plastic_waste_management_training/PS Plastic/foam_containers/Image_1.png,4,PS Plastic,4,PS Plastic,0.5227365493774414,0.04850554093718529,0.2655979096889496,0.01758316345512867,0.14557680487632751,0.5227365493774414
/Users/aswanathjs/Downloads/test10/ai_plastic_waste_management_training/HDPE Plastic/shampoo_bottles/0065_a02b03c2d1e0f1g0h0.jpg,0,HDPE Plastic,0,HDPE Plastic,0.9980929493904114,0.9980929493904114,9.378207323607057e-05,0.0010725121246650815,0.00048020039685070515,0.00026054627960547805
/Users/aswanathjs/Downloads/test10/ai_plastic_waste_management_training/HDPE Plastic/shampoo_bottles/0099_a02b01c1d2e0f1g0h0.jpg,0,HDPE Plastic,0,HDPE Plastic,0.9937350153923035,0.9937350153923035,0.0004138252406846732,0.0010967605048790574,0.0043927524238824844,0.00036163112963549793
/Users/aswanathjs/Downloads/test10/ai_plastic_waste_management_training/LDPE Plastic/plastic_bags/P_W (1408).jpg,1,LDPE Plastic,1,LDPE Plastic,0.9670811295509338,0.010109585709869862,0.9670811295509338,0.004132276400923729,0.01206066831946373,0.006616328377276659
/Users/aswanathjs/Downloads/test10/ai_plastic_waste_management_training/PET Plastic/black_white_plastic_bottles/afkrz_jpg.rf.7f8943cef102f1e7b0185e3fd79cc4b9.jpg,2,PET Plastic,2,PET Plastic,0.9999034404754639,2.737460090429522e-05,6.519994713016786e-06,0.9999034404754639,4.7872770664980635e-05,1.4763447325094603e-05
"/Users/aswanathjs/Downloads/test10/ai_plastic_waste_management_training/PET Plastic/plastic_bottles/PET1,471.jpg",2,PET Plastic,2,PET Plastic,0.9935300946235657,0.004222757648676634,8.288722165161744e-05,0.9935300946235657,0.0017638170393183827,0.00040047639049589634
/Users/aswanathjs/Downloads/test10/ai_plastic_waste_management_training/LDPE Plastic/plastic_bags/plasticbag (137) 17.43.56.jpg,1,LDPE Plastic,1,LDPE Plastic,0.9873203039169312,0.002654094249010086,0.9873203039169312,0.0028945142403244972,0.0053225113078951836,0.001808566739782691
/Users/aswanathjs/Downloads/test10/ai_plastic_waste_management_training/HDPE Plastic/detergent_bottles/Image_161.png,0,HDPE Plastic,0,HDPE Plastic,0.6840450167655945,0.6840450167655945,0.035137075930833817,0.14820893108844757,0.10921042412519455,0.023398516699671745
/Users/aswanathjs/Downloads/test10/ai_plastic_waste_management_training/PS Plastic/foam_containers/Image_161.png,0,HDPE Plastic,4,PS Plastic,0.5232029557228088,0.056870561093091965,0.09795606136322021,0.023902833461761475,0.298067569732666,0.5232029557228088
/Users/aswanathjs/Downloads/test10/ai_plastic_waste_management_training/HDPE Plastic/milk_bottles/HDPEM408.jpg,0,HDPE Plastic,0,HDPE Plastic,0.9998974800109863,0.9998974800109863,1.2622022040886804e-06,8.638213330414146e-06,8.338701445609331e-05,9.271288035961334e-06
/Users/aswanathjs/Downloads/test10/ai_plastic_waste_management_training/HDPE Plastic/shampoo_bottiles_grey/0065_a02b03c2d2e0f1g0h0.jpg,0,HDPE Plastic,0,HDPE Plastic,0.9999346733093262,0.9999346733093262,3.4235114299008274e-07,1.368494031339651e-05,4.124638871871866e-05,9.960270290321205e-06
/Users/aswanathjs/Downloads/test10/ai_plastic_waste_management_training/HDPE Plastic/shampoo_bottles/0065_a02b03c2d2e0f1g0h0.jpg,0,HDPE Plastic,0,HDPE Plastic,0.9800452589988708,0.9800452589988708,0.0023716618306934834,0.006146045867353678,0.004882401786744595,0.00655469112098217
/Users/aswanathjs/Downloads/test10/ai_plastic_waste_management_training/PET Plastic/black_white_plastic_bottles/azdgf_jpg.rf.41d05dbd8ae8ea78e2a69ff45617dead.jpg,2,PET Plastic,2,PET Plastic,0.9963964819908142,0.00029573278152383864,0.000895772478543222,0.9963964819908142,0.0021920762956142426,0.00022002369223628193
/Users/aswanathjs/Downloads/test10/ai_plastic_waste_management_training/PP Plastic/round_containers/IMG_20220210_105638.jpg,3,PP Plastic,3,PP Plastic,0.9452180862426758,0.028776731342077255,0.00923007633537054,0.0016461124178022146,0.9452180862426758,0.01512900460511446
/Users/aswanathjs/Downloads/test10/ai_plastic_waste_management_training/PP Plastic/irregular_containers/valid_PP-66_jpg.rf.ee23cdc54f12850194f8ad6ecc589277.jpg,3,PP Plastic,3,PP Plastic,0.9929008483886719,0.000882650725543499,0.0022409476805478334,0.0015701574739068747,0.9929008483886719,0.002405438106507063
/Users/aswanathjs/Downloads/test10/ai_plastic_waste_management_training/PP Plastic/square_containers/Image_84.png,3,PP Plastic,3,PP Plastic,0.7598137855529785,0.011116637848317623,0.14701047539710999,0.010116535238921642,0.7598137855529785,0.071942538022995
/Users/aswanathjs/Downloads/test10/ai_plastic_waste_management_training/PS Plastic/foam_containers/Image_84.png,3,PP Plastic,4,PS Plastic,0.45409417152404785,0.0517883263528347,0.15801666676998138,0.028091903775930405,0.30800890922546387,0.45409417152404785
/Users/aswanathjs/Downloads/test10/ai_plastic_waste_management_training/LDPE Plastic/plastic_bags/plasticbag (48).jpg,1,LDPE Plastic,1,LDPE Plastic,0.9829075932502747,0.0072914473712444305,0.9829075932502747,0.0021914674434810877,0.005456515587866306,0.0021529842633754015
/Users/aswanathjs/Downloads/test10/ai_plastic_waste_management_training/HDPE Plastic/detergent_bottles/0010_a02b01c2d1e0f1g0h1.jpg,0,HDPE Plastic,0,HDPE Plastic,0.999054491519928,0.999054491519928,1.6453965145046823e-05,0.0003035147092305124,0.0005602852907031775,6.521275645354763e-05
/Users/aswanathjs/Downloads/test10/ai_plastic_waste_management_training/HDPE Plastic/detergent_botteles_grey/0010_a02b01c2d1e0f1g0h1.jpg,0,HDPE Plastic,0,HDPE Plastic,0.9577333331108093,0.9577333331108093,0.006425938103348017,0.012206661514937878,0.02054360695183277,0.003090475918725133
/Users/aswanathjs/Downloads/test10/ai_plastic_waste_management_training/PP Plastic/round_containers/0035_a06b01c1d0e0f0g0h1.jpg,3,PP Plastic,3,PP Plastic,0.9806230068206787,0.001256350427865982,0.0004566288262140006,0.016276424750685692,0.9806230068206787,0.0013875896111130714
/Users/aswanathjs/Downloads/test10/ai_plastic_waste_management_training/PS Plastic/foam_sheets/PS-735_jpg.rf.74d2eecc3489f63511117471833b1c0a.jpg,4,PS Plastic,4,PS Plastic,0.9732452630996704,0.0012652869336307049,0.01702178455889225,0.003066660137847066,0.005401058122515678,0.9732452630996704
/Users/aswanathjs/Downloads/test10/ai_plastic_waste_management_training/LDPE Plastic/black_white__plastic_bags/0038_jpg.rf.5659dea18108cb7d43df04810d60ee75.jpg,1,LDPE Plastic,1,LDPE Plastic,0.9927887320518494,0.003942239098250866,0.9927887320518494,0.0009846366010606289,0.0013902708888053894,0.0008941677515394986
/Users/aswanathjs/Downloads/test10/ai_plastic_waste_management_training/PET Plastic/black_white_plastic_bottles/anqur_jpg.rf.7899d90c7d54b3a351a27f197d61e5bb.jpg,2,PET Plastic,2,PET Plastic,0.8963813185691833,0.06661459803581238,0.0006413391092792153,0.8963813185691833,0.03466227278113365,0.0017004153924062848
/Users/aswanathjs/Downloads/test10/ai_plastic_waste_management_training/LDPE Plastic/plastic_bags/LDPE-655_jpg.rf.c358d1c206d03cb2b09291eb684f3d85.jpg,1,LDPE Plastic,1,LDPE Plastic,0.9933428168296814,0.0005459889653138816,0.9933428168296814,0.001380042638629675,0.0019117885967716575,0.002819311572238803
/Users/aswanathjs/Downloads/test10/ai_plastic_waste_management_training/PET Plastic/shampoo_bottles/0100_a05b00c2d2e0f0g0h3.jpg,2,PET Plastic,2,PET Plastic,0.9986139535903931,0.00010642705456120893,7.223648026410956e-06,0.9986139535903931,0.0012330681784078479,3.9333946915576234e-05
/Users/aswanathjs/Downloads/test10/ai_plastic_waste_management_training/PET Plastic/black_white_plastic_bottles/axhyi_jpg.rf.a86a0e1e6836cc96f67cf1531f5fce00.jpg,2,PET Plastic,2,PET Plastic,0.9977636337280273,0.0017731825355440378,5.233141564531252e-05,0.9977636337280273,0.00021920139261055738,0.00019160445663146675
/Users/aswanathjs/Downloads/test10/ai_plastic_waste_management_training/HDPE Plastic/shampoo_bottles/0063_a02b01c2d1e0f1g1h1.jpg,0,HDPE Plastic,0,HDPE Plastic,0.9952450394630432,0.9952450394630432,1.07242130980012e-05,0.0019228548044338822,0.0025685736909508705,0.00025287180324085057
/Users/aswanathjs/Downloads/test10/ai_plastic_waste_management_training/PP Plastic/round_containers/IMG_20220209_174841.jpg,3,PP Plastic,3,PP Plastic,0.9361304640769958,0.002812405815348029,0.00973715353757143,0.0030865224543958902,0.9361304640769958,0.04823342338204384
/Users/aswanathjs/Downloads/test10/ai_plastic_waste_management_training/PS Plastic/foam_sheets/PS-667_jpg.rf.0887ea8d8aa6587212e19a43b64b7914.jpg,4,PS Plastic,4,PS Plastic,0.9882573485374451,0.0014006292913109064,0.0070565142668783665,0.0009564254432916641,0.0023291606921702623,0.9882573485374451
/Users/aswanathjs/Downloads/test10/ai_plastic_waste_management_training/LDPE Plastic/plastic_bags/plasticbag (91).jpg,1,LDPE Plastic,1,LDPE Plastic,0.8788479566574097,0.012960799969732761,0.8788479566574097,0.00583023251965642,0.08589557558298111,0.0164654441177845
/Users/aswanathjs/Downloads/test10/ai_plastic_waste_management_training/PET Plastic/shampoo_bottles/0050_a05b00c1d0e1f1g0h4.jpg,2,PET Plastic,2,PET Plastic,0.9960164427757263,0.0023756271693855524,0.0002466915757395327,0.9960164427757263,0.0007978790672495961,0.0005632737884297967
/Users/aswanathjs/Downloads/test10/ai_plastic_waste_management_training/PP Plastic/rectangle_containers/0011_a05b00c1d2e0f0g0h1.jpg,3,PP Plastic,3,PP Plastic,0.9634808897972107,0.0017541218549013138,0.002710986416786909,0.02870114892721176,0.9634808897972107,0.0033529317006468773
/Users/aswanathjs/Downloads/test10/ai_plastic_waste_management_training/PP Plastic/square_containers/0011_a05b00c1d2e0f0g0h1.jpg,3,PP Plastic,3,PP Plastic,0.9634808897972107,0.0017541218549013138,0.002710986416786909,0.02870114892721176,0.9634808897972107,0.0033529317006468773
/Users/aswanathjs/Downloads/test10/ai_plastic_waste_management_training/LDPE Plastic/plastic_bags/plasticbag (137).jpg,1,LDPE Plastic,1,LDPE Plastic,0.9873203039169312,0.002654094249010086,0.9873203039169312,0.0028945142403244972,0.0053225113078951836,0.001808566739782691
/Users/aswanathjs/Downloads/test10/ai_plastic_waste_management_training/HDPE Plastic/milk_bottles/HDPEM57.jpg,0,HDPE Plastic,0,HDPE Plastic,0.9996323585510254,0.9996323585510254,4.3206991904298775e-06,0.00026493691257201135,4.9635917093837634e-05,4.876029197475873e-05
"/Users/aswanathjs/Downloads/test10/ai_plastic_waste_management_training/PET Plastic/plastic_bottles/PET1,780.jpg",2,PET Plastic,2,PET Plastic,0.9997926354408264,4.975710908183828e-05,3.501658284221776e-05,0.9997926354408264,0.00011279348109383136,9.8045238701161e-06
/Users/aswanathjs/Downloads/test10/ai_plastic_waste_management_training/PS Plastic/form_containers_grey/0058_a06b01c2d0e0f0g0h3.jpg,4,PS Plastic,4,PS Plastic,0.9958739876747131,8.564059680793434e-05,0.00019084986706729978,5.752116339863278e-05,0.003791982773691416,0.9958739876747131
/Users/aswanathjs/Downloads/test10/ai_plastic_waste_management_training/PS Plastic/foam_containers/0058_a06b01c2d0e0f0g0h3.jpg,4,PS Plastic,4,PS Plastic,0.9994606375694275,1.5940053344820626e-05,3.732809273060411e-05,1.1591040674829856e-05,0.00047456688480451703,0.9994606375694275
/Users/aswanathjs/Downloads/test10/ai_plastic_waste_management_training/PS Plastic/foam_sheets/PS-766_jpg.rf.d8043d9fbcebff2f5e67595b5aad510c.jpg,4,PS Plastic,4,PS Plastic,0.9968695044517517,0.0012277165660634637,0.0005306732491590083,0.00040737734525464475,0.0009647082188166678,0.9968695044517517
/Users/aswanathjs/Downloads/test10/ai_plastic_waste_management_training/PET Plastic/black_white_plastic_bottles/awkxc_jpg.rf.83d9f92faa46b6a5e708b2515e5efd11.jpg,2,PET Plastic,2,PET Plastic,0.9849132895469666,0.002689606510102749,0.007045398000627756,0.9849132895469666,0.003377803834155202,0.001973963575437665
/Users/aswanathjs/Downloads/test10/ai_plastic_waste_management_training/LDPE Plastic/plastic_bags/LDPE-600_jpg.rf.dc852cae2c8dc2a869b59cafee35ba42.jpg,1,LDPE Plastic,1,LDPE Plastic,0.9967980980873108,0.0007370971143245697,0.9967980980873108,0.0004927216214127839,0.0008608814678154886,0.001111156539991498
/Users/aswanathjs/Downloads/test10/ai_plastic_waste_management_training/PS Plastic/foam_containers/0058_a06b01c2d1e0f0g0h1.jpg,4,PS Plastic,4,PS Plastic,0.9955328702926636,0.000630998401902616,0.0002118826232617721,0.0008858450455591083,0.0027384578716009855,0.9955328702926636
"/Users/aswanathjs/Downloads/test10/ai_plastic_waste_management_training/PET Plastic/plastic_bottles/PET1,204.jpg",2,PET Plastic,2,PET Plastic,0.999660849571228,0.00019926692766603082,2.9628501579281874e-05,0.999660849571228,2.1012298020650633e-05,8.921990229282528e-05
/Users/aswanathjs/Downloads/test10/ai_plastic_waste_management_training/PET Plastic/black_white_plastic_bottles/amqph_jpg.rf.2fe950f511d559a62dd4647fd866da2d.jpg,2,PET Plastic,2,PET Plastic,0.9997944235801697,0.00012541556498035789,1.0921849025180563e-05,0.9997944235801697,4.7528985305689275e-05,2.1817268134327605e-05
/Users/aswanathjs/Downloads/test10/ai_plastic_waste_management_training/PP Plastic/round_containers/0022_a05b00c2d0e0f0g0h3.jpg,3,PP Plastic,3,PP Plastic,0.9687636494636536,0.0034327981993556023,0.014451413415372372,0.004960238933563232,0.9687636494636536,0.00839192047715187
/Users/aswanathjs/Downloads/test10/ai_plastic_waste_management_training/HDPE Plastic/detergent_bottles/0098_a02b03c1d2e0f0g0h3.jpg,0,HDPE Plastic,0,HDPE Plastic,0.9985657334327698,0.9985657334327698,1.3254282748675905e-05,1.819589851947967e-05,0.0013643320417031646,3.845336686936207e-05
/Users/aswanathjs/Downloads/test10/ai_plastic_waste_management_training/LDPE Plastic/black_white__plastic_bags/0007_jpg.rf.0e0bd85ebe663ccd675b6a08c21be77a.jpg,1,LDPE Plastic,1,LDPE Plastic,0.9857320189476013,0.0013176706852391362,0.9857320189476013,0.007773186080157757,0.0017491811886429787,0.0034279166720807552
/Users/aswanathjs/Downloads/test10/ai_plastic_waste_management_training/PP Plastic/round_containers/0032_a05b01c2d2e0f0g0h1.jpg,3,PP Plastic,3,PP Plastic,0.9951537847518921,0.002456097397953272,0.0003578545874916017,0.0005261395708657801,0.9951537847518921,0.0015060731675475836
/Users/aswanathjs/Downloads/test10/ai_plastic_waste_management_training/LDPE Plastic/bubble_wrap_grey/LDPE-94_jpg.rf.7e0c943462765e42beffe94456407b6d.jpg,1,LDPE Plastic,1,LDPE Plastic,0.9974185228347778,0.0004293780366424471,0.9974185228347778,0.00026215368416160345,0.0009208342526108027,0.0009690298466011882
/Users/aswanathjs/Downloads/test10/ai_plastic_waste_management_training/LDPE Plastic/bubble_wrap/LDPE-94_jpg.rf.7e0c943462765e42beffe94456407b6d.jpg,1,LDPE Plastic,1,LDPE Plastic,0.9972793459892273,0.0004375905264168978,0.9972793459892273,0.00034790541394613683,0.0007946742116473615,0.001140505657531321
/Users/aswanathjs/Downloads/test10/ai_plastic_waste_management_training/LDPE Plastic/plastic_bags/plasticbag (160).jpg,1,LDPE Plastic,1,LDPE Plastic,0.9168487787246704,0.009609325788915157,0.9168487787246704,0.015215394087135792,0.045433539897203445,0.012892932631075382
/Users/aswanathjs/Downloads/test10/ai_plastic_waste_management_training/PS Plastic/foam_sheets/PS-888_jpg.rf.26284a6d81a66c1248aa80fbf2be7fe5.jpg,4,PS Plastic,4,PS Plastic,0.9998586177825928,1.4072004887566436e-05,4.3805142922792584e-05,5.379919457482174e-05,2.9711218303418718e-05,0.9998586177825928
/Users/aswanathjs/Downloads/test10/ai_plastic_waste_management_training/HDPE Plastic/detergent_bottles/0010_a02b01c2d2e0f1g0h4.jpg,0,HDPE Plastic,0,HDPE Plastic,0.99826979637146,0.99826979637146,6.798235517635476e-06,0.0013384483754634857,0.0003338273672852665,5.1169194193789735e-05
/Users/aswanathjs/Downloads/test10/ai_plastic_waste_management_training/HDPE Plastic/detergent_botteles_grey/0010_a02b01c2d2e0f1g0h4.jpg,0,HDPE Plastic,0,HDPE Plastic,0.9982678890228271,0.9982678890228271,2.5149118300760165e-05,0.0010677743703126907,0.0005515760858543217,8.75746991368942e-05
"/Users/aswanathjs/Downloads/test10/ai_plastic_waste_management_training/HDPE Plastic/milk_bottles/HDPEM1,021.JPG",0,HDPE Plastic,0,HDPE Plastic,0.9994705319404602,0.9994705319404602,1.5062973034218885e-05,0.0002710935950744897,8.717751188669354e-05,0.00015619643090758473
/Users/aswanathjs/Downloads/test10/ai_plastic_waste_management_training/PS Plastic/foam_sheets/PS-902_jpg.rf.3e405abf1c38efc9697085217bdb30a3.jpg,4,PS Plastic,4,PS Plastic,0.9999653100967407,7.333164830924943e-06,1.4342859685712028e-05,4.902768978354288e-06,8.077912752924021e-06,0.9999653100967407
/Users/aswanathjs/Downloads/test10/ai_plastic_waste_management_training/PS Plastic/form_sheets_grey/PS-902_jpg.rf.3e405abf1c38efc9697085217bdb30a3.jpg,4,PS Plastic,4,PS Plastic,0.9999169111251831,1.5248732779582497e-05,2.705647966649849e-05,1.830509427236393e-05,2.237879380118102e-05,0.9999169111251831
/Users/aswanathjs/Downloads/test10/ai_plastic_waste_management_training/PP Plastic/round_containers/0022_a05b00c1d2e0f0g0h3.jpg,3,PP Plastic,3,PP Plastic,0.9832277297973633,0.0011237809667363763,0.004885992966592312,0.004632916301488876,0.9832277297973633,0.006129567977041006
/Users/aswanathjs/Downloads/test10/ai_plastic_waste_management_training/HDPE Plastic/milk_bottles/HDPEM499.jpg,0,HDPE Plastic,0,HDPE Plastic,0.9999299049377441,0.9999299049377441,1.5266500668076333e-06,3.034074552488164e-06,5.8116835134569556e-05,7.47983722249046e-06
/Users/aswanathjs/Downloads/test10/ai_plastic_waste_management_training/PET Plastic/plastic_bottles/PET360.jpg,2,PET Plastic,2,PET Plastic,0.9999421834945679,3.598318653530441e-05,4.270760200597579e-06,0.9999421834945679,9.460812179895584e-06,8.087507922027726e-06
/Users/aswanathjs/Downloads/test10/ai_plastic_waste_management_training/LDPE Plastic/plastic_bags/plasticbag (42).jpg,1,LDPE Plastic,1,LDPE Plastic,0.9953749775886536,0.0015923915198072791,0.9953749775886536,0.00024090151418931782,0.002312386641278863,0.00047940335934981704
/Users/aswanathjs/Downloads/test10/ai_plastic_waste_management_training/LDPE Plastic/plastic_bags/plasticbag (156).jpg,1,LDPE Plastic,1,LDPE Plastic,0.9720234274864197,0.0030788558069616556,0.9720234274864197,0.0026799445040524006,0.010815492831170559,0.01140228845179081
"/Users/aswanathjs/Downloads/test10/ai_plastic_waste_management_training/PET Plastic/plastic_bottles/PET1,508.jpg",2,PET Plastic,2,PET Plastic,0.9966428279876709,0.002661525970324874,1.533932299935259e-05,0.9966428279876709,0.0005056356312707067,0.00017467400175519288
/Users/aswanathjs/Downloads/test10/ai_plastic_waste_management_training/LDPE Plastic/plastic_bags/LDPE-545_jpg.rf.98a9d3aa0408925d1e5afe27dcba453b.jpg,1,LDPE Plastic,1,LDPE Plastic,0.9961777925491333,0.0008294176077470183,0.9961777925491333,0.0006968046654947102,0.0010606470750644803,0.0012353601632639766
/Users/aswanathjs/Downloads/test10/ai_plastic_waste_management_training/HDPE Plastic/detergent_bottles/0098_a02b03c1d1e0f0g0h2.jpg,0,HDPE Plastic,0,HDPE Plastic,0.99859219789505,0.99859219789505,7.859321158321109e-06,1.0159308658330701e-05,0.0013636890798807144,2.6128898753086105e-05
/Users/aswanathjs/Downloads/test10/ai_plastic_waste_management_training/PP Plastic/round_containers/Image_89.png,3,PP Plastic,3,PP Plastic,0.6900340914726257,0.0074534546583890915,0.2512126564979553,0.017353801056742668,0.6900340914726257,0.03394590690732002
/Users/aswanathjs/Downloads/test10/ai_plastic_waste_management_training/PS Plastic/foam_containers/Image_89.png,3,PP Plastic,4,PS Plastic,0.45132970809936523,0.05553432181477547,0.263329416513443,0.011861243285238743,0.21794527769088745,0.45132970809936523
/Users/aswanathjs/Downloads/test10/ai_plastic_waste_management_training/HDPE Plastic/shampoo_bottles/0065_a02b03c1d0e0f1g0h2.jpg,0,HDPE Plastic,0,HDPE Plastic,0.9998038411140442,0.9998038411140442,6.431605470424984e-06,9.700562804937363e-05,3.816038588411175e-05,5.456015423987992e-05
/Users/aswanathjs/Downloads/test10/ai_plastic_waste_management_training/PP Plastic/round_containers/0044_a06b01c1d3e0f0g0h2.jpg,3,PP Plastic,3,PP Plastic,0.9978460073471069,0.00036098985583521426,0.0006336279329843819,0.00020990088523831218,0.9978460073471069,0.0009494172991253436
/Users/aswanathjs/Downloads/test10/ai_plastic_waste_management_training/PS Plastic/foam_containers/Image_144.png,4,PS Plastic,4,PS Plastic,0.5224975347518921,0.07805395126342773,0.1737590730190277,0.020972611382603645,0.2047167420387268,0.5224975347518921
/Users/aswanathjs/Downloads/test10/ai_plastic_waste_management_training/PP Plastic/round_containers/0095_a05b01c1d2e0f0g0h0.jpg,3,PP Plastic,3,PP Plastic,0.9344150424003601,0.03296438604593277,0.0014461580431088805,0.028290241956710815,0.9344150424003601,0.0028842331375926733
/Users/aswanathjs/Downloads/test10/ai_plastic_waste_management_training/PS Plastic/foam_containers/Image_208.png,4,PS Plastic,4,PS Plastic,0.5645073652267456,0.06476862728595734,0.1809607893228531,0.02012484520673752,0.16963838040828705,0.5645073652267456
/Users/aswanathjs/Downloads/test10/ai_plastic_waste_management_training/PP Plastic/square_containers/Image_246.png,3,PP Plastic,3,PP Plastic,0.8737214803695679,0.004314966965466738,0.10334823280572891,0.009505203925073147,0.8737214803695679,0.009110094979405403
/Users/aswanathjs/Downloads/test10/ai_plastic_waste_management_training/PS Plastic/foam_containers/Image_246.png,3,PP Plastic,4,PS Plastic,0.3670116066932678,0.039306122809648514,0.23522844910621643,0.025392090901732445,0.3330617845058441,0.3670116066932678
/Users/aswanathjs/Downloads/test10/ai_plastic_waste_management_training/PP Plastic/round_containers/0035_a06b01c2d0e0f0g0h2.jpg,3,PP Plastic,3,PP Plastic,0.999830961227417,0.00011139471462229267,1.8766377252177335e-06,1.196886569232447e-05,0.999830961227417,4.370341412140988e-05
/Users/aswanathjs/Downloads/test10/ai_plastic_waste_management_training/PP Plastic/round_containers_grey/0035_a06b01c2d0e0f0g0h2.jpg,3,PP Plastic,3,PP Plastic,0.9961071610450745,0.0030612226109951735,8.902991248760372e-05,0.0004299272841308266,0.9961071610450745,0.0003126503434032202
/Users/aswanathjs/Downloads/test10/ai_plastic_waste_management_training/HDPE Plastic/shampoo_bottles/0065_a02b03c1d2e0f1g0h2.jpg,0,HDPE Plastic,0,HDPE Plastic,0.9998908042907715,0.9998908042907715,1.2517288041635766e-06,1.893675175779208e-06,0.00010048317926703021,5.510428309207782e-06
/Users/aswanathjs/Downloads/test10/ai_plastic_waste_management_training/HDPE Plastic/milk_bottles/HDPEM198.jpg,0,HDPE Plastic,0,HDPE Plastic,0.999846339225769,0.999846339225769,7.436204668920254e-06,7.452395220752805e-05,4.425887163961306e-05,2.741907155723311e-05
/Users/aswanathjs/Downloads/test10/ai_plastic_waste_management_training/HDPE Plastic/milk_bottles_grey/HDPEM198.jpg,0,HDPE Plastic,0,HDPE Plastic,0.999755322933197,0.999755322933197,1.8900458599091507e-05,3.112609556410462e-05,0.00016042609058786184,3.416567778913304e-05
/Users/aswanathjs/Downloads/test10/ai_plastic_waste_management_training/PS Plastic/form_containers_grey/Image_120.png,4,PS Plastic,3,PP Plastic,0.35195326805114746,0.09132780134677887,0.33581146597862244,0.014630250632762909,0.35195326805114746,0.20627731084823608
/Users/aswanathjs/Downloads/test10/ai_plastic_waste_management_training/PS Plastic/foam_containers/Image_120.png,4,PS Plastic,3,PP Plastic,0.3432352840900421,0.09755758941173553,0.3260369598865509,0.017958173528313637,0.3432352840900421,0.21521198749542236
/Users/aswanathjs/Downloads/test10/ai_plastic_waste_management_training/PS Plastic/foam_sheets/PS-666_jpg.rf.e3a34e2cf55d3b20ac51d4554ab1ec15.jpg,4,PS Plastic,4,PS Plastic,0.9978748559951782,0.00019254743529018015,0.0014703844208270311,4.5138964196667075e-05,0.0004170718020759523,0.9978748559951782
/Users/aswanathjs/Downloads/test10/ai_plastic_waste_management_training/LDPE Plastic/black_white__plastic_bags/0095_jpg.rf.09c6ac8f16cd24bde4f0f6bb505e3633.jpg,1,LDPE Plastic,1,LDPE Plastic,0.9938562512397766,0.0012325471034273505,0.9938562512397766,0.003094559535384178,0.0010287626646459103,0.0007878625183366239
/Users/aswanathjs/Downloads/test10/ai_plastic_waste_management_training/PP Plastic/round_containers/0035_a06b01c2d2e0f0g0h1.jpg,3,PP Plastic,3,PP Plastic,0.9969237446784973,0.0004331892414484173,0.0002065791777567938,0.0023784830700606108,0.9969237446784973,5.807383422506973e-05
/Users/aswanathjs/Downloads/test10/ai_plastic_waste_management_training/PP Plastic/round_containers_grey/0035_a06b01c2d2e0f0g0h1.jpg,3,PP Plastic,3,PP Plastic,0.9647154808044434,0.02990669384598732,0.0011666517239063978,0.0032298231963068247,0.9647154808044434,0.0009812816279008985
/Users/aswanathjs/Downloads/test10/ai_plastic_waste_management_training/PET Plastic/black_white_plastic_bottles/dpaml_jpg.rf.4d5a9e8d3863f8e7c4fc1d9e8cc658a9.jpg,2,PET Plastic,2,PET Plastic,0.9818978905677795,0.007880167104303837,0.006389223504811525,0.9818978905677795,0.002066484885290265,0.0017663012258708477
/Users/aswanathjs/Downloads/test10/ai_plastic_waste_management_training/PET Plastic/plastic_bottles/PET843.jpg,2,PET Plastic,2,PET Plastic,0.9976565837860107,0.000993639463558793,0.0002735491143539548,0.9976565837860107,0.0006417661206796765,0.00043447615462355316
"/Users/aswanathjs/Downloads/test10/ai_plastic_waste_management_training/PET Plastic/plastic_bottles/PET1,710.jpg",2,PET Plastic,2,PET Plastic,0.9545043706893921,0.023133015260100365,0.0023727971129119396,0.9545043706893921,0.016632653772830963,0.0033572206739336252
"/Users/aswanathjs/Downloads/test10/ai_plastic_waste_management_training/PET Plastic/plastic_bottles/PET1,428.jpg",2,PET Plastic,2,PET Plastic,0.991755485534668,0.0032225644681602716,0.0006388525944203138,0.991755485534668,0.003616012167185545,0.0007670977502129972
"/Users/aswanathjs/Downloads/test10/ai_plastic_waste_management_training/PET Plastic/plastic_bottles/PET1,615.jpg",2,PET Plastic,2,PET Plastic,0.9979286193847656,0.0012941332533955574,0.00026124302530661225,0.9979286193847656,0.0003440822765696794,0.00017198298883158714
/Users/aswanathjs/Downloads/test10/ai_plastic_waste_management_training/HDPE Plastic/milk_bottles/HDPEM234.jpg,0,HDPE Plastic,0,HDPE Plastic,0.9997410178184509,0.9997410178184509,9.248533388017677e-07,7.722024020040408e-05,0.00011714265565387905,6.36642798781395e-05
/Users/aswanathjs/Downloads/test10/ai_plastic_waste_management_training/PET Plastic/black_white_plastic_bottles/dmslo_jpg.rf.41d409832e3d933647d869b28eaaae55.jpg,2,PET Plastic,2,PET Plastic,0.9996533393859863,4.5622426114277914e-05,0.0002185972552979365,0.9996533393859863,5.2259405492804945e-05,3.0145611162879504e-05
/Users/aswanathjs/Downloads/test10/ai_plastic_waste_management_training/PP Plastic/round_containers/0009_a06b01c1d1e0f0g0h1.jpg,3,PP Plastic,3,PP Plastic,0.9810433983802795,0.010204018093645573,0.0004924990353174508,0.007980907335877419,0.9810433983802795,0.0002791218867059797
/Users/aswanathjs/Downloads/test10/ai_plastic_waste_management_training/PET Plastic/plastic_bottles/PET893.jpg,2,PET Plastic,2,PET Plastic,0.9995535016059875,9.380115807289258e-05,0.00023636365949641913,0.9995535016059875,6.68828361085616e-05,4.9444115575170144e-05
/Users/aswanathjs/Downloads/test10/ai_plastic_waste_management_training/HDPE Plastic/milk_bottles/HDPEM193.jpg,0,HDPE Plastic,0,HDPE Plastic,0.9997442364692688,0.9997442364692688,4.266202267899644e-06,7.05020283930935e-05,9.302265243604779e-05,8.799761417321861e-05
/Users/aswanathjs/Downloads/test10/ai_plastic_waste_management_training/LDPE Plastic/plastic_bags/plasticbag (115) 17.43.56.jpg,1,LDPE Plastic,1,LDPE Plastic,0.9907552599906921,0.0013615142088383436,0.9907552599906921,0.0033227717503905296,0.0038926482666283846,0.0006677393685095012
/Users/aswanathjs/Downloads/test10/ai_plastic_waste_management_training/PS Plastic/foam_containers/0058_a06b01c1d1e0f0g0h4.jpg,4,PS Plastic,4,PS Plastic,0.9946781396865845,0.0009483809699304402,0.0004524392425082624,0.00022132514277473092,0.0036996565759181976,0.9946781396865845
/Users/aswanathjs/Downloads/test10/ai_plastic_waste_management_training/HDPE Plastic/milk_bottles/HDPEM284.jpg,0,HDPE Plastic,0,HDPE Plastic,0.9999854564666748,0.9999854564666748,6.018424301146297e-07,2.8859494705102406e-06,6.558191216754494e-06,4.493871529120952e-06
/Users/aswanathjs/Downloads/test10/ai_plastic_waste_management_training/PP Plastic/round_containers/0031_a05b01c1d2e0f0g0h3.jpg,3,PP Plastic,3,PP Plastic,0.9725283980369568,0.026513243094086647,0.00013445164950098842,0.000493472907692194,0.9725283980369568,0.0003303605772089213
/Users/aswanathjs/Downloads/test10/ai_plastic_waste_management_training/PET Plastic/plastic_bottles/PET817.jpg,2,PET Plastic,2,PET Plastic,0.9991268515586853,0.0005898972158320248,6.619266059715301e-05,0.9991268515586853,7.004732469795272e-05,0.00014703153283335268
/Users/aswanathjs/Downloads/test10/ai_plastic_waste_management_training/PET Plastic/plastic_bottles/PET295.jpg,2,PET Plastic,2,PET Plastic,0.9966228008270264,0.0027442732825875282,0.00020088677410967648,0.9966228008270264,0.00030279415659606457,0.00012926931958645582
/Users/aswanathjs/Downloads/test10/ai_plastic_waste_management_training/PP Plastic/rectangle_containers/0011_a05b00c2d2e0f0g0h1.jpg,3,PP Plastic,3,PP Plastic,0.9812435507774353,0.004399693571031094,0.0021603479981422424,0.008229962550103664,0.9812435507774353,0.003966395277529955
/Users/aswanathjs/Downloads/test10/ai_plastic_waste_management_training/PP Plastic/square_containers/0011_a05b00c2d2e0f0g0h1.jpg,3,PP Plastic,3,PP Plastic,0.9812435507774353,0.004399693571031094,0.0021603479981422424,0.008229962550103664,0.9812435507774353,0.003966395277529955
/Users/aswanathjs/Downloads/test10/ai_plastic_waste_management_training/HDPE Plastic/shampoo_bottles/0076_a02b06c2d1e0f1g0h3.jpg,0,HDPE Plastic,0,HDPE Plastic,0.9965569972991943,0.9965569972991943,2.3819868147256784e-05,0.001999764936044812,0.0012455896940082312,0.00017392529116477817
/Users/aswanathjs/Downloads/test10/ai_plastic_waste_management_training/PP Plastic/round_containers/0035_a06b01c2d1e0f0g0h0.jpg,3,PP Plastic,3,PP Plastic,0.9997372031211853,3.6136116250418127e-05,2.424225203867536e-05,8.397420606343076e-05,0.9997372031211853,0.00011848519352497533
/Users/aswanathjs/Downloads/test10/ai_plastic_waste_management_training/PET Plastic/black_white_plastic_bottles/cbtik_jpg.rf.f2bd33af751ae09c8501f0dcb45e5a8e.jpg,2,PET Plastic,2,PET Plastic,0.9995266199111938,0.00014357863983605057,1.6049349142122082e-05,0.9995266199111938,0.000238603723119013,7.519521750509739e-05
/Users/aswanathjs/Downloads/test10/ai_plastic_waste_management_training/PET Plastic/plastic_bottles/PET362.jpg,2,PET Plastic,2,PET Plastic,0.9997887015342712,6.191261491039768e-05,8.603974129073322e-05,0.9997887015342712,4.579583401209675e-05,1.752582102199085e-05
/Users/aswanathjs/Downloads/test10/ai_plastic_waste_management_training/PET Plastic/black_white_plastic_bottles/cvxfi_jpg.rf.c2ee4cdf5923b61892ec5e7996caf401.jpg,2,PET Plastic,2,PET Plastic,0.9997125267982483,0.00010421061597298831,2.363880594202783e-05,0.9997125267982483,0.0001153134653577581,4.4247208279557526e-05
/Users/aswanathjs/Downloads/test10/ai_plastic_waste_management_training/PET Plastic/plastic_bottles/PET447.jpg,2,PET Plastic,2,PET Plastic,0.9991550445556641,0.00023225662880577147,0.00014152693620417267,0.9991550445556641,0.00039136645500548184,7.981104135978967e-05
/Users/aswanathjs/Downloads/test10/ai_plastic_waste_management_training/PET Plastic/plastic_bottles/PET487.jpg,2,PET Plastic,2,PET Plastic,0.9994639754295349,0.00041516698547638953,1.2260285984666552e-05,0.9994639754295349,8.998001430882141e-05,1.862979661382269e-05
/Users/aswanathjs/Downloads/test10/ai_plastic_waste_management_training/PET Plastic/black_white_plastic_bottles/ahptq_jpg.rf.dbe2d1ffb9f82f2932f4d32992cb52ba.jpg,2,PET Plastic,2,PET Plastic,0.9857546091079712,0.0007740947185084224,0.0046584466472268105,0.9857546091079712,0.00852876901626587,0.00028412166284397244
/Users/aswanathjs/Downloads/test10/ai_plastic_waste_management_training/HDPE Plastic/shampoo_bottles/0063_a02b01c2d3e0f1g1h1.jpg,0,HDPE Plastic,0,HDPE Plastic,0.9982092380523682,0.9982092380523682,9.723113180371001e-06,0.0003228634886909276,0.0012295710621401668,0.0002285923546878621
/Users/aswanathjs/Downloads/test10/ai_plastic_waste_management_training/LDPE Plastic/plastic_bags_grey/plasticbag (3).jpg,1,LDPE Plastic,1,LDPE Plastic,0.9645640254020691,0.005889286752790213,0.9645640254020691,0.006180129945278168,0.01979382149875164,0.003572722664102912
/Users/aswanathjs/Downloads/test10/ai_plastic_waste_management_training/LDPE Plastic/plastic_bags/plasticbag (3).png,1,LDPE Plastic,1,LDPE Plastic,0.8988074660301208,0.009700165130198002,0.8988074660301208,0.032237708568573,0.026264870539307594,0.032989807426929474
/Users/aswanathjs/Downloads/test10/ai_plastic_waste_management_training/LDPE Plastic/plastic_bags/plasticbag (3).jpg,1,LDPE Plastic,1,LDPE Plastic,0.9287460446357727,0.007354390807449818,0.9287460446357727,0.011851434595882893,0.04433946684002876,0.007708720862865448
"/Users/aswanathjs/Downloads/test10/ai_plastic_waste_management_training/PET Plastic/plastic_bottles/PET1,617.jpg",2,PET Plastic,2,PET Plastic,0.9992508292198181,0.0005956098320893943,6.000345456413925e-05,0.9992508292198181,5.639007576974109e-05,3.720082531799562e-05
/Users/aswanathjs/Downloads/test10/ai_plastic_waste_management_training/HDPE Plastic/shampoo_bottles/0065_a02b03c1d0e0f1g0h4.jpg,0,HDPE Plastic,0,HDPE Plastic,0.9991458654403687,0.9991458654403687,9.526656867819838e-06,0.0006902532186359167,0.0001244408340426162,2.9869213904021308e-05
"/Users/aswanathjs/Downloads/test10/ai_plastic_waste_management_training/PET Plastic/plastic_bottles/PET1,476.jpg",2,PET Plastic,2,PET Plastic,0.9961866736412048,0.002155423630028963,3.0334780603880063e-05,0.9961866736412048,0.0014150106580927968,0.00021258078049868345
/Users/aswanathjs/Downloads/test10/ai_plastic_waste_management_training/PS Plastic/foam_sheets/PS-622_jpg.rf.d7d94ec6cc0c23ffb7637a72ff78e1ff.jpg,4,PS Plastic,4,PS Plastic,0.996423065662384,0.00042821397073566914,0.0023001511581242085,9.262773528462276e-05,0.0007558592478744686,0.996423065662384
/Users/aswanathjs/Downloads/test10/ai_plastic_waste_management_training/LDPE Plastic/plastic_bags/test_LDPE-19_jpg.rf.21132858ab560a67930a1364f9826754.jpg,1,LDPE Plastic,1,LDPE Plastic,0.9848640561103821,0.0034125838428735733,0.9848640561103821,0.0030282684601843357,0.0011318349279463291,0.007563325110822916
"/Users/aswanathjs/Downloads/test10/ai_plastic_waste_management_training/PET Plastic/plastic_bottles/PET1,282.jpg",2,PET Plastic,2,PET Plastic,0.9994727969169617,0.00023977267846930772,7.5439788815856446e-06,0.9994727969169617,0.00023886885901447386,4.100470323464833e-05
/Users/aswanathjs/Downloads/test10/ai_plastic_waste_management_training/PET Plastic/black_white_plastic_bottles/cvpiu_jpg.rf.c4bcb69e2914fc43a8e2b30c6a0830fc.jpg,2,PET Plastic,2,PET Plastic,0.9923088550567627,0.0017652764217928052,0.004294463898986578,0.9923088550567627,0.0008045864524319768,0.000826834817416966
/Users/aswanathjs/Downloads/test10/ai_plastic_waste_management_training/HDPE Plastic/shampoo_bottles/0078_a02b07c1d1e0f1g0h3.jpg,0,HDPE Plastic,0,HDPE Plastic,0.9999359846115112,0.9999359846115112,2.1340263174352003e-06,2.1243253286229447e-05,3.4470256650820374e-05,6.173573183332337e-06
/Users/aswanathjs/Downloads/test10/ai_plastic_waste_management_training/HDPE Plastic/milk_bottles/P_W (1371).jpg,0,HDPE Plastic,0,HDPE Plastic,0.6935559511184692,0.6935559511184692,0.002925726817920804,0.062317200005054474,0.12681229412555695,0.11438879370689392
/Users/aswanathjs/Downloads/test10/ai_plastic_waste_management_training/HDPE Plastic/milk_bottles_grey/P_W (1371).jpg,0,HDPE Plastic,0,HDPE Plastic,0.9487158060073853,0.9487158060073853,0.0007235894445329905,0.0012240471551194787,0.034372296184301376,0.014964265748858452
"/Users/aswanathjs/Downloads/test10/ai_plastic_waste_management_training/PET Plastic/plastic_bottles/PET1,245.jpg",2,PET Plastic,2,PET Plastic,0.7855956554412842,0.21383461356163025,5.610811058431864e-05,0.7855956554412842,0.0002658565645106137,0.0002477141097187996
/Users/aswanathjs/Downloads/test10/ai_plastic_waste_management_training/PS Plastic/foam_sheets/PS-865_jpg.rf.e109b98ff9dec196e9e2a0047b6ed3ea.jpg,4,PS Plastic,4,PS Plastic,0.999772846698761,2.3370766939478926e-05,8.675537537783384e-05,8.007590804481879e-05,3.701480818563141e-05,0.999772846698761
/Users/aswanathjs/Downloads/test10/ai_plastic_waste_management_training/LDPE Plastic/plastic_bags/plasticbag (202).jpg,1,LDPE Plastic,1,LDPE Plastic,0.926654040813446,0.006121071521192789,0.926654040813446,0.014587491750717163,0.03356815129518509,0.019069239497184753
/Users/aswanathjs/Downloads/test10/ai_plastic_waste_management_training/LDPE Plastic/plastic_bags/test_LDPE-3_jpg.rf.c2e0d498a2dd821a25dc896fde6a06d3.jpg,1,LDPE Plastic,1,LDPE Plastic,0.9938995838165283,0.003153163008391857,0.9938995838165283,0.0008546122699044645,0.0006422949954867363,0.0014503317652270198
/Users/aswanathjs/Downloads/test10/ai_plastic_waste_management_training/HDPE Plastic/milk_bottles/P_W (1077).jpg,0,HDPE Plastic,0,HDPE Plastic,0.9732089042663574,0.9732089042663574,0.002214467618614435,0.013154617510735989,0.0035614999942481518,0.007860518991947174
/Users/aswanathjs/Downloads/test10/ai_plastic_waste_management_training/PET Plastic/black_white_plastic_bottles/dhpri_jpg.rf.f81dc58e4ced62a8ae353540bcf5b08d.jpg,2,PET Plastic,2,PET Plastic,0.9995824694633484,4.943102612742223e-05,0.0002091952774208039,0.9995824694633484,8.798177441349253e-05,7.09198066033423e-05
/Users/aswanathjs/Downloads/test10/ai_plastic_waste_management_training/PET Plastic/shampoo_bottles/0100_a05b00c2d0e0f0g0h2.jpg,2,PET Plastic,2,PET Plastic,0.997040331363678,0.00046116323210299015,5.436178616946563e-05,0.997040331363678,0.002395374933257699,4.8733028961578384e-05
/Users/aswanathjs/Downloads/test10/ai_plastic_waste_management_training/PET Plastic/plastic_bottles/PET785.jpg,2,PET Plastic,2,PET Plastic,0.9961896538734436,0.002064189873635769,0.0002155509137082845,0.9961896538734436,0.0009052852401509881,0.0006253740284591913
/Users/aswanathjs/Downloads/test10/ai_plastic_waste_management_training/PS Plastic/foam_sheets/IMG_9349_JPG.rf.ecc1c4f2cd983955ec66e0272704c1a1.jpg,4,PS Plastic,4,PS Plastic,0.9996026158332825,7.581090903840959e-05,8.82594940776471e-06,0.00023931422038003802,7.346612255787477e-05,0.9996026158332825
/Users/aswanathjs/Downloads/test10/ai_plastic_waste_management_training/PS Plastic/foam_sheets/IMG_9349_JPG.rf.121fcc0fa8d7f74c4fc2bf5e9f474b71.jpg,4,PS Plastic,4,PS Plastic,0.9998699426651001,3.0850787879899144e-05,1.2170141417300329e-05,6.325873982859775e-05,2.37000931520015e-05,0.9998699426651001
/Users/aswanathjs/Downloads/test10/ai_plastic_waste_management_training/PS Plastic/foam_sheets/IMG_9349_JPG.rf.b937c1d1fd6403d6d97223f6dc800b14.jpg,4,PS Plastic,4,PS Plastic,0.9997623562812805,2.6944208002532832e-05,2.1919508071732707e-05,0.00011422803800087422,7.459078187821433e-05,0.9997623562812805
/Users/aswanathjs/Downloads/test10/ai_plastic_waste_management_training/PS Plastic/foam_containers/Image_71.png,4,PS Plastic,4,PS Plastic,0.4563453495502472,0.057296741753816605,0.323098748922348,0.02425248920917511,0.13900670409202576,0.4563453495502472
"/Users/aswanathjs/Downloads/test10/ai_plastic_waste_management_training/PET Plastic/plastic_bottles/PET1,755.jpg",2,PET Plastic,2,PET Plastic,0.9699857831001282,0.008247818797826767,0.0037897329311817884,0.9699857831001282,0.015275835990905762,0.0027008012402802706
/Users/aswanathjs/Downloads/test10/ai_plastic_waste_management_training/LDPE Plastic/plastic_bags/plasticbag.png,1,LDPE Plastic,1,LDPE Plastic,0.9780371785163879,0.005881121847778559,0.9780371785163879,0.0016074749873951077,0.010997194796800613,0.003476983867585659
/Users/aswanathjs/Downloads/test10/ai_plastic_waste_management_training/PET Plastic/plastic_bottles/PET368.jpg,2,PET Plastic,2,PET Plastic,0.9998555183410645,4.498778434935957e-05,1.8151518816011958e-05,0.9998555183410645,4.293214806239121e-05,3.844531602226198e-05
/Users/aswanathjs/Downloads/test10/ai_plastic_waste_management_training/PP Plastic/square_containers/Image_218.png,3,PP Plastic,3,PP Plastic,0.7941268682479858,0.015511598438024521,0.1470748633146286,0.004688025452196598,0.7941268682479858,0.03859866410493851
/Users/aswanathjs/Downloads/test10/ai_plastic_waste_management_training/PS Plastic/foam_containers/Image_218.png,3,PP Plastic,4,PS Plastic,0.4152723550796509,0.05929797142744064,0.31149497628211975,0.023247627541422844,0.19068706035614014,0.4152723550796509
/Users/aswanathjs/Downloads/test10/ai_plastic_waste_management_training/LDPE Plastic/plastic_bags/plasticbag (178) 17.43.56.jpg,1,LDPE Plastic,1,LDPE Plastic,0.9820979237556458,0.004316335078328848,0.9820979237556458,0.0036192757543176413,0.008119521662592888,0.0018469293136149645
/Users/aswanathjs/Downloads/test10/ai_plastic_waste_management_training/HDPE Plastic/detergent_bottles/0039_a02b01c2d1e0f1g0h2.jpg,0,HDPE Plastic,0,HDPE Plastic,0.9998313188552856,0.9998313188552856,1.3583890904556029e-05,1.4017068679095246e-05,0.00013356386625673622,7.350595296884421e-06
/Users/aswanathjs/Downloads/test10/ai_plastic_waste_management_training/PET Plastic/shampoo_bottles/0015_a05b00c2d3e1f1g0h1.jpg,2,PET Plastic,3,PP Plastic,0.7506707906723022,0.16574260592460632,0.010061295703053474,0.04922261834144592,0.7506707906723022,0.024302713572978973
/Users/aswanathjs/Downloads/test10/ai_plastic_waste_management_training/HDPE Plastic/shampoo_bottles/0077_a02b01c2d2e0f1g0h0.jpg,0,HDPE Plastic,0,HDPE Plastic,0.9905625581741333,0.9905625581741333,8.270012040156871e-05,0.0020165175665169954,0.007084261626005173,0.0002538227417971939
/Users/aswanathjs/Downloads/test10/ai_plastic_waste_management_training/PP Plastic/round_containers/0043_a06b01c2d2e0f0g0h3.jpg,3,PP Plastic,3,PP Plastic,0.996302604675293,0.0019074247684329748,0.0014800969511270523,0.00011439342051744461,0.996302604675293,0.00019552564481273293
/Users/aswanathjs/Downloads/test10/ai_plastic_waste_management_training/LDPE Plastic/plastic_bags/LDPE-71_jpg.rf.a71ad898f1fda611ef5996a9ae77ccc9.jpg,1,LDPE Plastic,1,LDPE Plastic,0.9977331161499023,0.0003684422990772873,0.9977331161499023,0.00045183603651821613,0.0009154738509096205,0.0005310820997692645
/Users/aswanathjs/Downloads/test10/ai_plastic_waste_management_training/LDPE Plastic/plastic_bags/LDPE-71_jpg.rf.fb19519ffcf7a5e910688db4dbfd2eb7.jpg,1,LDPE Plastic,1,LDPE Plastic,0.9842108488082886,0.0042838421650230885,0.9842108488082886,0.004347341600805521,0.0027644927613437176,0.004393585026264191
/Users/aswanathjs/Downloads/test10/ai_plastic_waste_management_training/HDPE Plastic/shampoo_bottles/0061_a02b01c1d0e0f1g0h0(1).jpg,0,HDPE Plastic,0,HDPE Plastic,0.9646698832511902,0.9646698832511902,0.0013468086253851652,0.028192391619086266,0.0032279465813189745,0.0025631054304540157
/Users/aswanathjs/Downloads/test10/ai_plastic_waste_management_training/PET Plastic/plastic_bottles/PET900.jpg,2,PET Plastic,2,PET Plastic,0.9996793270111084,0.00012411449279170483,3.79397752112709e-05,0.9996793270111084,0.00014112491044215858,1.7507298252894543e-05
/Users/aswanathjs/Downloads/test10/ai_plastic_waste_management_training/PS Plastic/foam_sheets/IMG_9384_JPG.rf.ec19f5a3cc6b04ab6954a583d499f874.jpg,4,PS Plastic,4,PS Plastic,0.9825162887573242,0.0027845760341733694,0.004968533758074045,0.005339998751878738,0.004390728659927845,0.9825162887573242
/Users/aswanathjs/Downloads/test10/ai_plastic_waste_management_training/PS Plastic/foam_sheets/IMG_9384_JPG.rf.f65a6b899d2ca6abe3b10e2b56d66cb8.jpg,4,PS Plastic,4,PS Plastic,0.9718427062034607,0.007480043452233076,0.006914512254297733,0.007033363450318575,0.006729362532496452,0.9718427062034607
/Users/aswanathjs/Downloads/test10/ai_plastic_waste_management_training/PS Plastic/foam_sheets/IMG_9384_JPG.rf.46ad34425888597716abe96e79e09225.jpg,4,PS Plastic,4,PS Plastic,0.9553033113479614,0.004474939778447151,0.01196109876036644,0.02000415325164795,0.008256570436060429,0.9553033113479614
/Users/aswanathjs/Downloads/test10/ai_plastic_waste_management_training/LDPE Plastic/plastic_bags/LDPE-322_jpg.rf.c2955913084b3d9a440be2bfb645b150.jpg,1,LDPE Plastic,1,LDPE Plastic,0.9977865219116211,0.0001331600797129795,0.9977865219116211,0.00027313089231029153,0.000689424283336848,0.0011177820852026343
/Users/aswanathjs/Downloads/test10/ai_plastic_waste_management_training/LDPE Plastic/plastic_bags/plasticbag (191).jpg,1,LDPE Plastic,1,LDPE Plastic,0.9625789523124695,0.009898881427943707,0.9625789523124695,0.00870815385133028,0.014556937851011753,0.004256985150277615
/Users/aswanathjs/Downloads/test10/ai_plastic_waste_management_training/PET Plastic/plastic_bottles/PET927.jpg,2,PET Plastic,2,PET Plastic,0.9987668991088867,0.00047830012044869363,0.00024130598467309028,0.9987668991088867,0.00040274663479067385,0.00011081856064265594
/Users/aswanathjs/Downloads/test10/ai_plastic_waste_management_training/PS Plastic/foam_sheets/PS-540_jpg.rf.1e99cb1d9db3f3babe66278cc7b93de0.jpg,4,PS Plastic,4,PS Plastic,0.9961347579956055,0.00031389950891025364,0.0020690762903541327,0.0006938105798326433,0.0007885229424573481,0.9961347579956055
/Users/aswanathjs/Downloads/test10/ai_plastic_waste_management_training/PP Plastic/irregular_containers/train_PP-61_jpg.rf.7f34d189081b6370d7a8dfd056c49de6.jpg,3,PP Plastic,3,PP Plastic,0.9949275255203247,0.002852423582226038,8.331500430358574e-05,0.0013798958389088511,0.9949275255203247,0.0007569336448796093
/Users/aswanathjs/Downloads/test10/ai_plastic_waste_management_training/PP Plastic/irregular_containers_grey/train_PP-61_jpg.rf.7f34d189081b6370d7a8dfd056c49de6.jpg,3,PP Plastic,3,PP Plastic,0.9957844614982605,0.00273936428129673,5.045898069511168e-05,0.0008719058241695166,0.9957844614982605,0.0005537959514185786
/Users/aswanathjs/Downloads/test10/ai_plastic_waste_management_training/PET Plastic/plastic_bottles/PET897.jpg,2,PET Plastic,2,PET Plastic,0.9981132745742798,0.0010982784442603588,0.000359171477612108,0.9981132745742798,0.00028163613751530647,0.00014759288751520216
"/Users/aswanathjs/Downloads/test10/ai_plastic_waste_management_training/PET Plastic/plastic_bottles/PET1,234.jpg",2,PET Plastic,2,PET Plastic,0.9979561567306519,0.0017798591870814562,6.7617966124089435e-06,0.9979561567306519,0.00017255666898563504,8.464446727884933e-05
/Users/aswanathjs/Downloads/test10/ai_plastic_waste_management_training/HDPE Plastic/shampoo_bottles/0065_a02b03c1d1e0f1g0h2.jpg,0,HDPE Plastic,0,HDPE Plastic,0.9993140697479248,0.9993140697479248,1.0362376997363754e-05,0.00023651627998333424,0.0002876044309232384,0.00015148607781156898
/Users/aswanathjs/Downloads/test10/ai_plastic_waste_management_training/LDPE Plastic/black_white__plastic_bags/0071_jpg.rf.170d70685a25d34ae8bc2f483f99a07a.jpg,1,LDPE Plastic,1,LDPE Plastic,0.90699702501297,0.021473539993166924,0.90699702501297,0.03587569296360016,0.026955997571349144,0.008697680197656155
/Users/aswanathjs/Downloads/test10/ai_plastic_waste_management_training/HDPE Plastic/milk_bottles/HDPEM51.jpg,0,HDPE Plastic,0,HDPE Plastic,0.9972967505455017,0.9972967505455017,3.4755596516333753e-06,0.0025344938039779663,0.00012898923887405545,3.62620921805501e-05
/Users/aswanathjs/Downloads/test10/ai_plastic_waste_management_training/LDPE Plastic/plastic_bags/plasticbag (40).jpg,1,LDPE Plastic,1,LDPE Plastic,0.9913161993026733,0.0021713231690227985,0.9913161993026733,0.0010665291920304298,0.003893693909049034,0.0015522236935794353
/Users/aswanathjs/Downloads/test10/ai_plastic_waste_management_training/LDPE Plastic/plastic_bags/P_W (1388).jpg,1,LDPE Plastic,1,LDPE Plastic,0.9920551180839539,0.001674816245213151,0.9920551180839539,0.0016230846522375941,0.003694715676829219,0.0009522060863673687
/Users/aswanathjs/Downloads/test10/ai_plastic_waste_management_training/PP Plastic/irregular_containers/train_PP-2_jpg.rf.92287825373efbbb08c318fd5ccfc97f.jpg,3,PP Plastic,3,PP Plastic,0.9384433627128601,0.01575852930545807,0.0047586229629814625,0.016061708331108093,0.9384433627128601,0.0249777939170599
/Users/aswanathjs/Downloads/test10/ai_plastic_waste_management_training/PP Plastic/irregular_containers_grey/train_PP-2_jpg.rf.92287825373efbbb08c318fd5ccfc97f.jpg,3,PP Plastic,3,PP Plastic,0.7729631662368774,0.022417882457375526,0.01545310765504837,0.06087923422455788,0.7729631662368774,0.12828664481639862
/Users/aswanathjs/Downloads/test10/ai_plastic_waste_management_training/PET Plastic/black_white_plastic_bottles/aiwro_jpg.rf.b28dd5745b41c57fc71024dedba51892.jpg,2,PET Plastic,2,PET Plastic,0.9981430768966675,0.0003148132236674428,0.0010298878187313676,0.9981430768966675,0.00027730976580642164,0.00023494653578381985
/Users/aswanathjs/Downloads/test10/ai_plastic_waste_management_training/LDPE Plastic/plastic_bags/LDPE-598_jpg.rf.3ba5b9eee0295b3992c757691e731153.jpg,1,LDPE Plastic,1,LDPE Plastic,0.9959081411361694,0.0012136357836425304,0.9959081411361694,0.0006586559466086328,0.0009150293190032244,0.0013045674422755837
/Users/aswanathjs/Downloads/test10/ai_plastic_waste_management_training/HDPE Plastic/milk_bottles/HDPEM487.jpg,0,HDPE Plastic,0,HDPE Plastic,0.9880093932151794,0.9880093932151794,6.270377343753353e-05,0.0010600150562822819,0.010618914850056171,0.00024902206496335566
/Users/aswanathjs/Downloads/test10/ai_plastic_waste_management_training/HDPE Plastic/milk_bottles/HDPEM298.jpg,0,HDPE Plastic,0,HDPE Plastic,0.9981096982955933,0.9981096982955933,2.78239185718121e-05,0.0006219211500138044,0.0006232240702956915,0.0006173450965434313
/Users/aswanathjs/Downloads/test10/ai_plastic_waste_management_training/HDPE Plastic/milk_bottles/HDPEM23.jpg,0,HDPE Plastic,0,HDPE Plastic,0.9999010562896729,0.9999010562896729,2.656927790667396e-05,1.835376679082401e-05,1.8669928977033123e-05,3.53043396899011e-05
/Users/aswanathjs/Downloads/test10/ai_plastic_waste_management_training/HDPE Plastic/shampoo_bottles/0078_a02b07c2d1e0f1g0h2.jpg,0,HDPE Plastic,0,HDPE Plastic,0.9994903802871704,0.9994903802871704,3.565783845260739e-05,9.149254037765786e-05,0.00034622554085217416,3.621633004513569e-05
/Users/aswanathjs/Downloads/test10/ai_plastic_waste_management_training/HDPE Plastic/milk_bottles/HDPEM52.jpg,0,HDPE Plastic,0,HDPE Plastic,0.9985299110412598,0.9985299110412598,5.151795448909979e-06,0.00113150873221457,0.0002692266134545207,6.412745278794318e-05
/Users/aswanathjs/Downloads/test10/ai_plastic_waste_management_training/PP Plastic/round_containers/0095_a05b01c2d2e0f0g0h2.jpg,3,PP Plastic,3,PP Plastic,0.99935382604599,0.0003462160238996148,1.4568498045264278e-05,0.00022674804495181888,0.99935382604599,5.863947808393277e-05
/Users/aswanathjs/Downloads/test10/ai_plastic_waste_management_training/HDPE Plastic/detergent_bottles/0039_a02b01c1d1e0f1g0h0.jpg,0,HDPE Plastic,0,HDPE Plastic,0.9997709393501282,0.9997709393501282,1.0304886927769985e-05,2.3029268049867824e-05,0.00016164907719939947,3.407828262425028e-05
/Users/aswanathjs/Downloads/test10/ai_plastic_waste_management_training/PP Plastic/round_containers/0022_a05b00c2d0e0f0g0h1.jpg,3,PP Plastic,3,PP Plastic,0.9952560067176819,0.0006058383733034134,0.0024651677813380957,0.0006041913875378668,0.9952560067176819,0.0010687168687582016
"/Users/aswanathjs/Downloads/test10/ai_plastic_waste_management_training/PET Plastic/plastic_bottles/PET1,330.jpg",2,PET Plastic,2,PET Plastic,0.9902381300926208,0.009650610387325287,3.8681705518683884e-06,0.9902381300926208,6.366532761603594e-05,4.3775071389973164e-05
/Users/aswanathjs/Downloads/test10/ai_plastic_waste_management_training/HDPE Plastic/shampoo_bottles/0061_a02b01c2d1e0f1g0h0.jpg,0,HDPE Plastic,0,HDPE Plastic,0.999660849571228,0.999660849571228,1.7330627088085748e-05,0.0001810928515624255,6.217662303242832e-05,7.854519208194688e-05
/Users/aswanathjs/Downloads/test10/ai_plastic_waste_management_training/LDPE Plastic/bin_bags/Image_24.png,1,LDPE Plastic,1,LDPE Plastic,0.9739949107170105,0.008618013001978397,0.9739949107170105,0.004593705292791128,0.00788931269198656,0.004904131405055523
/Users/aswanathjs/Downloads/test10/ai_plastic_waste_management_training/PS Plastic/foam_containers/Image_24.png,1,LDPE Plastic,4,PS Plastic,0.548691987991333,0.0415218360722065,0.2579959034919739,0.017641013488173485,0.13414941728115082,0.548691987991333
/Users/aswanathjs/Downloads/test10/ai_plastic_waste_management_training/PP Plastic/square_containers/IMG_20220209_175307.jpg,3,PP Plastic,3,PP Plastic,0.9338908195495605,0.012000580318272114,0.009544889442622662,0.0025677268858999014,0.9338908195495605,0.041996024549007416
/Users/aswanathjs/Downloads/test10/ai_plastic_waste_management_training/HDPE Plastic/shampoo_bottles/0075_a02b01c1d0e0f0g0h3.jpg,0,HDPE Plastic,0,HDPE Plastic,0.9617944955825806,0.9617944955825806,0.0002187492500524968,0.03480936959385872,0.0027733773458749056,0.00040406797779724
/Users/aswanathjs/Downloads/test10/ai_plastic_waste_management_training/LDPE Plastic/plastic_bags/LDPE-413_jpg.rf.a64d1e5215eef21c7e395b525e6ef390.jpg,1,LDPE Plastic,1,LDPE Plastic,0.9911791682243347,0.0034360841382294893,0.9911791682243347,0.0012765468563884497,0.002188257174566388,0.0019199082162231207
/Users/aswanathjs/Downloads/test10/ai_plastic_waste_management_training/LDPE Plastic/bin_bags/Image_137.png,1,LDPE Plastic,1,LDPE Plastic,0.9639435410499573,0.006569859571754932,0.9639435410499573,0.009059556759893894,0.012722681276500225,0.007704280782490969
/Users/aswanathjs/Downloads/test10/ai_plastic_waste_management_training/LDPE Plastic/bin_bags_grey/Image_137.png,1,LDPE Plastic,1,LDPE Plastic,0.9639435410499573,0.006569859571754932,0.9639435410499573,0.009059556759893894,0.012722681276500225,0.007704280782490969
/Users/aswanathjs/Downloads/test10/ai_plastic_waste_management_training/PP Plastic/round_containers/Image_137.png,1,LDPE Plastic,3,PP Plastic,0.745932400226593,0.007826478220522404,0.17147070169448853,0.010635887272655964,0.745932400226593,0.06413455307483673
/Users/aswanathjs/Downloads/test10/ai_plastic_waste_management_training/PP Plastic/round_containers_grey/Image_137.png,1,LDPE Plastic,3,PP Plastic,0.6586974263191223,0.008879181928932667,0.25853821635246277,0.015461817383766174,0.6586974263191223,0.05842336267232895
/Users/aswanathjs/Downloads/test10/ai_plastic_waste_management_training/PS Plastic/foam_containers/Image_137.png,1,LDPE Plastic,4,PS Plastic,0.5068833827972412,0.08031643182039261,0.21863853931427002,0.035335902124643326,0.15882577002048492,0.5068833827972412
/Users/aswanathjs/Downloads/test10/ai_plastic_waste_management_training/HDPE Plastic/shampoo_bottles/0065_a02b03c1d1e0f1g0h0.jpg,0,HDPE Plastic,0,HDPE Plastic,0.9994046688079834,0.9994046688079834,1.918611269502435e-05,0.0003711504687089473,0.0001629101752769202,4.214474756736308e-05
/Users/aswanathjs/Downloads/test10/ai_plastic_waste_management_training/PET Plastic/black_white_plastic_bottles/cukvq_jpg.rf.9655df3fd824b4d510853a85f46cfb93.jpg,2,PET Plastic,2,PET Plastic,0.9996213912963867,0.0001874770678114146,2.8854257834609598e-05,0.9996213912963867,0.00013773278624285012,2.450218926242087e-05
"/Users/aswanathjs/Downloads/test10/ai_plastic_waste_management_training/HDPE Plastic/milk_bottles/HDPEM1,008.JPG",0,HDPE Plastic,0,HDPE Plastic,0.9965595602989197,0.9965595602989197,1.0992298484779894e-05,0.002561225788667798,0.00041261277510784566,0.00045561653678305447
/Users/aswanathjs/Downloads/test10/ai_plastic_waste_management_training/PET Plastic/plastic_bottles/PET649.jpg,2,PET Plastic,2,PET Plastic,0.9984038472175598,0.0002897447266150266,0.00012280340888537467,0.9984038472175598,0.0009291889728046954,0.00025441256002523005
/Users/aswanathjs/Downloads/test10/ai_plastic_waste_management_training/HDPE Plastic/shampoo_bottles/0063_a02b01c2d3e0f1g1h2.jpg,0,HDPE Plastic,0,HDPE Plastic,0.9719498157501221,0.9719498157501221,0.00024678363115526736,0.0022904318757355213,0.02460133470594883,0.0009115800494328141
/Users/aswanathjs/Downloads/test10/ai_plastic_waste_management_training/HDPE Plastic/shampoo_bottles/0077_a02b01c2d1e0f1g0h1.jpg,0,HDPE Plastic,0,HDPE Plastic,0.9991644620895386,0.9991644620895386,7.962359632074367e-06,0.00033661758061498404,0.0003746106813196093,0.0001163506240118295
/Users/aswanathjs/Downloads/test10/ai_plastic_waste_management_training/PET Plastic/black_white_plastic_bottles/aiejc_jpg.rf.971a219c201257a70bc22ccb862396dc.jpg,2,PET Plastic,2,PET Plastic,0.9996753931045532,0.000126959421322681,5.811079608974978e-05,0.9996753931045532,6.863626913400367e-05,7.092287705745548e-05
"/Users/aswanathjs/Downloads/test10/ai_plastic_waste_management_training/PET Plastic/plastic_bottles/PET1,314.jpg",2,PET Plastic,2,PET Plastic,0.9974287152290344,0.0017581942956894636,2.5009278033394367e-05,0.9974287152290344,0.0006846715696156025,0.00010338197171222419
/Users/aswanathjs/Downloads/test10/ai_plastic_waste_management_training/PET Plastic/black_white_plastic_bottles/bphik_jpg.rf.bbc19cde3cb6f66a2f65c778f45bec29.jpg,2,PET Plastic,2,PET Plastic,0.9675052165985107,0.002076428849250078,0.024671103805303574,0.9675052165985107,0.005119848996400833,0.0006274220650084317
/Users/aswanathjs/Downloads/test10/ai_plastic_waste_management_training/HDPE Plastic/shampoo_bottles/0099_a02b01c2d1e0f1g0h2.jpg,0,HDPE Plastic,0,HDPE Plastic,0.9998531341552734,0.9998531341552734,1.8214118426840287e-06,3.232944800402038e-05,0.0001037864712998271,8.969724149210379e-06
/Users/aswanathjs/Downloads/test10/ai_plastic_waste_management_training/PP Plastic/round_containers/pinkbowl.jpg,3,PP Plastic,3,PP Plastic,0.9445404410362244,0.04442552104592323,0.004273338243365288,0.0038273315876722336,0.9445404410362244,0.002933352719992399
/Users/aswanathjs/Downloads/test10/ai_plastic_waste_management_training/LDPE Plastic/plastic_bags/LDPE-363_jpg.rf.f58cfd1370673dadec035fc1190ded87.jpg,1,LDPE Plastic,1,LDPE Plastic,0.9978193044662476,0.0001551129826111719,0.9978193044662476,0.0003549969114828855,0.0007912926957942545,0.0008793738670647144
/Users/aswanathjs/Downloads/test10/ai_plastic_waste_management_training/HDPE Plastic/detergent_bottles/0039_a02b01c1d1e0f1g0h4.jpg,0,HDPE Plastic,0,HDPE Plastic,0.9999288320541382,0.9999288320541382,8.626827366242651e-06,7.989665391505696e-06,4.6303190174512565e-05,8.26443556434242e-06
/Users/aswanathjs/Downloads/test10/ai_plastic_waste_management_training/PP Plastic/irregular_containers/train_PP-90_jpg.rf.66887877c30083ca48a73bc09c1b65e6.jpg,3,PP Plastic,3,PP Plastic,0.9901798963546753,0.0023545254953205585,0.0038230426143854856,0.0011544957524165511,0.9901798963546753,0.0024880843702703714
/Users/aswanathjs/Downloads/test10/ai_plastic_waste_management_training/PS Plastic/foam_sheets/PS-836_jpg.rf.12ea34b3982e990003a609514a76ba6d.jpg,4,PS Plastic,4,PS Plastic,0.999987006187439,3.5390653465583455e-06,6.151612979010679e-06,1.1085988944614655e-06,2.1445687252708012e-06,0.999987006187439
/Users/aswanathjs/Downloads/test10/ai_plastic_waste_management_training/HDPE Plastic/shampoo_bottles/0099_a02b01c1d0e0f1g0h4.jpg,0,HDPE Plastic,0,HDPE Plastic,0.9974552989006042,0.9974552989006042,6.356008270813618e-06,0.0017481641843914986,0.0003123601491097361,0.0004778540169354528
/Users/aswanathjs/Downloads/test10/ai_plastic_waste_management_training/PP Plastic/square_containers_grey/IMG_20220209_173141.jpg,3,PP Plastic,3,PP Plastic,0.9584146738052368,0.01718478463590145,0.0004101696249563247,0.003891976550221443,0.9584146738052368,0.02009839564561844
/Users/aswanathjs/Downloads/test10/ai_plastic_waste_management_training/PP Plastic/square_containers/IMG_20220209_173141.jpg,3,PP Plastic,3,PP Plastic,0.9646013975143433,0.030699098482728004,0.0006652016891166568,0.0009719739318825305,0.9646013975143433,0.0030622980557382107
/Users/aswanathjs/Downloads/test10/ai_plastic_waste_management_training/LDPE Plastic/bin_bags/Image_46.png,1,LDPE Plastic,1,LDPE Plastic,0.9971972703933716,0.0008123706211335957,0.9971972703933716,0.0005340651259757578,0.0008962811552919447,0.0005599939031526446
/Users/aswanathjs/Downloads/test10/ai_plastic_waste_management_training/LDPE Plastic/bin_bags_grey/Image_46.png,1,LDPE Plastic,1,LDPE Plastic,0.9938699007034302,0.0018297808710485697,0.9938699007034302,0.0014869885053485632,0.0015007364563643932,0.0013125819386914372
/Users/aswanathjs/Downloads/test10/ai_plastic_waste_management_training/PS Plastic/foam_containers/Image_46.png,1,LDPE Plastic,1,LDPE Plastic,0.3815802037715912,0.05792350694537163,0.3815802037715912,0.02036602608859539,0.30091676115989685,0.2392134964466095
/Users/aswanathjs/Downloads/test10/ai_plastic_waste_management_training/PET Plastic/plastic_bottles/PET533.jpg,2,PET Plastic,2,PET Plastic,0.999659538269043,0.00019356385746505111,2.761976429610513e-05,0.999659538269043,7.973833271535113e-05,3.9476497477153316e-05
/Users/aswanathjs/Downloads/test10/ai_plastic_waste_management_training/PP Plastic/round_containers/IMG_20220209_174805.jpg,3,PP Plastic,3,PP Plastic,0.9318954944610596,0.01812870427966118,0.02051842212677002,0.006872879341244698,0.9318954944610596,0.022584550082683563
/Users/aswanathjs/Downloads/test10/ai_plastic_waste_management_training/PET Plastic/shampoo_bottles/0015_a05b00c1d1e1f1g0h2.jpg,2,PET Plastic,2,PET Plastic,0.988754153251648,0.0035812961868941784,0.000278887280728668,0.988754153251648,0.0056915683671832085,0.0016941562062129378
/Users/aswanathjs/Downloads/test10/ai_plastic_waste_management_training/HDPE Plastic/detergent_bottles/0096_a02b04c1d0e0f0g0h3.jpg,0,HDPE Plastic,0,HDPE Plastic,0.9994526505470276,0.9994526505470276,8.880599125404842e-06,0.00020570367632899433,0.00026815873570740223,6.46090556983836e-05
/Users/aswanathjs/Downloads/test10/ai_plastic_waste_management_training/HDPE Plastic/milk_bottles/HDPEM323.jpg,0,HDPE Plastic,0,HDPE Plastic,0.993266224861145,0.993266224861145,6.382284027495189e-06,0.005058492533862591,0.0015841088024899364,8.490362961310893e-05
/Users/aswanathjs/Downloads/test10/ai_plastic_waste_management_training/PP Plastic/round_containers/Image_124.png,3,PP Plastic,3,PP Plastic,0.7472935914993286,0.015604832209646702,0.1884251832962036,0.010958230122923851,0.7472935914993286,0.03771822899580002
/Users/aswanathjs/Downloads/test10/ai_plastic_waste_management_training/PS Plastic/foam_containers/Image_124.png,3,PP Plastic,1,LDPE Plastic,0.41715705394744873,0.05906940624117851,0.41715705394744873,0.06277655810117722,0.2357109934091568,0.22528605163097382
/Users/aswanathjs/Downloads/test10/ai_plastic_waste_management_training/PET Plastic/plastic_bottles/PET588.jpg,2,PET Plastic,2,PET Plastic,0.999184787273407,0.00021771997853647918,3.6071571230422705e-05,0.999184787273407,0.0004657080862671137,9.565241634845734e-05
/Users/aswanathjs/Downloads/test10/ai_plastic_waste_management_training/PS Plastic/foam_containers/Image_215.png,4,PS Plastic,4,PS Plastic,0.5810565948486328,0.048958584666252136,0.10413477569818497,0.02707653120160103,0.23877350986003876,0.5810565948486328
/Users/aswanathjs/Downloads/test10/ai_plastic_waste_management_training/HDPE Plastic/milk_bottles/HDPEM88.jpg,0,HDPE Plastic,0,HDPE Plastic,0.9976947903633118,0.9976947903633118,9.906175364449155e-06,0.0018072773236781359,0.00023308570962399244,0.0002548710908740759
/Users/aswanathjs/Downloads/test10/ai_plastic_waste_management_training/LDPE Plastic/plastic_bags/LDPE-244_jpg.rf.77fcf0073ec3b7909b8ec01bc9b72506.jpg,1,LDPE Plastic,1,LDPE Plastic,0.9969356060028076,0.0004272442602086812,0.9969356060028076,0.0005299899494275451,0.0010540065122768283,0.0010531559819355607
/Users/aswanathjs/Downloads/test10/ai_plastic_waste_management_training/LDPE Plastic/plastic_bags/plasticbag (176).jpg,1,LDPE Plastic,1,LDPE Plastic,0.9657716751098633,0.005697894841432571,0.9657716751098633,0.0024635710287839174,0.011043660342693329,0.015023166313767433
/Users/aswanathjs/Downloads/test10/ai_plastic_waste_management_training/PET Plastic/plastic_bottles/PET320.jpg,2,PET Plastic,2,PET Plastic,0.9832313060760498,0.010272115468978882,0.000931166869122535,0.9832313060760498,0.005155726335942745,0.00040977244498208165
/Users/aswanathjs/Downloads/test10/ai_plastic_waste_management_training/PP Plastic/round_containers/IMG_20220209_174251.jpg,3,PP Plastic,3,PP Plastic,0.88896244764328,0.02625073865056038,0.02730219066143036,0.019445866346359253,0.88896244764328,0.03803884983062744
/Users/aswanathjs/Downloads/test10/ai_plastic_waste_management_training/PP Plastic/rectangle_containers/0011_a05b00c2d0e0f0g0h4.jpg,3,PP Plastic,3,PP Plastic,0.9939846396446228,0.000459360919194296,0.0006464098114520311,0.003218618221580982,0.9939846396446228,0.0016909954138100147
/Users/aswanathjs/Downloads/test10/ai_plastic_waste_management_training/PP Plastic/square_containers/0011_a05b00c2d0e0f0g0h4.jpg,3,PP Plastic,3,PP Plastic,0.9939846396446228,0.000459360919194296,0.0006464098114520311,0.003218618221580982,0.9939846396446228,0.0016909954138100147
/Users/aswanathjs/Downloads/test10/ai_plastic_waste_management_training/PET Plastic/black_white_plastic_bottles/csvro_jpg.rf.c2e4f469716521a4c9aebc64cb816761.jpg,2,PET Plastic,2,PET Plastic,0.999933123588562,3.0466695534414612e-05,4.606262791639892e-06,0.999933123588562,2.27705040742876e-05,8.969628652266692e-06
/Users/aswanathjs/Downloads/test10/ai_plastic_waste_management_training/PS Plastic/foam_sheets/PS-894_jpg.rf.587d199173e494fb5b6c552a69b22e4e.jpg,4,PS Plastic,4,PS Plastic,0.9999402761459351,1.0107380148838274e-05,3.5454926546663046e-05,3.4365909868938616e-06,1.0714401469158474e-05,0.9999402761459351
/Users/aswanathjs/Downloads/test10/ai_plastic_waste_management_training/PS Plastic/foam_sheets/PS-626_jpg.rf.f05c771b66590b7222eda1a9af293cab.jpg,4,PS Plastic,4,PS Plastic,0.9778515696525574,0.001296026399359107,0.016567841172218323,0.0013065303210169077,0.002978069242089987,0.9778515696525574
/Users/aswanathjs/Downloads/test10/ai_plastic_waste_management_training/PP Plastic/square_containers/Image_179.png,3,PP Plastic,3,PP Plastic,0.9740438461303711,0.0008307036478072405,0.015101592987775803,0.0024972734972834587,0.9740438461303711,0.007526575122028589
/Users/aswanathjs/Downloads/test10/ai_plastic_waste_management_training/PS Plastic/foam_containers/Image_179.png,3,PP Plastic,4,PS Plastic,0.4000917375087738,0.1502317190170288,0.3203757107257843,0.03288360312581062,0.09641723334789276,0.4000917375087738
/Users/aswanathjs/Downloads/test10/ai_plastic_waste_management_training/LDPE Plastic/plastic_bags_grey/plasticbag (166).jpg,1,LDPE Plastic,1,LDPE Plastic,0.9586990475654602,0.0014534511137753725,0.9586990475654602,0.01052389107644558,0.02457357756793499,0.004749998915940523
/Users/aswanathjs/Downloads/test10/ai_plastic_waste_management_training/LDPE Plastic/plastic_bags/plasticbag (166).jpg,1,LDPE Plastic,1,LDPE Plastic,0.8426705002784729,0.05173952132463455,0.8426705002784729,0.011741189286112785,0.04295597970485687,0.05089276283979416
/Users/aswanathjs/Downloads/test10/ai_plastic_waste_management_training/LDPE Plastic/bin_bags/LDPE256-Photoroom_0_9606_jpg.rf.14b4f74f05798c27f3104ef60cb014ef.jpg,1,LDPE Plastic,1,LDPE Plastic,0.8878694176673889,0.05545049160718918,0.8878694176673889,0.01793535053730011,0.032140400260686874,0.006604395341128111
/Users/aswanathjs/Downloads/test10/ai_plastic_waste_management_training/LDPE Plastic/bin_bags/LDPE256-Photoroom_0_9606_jpg.rf.3fe500898222ea198e0459b907365021.jpg,1,LDPE Plastic,1,LDPE Plastic,0.8852770924568176,0.04893983155488968,0.8852770924568176,0.01953946426510811,0.03979753702878952,0.006446078885346651
/Users/aswanathjs/Downloads/test10/ai_plastic_waste_management_training/LDPE Plastic/bin_bags_grey/LDPE256-Photoroom_0_9606_jpg.rf.14b4f74f05798c27f3104ef60cb014ef.jpg,1,LDPE Plastic,1,LDPE Plastic,0.8134734034538269,0.08675385266542435,0.8134734034538269,0.034613531082868576,0.052640147507190704,0.01251901313662529
/Users/aswanathjs/Downloads/test10/ai_plastic_waste_management_training/LDPE Plastic/plastic_bags/LDPE-294_jpg.rf.577a262b887e6b6bab1762bc740401f2.jpg,1,LDPE Plastic,1,LDPE Plastic,0.9980348944664001,0.00035423701046966016,0.9980348944664001,0.0005326936952769756,0.0005436574574559927,0.0005344494711607695
/Users/aswanathjs/Downloads/test10/ai_plastic_waste_management_training/PET Plastic/plastic_bottles/PET540.jpg,2,PET Plastic,2,PET Plastic,0.9998435974121094,9.654404857428744e-05,1.794885247363709e-05,0.9998435974121094,2.575643884483725e-05,1.6034991858759895e-05
/Users/aswanathjs/Downloads/test10/ai_plastic_waste_management_training/LDPE Plastic/plastic_bags/plasticbag (205).jpg,1,LDPE Plastic,1,LDPE Plastic,0.9917548894882202,0.002225846517831087,0.9917548894882202,0.0010667737806215882,0.0026243196334689856,0.0023282100446522236
/Users/aswanathjs/Downloads/test10/ai_plastic_waste_management_training/HDPE Plastic/milk_bottles/HDPEM204.jpg,0,HDPE Plastic,0,HDPE Plastic,0.9999585151672363,0.9999585151672363,1.9586532573612203e-07,1.1519436156959273e-05,2.5912479031831026e-05,3.79399307348649e-06
/Users/aswanathjs/Downloads/test10/ai_plastic_waste_management_training/HDPE Plastic/milk_bottles/HDPEM292.jpg,0,HDPE Plastic,0,HDPE Plastic,0.9985772371292114,0.9985772371292114,2.360820144531317e-05,0.000982592231594026,0.0003335466608405113,8.314772276207805e-05
/Users/aswanathjs/Downloads/test10/ai_plastic_waste_management_training/PET Plastic/plastic_bottles/PET847.jpg,2,PET Plastic,2,PET Plastic,0.99892657995224,0.00033048883778974414,0.00017688359366729856,0.99892657995224,0.0003206303808838129,0.0002454277710057795
/Users/aswanathjs/Downloads/test10/ai_plastic_waste_management_training/PP Plastic/round_containers/IMG_20220209_174356.jpg,3,PP Plastic,3,PP Plastic,0.9840216040611267,0.0015953565016388893,0.002535794861614704,0.0008913947967812419,0.9840216040611267,0.010955886915326118
/Users/aswanathjs/Downloads/test10/ai_plastic_waste_management_training/PP Plastic/round_containers/0044_a06b01c1d0e0f0g0h4.jpg,3,PP Plastic,3,PP Plastic,0.931287944316864,0.019192641600966454,0.0006954601849429309,0.04335730895400047,0.931287944316864,0.005466650705784559
/Users/aswanathjs/Downloads/test10/ai_plastic_waste_management_training/HDPE Plastic/shampoo_bottles/0065_a02b03c1d1e0f1g0h3.jpg,0,HDPE Plastic,0,HDPE Plastic,0.9999617338180542,0.9999617338180542,5.298199425851635e-07,1.1693237865983974e-05,1.5465942851733416e-05,1.0611871402943507e-05
/Users/aswanathjs/Downloads/test10/ai_plastic_waste_management_training/PS Plastic/foam_sheets/PS-750_jpg.rf.a83b96b3cdc323c2f17212bcca8e8ac6.jpg,4,PS Plastic,4,PS Plastic,0.9974381923675537,0.0009032852249220014,0.00046218858915381134,0.000445012585259974,0.000751209445297718,0.9974381923675537
/Users/aswanathjs/Downloads/test10/ai_plastic_waste_management_training/LDPE Plastic/plastic_bags/plasticbag (26).jpg,1,LDPE Plastic,1,LDPE Plastic,0.9423356652259827,0.011998123489320278,0.9423356652259827,0.0063351718708872795,0.02764248102903366,0.011688592843711376
/Users/aswanathjs/Downloads/test10/ai_plastic_waste_management_training/LDPE Plastic/plastic_bags/LDPE-68_jpg.rf.fa587dd4862cb9c0ef6618636e7f9cd8.jpg,1,LDPE Plastic,1,LDPE Plastic,0.995008111000061,0.0010667757596820593,0.995008111000061,0.0010719544952735305,0.0017073940252885222,0.001145646907389164
/Users/aswanathjs/Downloads/test10/ai_plastic_waste_management_training/LDPE Plastic/plastic_bags/LDPE-68_jpg.rf.bab23514005b35e67614029f4e48a73a.jpg,1,LDPE Plastic,1,LDPE Plastic,0.992149829864502,0.0015697106719017029,0.992149829864502,0.001434399513527751,0.0029333399143069983,0.0019127577543258667
"/Users/aswanathjs/Downloads/test10/ai_plastic_waste_management_training/PET Plastic/plastic_bottles/PET1,357.jpg",2,PET Plastic,2,PET Plastic,0.9990430474281311,0.00044895854080095887,1.8181364794145338e-05,0.9990430474281311,0.00045001241960562766,3.9855734939919785e-05
/Users/aswanathjs/Downloads/test10/ai_plastic_waste_management_training/HDPE Plastic/shampoo_bottles/0099_a02b01c2d2e0f1g0h3.jpg,0,HDPE Plastic,0,HDPE Plastic,0.9687286615371704,0.9687286615371704,0.0002756115864031017,0.0007876570452935994,0.02891927771270275,0.0012887200573459268
/Users/aswanathjs/Downloads/test10/ai_plastic_waste_management_training/LDPE Plastic/plastic_bags/LDPE-52_jpg.rf.b5507c8199364780355006e92e1b0f1b.jpg,1,LDPE Plastic,1,LDPE Plastic,0.9945290684700012,0.0013323022285476327,0.9945290684700012,0.00039448015741072595,0.002838022308424115,0.0009061007294803858
/Users/aswanathjs/Downloads/test10/ai_plastic_waste_management_training/LDPE Plastic/plastic_bags/LDPE-52_jpg.rf.30a88492708fea24fd79e398b613ee19.jpg,1,LDPE Plastic,1,LDPE Plastic,0.8667842745780945,0.013741277158260345,0.8667842745780945,0.016696423292160034,0.09659901261329651,0.006178961601108313
/Users/aswanathjs/Downloads/test10/ai_plastic_waste_management_training/LDPE Plastic/plastic_bags/plasticbag (134).jpg,1,LDPE Plastic,1,LDPE Plastic,0.9060733914375305,0.014015520922839642,0.9060733914375305,0.032073281705379486,0.01805840991437435,0.02977941744029522
/Users/aswanathjs/Downloads/test10/ai_plastic_waste_management_training/PS Plastic/foam_sheets/PS-505_jpg.rf.ea1f2db3cc1b57ba0a1742051464aeec.jpg,4,PS Plastic,4,PS Plastic,0.991520345211029,0.0016232975758612156,0.005704180337488651,0.0003696240019053221,0.0007825839566066861,0.991520345211029
"/Users/aswanathjs/Downloads/test10/ai_plastic_waste_management_training/PET Plastic/plastic_bottles/PET1,058.jpg",2,PET Plastic,2,PET Plastic,0.9806499481201172,0.006065615452826023,0.0023318903986364603,0.9806499481201172,0.00894945114850998,0.0020031447056680918
/Users/aswanathjs/Downloads/test10/ai_plastic_waste_management_training/PS Plastic/foam_containers/Image_6.png,4,PS Plastic,1,LDPE Plastic,0.37559664249420166,0.057562731206417084,0.37559664249420166,0.03292592614889145,0.27427199482917786,0.25964269042015076
/Users/aswanathjs/Downloads/test10/ai_plastic_waste_management_training/HDPE Plastic/shampoo_bottles/0078_a02b07c2d1e0f1g0h1.jpg,0,HDPE Plastic,0,HDPE Plastic,0.999254047870636,0.999254047870636,3.550056862877682e-05,0.0001643292052904144,0.00043760082917287946,0.0001083454699255526
/Users/aswanathjs/Downloads/test10/ai_plastic_waste_management_training/PP Plastic/round_containers/0095_a05b01c2d1e0f0g0h3.jpg,3,PP Plastic,3,PP Plastic,0.8464146256446838,0.10343670845031738,0.00011362984514562413,0.049667421728372574,0.8464146256446838,0.0003675888874568045
/Users/aswanathjs/Downloads/test10/ai_plastic_waste_management_training/PS Plastic/foam_containers/styrofoam-63-_jpg.rf.192a817bf8aec5e5e8590fa960ff4ca8.jpg,4,PS Plastic,3,PP Plastic,0.41346532106399536,0.12152791023254395,0.11306550353765488,0.007011749781668186,0.41346532106399536,0.34492942690849304
/Users/aswanathjs/Downloads/test10/ai_plastic_waste_management_training/PP Plastic/square_containers/Image_207.png,3,PP Plastic,3,PP Plastic,0.87342768907547,0.02784203551709652,0.06996642798185349,0.005252881906926632,0.87342768907547,0.023511044681072235
/Users/aswanathjs/Downloads/test10/ai_plastic_waste_management_training/PS Plastic/foam_containers/Image_207.png,3,PP Plastic,3,PP Plastic,0.3979112505912781,0.07726627588272095,0.24937517940998077,0.029913663864135742,0.3979112505912781,0.24553360044956207
/Users/aswanathjs/Downloads/test10/ai_plastic_waste_management_training/PS Plastic/foam_containers/Image_121.png,4,PS Plastic,3,PP Plastic,0.34847745299339294,0.24323834478855133,0.24004818499088287,0.02594709023833275,0.34847745299339294,0.142288938164711
/Users/aswanathjs/Downloads/test10/ai_plastic_waste_management_training/PET Plastic/black_white_plastic_bottles/bftlq_jpg.rf.0b388b8d728f0f3f82b960995fd1f15a.jpg,2,PET Plastic,2,PET Plastic,0.9983057975769043,0.0003499915183056146,9.816798410611227e-05,0.9983057975769043,0.0005780160427093506,0.0006679873331449926
/Users/aswanathjs/Downloads/test10/ai_plastic_waste_management_training/LDPE Plastic/plastic_bags/train_LDPE-11_jpg.rf.54c3b09f961c1ccf895add7400657f05.jpg,1,LDPE Plastic,1,LDPE Plastic,0.9941526055335999,0.0014099421678110957,0.9941526055335999,0.0015828257892280817,0.0011625279439613223,0.001692167716100812
/Users/aswanathjs/Downloads/test10/ai_plastic_waste_management_training/HDPE Plastic/milk_bottles/HDPEM78.jpg,0,HDPE Plastic,0,HDPE Plastic,0.9995948672294617,0.9995948672294617,9.489534932072274e-06,0.00013949080312158912,0.00017909026064444333,7.703310257056728e-05
/Users/aswanathjs/Downloads/test10/ai_plastic_waste_management_training/PS Plastic/foam_containers/Image_63.png,4,PS Plastic,4,PS Plastic,0.6257895231246948,0.13670016825199127,0.15310288965702057,0.015360088087618351,0.06904725730419159,0.6257895231246948
/Users/aswanathjs/Downloads/test10/ai_plastic_waste_management_training/PP Plastic/round_containers/0022_a05b00c1d2e0f0g0h2.jpg,3,PP Plastic,3,PP Plastic,0.979600727558136,0.0016735431272536516,0.008112980052828789,0.006773404777050018,0.979600727558136,0.003839373355731368
/Users/aswanathjs/Downloads/test10/ai_plastic_waste_management_training/LDPE Plastic/plastic_bags/train_LDPE-20_jpg.rf.5e4f85dee74ddcdd87f6fc4ecd270f62.jpg,1,LDPE Plastic,1,LDPE Plastic,0.9907160997390747,0.0021040167193859816,0.9907160997390747,0.0017408785643056035,0.0005635239067487419,0.004875526297837496
/Users/aswanathjs/Downloads/test10/ai_plastic_waste_management_training/LDPE Plastic/black_white__plastic_bags/0243_jpg.rf.b3f171135eadcd3fce708c2615f56df5.jpg,1,LDPE Plastic,1,LDPE Plastic,0.9973606467247009,0.00023985128791537136,0.9973606467247009,0.0008347898256033659,0.0007465622038580477,0.0008181178127415478
"/Users/aswanathjs/Downloads/test10/ai_plastic_waste_management_training/PET Plastic/plastic_bottles/PET1,133.jpg",2,PET Plastic,2,PET Plastic,0.9930210709571838,0.002782242838293314,0.002093301620334387,0.9930210709571838,0.0018255350878462195,0.0002778263296931982
/Users/aswanathjs/Downloads/test10/ai_plastic_waste_management_training/LDPE Plastic/plastic_bags/plasticbag (146).jpg,1,LDPE Plastic,1,LDPE Plastic,0.9990726709365845,0.00021114127594046295,0.9990726709365845,0.00014604910393245518,0.00043866891064681113,0.0001314675755565986
/Users/aswanathjs/Downloads/test10/ai_plastic_waste_management_training/PET Plastic/black_white_plastic_bottles/afbns_jpg.rf.8355bb9d48346b529afc5884c8c8c171.jpg,2,PET Plastic,2,PET Plastic,0.9996793270111084,0.0001173373602796346,1.573864574311301e-05,0.9996793270111084,0.00015086658822838217,3.679312067106366e-05
/Users/aswanathjs/Downloads/test10/ai_plastic_waste_management_training/PET Plastic/shampoo_bottles/0050_a05b00c1d3e1f1g0h3.jpg,2,PET Plastic,2,PET Plastic,0.9758684635162354,0.013572987169027328,0.0002054887736449018,0.9758684635162354,0.009935073554515839,0.0004180156101938337
/Users/aswanathjs/Downloads/test10/ai_plastic_waste_management_training/PP Plastic/round_containers/0031_a05b01c2d0e0f0g0h0.jpg,3,PP Plastic,3,PP Plastic,0.9942470788955688,0.005386535078287125,3.4359363780822605e-05,6.21059734839946e-05,0.9942470788955688,0.0002698877651710063
/Users/aswanathjs/Downloads/test10/ai_plastic_waste_management_training/PP Plastic/round_containers_grey/0031_a05b01c2d0e0f0g0h0.jpg,3,PP Plastic,3,PP Plastic,0.9869681000709534,0.009345239959657192,0.0005092347855679691,0.002181257586926222,0.9869681000709534,0.0009962073527276516
/Users/aswanathjs/Downloads/test10/ai_plastic_waste_management_training/PET Plastic/plastic_bottles/PET343.jpg,2,PET Plastic,2,PET Plastic,0.9926974177360535,0.0020639204885810614,0.0025371068622916937,0.9926974177360535,0.002223205752670765,0.0004783374606631696
/Users/aswanathjs/Downloads/test10/ai_plastic_waste_management_training/LDPE Plastic/plastic_bags/LDPE-204_jpg.rf.19572998f43cf7f675bfd568cf658c55.jpg,1,LDPE Plastic,1,LDPE Plastic,0.9973576664924622,0.000497787375934422,0.9973576664924622,0.0005412367754615843,0.000780552567448467,0.0008227654616348445
/Users/aswanathjs/Downloads/test10/ai_plastic_waste_management_training/LDPE Plastic/bubble_wrap/test_LDPE-73_jpg.rf.13066b3e71ab4d3c938ea5f2585cb2f5.jpg,1,LDPE Plastic,1,LDPE Plastic,0.9938790798187256,0.0008050515316426754,0.9938790798187256,0.0018462659791111946,0.00127722742035985,0.0021924220491200686
/Users/aswanathjs/Downloads/test10/ai_plastic_waste_management_training/PP Plastic/round_containers/0032_a05b01c2d3e0f0g0h1.jpg,3,PP Plastic,3,PP Plastic,0.9945906400680542,0.0015601047780364752,0.0004050375719089061,0.002525332849472761,0.9945906400680542,0.0009188853437080979
/Users/aswanathjs/Downloads/test10/ai_plastic_waste_management_training/PET Plastic/plastic_bottles/PET857.jpg,2,PET Plastic,2,PET Plastic,0.9838300347328186,0.0028093992732465267,0.010329585522413254,0.9838300347328186,0.0023116287775337696,0.0007194047793745995
/Users/aswanathjs/Downloads/test10/ai_plastic_waste_management_training/PP Plastic/round_containers/IMG_20220209_173358.jpg,3,PP Plastic,3,PP Plastic,0.9530810713768005,0.0034215236082673073,0.0044308011420071125,0.025309283286333084,0.9530810713768005,0.013757282868027687
/Users/aswanathjs/Downloads/test10/ai_plastic_waste_management_training/LDPE Plastic/bubble_wrap/LDPE-92_jpg.rf.02d5d90f1edb1da1849c6ee37a1d3e93.jpg,1,LDPE Plastic,1,LDPE Plastic,0.9948477745056152,0.0006622148212045431,0.9948477745056152,0.000723012606613338,0.0018779714591801167,0.0018890552455559373
/Users/aswanathjs/Downloads/test10/ai_plastic_waste_management_training/LDPE Plastic/bubble_wrap/LDPE-92_jpg.rf.d573c4bf002d71badbb12a9df5865050.jpg,1,LDPE Plastic,1,LDPE Plastic,0.9936971068382263,0.0008204851183108985,0.9936971068382263,0.0014910714235156775,0.0012184623628854752,0.002772886073216796
/Users/aswanathjs/Downloads/test10/ai_plastic_waste_management_training/PP Plastic/round_containers/IMG_20220209_174114.jpg,3,PP Plastic,3,PP Plastic,0.8316001892089844,0.022441932931542397,0.049442630261182785,0.04752610623836517,0.8316001892089844,0.048989154398441315
/Users/aswanathjs/Downloads/test10/ai_plastic_waste_management_training/HDPE Plastic/detergent_bottles/0098_a02b03c1d1e0f0g0h3.jpg,0,HDPE Plastic,0,HDPE Plastic,0.9999091625213623,0.9999091625213623,2.381436615905841e-06,1.3641045370604843e-05,5.8629892009776086e-05,1.6235038856393658e-05
/Users/aswanathjs/Downloads/test10/ai_plastic_waste_management_training/HDPE Plastic/detergent_botteles_grey/0098_a02b03c1d1e0f0g0h3.jpg,0,HDPE Plastic,0,HDPE Plastic,0.9944327473640442,0.9944327473640442,0.0005447941948659718,0.0016367104835808277,0.0020359898917376995,0.001349805505014956
/Users/aswanathjs/Downloads/test10/ai_plastic_waste_management_training/HDPE Plastic/detergent_bottles/IMG_20220209_182135.jpg,0,HDPE Plastic,0,HDPE Plastic,0.9901829361915588,0.9901829361915588,0.0001371871039737016,0.006592640187591314,0.0027999100275337696,0.0002874033525586128
/Users/aswanathjs/Downloads/test10/ai_plastic_waste_management_training/PP Plastic/round_containers/0009_a06b01c2d1e0f0g0h2.jpg,3,PP Plastic,3,PP Plastic,0.9906042218208313,0.003167513757944107,0.0008542737923562527,0.004876418970525265,0.9906042218208313,0.000497580214869231
/Users/aswanathjs/Downloads/test10/ai_plastic_waste_management_training/LDPE Plastic/plastic_bags/plasticbag (41).jpg,1,LDPE Plastic,1,LDPE Plastic,0.9927647709846497,0.0022672999184578657,0.9927647709846497,0.0014509971952065825,0.0024925251491367817,0.001024501514621079
/Users/aswanathjs/Downloads/test10/ai_plastic_waste_management_training/PP Plastic/irregular_containers/train_PP-70_jpg.rf.73ca74c241a9196b80947d922f8c8789.jpg,3,PP Plastic,3,PP Plastic,0.9687624573707581,0.0026977425441145897,0.021317394450306892,0.001422077533788979,0.9687624573707581,0.005800327286124229
/Users/aswanathjs/Downloads/test10/ai_plastic_waste_management_training/PS Plastic/foam_sheets/PS-599_jpg.rf.518bc33058b75c11e511991cddea74c5.jpg,4,PS Plastic,4,PS Plastic,0.9881734251976013,0.0016807949868962169,0.00865098088979721,0.0004914212040603161,0.0010033705038949847,0.9881734251976013
/Users/aswanathjs/Downloads/test10/ai_plastic_waste_management_training/PP Plastic/round_containers/0031_a05b01c1d3e0f0g0h1.jpg,3,PP Plastic,3,PP Plastic,0.8838381767272949,0.11072153598070145,0.0012589857215061784,0.0011527030728757381,0.8838381767272949,0.0030286468099802732
/Users/aswanathjs/Downloads/test10/ai_plastic_waste_management_training/HDPE Plastic/milk_bottles/HDPEM257.jpg,0,HDPE Plastic,0,HDPE Plastic,0.998536229133606,0.998536229133606,4.49955450676498e-06,0.0012516638962551951,9.630762360757217e-05,0.00011126245226478204
/Users/aswanathjs/Downloads/test10/ai_plastic_waste_management_training/HDPE Plastic/detergent_bottles/0098_a02b03c1d2e0f0g0h0.jpg,0,HDPE Plastic,0,HDPE Plastic,0.9998382329940796,0.9998382329940796,2.62975163423107e-06,5.683656127075665e-06,0.00014145742170512676,1.193873231386533e-05
/Users/aswanathjs/Downloads/test10/ai_plastic_waste_management_training/PP Plastic/rectangle_containers/0011_a05b00c2d1e0f0g0h2.jpg,3,PP Plastic,3,PP Plastic,0.9990856647491455,0.00020061149552930146,8.245564822573215e-05,0.0005040036048740149,0.9990856647491455,0.00012730863818433136
/Users/aswanathjs/Downloads/test10/ai_plastic_waste_management_training/PP Plastic/square_containers/0011_a05b00c2d1e0f0g0h2.jpg,3,PP Plastic,3,PP Plastic,0.9990856647491455,0.00020061149552930146,8.245564822573215e-05,0.0005040036048740149,0.9990856647491455,0.00012730863818433136
/Users/aswanathjs/Downloads/test10/ai_plastic_waste_management_training/PET Plastic/plastic_bottles/PET964.jpg,2,PET Plastic,2,PET Plastic,0.999613344669342,1.8244785678689368e-05,1.1652834473352414e-05,0.999613344669342,0.00031293535721488297,4.385010834084824e-05
/Users/aswanathjs/Downloads/test10/ai_plastic_waste_management_training/HDPE Plastic/milk_bottles/HDPEM388.jpg,0,HDPE Plastic,0,HDPE Plastic,0.9397118091583252,0.9397118091583252,0.008554058149456978,0.001857754192315042,0.022235650569200516,0.027640754356980324
/Users/aswanathjs/Downloads/test10/ai_plastic_waste_management_training/PET Plastic/plastic_bottles/PET984.jpg,2,PET Plastic,2,PET Plastic,0.9978452920913696,0.0009286832646466792,8.998296107165515e-05,0.9978452920913696,0.000982615863904357,0.0001534633047413081
/Users/aswanathjs/Downloads/test10/ai_plastic_waste_management_training/LDPE Plastic/black_white__plastic_bags/0283_jpg.rf.37620826a664c461407a154e42787357.jpg,1,LDPE Plastic,1,LDPE Plastic,0.9993249177932739,0.00018089496006723493,0.9993249177932739,0.00011539149272721261,0.00022568956774193794,0.00015311269089579582
/Users/aswanathjs/Downloads/test10/ai_plastic_waste_management_training/PP Plastic/irregular_containers/train_PP-76_jpg.rf.3814f40c819ebb410cfa752673e60d72.jpg,3,PP Plastic,3,PP Plastic,0.9868718385696411,0.0016027523670345545,0.007129012141376734,0.001889717299491167,0.9868718385696411,0.0025066579692065716
/Users/aswanathjs/Downloads/test10/ai_plastic_waste_management_training/LDPE Plastic/plastic_bags/plasticbag (181).jpg,1,LDPE Plastic,1,LDPE Plastic,0.4979805052280426,0.04497433826327324,0.4979805052280426,0.013235747814178467,0.3730775713920593,0.07073192298412323
/Users/aswanathjs/Downloads/test10/ai_plastic_waste_management_training/LDPE Plastic/black_white__plastic_bags/0262_jpg.rf.f5566c2100d936ba4cd566805ac80730.jpg,1,LDPE Plastic,1,LDPE Plastic,0.900890052318573,0.018743880093097687,0.900890052318573,0.031159207224845886,0.03410772234201431,0.015099171549081802
/Users/aswanathjs/Downloads/test10/ai_plastic_waste_management_training/PS Plastic/foam_sheets/PS-652_jpg.rf.2c1909f53de7a59439116026bf6915cd.jpg,4,PS Plastic,4,PS Plastic,0.9990424513816833,0.0001613302156329155,0.000592276337556541,3.357467721798457e-05,0.00017032684991136193,0.9990424513816833
/Users/aswanathjs/Downloads/test10/ai_plastic_waste_management_training/LDPE Plastic/plastic_bags/plasticbag (12).jpg,1,LDPE Plastic,1,LDPE Plastic,0.5618550777435303,0.02556742914021015,0.5618550777435303,0.018529221415519714,0.25828588008880615,0.13576233386993408
/Users/aswanathjs/Downloads/test10/ai_plastic_waste_management_training/PP Plastic/irregular_containers/train_PP-88_jpg.rf.edc1eeb626fc8068aacb88b94d00a5b1.jpg,3,PP Plastic,3,PP Plastic,0.9953125715255737,0.0007936529582366347,0.0008812035666778684,0.0004665119922719896,0.9953125715255737,0.0025460454635322094
/Users/aswanathjs/Downloads/test10/ai_plastic_waste_management_training/HDPE Plastic/shampoo_bottles/0077_a02b01c1d2e0f1g0h3.jpg,0,HDPE Plastic,0,HDPE Plastic,0.9986774325370789,0.9986774325370789,6.7807018240273464e-06,0.0002967429463751614,0.0009935166453942657,2.5439798264415003e-05
/Users/aswanathjs/Downloads/test10/ai_plastic_waste_management_training/HDPE Plastic/shampoo_bottles/0061_a02b01c2d3e0f1g0h4.jpg,0,HDPE Plastic,0,HDPE Plastic,0.997016191482544,0.997016191482544,4.6039225708227605e-05,0.00010708259651437402,0.0022962847724556923,0.0005343359662219882
/Users/aswanathjs/Downloads/test10/ai_plastic_waste_management_training/PP Plastic/round_containers/IMG_20220209_174620.jpg,3,PP Plastic,3,PP Plastic,0.9581771492958069,0.03487832099199295,0.001326331403106451,0.0023792413994669914,0.9581771492958069,0.003238984849303961
/Users/aswanathjs/Downloads/test10/ai_plastic_waste_management_training/PS Plastic/foam_sheets/IMG_9365_JPG.rf.dd7f155f018bf708e40a4ccd76bc12bb.jpg,4,PS Plastic,4,PS Plastic,0.987160325050354,0.0021608928218483925,0.00013017634046263993,0.010294536128640175,0.0002540572313591838,0.987160325050354
/Users/aswanathjs/Downloads/test10/ai_plastic_waste_management_training/PS Plastic/foam_sheets/IMG_9365_JPG.rf.76775a900a45ba91c83236f2f03aaca6.jpg,4,PS Plastic,4,PS Plastic,0.9992842078208923,0.00023237815184984356,1.4242369616113137e-05,0.0004414165741764009,2.764507007668726e-05,0.9992842078208923
/Users/aswanathjs/Downloads/test10/ai_plastic_waste_management_training/PS Plastic/foam_sheets/IMG_9365_JPG.rf.dee467d12c869c0afc8939779ab15579.jpg,4,PS Plastic,4,PS Plastic,0.9953627586364746,0.0008892148616723716,3.484042463242076e-05,0.0035240608267486095,0.00018901852308772504,0.9953627586364746
/Users/aswanathjs/Downloads/test10/ai_plastic_waste_management_training/PS Plastic/form_sheets_grey/IMG_9365_JPG.rf.dd7f155f018bf708e40a4ccd76bc12bb.jpg,4,PS Plastic,4,PS Plastic,0.9908439517021179,0.0007583696278743446,7.663520955247805e-05,0.007923549041152,0.00039749598363414407,0.9908439517021179
/Users/aswanathjs/Downloads/test10/ai_plastic_waste_management_training/PP Plastic/round_containers/0035_a06b01c2d0e0f0g0h0.jpg,3,PP Plastic,3,PP Plastic,0.9986081719398499,0.0005545277963392437,3.064099291805178e-05,0.00019176262139808387,0.9986081719398499,0.0006149901892058551
/Users/aswanathjs/Downloads/test10/ai_plastic_waste_management_training/PS Plastic/foam_containers/styrofoam-109-_jpg.rf.084c9ce4657426fb31988e0cef71ddeb.jpg,4,PS Plastic,4,PS Plastic,0.981036901473999,0.011019578203558922,0.0008747613755986094,7.348487270064652e-05,0.006995341740548611,0.981036901473999
/Users/aswanathjs/Downloads/test10/ai_plastic_waste_management_training/PS Plastic/foam_sheets/PS-552_jpg.rf.7bad9fad655747ea45716921a1d5977e.jpg,4,PS Plastic,4,PS Plastic,0.9920957684516907,0.001067131757736206,0.005888110492378473,0.00027512203087098897,0.0006739413947798312,0.9920957684516907
/Users/aswanathjs/Downloads/test10/ai_plastic_waste_management_training/LDPE Plastic/bin_bags/Image_47.png,1,LDPE Plastic,1,LDPE Plastic,0.8989172577857971,0.024246633052825928,0.8989172577857971,0.021846530959010124,0.025517268106341362,0.029472237452864647
/Users/aswanathjs/Downloads/test10/ai_plastic_waste_management_training/LDPE Plastic/bin_bags_grey/Image_47.png,1,LDPE Plastic,1,LDPE Plastic,0.9353964328765869,0.01950923725962639,0.9353964328765869,0.023034177720546722,0.009839721024036407,0.012220489792525768
/Users/aswanathjs/Downloads/test10/ai_plastic_waste_management_training/PP Plastic/round_containers/Image_47.png,1,LDPE Plastic,3,PP Plastic,0.3749559819698334,0.020080598071217537,0.3705940842628479,0.09123741090297699,0.3749559819698334,0.1431320160627365
/Users/aswanathjs/Downloads/test10/ai_plastic_waste_management_training/PS Plastic/foam_containers/Image_47.png,1,LDPE Plastic,1,LDPE Plastic,0.4231359362602234,0.04589672386646271,0.4231359362602234,0.023724500089883804,0.16339831054210663,0.34384453296661377
/Users/aswanathjs/Downloads/test10/ai_plastic_waste_management_training/PS Plastic/foam_sheets/PS-584_jpg.rf.992546102d4e30110544c8111f9149c4.jpg,4,PS Plastic,4,PS Plastic,0.9916366934776306,0.0011273246491327882,0.006187175400555134,0.00037257419899106026,0.0006762647535651922,0.9916366934776306
/Users/aswanathjs/Downloads/test10/ai_plastic_waste_management_training/PET Plastic/black_white_plastic_bottles/bowrq_jpg.rf.485b1ea75fc030697de1f760237ac1fb.jpg,2,PET Plastic,2,PET Plastic,0.9998016953468323,0.00010272113286191598,2.9519513191189617e-05,0.9998016953468323,2.7531459636520594e-05,3.848730557365343e-05
"/Users/aswanathjs/Downloads/test10/ai_plastic_waste_management_training/PET Plastic/plastic_bottles/PET1,047.jpg",2,PET Plastic,2,PET Plastic,0.9882285594940186,0.0024043316952884197,0.0031637984793633223,0.9882285594940186,0.0039599621668457985,0.0022433160338550806
"/Users/aswanathjs/Downloads/test10/ai_plastic_waste_management_training/PET Plastic/plastic_bottles/PET1,492.jpg",2,PET Plastic,2,PET Plastic,0.9976348876953125,0.0011251126416027546,9.698646317701787e-05,0.9976348876953125,0.0007987454300746322,0.0003442832676228136
/Users/aswanathjs/Downloads/test10/ai_plastic_waste_management_training/LDPE Plastic/plastic_bags/plasticbag (161).jpg,1,LDPE Plastic,1,LDPE Plastic,0.7872726917266846,0.12635713815689087,0.7872726917266846,0.02691911719739437,0.03159588575363159,0.027855155989527702
/Users/aswanathjs/Downloads/test10/ai_plastic_waste_management_training/PP Plastic/round_containers/0032_a05b01c1d1e0f0g0h3.jpg,3,PP Plastic,3,PP Plastic,0.959648847579956,0.035348545759916306,0.0012017759727314115,0.003222840139642358,0.959648847579956,0.0005779771599918604
/Users/aswanathjs/Downloads/test10/ai_plastic_waste_management_training/PP Plastic/round_containers/0044_a06b01c1d1e0f0g0h3.jpg,3,PP Plastic,3,PP Plastic,0.992413341999054,7.777410792186856e-05,0.000215613137697801,0.004978770390152931,0.992413341999054,0.002314390614628792
"/Users/aswanathjs/Downloads/test10/ai_plastic_waste_management_training/PET Plastic/plastic_bottles/PET1,467.jpg",2,PET Plastic,2,PET Plastic,0.9810861349105835,0.015787815675139427,0.0003235526382923126,0.9810861349105835,0.0020456919446587563,0.0007568400469608605
/Users/aswanathjs/Downloads/test10/ai_plastic_waste_management_training/HDPE Plastic/shampoo_bottles/0099_a02b01c1d3e0f1g0h4.jpg,0,HDPE Plastic,0,HDPE Plastic,0.9989629983901978,0.9989629983901978,4.173134220764041e-05,0.00024839877733029425,0.0006284551927819848,0.00011835640907520428
/Users/aswanathjs/Downloads/test10/ai_plastic_waste_management_training/PET Plastic/plastic_bottles/PET639.jpg,2,PET Plastic,2,PET Plastic,0.9964959025382996,0.000867415510583669,0.00033473820076324046,0.9964959025382996,0.0018994428683072329,0.00040245926356874406
/Users/aswanathjs/Downloads/test10/ai_plastic_waste_management_training/LDPE Plastic/plastic_bags/LDPE-47_jpg.rf.ecc1032e8fe7ba4db2fa914736103a2c.jpg,1,LDPE Plastic,1,LDPE Plastic,0.9961250424385071,0.0017322193598374724,0.9961250424385071,0.00048511126078665257,0.0008045192225836217,0.0008531052153557539
/Users/aswanathjs/Downloads/test10/ai_plastic_waste_management_training/LDPE Plastic/plastic_bags/LDPE-47_jpg.rf.30a4a5fd0c833392bf1d4c46d02d6397.jpg,1,LDPE Plastic,1,LDPE Plastic,0.9795680046081543,0.010428549721837044,0.9795680046081543,0.0011276756413280964,0.0070006391033530235,0.0018750447779893875
/Users/aswanathjs/Downloads/test10/ai_plastic_waste_management_training/HDPE Plastic/milk_bottles/HDPEM25.jpg,0,HDPE Plastic,0,HDPE Plastic,0.9997959733009338,0.9997959733009338,6.62769139125885e-07,8.288700337288901e-05,0.0001046548641170375,1.5812429410289042e-05
/Users/aswanathjs/Downloads/test10/ai_plastic_waste_management_training/HDPE Plastic/milk_bottles_grey/HDPEM25.jpg,0,HDPE Plastic,0,HDPE Plastic,0.9997311234474182,0.9997311234474182,1.0839021342690103e-05,0.00013176491484045982,7.491953147109598e-05,5.130115823703818e-05
/Users/aswanathjs/Downloads/test10/ai_plastic_waste_management_training/PS Plastic/foam_sheets/PS-638_jpg.rf.2a30edae550448f61538e3aa459cd0ac.jpg,4,PS Plastic,4,PS Plastic,0.9976524710655212,0.00013980221410747617,0.0015904959291219711,0.00017102010315284133,0.00044619556865654886,0.9976524710655212
/Users/aswanathjs/Downloads/test10/ai_plastic_waste_management_training/PS Plastic/form_sheets_grey/PS-638_jpg.rf.2a30edae550448f61538e3aa459cd0ac.jpg,4,PS Plastic,4,PS Plastic,0.9955840706825256,0.00020530099573079497,0.0029112014453858137,0.00039704187656752765,0.0009024302125908434,0.9955840706825256
/Users/aswanathjs/Downloads/test10/ai_plastic_waste_management_training/PS Plastic/foam_sheets/PS-712_jpg.rf.b51acb2d02d4ee2fdf7ba9226a78778c.jpg,4,PS Plastic,4,PS Plastic,0.9940714240074158,0.0005720487679354846,0.0020225890912115574,0.0009376254165545106,0.002396418945863843,0.9940714240074158
/Users/aswanathjs/Downloads/test10/ai_plastic_waste_management_training/PP Plastic/square_containers_grey/square.png,3,PP Plastic,3,PP Plastic,0.7967228293418884,0.006582243368029594,0.056461721658706665,0.007187590003013611,0.7967228293418884,0.13304565846920013
/Users/aswanathjs/Downloads/test10/ai_plastic_waste_management_training/PP Plastic/square_containers/square.png,3,PP Plastic,3,PP Plastic,0.8340426087379456,0.004391705151647329,0.025798454880714417,0.004819105379283428,0.8340426087379456,0.13094808161258698
/Users/aswanathjs/Downloads/test10/ai_plastic_waste_management_training/PP Plastic/irregular_containers/valid_PP-75-_jpg.rf.99d559140a790606b9da4d31a532ab0e.jpg,3,PP Plastic,3,PP Plastic,0.9800381064414978,0.004813986364752054,0.0015013187658041716,0.007629130035638809,0.9800381064414978,0.006017472129315138
/Users/aswanathjs/Downloads/test10/ai_plastic_waste_management_training/PP Plastic/irregular_containers_grey/valid_PP-75-_jpg.rf.99d559140a790606b9da4d31a532ab0e.jpg,3,PP Plastic,3,PP Plastic,0.9889292120933533,0.0032306325156241655,0.0005575799732469022,0.0037887566722929478,0.9889292120933533,0.003493763040751219
/Users/aswanathjs/Downloads/test10/ai_plastic_waste_management_training/PET Plastic/black_white_plastic_bottles/dpzof_jpg.rf.28976b527e116f95ea6741a205c74956.jpg,2,PET Plastic,2,PET Plastic,0.9297344088554382,0.0010953103192150593,0.06039394810795784,0.9297344088554382,0.006553061306476593,0.0022233030758798122
/Users/aswanathjs/Downloads/test10/ai_plastic_waste_management_training/PP Plastic/rectangle_containers/0011_a05b00c2d0e0f0g0h0.jpg,3,PP Plastic,3,PP Plastic,0.9983528852462769,0.0002837534702848643,1.9183976291969884e-06,0.0005118218832649291,0.9983528852462769,0.0008496111840941012
/Users/aswanathjs/Downloads/test10/ai_plastic_waste_management_training/PP Plastic/square_containers/0011_a05b00c2d0e0f0g0h0.jpg,3,PP Plastic,3,PP Plastic,0.9983528852462769,0.0002837534702848643,1.9183976291969884e-06,0.0005118218832649291,0.9983528852462769,0.0008496111840941012
/Users/aswanathjs/Downloads/test10/ai_plastic_waste_management_training/PET Plastic/black_white_plastic_bottles/brfya_jpg.rf.2ba1709a570ca49febead16780844fbe.jpg,2,PET Plastic,2,PET Plastic,0.9992316961288452,9.703326941234991e-05,1.5642883226973936e-05,0.9992316961288452,0.0005882035475224257,6.741719698766246e-05
/Users/aswanathjs/Downloads/test10/ai_plastic_waste_management_training/HDPE Plastic/shampoo_bottles/0061_a02b01c1d1e0f1g0h3(1).jpg,0,HDPE Plastic,0,HDPE Plastic,0.9996232986450195,0.9996232986450195,9.015649084176403e-06,0.00012564318603836,0.0001911871222546324,5.08725643157959e-05
/Users/aswanathjs/Downloads/test10/ai_plastic_waste_management_training/PP Plastic/square_containers/Image_16.png,3,PP Plastic,3,PP Plastic,0.9743590950965881,0.0019547336269170046,0.017420347779989243,0.0005678907036781311,0.9743590950965881,0.005697973538190126
/Users/aswanathjs/Downloads/test10/ai_plastic_waste_management_training/PS Plastic/foam_containers/Image_16.png,3,PP Plastic,3,PP Plastic,0.32521942257881165,0.13441459834575653,0.15935750305652618,0.06756657361984253,0.32521942257881165,0.3134418725967407
/Users/aswanathjs/Downloads/test10/ai_plastic_waste_management_training/LDPE Plastic/plastic_bags/plasticbag (80).jpg,1,LDPE Plastic,1,LDPE Plastic,0.9607048034667969,0.011471722275018692,0.9607048034667969,0.0038173506036400795,0.01794734038412571,0.006058888975530863
/Users/aswanathjs/Downloads/test10/ai_plastic_waste_management_training/LDPE Plastic/bin_bags/Image_139.png,1,LDPE Plastic,1,LDPE Plastic,0.9861053824424744,0.00416540214791894,0.9861053824424744,0.005210353527218103,0.0025717345997691154,0.0019472287967801094
/Users/aswanathjs/Downloads/test10/ai_plastic_waste_management_training/PP Plastic/round_containers/Image_139.png,1,LDPE Plastic,3,PP Plastic,0.6461766958236694,0.022075561806559563,0.23538611829280853,0.015658337622880936,0.6461766958236694,0.08070322126150131
/Users/aswanathjs/Downloads/test10/ai_plastic_waste_management_training/PP Plastic/round_containers_grey/Image_139.png,1,LDPE Plastic,3,PP Plastic,0.5945902466773987,0.021806402131915092,0.27359482645988464,0.011683681979775429,0.5945902466773987,0.09832481294870377
/Users/aswanathjs/Downloads/test10/ai_plastic_waste_management_training/PS Plastic/foam_containers/Image_139.png,1,LDPE Plastic,4,PS Plastic,0.40229952335357666,0.1086435616016388,0.2325005978345871,0.05186043307185173,0.2046959549188614,0.40229952335357666
/Users/aswanathjs/Downloads/test10/ai_plastic_waste_management_training/PS Plastic/foam_sheets/PS-529_jpg.rf.4c99e4b2dd1f410d9ebbf6be0a49fe79.jpg,4,PS Plastic,4,PS Plastic,0.996316134929657,0.0003126735973637551,0.0019019058672711253,0.0005351002910174429,0.0009342453558929265,0.996316134929657
/Users/aswanathjs/Downloads/test10/ai_plastic_waste_management_training/PP Plastic/round_containers/IMG_20220209_172657.jpg,3,PP Plastic,3,PP Plastic,0.9939711093902588,0.005309110973030329,2.552704063418787e-05,0.0005347425467334688,0.9939711093902588,0.00015959986194502562
"/Users/aswanathjs/Downloads/test10/ai_plastic_waste_management_training/PET Plastic/plastic_bottles/PET1,096.jpg",2,PET Plastic,2,PET Plastic,0.9802927374839783,0.003982450347393751,0.004818200599402189,0.9802927374839783,0.009132575243711472,0.001774093834683299
/Users/aswanathjs/Downloads/test10/ai_plastic_waste_management_training/LDPE Plastic/plastic_bags/plasticbag (125).jpg,1,LDPE Plastic,1,LDPE Plastic,0.9410998225212097,0.010664890520274639,0.9410998225212097,0.014935486949980259,0.01850752718746662,0.014792343601584435
/Users/aswanathjs/Downloads/test10/ai_plastic_waste_management_training/PET Plastic/black_white_plastic_bottles/cybdg_jpg.rf.3e32fdb9cb34c7691a349c4e5ac99d51.jpg,2,PET Plastic,2,PET Plastic,0.994223415851593,0.00025714022922329605,0.004412840586155653,0.994223415851593,0.0005958365509286523,0.0005107137258164585
/Users/aswanathjs/Downloads/test10/ai_plastic_waste_management_training/LDPE Plastic/plastic_bags/plasticbag (60).jpg,1,LDPE Plastic,1,LDPE Plastic,0.7510031461715698,0.025775939226150513,0.7510031461715698,0.024795690551400185,0.1429552137851715,0.0554700531065464
/Users/aswanathjs/Downloads/test10/ai_plastic_waste_management_training/PP Plastic/square_containers/Image_212.png,3,PP Plastic,3,PP Plastic,0.5380105376243591,0.018446803092956543,0.3305215537548065,0.006415518466383219,0.5380105376243591,0.10660555213689804
/Users/aswanathjs/Downloads/test10/ai_plastic_waste_management_training/PS Plastic/foam_containers/Image_212.png,3,PP Plastic,3,PP Plastic,0.4005717635154724,0.1764007955789566,0.15370984375476837,0.050543203949928284,0.4005717635154724,0.21877442300319672
/Users/aswanathjs/Downloads/test10/ai_plastic_waste_management_training/PP Plastic/round_containers/IMG_20220209_173518.jpg,3,PP Plastic,3,PP Plastic,0.9740664958953857,0.0016227079322561622,0.0018153934506699443,0.0008692337432876229,0.9740664958953857,0.02162613719701767
/Users/aswanathjs/Downloads/test10/ai_plastic_waste_management_training/PET Plastic/black_white_plastic_bottles/cbxqt_jpg.rf.52531406b5668ed489f722eda1234b82.jpg,2,PET Plastic,2,PET Plastic,0.722726047039032,0.11297769099473953,0.07380490750074387,0.722726047039032,0.05369960889220238,0.036791812628507614
/Users/aswanathjs/Downloads/test10/ai_plastic_waste_management_training/LDPE Plastic/plastic_bags_grey/LDPE-709_jpg.rf.e0c041e2a581709b14418365e47f31c8.jpg,1,LDPE Plastic,1,LDPE Plastic,0.9953634738922119,0.000727317645214498,0.9953634738922119,0.0007433738210238516,0.001710321637801826,0.0014555365778505802
/Users/aswanathjs/Downloads/test10/ai_plastic_waste_management_training/LDPE Plastic/plastic_bags/LDPE-709_jpg.rf.e0c041e2a581709b14418365e47f31c8.jpg,1,LDPE Plastic,1,LDPE Plastic,0.9949162006378174,0.0007011530105955899,0.9949162006378174,0.0008773189038038254,0.0014507315354421735,0.0020546189043670893
/Users/aswanathjs/Downloads/test10/ai_plastic_waste_management_training/PP Plastic/round_containers/0032_a05b01c2d2e0f0g0h4.jpg,3,PP Plastic,3,PP Plastic,0.6582158207893372,0.32138970494270325,0.009412539191544056,0.0023249550722539425,0.6582158207893372,0.008656919002532959
/Users/aswanathjs/Downloads/test10/ai_plastic_waste_management_training/HDPE Plastic/milk_bottles/HDPEM268.jpg,0,HDPE Plastic,0,HDPE Plastic,0.9926141500473022,0.9926141500473022,4.841776899411343e-05,0.004084049724042416,0.002638258272781968,0.0006152325659058988
/Users/aswanathjs/Downloads/test10/ai_plastic_waste_management_training/HDPE Plastic/milk_bottles/HDPEM107.jpg,0,HDPE Plastic,0,HDPE Plastic,0.9999366998672485,0.9999366998672485,4.783278200193308e-07,2.7902748115593567e-05,2.734711961238645e-05,7.601803190482315e-06
/Users/aswanathjs/Downloads/test10/ai_plastic_waste_management_training/PET Plastic/plastic_bottles/PET783.jpg,2,PET Plastic,2,PET Plastic,0.9998186230659485,8.682829502504319e-05,1.4578067748516332e-05,0.9998186230659485,5.335808600648306e-05,2.6590683773974888e-05
"/Users/aswanathjs/Downloads/test10/ai_plastic_waste_management_training/PET Plastic/plastic_bottles/PET1,570.jpg",2,PET Plastic,2,PET Plastic,0.9987620115280151,0.0002683949132915586,0.00012255737965460867,0.9987620115280151,0.0007648714235983789,8.216882997658104e-05
/Users/aswanathjs/Downloads/test10/ai_plastic_waste_management_training/PS Plastic/foam_sheets/PS-821_jpg.rf.0e9beff389d1f2c533e116ce4700cb8f.jpg,4,PS Plastic,4,PS Plastic,0.9999419450759888,1.0805005331349093e-05,3.6169167287880555e-05,2.819436303980183e-06,8.175779839802999e-06,0.9999419450759888
/Users/aswanathjs/Downloads/test10/ai_plastic_waste_management_training/HDPE Plastic/milk_bottles/P_W (1063).jpg,0,HDPE Plastic,0,HDPE Plastic,0.999992847442627,0.999992847442627,9.349859197982369e-08,2.4001390102057485e-06,9.653654160501901e-07,3.6360452213557437e-06
/Users/aswanathjs/Downloads/test10/ai_plastic_waste_management_training/HDPE Plastic/milk_bottles_grey/P_W (1063).jpg,0,HDPE Plastic,0,HDPE Plastic,0.9998915195465088,0.9998915195465088,1.7461803508922458e-05,2.4790784664219245e-05,2.2047508537070826e-05,4.424580038175918e-05
/Users/aswanathjs/Downloads/test10/ai_plastic_waste_management_training/PET Plastic/plastic_bottles/PET786.jpg,2,PET Plastic,2,PET Plastic,0.9992117881774902,0.00031080542248673737,7.607736915815622e-05,0.9992117881774902,0.00023929685994517058,0.00016197613149415702
/Users/aswanathjs/Downloads/test10/ai_plastic_waste_management_training/PS Plastic/foam_sheets/PS-761_jpg.rf.a42344405350083224374a55aa540b72.jpg,4,PS Plastic,4,PS Plastic,0.9972865581512451,0.00029172160429880023,0.0006999689503572881,0.0007872303831391037,0.0009344964637421072,0.9972865581512451
/Users/aswanathjs/Downloads/test10/ai_plastic_waste_management_training/LDPE Plastic/plastic_bags/LDPE-225_jpg.rf.c28a869289439016d8b409f48fd5ecdf.jpg,1,LDPE Plastic,1,LDPE Plastic,0.9816632270812988,0.005060532595962286,0.9816632270812988,0.0050524137914180756,0.003224434331059456,0.0049993437714874744
/Users/aswanathjs/Downloads/test10/ai_plastic_waste_management_training/LDPE Plastic/plastic_bags/plasticbag (18).jpg,1,LDPE Plastic,1,LDPE Plastic,0.9375918507575989,0.00891694612801075,0.9375918507575989,0.003265516133978963,0.027942916378378868,0.022282809019088745
/Users/aswanathjs/Downloads/test10/ai_plastic_waste_management_training/PS Plastic/foam_containers/styrofoam-5-_jpg.rf.df3780f823c7514ba9fc7d643c034625.jpg,4,PS Plastic,4,PS Plastic,0.8654722571372986,0.03135712444782257,0.016467854380607605,0.08191864937543869,0.004784101620316505,0.8654722571372986
"/Users/aswanathjs/Downloads/test10/ai_plastic_waste_management_training/PET Plastic/plastic_bottles/PET1,383.jpg",2,PET Plastic,2,PET Plastic,0.9918478727340698,0.007257627323269844,2.5480821932433173e-05,0.9918478727340698,0.0007165524293668568,0.00015248304407577962
/Users/aswanathjs/Downloads/test10/ai_plastic_waste_management_training/PET Plastic/black_white_plastic_bottles/beirz_jpg.rf.178f44e894411750e7f2fc42ab9f4d6e.jpg,2,PET Plastic,2,PET Plastic,0.9992772936820984,0.0002454474742989987,0.0001205737644340843,0.9992772936820984,0.0002919220132753253,6.470475636888295e-05
/Users/aswanathjs/Downloads/test10/ai_plastic_waste_management_training/PP Plastic/round_containers/0022_a05b00c2d1e0f0g0h0.jpg,3,PP Plastic,3,PP Plastic,0.9929547905921936,0.0006048046052455902,0.0024725436232984066,0.002440584357827902,0.9929547905921936,0.0015272828750312328
/Users/aswanathjs/Downloads/test10/ai_plastic_waste_management_training/PET Plastic/plastic_bottles/PET433.jpg,2,PET Plastic,2,PET Plastic,0.9998689889907837,5.538924961001612e-05,3.6950754292774945e-05,0.9998689889907837,2.3972923372639343e-05,1.4710812138218898e-05
/Users/aswanathjs/Downloads/test10/ai_plastic_waste_management_training/HDPE Plastic/milk_bottles/HDPEM389.jpg,0,HDPE Plastic,0,HDPE Plastic,0.9981253743171692,0.9981253743171692,0.0006575675797648728,9.582823986420408e-05,0.0007337591960094869,0.00038749969098716974
/Users/aswanathjs/Downloads/test10/ai_plastic_waste_management_training/PET Plastic/black_white_plastic_bottles/ctpsz_jpg.rf.ff4ad7b6ac7ba952bf067e75b2b3f4d1.jpg,2,PET Plastic,2,PET Plastic,0.9961599111557007,0.00028603521059267223,0.00016141966625582427,0.9961599111557007,0.003148851916193962,0.0002437529037706554
/Users/aswanathjs/Downloads/test10/ai_plastic_waste_management_training/LDPE Plastic/bin_bags/Image_143.png,1,LDPE Plastic,1,LDPE Plastic,0.988930881023407,0.0016058129258453846,0.988930881023407,0.0019677169620990753,0.004911818075925112,0.0025836785789579153
/Users/aswanathjs/Downloads/test10/ai_plastic_waste_management_training/PP Plastic/round_containers/Image_143.png,1,LDPE Plastic,3,PP Plastic,0.7749338746070862,0.029525276273489,0.12159242480993271,0.008576066233217716,0.7749338746070862,0.06537239998579025
/Users/aswanathjs/Downloads/test10/ai_plastic_waste_management_training/PS Plastic/foam_containers/Image_143.png,1,LDPE Plastic,1,LDPE Plastic,0.3871385157108307,0.07395283877849579,0.3871385157108307,0.018564797937870026,0.1731734424829483,0.3471703827381134
/Users/aswanathjs/Downloads/test10/ai_plastic_waste_management_training/PP Plastic/round_containers/IMG_20220209_173653.jpg,3,PP Plastic,3,PP Plastic,0.8724917769432068,0.05348050221800804,0.03378042206168175,0.002758510410785675,0.8724917769432068,0.03748886659741402
/Users/aswanathjs/Downloads/test10/ai_plastic_waste_management_training/HDPE Plastic/shampoo_bottles/0076_a02b06c1d3e0f1g0h4.jpg,0,HDPE Plastic,0,HDPE Plastic,0.9980230331420898,0.9980230331420898,7.258167897816747e-05,4.954424366587773e-05,0.001813550596125424,4.1372637497261167e-05
/Users/aswanathjs/Downloads/test10/ai_plastic_waste_management_training/HDPE Plastic/milk_bottles/HDPEM251.jpg,0,HDPE Plastic,0,HDPE Plastic,0.9999302625656128,0.9999302625656128,4.02395158971558e-07,4.780224844580516e-05,1.5259847714332864e-05,6.347966518660542e-06
/Users/aswanathjs/Downloads/test10/ai_plastic_waste_management_training/PET Plastic/black_white_plastic_bottles/dojvf_jpg.rf.688bc5642b8f8491c0bc897182556fc9.jpg,2,PET Plastic,2,PET Plastic,0.9998629093170166,0.00010051373101305217,1.3542927263188176e-05,0.9998629093170166,1.0052029210783076e-05,1.2968172086402774e-05
/Users/aswanathjs/Downloads/test10/ai_plastic_waste_management_training/PET Plastic/black_white_plastic_bottles/bcxos_jpg.rf.2188d116bc1129d44ce87e6c7b169a57.jpg,2,PET Plastic,2,PET Plastic,0.9998451471328735,1.7738941096467897e-05,4.038590850541368e-05,0.9998451471328735,6.972624396439642e-05,2.6999970941687934e-05
/Users/aswanathjs/Downloads/test10/ai_plastic_waste_management_training/PP Plastic/round_containers/Image_180.png,3,PP Plastic,3,PP Plastic,0.574386477470398,0.02699555829167366,0.26748910546302795,0.03667297586798668,0.574386477470398,0.09445582330226898
/Users/aswanathjs/Downloads/test10/ai_plastic_waste_management_training/PS Plastic/foam_containers/Image_180.png,3,PP Plastic,4,PS Plastic,0.5286106467247009,0.06272029131650925,0.18413414061069489,0.023206111043691635,0.20132885873317719,0.5286106467247009
/Users/aswanathjs/Downloads/test10/ai_plastic_waste_management_training/HDPE Plastic/milk_bottles/HDPEM191.jpg,0,HDPE Plastic,0,HDPE Plastic,0.9999856948852539,0.9999856948852539,7.890572817359498e-08,7.189993993961252e-06,5.654060259985272e-06,1.3783213717033505e-06
/Users/aswanathjs/Downloads/test10/ai_plastic_waste_management_training/HDPE Plastic/milk_bottles/HDPEM454.jpg,0,HDPE Plastic,0,HDPE Plastic,0.9983364939689636,0.9983364939689636,1.321168110735016e-05,0.0013488167896866798,0.0002725900849327445,2.8912938432767987e-05
/Users/aswanathjs/Downloads/test10/ai_plastic_waste_management_training/LDPE Plastic/plastic_bags/LDPE-169_jpg.rf.701027552a8ac65a60f254c0bb0d1284.jpg,1,LDPE Plastic,1,LDPE Plastic,0.9820777773857117,0.004860945977270603,0.9820777773857117,0.00589903537184,0.0035964553244411945,0.003565705381333828
/Users/aswanathjs/Downloads/test10/ai_plastic_waste_management_training/LDPE Plastic/bubble_wrap/train_LDPE-86_jpg.rf.de19a5a093d2f44f002d55af708ec34a.jpg,1,LDPE Plastic,1,LDPE Plastic,0.994875967502594,0.0005378883215598762,0.994875967502594,0.0015398868126794696,0.0017718443414196372,0.001274398877285421
/Users/aswanathjs/Downloads/test10/ai_plastic_waste_management_training/LDPE Plastic/black_white__plastic_bags/0106_jpg.rf.173cad6f9c322e959de8745ce71d09bd.jpg,1,LDPE Plastic,1,LDPE Plastic,0.9908866882324219,0.0015349286841228604,0.9908866882324219,0.0012452364899218082,0.004967049695551395,0.0013660748954862356
/Users/aswanathjs/Downloads/test10/ai_plastic_waste_management_training/HDPE Plastic/milk_bottles/HDPEM71.jpg,0,HDPE Plastic,0,HDPE Plastic,0.9999505281448364,0.9999505281448364,2.2693545531637938e-07,2.251052501378581e-05,1.6760066500864923e-05,9.860274076345377e-06
/Users/aswanathjs/Downloads/test10/ai_plastic_waste_management_training/HDPE Plastic/detergent_bottles/0098_a02b03c1d0e0f0g0h4.jpg,0,HDPE Plastic,0,HDPE Plastic,0.9993403553962708,0.9993403553962708,1.0696792287490098e-06,4.967029781255405e-06,0.0006397006218321621,1.3806691640638746e-05
/Users/aswanathjs/Downloads/test10/ai_plastic_waste_management_training/LDPE Plastic/plastic_bags/train_LDPE-88_jpg.rf.8472ac42ef276d2bcb8c165830aa2622.jpg,1,LDPE Plastic,1,LDPE Plastic,0.9793884754180908,0.005056250840425491,0.9793884754180908,0.0032711802050471306,0.003532873000949621,0.00875120609998703
/Users/aswanathjs/Downloads/test10/ai_plastic_waste_management_training/HDPE Plastic/milk_bottles/HDPEM99.jpg,0,HDPE Plastic,0,HDPE Plastic,0.9998574256896973,0.9998574256896973,4.182817576747766e-07,0.00010603426198940724,1.484053245803807e-05,2.1214518710621633e-05
/Users/aswanathjs/Downloads/test10/ai_plastic_waste_management_training/PP Plastic/round_containers/0032_a05b01c2d1e0f0g0h1.jpg,3,PP Plastic,3,PP Plastic,0.999163031578064,0.0004688427143264562,0.00010544408723944798,0.00010225968435406685,0.999163031578064,0.00016048493853304535
/Users/aswanathjs/Downloads/test10/ai_plastic_waste_management_training/HDPE Plastic/milk_bottles/HDPEM34.jpg,0,HDPE Plastic,0,HDPE Plastic,0.9764094352722168,0.9764094352722168,0.00030944106401875615,0.004497547633945942,0.008740214630961418,0.010043309070169926
/Users/aswanathjs/Downloads/test10/ai_plastic_waste_management_training/PET Plastic/black_white_plastic_bottles/bhwyv_jpg.rf.09ee027258fb5748a6867d5b22e43213.jpg,2,PET Plastic,2,PET Plastic,0.9900790452957153,0.0012965785572305322,0.00416877306997776,0.9900790452957153,0.0027233222499489784,0.0017323518404737115
/Users/aswanathjs/Downloads/test10/ai_plastic_waste_management_training/LDPE Plastic/bubble_wrap_grey/train_LDPE-97_jpg.rf.f27ded9af5bc8d452667e73298f9fcd5.jpg,1,LDPE Plastic,1,LDPE Plastic,0.9966360330581665,0.0001485946268076077,0.9966360330581665,0.0009626600658521056,0.0013662007404491305,0.000886530673597008
/Users/aswanathjs/Downloads/test10/ai_plastic_waste_management_training/LDPE Plastic/bubble_wrap/train_LDPE-97_jpg.rf.f27ded9af5bc8d452667e73298f9fcd5.jpg,1,LDPE Plastic,1,LDPE Plastic,0.9786974787712097,0.0012954737758263946,0.9786974787712097,0.012223838828504086,0.005297025199979544,0.002486137906089425
/Users/aswanathjs/Downloads/test10/ai_plastic_waste_management_training/HDPE Plastic/detergent_bottles/0098_a02b03c2d3e0f0g0h3.jpg,0,HDPE Plastic,0,HDPE Plastic,0.9965153932571411,0.9965153932571411,9.883656275633257e-06,6.801440031267703e-05,0.003392011858522892,1.4625665244238917e-05
/Users/aswanathjs/Downloads/test10/ai_plastic_waste_management_training/HDPE Plastic/shampoo_bottles/0077_a02b01c1d1e0f1g0h4.jpg,0,HDPE Plastic,0,HDPE Plastic,0.9988621473312378,0.9988621473312378,2.567791125329677e-05,0.0006845885654911399,0.00038749276427552104,4.010448537883349e-05
/Users/aswanathjs/Downloads/test10/ai_plastic_waste_management_training/LDPE Plastic/plastic_bags/plasticbag (179).jpg,1,LDPE Plastic,1,LDPE Plastic,0.9406132102012634,0.013089779764413834,0.9406132102012634,0.011754210107028484,0.024961533024907112,0.009581191465258598
/Users/aswanathjs/Downloads/test10/ai_plastic_waste_management_training/HDPE Plastic/detergent_bottles/0062_a02b05c2d0e0f1g1h0.jpg,0,HDPE Plastic,0,HDPE Plastic,0.993169903755188,0.993169903755188,4.208249447401613e-05,0.005624154582619667,0.0006658037309534848,0.0004981093225069344
/Users/aswanathjs/Downloads/test10/ai_plastic_waste_management_training/HDPE Plastic/detergent_botteles_grey/0062_a02b05c2d0e0f1g1h0.jpg,0,HDPE Plastic,0,HDPE Plastic,0.9372339248657227,0.9372339248657227,0.0009269248694181442,0.04302764683961868,0.01015404611825943,0.008657450787723064
/Users/aswanathjs/Downloads/test10/ai_plastic_waste_management_training/HDPE Plastic/milk_bottles/HDPEM369.jpg,0,HDPE Plastic,0,HDPE Plastic,0.9905261993408203,0.9905261993408203,0.003850355511531234,0.00022548901324626058,0.0024172228295356035,0.0029807414393872023
/Users/aswanathjs/Downloads/test10/ai_plastic_waste_management_training/LDPE Plastic/plastic_bags/plasticbag (92).jpg,1,LDPE Plastic,1,LDPE Plastic,0.759734034538269,0.04096614569425583,0.759734034538269,0.01885509490966797,0.15259820222854614,0.027846531942486763
/Users/aswanathjs/Downloads/test10/ai_plastic_waste_management_training/HDPE Plastic/milk_bottles/HDPEM197.jpg,0,HDPE Plastic,0,HDPE Plastic,0.9999616146087646,0.9999616146087646,1.7420585436411784e-06,1.884803168650251e-05,6.910612228239188e-06,1.0797822142194491e-05
/Users/aswanathjs/Downloads/test10/ai_plastic_waste_management_training/HDPE Plastic/shampoo_bottles/0061_a02b01c1d1e0f1g0h2.jpg,0,HDPE Plastic,0,HDPE Plastic,0.9998867511749268,0.9998867511749268,1.262540081370389e-06,1.8256163457408547e-05,7.424328214256093e-05,1.9582457753131166e-05
/Users/aswanathjs/Downloads/test10/ai_plastic_waste_management_training/PET Plastic/black_white_plastic_bottles/ckxtz_jpg.rf.e56142e9a641cda544fee935b4b14a09.jpg,2,PET Plastic,2,PET Plastic,0.9985378980636597,0.0006474101101048291,0.0001462090149288997,0.9985378980636597,0.0005036243819631636,0.0001648670295253396
/Users/aswanathjs/Downloads/test10/ai_plastic_waste_management_training/PET Plastic/shampoo_bottles/0080_a05b00c2d0e0f1g0h1.jpg,2,PET Plastic,2,PET Plastic,0.9512434601783752,0.028087623417377472,0.0010536821791902184,0.9512434601783752,0.01730364002287388,0.0023116138763725758
/Users/aswanathjs/Downloads/test10/ai_plastic_waste_management_training/HDPE Plastic/detergent_bottles/0010_a02b01c2d2e0f1g0h0.jpg,0,HDPE Plastic,0,HDPE Plastic,0.7039323449134827,0.7039323449134827,0.00038222575676627457,0.029105810448527336,0.2607859969139099,0.0057936254888772964
/Users/aswanathjs/Downloads/test10/ai_plastic_waste_management_training/PP Plastic/round_containers/0032_a05b01c1d0e0f0g0h0.jpg,3,PP Plastic,3,PP Plastic,0.9977589845657349,0.0011343462392687798,0.00021310156444087625,0.0006596333696506917,0.9977589845657349,0.00023386644897982478
/Users/aswanathjs/Downloads/test10/ai_plastic_waste_management_training/PET Plastic/black_white_plastic_bottles/bfody_jpg.rf.8de89c7efe09fb3d1bfa0057258f0b54.jpg,2,PET Plastic,2,PET Plastic,0.9999121427536011,7.775989797664806e-05,1.6278816019621445e-06,0.9999121427536011,6.297437266766792e-06,2.216020448031486e-06
/Users/aswanathjs/Downloads/test10/ai_plastic_waste_management_training/PS Plastic/foam_sheets/PS-537_jpg.rf.36f7c05a257c73ccf0dddda9a2cc276f.jpg,4,PS Plastic,4,PS Plastic,0.9982554316520691,0.0001870083506219089,0.0010893516009673476,0.00015085139602888376,0.0003173489239998162,0.9982554316520691
/Users/aswanathjs/Downloads/test10/ai_plastic_waste_management_training/PET Plastic/shampoo_bottles/0100_a05b00c1d3e0f0g0h3.jpg,2,PET Plastic,2,PET Plastic,0.997593343257904,5.385030453908257e-05,6.196571484906599e-05,0.997593343257904,0.0022178348153829575,7.303790334844962e-05
/Users/aswanathjs/Downloads/test10/ai_plastic_waste_management_training/PET Plastic/plastic_bottles/PET367.jpg,2,PET Plastic,2,PET Plastic,0.9995842576026917,0.00014508285676129162,8.51631848490797e-05,0.9995842576026917,0.00010593505430733785,7.948641723487526e-05
/Users/aswanathjs/Downloads/test10/ai_plastic_waste_management_training/HDPE Plastic/milk_bottles/HDPEM225.jpg,0,HDPE Plastic,0,HDPE Plastic,0.9996795654296875,0.9996795654296875,2.557243988121627e-06,0.00021927719353698194,5.7798708439804614e-05,4.0916962461778894e-05
/Users/aswanathjs/Downloads/test10/ai_plastic_waste_management_training/PET Plastic/plastic_bottles/PET306.jpg,2,PET Plastic,2,PET Plastic,0.9998120665550232,0.00015155549044720829,1.0443276551086456e-05,0.9998120665550232,1.4071390069148038e-05,1.1907013686141e-05
/Users/aswanathjs/Downloads/test10/ai_plastic_waste_management_training/LDPE Plastic/plastic_bags/plasticbag (19).jpg,1,LDPE Plastic,1,LDPE Plastic,0.975267231464386,0.007055566646158695,0.975267231464386,0.005797131918370724,0.008288232609629631,0.003591786837205291
/Users/aswanathjs/Downloads/test10/ai_plastic_waste_management_training/HDPE Plastic/milk_bottles/HDPEM357.jpg,0,HDPE Plastic,0,HDPE Plastic,0.9982776641845703,0.9982776641845703,4.7409786930074915e-05,0.0005630325176753104,0.0007741200388409197,0.0003378343826625496
/Users/aswanathjs/Downloads/test10/ai_plastic_waste_management_training/HDPE Plastic/milk_bottles_grey/HDPEM357.jpg,0,HDPE Plastic,0,HDPE Plastic,0.9981607794761658,0.9981607794761658,2.6552519557299092e-05,0.00048045176663435996,0.0011751855490729213,0.00015711493324488401
/Users/aswanathjs/Downloads/test10/ai_plastic_waste_management_training/PET Plastic/black_white_plastic_bottles/ctvun_jpg.rf.8cc404ae0b3222c021bd955bec2fec1f.jpg,2,PET Plastic,2,PET Plastic,0.9762364029884338,0.0006641058716922998,0.022293757647275925,0.9762364029884338,0.0005271974368952215,0.00027860127738676965
/Users/aswanathjs/Downloads/test10/ai_plastic_waste_management_training/PET Plastic/shampoo_bottles/0100_a05b00c2d1e0f0g0h4.jpg,2,PET Plastic,2,PET Plastic,0.9987187385559082,0.00025615881895646453,3.372174614924006e-05,0.9987187385559082,0.0009308711742050946,6.0576032410608605e-05
/Users/aswanathjs/Downloads/test10/ai_plastic_waste_management_training/PP Plastic/irregular_containers/0036_a05b00c2d0e0f0g0h0.jpg,3,PP Plastic,3,PP Plastic,0.8251433968544006,0.019356904551386833,0.0192708820104599,0.10288890451192856,0.8251433968544006,0.03334004431962967
/Users/aswanathjs/Downloads/test10/ai_plastic_waste_management_training/PP Plastic/irregular_containers_grey/0036_a05b00c2d0e0f0g0h0.jpg,3,PP Plastic,3,PP Plastic,0.6146502494812012,0.06521803140640259,0.0862923115491867,0.20214290916919708,0.6146502494812012,0.03169652447104454
/Users/aswanathjs/Downloads/test10/ai_plastic_waste_management_training/PP Plastic/rectangle_containers/test_PP-3-_JPG.rf.3be7e153a1e1a597107483aaff0eda84.jpg,3,PP Plastic,3,PP Plastic,0.9365920424461365,0.024015935137867928,0.020516399294137955,0.0008751527639105916,0.9365920424461365,0.01800045184791088
/Users/aswanathjs/Downloads/test10/ai_plastic_waste_management_training/PET Plastic/plastic_bottles/PET584.jpg,2,PET Plastic,2,PET Plastic,0.9999030828475952,5.084135045763105e-05,4.81399183627218e-06,0.9999030828475952,1.9005346985068172e-05,2.2249145331443287e-05
/Users/aswanathjs/Downloads/test10/ai_plastic_waste_management_training/HDPE Plastic/shampoo_bottles/0065_a02b03c1d0e0f1g0h0.jpg,0,HDPE Plastic,0,HDPE Plastic,0.9986224174499512,0.9986224174499512,6.333129567792639e-05,0.000767134188208729,0.00024002123973332345,0.0003071933169849217
/Users/aswanathjs/Downloads/test10/ai_plastic_waste_management_training/HDPE Plastic/milk_bottles/HDPEM297.jpg,0,HDPE Plastic,0,HDPE Plastic,0.9993624091148376,0.9993624091148376,2.0969905563106295e-06,3.0402010452235118e-05,0.0004243797156959772,0.00018072070088237524
/Users/aswanathjs/Downloads/test10/ai_plastic_waste_management_training/PP Plastic/rectangle_containers/0011_a05b00c2d3e0f0g0h3.jpg,3,PP Plastic,3,PP Plastic,0.9831196665763855,0.0025748740881681442,0.0006767244776710868,0.013528069481253624,0.9831196665763855,0.00010071449651150033
/Users/aswanathjs/Downloads/test10/ai_plastic_waste_management_training/PP Plastic/square_containers/0011_a05b00c2d3e0f0g0h3.jpg,3,PP Plastic,3,PP Plastic,0.9831196665763855,0.0025748740881681442,0.0006767244776710868,0.013528069481253624,0.9831196665763855,0.00010071449651150033
/Users/aswanathjs/Downloads/test10/ai_plastic_waste_management_training/HDPE Plastic/milk_bottles/HDPEM336.jpg,0,HDPE Plastic,0,HDPE Plastic,0.9992786049842834,0.9992786049842834,1.7294705685344525e-06,0.0006934700068086386,7.374314918706659e-06,1.88967605936341e-05
/Users/aswanathjs/Downloads/test10/ai_plastic_waste_management_training/HDPE Plastic/milk_bottles/HDPEM483.jpg,0,HDPE Plastic,0,HDPE Plastic,0.9853771328926086,0.9853771328926086,5.7872821344062686e-05,0.00047371649998240173,0.013913705945014954,0.0001775863638613373
/Users/aswanathjs/Downloads/test10/ai_plastic_waste_management_training/HDPE Plastic/shampoo_bottles/0077_a02b01c1d0e0f1g0h2.jpg,0,HDPE Plastic,0,HDPE Plastic,0.991446852684021,0.991446852684021,7.337583519984037e-05,0.003847738727927208,0.004255650099366903,0.000376299605704844
"/Users/aswanathjs/Downloads/test10/ai_plastic_waste_management_training/PET Plastic/plastic_bottles/PET1,551.jpg",2,PET Plastic,2,PET Plastic,0.9967073202133179,0.0009932839311659336,0.001178078935481608,0.9967073202133179,0.0004798839509021491,0.0006413456867448986
/Users/aswanathjs/Downloads/test10/ai_plastic_waste_management_training/PET Plastic/shampoo_bottles/0015_a05b00c1d2e1f1g0h2.jpg,2,PET Plastic,2,PET Plastic,0.781207799911499,0.011526786722242832,7.642230775672942e-05,0.781207799911499,0.20595857501029968,0.0012303788680583239
/Users/aswanathjs/Downloads/test10/ai_plastic_waste_management_training/HDPE Plastic/shampoo_bottles/0063_a02b01c1d2e0f1g1h3.jpg,0,HDPE Plastic,0,HDPE Plastic,0.99979168176651,0.99979168176651,2.301513404745492e-06,2.749573286564555e-05,0.00016906956443563104,9.396565474162344e-06
/Users/aswanathjs/Downloads/test10/ai_plastic_waste_management_training/PS Plastic/foam_containers/Image_134.png,4,PS Plastic,4,PS Plastic,0.411032497882843,0.023333145305514336,0.19754719734191895,0.007073695305734873,0.36101341247558594,0.411032497882843
/Users/aswanathjs/Downloads/test10/ai_plastic_waste_management_training/HDPE Plastic/detergent_bottles/0039_a02b01c1d0e0f1g0h0.jpg,0,HDPE Plastic,0,HDPE Plastic,0.99943608045578,0.99943608045578,4.433174126461381e-06,0.0001816747972043231,0.0003439198189880699,3.3876403904287145e-05
/Users/aswanathjs/Downloads/test10/ai_plastic_waste_management_training/HDPE Plastic/detergent_bottles/P_W (367).jpg,0,HDPE Plastic,0,HDPE Plastic,0.9903640151023865,0.9903640151023865,0.0007709700148552656,0.003604487283155322,0.0019071610877290368,0.0033534374088048935
/Users/aswanathjs/Downloads/test10/ai_plastic_waste_management_training/PP Plastic/square_containers_grey/Image_225.png,3,PP Plastic,3,PP Plastic,0.5220457315444946,0.04242914170026779,0.34768494963645935,0.020414389669895172,0.5220457315444946,0.06742577999830246
/Users/aswanathjs/Downloads/test10/ai_plastic_waste_management_training/PP Plastic/square_containers/Image_225.png,3,PP Plastic,3,PP Plastic,0.4531955420970917,0.04834407567977905,0.41348767280578613,0.02128368243575096,0.4531955420970917,0.06368904560804367
/Users/aswanathjs/Downloads/test10/ai_plastic_waste_management_training/PS Plastic/foam_containers/Image_225.png,3,PP Plastic,1,LDPE Plastic,0.3771204948425293,0.18027086555957794,0.3771204948425293,0.036972951143980026,0.34245824813842773,0.06317753344774246
/Users/aswanathjs/Downloads/test10/ai_plastic_waste_management_training/PS Plastic/foam_sheets/PS-890_jpg.rf.e6f1115fb7950a098e7a9592176873b3.jpg,4,PS Plastic,4,PS Plastic,0.999919056892395,6.127161213953514e-06,4.1663384763523936e-05,5.381571099860594e-06,2.7876960302819498e-05,0.999919056892395
/Users/aswanathjs/Downloads/test10/ai_plastic_waste_management_training/LDPE Plastic/plastic_bags/plasticbag (135).jpg,1,LDPE Plastic,1,LDPE Plastic,0.5930647850036621,0.005903296172618866,0.5930647850036621,0.02384101413190365,0.3370526432991028,0.04013834148645401
/Users/aswanathjs/Downloads/test10/ai_plastic_waste_management_training/PP Plastic/irregular_containers/train_PP-83_jpg.rf.7046174ce8dbe58e860b73a6f32cfcb6.jpg,3,PP Plastic,3,PP Plastic,0.9756272435188293,0.004148639272898436,0.012505640275776386,0.002923963125795126,0.9756272435188293,0.004794460255652666
/Users/aswanathjs/Downloads/test10/ai_plastic_waste_management_training/PET Plastic/plastic_bottles/PET684.jpg,2,PET Plastic,2,PET Plastic,0.9993385672569275,0.00011957640526816249,0.00024942526943050325,0.9993385672569275,0.00021447324252221733,7.792442193021998e-05
/Users/aswanathjs/Downloads/test10/ai_plastic_waste_management_training/HDPE Plastic/milk_bottles/HDPEM286.jpg,0,HDPE Plastic,0,HDPE Plastic,0.9988980293273926,0.9988980293273926,2.0427489289431833e-05,0.0007280264399014413,0.00021588850358966738,0.00013754820975009352
/Users/aswanathjs/Downloads/test10/ai_plastic_waste_management_training/PET Plastic/shampoo_bottles/IMG_20220209_220427.jpg,2,PET Plastic,0,HDPE Plastic,0.3741837739944458,0.3741837739944458,0.04273835942149162,0.26747289299964905,0.2533227801322937,0.062282223254442215
/Users/aswanathjs/Downloads/test10/ai_plastic_waste_management_training/PET Plastic/plastic_bottles/PET852.jpg,2,PET Plastic,2,PET Plastic,0.9956383109092712,0.001865436090156436,0.0006213594460859895,0.9956383109092712,0.0010162866674363613,0.0008585581672377884
/Users/aswanathjs/Downloads/test10/ai_plastic_waste_management_training/LDPE Plastic/plastic_bags/plasticbag (58).jpg,1,LDPE Plastic,1,LDPE Plastic,0.9405108094215393,0.01142837107181549,0.9405108094215393,0.006389884743839502,0.02926427498459816,0.012406657449901104
/Users/aswanathjs/Downloads/test10/ai_plastic_waste_management_training/PET Plastic/plastic_bottles/PET591.jpg,2,PET Plastic,2,PET Plastic,0.9981896281242371,0.001618565060198307,5.192803655518219e-06,0.9981896281242371,0.0001463746593799442,4.0234881453216076e-05
/Users/aswanathjs/Downloads/test10/ai_plastic_waste_management_training/HDPE Plastic/shampoo_bottles/0065_a02b03c2d2e0f1g0h3.jpg,0,HDPE Plastic,0,HDPE Plastic,0.9998170733451843,0.9998170733451843,1.340207745670341e-06,0.00015401751443278044,1.430839802196715e-05,1.3394979760050774e-05
/Users/aswanathjs/Downloads/test10/ai_plastic_waste_management_training/PET Plastic/black_white_plastic_bottles/cklog_jpg.rf.4aae70a1f9111e87f9a9bf5e5f43a287.jpg,2,PET Plastic,2,PET Plastic,0.9998511075973511,5.48808129678946e-05,3.879651558236219e-05,0.9998511075973511,3.400867717573419e-05,2.1201258277869783e-05
/Users/aswanathjs/Downloads/test10/ai_plastic_waste_management_training/HDPE Plastic/milk_bottles/HDPEM45.jpg,0,HDPE Plastic,0,HDPE Plastic,0.9987769722938538,0.9987769722938538,1.9307396996737225e-06,0.001061496906913817,0.00010798301082104445,5.1690934924408793e-05
/Users/aswanathjs/Downloads/test10/ai_plastic_waste_management_training/HDPE Plastic/shampoo_bottiles_grey/0099_a02b01c2d0e0f1g0h0.jpg,0,HDPE Plastic,0,HDPE Plastic,0.9983646273612976,0.9983646273612976,2.1033938537584618e-05,0.0013893228024244308,0.00012671618605963886,9.835745004238561e-05
/Users/aswanathjs/Downloads/test10/ai_plastic_waste_management_training/HDPE Plastic/shampoo_bottles/0099_a02b01c2d0e0f1g0h0.jpg,0,HDPE Plastic,0,HDPE Plastic,0.9996631145477295,0.9996631145477295,1.399305460836331e-06,0.00027527473866939545,3.191006544511765e-05,2.819866858772002e-05
/Users/aswanathjs/Downloads/test10/ai_plastic_waste_management_training/HDPE Plastic/detergent_bottles/0098_a02b03c2d0e0f0g0h0.jpg,0,HDPE Plastic,0,HDPE Plastic,0.9998835325241089,0.9998835325241089,9.061418495548423e-06,2.4360528186662123e-05,6.586821837117895e-05,1.7170381397590972e-05
/Users/aswanathjs/Downloads/test10/ai_plastic_waste_management_training/HDPE Plastic/detergent_bottles/0098_a02b03c1d1e0f0g0h1.jpg,0,HDPE Plastic,0,HDPE Plastic,0.9963154196739197,0.9963154196739197,5.391257946030237e-05,1.665999116085004e-05,0.0035544794518500566,5.9600653912639245e-05
/Users/aswanathjs/Downloads/test10/ai_plastic_waste_management_training/LDPE Plastic/black_white__plastic_bags/0225_jpg.rf.5ddaa7f9d7e6346d2a23c5c816e9975c.jpg,1,LDPE Plastic,1,LDPE Plastic,0.9681062698364258,0.011741000227630138,0.9681062698364258,0.005034683272242546,0.008747482672333717,0.006370513699948788
/Users/aswanathjs/Downloads/test10/ai_plastic_waste_management_training/LDPE Plastic/plastic_bags/LDPE-288_jpg.rf.ec558a77e98e22bdf9ec9f3c753dceb0.jpg,1,LDPE Plastic,1,LDPE Plastic,0.9968683123588562,0.0007407953380607069,0.9968683123588562,0.0006091544637456536,0.0010582652175799012,0.0007234551012516022
/Users/aswanathjs/Downloads/test10/ai_plastic_waste_management_training/PS Plastic/foam_sheets/PS-576_jpg.rf.288ea43fde0368c034919c6d30e20589.jpg,4,PS Plastic,4,PS Plastic,0.9848549962043762,0.0019363604951649904,0.011123480275273323,0.0007878856849856675,0.0012972168624401093,0.9848549962043762
/Users/aswanathjs/Downloads/test10/ai_plastic_waste_management_training/PET Plastic/plastic_bottles/PET364.jpg,2,PET Plastic,2,PET Plastic,0.9984453320503235,0.00012432072253432125,0.0007476607570424676,0.9984453320503235,0.0005605656770057976,0.00012218908523209393
/Users/aswanathjs/Downloads/test10/ai_plastic_waste_management_training/PP Plastic/round_containers/0022_a05b00c2d2e0f0g0h0.jpg,3,PP Plastic,3,PP Plastic,0.975840151309967,0.0016228967579081655,0.0150333596393466,0.003452191362157464,0.975840151309967,0.004051347263157368
/Users/aswanathjs/Downloads/test10/ai_plastic_waste_management_training/PET Plastic/plastic_bottles/PET901.jpg,2,PET Plastic,2,PET Plastic,0.9986037611961365,0.00037491784314624965,0.00061203190125525,0.9986037611961365,0.00029283209005370736,0.00011643646575976163
"/Users/aswanathjs/Downloads/test10/ai_plastic_waste_management_training/PET Plastic/plastic_bottles/PET1,676.jpg",2,PET Plastic,2,PET Plastic,0.9708441495895386,0.002993218833580613,0.023593062534928322,0.9708441495895386,0.0016943359514698386,0.0008751789573580027
/Users/aswanathjs/Downloads/test10/ai_plastic_waste_management_training/HDPE Plastic/shampoo_bottles/0021_a02b01c1d3e1f0g0h0.jpg,0,HDPE Plastic,0,HDPE Plastic,0.9967544674873352,0.9967544674873352,1.6106001567095518e-05,0.0009457680280320346,0.0020285046193748713,0.0002550924546085298
/Users/aswanathjs/Downloads/test10/ai_plastic_waste_management_training/PET Plastic/shampoo_bottles/0015_a05b00c2d2e1f1g0h0.jpg,2,PET Plastic,2,PET Plastic,0.7939742803573608,0.18641944229602814,0.004623149987310171,0.7939742803573608,0.01014440692961216,0.0048387423157691956
/Users/aswanathjs/Downloads/test10/ai_plastic_waste_management_training/HDPE Plastic/shampoo_bottles/0078_a02b07c2d3e0f1g0h0.jpg,0,HDPE Plastic,0,HDPE Plastic,0.9973424077033997,0.9973424077033997,2.722087265283335e-05,0.00025354319950565696,0.0022807391360402107,9.611756831873208e-05
/Users/aswanathjs/Downloads/test10/ai_plastic_waste_management_training/PS Plastic/foam_containers/Image_146.png,4,PS Plastic,4,PS Plastic,0.4679226279258728,0.05339154601097107,0.28211963176727295,0.014998875558376312,0.18156729638576508,0.4679226279258728
/Users/aswanathjs/Downloads/test10/ai_plastic_waste_management_training/PET Plastic/plastic_bottles/PET405.jpg,2,PET Plastic,2,PET Plastic,0.9996065497398376,0.00024924977333284914,3.319235111121088e-05,0.9996065497398376,6.205442332429811e-05,4.905249079456553e-05
/Users/aswanathjs/Downloads/test10/ai_plastic_waste_management_training/LDPE Plastic/bin_bags/LDPE13w-Photoroom_0_1426_jpg.rf.59d412bfab4775ac1d16d6633402f8d1.jpg,1,LDPE Plastic,1,LDPE Plastic,0.9419028759002686,0.016639908775687218,0.9419028759002686,0.010603400878608227,0.016963664442300797,0.013890085741877556
/Users/aswanathjs/Downloads/test10/ai_plastic_waste_management_training/LDPE Plastic/bin_bags/LDPE13w-Photoroom_0_1426_jpg.rf.8dfa7f49717efb95792b559165023396.jpg,1,LDPE Plastic,1,LDPE Plastic,0.9407653212547302,0.0198780819773674,0.9407653212547302,0.013875870034098625,0.018392225727438927,0.007088460028171539
/Users/aswanathjs/Downloads/test10/ai_plastic_waste_management_training/PP Plastic/rectangle_containers/0011_a05b00c1d1e0f0g0h4.jpg,3,PP Plastic,3,PP Plastic,0.9808761477470398,0.000259978260146454,0.00019004243949893862,0.014459597878158092,0.9808761477470398,0.004214293789118528
/Users/aswanathjs/Downloads/test10/ai_plastic_waste_management_training/PP Plastic/square_containers/0011_a05b00c1d1e0f0g0h4.jpg,3,PP Plastic,3,PP Plastic,0.9808761477470398,0.000259978260146454,0.00019004243949893862,0.014459597878158092,0.9808761477470398,0.004214293789118528
/Users/aswanathjs/Downloads/test10/ai_plastic_waste_management_training/PP Plastic/rectangle_containers_grey/0011_a05b00c1d1e0f0g0h4.jpg,3,PP Plastic,3,PP Plastic,0.9911829233169556,0.00590704008936882,2.9078893931000493e-05,0.0008608806529082358,0.9911829233169556,0.002020146930590272
/Users/aswanathjs/Downloads/test10/ai_plastic_waste_management_training/LDPE Plastic/plastic_bags/plasticbag (111).jpg,1,LDPE Plastic,1,LDPE Plastic,0.9648324251174927,0.005440507549792528,0.9648324251174927,0.003755060024559498,0.021047677844762802,0.004924425855278969
/Users/aswanathjs/Downloads/test10/ai_plastic_waste_management_training/LDPE Plastic/plastic_bags/plasticbag (114).jpg,1,LDPE Plastic,1,LDPE Plastic,0.9922903180122375,0.001503083505667746,0.9922903180122375,0.0013050370616838336,0.004183370620012283,0.0007182167610153556
/Users/aswanathjs/Downloads/test10/ai_plastic_waste_management_training/PP Plastic/round_containers/0032_a05b01c1d0e0f0g0h3.jpg,3,PP Plastic,3,PP Plastic,0.8872905373573303,0.09683755785226822,0.003003033110871911,0.005911519285291433,0.8872905373573303,0.006957365199923515
/Users/aswanathjs/Downloads/test10/ai_plastic_waste_management_training/PET Plastic/plastic_bottles/PET772.jpg,2,PET Plastic,2,PET Plastic,0.997990608215332,0.0008598002605140209,0.00017526956798974425,0.997990608215332,0.0006255349726416171,0.0003488321672193706
/Users/aswanathjs/Downloads/test10/ai_plastic_waste_management_training/PET Plastic/shampoo_bottles/0050_a05b00c2d0e1f1g0h1.jpg,2,PET Plastic,2,PET Plastic,0.9832773804664612,0.013023065403103828,0.0002327706606592983,0.9832773804664612,0.0027809070888906717,0.0006858305423520505
"/Users/aswanathjs/Downloads/test10/ai_plastic_waste_management_training/PET Plastic/plastic_bottles/PET1,148.jpg",2,PET Plastic,2,PET Plastic,0.9995883107185364,0.00015162740601226687,5.80834639549721e-05,0.9995883107185364,0.0001006141392281279,0.00010137522622244433
"/Users/aswanathjs/Downloads/test10/ai_plastic_waste_management_training/PET Plastic/plastic_bottles/PET1,565.jpg",2,PET Plastic,2,PET Plastic,0.9998384714126587,5.679466266883537e-05,5.746594979427755e-05,0.9998384714126587,4.259959314367734e-05,4.535033440333791e-06
/Users/aswanathjs/Downloads/test10/ai_plastic_waste_management_training/HDPE Plastic/milk_bottles/HDPEM264.jpg,0,HDPE Plastic,0,HDPE Plastic,0.9992744326591492,0.9992744326591492,1.7485218677393277e-06,0.0005220710299909115,0.00013679498806595802,6.490338273579255e-05
/Users/aswanathjs/Downloads/test10/ai_plastic_waste_management_training/PET Plastic/shampoo_bottles/0080_a05b00c1d0e0f1g0h2.jpg,2,PET Plastic,2,PET Plastic,0.9671307802200317,0.0002593428362160921,2.7227137252339162e-05,0.9671307802200317,0.032499223947525024,8.342817454831675e-05
/Users/aswanathjs/Downloads/test10/ai_plastic_waste_management_training/LDPE Plastic/plastic_bags/plasticbag (118) 17.43.56.jpg,1,LDPE Plastic,1,LDPE Plastic,0.8740056157112122,0.018251800909638405,0.8740056157112122,0.030205456539988518,0.05157524347305298,0.02596190571784973
/Users/aswanathjs/Downloads/test10/ai_plastic_waste_management_training/LDPE Plastic/plastic_bags/LDPE-377_jpg.rf.7c281f7d4ab04cda5775eb575536e268.jpg,1,LDPE Plastic,1,LDPE Plastic,0.9981891512870789,0.0001287328777834773,0.9981891512870789,0.0002533579827286303,0.0006946364301256835,0.0007340601878240705
/Users/aswanathjs/Downloads/test10/ai_plastic_waste_management_training/PP Plastic/round_containers/IMG_20220210_105850.jpg,3,PP Plastic,3,PP Plastic,0.9507035613059998,0.01992308534681797,0.00884321890771389,0.008111867122352123,0.9507035613059998,0.012418203055858612
/Users/aswanathjs/Downloads/test10/ai_plastic_waste_management_training/PET Plastic/plastic_bottles/PET302.jpg,2,PET Plastic,2,PET Plastic,0.9933897256851196,0.0047637540847063065,0.0005158797721378505,0.9933897256851196,0.0007892930880188942,0.0005413893959484994
/Users/aswanathjs/Downloads/test10/ai_plastic_waste_management_training/HDPE Plastic/detergent_bottles/0010_a02b01c1d2e0f1g0h0.jpg,0,HDPE Plastic,0,HDPE Plastic,0.959717869758606,0.959717869758606,7.796692079864442e-05,0.004447972401976585,0.035095930099487305,0.0006602578796446323
/Users/aswanathjs/Downloads/test10/ai_plastic_waste_management_training/PET Plastic/plastic_bottles/PET324.jpg,2,PET Plastic,2,PET Plastic,0.9800223112106323,0.0037630139850080013,0.010030780918896198,0.9800223112106323,0.0050905318930745125,0.0010932711884379387
/Users/aswanathjs/Downloads/test10/ai_plastic_waste_management_training/HDPE Plastic/milk_bottles/HDPEM30.jpg,0,HDPE Plastic,0,HDPE Plastic,0.919348955154419,0.919348955154419,0.00132671557366848,0.007901562377810478,0.04088367521762848,0.030539026483893394
/Users/aswanathjs/Downloads/test10/ai_plastic_waste_management_training/PS Plastic/foam_containers/Image_39.png,4,PS Plastic,4,PS Plastic,0.4406490623950958,0.04039153456687927,0.22279149293899536,0.01705944910645485,0.2791084349155426,0.4406490623950958
/Users/aswanathjs/Downloads/test10/ai_plastic_waste_management_training/HDPE Plastic/milk_bottles/HDPEM280.jpg,0,HDPE Plastic,0,HDPE Plastic,0.9998971223831177,0.9998971223831177,1.0839016795216594e-06,2.0814506569877267e-05,7.264664600370452e-05,8.21249977889238e-06
/Users/aswanathjs/Downloads/test10/ai_plastic_waste_management_training/LDPE Plastic/plastic_bags/LDPE-568_jpg.rf.65f4ca9651e5106181591696f8e2a905.jpg,1,LDPE Plastic,1,LDPE Plastic,0.9976654052734375,0.0006067730719223619,0.9976654052734375,0.0003409443306736648,0.0006503497716039419,0.0007366371573880315
/Users/aswanathjs/Downloads/test10/ai_plastic_waste_management_training/PP Plastic/square_containers/IMG_20220209_175331.jpg,3,PP Plastic,3,PP Plastic,0.9844133853912354,0.003108878154307604,0.00023092150513548404,0.00111496786121279,0.9844133853912354,0.011131738312542439
/Users/aswanathjs/Downloads/test10/ai_plastic_waste_management_training/LDPE Plastic/plastic_bags/plasticbag (49).jpg,1,LDPE Plastic,1,LDPE Plastic,0.8812414407730103,0.003937453962862492,0.8812414407730103,0.004518276080489159,0.046863406896591187,0.06343930214643478
/Users/aswanathjs/Downloads/test10/ai_plastic_waste_management_training/PP Plastic/round_containers/0043_a06b01c1d3e0f0g0h0.jpg,3,PP Plastic,3,PP Plastic,0.9993879795074463,0.00019099196651950479,7.646158337593079e-06,0.00015878141857683659,0.9993879795074463,0.0002545866300351918
/Users/aswanathjs/Downloads/test10/ai_plastic_waste_management_training/PP Plastic/round_containers_grey/0043_a06b01c1d3e0f0g0h0.jpg,3,PP Plastic,3,PP Plastic,0.9865272641181946,0.0038188332691788673,0.0006995780859142542,0.005140186287462711,0.9865272641181946,0.0038141454569995403
/Users/aswanathjs/Downloads/test10/ai_plastic_waste_management_training/PS Plastic/foam_containers/Image_145.png,4,PS Plastic,3,PP Plastic,0.3726322054862976,0.10605570673942566,0.24843047559261322,0.02308277040719986,0.3726322054862976,0.24979884922504425
/Users/aswanathjs/Downloads/test10/ai_plastic_waste_management_training/PET Plastic/plastic_bottles/PET479.jpg,2,PET Plastic,2,PET Plastic,0.9995890259742737,0.0001751547824824229,3.151777491439134e-05,0.9995890259742737,0.0001758847793098539,2.834921542671509e-05
/Users/aswanathjs/Downloads/test10/ai_plastic_waste_management_training/HDPE Plastic/milk_bottles/HDPEM208.jpg,0,HDPE Plastic,0,HDPE Plastic,0.9999570846557617,0.9999570846557617,2.429656262847857e-07,1.4870319319015834e-05,2.4864322767825797e-05,2.8945723897777498e-06
/Users/aswanathjs/Downloads/test10/ai_plastic_waste_management_training/PP Plastic/square_containers/Image_228.png,3,PP Plastic,3,PP Plastic,0.8233193159103394,0.03273056447505951,0.04442401975393295,0.01399932336062193,0.8233193159103394,0.08552677929401398
/Users/aswanathjs/Downloads/test10/ai_plastic_waste_management_training/PS Plastic/foam_containers/Image_228.png,3,PP Plastic,3,PP Plastic,0.33113449811935425,0.04963649436831474,0.3127920925617218,0.022504951804876328,0.33113449811935425,0.2839319705963135
/Users/aswanathjs/Downloads/test10/ai_plastic_waste_management_training/PS Plastic/foam_sheets/foamsheet.jpg,4,PS Plastic,4,PS Plastic,0.9924997687339783,0.0010281269205734134,0.004045628476887941,0.0008835092303343117,0.0015429318882524967,0.9924997687339783
/Users/aswanathjs/Downloads/test10/ai_plastic_waste_management_training/PS Plastic/form_sheets_grey/foamsheet.jpg,4,PS Plastic,4,PS Plastic,0.9760670065879822,0.0023066052235662937,0.015432055108249187,0.001539997523650527,0.00465430086478591,0.9760670065879822
/Users/aswanathjs/Downloads/test10/ai_plastic_waste_management_training/LDPE Plastic/plastic_bags/plasticbag (71).jpg,1,LDPE Plastic,1,LDPE Plastic,0.9785043001174927,0.000739724317099899,0.9785043001174927,0.00640753423795104,0.007717357017099857,0.006631108466535807
/Users/aswanathjs/Downloads/test10/ai_plastic_waste_management_training/PP Plastic/irregular_containers/0036_a05b00c2d0e0f0g0h1.jpg,3,PP Plastic,3,PP Plastic,0.9506105780601501,0.0069870539009571075,0.0266419630497694,0.008149796165525913,0.9506105780601501,0.007610654458403587
/Users/aswanathjs/Downloads/test10/ai_plastic_waste_management_training/LDPE Plastic/black_white__plastic_bags/0105_jpg.rf.21aeef1d5208ba0839bf05b506762f44.jpg,1,LDPE Plastic,1,LDPE Plastic,0.9700546860694885,0.001249096356332302,0.9700546860694885,0.017199786379933357,0.00789470411837101,0.003601683070883155
/Users/aswanathjs/Downloads/test10/ai_plastic_waste_management_training/PP Plastic/round_containers/0035_a06b01c1d3e0f0g0h2.jpg,3,PP Plastic,3,PP Plastic,0.979144811630249,0.014541810378432274,0.0004056305915582925,0.002968354383483529,0.979144811630249,0.002939363243058324
/Users/aswanathjs/Downloads/test10/ai_plastic_waste_management_training/PS Plastic/foam_sheets/PS-882_jpg.rf.74953b48021aa966c3893e148b2753d4.jpg,4,PS Plastic,4,PS Plastic,0.9998809099197388,1.4500480574497487e-05,3.974642095272429e-05,3.7060035538161173e-05,2.7697105906554498e-05,0.9998809099197388
/Users/aswanathjs/Downloads/test10/ai_plastic_waste_management_training/LDPE Plastic/black_white__plastic_bags/0160_jpg.rf.4123771222164c2fe026e8c6719c7bcd.jpg,1,LDPE Plastic,1,LDPE Plastic,0.9979013204574585,0.0002381696249358356,0.9979013204574585,0.00031484448118135333,0.0011703638592734933,0.0003753577475436032
/Users/aswanathjs/Downloads/test10/ai_plastic_waste_management_training/PET Plastic/black_white_plastic_bottles/bhanr_jpg.rf.ee884277ff9f91fb1c596021193171db.jpg,2,PET Plastic,2,PET Plastic,0.999957799911499,1.620893999643158e-05,2.67866266767669e-06,0.999957799911499,1.3682699318451341e-05,9.677729394752532e-06
/Users/aswanathjs/Downloads/test10/ai_plastic_waste_management_training/HDPE Plastic/shampoo_bottles/0075_a02b01c2d0e0f0g0h3.jpg,0,HDPE Plastic,0,HDPE Plastic,0.9447327256202698,0.9447327256202698,0.001577467075549066,0.04209134355187416,0.010301190428435802,0.0012971158139407635
/Users/aswanathjs/Downloads/test10/ai_plastic_waste_management_training/PS Plastic/foam_sheets/IMG_9378_JPG.rf.c86604c3ffa09370e2ba29c94a19d6db.jpg,4,PS Plastic,4,PS Plastic,0.9986869692802429,0.00029027945129200816,7.839903264539316e-05,0.0006708818837068975,0.0002735320304054767,0.9986869692802429
/Users/aswanathjs/Downloads/test10/ai_plastic_waste_management_training/PS Plastic/foam_sheets/IMG_9378_JPG.rf.edd19613d2311e1102cceca4b7efd0e4.jpg,4,PS Plastic,4,PS Plastic,0.9991023540496826,0.0002646636567078531,3.57001626980491e-05,0.00029295176500454545,0.0003043033939320594,0.9991023540496826
/Users/aswanathjs/Downloads/test10/ai_plastic_waste_management_training/PS Plastic/foam_sheets/IMG_9378_JPG.rf.aa353879abc9669517550c2fdc7f44c2.jpg,4,PS Plastic,4,PS Plastic,0.9987218976020813,0.0003344582219142467,6.218531780177727e-05,0.0006893161335028708,0.0001921419898280874,0.9987218976020813
/Users/aswanathjs/Downloads/test10/ai_plastic_waste_management_training/LDPE Plastic/plastic_bags/plasticbag (24).jpg,1,LDPE Plastic,1,LDPE Plastic,0.9737217426300049,0.005734286271035671,0.9737217426300049,0.0016719329869374633,0.01104026846587658,0.0078316954895854
/Users/aswanathjs/Downloads/test10/ai_plastic_waste_management_training/LDPE Plastic/plastic_bags/plasticbag (85).jpg,1,LDPE Plastic,1,LDPE Plastic,0.9912535548210144,0.0018701376393437386,0.9912535548210144,0.0013155670603737235,0.0032521309331059456,0.002308604773133993
/Users/aswanathjs/Downloads/test10/ai_plastic_waste_management_training/PET Plastic/black_white_plastic_bottles/achnp_jpg.rf.cf9480750ee414a409b6c70bb12ebe17.jpg,2,PET Plastic,2,PET Plastic,0.9999831914901733,3.695146915561054e-06,3.713343176059425e-06,0.9999831914901733,7.485652076866245e-06,1.963078375410987e-06
/Users/aswanathjs/Downloads/test10/ai_plastic_waste_management_training/PP Plastic/round_containers/IMG_20220209_174420.jpg,3,PP Plastic,3,PP Plastic,0.9697890281677246,0.025707082822918892,0.001171882962808013,0.00046923349145799875,0.9697890281677246,0.0028627316933125257
/Users/aswanathjs/Downloads/test10/ai_plastic_waste_management_training/PET Plastic/shampoo_bottles/0015_a05b00c2d0e1f1g0h2.jpg,2,PET Plastic,2,PET Plastic,0.9851899743080139,0.009538243524730206,0.00014743569772690535,0.9851899743080139,0.004446365870535374,0.0006779080140404403
/Users/aswanathjs/Downloads/test10/ai_plastic_waste_management_training/HDPE Plastic/shampoo_bottiles_grey/0063_a02b01c1d2e0f1g1h1.jpg,0,HDPE Plastic,0,HDPE Plastic,0.9996324777603149,0.9996324777603149,2.004486987061682e-06,5.575211253017187e-05,0.0003042332537006587,5.439570486487355e-06
/Users/aswanathjs/Downloads/test10/ai_plastic_waste_management_training/HDPE Plastic/shampoo_bottles/0063_a02b01c1d2e0f1g1h1.jpg,0,HDPE Plastic,0,HDPE Plastic,0.9993959665298462,0.9993959665298462,6.122937179497967e-07,6.122972263256088e-05,0.0005358149064704776,6.30165277470951e-06
/Users/aswanathjs/Downloads/test10/ai_plastic_waste_management_training/HDPE Plastic/milk_bottles/P_W (1036).jpg,0,HDPE Plastic,0,HDPE Plastic,0.9884577393531799,0.9884577393531799,0.0008741057245060802,0.0004901937209069729,0.004810377489775419,0.005367597099393606
/Users/aswanathjs/Downloads/test10/ai_plastic_waste_management_training/PET Plastic/black_white_plastic_bottles/aljsh_jpg.rf.a71869b0fd1d06684b543f2d84022ff6.jpg,2,PET Plastic,2,PET Plastic,0.9994126558303833,0.00020287679217290133,0.00015402131248265505,0.9994126558303833,0.00020136884995736182,2.9136030207155272e-05
/Users/aswanathjs/Downloads/test10/ai_plastic_waste_management_training/PS Plastic/foam_sheets/PS-515_jpg.rf.7172808d5bae73f679d487c029560e9d.jpg,4,PS Plastic,4,PS Plastic,0.9889342188835144,0.0016943613300099969,0.007718848530203104,0.0005904747522436082,0.001062124385498464,0.9889342188835144
/Users/aswanathjs/Downloads/test10/ai_plastic_waste_management_training/PP Plastic/rectangle_containers/0011_a05b00c2d0e0f0g0h1.jpg,3,PP Plastic,3,PP Plastic,0.9883108139038086,0.0007227194728329778,0.004058030433952808,0.005165227688848972,0.9883108139038086,0.0017431931337341666
/Users/aswanathjs/Downloads/test10/ai_plastic_waste_management_training/PP Plastic/square_containers/0011_a05b00c2d0e0f0g0h1.jpg,3,PP Plastic,3,PP Plastic,0.9883108139038086,0.0007227194728329778,0.004058030433952808,0.005165227688848972,0.9883108139038086,0.0017431931337341666
/Users/aswanathjs/Downloads/test10/ai_plastic_waste_management_training/PP Plastic/round_containers/IMG_20220209_174505.jpg,3,PP Plastic,3,PP Plastic,0.9539963006973267,0.03457355871796608,0.006034831516444683,0.003727627918124199,0.9539963006973267,0.0016677099047228694
/Users/aswanathjs/Downloads/test10/ai_plastic_waste_management_training/PET Plastic/black_white_plastic_bottles/byvnf_jpg.rf.caefe86d601fcef65caa30cf82d6aee0.jpg,2,PET Plastic,2,PET Plastic,0.9992848038673401,0.0003048496146220714,4.024711233796552e-05,0.9992848038673401,0.00033447641180828214,3.564605503925122e-05
/Users/aswanathjs/Downloads/test10/ai_plastic_waste_management_training/LDPE Plastic/bubble_wrap/train_LDPE-92_jpg.rf.70dbf389d730d4d2c1a55cd094ab60d9.jpg,1,LDPE Plastic,1,LDPE Plastic,0.9935550093650818,0.0008155497489497066,0.9935550093650818,0.0005719225155189633,0.0024083165917545557,0.0026492748875170946
/Users/aswanathjs/Downloads/test10/ai_plastic_waste_management_training/LDPE Plastic/bin_bags/Image_219.png,1,LDPE Plastic,1,LDPE Plastic,0.973824143409729,0.008675642311573029,0.973824143409729,0.004650466609746218,0.007914777845144272,0.00493493489921093
/Users/aswanathjs/Downloads/test10/ai_plastic_waste_management_training/PP Plastic/square_containers/Image_219.png,1,LDPE Plastic,1,LDPE Plastic,0.52150559425354,0.04779345169663429,0.52150559425354,0.017808081582188606,0.3058938682079315,0.10699912160634995
/Users/aswanathjs/Downloads/test10/ai_plastic_waste_management_training/PS Plastic/foam_containers/Image_219.png,1,LDPE Plastic,1,LDPE Plastic,0.3652697503566742,0.09113366156816483,0.3652697503566742,0.02269969880580902,0.23165282607078552,0.28924405574798584
/Users/aswanathjs/Downloads/test10/ai_plastic_waste_management_training/HDPE Plastic/detergent_bottles/0096_a02b04c2d1e0f0g0h4.jpg,0,HDPE Plastic,0,HDPE Plastic,0.9999221563339233,0.9999221563339233,1.5595153399772244e-06,4.175583308096975e-05,2.7441348720458336e-05,7.207866929093143e-06
/Users/aswanathjs/Downloads/test10/ai_plastic_waste_management_training/HDPE Plastic/milk_bottles/HDPEM31.jpg,0,HDPE Plastic,0,HDPE Plastic,0.9980040192604065,0.9980040192604065,0.0004620716499630362,0.0008867854485288262,0.000184809003258124,0.0004623431304935366
/Users/aswanathjs/Downloads/test10/ai_plastic_waste_management_training/PS Plastic/foam_sheets/Plastic_370_jpg.rf.29b9ad62cb808ae80031277f13245cd5.jpg,4,PS Plastic,4,PS Plastic,0.9802908897399902,0.002769240876659751,0.012751373462378979,0.0020412735175341368,0.002147194230929017,0.9802908897399902
/Users/aswanathjs/Downloads/test10/ai_plastic_waste_management_training/HDPE Plastic/milk_bottles/HDPEM123.jpg,0,HDPE Plastic,0,HDPE Plastic,0.9999755620956421,0.9999755620956421,1.603693817742169e-07,1.0584184565232135e-05,7.796840691298712e-06,5.873818736290559e-06
/Users/aswanathjs/Downloads/test10/ai_plastic_waste_management_training/HDPE Plastic/detergent_bottles/0096_a02b04c2d3e0f0g0h3.jpg,0,HDPE Plastic,0,HDPE Plastic,0.9993994235992432,0.9993994235992432,5.37076557520777e-05,2.074638905469328e-05,0.000504562514834106,2.1557942091021687e-05
/Users/aswanathjs/Downloads/test10/ai_plastic_waste_management_training/PET Plastic/plastic_bottles/PET461.jpg,2,PET Plastic,2,PET Plastic,0.9987943172454834,0.0010823491029441357,2.463911641825689e-06,0.9987943172454834,0.00010298233246430755,1.783114748832304e-05
/Users/aswanathjs/Downloads/test10/ai_plastic_waste_management_training/PET Plastic/plastic_bottles/PET346.jpg,2,PET Plastic,2,PET Plastic,0.9972826242446899,0.0011506850132718682,0.00026453708414919674,0.9972826242446899,0.001113728852942586,0.00018845219165086746
"/Users/aswanathjs/Downloads/test10/ai_plastic_waste_management_training/PET Plastic/plastic_bottles/PET1,375.jpg",2,PET Plastic,2,PET Plastic,0.9990007281303406,0.00020585099991876632,3.781931582125253e-06,0.9990007281303406,0.0007553245523013175,3.438547719269991e-05
/Users/aswanathjs/Downloads/test10/ai_plastic_waste_management_training/LDPE Plastic/plastic_bags/train_LDPE-58_jpg.rf.dc6a91c8a627a6c867d948465df5c5c4.jpg,1,LDPE Plastic,1,LDPE Plastic,0.9940681457519531,0.0013441871851682663,0.9940681457519531,0.0013398876180872321,0.0011872873874381185,0.0020605523604899645
/Users/aswanathjs/Downloads/test10/ai_plastic_waste_management_training/PP Plastic/rectangle_containers/train_PP-80-_jpg.rf.009061e32bd8418b0d380afb048674bc.jpg,3,PP Plastic,3,PP Plastic,0.9609574675559998,0.0040986319072544575,0.003831016831099987,0.0020584124140441418,0.9609574675559998,0.029054410755634308
/Users/aswanathjs/Downloads/test10/ai_plastic_waste_management_training/HDPE Plastic/shampoo_bottles/0075_a02b01c2d1e0f0g0h0.jpg,0,HDPE Plastic,0,HDPE Plastic,0.9035291075706482,0.9035291075706482,0.0004025150556117296,0.024199839681386948,0.07131695747375488,0.0005515331868082285
"/Users/aswanathjs/Downloads/test10/ai_plastic_waste_management_training/PET Plastic/plastic_bottles/PET1,614.jpg",2,PET Plastic,2,PET Plastic,0.9906850457191467,0.0026922584511339664,0.0032465574331581593,0.9906850457191467,0.0025327533949166536,0.0008434142800979316
/Users/aswanathjs/Downloads/test10/ai_plastic_waste_management_training/HDPE Plastic/shampoo_bottiles_grey/0075_a02b01c1d2e0f0g0h4.jpg,0,HDPE Plastic,0,HDPE Plastic,0.9960197806358337,0.9960197806358337,7.548338180640712e-05,0.0005404092371463776,0.0032506263814866543,0.00011371276923455298
/Users/aswanathjs/Downloads/test10/ai_plastic_waste_management_training/HDPE Plastic/shampoo_bottles/0075_a02b01c1d2e0f0g0h4.jpg,0,HDPE Plastic,0,HDPE Plastic,0.9926459789276123,0.9926459789276123,0.0001580005045980215,0.0019000780303031206,0.005023633595556021,0.00027227989630773664
/Users/aswanathjs/Downloads/test10/ai_plastic_waste_management_training/LDPE Plastic/plastic_bags/LDPE-220_jpg.rf.75bbbbc4b0c7b5ee4ea92b27daaa4ed0.jpg,1,LDPE Plastic,1,LDPE Plastic,0.9963757395744324,0.0008855573832988739,0.9963757395744324,0.0006634244928136468,0.0010806156788021326,0.000994603498838842
"/Users/aswanathjs/Downloads/test10/ai_plastic_waste_management_training/PET Plastic/plastic_bottles/PET1,653.jpg",2,PET Plastic,2,PET Plastic,0.9914724826812744,0.003927554469555616,0.0021712833549827337,0.9914724826812744,0.0020823050290346146,0.00034634507028385997
/Users/aswanathjs/Downloads/test10/ai_plastic_waste_management_training/HDPE Plastic/shampoo_bottles/0099_a02b01c1d2e0f1g0h1.jpg,0,HDPE Plastic,0,HDPE Plastic,0.9978137016296387,0.9978137016296387,5.0837843446061015e-05,0.000334108219249174,0.001413096790201962,0.00038821916677989066
/Users/aswanathjs/Downloads/test10/ai_plastic_waste_management_training/PET Plastic/black_white_plastic_bottles/airgu_jpg.rf.44b78e02a39e62eeb61c11fe3098a245.jpg,2,PET Plastic,2,PET Plastic,0.9996260404586792,6.638450577156618e-05,0.0001065550313796848,0.9996260404586792,0.00016048153338488191,4.055798126501031e-05
/Users/aswanathjs/Downloads/test10/ai_plastic_waste_management_training/HDPE Plastic/milk_bottles/HDPEM140.jpg,0,HDPE Plastic,0,HDPE Plastic,0.9997274279594421,0.9997274279594421,5.120783043821575e-06,7.081856892909855e-05,0.00015964903286658227,3.695352279464714e-05
/Users/aswanathjs/Downloads/test10/ai_plastic_waste_management_training/PS Plastic/foam_containers/Image_223.png,4,PS Plastic,4,PS Plastic,0.45827537775039673,0.04926781728863716,0.14877250790596008,0.02649472840130329,0.3171895444393158,0.45827537775039673
/Users/aswanathjs/Downloads/test10/ai_plastic_waste_management_training/HDPE Plastic/detergent_bottles/0039_a02b01c1d2e0f1g0h3.jpg,0,HDPE Plastic,0,HDPE Plastic,0.9996641874313354,0.9996641874313354,1.3652070265379734e-05,4.7244655434042215e-05,0.00025962392101064324,1.5362511476268992e-05
/Users/aswanathjs/Downloads/test10/ai_plastic_waste_management_training/PET Plastic/plastic_bottles/PET296.jpg,2,PET Plastic,2,PET Plastic,0.9986893534660339,0.001017525908537209,3.3135558624053374e-05,0.9986893534660339,0.000197398301679641,6.26845212536864e-05
/Users/aswanathjs/Downloads/test10/ai_plastic_waste_management_training/PP Plastic/round_containers/0022_a05b00c1d0e0f0g0h3.jpg,3,PP Plastic,3,PP Plastic,0.9865210056304932,0.0012739170342683792,0.00698075583204627,0.003308640792965889,0.9865210056304932,0.0019156322814524174
/Users/aswanathjs/Downloads/test10/ai_plastic_waste_management_training/LDPE Plastic/plastic_bags_grey/LDPE-768_jpg.rf.1c59b3b55f7c92e5e286990b75fe78a3.jpg,1,LDPE Plastic,1,LDPE Plastic,0.9965079426765442,0.0003682073438540101,0.9965079426765442,0.0007562614046037197,0.0014325242955237627,0.0009350148611702025
/Users/aswanathjs/Downloads/test10/ai_plastic_waste_management_training/LDPE Plastic/plastic_bags/LDPE-768_jpg.rf.1c59b3b55f7c92e5e286990b75fe78a3.jpg,1,LDPE Plastic,1,LDPE Plastic,0.9939383268356323,0.00044160810648463666,0.9939383268356323,0.0010762782767415047,0.0019281641580164433,0.0026156071107834578
/Users/aswanathjs/Downloads/test10/ai_plastic_waste_management_training/PP Plastic/irregular_containers/0036_a05b00c1d0e0f0g0h2.jpg,3,PP Plastic,3,PP Plastic,0.9754199981689453,0.00858045369386673,0.0014752952847629786,0.00938357226550579,0.9754199981689453,0.005140689667314291
/Users/aswanathjs/Downloads/test10/ai_plastic_waste_management_training/LDPE Plastic/black_white__plastic_bags/0265_jpg.rf.8d220bb1d146aed3a954f2359b4b5923.jpg,1,LDPE Plastic,1,LDPE Plastic,0.9372940063476562,0.017385033890604973,0.9372940063476562,0.011311406269669533,0.02714032121002674,0.006869209464639425
/Users/aswanathjs/Downloads/test10/ai_plastic_waste_management_training/PP Plastic/round_containers/IMG_20220209_175540.jpg,3,PP Plastic,3,PP Plastic,0.9960861206054688,0.0012250366853550076,0.00039651707629673183,0.0007426308584399521,0.9960861206054688,0.0015497800195589662
/Users/aswanathjs/Downloads/test10/ai_plastic_waste_management_training/PP Plastic/round_containers/0022_a05b00c2d1e0f0g0h4.jpg,3,PP Plastic,3,PP Plastic,0.9941741824150085,0.0005723591893911362,0.0034005872439593077,0.0008344408706761897,0.9941741824150085,0.0010184842394664884
/Users/aswanathjs/Downloads/test10/ai_plastic_waste_management_training/PET Plastic/black_white_plastic_bottles/cypqz_jpg.rf.efe25dbb56844f1b8bd4b1430ae86d94.jpg,2,PET Plastic,2,PET Plastic,0.8732448220252991,0.008192148990929127,0.108098104596138,0.8732448220252991,0.005741796921938658,0.004723098129034042
/Users/aswanathjs/Downloads/test10/ai_plastic_waste_management_training/PET Plastic/black_white_plastic_bottles/diqoz_jpg.rf.0f4bd51b84d81c843ad2f8848e17e0e4.jpg,2,PET Plastic,2,PET Plastic,0.9370018839836121,0.015707066282629967,0.004076574929058552,0.9370018839836121,0.0396689772605896,0.003545468207448721
/Users/aswanathjs/Downloads/test10/ai_plastic_waste_management_training/HDPE Plastic/detergent_bottles/0010_a02b01c2d0e0f1g0h3.jpg,0,HDPE Plastic,0,HDPE Plastic,0.9973222613334656,0.9973222613334656,7.1764670792617835e-06,0.0016190898604691029,0.0009666464757174253,8.48368727019988e-05
/Users/aswanathjs/Downloads/test10/ai_plastic_waste_management_training/LDPE Plastic/plastic_bags/plasticbag (62).jpg,1,LDPE Plastic,1,LDPE Plastic,0.9145189523696899,0.008869519457221031,0.9145189523696899,0.01677817851305008,0.042851824313402176,0.01698152907192707
/Users/aswanathjs/Downloads/test10/ai_plastic_waste_management_training/PP Plastic/round_containers/0031_a05b01c1d2e0f0g0h1.jpg,3,PP Plastic,3,PP Plastic,0.9987483024597168,0.0005572413210757077,0.0001175366051029414,0.0004242471477482468,0.9987483024597168,0.00015271120355464518
/Users/aswanathjs/Downloads/test10/ai_plastic_waste_management_training/PP Plastic/round_containers_grey/0031_a05b01c1d2e0f0g0h1.jpg,3,PP Plastic,3,PP Plastic,0.9733143448829651,0.009288611821830273,0.012131374329328537,0.0028202738612890244,0.9733143448829651,0.0024455012753605843
/Users/aswanathjs/Downloads/test10/ai_plastic_waste_management_training/PET Plastic/black_white_plastic_bottles/cyfjr_jpg.rf.2f0dda5c36837a619a85df9366e7734f.jpg,2,PET Plastic,2,PET Plastic,0.9996578693389893,7.445557275786996e-05,0.00017569621559232473,0.9996578693389893,6.408751505659893e-05,2.7866462914971635e-05
/Users/aswanathjs/Downloads/test10/ai_plastic_waste_management_training/PET Plastic/shampoo_bottles/0100_a05b00c2d1e0f0g0h0.jpg,2,PET Plastic,2,PET Plastic,0.99105304479599,0.0015073895920068026,9.662818047218025e-05,0.99105304479599,0.007056781090795994,0.0002861341054085642
/Users/aswanathjs/Downloads/test10/ai_plastic_waste_management_training/LDPE Plastic/plastic_bags/LDPE-160_jpg.rf.713715b3764d477f13b79c1c156717e6.jpg,1,LDPE Plastic,1,LDPE Plastic,0.9952666759490967,0.0010502603836357594,0.9952666759490967,0.0015006951289251447,0.0012187730753794312,0.0009636592003516853
/Users/aswanathjs/Downloads/test10/ai_plastic_waste_management_training/PET Plastic/plastic_bottles/PET963.jpg,2,PET Plastic,2,PET Plastic,0.9997993111610413,3.735990685527213e-05,9.340190445072949e-06,0.9997993111610413,0.00011977925896644592,3.424446185817942e-05
/Users/aswanathjs/Downloads/test10/ai_plastic_waste_management_training/PET Plastic/shampoo_bottles/IMG_20220209_182844.jpg,2,PET Plastic,0,HDPE Plastic,0.7660440802574158,0.7660440802574158,0.004687710199505091,0.20729376375675201,0.01638663560152054,0.005587739869952202
/Users/aswanathjs/Downloads/test10/ai_plastic_waste_management_training/PS Plastic/foam_sheets/PS-558_jpg.rf.08ae2d5e10696cea9901327ee6745750.jpg,4,PS Plastic,4,PS Plastic,0.9934369921684265,0.0005101767019368708,0.003777304897084832,0.0008133818628266454,0.0014621686423197389,0.9934369921684265
/Users/aswanathjs/Downloads/test10/ai_plastic_waste_management_training/PET Plastic/black_white_plastic_bottles/dbhgm_jpg.rf.49dbfa6e1676f82a0db14455f3ad4348.jpg,2,PET Plastic,2,PET Plastic,0.9969225525856018,0.0003516121068969369,0.0012460959842428565,0.9969225525856018,0.0010490412823855877,0.0004306854389142245
/Users/aswanathjs/Downloads/test10/ai_plastic_waste_management_training/LDPE Plastic/plastic_bags/LDPE-243_jpg.rf.c7a544f891b9f058c66a8eef607bf96d.jpg,1,LDPE Plastic,1,LDPE Plastic,0.9961515069007874,0.0005567176267504692,0.9961515069007874,0.0009441689471714199,0.0011765498202294111,0.0011709814425557852
"/Users/aswanathjs/Downloads/test10/ai_plastic_waste_management_training/PET Plastic/plastic_bottles/PET1,331.jpg",2,PET Plastic,2,PET Plastic,0.8825143575668335,0.04747496545314789,0.002418456831946969,0.8825143575668335,0.06199547275900841,0.005596707575023174
/Users/aswanathjs/Downloads/test10/ai_plastic_waste_management_training/PET Plastic/plastic_bottles/PET344.jpg,2,PET Plastic,2,PET Plastic,0.9998176693916321,5.2128361858194694e-05,6.873967777210055e-06,0.9998176693916321,0.00011821762745967135,5.079443326394539e-06
/Users/aswanathjs/Downloads/test10/ai_plastic_waste_management_training/HDPE Plastic/shampoo_bottles/0061_a02b01c2d1e0f1g0h4(1).jpg,0,HDPE Plastic,0,HDPE Plastic,0.9994737505912781,0.9994737505912781,3.4807223983079894e-06,0.0004322251188568771,5.536223397939466e-05,3.511126487865113e-05
/Users/aswanathjs/Downloads/test10/ai_plastic_waste_management_training/HDPE Plastic/milk_bottles/HDPEM115.jpg,0,HDPE Plastic,0,HDPE Plastic,0.9999793767929077,0.9999793767929077,1.9498952497087885e-07,1.0251227649860084e-05,3.415327682887437e-06,6.768600997020258e-06
/Users/aswanathjs/Downloads/test10/ai_plastic_waste_management_training/LDPE Plastic/plastic_bags/LDPE-649_jpg.rf.c30dfafb621c96e4c215f72083db871b.jpg,1,LDPE Plastic,1,LDPE Plastic,0.9863179922103882,0.0010661978740245104,0.9863179922103882,0.0025590129662305117,0.004672829527407885,0.0053840032778680325
/Users/aswanathjs/Downloads/test10/ai_plastic_waste_management_training/HDPE Plastic/milk_bottles/HDPEM273.jpg,0,HDPE Plastic,0,HDPE Plastic,0.9998319149017334,0.9998319149017334,5.67198071621533e-07,8.875267667463049e-05,4.8706810048315674e-05,3.003236088261474e-05
"/Users/aswanathjs/Downloads/test10/ai_plastic_waste_management_training/PET Plastic/plastic_bottles/PET1,318.jpg",2,PET Plastic,2,PET Plastic,0.9681463837623596,0.025993043556809425,0.000596177822444588,0.9681463837623596,0.004319136030972004,0.0009453209931962192
/Users/aswanathjs/Downloads/test10/ai_plastic_waste_management_training/LDPE Plastic/black_white__plastic_bags/0138_jpg.rf.c08eb75ce148d02891df48bd547959c1.jpg,1,LDPE Plastic,1,LDPE Plastic,0.9993103742599487,0.00014114535588305444,0.9993103742599487,8.958014950621873e-05,0.0003763084823731333,8.257957961177453e-05
"/Users/aswanathjs/Downloads/test10/ai_plastic_waste_management_training/PET Plastic/plastic_bottles/PET1,719.jpg",2,PET Plastic,2,PET Plastic,0.9925566911697388,0.004928848706185818,0.0005150560173206031,0.9925566911697388,0.0018070065416395664,0.00019230972975492477
/Users/aswanathjs/Downloads/test10/ai_plastic_waste_management_training/HDPE Plastic/detergent_bottles/0096_a02b04c2d0e0f0g0h2.jpg,0,HDPE Plastic,0,HDPE Plastic,0.9997439980506897,0.9997439980506897,4.197537236905191e-06,6.36258046142757e-05,0.00016532027802895755,2.2920934497960843e-05
/Users/aswanathjs/Downloads/test10/ai_plastic_waste_management_training/PS Plastic/form_containers_grey/0058_a06b01c1d3e0f0g0h1.jpg,4,PS Plastic,4,PS Plastic,0.9812526106834412,0.0029714598786085844,0.0007523605599999428,0.00024709131685085595,0.014776451513171196,0.9812526106834412
/Users/aswanathjs/Downloads/test10/ai_plastic_waste_management_training/PS Plastic/foam_containers/0058_a06b01c1d3e0f0g0h1.jpg,4,PS Plastic,4,PS Plastic,0.9970393180847168,0.00045765622053295374,0.00017165331519208848,3.303859193692915e-05,0.0022984722163528204,0.9970393180847168
/Users/aswanathjs/Downloads/test10/ai_plastic_waste_management_training/HDPE Plastic/shampoo_bottles/0061_a02b01c2d0e0f1g0h4(1).jpg,0,HDPE Plastic,0,HDPE Plastic,0.9986816048622131,0.9986816048622131,9.123407835431863e-06,0.000149314699228853,0.0008245048229582608,0.0003355290391482413
/Users/aswanathjs/Downloads/test10/ai_plastic_waste_management_training/PET Plastic/black_white_plastic_bottles/anthl_jpg.rf.618a418691ec4f2a10752d5a5af9eaa2.jpg,2,PET Plastic,2,PET Plastic,0.9978044629096985,0.001677255961112678,4.4875676394440234e-05,0.9978044629096985,0.00031326734460890293,0.00016009349201340228
/Users/aswanathjs/Downloads/test10/ai_plastic_waste_management_training/HDPE Plastic/shampoo_bottles/0023_a02b01c2d0e0f1g0h4.jpg,0,HDPE Plastic,0,HDPE Plastic,0.9681416749954224,0.9681416749954224,8.325422822963446e-05,0.019368601962924004,0.011341715231537819,0.0010648297611624002
/Users/aswanathjs/Downloads/test10/ai_plastic_waste_management_training/HDPE Plastic/detergent_bottles/0010_a02b01c2d1e0f1g0h0.jpg,0,HDPE Plastic,0,HDPE Plastic,0.9997449517250061,0.9997449517250061,1.2224376177982776e-06,6.655386823695153e-05,0.00017696537543088198,1.0378250408393797e-05
/Users/aswanathjs/Downloads/test10/ai_plastic_waste_management_training/LDPE Plastic/plastic_bags/LDPE-76_jpg.rf.b94a99e43f4a65c63957fe768a3063e3.jpg,1,LDPE Plastic,1,LDPE Plastic,0.9797231554985046,0.004758038092404604,0.9797231554985046,0.003041974501684308,0.005748985800892115,0.006727844011038542
/Users/aswanathjs/Downloads/test10/ai_plastic_waste_management_training/PS Plastic/foam_containers/Image_160.png,4,PS Plastic,1,LDPE Plastic,0.4096759855747223,0.041784003376960754,0.4096759855747223,0.0313178151845932,0.22941528260707855,0.287806898355484
/Users/aswanathjs/Downloads/test10/ai_plastic_waste_management_training/PS Plastic/foam_containers/0058_a06b01c1d1e0f0g0h0.jpg,4,PS Plastic,4,PS Plastic,0.9994397759437561,3.406614632694982e-05,0.00012239784700796008,3.4367931220913306e-05,0.0003694460028782487,0.9994397759437561
/Users/aswanathjs/Downloads/test10/ai_plastic_waste_management_training/PET Plastic/shampoo_bottles/0015_a05b00c1d1e1f1g0h3.jpg,2,PET Plastic,2,PET Plastic,0.9860602617263794,0.007957939989864826,0.00045125061296857893,0.9860602617263794,0.004065952729433775,0.0014645744813606143
"/Users/aswanathjs/Downloads/test10/ai_plastic_waste_management_training/PET Plastic/plastic_bottles/PET1,775.jpg",2,PET Plastic,2,PET Plastic,0.9997460246086121,8.236305438913405e-05,4.2894422222161666e-05,0.9997460246086121,7.307658961508423e-05,5.562301157624461e-05
/Users/aswanathjs/Downloads/test10/ai_plastic_waste_management_training/HDPE Plastic/detergent_bottles/0096_a02b04c2d3e0f0g0h4.jpg,0,HDPE Plastic,0,HDPE Plastic,0.8308792114257812,0.8308792114257812,0.012280908413231373,0.008807794190943241,0.13997405767440796,0.008057957515120506
"/Users/aswanathjs/Downloads/test10/ai_plastic_waste_management_training/PET Plastic/plastic_bottles/PET1,594.jpg",2,PET Plastic,2,PET Plastic,0.9995455145835876,0.00034392057568766177,2.2782458472647704e-05,0.9995455145835876,5.499709368450567e-05,3.271653986303136e-05
/Users/aswanathjs/Downloads/test10/ai_plastic_waste_management_training/PET Plastic/black_white_plastic_bottles/aqotb_jpg.rf.c0dc5bb2a5cf4ffb31fa0e859e5a519a.jpg,2,PET Plastic,2,PET Plastic,0.9999467134475708,1.9262519344920292e-05,5.11829739480163e-06,0.9999467134475708,1.903026168292854e-05,9.820465493248776e-06
/Users/aswanathjs/Downloads/test10/ai_plastic_waste_management_training/LDPE Plastic/plastic_bags/LDPE-295_jpg.rf.58c0c43d8113f93491fb12d4a19f641e.jpg,1,LDPE Plastic,1,LDPE Plastic,0.9980613589286804,0.0005247340886853635,0.9980613589286804,0.0005495685618370771,0.0004455760645214468,0.00041878162301145494
/Users/aswanathjs/Downloads/test10/ai_plastic_waste_management_training/PET Plastic/black_white_plastic_bottles/bipvn_jpg.rf.8753400b8d72c671b7b06e9f5ba20116.jpg,2,PET Plastic,2,PET Plastic,0.9992756247520447,0.00018914637621492147,0.0003736856742762029,0.9992756247520447,0.00011970441846642643,4.181269105174579e-05
/Users/aswanathjs/Downloads/test10/ai_plastic_waste_management_training/PET Plastic/plastic_bottles/PET959.jpg,2,PET Plastic,2,PET Plastic,0.9971900582313538,0.0007171975448727608,0.0003795530938077718,0.9971900582313538,0.0010892818681895733,0.0006239442736841738
/Users/aswanathjs/Downloads/test10/ai_plastic_waste_management_training/PET Plastic/plastic_bottles/PET503.jpg,2,PET Plastic,2,PET Plastic,0.9534245729446411,0.010143992491066456,0.0016968859126791358,0.9534245729446411,0.030950915068387985,0.003783653024584055
/Users/aswanathjs/Downloads/test10/ai_plastic_waste_management_training/PP Plastic/round_containers/Image_196.png,3,PP Plastic,3,PP Plastic,0.7799879312515259,0.009178905747830868,0.1755208671092987,0.006341522093862295,0.7799879312515259,0.02897084690630436
/Users/aswanathjs/Downloads/test10/ai_plastic_waste_management_training/PP Plastic/round_containers_grey/Image_196.png,3,PP Plastic,3,PP Plastic,0.6732463836669922,0.008853006176650524,0.2905690371990204,0.004475216846913099,0.6732463836669922,0.02285640873014927
/Users/aswanathjs/Downloads/test10/ai_plastic_waste_management_training/PS Plastic/foam_containers/Image_196.png,3,PP Plastic,4,PS Plastic,0.5881235003471375,0.06684385985136032,0.06819552183151245,0.015574307180941105,0.26126277446746826,0.5881235003471375
/Users/aswanathjs/Downloads/test10/ai_plastic_waste_management_training/PET Plastic/black_white_plastic_bottles/cmhqi_jpg.rf.e22d22662bb044b652113e15ccb216ea.jpg,2,PET Plastic,2,PET Plastic,0.9955646991729736,0.0008816377958282828,0.0010714131640270352,0.9955646991729736,0.002219128655269742,0.0002632126852404326
/Users/aswanathjs/Downloads/test10/ai_plastic_waste_management_training/PP Plastic/square_containers_grey/Image_226.png,3,PP Plastic,3,PP Plastic,0.4948202073574066,0.035854242742061615,0.33406513929367065,0.0160105898976326,0.4948202073574066,0.1192498430609703
/Users/aswanathjs/Downloads/test10/ai_plastic_waste_management_training/PP Plastic/square_containers/Image_226.png,3,PP Plastic,3,PP Plastic,0.5297277569770813,0.03344634175300598,0.2920759320259094,0.014624143950641155,0.5297277569770813,0.13012586534023285
/Users/aswanathjs/Downloads/test10/ai_plastic_waste_management_training/PS Plastic/foam_containers/Image_226.png,3,PP Plastic,4,PS Plastic,0.5806975960731506,0.06617584079504013,0.10021737962961197,0.02337678149342537,0.22953245043754578,0.5806975960731506
/Users/aswanathjs/Downloads/test10/ai_plastic_waste_management_training/PET Plastic/black_white_plastic_bottles/drcax_jpg.rf.d16711fd73cf97a79c16a50a61b0fe80.jpg,2,PET Plastic,2,PET Plastic,0.9998267292976379,9.762967965798452e-05,1.5901730876066722e-05,0.9998267292976379,3.58464167220518e-05,2.394919647485949e-05
"/Users/aswanathjs/Downloads/test10/ai_plastic_waste_management_training/PET Plastic/plastic_bottles/PET1,550.jpg",2,PET Plastic,2,PET Plastic,0.989930272102356,0.0015416658716276288,0.0012476411648094654,0.989930272102356,0.0057333894073963165,0.001546996645629406
/Users/aswanathjs/Downloads/test10/ai_plastic_waste_management_training/PS Plastic/foam_sheets/PS-586_jpg.rf.0241f484a2d521baaba25ddc7646ba94.jpg,4,PS Plastic,4,PS Plastic,0.958397626876831,0.004610976669937372,0.029840344563126564,0.0036357713397592306,0.0035152118653059006,0.958397626876831
/Users/aswanathjs/Downloads/test10/ai_plastic_waste_management_training/PP Plastic/round_containers/IMG_20220209_174635.jpg,3,PP Plastic,3,PP Plastic,0.9450632333755493,0.03403892368078232,0.0031267281156033278,0.01647971011698246,0.9450632333755493,0.0012914080871269107
/Users/aswanathjs/Downloads/test10/ai_plastic_waste_management_training/LDPE Plastic/plastic_bags/plasticbag (194) 17.43.56.jpg,1,LDPE Plastic,1,LDPE Plastic,0.9944770932197571,0.0008441130630671978,0.9944770932197571,0.0010165409184992313,0.0028552436269819736,0.0008069506729952991
/Users/aswanathjs/Downloads/test10/ai_plastic_waste_management_training/LDPE Plastic/black_white__plastic_bags/0153_jpg.rf.a5d1ea2820218e501628141291f77051.jpg,1,LDPE Plastic,1,LDPE Plastic,0.9932946562767029,0.0007937406771816313,0.9932946562767029,0.00401454558596015,0.0008535852539353073,0.001043398748151958
/Users/aswanathjs/Downloads/test10/ai_plastic_waste_management_training/PET Plastic/plastic_bottles/PET282.jpg,2,PET Plastic,2,PET Plastic,0.9738957285881042,0.018482515588402748,0.001215031836181879,0.9738957285881042,0.004853052087128162,0.0015537070576101542
/Users/aswanathjs/Downloads/test10/ai_plastic_waste_management_training/HDPE Plastic/milk_bottles/HDPEM448.jpg,0,HDPE Plastic,0,HDPE Plastic,0.9999767541885376,0.9999767541885376,7.736089742138574e-07,1.436735055904137e-05,5.681484253727831e-06,2.345794655411737e-06
/Users/aswanathjs/Downloads/test10/ai_plastic_waste_management_training/HDPE Plastic/shampoo_bottles/0076_a02b06c2d1e0f1g0h2.jpg,0,HDPE Plastic,0,HDPE Plastic,0.9997915625572205,0.9997915625572205,5.1915676522185095e-06,0.0001081065129255876,7.436290616169572e-05,2.089286681439262e-05
/Users/aswanathjs/Downloads/test10/ai_plastic_waste_management_training/HDPE Plastic/detergent_bottles/0096_a02b04c2d2e0f0g0h1.jpg,0,HDPE Plastic,0,HDPE Plastic,0.9989364743232727,0.9989364743232727,0.00018104742048308253,0.0003136541636195034,0.0003844057791866362,0.00018443699809722602
/Users/aswanathjs/Downloads/test10/ai_plastic_waste_management_training/LDPE Plastic/plastic_bags/plasticbag (84).jpg,1,LDPE Plastic,1,LDPE Plastic,0.9761221408843994,0.002201726892963052,0.9761221408843994,0.001235499861650169,0.01407252624630928,0.006368083879351616
/Users/aswanathjs/Downloads/test10/ai_plastic_waste_management_training/LDPE Plastic/plastic_bags/plasticbag (176) 17.43.56.jpg,1,LDPE Plastic,1,LDPE Plastic,0.9657716751098633,0.005697894841432571,0.9657716751098633,0.0024635710287839174,0.011043660342693329,0.015023166313767433
/Users/aswanathjs/Downloads/test10/ai_plastic_waste_management_training/PET Plastic/black_white_plastic_bottles/cudqi_jpg.rf.ab2014716ce77e9d9072c34381cceb53.jpg,2,PET Plastic,2,PET Plastic,0.9980452060699463,0.00022934694425202906,0.0005671354592777789,0.9980452060699463,0.0008233176777139306,0.00033493651426397264
/Users/aswanathjs/Downloads/test10/ai_plastic_waste_management_training/LDPE Plastic/bin_bags/Image_52.png,1,LDPE Plastic,1,LDPE Plastic,0.9476903080940247,0.018862342461943626,0.9476903080940247,0.01713203266263008,0.010788701474666595,0.005526546388864517
/Users/aswanathjs/Downloads/test10/ai_plastic_waste_management_training/PS Plastic/form_containers_grey/Image_52.png,1,LDPE Plastic,4,PS Plastic,0.36389437317848206,0.13419069349765778,0.28648245334625244,0.0156705304980278,0.19976197183132172,0.36389437317848206
/Users/aswanathjs/Downloads/test10/ai_plastic_waste_management_training/PS Plastic/foam_containers/Image_52.png,1,LDPE Plastic,4,PS Plastic,0.3865373134613037,0.13911736011505127,0.26467418670654297,0.01539752446115017,0.19427363574504852,0.3865373134613037
/Users/aswanathjs/Downloads/test10/ai_plastic_waste_management_training/PET Plastic/shampoo_bottles/0050_a05b00c1d2e1f1g0h2.jpg,2,PET Plastic,2,PET Plastic,0.9769079685211182,0.0050086891278624535,0.004311090335249901,0.9769079685211182,0.010620761662721634,0.003151490120217204
/Users/aswanathjs/Downloads/test10/ai_plastic_waste_management_training/LDPE Plastic/black_white__plastic_bags/0023_jpg.rf.2e4a394f5d6d99485f595d6757c9a969.jpg,1,LDPE Plastic,1,LDPE Plastic,0.989841639995575,0.0013449684483930469,0.989841639995575,0.006605116650462151,0.0005888945888727903,0.0016193698393180966
/Users/aswanathjs/Downloads/test10/ai_plastic_waste_management_training/PET Plastic/plastic_bottles/PET853.jpg,2,PET Plastic,2,PET Plastic,0.9893458485603333,0.0026690701488405466,0.00462433323264122,0.9893458485603333,0.001932564890012145,0.0014281197218224406
/Users/aswanathjs/Downloads/test10/ai_plastic_waste_management_training/PS Plastic/foam_containers/Image_107.png,4,PS Plastic,4,PS Plastic,0.4532237648963928,0.06615827977657318,0.2529960870742798,0.014925604686141014,0.21269625425338745,0.4532237648963928
/Users/aswanathjs/Downloads/test10/ai_plastic_waste_management_training/LDPE Plastic/plastic_bags/plasticbag (149).jpg,1,LDPE Plastic,1,LDPE Plastic,0.7545644640922546,0.008410082198679447,0.7545644640922546,0.011602145619690418,0.1735886186361313,0.05183463916182518
"/Users/aswanathjs/Downloads/test10/ai_plastic_waste_management_training/PET Plastic/plastic_bottles/PET1,350.jpg",2,PET Plastic,2,PET Plastic,0.9981651902198792,0.0015022535808384418,4.603014986059861e-06,0.9981651902198792,0.00030625195358879864,2.1832627680851147e-05
/Users/aswanathjs/Downloads/test10/ai_plastic_waste_management_training/HDPE Plastic/detergent_bottles/IMG_20220209_182235.jpg,0,HDPE Plastic,0,HDPE Plastic,0.934789776802063,0.934789776802063,0.002425442449748516,0.04496932029724121,0.014505025930702686,0.003310509491711855
/Users/aswanathjs/Downloads/test10/ai_plastic_waste_management_training/HDPE Plastic/detergent_botteles_grey/IMG_20220209_182235.jpg,0,HDPE Plastic,0,HDPE Plastic,0.9686884880065918,0.9686884880065918,0.0007846120861358941,0.025027131661772728,0.004652524832636118,0.0008472356130369008
/Users/aswanathjs/Downloads/test10/ai_plastic_waste_management_training/LDPE Plastic/plastic_bags/LDPE-16_jpg.rf.845d2d87d44b85c3b68f1aead2680d86.jpg,1,LDPE Plastic,1,LDPE Plastic,0.9945815205574036,0.0012840543640777469,0.9945815205574036,0.000993384630419314,0.0017648906214162707,0.0013761469163000584
/Users/aswanathjs/Downloads/test10/ai_plastic_waste_management_training/LDPE Plastic/plastic_bags/LDPE-16_jpg.rf.2102b8148a5cd895e99a4d7b8e0ad4c5.jpg,1,LDPE Plastic,1,LDPE Plastic,0.9879269003868103,0.002636148827150464,0.9879269003868103,0.002063595689833164,0.002092283684760332,0.005281023681163788
/Users/aswanathjs/Downloads/test10/ai_plastic_waste_management_training/PET Plastic/black_white_plastic_bottles/aiewg_jpg.rf.53e6602ad5bf281c6de4096da1fe6cb6.jpg,2,PET Plastic,2,PET Plastic,0.9966859221458435,0.0004367720102891326,0.002314574085175991,0.9966859221458435,0.00048658595187589526,7.609753083670512e-05
/Users/aswanathjs/Downloads/test10/ai_plastic_waste_management_training/LDPE Plastic/black_white__plastic_bags/0185_jpg.rf.46bff0f04cd5c707db59170b971055fa.jpg,1,LDPE Plastic,1,LDPE Plastic,0.9949750900268555,0.0012145107612013817,0.9949750900268555,0.0009979817550629377,0.0012754207709804177,0.0015369853936135769
/Users/aswanathjs/Downloads/test10/ai_plastic_waste_management_training/PET Plastic/plastic_bottles/PET305.jpg,2,PET Plastic,2,PET Plastic,0.9979985356330872,0.001010474399663508,0.00019489330588839948,0.9979985356330872,0.0006419863784685731,0.00015416315000038594
/Users/aswanathjs/Downloads/test10/ai_plastic_waste_management_training/PS Plastic/foam_containers/Image_15.png,4,PS Plastic,4,PS Plastic,0.3936055600643158,0.07054586708545685,0.327178955078125,0.020300637930631638,0.18836896121501923,0.3936055600643158
/Users/aswanathjs/Downloads/test10/ai_plastic_waste_management_training/PET Plastic/black_white_plastic_bottles/byutk_jpg.rf.76f747bf2b37e8313e893ebf15683241.jpg,2,PET Plastic,2,PET Plastic,0.9944741129875183,0.0005810451693832874,0.003786897985264659,0.9944741129875183,0.0010447647655382752,0.00011317243479425088
/Users/aswanathjs/Downloads/test10/ai_plastic_waste_management_training/HDPE Plastic/milk_bottles/HDPEM270.jpg,0,HDPE Plastic,0,HDPE Plastic,0.9997387528419495,0.9997387528419495,9.508172524874681e-07,0.00012556127330753952,0.00010215724614681676,3.25185974361375e-05
/Users/aswanathjs/Downloads/test10/ai_plastic_waste_management_training/PP Plastic/rectangle_containers/0011_a05b00c1d0e0f0g0h1.jpg,3,PP Plastic,3,PP Plastic,0.9805757403373718,0.0011515755904838443,0.0067640747874975204,0.009892456233501434,0.9805757403373718,0.0016162000829353929
/Users/aswanathjs/Downloads/test10/ai_plastic_waste_management_training/PP Plastic/square_containers/0011_a05b00c1d0e0f0g0h1.jpg,3,PP Plastic,3,PP Plastic,0.9805757403373718,0.0011515755904838443,0.0067640747874975204,0.009892456233501434,0.9805757403373718,0.0016162000829353929
/Users/aswanathjs/Downloads/test10/ai_plastic_waste_management_training/LDPE Plastic/plastic_bags/LDPE-273_jpg.rf.46f79d73feef80e3872b14db1ed5fd17.jpg,1,LDPE Plastic,1,LDPE Plastic,0.9980699419975281,0.0005507403402589262,0.9980699419975281,0.000491487851832062,0.00036710474523715675,0.0005208169459365308
/Users/aswanathjs/Downloads/test10/ai_plastic_waste_management_training/PET Plastic/black_white_plastic_bottles/dpacg_jpg.rf.33909cd6979777d753c545164ea5477b.jpg,2,PET Plastic,2,PET Plastic,0.9928888082504272,0.0016966481925919652,0.0025470347609370947,0.9928888082504272,0.0016866016667336226,0.0011808826820924878
/Users/aswanathjs/Downloads/test10/ai_plastic_waste_management_training/PET Plastic/black_white_plastic_bottles/bompe_jpg.rf.b337c58e6b7559d31a26dc524d3bd41d.jpg,2,PET Plastic,2,PET Plastic,0.9933375120162964,0.000698502641171217,0.0037751495838165283,0.9933375120162964,0.0015551818069070578,0.0006336944061331451
/Users/aswanathjs/Downloads/test10/ai_plastic_waste_management_training/PS Plastic/foam_containers/styrofoam-127-_jpg.rf.ceefe41576d517b7e5577b842405c917.jpg,4,PS Plastic,4,PS Plastic,0.9944370985031128,0.005089206155389547,8.29451673780568e-05,9.962717740563676e-05,0.00029121976695023477,0.9944370985031128
/Users/aswanathjs/Downloads/test10/ai_plastic_waste_management_training/HDPE Plastic/milk_bottles/HDPEM291.jpg,0,HDPE Plastic,0,HDPE Plastic,0.9989237189292908,0.9989237189292908,6.392923751263879e-06,0.00035112444311380386,0.0006611939752474427,5.756974496762268e-05
/Users/aswanathjs/Downloads/test10/ai_plastic_waste_management_training/HDPE Plastic/milk_bottles/HDPEM83.jpg,0,HDPE Plastic,0,HDPE Plastic,0.9999805688858032,0.9999805688858032,1.8675757473829435e-07,3.618714572439785e-06,4.615143552655354e-06,1.1051986803067848e-05
/Users/aswanathjs/Downloads/test10/ai_plastic_waste_management_training/LDPE Plastic/plastic_bags/plasticbag (201).jpg,1,LDPE Plastic,1,LDPE Plastic,0.9793527722358704,0.0011865359265357256,0.9793527722358704,0.003110333112999797,0.01095823384821415,0.005392164923250675
/Users/aswanathjs/Downloads/test10/ai_plastic_waste_management_training/LDPE Plastic/plastic_bags/LDPE-297_jpg.rf.8c4a7d4e980cc6a2ba9e1b2c48366280.jpg,1,LDPE Plastic,1,LDPE Plastic,0.9974339604377747,0.0006169641856104136,0.9974339604377747,0.0008311841520480812,0.0005492193740792572,0.0005686524091288447
/Users/aswanathjs/Downloads/test10/ai_plastic_waste_management_training/LDPE Plastic/plastic_bags/LDPE-202_jpg.rf.8ece211624afdeefd2fc79ae3bf49c35.jpg,1,LDPE Plastic,1,LDPE Plastic,0.9963272213935852,0.0008058547391556203,0.9963272213935852,0.0008523658034391701,0.0010062690125778317,0.0010083133820444345
/Users/aswanathjs/Downloads/test10/ai_plastic_waste_management_training/PET Plastic/shampoo_bottles/0050_a05b00c2d0e1f1g0h2.jpg,2,PET Plastic,2,PET Plastic,0.9533494114875793,0.023859374225139618,0.001836068695411086,0.9533494114875793,0.011697144247591496,0.009258009493350983
/Users/aswanathjs/Downloads/test10/ai_plastic_waste_management_training/PET Plastic/plastic_bottles/PET926.jpg,2,PET Plastic,2,PET Plastic,0.9985299110412598,0.000550231197848916,6.779639079468325e-05,0.9985299110412598,0.0007596584036946297,9.24372798181139e-05
/Users/aswanathjs/Downloads/test10/ai_plastic_waste_management_training/HDPE Plastic/detergent_bottles/IMG_20220209_182154.jpg,0,HDPE Plastic,0,HDPE Plastic,0.9971117973327637,0.9971117973327637,1.0361207387177274e-05,0.0016103405505418777,0.001169895171187818,9.758469968801364e-05
/Users/aswanathjs/Downloads/test10/ai_plastic_waste_management_training/HDPE Plastic/shampoo_bottles/0075_a02b01c1d2e0f0g0h2.jpg,0,HDPE Plastic,0,HDPE Plastic,0.9908921718597412,0.9908921718597412,7.929729326860979e-05,0.0003240221703890711,0.008641049265861511,6.344188295770437e-05
/Users/aswanathjs/Downloads/test10/ai_plastic_waste_management_training/PET Plastic/plastic_bottles/PET375.jpg,2,PET Plastic,2,PET Plastic,0.999627947807312,0.00012451830843929201,2.4406313968938775e-05,0.999627947807312,0.0001685370662016794,5.454087659018114e-05
/Users/aswanathjs/Downloads/test10/ai_plastic_waste_management_training/PET Plastic/black_white_plastic_bottles/bxfwn_jpg.rf.0c6547d324a916a7ee885acbf1395e17.jpg,2,PET Plastic,2,PET Plastic,0.9983955025672913,0.0006469786749221385,0.00016860273899510503,0.9983955025672913,0.00036221210029907525,0.0004266908799763769
/Users/aswanathjs/Downloads/test10/ai_plastic_waste_management_training/HDPE Plastic/shampoo_bottiles_grey/0021_a02b01c2d3e1f0g0h2.jpg,0,HDPE Plastic,0,HDPE Plastic,0.9962233304977417,0.9962233304977417,6.786781159462407e-05,0.001908985199406743,0.0014337399043142796,0.0003661205992102623
/Users/aswanathjs/Downloads/test10/ai_plastic_waste_management_training/HDPE Plastic/shampoo_bottles/0021_a02b01c2d3e1f0g0h2.jpg,0,HDPE Plastic,0,HDPE Plastic,0.9991959929466248,0.9991959929466248,3.918106813216582e-06,0.0003278737422078848,0.000423322431743145,4.887007162324153e-05
/Users/aswanathjs/Downloads/test10/ai_plastic_waste_management_training/LDPE Plastic/plastic_bags/plasticbag (75).jpg,1,LDPE Plastic,1,LDPE Plastic,0.9732887148857117,0.003918229136615992,0.9732887148857117,0.0017772938590496778,0.008041474968194962,0.012974359095096588
"/Users/aswanathjs/Downloads/test10/ai_plastic_waste_management_training/HDPE Plastic/milk_bottles/HDPEM1,020.JPG",0,HDPE Plastic,0,HDPE Plastic,0.999369204044342,0.999369204044342,3.053557293242193e-06,0.0004280356806702912,6.523379124701023e-05,0.00013445428339764476
/Users/aswanathjs/Downloads/test10/ai_plastic_waste_management_training/PP Plastic/square_containers/IMG_20220209_175325.jpg,3,PP Plastic,3,PP Plastic,0.80577552318573,0.01052984781563282,0.009130065329372883,0.009086850099265575,0.80577552318573,0.16547781229019165
/Users/aswanathjs/Downloads/test10/ai_plastic_waste_management_training/PS Plastic/foam_containers/Image_163.png,4,PS Plastic,3,PP Plastic,0.48393741250038147,0.02469920553267002,0.4013335704803467,0.01781499944627285,0.48393741250038147,0.07221483439207077
"/Users/aswanathjs/Downloads/test10/ai_plastic_waste_management_training/PET Plastic/plastic_bottles/PET1,266.jpg",2,PET Plastic,2,PET Plastic,0.9968343377113342,0.0028952332213521004,4.6286942961160094e-05,0.9968343377113342,0.00018246810941491276,4.1755552956601605e-05
/Users/aswanathjs/Downloads/test10/ai_plastic_waste_management_training/LDPE Plastic/bubble_wrap/LDPE-93_jpg.rf.acd78e25e55014c37816b6ef602acbec.jpg,1,LDPE Plastic,1,LDPE Plastic,0.9937233328819275,0.00022121731308288872,0.9937233328819275,0.0006729130400344729,0.0017829920398071408,0.003599603660404682
/Users/aswanathjs/Downloads/test10/ai_plastic_waste_management_training/LDPE Plastic/black_white__plastic_bags/0167_jpg.rf.bfb27df2cd9cef80f5c4a029956180ca.jpg,1,LDPE Plastic,1,LDPE Plastic,0.9712846875190735,0.0033242455683648586,0.9712846875190735,0.0032014676835387945,0.011719437316060066,0.010470238514244556
/Users/aswanathjs/Downloads/test10/ai_plastic_waste_management_training/PS Plastic/foam_sheets/IMG_9371_JPG.rf.195f115fb87b77a4f429c91951b50871.jpg,4,PS Plastic,4,PS Plastic,0.9992332458496094,0.00017536416999064386,8.995709504233673e-05,6.190223939483985e-05,0.00043955814908258617,0.9992332458496094
/Users/aswanathjs/Downloads/test10/ai_plastic_waste_management_training/PS Plastic/foam_sheets/IMG_9371_JPG.rf.afceb9594b3446cfff27f10dabf23181.jpg,4,PS Plastic,4,PS Plastic,0.9218781590461731,0.017090417444705963,0.007147763855755329,0.023159926757216454,0.030723771080374718,0.9218781590461731
/Users/aswanathjs/Downloads/test10/ai_plastic_waste_management_training/PS Plastic/foam_sheets/IMG_9371_JPG.rf.4bf300e0974a4706b87efc110356229e.jpg,4,PS Plastic,4,PS Plastic,0.943558931350708,0.004719033371657133,0.0027220684569329023,0.01011140737682581,0.038888558745384216,0.943558931350708
/Users/aswanathjs/Downloads/test10/ai_plastic_waste_management_training/PET Plastic/plastic_bottles/PET739.jpg,2,PET Plastic,2,PET Plastic,0.9995852112770081,0.00012096871068933979,5.838562356075272e-05,0.9995852112770081,0.00013891355774831027,9.644999954616651e-05
/Users/aswanathjs/Downloads/test10/ai_plastic_waste_management_training/HDPE Plastic/shampoo_bottles/0061_a02b01c1d3e0f1g0h1(1).jpg,0,HDPE Plastic,0,HDPE Plastic,0.9999270439147949,0.9999270439147949,1.5771870494063478e-06,9.103104275709484e-06,4.942105442751199e-05,1.2815074114769232e-05
/Users/aswanathjs/Downloads/test10/ai_plastic_waste_management_training/PET Plastic/plastic_bottles/PET778.jpg,2,PET Plastic,2,PET Plastic,0.9997833371162415,0.00014563555305358022,1.2548385711852461e-05,0.9997833371162415,3.071663013543002e-05,2.782746742013842e-05
/Users/aswanathjs/Downloads/test10/ai_plastic_waste_management_training/PP Plastic/round_containers/0095_a05b01c1d0e0f0g0h0.jpg,3,PP Plastic,3,PP Plastic,0.9971442818641663,0.0020552421920001507,8.299111505039036e-05,0.0005308993277139962,0.9971442818641663,0.0001865548692876473
/Users/aswanathjs/Downloads/test10/ai_plastic_waste_management_training/LDPE Plastic/plastic_bags/train_LDPE-68_jpg.rf.fc5826b6c915e1b0aab072f246864480.jpg,1,LDPE Plastic,1,LDPE Plastic,0.9892497062683105,0.0024508563801646233,0.9892497062683105,0.0021161858458071947,0.0029596907552331686,0.0032236394472420216
/Users/aswanathjs/Downloads/test10/ai_plastic_waste_management_training/PET Plastic/plastic_bottles/PET386.jpg,2,PET Plastic,2,PET Plastic,0.999761164188385,8.738259202800691e-05,1.527301901660394e-05,0.999761164188385,0.00010333123645978048,3.2827370887389407e-05
/Users/aswanathjs/Downloads/test10/ai_plastic_waste_management_training/HDPE Plastic/milk_bottles/P_W (500).jpg,0,HDPE Plastic,0,HDPE Plastic,0.9511811137199402,0.9511811137199402,7.476592145394534e-05,0.03775943070650101,0.002317874925211072,0.008666843175888062
/Users/aswanathjs/Downloads/test10/ai_plastic_waste_management_training/HDPE Plastic/milk_bottles/HDPEM469.jpg,0,HDPE Plastic,0,HDPE Plastic,0.9857348799705505,0.9857348799705505,0.00046785635640844703,0.004794407170265913,0.008039350621402264,0.0009635574533604085
/Users/aswanathjs/Downloads/test10/ai_plastic_waste_management_training/LDPE Plastic/bin_bags/greenbin.png,1,LDPE Plastic,1,LDPE Plastic,0.9972003698348999,0.0008153574308380485,0.9972003698348999,0.0005346908001229167,0.0008844322874210775,0.000565105932764709
/Users/aswanathjs/Downloads/test10/ai_plastic_waste_management_training/LDPE Plastic/bin_bags_grey/greenbin.png,1,LDPE Plastic,1,LDPE Plastic,0.9938793182373047,0.0018287618877366185,0.9938793182373047,0.0014773554867133498,0.0015037391567602754,0.0013107649283483624
/Users/aswanathjs/Downloads/test10/ai_plastic_waste_management_training/PP Plastic/round_containers/IMG_20220210_105854.jpg,3,PP Plastic,3,PP Plastic,0.9775671362876892,0.01573246158659458,0.0010433895513415337,0.003698052605614066,0.9775671362876892,0.0019590831361711025
/Users/aswanathjs/Downloads/test10/ai_plastic_waste_management_training/HDPE Plastic/detergent_bottles/0096_a02b04c2d0e0f0g0h1.jpg,0,HDPE Plastic,0,HDPE Plastic,0.9971792697906494,0.9971792697906494,8.874179184203967e-05,0.0006607084651477635,0.0015908409841358662,0.00048044577124528587
/Users/aswanathjs/Downloads/test10/ai_plastic_waste_management_training/PET Plastic/plastic_bottles/PET504.jpg,2,PET Plastic,2,PET Plastic,0.9997687935829163,9.119514288613573e-05,3.069065132876858e-05,0.9997687935829163,7.485143578378484e-05,3.437609484535642e-05
/Users/aswanathjs/Downloads/test10/ai_plastic_waste_management_training/LDPE Plastic/bin_bags/Image_69.png,1,LDPE Plastic,1,LDPE Plastic,0.9728461503982544,0.00913300085812807,0.9728461503982544,0.004730544053018093,0.00817526038736105,0.0051151420921087265
/Users/aswanathjs/Downloads/test10/ai_plastic_waste_management_training/PP Plastic/square_containers_grey/Image_69.png,1,LDPE Plastic,3,PP Plastic,0.5647733211517334,0.01633641868829727,0.3313544988632202,0.01482313871383667,0.5647733211517334,0.07271265238523483
/Users/aswanathjs/Downloads/test10/ai_plastic_waste_management_training/PP Plastic/square_containers/Image_69.png,1,LDPE Plastic,3,PP Plastic,0.7140436172485352,0.0161480363458395,0.18660512566566467,0.017414743080735207,0.7140436172485352,0.06578852236270905
/Users/aswanathjs/Downloads/test10/ai_plastic_waste_management_training/PS Plastic/foam_containers/Image_69.png,1,LDPE Plastic,1,LDPE Plastic,0.46449288725852966,0.04821152985095978,0.46449288725852966,0.01787620224058628,0.28171011805534363,0.18770915269851685
/Users/aswanathjs/Downloads/test10/ai_plastic_waste_management_training/PET Plastic/black_white_plastic_bottles/arnfl_jpg.rf.3f7c86239864c3296cf7b468b4096163.jpg,2,PET Plastic,2,PET Plastic,0.988966166973114,0.0032661519944667816,0.0047364369966089725,0.988966166973114,0.0016605944838374853,0.0013706700410693884
/Users/aswanathjs/Downloads/test10/ai_plastic_waste_management_training/HDPE Plastic/milk_bottles/HDPEM68.jpg,0,HDPE Plastic,0,HDPE Plastic,0.9992547631263733,0.9992547631263733,1.5218492080748547e-05,0.00014623992319684476,0.0003204709501005709,0.00026323835481889546
/Users/aswanathjs/Downloads/test10/ai_plastic_waste_management_training/PET Plastic/plastic_bottles/PET321.jpg,2,PET Plastic,2,PET Plastic,0.7059887647628784,0.039426203817129135,0.22120049595832825,0.7059887647628784,0.02035428024828434,0.013030323199927807
/Users/aswanathjs/Downloads/test10/ai_plastic_waste_management_training/PS Plastic/foam_containers/Image_168.png,4,PS Plastic,4,PS Plastic,0.480334997177124,0.03947370499372482,0.24781224131584167,0.021942026913166046,0.21043701469898224,0.480334997177124
/Users/aswanathjs/Downloads/test10/ai_plastic_waste_management_training/HDPE Plastic/milk_bottles/HDPEM196.jpg,0,HDPE Plastic,0,HDPE Plastic,0.9999297857284546,0.9999297857284546,1.6650868701617583e-06,1.95370757865021e-05,3.914873013854958e-05,9.873450835584663e-06
/Users/aswanathjs/Downloads/test10/ai_plastic_waste_management_training/PP Plastic/round_containers/0095_a05b01c1d1e0f0g0h3.jpg,3,PP Plastic,3,PP Plastic,0.9297550320625305,0.059800274670124054,0.00015845765301492065,0.009839456528425217,0.9297550320625305,0.0004467315739020705
/Users/aswanathjs/Downloads/test10/ai_plastic_waste_management_training/HDPE Plastic/detergent_bottles/0010_a02b01c1d1e0f1g0h4.jpg,0,HDPE Plastic,0,HDPE Plastic,0.9991138577461243,0.9991138577461243,8.228314982261509e-06,0.0003256611234974116,0.000522587273735553,2.9636443287017755e-05
/Users/aswanathjs/Downloads/test10/ai_plastic_waste_management_training/LDPE Plastic/plastic_bags/LDPE-267_jpg.rf.08f5f7fdd6295e5a9f6e699deb3ab5f1.jpg,1,LDPE Plastic,1,LDPE Plastic,0.9952542781829834,0.0012055054539814591,0.9952542781829834,0.0008202006574720144,0.0013694452354684472,0.001350505743175745
"/Users/aswanathjs/Downloads/test10/ai_plastic_waste_management_training/PET Plastic/plastic_bottles/PET1,682.jpg",2,PET Plastic,2,PET Plastic,0.6634209156036377,0.008830620907247066,0.15364699065685272,0.6634209156036377,0.1492411345243454,0.024860335513949394
/Users/aswanathjs/Downloads/test10/ai_plastic_waste_management_training/PP Plastic/round_containers/IMG_20220210_105901.jpg,3,PP Plastic,3,PP Plastic,0.9413883686065674,0.027249207720160484,0.0019205755088478327,0.025760579854249954,0.9413883686065674,0.003681347006931901
/Users/aswanathjs/Downloads/test10/ai_plastic_waste_management_training/HDPE Plastic/detergent_bottles/P_W (498).jpg,0,HDPE Plastic,0,HDPE Plastic,0.9989560842514038,0.9989560842514038,3.570857188606169e-06,0.0003496218123473227,0.0006710140150971711,1.9663930288515985e-05
/Users/aswanathjs/Downloads/test10/ai_plastic_waste_management_training/HDPE Plastic/detergent_botteles_grey/P_W (498).jpg,0,HDPE Plastic,0,HDPE Plastic,0.8188806176185608,0.8188806176185608,0.07053866237401962,0.03804521635174751,0.04995318874716759,0.0225822813808918
/Users/aswanathjs/Downloads/test10/ai_plastic_waste_management_training/PP Plastic/round_containers/0035_a06b01c1d0e0f0g0h4.jpg,3,PP Plastic,3,PP Plastic,0.9992460012435913,0.00013489875709638,0.00011577931581996381,0.00018722641107160598,0.9992460012435913,0.00031610840233042836
/Users/aswanathjs/Downloads/test10/ai_plastic_waste_management_training/PET Plastic/black_white_plastic_bottles/aukjz_jpg.rf.d404c4389f3e6f61d76bf3cef52ebd77.jpg,2,PET Plastic,2,PET Plastic,0.9921267032623291,0.0010021800408139825,0.005430401768535376,0.9921267032623291,0.0008299379842355847,0.0006107393419370055
/Users/aswanathjs/Downloads/test10/ai_plastic_waste_management_training/PET Plastic/shampoo_bottles/0050_a05b00c1d0e1f1g0h0.jpg,2,PET Plastic,2,PET Plastic,0.9092892408370972,0.08199663460254669,0.00047607047599740326,0.9092892408370972,0.007502411026507616,0.0007356280693784356
/Users/aswanathjs/Downloads/test10/ai_plastic_waste_management_training/PET Plastic/plastic_bottles/PET988.jpg,2,PET Plastic,2,PET Plastic,0.9997546076774597,0.00020329236576799303,9.48572142078774e-06,0.9997546076774597,2.051357841992285e-05,1.2035035069857258e-05
/Users/aswanathjs/Downloads/test10/ai_plastic_waste_management_training/HDPE Plastic/shampoo_bottles/0078_a02b07c2d3e0f1g0h2.jpg,0,HDPE Plastic,0,HDPE Plastic,0.9995330572128296,0.9995330572128296,6.238236528588459e-05,7.679424015805125e-06,0.0003857772971969098,1.1195789738849271e-05
/Users/aswanathjs/Downloads/test10/ai_plastic_waste_management_training/HDPE Plastic/milk_bottles/HDPEM189.jpg,0,HDPE Plastic,0,HDPE Plastic,0.9998700618743896,0.9998700618743896,1.1585150332393823e-06,4.659921251004562e-05,6.905944610480219e-05,1.3149440746929031e-05
/Users/aswanathjs/Downloads/test10/ai_plastic_waste_management_training/PP Plastic/square_containers/Image_178.png,3,PP Plastic,3,PP Plastic,0.6092928647994995,0.026695452630519867,0.14716999232769012,0.0071592447347939014,0.6092928647994995,0.20968234539031982
/Users/aswanathjs/Downloads/test10/ai_plastic_waste_management_training/PS Plastic/foam_containers/Image_178.png,3,PP Plastic,4,PS Plastic,0.4180947244167328,0.1213911697268486,0.2351694405078888,0.05421126261353493,0.1711333990097046,0.4180947244167328
/Users/aswanathjs/Downloads/test10/ai_plastic_waste_management_training/PP Plastic/round_containers/0032_a05b01c2d2e0f0g0h0.jpg,3,PP Plastic,3,PP Plastic,0.9974483251571655,0.001787861343473196,9.67813321040012e-05,0.00031226652208715677,0.9974483251571655,0.0003547395463101566
/Users/aswanathjs/Downloads/test10/ai_plastic_waste_management_training/PP Plastic/round_containers/IMG_20220209_173243.jpg,3,PP Plastic,3,PP Plastic,0.8930563926696777,0.014611591584980488,0.03635050728917122,0.016779189929366112,0.8930563926696777,0.03920227661728859
/Users/aswanathjs/Downloads/test10/ai_plastic_waste_management_training/PP Plastic/square_containers_grey/IMG_20220209_173137.jpg,3,PP Plastic,3,PP Plastic,0.879804790019989,0.05309763178229332,0.010901604779064655,0.011862901970744133,0.879804790019989,0.044333044439554214
/Users/aswanathjs/Downloads/test10/ai_plastic_waste_management_training/PP Plastic/square_containers/IMG_20220209_173137.jpg,3,PP Plastic,3,PP Plastic,0.9851742386817932,0.013087544590234756,0.0003601617063395679,7.963374810060486e-05,0.9851742386817932,0.001298364601098001
/Users/aswanathjs/Downloads/test10/ai_plastic_waste_management_training/HDPE Plastic/milk_bottles/HDPEM69.jpg,0,HDPE Plastic,0,HDPE Plastic,0.9999638795852661,0.9999638795852661,5.44030172022758e-07,3.6833664580626646e-06,1.9408487787586637e-05,1.2564459211716894e-05
/Users/aswanathjs/Downloads/test10/ai_plastic_waste_management_training/PP Plastic/round_containers/IMG_20220209_172725.jpg,3,PP Plastic,3,PP Plastic,0.969235897064209,0.015544568188488483,0.006344784051179886,0.004754954483360052,0.969235897064209,0.004119801800698042
/Users/aswanathjs/Downloads/test10/ai_plastic_waste_management_training/LDPE Plastic/plastic_bags/LDPE-304_jpg.rf.6a4737fb686649f07f91cdd5603931d4.jpg,1,LDPE Plastic,1,LDPE Plastic,0.9963260293006897,0.00019562814850360155,0.9963260293006897,0.00044727983186021447,0.0010764198377728462,0.0019545857794582844
/Users/aswanathjs/Downloads/test10/ai_plastic_waste_management_training/HDPE Plastic/shampoo_bottles/0076_a02b06c1d1e0f1g0h2.jpg,0,HDPE Plastic,0,HDPE Plastic,0.9996744394302368,0.9996744394302368,3.6477986213867553e-06,0.00019310283823870122,9.911429515341297e-05,2.9816410460625775e-05
/Users/aswanathjs/Downloads/test10/ai_plastic_waste_management_training/PET Plastic/plastic_bottles/PET929.jpg,2,PET Plastic,2,PET Plastic,0.9997838139533997,8.124757005134597e-05,5.790007708128542e-05,0.9997838139533997,4.8299552872776985e-05,2.8784623282263055e-05
/Users/aswanathjs/Downloads/test10/ai_plastic_waste_management_training/PP Plastic/round_containers/0032_a05b01c2d3e0f0g0h0.jpg,3,PP Plastic,3,PP Plastic,0.9539706110954285,0.03965051472187042,0.0005565747269429266,0.002614594530314207,0.9539706110954285,0.0032076810020953417
/Users/aswanathjs/Downloads/test10/ai_plastic_waste_management_training/HDPE Plastic/detergent_bottles/P_W (497).jpg,0,HDPE Plastic,0,HDPE Plastic,0.9980642199516296,0.9980642199516296,4.92918370582629e-05,0.00045926665188744664,0.0013823524350300431,4.490093488129787e-05
/Users/aswanathjs/Downloads/test10/ai_plastic_waste_management_training/HDPE Plastic/shampoo_bottles/0061_a02b01c1d0e0f1g0h1.jpg,0,HDPE Plastic,0,HDPE Plastic,0.9934511184692383,0.9934511184692383,9.42665574257262e-05,0.005475318059325218,0.0007549970760010183,0.00022431209799833596
/Users/aswanathjs/Downloads/test10/ai_plastic_waste_management_training/HDPE Plastic/shampoo_bottles/0075_a02b01c2d2e0f0g0h2.jpg,0,HDPE Plastic,0,HDPE Plastic,0.9988549947738647,0.9988549947738647,4.5210366806713864e-05,9.446006151847541e-05,0.00099820492323488,7.107553756213747e-06
/Users/aswanathjs/Downloads/test10/ai_plastic_waste_management_training/LDPE Plastic/plastic_bags/LDPE-540_jpg.rf.422bc66460f31f2bfe56acaf6490d8be.jpg,1,LDPE Plastic,1,LDPE Plastic,0.9904572367668152,0.0026211945805698633,0.9904572367668152,0.001703224261291325,0.0028233195189386606,0.0023950531613081694
/Users/aswanathjs/Downloads/test10/ai_plastic_waste_management_training/PET Plastic/shampoo_bottles/0050_a05b00c2d3e1f1g0h3.jpg,2,PET Plastic,2,PET Plastic,0.9859775304794312,0.007822860963642597,0.00022214808268472552,0.9859775304794312,0.0055573177523911,0.000420179043430835
"/Users/aswanathjs/Downloads/test10/ai_plastic_waste_management_training/PET Plastic/plastic_bottles/PET1,019.jpg",2,PET Plastic,2,PET Plastic,0.9995052814483643,0.00020335371664259583,5.34190476173535e-05,0.9995052814483643,0.0001275994291063398,0.00011034829367417842
/Users/aswanathjs/Downloads/test10/ai_plastic_waste_management_training/HDPE Plastic/milk_bottles/HDPEM363.jpg,0,HDPE Plastic,0,HDPE Plastic,0.9989027976989746,0.9989027976989746,6.572755864908686e-06,0.0004860691260546446,0.0004244052688591182,0.00018018955597653985
/Users/aswanathjs/Downloads/test10/ai_plastic_waste_management_training/PS Plastic/foam_sheets/PS-757_jpg.rf.9e920e626766a1795cd9085be3b44eda.jpg,4,PS Plastic,4,PS Plastic,0.9976680874824524,0.0008061523549258709,0.00039019525866024196,0.0004465986858122051,0.000689007225446403,0.9976680874824524
/Users/aswanathjs/Downloads/test10/ai_plastic_waste_management_training/LDPE Plastic/plastic_bags/LDPE-382_jpg.rf.81219eceeb06ef2a9b2549721bc03643.jpg,1,LDPE Plastic,1,LDPE Plastic,0.99777752161026,0.00010505524551263079,0.99777752161026,0.00019102563965134323,0.0009489855146966875,0.0009774065110832453
/Users/aswanathjs/Downloads/test10/ai_plastic_waste_management_training/PP Plastic/irregular_containers/train_PP-55_jpg.rf.8c2c94bed4bde80d5205e6898c5ba4ce.jpg,3,PP Plastic,3,PP Plastic,0.997401237487793,0.002032075310125947,9.314916496805381e-06,0.0003809538029599935,0.997401237487793,0.00017647560162004083
/Users/aswanathjs/Downloads/test10/ai_plastic_waste_management_training/PET Plastic/plastic_bottles/PET962.jpg,2,PET Plastic,2,PET Plastic,0.9998756647109985,1.586252255947329e-05,1.269633685296867e-05,0.9998756647109985,7.851870032027364e-05,1.7331754861515947e-05
/Users/aswanathjs/Downloads/test10/ai_plastic_waste_management_training/PET Plastic/black_white_plastic_bottles/covrq_jpg.rf.bc93fdb5afb3d0650a66d76e971b8ac5.jpg,2,PET Plastic,2,PET Plastic,0.9660729765892029,0.00481754494830966,0.025758035480976105,0.9660729765892029,0.0018691392615437508,0.0014823481906205416
/Users/aswanathjs/Downloads/test10/ai_plastic_waste_management_training/LDPE Plastic/black_white__plastic_bags/0145_jpg.rf.17daf4d0b51d83ccf09f95bde89f1452.jpg,1,LDPE Plastic,1,LDPE Plastic,0.9644584655761719,0.004979143384844065,0.9644584655761719,0.011889480985701084,0.013565716333687305,0.0051071736961603165
/Users/aswanathjs/Downloads/test10/ai_plastic_waste_management_training/PET Plastic/plastic_bottles/PET790.jpg,2,PET Plastic,2,PET Plastic,0.997643768787384,0.0011532846838235855,0.00012920393783133477,0.997643768787384,0.0006841993308626115,0.00038955145282670856
"/Users/aswanathjs/Downloads/test10/ai_plastic_waste_management_training/PET Plastic/plastic_bottles/PET1,270.jpg",2,PET Plastic,2,PET Plastic,0.981702446937561,0.016216373071074486,0.0002576745464466512,0.981702446937561,0.0013958705822005868,0.0004277382104191929
/Users/aswanathjs/Downloads/test10/ai_plastic_waste_management_training/PP Plastic/round_containers/IMG_20220209_173451.jpg,3,PP Plastic,3,PP Plastic,0.990228533744812,0.001269245520234108,0.004723725374788046,0.0015172536950558424,0.990228533744812,0.002261286834254861
/Users/aswanathjs/Downloads/test10/ai_plastic_waste_management_training/LDPE Plastic/plastic_bags/LDPE-399_jpg.rf.55d36afa8afe74c2e3877698b625e26e.jpg,1,LDPE Plastic,1,LDPE Plastic,0.9968820810317993,0.00015903411258477718,0.9968820810317993,0.00036594958510249853,0.0009399837581440806,0.0016529039712622762
"/Users/aswanathjs/Downloads/test10/ai_plastic_waste_management_training/PET Plastic/plastic_bottles/PET1,718.jpg",2,PET Plastic,2,PET Plastic,0.8794142603874207,0.012919827364385128,0.011248157359659672,0.8794142603874207,0.09293504059314728,0.0034826858900487423
/Users/aswanathjs/Downloads/test10/ai_plastic_waste_management_training/PET Plastic/plastic_bottles/PET833.jpg,2,PET Plastic,2,PET Plastic,0.9989602565765381,0.00012440085993148386,0.0007716178661212325,0.9989602565765381,0.00010490979184396565,3.8838101318106055e-05
/Users/aswanathjs/Downloads/test10/ai_plastic_waste_management_training/PP Plastic/round_containers/0031_a05b01c1d0e0f0g0h0.jpg,3,PP Plastic,3,PP Plastic,0.9979363679885864,0.0016393762780353427,6.413011578842998e-05,0.0002678389719221741,0.9979363679885864,9.226619295077398e-05
/Users/aswanathjs/Downloads/test10/ai_plastic_waste_management_training/HDPE Plastic/milk_bottles/P_W (1042).jpg,0,HDPE Plastic,0,HDPE Plastic,0.9916670918464661,0.9916670918464661,0.00020825944375246763,0.000928875058889389,0.000611768860835582,0.006584047805517912
/Users/aswanathjs/Downloads/test10/ai_plastic_waste_management_training/HDPE Plastic/shampoo_bottles/0077_a02b01c2d0e0f1g0h3.jpg,0,HDPE Plastic,0,HDPE Plastic,0.9087539911270142,0.9087539911270142,0.0005593522218987346,0.08649298548698425,0.0018023940501734614,0.0023912708275020123
/Users/aswanathjs/Downloads/test10/ai_plastic_waste_management_training/HDPE Plastic/detergent_bottles/finish.jpg,0,HDPE Plastic,0,HDPE Plastic,0.9896395206451416,0.9896395206451416,0.0031613705214112997,0.0016290987841784954,0.0032317987643182278,0.002338263439014554
/Users/aswanathjs/Downloads/test10/ai_plastic_waste_management_training/PP Plastic/square_containers_grey/0011_a05b00c2d3e0f0g0h2.jpg,3,PP Plastic,3,PP Plastic,0.9634450078010559,0.01177237182855606,0.0051367925480008125,0.0068426416255533695,0.9634450078010559,0.012803192250430584
/Users/aswanathjs/Downloads/test10/ai_plastic_waste_management_training/PP Plastic/rectangle_containers/0011_a05b00c2d3e0f0g0h2.jpg,3,PP Plastic,3,PP Plastic,0.9814505577087402,0.0033585887867957354,0.00154442701023072,0.00640124874189496,0.9814505577087402,0.007245186250656843
/Users/aswanathjs/Downloads/test10/ai_plastic_waste_management_training/PP Plastic/square_containers/0011_a05b00c2d3e0f0g0h2.jpg,3,PP Plastic,3,PP Plastic,0.9814505577087402,0.0033585887867957354,0.00154442701023072,0.00640124874189496,0.9814505577087402,0.007245186250656843
/Users/aswanathjs/Downloads/test10/ai_plastic_waste_management_training/PET Plastic/shampoo_bottles/0050_a05b00c1d1e1f1g0h2.jpg,2,PET Plastic,2,PET Plastic,0.9971702694892883,0.0012451664078980684,0.00025326310424134135,0.9971702694892883,0.0009194719023071229,0.00041177618550136685
/Users/aswanathjs/Downloads/test10/ai_plastic_waste_management_training/HDPE Plastic/milk_bottles/HDPEM58.jpg,0,HDPE Plastic,0,HDPE Plastic,0.9986646175384521,0.9986646175384521,4.4631801756622735e-06,0.0010610384633764625,0.00019396650895942003,7.586476567666978e-05
/Users/aswanathjs/Downloads/test10/ai_plastic_waste_management_training/HDPE Plastic/milk_bottles_grey/HDPEM58.jpg,0,HDPE Plastic,0,HDPE Plastic,0.9830979704856873,0.9830979704856873,0.00019419538148213178,0.0009701850940473378,0.015444205142557621,0.0002934797666966915
/Users/aswanathjs/Downloads/test10/ai_plastic_waste_management_training/HDPE Plastic/milk_bottles/HDPEM144.jpg,0,HDPE Plastic,0,HDPE Plastic,0.9985129237174988,0.9985129237174988,4.920967057842063e-06,0.0007008523680269718,0.0007432540878653526,3.812547220150009e-05
/Users/aswanathjs/Downloads/test10/ai_plastic_waste_management_training/PET Plastic/black_white_plastic_bottles/crhvi_jpg.rf.48f9aed63469779d4cfbf4b3b4b1ce1c.jpg,2,PET Plastic,2,PET Plastic,0.9996007084846497,0.00013425694487523288,2.356140066694934e-05,0.9996007084846497,0.0001669042103458196,7.461415225407109e-05
"/Users/aswanathjs/Downloads/test10/ai_plastic_waste_management_training/PET Plastic/plastic_bottles/PET1,134.jpg",2,PET Plastic,2,PET Plastic,0.9885104298591614,0.0027796817012131214,0.0057177613489329815,0.9885104298591614,0.0023632654920220375,0.0006289540324360132
/Users/aswanathjs/Downloads/test10/ai_plastic_waste_management_training/HDPE Plastic/milk_bottles/HDPEM289.jpg,0,HDPE Plastic,0,HDPE Plastic,0.990281343460083,0.990281343460083,1.0959755854855757e-05,0.004529623780399561,0.005064423196017742,0.00011372203152859583
/Users/aswanathjs/Downloads/test10/ai_plastic_waste_management_training/HDPE Plastic/shampoo_bottles/0061_a02b01c1d2e0f1g0h0.jpg,0,HDPE Plastic,0,HDPE Plastic,0.9906258583068848,0.9906258583068848,0.0005976271349936724,0.005947819910943508,0.0012719975784420967,0.0015566941583529115
/Users/aswanathjs/Downloads/test10/ai_plastic_waste_management_training/HDPE Plastic/shampoo_bottles/0065_a02b03c2d1e0f1g0h4.jpg,0,HDPE Plastic,0,HDPE Plastic,0.9992774128913879,0.9992774128913879,1.6190530004678294e-05,0.00034389030770398676,0.00026441054069437087,9.807843889575452e-05
"/Users/aswanathjs/Downloads/test10/ai_plastic_waste_management_training/PET Plastic/plastic_bottles/PET1,253.jpg",2,PET Plastic,2,PET Plastic,0.9993909597396851,0.00033854672801680863,5.757297458330868e-06,0.9993909597396851,0.00022904531215317547,3.5698627470992506e-05
"/Users/aswanathjs/Downloads/test10/ai_plastic_waste_management_training/PET Plastic/plastic_bottles/PET1,502.jpg",2,PET Plastic,2,PET Plastic,0.9989204406738281,0.0006998110911808908,3.355716398800723e-05,0.9989204406738281,0.00015057677228469402,0.0001956561318365857
/Users/aswanathjs/Downloads/test10/ai_plastic_waste_management_training/PET Plastic/black_white_plastic_bottles/aznsw_jpg.rf.7864545913a69ecd6256c025d2b5853e.jpg,2,PET Plastic,2,PET Plastic,0.9999375343322754,1.1312488823023159e-05,4.389196419651853e-06,0.9999375343322754,3.974287392338738e-05,7.0020996645325795e-06
/Users/aswanathjs/Downloads/test10/ai_plastic_waste_management_training/HDPE Plastic/milk_bottles/HDPEM130.jpg,0,HDPE Plastic,0,HDPE Plastic,0.9999701976776123,0.9999701976776123,4.1843350118142553e-07,8.08027198218042e-06,1.4209138498699758e-05,7.082856882334454e-06
/Users/aswanathjs/Downloads/test10/ai_plastic_waste_management_training/PET Plastic/shampoo_bottles/IMG_20220209_220305.jpg,2,PET Plastic,2,PET Plastic,0.6165366172790527,0.358193576335907,0.0007069708663038909,0.6165366172790527,0.02210976928472519,0.0024531192611902952
/Users/aswanathjs/Downloads/test10/ai_plastic_waste_management_training/HDPE Plastic/milk_bottles/HDPEM266.jpg,0,HDPE Plastic,0,HDPE Plastic,0.9985954165458679,0.9985954165458679,3.8086975109763443e-05,0.0002656948927324265,0.0009939714800566435,0.0001068381461664103
/Users/aswanathjs/Downloads/test10/ai_plastic_waste_management_training/HDPE Plastic/milk_bottles/HDPEM11.jpg,0,HDPE Plastic,0,HDPE Plastic,0.9956746697425842,0.9956746697425842,4.189378523733467e-05,0.0018881333526223898,0.0005364475655369461,0.0018587594386190176
/Users/aswanathjs/Downloads/test10/ai_plastic_waste_management_training/HDPE Plastic/shampoo_bottles/0078_a02b07c2d2e0f1g0h1.jpg,0,HDPE Plastic,0,HDPE Plastic,0.9967594742774963,0.9967594742774963,0.0002497142704669386,0.0008486261358484626,0.0019648163579404354,0.00017736699373926967
/Users/aswanathjs/Downloads/test10/ai_plastic_waste_management_training/LDPE Plastic/black_white__plastic_bags/0129_jpg.rf.ae6a8d268dbd6910c95e855cf06cd7f9.jpg,1,LDPE Plastic,1,LDPE Plastic,0.6789360046386719,0.22460617125034332,0.6789360046386719,0.01849125511944294,0.0673585757613182,0.010608029551804066
/Users/aswanathjs/Downloads/test10/ai_plastic_waste_management_training/PET Plastic/black_white_plastic_bottles/amyit_jpg.rf.5a1bf148fd2170f04ec49c8ee841b105.jpg,2,PET Plastic,2,PET Plastic,0.9910352826118469,0.0011320075718685985,0.0028413040563464165,0.9910352826118469,0.0037857957649976015,0.0012055962579324841
/Users/aswanathjs/Downloads/test10/ai_plastic_waste_management_training/HDPE Plastic/shampoo_bottles/0063_a02b01c1d1e0f1g1h4.jpg,0,HDPE Plastic,0,HDPE Plastic,0.9984097480773926,0.9984097480773926,2.761135647233459e-06,0.0008857307839207351,0.0006527149234898388,4.899890336673707e-05
/Users/aswanathjs/Downloads/test10/ai_plastic_waste_management_training/HDPE Plastic/shampoo_bottles/0063_a02b01c1d1e0f1g1h2.jpg,0,HDPE Plastic,0,HDPE Plastic,0.9902984499931335,0.9902984499931335,4.707867628894746e-05,0.0010605945717543364,0.008169852197170258,0.00042404161649756134
"/Users/aswanathjs/Downloads/test10/ai_plastic_waste_management_training/PET Plastic/plastic_bottles/PET1,203.jpg",2,PET Plastic,2,PET Plastic,0.9997009038925171,0.00017361700884066522,5.049027095083147e-05,0.9997009038925171,1.9848903320962563e-05,5.518723628483713e-05
/Users/aswanathjs/Downloads/test10/ai_plastic_waste_management_training/PP Plastic/round_containers/0043_a06b01c1d1e0f0g0h4.jpg,3,PP Plastic,3,PP Plastic,0.8336727619171143,0.1627725213766098,0.00022239515965338796,0.0024625156074762344,0.8336727619171143,0.0008697541197761893
/Users/aswanathjs/Downloads/test10/ai_plastic_waste_management_training/HDPE Plastic/shampoo_bottles/0061_a02b01c1d0e0f1g0h3.jpg,0,HDPE Plastic,0,HDPE Plastic,0.9991154074668884,0.9991154074668884,2.2656653527519666e-05,0.0003917092108167708,0.00038949446752667427,8.077974052866921e-05
/Users/aswanathjs/Downloads/test10/ai_plastic_waste_management_training/LDPE Plastic/plastic_bags/LDPE-14_jpg.rf.ab69978daed73af447299f1983365e66.jpg,1,LDPE Plastic,1,LDPE Plastic,0.9998641014099121,3.3038362744264305e-05,0.9998641014099121,4.2331892473157495e-05,4.275457467883825e-05,1.7764179574442096e-05
/Users/aswanathjs/Downloads/test10/ai_plastic_waste_management_training/HDPE Plastic/shampoo_bottles/0061_a02b01c2d1e0f1g0h1(1).jpg,0,HDPE Plastic,0,HDPE Plastic,0.9999082088470459,0.9999082088470459,1.466910134695354e-06,5.6368226069025695e-05,2.6267061912221834e-05,7.679289410589263e-06
/Users/aswanathjs/Downloads/test10/ai_plastic_waste_management_training/PP Plastic/round_containers/0044_a06b01c1d2e0f0g0h4.jpg,3,PP Plastic,3,PP Plastic,0.9928344488143921,0.0002851855824701488,0.0006156525923870504,0.004785486031323671,0.9928344488143921,0.0014791953144595027
/Users/aswanathjs/Downloads/test10/ai_plastic_waste_management_training/PS Plastic/foam_sheets/PS-738_jpg.rf.16d2cdfe8999d6e332e483dac5beca65.jpg,4,PS Plastic,4,PS Plastic,0.9954094290733337,0.00038133925409056246,0.0012224864913150668,0.0009430818608961999,0.002043531509116292,0.9954094290733337
/Users/aswanathjs/Downloads/test10/ai_plastic_waste_management_training/LDPE Plastic/plastic_bags/plasticbag (120).jpg,1,LDPE Plastic,1,LDPE Plastic,0.932258665561676,0.009140634909272194,0.932258665561676,0.008481125347316265,0.03507472574710846,0.01504487730562687
/Users/aswanathjs/Downloads/test10/ai_plastic_waste_management_training/HDPE Plastic/detergent_bottles/0096_a02b04c1d1e0f0g0h4.jpg,0,HDPE Plastic,0,HDPE Plastic,0.999556839466095,0.999556839466095,8.170004548446741e-06,5.5722910474287346e-05,0.0003655011241789907,1.3752538507105783e-05
/Users/aswanathjs/Downloads/test10/ai_plastic_waste_management_training/HDPE Plastic/milk_bottles/HDPEM387.jpg,0,HDPE Plastic,0,HDPE Plastic,0.9995409250259399,0.9995409250259399,5.554743893299019e-06,1.0186066674577887e-06,0.0004157663497608155,3.66961867257487e-05
/Users/aswanathjs/Downloads/test10/ai_plastic_waste_management_training/HDPE Plastic/milk_bottles/HDPEM97.jpg,0,HDPE Plastic,0,HDPE Plastic,0.9998034834861755,0.9998034834861755,7.998009721177368e-08,6.909207149874419e-05,0.00010245236626360565,2.4934324756031856e-05
/Users/aswanathjs/Downloads/test10/ai_plastic_waste_management_training/PP Plastic/irregular_containers/train_PP-77_jpg.rf.4b2f1cf2391ee884d4caa557cc60d005.jpg,3,PP Plastic,3,PP Plastic,0.8403168320655823,0.011177238076925278,0.08885356783866882,0.007001304067671299,0.8403168320655823,0.0526510588824749
/Users/aswanathjs/Downloads/test10/ai_plastic_waste_management_training/PS Plastic/foam_containers/Image_23.png,4,PS Plastic,4,PS Plastic,0.5469332337379456,0.0640714168548584,0.2238236516714096,0.028882436454296112,0.1362892985343933,0.5469332337379456
/Users/aswanathjs/Downloads/test10/ai_plastic_waste_management_training/LDPE Plastic/plastic_bags/plasticbag (32).jpg,1,LDPE Plastic,1,LDPE Plastic,0.979881763458252,0.005662699695676565,0.979881763458252,0.0031509750988334417,0.005574697628617287,0.005729925353080034
/Users/aswanathjs/Downloads/test10/ai_plastic_waste_management_training/LDPE Plastic/plastic_bags/LDPE-316_jpg.rf.83ca2f22ad905e488516a44d976149f5.jpg,1,LDPE Plastic,1,LDPE Plastic,0.9978391528129578,0.00014434805780183524,0.9978391528129578,0.00026573584182187915,0.0006072170799598098,0.0011435720371082425
/Users/aswanathjs/Downloads/test10/ai_plastic_waste_management_training/PS Plastic/foam_containers/0058_a06b01c1d1e0f0g0h2.jpg,4,PS Plastic,4,PS Plastic,0.9990662932395935,0.00013801318709738553,0.00012348295422270894,8.564392192056403e-05,0.0005866111605428159,0.9990662932395935
"/Users/aswanathjs/Downloads/test10/ai_plastic_waste_management_training/PET Plastic/plastic_bottles/PET1,347.jpg",2,PET Plastic,2,PET Plastic,0.9982396364212036,0.001413554884493351,1.0944517271127552e-05,0.9982396364212036,0.00029235176043584943,4.3473977711983025e-05
/Users/aswanathjs/Downloads/test10/ai_plastic_waste_management_training/HDPE Plastic/shampoo_bottles/0077_a02b01c1d0e0f1g0h4.jpg,0,HDPE Plastic,0,HDPE Plastic,0.9977583885192871,0.9977583885192871,9.586450687493198e-06,0.0019135520560666919,7.015508163021877e-05,0.00024833690258674324
/Users/aswanathjs/Downloads/test10/ai_plastic_waste_management_training/PP Plastic/rectangle_containers/train_PP-34-_jpg.rf.f55235ecaa1a8ecd391b63c35e33b0e1.jpg,3,PP Plastic,3,PP Plastic,0.9191815257072449,0.006820159498602152,0.007262760307639837,0.0005790217546746135,0.9191815257072449,0.06615648418664932
/Users/aswanathjs/Downloads/test10/ai_plastic_waste_management_training/PP Plastic/rectangle_containers_grey/train_PP-34-_jpg.rf.f55235ecaa1a8ecd391b63c35e33b0e1.jpg,3,PP Plastic,3,PP Plastic,0.9173959493637085,0.004311848897486925,0.006370412651449442,0.0008810481522232294,0.9173959493637085,0.07104068249464035
/Users/aswanathjs/Downloads/test10/ai_plastic_waste_management_training/LDPE Plastic/plastic_bags/plasticbag (43).jpg,1,LDPE Plastic,1,LDPE Plastic,0.976504921913147,0.005936168599873781,0.976504921913147,0.0016878113383427262,0.009827571921050549,0.006043552421033382
/Users/aswanathjs/Downloads/test10/ai_plastic_waste_management_training/PET Plastic/plastic_bottles/PET287.jpg,2,PET Plastic,2,PET Plastic,0.9806252717971802,0.01568245328962803,0.00056422408670187,0.9806252717971802,0.002392717869952321,0.0007352728280238807
"/Users/aswanathjs/Downloads/test10/ai_plastic_waste_management_training/PET Plastic/plastic_bottles/PET1,285.jpg",2,PET Plastic,2,PET Plastic,0.9967693090438843,0.0011383075034245849,0.0002811801678035408,0.9967693090438843,0.0015547263901680708,0.0002564348396845162
/Users/aswanathjs/Downloads/test10/ai_plastic_waste_management_training/PET Plastic/black_white_plastic_bottles/dbeav_jpg.rf.94dea5a2435a077ef60c927ecc8f40c4.jpg,2,PET Plastic,2,PET Plastic,0.942163348197937,0.006150467321276665,0.04107097536325455,0.942163348197937,0.006778540089726448,0.0038366529624909163
/Users/aswanathjs/Downloads/test10/ai_plastic_waste_management_training/PET Plastic/black_white_plastic_bottles/cjdyf_jpg.rf.256e5435b5cf40af12fda51f80f22b06.jpg,2,PET Plastic,2,PET Plastic,0.9876770377159119,0.003049705643206835,0.004977657459676266,0.9876770377159119,0.002819941146299243,0.0014756887685507536
/Users/aswanathjs/Downloads/test10/ai_plastic_waste_management_training/LDPE Plastic/plastic_bags/plasticbag (63).jpg,1,LDPE Plastic,1,LDPE Plastic,0.9331504106521606,0.01714235357940197,0.9331504106521606,0.005489936098456383,0.03235160559415817,0.01186567172408104
/Users/aswanathjs/Downloads/test10/ai_plastic_waste_management_training/PP Plastic/rectangle_containers/0011_a05b00c2d3e0f0g0h0.jpg,3,PP Plastic,3,PP Plastic,0.8512234687805176,0.0015958131989464164,0.001045447657816112,0.14557428658008575,0.8512234687805176,0.0005609994987025857
/Users/aswanathjs/Downloads/test10/ai_plastic_waste_management_training/PP Plastic/square_containers/0011_a05b00c2d3e0f0g0h0.jpg,3,PP Plastic,3,PP Plastic,0.8512234687805176,0.0015958131989464164,0.001045447657816112,0.14557428658008575,0.8512234687805176,0.0005609994987025857
/Users/aswanathjs/Downloads/test10/ai_plastic_waste_management_training/PET Plastic/shampoo_bottles/0080_a05b00c1d3e0f1g0h4.jpg,2,PET Plastic,2,PET Plastic,0.8484712839126587,0.08900491893291473,0.0023985945153981447,0.8484712839126587,0.053066253662109375,0.007058930117636919
/Users/aswanathjs/Downloads/test10/ai_plastic_waste_management_training/LDPE Plastic/plastic_bags/plasticbag (67).jpg,1,LDPE Plastic,1,LDPE Plastic,0.9665883183479309,0.007019280921667814,0.9665883183479309,0.004798093810677528,0.009128113277256489,0.012466278858482838
/Users/aswanathjs/Downloads/test10/ai_plastic_waste_management_training/HDPE Plastic/milk_bottles/HDPEM118.jpg,0,HDPE Plastic,0,HDPE Plastic,0.999968409538269,0.999968409538269,4.2604636973919696e-07,1.8240340068587102e-05,5.109113317303127e-06,7.838626515876967e-06
/Users/aswanathjs/Downloads/test10/ai_plastic_waste_management_training/HDPE Plastic/shampoo_bottles/0076_a02b06c2d3e0f1g0h1.jpg,0,HDPE Plastic,0,HDPE Plastic,0.9893807172775269,0.9893807172775269,0.003169167088344693,0.0008724440122023225,0.006252162158489227,0.000325522618368268
/Users/aswanathjs/Downloads/test10/ai_plastic_waste_management_training/LDPE Plastic/plastic_bags/LDPE-550_jpg.rf.3fd6e176828d49db1ae5409b73cc46dc.jpg,1,LDPE Plastic,1,LDPE Plastic,0.9941091537475586,0.0008556713000871241,0.9941091537475586,0.0007167649455368519,0.0016254483489319682,0.0026930298190563917
/Users/aswanathjs/Downloads/test10/ai_plastic_waste_management_training/LDPE Plastic/plastic_bags/train_LDPE-35_jpg.rf.83dfa5eda3f82cf88195daaaa429e567.jpg,1,LDPE Plastic,1,LDPE Plastic,0.9937258362770081,0.0022610770538449287,0.9937258362770081,0.000619739294052124,0.0016312508378177881,0.001762129832059145
/Users/aswanathjs/Downloads/test10/ai_plastic_waste_management_training/PS Plastic/foam_containers/Image_95.png,4,PS Plastic,4,PS Plastic,0.4748513400554657,0.03898940980434418,0.18112801015377045,0.0271710567176342,0.27786028385162354,0.4748513400554657
"/Users/aswanathjs/Downloads/test10/ai_plastic_waste_management_training/PET Plastic/plastic_bottles/PET1,453.jpg",2,PET Plastic,2,PET Plastic,0.996708869934082,0.00158290087711066,5.318101466400549e-05,0.996708869934082,0.001055618398822844,0.0005993538070470095
"/Users/aswanathjs/Downloads/test10/ai_plastic_waste_management_training/PET Plastic/plastic_bottles/PET1,060.jpg",2,PET Plastic,2,PET Plastic,0.9984697699546814,0.0009760328102856874,1.3484340342984069e-05,0.9984697699546814,0.00038964630221016705,0.0001509913126938045
/Users/aswanathjs/Downloads/test10/ai_plastic_waste_management_training/LDPE Plastic/plastic_bags/plasticbag (203).jpg,1,LDPE Plastic,1,LDPE Plastic,0.9872668385505676,0.003523217048496008,0.9872668385505676,0.0010823935735970736,0.0020050741732120514,0.006122398190200329
"/Users/aswanathjs/Downloads/test10/ai_plastic_waste_management_training/PET Plastic/plastic_bottles/PET1,170.jpg",2,PET Plastic,2,PET Plastic,0.9882559180259705,0.0013012242270633578,0.008439081721007824,0.9882559180259705,0.0012212387518957257,0.0007824649219401181
/Users/aswanathjs/Downloads/test10/ai_plastic_waste_management_training/HDPE Plastic/detergent_bottles/0098_a02b03c1d3e0f0g0h2.jpg,0,HDPE Plastic,0,HDPE Plastic,0.997107207775116,0.997107207775116,0.00011297667515464127,0.00027276098262518644,0.002475801622495055,3.131420453428291e-05
/Users/aswanathjs/Downloads/test10/ai_plastic_waste_management_training/HDPE Plastic/detergent_bottles/0096_a02b04c1d1e0f0g0h0.jpg,0,HDPE Plastic,0,HDPE Plastic,0.997875452041626,0.997875452041626,1.0196066796197556e-05,0.0017639179714024067,0.0003178598708473146,3.262875179643743e-05
/Users/aswanathjs/Downloads/test10/ai_plastic_waste_management_training/PS Plastic/foam_containers/Image_158.png,4,PS Plastic,4,PS Plastic,0.3661744296550751,0.13732701539993286,0.17517085373401642,0.05181797966361046,0.2695097029209137,0.3661744296550751
/Users/aswanathjs/Downloads/test10/ai_plastic_waste_management_training/PET Plastic/plastic_bottles/PET812.jpg,2,PET Plastic,2,PET Plastic,0.9999728202819824,1.7007583664963022e-05,6.923219757482002e-07,0.9999728202819824,8.326126589963678e-06,1.1060594715672778e-06
/Users/aswanathjs/Downloads/test10/ai_plastic_waste_management_training/LDPE Plastic/black_white__plastic_bags/0300_jpg.rf.3e144ddad01220b31b104cefe54d3b4f.jpg,1,LDPE Plastic,1,LDPE Plastic,0.981963038444519,0.007665054872632027,0.981963038444519,0.0015567789087072015,0.006858239881694317,0.0019568924326449633
"/Users/aswanathjs/Downloads/test10/ai_plastic_waste_management_training/PET Plastic/plastic_bottles/PET1,464.jpg",2,PET Plastic,2,PET Plastic,0.9985912442207336,0.0006948705413378775,9.582007805875037e-06,0.9985912442207336,0.0005939819384366274,0.00011037594231311232
/Users/aswanathjs/Downloads/test10/ai_plastic_waste_management_training/PS Plastic/foam_containers/Image_210.png,4,PS Plastic,4,PS Plastic,0.4664825201034546,0.015434316359460354,0.11314254254102707,0.004801422823220491,0.4001392424106598,0.4664825201034546
/Users/aswanathjs/Downloads/test10/ai_plastic_waste_management_training/PET Plastic/black_white_plastic_bottles/bgptc_jpg.rf.dab44768825d858df269e2ea67e18976.jpg,2,PET Plastic,2,PET Plastic,0.9987877011299133,0.0005117838736623526,0.00038215864333324134,0.9987877011299133,0.00019376464479137212,0.0001246060273842886
/Users/aswanathjs/Downloads/test10/ai_plastic_waste_management_training/PP Plastic/round_containers/0095_a05b01c1d3e0f0g0h2.jpg,3,PP Plastic,3,PP Plastic,0.942564070224762,0.020237106829881668,0.006170941982418299,0.02796286530792713,0.942564070224762,0.0030650864355266094
/Users/aswanathjs/Downloads/test10/ai_plastic_waste_management_training/PP Plastic/round_containers_grey/0095_a05b01c1d3e0f0g0h2.jpg,3,PP Plastic,3,PP Plastic,0.7207719087600708,0.09630188345909119,0.10215218365192413,0.06477903574705124,0.7207719087600708,0.015994928777217865
/Users/aswanathjs/Downloads/test10/ai_plastic_waste_management_training/HDPE Plastic/detergent_bottles/0096_a02b04c1d3e0f0g0h4.jpg,0,HDPE Plastic,0,HDPE Plastic,0.985105037689209,0.985105037689209,0.0008074235520325601,0.0004131757596042007,0.01317343208938837,0.0005009743617847562
/Users/aswanathjs/Downloads/test10/ai_plastic_waste_management_training/HDPE Plastic/milk_bottles/HDPEM254.jpg,0,HDPE Plastic,0,HDPE Plastic,0.9995641112327576,0.9995641112327576,7.440244189638179e-07,0.00041320404852740467,1.0483729056431912e-05,1.1390849067538511e-05
/Users/aswanathjs/Downloads/test10/ai_plastic_waste_management_training/PET Plastic/plastic_bottles/PET541.jpg,2,PET Plastic,2,PET Plastic,0.9996036887168884,0.00019199737289454788,2.322159161849413e-05,0.9996036887168884,0.00010723054583650082,7.384227501461282e-05
/Users/aswanathjs/Downloads/test10/ai_plastic_waste_management_training/PS Plastic/foam_containers/0058_a06b01c2d1e0f0g0h0.jpg,4,PS Plastic,4,PS Plastic,0.9991280436515808,7.002308848313987e-05,0.00012484869512263685,5.5580785556230694e-05,0.0006214271998032928,0.9991280436515808
/Users/aswanathjs/Downloads/test10/ai_plastic_waste_management_training/PS Plastic/foam_sheets/PS-673_jpg.rf.fddd5ce6f1abf3a0d5b4704101b89be3.jpg,4,PS Plastic,4,PS Plastic,0.9991381168365479,8.385036198887974e-05,0.0005777908372692764,1.9741684809559956e-05,0.00018049741629511118,0.9991381168365479
"/Users/aswanathjs/Downloads/test10/ai_plastic_waste_management_training/PET Plastic/plastic_bottles/PET1,558.jpg",2,PET Plastic,2,PET Plastic,0.9999312162399292,1.416460145264864e-05,2.5693872885312885e-05,0.9999312162399292,2.3326767404796556e-05,5.584623067989014e-06
/Users/aswanathjs/Downloads/test10/ai_plastic_waste_management_training/LDPE Plastic/black_white__plastic_bags/0000_jpg.rf.d30b3fb31177b9d3bf0d1d6bf0d253ed.jpg,1,LDPE Plastic,1,LDPE Plastic,0.9832378625869751,0.00243960740044713,0.9832378625869751,0.001086707692593336,0.010261901654303074,0.002973884344100952
/Users/aswanathjs/Downloads/test10/ai_plastic_waste_management_training/PET Plastic/shampoo_bottles/0050_a05b00c1d2e1f1g0h0.jpg,2,PET Plastic,2,PET Plastic,0.8450176119804382,0.026026371866464615,0.003851021872833371,0.8450176119804382,0.11862064898014069,0.006484407000243664
"/Users/aswanathjs/Downloads/test10/ai_plastic_waste_management_training/PET Plastic/plastic_bottles/PET1,441.jpg",2,PET Plastic,2,PET Plastic,0.999458372592926,0.00045788497664034367,9.431591934117023e-06,0.999458372592926,4.3155061575816944e-05,3.124143768218346e-05
/Users/aswanathjs/Downloads/test10/ai_plastic_waste_management_training/LDPE Plastic/plastic_bags/P_W (1375).jpg,1,LDPE Plastic,1,LDPE Plastic,0.9615660309791565,0.006683058105409145,0.9615660309791565,0.003026645164936781,0.015493584796786308,0.013230563141405582
/Users/aswanathjs/Downloads/test10/ai_plastic_waste_management_training/HDPE Plastic/detergent_bottles/0039_a02b01c2d1e0f1g0h1.jpg,0,HDPE Plastic,0,HDPE Plastic,0.9996428489685059,0.9996428489685059,5.6605884310556576e-05,5.656664870912209e-05,0.00019927987887058407,4.472401269595139e-05
/Users/aswanathjs/Downloads/test10/ai_plastic_waste_management_training/HDPE Plastic/detergent_botteles_grey/0039_a02b01c2d1e0f1g0h1.jpg,0,HDPE Plastic,0,HDPE Plastic,0.99744713306427,0.99744713306427,0.0012887523043900728,0.0005622034659609199,0.0004875653830822557,0.00021440441196318716
/Users/aswanathjs/Downloads/test10/ai_plastic_waste_management_training/HDPE Plastic/shampoo_bottles/0077_a02b01c2d0e0f1g0h1.jpg,0,HDPE Plastic,0,HDPE Plastic,0.9905644655227661,0.9905644655227661,7.911789725767449e-05,0.008396794088184834,0.0006002947338856757,0.0003593381552491337
/Users/aswanathjs/Downloads/test10/ai_plastic_waste_management_training/HDPE Plastic/milk_bottles/HDPEM1-003_jpg.rf.02cead67f36887e93c67c41f5f1bfa44.jpg,0,HDPE Plastic,0,HDPE Plastic,0.9956379532814026,0.9956379532814026,0.00037207192508503795,0.0022554630413651466,0.000897145364433527,0.0008373119053430855
/Users/aswanathjs/Downloads/test10/ai_plastic_waste_management_training/PET Plastic/plastic_bottles/PET808.jpg,2,PET Plastic,2,PET Plastic,0.9999077320098877,4.758993236464448e-05,1.619241629668977e-05,0.9999077320098877,1.013385372061748e-05,1.8277087292517535e-05
/Users/aswanathjs/Downloads/test10/ai_plastic_waste_management_training/HDPE Plastic/milk_bottles/HDPEM19.jpg,0,HDPE Plastic,0,HDPE Plastic,0.9998074173927307,0.9998074173927307,6.725324510625796e-07,3.7910707760602236e-05,9.500396845396608e-05,5.898766903555952e-05
/Users/aswanathjs/Downloads/test10/ai_plastic_waste_management_training/HDPE Plastic/shampoo_bottles/0061_a02b01c2d2e0f1g0h3.jpg,0,HDPE Plastic,0,HDPE Plastic,0.9998179078102112,0.9998179078102112,5.517630143003771e-06,2.6430250727571547e-05,0.00010768890933832154,4.240492853568867e-05
/Users/aswanathjs/Downloads/test10/ai_plastic_waste_management_training/LDPE Plastic/bin_bags/Image_162.png,1,LDPE Plastic,1,LDPE Plastic,0.9657765030860901,0.009352006018161774,0.9657765030860901,0.004461296368390322,0.011594428680837154,0.008815770037472248
/Users/aswanathjs/Downloads/test10/ai_plastic_waste_management_training/PP Plastic/round_containers/Image_162.png,1,LDPE Plastic,3,PP Plastic,0.5493863224983215,0.028669016435742378,0.3427557051181793,0.020819256082177162,0.5493863224983215,0.058369796723127365
/Users/aswanathjs/Downloads/test10/ai_plastic_waste_management_training/PS Plastic/foam_containers/Image_162.png,1,LDPE Plastic,1,LDPE Plastic,0.3855830132961273,0.09097955375909805,0.3855830132961273,0.04740186408162117,0.20512507855892181,0.2709105908870697
/Users/aswanathjs/Downloads/test10/ai_plastic_waste_management_training/HDPE Plastic/milk_bottles/HDPEM206.jpg,0,HDPE Plastic,0,HDPE Plastic,0.999981164932251,0.999981164932251,6.94460666750274e-08,4.59937200503191e-06,1.2532520486274734e-05,1.5545510905212723e-06
/Users/aswanathjs/Downloads/test10/ai_plastic_waste_management_training/PP Plastic/round_containers/0035_a06b01c1d1e0f0g0h4.jpg,3,PP Plastic,3,PP Plastic,0.9992808699607849,0.0001230169291375205,6.546109216287732e-05,9.488838986726478e-05,0.9992808699607849,0.00043572508729994297
/Users/aswanathjs/Downloads/test10/ai_plastic_waste_management_training/PET Plastic/black_white_plastic_bottles/anclz_jpg.rf.92ecae87db87c10f1c8d75dea103471d.jpg,2,PET Plastic,2,PET Plastic,0.9983599781990051,0.00014041583926882595,0.001000411226414144,0.9983599781990051,0.00034477905137464404,0.00015434286615345627
/Users/aswanathjs/Downloads/test10/ai_plastic_waste_management_training/LDPE Plastic/plastic_bags_grey/LDPE-61_jpg.rf.3a5a2fda5a32c4e56371b068fd24c573.jpg,1,LDPE Plastic,1,LDPE Plastic,0.9969672560691833,0.0008316457970067859,0.9969672560691833,0.0009456263505853713,0.00074665283318609,0.0005088922334834933
/Users/aswanathjs/Downloads/test10/ai_plastic_waste_management_training/LDPE Plastic/plastic_bags/LDPE-61_jpg.rf.3a5a2fda5a32c4e56371b068fd24c573.jpg,1,LDPE Plastic,1,LDPE Plastic,0.9948911666870117,0.0010820010211318731,0.9948911666870117,0.00083734723739326,0.0017816789913922548,0.0014077489031478763
/Users/aswanathjs/Downloads/test10/ai_plastic_waste_management_training/LDPE Plastic/plastic_bags/LDPE-61_jpg.rf.4814fa8f010b9ef2e752d3f3d967b1c8.jpg,1,LDPE Plastic,1,LDPE Plastic,0.9933288097381592,0.0018914964748546481,0.9933288097381592,0.0009850182104855776,0.0015959021402522922,0.0021987720392644405
"/Users/aswanathjs/Downloads/test10/ai_plastic_waste_management_training/PET Plastic/plastic_bottles/PET1,660.jpg",2,PET Plastic,2,PET Plastic,0.9996625185012817,0.00017041956016328186,2.002950532187242e-05,0.9996625185012817,0.00011122659634565935,3.5867888072971255e-05
/Users/aswanathjs/Downloads/test10/ai_plastic_waste_management_training/HDPE Plastic/milk_bottles/HDPEM437.jpg,0,HDPE Plastic,0,HDPE Plastic,0.9967233538627625,0.9967233538627625,3.3110089134424925e-05,0.0020014499314129353,0.0006370252231135964,0.0006050486699678004
/Users/aswanathjs/Downloads/test10/ai_plastic_waste_management_training/LDPE Plastic/bin_bags/Image_152.png,1,LDPE Plastic,1,LDPE Plastic,0.9740375280380249,0.009208299219608307,0.9740375280380249,0.0047012511640787125,0.007827561348676682,0.0042252615094184875
/Users/aswanathjs/Downloads/test10/ai_plastic_waste_management_training/PP Plastic/square_containers/Image_152.png,1,LDPE Plastic,3,PP Plastic,0.7707232236862183,0.008749500848352909,0.061887066811323166,0.0033183179330080748,0.7707232236862183,0.1553219109773636
/Users/aswanathjs/Downloads/test10/ai_plastic_waste_management_training/PS Plastic/foam_containers/Image_152.png,1,LDPE Plastic,1,LDPE Plastic,0.4278722405433655,0.03825056552886963,0.4278722405433655,0.024674246087670326,0.2960789203643799,0.21312402188777924
/Users/aswanathjs/Downloads/test10/ai_plastic_waste_management_training/PP Plastic/irregular_containers/0036_a05b00c2d1e0f0g0h0.jpg,3,PP Plastic,3,PP Plastic,0.9183738827705383,0.006276427302509546,0.03283912315964699,0.030198542401194572,0.9183738827705383,0.012312020175158978
"/Users/aswanathjs/Downloads/test10/ai_plastic_waste_management_training/HDPE Plastic/milk_bottles/HDPEM1,014.JPG",0,HDPE Plastic,0,HDPE Plastic,0.9940225481987,0.9940225481987,8.227490070567e-06,0.005606160964816809,0.00013018763274885714,0.00023282208712771535
/Users/aswanathjs/Downloads/test10/ai_plastic_waste_management_training/LDPE Plastic/plastic_bags/LDPE-5_jpg.rf.c7e9902a1147d1b10e321ad8b4f666c2.jpg,1,LDPE Plastic,1,LDPE Plastic,0.9206241965293884,0.024829640984535217,0.9206241965293884,0.016688331961631775,0.020931143313646317,0.016926676034927368
/Users/aswanathjs/Downloads/test10/ai_plastic_waste_management_training/HDPE Plastic/detergent_bottles/P_W (1078).jpg,0,HDPE Plastic,0,HDPE Plastic,0.8440287113189697,0.8440287113189697,0.001121165812946856,0.00285201333463192,0.14845047891139984,0.0035475927870720625
/Users/aswanathjs/Downloads/test10/ai_plastic_waste_management_training/PP Plastic/round_containers/0044_a06b01c1d0e0f0g0h1.jpg,3,PP Plastic,3,PP Plastic,0.9770192503929138,0.0005080272094346583,0.0020284918136894703,0.01835564896464348,0.9770192503929138,0.0020886759739369154
/Users/aswanathjs/Downloads/test10/ai_plastic_waste_management_training/PP Plastic/round_containers/0009_a06b01c1d0e0f0g0h2.jpg,3,PP Plastic,3,PP Plastic,0.9991583824157715,0.00029275313136167824,4.206610901746899e-05,0.0003110891848336905,0.9991583824157715,0.00019577906641643494
/Users/aswanathjs/Downloads/test10/ai_plastic_waste_management_training/PET Plastic/shampoo_bottles/0015_a05b00c2d1e1f1g0h3.jpg,2,PET Plastic,2,PET Plastic,0.992302417755127,0.0020017747301608324,0.000343919062288478,0.992302417755127,0.003448072588071227,0.001903838012367487
/Users/aswanathjs/Downloads/test10/ai_plastic_waste_management_training/HDPE Plastic/milk_bottles/HDPEM258.jpg,0,HDPE Plastic,0,HDPE Plastic,0.9991974234580994,0.9991974234580994,1.732484633976128e-06,0.0007114175823517144,5.405187766882591e-05,3.538138116709888e-05
/Users/aswanathjs/Downloads/test10/ai_plastic_waste_management_training/LDPE Plastic/plastic_bags/plasticbag (109).jpg,1,LDPE Plastic,1,LDPE Plastic,0.9650853872299194,0.004815461579710245,0.9650853872299194,0.003876334987580776,0.02348410151898861,0.0027387102600187063
/Users/aswanathjs/Downloads/test10/ai_plastic_waste_management_training/LDPE Plastic/plastic_bags/LDPE-583_jpg.rf.4c1a14d59ab4ba0936b3f23635a42c15.jpg,1,LDPE Plastic,1,LDPE Plastic,0.9961819648742676,0.000985856051556766,0.9961819648742676,0.0007630964391864836,0.0006761124823242426,0.001393049256876111
/Users/aswanathjs/Downloads/test10/ai_plastic_waste_management_training/HDPE Plastic/detergent_bottles/0096_a02b04c1d2e0f0g0h0.jpg,0,HDPE Plastic,0,HDPE Plastic,0.999750554561615,0.999750554561615,3.808300789387431e-06,2.1751307940576226e-05,0.0002107253239955753,1.3082417353871278e-05
/Users/aswanathjs/Downloads/test10/ai_plastic_waste_management_training/HDPE Plastic/milk_bottles/HDPEM359.jpg,0,HDPE Plastic,0,HDPE Plastic,0.9975144863128662,0.9975144863128662,4.533805167739047e-06,0.002153178444132209,0.00012154546129750088,0.000206305761821568
/Users/aswanathjs/Downloads/test10/ai_plastic_waste_management_training/PP Plastic/round_containers/IMG_20220209_173657.jpg,3,PP Plastic,3,PP Plastic,0.9575463533401489,0.010832900181412697,0.015549195930361748,0.0064162034541368484,0.9575463533401489,0.009655377827584743
/Users/aswanathjs/Downloads/test10/ai_plastic_waste_management_training/LDPE Plastic/plastic_bags/LDPE-272_jpg.rf.4e7f25c6f9db130c4596ba89621123d2.jpg,1,LDPE Plastic,1,LDPE Plastic,0.9968838095664978,0.0005498710670508444,0.9968838095664978,0.0006973337731324136,0.000904034182894975,0.0009649613639339805
/Users/aswanathjs/Downloads/test10/ai_plastic_waste_management_training/HDPE Plastic/shampoo_bottles/0075_a02b01c1d0e0f0g0h4.jpg,0,HDPE Plastic,0,HDPE Plastic,0.9685841202735901,0.9685841202735901,0.0006284434930421412,0.014902263879776001,0.013425339944660664,0.0024598315358161926
"/Users/aswanathjs/Downloads/test10/ai_plastic_waste_management_training/PET Plastic/plastic_bottles/PET1,103.jpg",2,PET Plastic,2,PET Plastic,0.9598912000656128,0.007364637218415737,0.01259543839842081,0.9598912000656128,0.01652989536523819,0.0036188806407153606
/Users/aswanathjs/Downloads/test10/ai_plastic_waste_management_training/LDPE Plastic/plastic_bags/LDPE-270_jpg.rf.f6d5e2bcb00709b3f700d5fbcf849dce.jpg,1,LDPE Plastic,1,LDPE Plastic,0.9960933327674866,0.0007620849646627903,0.9960933327674866,0.00047503545647487044,0.0013890211703255773,0.0012804410653188825
/Users/aswanathjs/Downloads/test10/ai_plastic_waste_management_training/PET Plastic/plastic_bottles/PET514.jpg,2,PET Plastic,2,PET Plastic,0.9998899698257446,5.474650606629439e-05,4.525960321188904e-06,0.9998899698257446,3.812304566963576e-05,1.2652218174480367e-05
/Users/aswanathjs/Downloads/test10/ai_plastic_waste_management_training/LDPE Plastic/plastic_bags/plasticbag (7).jpg,1,LDPE Plastic,1,LDPE Plastic,0.9678405523300171,0.005252019967883825,0.9678405523300171,0.007751752156764269,0.007993216626346111,0.011162446811795235
/Users/aswanathjs/Downloads/test10/ai_plastic_waste_management_training/LDPE Plastic/plastic_bags/plasticbag (7).png,1,LDPE Plastic,1,LDPE Plastic,0.9808065295219421,0.0031200770754367113,0.9808065295219421,0.0056187184527516365,0.006226363591849804,0.004228207282721996
"/Users/aswanathjs/Downloads/test10/ai_plastic_waste_management_training/PET Plastic/plastic_bottles/PET1,670.jpg",2,PET Plastic,2,PET Plastic,0.9072341322898865,0.008243280462920666,0.07908543199300766,0.9072341322898865,0.0034669977612793446,0.001970138633623719
/Users/aswanathjs/Downloads/test10/ai_plastic_waste_management_training/PS Plastic/foam_containers/styrofoam-148-_jpg.rf.26d009aa3b832ec97a774c06610da1e6.jpg,4,PS Plastic,1,LDPE Plastic,0.6278259754180908,0.09553948789834976,0.6278259754180908,0.00928050559014082,0.026521168649196625,0.24083289504051208
/Users/aswanathjs/Downloads/test10/ai_plastic_waste_management_training/PS Plastic/foam_sheets/PS-508_jpg.rf.6ac5540d7e7275188eca3a373dcca6b2.jpg,4,PS Plastic,4,PS Plastic,0.9918261766433716,0.0015877571422606707,0.005297674797475338,0.0005206998321227729,0.0007676823297515512,0.9918261766433716
/Users/aswanathjs/Downloads/test10/ai_plastic_waste_management_training/PS Plastic/foam_sheets/PS-763_jpg.rf.118ef12ce4c6fbb53c807d751ea31f6e.jpg,4,PS Plastic,4,PS Plastic,0.9936969876289368,0.0005418802611529827,0.0024025538004934788,0.0013681108830496669,0.0019906351808458567,0.9936969876289368
"/Users/aswanathjs/Downloads/test10/ai_plastic_waste_management_training/PET Plastic/plastic_bottles/PET1,778.jpg",2,PET Plastic,2,PET Plastic,0.9628632664680481,0.013698740862309933,0.005571598187088966,0.9628632664680481,0.012041248381137848,0.005825188476592302
/Users/aswanathjs/Downloads/test10/ai_plastic_waste_management_training/LDPE Plastic/plastic_bags/LDPE-279_jpg.rf.b51bf1ea5a10af9f8523007699e5e630.jpg,1,LDPE Plastic,1,LDPE Plastic,0.9983649849891663,0.00046311772894114256,0.9983649849891663,0.00041523779509589076,0.00028882361948490143,0.0004678427358157933
/Users/aswanathjs/Downloads/test10/ai_plastic_waste_management_training/PET Plastic/shampoo_bottles/0050_a05b00c2d2e1f1g0h0.jpg,2,PET Plastic,2,PET Plastic,0.9748479127883911,0.0015007950132712722,0.0034685125574469566,0.9748479127883911,0.018519606441259384,0.0016632062615826726
/Users/aswanathjs/Downloads/test10/ai_plastic_waste_management_training/HDPE Plastic/shampoo_bottles/0061_a02b01c2d0e0f1g0h4.jpg,0,HDPE Plastic,0,HDPE Plastic,0.9986816048622131,0.9986816048622131,9.123407835431863e-06,0.000149314699228853,0.0008245048229582608,0.0003355290391482413
/Users/aswanathjs/Downloads/test10/ai_plastic_waste_management_training/PET Plastic/black_white_plastic_bottles/cmsfy_jpg.rf.74b37563b2371c3d80c6f8ebbb569889.jpg,2,PET Plastic,2,PET Plastic,0.9996633529663086,0.0002920308616012335,3.4433803648425965e-06,0.9996633529663086,2.8807737180613913e-05,1.2368661373329815e-05
/Users/aswanathjs/Downloads/test10/ai_plastic_waste_management_training/HDPE Plastic/shampoo_bottles/0061_a02b01c1d1e0f1g0h1.jpg,0,HDPE Plastic,0,HDPE Plastic,0.9999264478683472,0.9999264478683472,1.0463309081387706e-06,5.1694983994821087e-05,1.811728361644782e-05,2.59598664342775e-06
/Users/aswanathjs/Downloads/test10/ai_plastic_waste_management_training/PS Plastic/foam_containers/Image_239.png,4,PS Plastic,4,PS Plastic,0.4735722541809082,0.053521569818258286,0.28992825746536255,0.02561945468187332,0.15735845267772675,0.4735722541809082
/Users/aswanathjs/Downloads/test10/ai_plastic_waste_management_training/LDPE Plastic/black_white__plastic_bags/0229_jpg.rf.43db647d7481373438f83d562fe10e22.jpg,1,LDPE Plastic,1,LDPE Plastic,0.9803043007850647,0.0020797578617930412,0.9803043007850647,0.012837821617722511,0.0013502759393304586,0.003427746007218957
/Users/aswanathjs/Downloads/test10/ai_plastic_waste_management_training/HDPE Plastic/shampoo_bottles/0061_a02b01c1d0e0f1g0h4.jpg,0,HDPE Plastic,0,HDPE Plastic,0.9998824596405029,0.9998824596405029,1.1803927009168547e-06,1.7722253687679768e-05,6.662055966444314e-05,3.1885396310826764e-05
/Users/aswanathjs/Downloads/test10/ai_plastic_waste_management_training/PET Plastic/black_white_plastic_bottles/abwiq_jpg.rf.35d594d23a6a3437c12a43c047569fe9.jpg,2,PET Plastic,2,PET Plastic,0.9987078905105591,0.00020280780154280365,0.00017071810725610703,0.9987078905105591,0.0006036359118297696,0.0003149090916849673
/Users/aswanathjs/Downloads/test10/ai_plastic_waste_management_training/PET Plastic/black_white_plastic_bottles/bcihj_jpg.rf.d1246403448e2310d052ea8a6885953e.jpg,2,PET Plastic,2,PET Plastic,0.994950532913208,0.004041724838316441,0.0004207009042147547,0.994950532913208,0.00046554047730751336,0.00012151687406003475
/Users/aswanathjs/Downloads/test10/ai_plastic_waste_management_training/PP Plastic/round_containers/Image_247.png,3,PP Plastic,3,PP Plastic,0.5564869046211243,0.030731478706002235,0.1696813702583313,0.1443817913532257,0.5564869046211243,0.09871843457221985
/Users/aswanathjs/Downloads/test10/ai_plastic_waste_management_training/PS Plastic/foam_containers/Image_247.png,3,PP Plastic,3,PP Plastic,0.44682055711746216,0.043814897537231445,0.22187849879264832,0.02176545560359955,0.44682055711746216,0.2657206356525421
/Users/aswanathjs/Downloads/test10/ai_plastic_waste_management_training/PS Plastic/foam_containers/styrofoam-116-_jpg.rf.77c495a5bd456678ba051f8397934c93.jpg,4,PS Plastic,4,PS Plastic,0.994201123714447,0.004301547538489103,0.00015009810158517212,0.00018786828150041401,0.0011593927629292011,0.994201123714447
/Users/aswanathjs/Downloads/test10/ai_plastic_waste_management_training/LDPE Plastic/plastic_bags/plasticbag (83).jpg,1,LDPE Plastic,1,LDPE Plastic,0.9772297739982605,0.0006615669699385762,0.9772297739982605,0.001613068045116961,0.01881714165210724,0.0016783365281298757
/Users/aswanathjs/Downloads/test10/ai_plastic_waste_management_training/PET Plastic/black_white_plastic_bottles/akdtr_jpg.rf.0a33803a2791f55c373c4a4e035193be.jpg,2,PET Plastic,2,PET Plastic,0.996681272983551,0.002086438238620758,0.00025770411593839526,0.996681272983551,0.0008402606472373009,0.00013428293459583074
/Users/aswanathjs/Downloads/test10/ai_plastic_waste_management_training/HDPE Plastic/shampoo_bottles/0076_a02b06c2d2e0f1g0h4.jpg,0,HDPE Plastic,0,HDPE Plastic,0.9902517795562744,0.9902517795562744,0.0005031078471802175,0.004309521522372961,0.004671797156333923,0.0002637710713315755
/Users/aswanathjs/Downloads/test10/ai_plastic_waste_management_training/LDPE Plastic/black_white__plastic_bags/0159_jpg.rf.79c071387355e4cc8c4989f0fad18fce.jpg,1,LDPE Plastic,1,LDPE Plastic,0.9966349005699158,0.00038128221058286726,0.9966349005699158,0.0008266628719866276,0.0010059857740998268,0.0011512474156916142
/Users/aswanathjs/Downloads/test10/ai_plastic_waste_management_training/LDPE Plastic/plastic_bags/train_LDPE-39_jpg.rf.0a43040e9739e0163aae726e4ae5a364.jpg,1,LDPE Plastic,1,LDPE Plastic,0.9793830513954163,0.009242800064384937,0.9793830513954163,0.0018148580566048622,0.005067196674644947,0.004491977393627167
/Users/aswanathjs/Downloads/test10/ai_plastic_waste_management_training/HDPE Plastic/shampoo_bottles/0075_a02b01c2d0e0f0g0h2.jpg,0,HDPE Plastic,0,HDPE Plastic,0.9788804650306702,0.9788804650306702,0.0004476220055948943,0.01835252158343792,0.0016447020461782813,0.0006747629377059639
/Users/aswanathjs/Downloads/test10/ai_plastic_waste_management_training/PET Plastic/black_white_plastic_bottles/cjliy_jpg.rf.d3fbe741b445c6580f00d43d48f619af.jpg,2,PET Plastic,2,PET Plastic,0.9993240833282471,0.0003356934757903218,0.00019600959785748273,0.9993240833282471,9.179735206998885e-05,5.237028744886629e-05
/Users/aswanathjs/Downloads/test10/ai_plastic_waste_management_training/PET Plastic/black_white_plastic_bottles/bvwxn_jpg.rf.347921633e39044edb3dfe6a06c4b3e8.jpg,2,PET Plastic,2,PET Plastic,0.9963917136192322,0.0007908862899057567,0.001775104203261435,0.9963917136192322,0.0007628383464179933,0.0002794043975882232
/Users/aswanathjs/Downloads/test10/ai_plastic_waste_management_training/PS Plastic/foam_sheets/PS-550_jpg.rf.b077ebd012550a3ddea244d0c60a8813.jpg,4,PS Plastic,4,PS Plastic,0.9918155074119568,0.0012381138512864709,0.005875241477042437,0.00040085765067487955,0.0006703090621158481,0.9918155074119568
/Users/aswanathjs/Downloads/test10/ai_plastic_waste_management_training/PET Plastic/black_white_plastic_bottles/ahwmb_jpg.rf.19aebb854d5c32d1e7b0528307c4b015.jpg,2,PET Plastic,2,PET Plastic,0.9998475313186646,3.082172042923048e-05,6.5351432567695156e-06,0.9998475313186646,9.488381328992546e-05,2.020291140070185e-05
/Users/aswanathjs/Downloads/test10/ai_plastic_waste_management_training/HDPE Plastic/shampoo_bottles/0023_a02b01c2d1e0f1g0h2.jpg,0,HDPE Plastic,0,HDPE Plastic,0.9998677968978882,0.9998677968978882,1.276209900424874e-06,3.596472743083723e-05,7.568183355033398e-05,1.9198314475943334e-05
/Users/aswanathjs/Downloads/test10/ai_plastic_waste_management_training/PET Plastic/black_white_plastic_bottles/azqbf_jpg.rf.a75cc54cead79edf1d23d3eefe7c0b9f.jpg,2,PET Plastic,2,PET Plastic,0.9930720925331116,0.0039325556717813015,0.0007417271845042706,0.9930720925331116,0.0009872927330434322,0.0012663116212934256
/Users/aswanathjs/Downloads/test10/ai_plastic_waste_management_training/HDPE Plastic/milk_bottles/HDPEM577.JPG,0,HDPE Plastic,0,HDPE Plastic,0.9987069368362427,0.9987069368362427,4.240404814481735e-05,0.0008969723130576313,0.00013150581798981875,0.00022216352226678282
"/Users/aswanathjs/Downloads/test10/ai_plastic_waste_management_training/PET Plastic/plastic_bottles/PET1,289.jpg",2,PET Plastic,2,PET Plastic,0.9997337460517883,6.027707058819942e-05,1.1052671652578283e-05,0.9997337460517883,0.0001682274742051959,2.6755264116218314e-05
/Users/aswanathjs/Downloads/test10/ai_plastic_waste_management_training/PET Plastic/plastic_bottles/PET734.jpg,2,PET Plastic,2,PET Plastic,0.9992096424102783,0.00044693355448544025,4.9421072617406026e-05,0.9992096424102783,0.00018242506484966725,0.00011164284660480917
/Users/aswanathjs/Downloads/test10/ai_plastic_waste_management_training/PET Plastic/plastic_bottles/PET716.jpg,2,PET Plastic,2,PET Plastic,0.999980092048645,1.1937032468267716e-05,1.3345893421501387e-06,0.999980092048645,4.359837930678623e-06,2.2443418856710196e-06
/Users/aswanathjs/Downloads/test10/ai_plastic_waste_management_training/HDPE Plastic/shampoo_bottles/0023_a02b01c1d0e0f1g0h4.jpg,0,HDPE Plastic,0,HDPE Plastic,0.961124837398529,0.961124837398529,0.0001450202107662335,0.00660898070782423,0.031227590516209602,0.0008936033700592816
/Users/aswanathjs/Downloads/test10/ai_plastic_waste_management_training/PS Plastic/foam_sheets/PS-699_jpg.rf.e92e566dab8cb8b7087970879c1b7aed.jpg,4,PS Plastic,4,PS Plastic,0.998038113117218,0.00019936682656407356,0.0011788022238761187,0.0001879070041468367,0.00039585542981512845,0.998038113117218
/Users/aswanathjs/Downloads/test10/ai_plastic_waste_management_training/HDPE Plastic/milk_bottles/HDPEM112.jpg,0,HDPE Plastic,0,HDPE Plastic,0.9999653100967407,0.9999653100967407,3.345836603330099e-07,2.157356357201934e-05,6.366784418787574e-06,6.450157798099099e-06
/Users/aswanathjs/Downloads/test10/ai_plastic_waste_management_training/PET Plastic/plastic_bottles/PET444.jpg,2,PET Plastic,2,PET Plastic,0.9973684549331665,0.0006484941113740206,0.00034454194246791303,0.9973684549331665,0.0014314913423731923,0.0002069835754809901
/Users/aswanathjs/Downloads/test10/ai_plastic_waste_management_training/PET Plastic/shampoo_bottles/0080_a05b00c2d3e0f1g0h3.jpg,2,PET Plastic,2,PET Plastic,0.9935490489006042,0.0029627864714711905,4.3657299102051184e-05,0.9935490489006042,0.00317181833088398,0.00027277955086901784
/Users/aswanathjs/Downloads/test10/ai_plastic_waste_management_training/PS Plastic/foam_containers/Image_94.png,4,PS Plastic,4,PS Plastic,0.59708571434021,0.053872622549533844,0.17469002306461334,0.015087354928255081,0.1592642217874527,0.59708571434021
/Users/aswanathjs/Downloads/test10/ai_plastic_waste_management_training/LDPE Plastic/black_white__plastic_bags/0175_jpg.rf.ec534cdf954bd3dbf1a5ae488d2c504b.jpg,1,LDPE Plastic,1,LDPE Plastic,0.9314854741096497,0.006968672852963209,0.9314854741096497,0.006846799980849028,0.04766801372170448,0.007031005807220936
/Users/aswanathjs/Downloads/test10/ai_plastic_waste_management_training/PP Plastic/round_containers/0043_a06b01c2d2e0f0g0h0.jpg,3,PP Plastic,3,PP Plastic,0.9806437492370605,0.014809105545282364,0.0018425905145704746,0.0007181239780038595,0.9806437492370605,0.0019863781053572893
/Users/aswanathjs/Downloads/test10/ai_plastic_waste_management_training/PP Plastic/round_containers_grey/0043_a06b01c2d2e0f0g0h0.jpg,3,PP Plastic,3,PP Plastic,0.9708781838417053,0.01843053102493286,0.008038942702114582,0.0006250428268685937,0.9708781838417053,0.002027275040745735
/Users/aswanathjs/Downloads/test10/ai_plastic_waste_management_training/PET Plastic/plastic_bottles/PET848.jpg,2,PET Plastic,2,PET Plastic,0.9957365989685059,0.0011254837736487389,0.0011880190577358007,0.9957365989685059,0.001137457904405892,0.0008124348241835833
/Users/aswanathjs/Downloads/test10/ai_plastic_waste_management_training/PET Plastic/black_white_plastic_bottles/cihfy_jpg.rf.dc7e528302e8d065d63e7346bb517b11.jpg,2,PET Plastic,2,PET Plastic,0.9985367059707642,0.0003174592275172472,0.00037977832835167646,0.9985367059707642,0.0004504651587922126,0.00031551971915178
/Users/aswanathjs/Downloads/test10/ai_plastic_waste_management_training/PS Plastic/foam_sheets/PS-695_jpg.rf.3c1624021898952566beda2b041641a0.jpg,4,PS Plastic,4,PS Plastic,0.9845464825630188,0.0009876968106254935,0.011445574462413788,0.0010165177518501878,0.0020038080401718616,0.9845464825630188
/Users/aswanathjs/Downloads/test10/ai_plastic_waste_management_training/PET Plastic/black_white_plastic_bottles/birhd_jpg.rf.782360e5be41e7c1f52a890a2b11471d.jpg,2,PET Plastic,2,PET Plastic,0.9988289475440979,0.000268330768449232,0.00018996585276909173,0.9988289475440979,0.0005802492378279567,0.0001323982869507745
/Users/aswanathjs/Downloads/test10/ai_plastic_waste_management_training/PP Plastic/round_containers/0095_a05b01c2d2e0f0g0h0.jpg,3,PP Plastic,3,PP Plastic,0.728500485420227,0.18241102993488312,0.0049189911223948,0.07719679176807404,0.728500485420227,0.006972695235162973
/Users/aswanathjs/Downloads/test10/ai_plastic_waste_management_training/PP Plastic/round_containers/IMG20220210150824.jpg,3,PP Plastic,3,PP Plastic,0.9870259165763855,0.0008226414793170989,0.00629008375108242,0.001249041990377009,0.9870259165763855,0.004612295422703028
/Users/aswanathjs/Downloads/test10/ai_plastic_waste_management_training/PS Plastic/form_containers_grey/styrofoam-128-_jpg.rf.dc796508c08c39ffc4c8b684e09c48ee.jpg,4,PS Plastic,4,PS Plastic,0.9813892245292664,0.002711583860218525,0.0015487034106627107,0.000565880152862519,0.013784606009721756,0.9813892245292664
/Users/aswanathjs/Downloads/test10/ai_plastic_waste_management_training/PS Plastic/foam_containers/styrofoam-128-_jpg.rf.dc796508c08c39ffc4c8b684e09c48ee.jpg,4,PS Plastic,4,PS Plastic,0.9934393763542175,0.0008688775124028325,0.0002064331783913076,9.884304745355621e-05,0.005386390257626772,0.9934393763542175
"/Users/aswanathjs/Downloads/test10/ai_plastic_waste_management_training/PET Plastic/plastic_bottles/PET1,537.jpg",2,PET Plastic,2,PET Plastic,0.9985987544059753,0.00043760149856097996,0.00012370858166832477,0.9985987544059753,0.0006426834734156728,0.0001972582540474832
/Users/aswanathjs/Downloads/test10/ai_plastic_waste_management_training/PET Plastic/shampoo_bottles/0050_a05b00c1d3e1f1g0h1.jpg,2,PET Plastic,2,PET Plastic,0.9939107894897461,0.0022713022772222757,0.0002908433962147683,0.9939107894897461,0.0027317521162331104,0.0007952680462040007
/Users/aswanathjs/Downloads/test10/ai_plastic_waste_management_training/PP Plastic/round_containers/0035_a06b01c2d2e0f0g0h3.jpg,3,PP Plastic,3,PP Plastic,0.9992187023162842,0.0002603478205855936,2.1198602553340606e-05,0.00016381690511479974,0.9992187023162842,0.0003358622489031404
/Users/aswanathjs/Downloads/test10/ai_plastic_waste_management_training/PS Plastic/foam_sheets/PS-794_jpg.rf.504af203eb7fd15f4f5b87fa8fa3b980.jpg,4,PS Plastic,4,PS Plastic,0.9925891160964966,0.0007563424296677113,0.003586400765925646,0.0009225021349266171,0.0021456805989146233,0.9925891160964966
/Users/aswanathjs/Downloads/test10/ai_plastic_waste_management_training/PP Plastic/rectangle_containers/0011_a05b00c1d2e0f0g0h2.jpg,3,PP Plastic,3,PP Plastic,0.9880113005638123,0.0007953359163366258,0.00024544019834138453,0.009520680643618107,0.9880113005638123,0.0014272797852754593
/Users/aswanathjs/Downloads/test10/ai_plastic_waste_management_training/PP Plastic/square_containers/0011_a05b00c1d2e0f0g0h2.jpg,3,PP Plastic,3,PP Plastic,0.9880113005638123,0.0007953359163366258,0.00024544019834138453,0.009520680643618107,0.9880113005638123,0.0014272797852754593
/Users/aswanathjs/Downloads/test10/ai_plastic_waste_management_training/PET Plastic/plastic_bottles/PET696.jpg,2,PET Plastic,2,PET Plastic,0.9976580142974854,0.001014292472973466,0.0004310163203626871,0.9976580142974854,0.000670016510412097,0.00022660064860247076
/Users/aswanathjs/Downloads/test10/ai_plastic_waste_management_training/LDPE Plastic/plastic_bags/LDPE-704_jpg.rf.34532ea5cacded7ae668174a99844c8a.jpg,1,LDPE Plastic,1,LDPE Plastic,0.9930607080459595,0.0005931546329520643,0.9930607080459595,0.0007751311641186476,0.0023336259182542562,0.003237382508814335
/Users/aswanathjs/Downloads/test10/ai_plastic_waste_management_training/PS Plastic/foam_containers/Image_248.png,4,PS Plastic,4,PS Plastic,0.46304038166999817,0.062157485634088516,0.2900034189224243,0.009995355270802975,0.17480328679084778,0.46304038166999817
/Users/aswanathjs/Downloads/test10/ai_plastic_waste_management_training/LDPE Plastic/plastic_bags/LDPE-551_jpg.rf.a76ec903626d6b99a03ba76012eb391a.jpg,1,LDPE Plastic,1,LDPE Plastic,0.9980149269104004,0.00044872603029944,0.9980149269104004,0.00016094004968181252,0.0006735777133144438,0.0007017676252871752
/Users/aswanathjs/Downloads/test10/ai_plastic_waste_management_training/PS Plastic/foam_sheets/PS-595_jpg.rf.09c5947aeb8f35f92f048f22770baf29.jpg,4,PS Plastic,4,PS Plastic,0.9822719097137451,0.0025199148803949356,0.012700041756033897,0.0009778476087376475,0.0015302719548344612,0.9822719097137451
/Users/aswanathjs/Downloads/test10/ai_plastic_waste_management_training/LDPE Plastic/plastic_bags/P_W (1389).jpg,1,LDPE Plastic,1,LDPE Plastic,0.9320374131202698,0.005133430939167738,0.9320374131202698,0.006031468044966459,0.053104836493730545,0.003692793659865856
/Users/aswanathjs/Downloads/test10/ai_plastic_waste_management_training/PS Plastic/foam_sheets/PS-657_jpg.rf.b74f772b0d3b3293dd98a5fe246afc9a.jpg,4,PS Plastic,4,PS Plastic,0.9773937463760376,0.002037043683230877,0.01491684652864933,0.0018532226094976068,0.003799124388024211,0.9773937463760376
/Users/aswanathjs/Downloads/test10/ai_plastic_waste_management_training/PS Plastic/foam_sheets/Plastic_373_jpg.rf.57c2ab317eb755eb7c0af504646ad545.jpg,4,PS Plastic,4,PS Plastic,0.9960864782333374,0.001038742484524846,0.001579363364726305,0.0008114958764053881,0.00048388607683591545,0.9960864782333374
/Users/aswanathjs/Downloads/test10/ai_plastic_waste_management_training/HDPE Plastic/milk_bottles/HDPEM562.JPG,0,HDPE Plastic,0,HDPE Plastic,0.9992796778678894,0.9992796778678894,4.73883545737408e-07,0.0006890505901537836,1.9314562450745143e-05,1.160479132522596e-05
/Users/aswanathjs/Downloads/test10/ai_plastic_waste_management_training/HDPE Plastic/shampoo_bottles/0078_a02b07c1d3e0f1g0h4.jpg,0,HDPE Plastic,0,HDPE Plastic,0.9865115880966187,0.9865115880966187,5.6658358516870067e-05,0.0008165634935721755,0.012330357916653156,0.0002848737349268049
/Users/aswanathjs/Downloads/test10/ai_plastic_waste_management_training/LDPE Plastic/plastic_bags/train_LDPE-57_jpg.rf.c0097a45e2a6be95f291d98eb9e696d4.jpg,1,LDPE Plastic,1,LDPE Plastic,0.9908370971679688,0.0024654874578118324,0.9908370971679688,0.0018403474241495132,0.0021453124936670065,0.0027117880526930094
/Users/aswanathjs/Downloads/test10/ai_plastic_waste_management_training/LDPE Plastic/plastic_bags/plasticbag (162).jpg,1,LDPE Plastic,1,LDPE Plastic,0.882477343082428,0.019839422777295113,0.882477343082428,0.03663558140397072,0.03474844619631767,0.026299186050891876
/Users/aswanathjs/Downloads/test10/ai_plastic_waste_management_training/HDPE Plastic/shampoo_bottles/0063_a02b01c1d3e0f1g1h2.jpg,0,HDPE Plastic,0,HDPE Plastic,0.9492607712745667,0.9492607712745667,0.000904370506759733,0.0019321462605148554,0.04714243859052658,0.0007603545673191547
/Users/aswanathjs/Downloads/test10/ai_plastic_waste_management_training/HDPE Plastic/milk_bottles/HDPEM50.jpg,0,HDPE Plastic,0,HDPE Plastic,0.9160977602005005,0.9160977602005005,4.973085015080869e-05,0.08206082135438919,0.0010536122135818005,0.0007381729083135724
/Users/aswanathjs/Downloads/test10/ai_plastic_waste_management_training/HDPE Plastic/detergent_bottles/IMG_20220209_220237.jpg,0,HDPE Plastic,0,HDPE Plastic,0.6721861362457275,0.6721861362457275,0.011732595041394234,0.27227580547332764,0.03174709528684616,0.012058323249220848
/Users/aswanathjs/Downloads/test10/ai_plastic_waste_management_training/LDPE Plastic/bin_bags/LDPE209-Photoroom_0_9487_jpg.rf.e4c28eea566645d81b5773905e0b7a00.jpg,1,LDPE Plastic,3,PP Plastic,0.566710889339447,0.09688637405633926,0.2591894268989563,0.01221150066703558,0.566710889339447,0.06500179320573807
/Users/aswanathjs/Downloads/test10/ai_plastic_waste_management_training/LDPE Plastic/bin_bags/LDPE209-Photoroom_0_9487_jpg.rf.8eac7da1abbe68883aae72ef4c2c4355.jpg,1,LDPE Plastic,1,LDPE Plastic,0.5164796710014343,0.056742146611213684,0.5164796710014343,0.011787095107138157,0.3380448818206787,0.07694614678621292
/Users/aswanathjs/Downloads/test10/ai_plastic_waste_management_training/LDPE Plastic/bin_bags_grey/LDPE209-Photoroom_0_9487_jpg.rf.8eac7da1abbe68883aae72ef4c2c4355.jpg,1,LDPE Plastic,1,LDPE Plastic,0.7101579904556274,0.016057636588811874,0.7101579904556274,0.019619029015302658,0.17621171474456787,0.07795356959104538
/Users/aswanathjs/Downloads/test10/ai_plastic_waste_management_training/LDPE Plastic/plastic_bags/LDPE-284_jpg.rf.b1f03d66dd220fb47fc66de07bab4a54.jpg,1,LDPE Plastic,1,LDPE Plastic,0.9986997842788696,0.0003452170640230179,0.9986997842788696,0.00032094420748762786,0.0002740182972047478,0.0003599224437493831
/Users/aswanathjs/Downloads/test10/ai_plastic_waste_management_training/HDPE Plastic/shampoo_bottles/0023_a02b01c2d0e0f1g0h0.jpg,0,HDPE Plastic,0,HDPE Plastic,0.9673521518707275,0.9673521518707275,0.0002559081476647407,0.00929462444037199,0.018212903290987015,0.0048845186829566956
/Users/aswanathjs/Downloads/test10/ai_plastic_waste_management_training/PS Plastic/foam_sheets/PS-708_jpg.rf.b5d5e8af61a901af1bf72380443a96d6.jpg,4,PS Plastic,4,PS Plastic,0.9973069429397583,0.0008678007288835943,0.0005459869862534106,0.0005465623689815402,0.0007328265346586704,0.9973069429397583
/Users/aswanathjs/Downloads/test10/ai_plastic_waste_management_training/LDPE Plastic/black_white__plastic_bags/0270_jpg.rf.09bcedb78cbe5e175c675d01e5d99e1f.jpg,1,LDPE Plastic,1,LDPE Plastic,0.9842972159385681,0.0069998688995838165,0.9842972159385681,0.0030758902430534363,0.0038823718205094337,0.001744691515341401
"/Users/aswanathjs/Downloads/test10/ai_plastic_waste_management_training/PET Plastic/plastic_bottles/PET1,741.jpg",2,PET Plastic,2,PET Plastic,0.9962595701217651,0.0024744675029069185,0.00041216646786779165,0.9962595701217651,0.0007454294245690107,0.0001084072791854851
/Users/aswanathjs/Downloads/test10/ai_plastic_waste_management_training/LDPE Plastic/plastic_bags_grey/LDPE-486_jpg.rf.bc1031eb3c1002b9e60695a48b68d0c7.jpg,1,LDPE Plastic,1,LDPE Plastic,0.9955131411552429,0.0012258485658094287,0.9955131411552429,0.0014233143301680684,0.0009685918921604753,0.0008690797258168459
/Users/aswanathjs/Downloads/test10/ai_plastic_waste_management_training/LDPE Plastic/plastic_bags/LDPE-486_jpg.rf.bc1031eb3c1002b9e60695a48b68d0c7.jpg,1,LDPE Plastic,1,LDPE Plastic,0.9957267045974731,0.000863978813868016,0.9957267045974731,0.0013906925451010466,0.0011999575654044747,0.0008187234052456915
/Users/aswanathjs/Downloads/test10/ai_plastic_waste_management_training/PS Plastic/foam_containers/styrofoam-8-_jpg.rf.014c7bfb4fbb9cfb65165b099a2e620a.jpg,4,PS Plastic,4,PS Plastic,0.7013855576515198,0.021587643772363663,0.04935077577829361,0.00510310148820281,0.2225729376077652,0.7013855576515198
/Users/aswanathjs/Downloads/test10/ai_plastic_waste_management_training/PP Plastic/square_containers/Image_154.png,3,PP Plastic,3,PP Plastic,0.6404758095741272,0.025121180340647697,0.25373944640159607,0.01916067861020565,0.6404758095741272,0.06150292977690697
/Users/aswanathjs/Downloads/test10/ai_plastic_waste_management_training/PS Plastic/foam_containers/Image_154.png,3,PP Plastic,3,PP Plastic,0.3834318220615387,0.03750291094183922,0.22911250591278076,0.02046280913054943,0.3834318220615387,0.32948988676071167
"/Users/aswanathjs/Downloads/test10/ai_plastic_waste_management_training/PET Plastic/plastic_bottles/PET1,505.jpg",2,PET Plastic,2,PET Plastic,0.8848690986633301,0.027050785720348358,0.001348718535155058,0.8848690986633301,0.08379409462213516,0.00293727801181376
/Users/aswanathjs/Downloads/test10/ai_plastic_waste_management_training/PP Plastic/round_containers/IMG_20220210_105626.jpg,3,PP Plastic,3,PP Plastic,0.9653393626213074,0.027123071253299713,0.0008118705591186881,0.0020092350896447897,0.9653393626213074,0.00471643079072237
/Users/aswanathjs/Downloads/test10/ai_plastic_waste_management_training/PP Plastic/square_containers/IMG20220210150448.jpg,3,PP Plastic,3,PP Plastic,0.7931472063064575,0.12419875711202621,0.02717367559671402,0.017868923023343086,0.7931472063064575,0.03761148452758789
/Users/aswanathjs/Downloads/test10/ai_plastic_waste_management_training/PP Plastic/irregular_containers/valid_PP-73-_jpg.rf.7edbb04a95e51deadc234f1d5848eb89.jpg,3,PP Plastic,3,PP Plastic,0.7932154536247253,0.06484672427177429,0.07500158250331879,0.03384650498628616,0.7932154536247253,0.03308975696563721
/Users/aswanathjs/Downloads/test10/ai_plastic_waste_management_training/PP Plastic/irregular_containers_grey/valid_PP-73-_jpg.rf.7edbb04a95e51deadc234f1d5848eb89.jpg,3,PP Plastic,3,PP Plastic,0.7914871573448181,0.06230493262410164,0.10658923536539078,0.017914418131113052,0.7914871573448181,0.02170436643064022
/Users/aswanathjs/Downloads/test10/ai_plastic_waste_management_training/HDPE Plastic/shampoo_bottles/0023_a02b01c1d0e0f1g0h0.jpg,0,HDPE Plastic,0,HDPE Plastic,0.9696566462516785,0.9696566462516785,8.534546941518784e-05,0.0035710984375327826,0.025971364229917526,0.0007156514329835773
/Users/aswanathjs/Downloads/test10/ai_plastic_waste_management_training/HDPE Plastic/detergent_bottles/0039_a02b01c2d1e0f1g0h0.jpg,0,HDPE Plastic,0,HDPE Plastic,0.9997724890708923,0.9997724890708923,9.367870006826706e-06,2.5064315195777453e-05,0.0001654051011428237,2.775142274913378e-05
/Users/aswanathjs/Downloads/test10/ai_plastic_waste_management_training/LDPE Plastic/plastic_bags/LDPE-648_jpg.rf.ca2ff2c8cb1057efd133fef3d3b151be.jpg,1,LDPE Plastic,1,LDPE Plastic,0.981472373008728,0.0014067174633964896,0.981472373008728,0.004151948727667332,0.005926699843257666,0.007042289711534977
/Users/aswanathjs/Downloads/test10/ai_plastic_waste_management_training/PET Plastic/shampoo_bottles/0050_a05b00c1d0e1f1g0h2.jpg,2,PET Plastic,2,PET Plastic,0.9885436296463013,0.006107720546424389,0.0004251459613442421,0.9885436296463013,0.0029489316511899233,0.0019746182952076197
/Users/aswanathjs/Downloads/test10/ai_plastic_waste_management_training/LDPE Plastic/plastic_bags/plasticbag (96).jpg,1,LDPE Plastic,1,LDPE Plastic,0.978432297706604,0.008724851533770561,0.978432297706604,0.004489892162382603,0.006327944807708263,0.0020249951630830765
"/Users/aswanathjs/Downloads/test10/ai_plastic_waste_management_training/PET Plastic/plastic_bottles/PET1,087.jpg",2,PET Plastic,2,PET Plastic,0.9882233738899231,0.004262641537934542,0.0022424592170864344,0.9882233738899231,0.003908426035195589,0.0013631946640089154
"/Users/aswanathjs/Downloads/test10/ai_plastic_waste_management_training/PET Plastic/plastic_bottles/PET1,323.jpg",2,PET Plastic,2,PET Plastic,0.9841132760047913,0.012256874702870846,0.00014629551151301712,0.9841132760047913,0.001328163780272007,0.002155458554625511
/Users/aswanathjs/Downloads/test10/ai_plastic_waste_management_training/PET Plastic/black_white_plastic_bottles/cwfhv_jpg.rf.15e8353c25daaaf591a6f2b7f36c06a1.jpg,2,PET Plastic,2,PET Plastic,0.9755278825759888,0.0017196523258462548,0.010328044183552265,0.9755278825759888,0.007477812003344297,0.004946615546941757
/Users/aswanathjs/Downloads/test10/ai_plastic_waste_management_training/PP Plastic/round_containers/0031_a05b01c1d2e0f0g0h2.jpg,3,PP Plastic,3,PP Plastic,0.9722986817359924,0.022353634238243103,0.0012145626824349165,0.0021065445616841316,0.9722986817359924,0.0020265011116862297
"/Users/aswanathjs/Downloads/test10/ai_plastic_waste_management_training/PET Plastic/plastic_bottles/PET1,438.jpg",2,PET Plastic,2,PET Plastic,0.9949716329574585,0.002935777883976698,0.00016230731853283942,0.9949716329574585,0.0015678757335990667,0.0003623623342718929
/Users/aswanathjs/Downloads/test10/ai_plastic_waste_management_training/LDPE Plastic/black_white__plastic_bags/0087_jpg.rf.3559b8e0d49b0752aae11d7f9a50ce15.jpg,1,LDPE Plastic,1,LDPE Plastic,0.994253933429718,0.0005607468774542212,0.994253933429718,0.0010405697394162416,0.002606608672067523,0.0015381623525172472
/Users/aswanathjs/Downloads/test10/ai_plastic_waste_management_training/HDPE Plastic/shampoo_bottles/0061_a02b01c1d3e0f1g0h0(1).jpg,0,HDPE Plastic,0,HDPE Plastic,0.9995524287223816,0.9995524287223816,4.115484989597462e-05,3.959257446695119e-05,0.000258475833106786,0.00010832738917088136
/Users/aswanathjs/Downloads/test10/ai_plastic_waste_management_training/LDPE Plastic/plastic_bags/LDPE-461_jpg.rf.3cc1c5434d59d363f6ee298032099ae3.jpg,1,LDPE Plastic,1,LDPE Plastic,0.9944537281990051,0.001674823695793748,0.9944537281990051,0.0008404424297623336,0.001752521493472159,0.0012784559512510896
/Users/aswanathjs/Downloads/test10/ai_plastic_waste_management_training/LDPE Plastic/plastic_bags/plasticbag (38).jpg,1,LDPE Plastic,1,LDPE Plastic,0.96131831407547,0.004748540464788675,0.96131831407547,0.0020527441520243883,0.02969873696565628,0.002181593095883727
/Users/aswanathjs/Downloads/test10/ai_plastic_waste_management_training/PET Plastic/black_white_plastic_bottles/bofnj_jpg.rf.bf1a0b0e5b4ef201d8c440d009d8288f.jpg,2,PET Plastic,2,PET Plastic,0.9571654796600342,0.002098995028063655,0.0330064482986927,0.9571654796600342,0.004310715943574905,0.0034183571115136147
/Users/aswanathjs/Downloads/test10/ai_plastic_waste_management_training/HDPE Plastic/milk_bottles/HDPEM378.jpg,0,HDPE Plastic,0,HDPE Plastic,0.9976165294647217,0.9976165294647217,0.00023263593902811408,0.001086140051484108,0.0008079606341198087,0.00025674753123894334
/Users/aswanathjs/Downloads/test10/ai_plastic_waste_management_training/PS Plastic/foam_sheets/PS-526_jpg.rf.e957c443cff44bdeb1ef2423588cd6d2.jpg,4,PS Plastic,4,PS Plastic,0.9986904263496399,0.00011758506298065186,0.0007991644088178873,0.000134933739900589,0.00025795138208195567,0.9986904263496399
/Users/aswanathjs/Downloads/test10/ai_plastic_waste_management_training/PET Plastic/shampoo_bottles/0015_a05b00c2d0e1f1g0h3.jpg,2,PET Plastic,2,PET Plastic,0.978168785572052,0.004560844041407108,0.00025392629322595894,0.978168785572052,0.015817057341337204,0.001199454301968217
/Users/aswanathjs/Downloads/test10/ai_plastic_waste_management_training/HDPE Plastic/shampoo_bottles/0078_a02b07c1d2e0f1g0h2.jpg,0,HDPE Plastic,0,HDPE Plastic,0.9970269799232483,0.9970269799232483,9.054903057403862e-05,4.083081512362696e-05,0.0027813490014523268,6.0300710174487904e-05
/Users/aswanathjs/Downloads/test10/ai_plastic_waste_management_training/HDPE Plastic/milk_bottles/HDPEM279.jpg,0,HDPE Plastic,0,HDPE Plastic,0.9999254941940308,0.9999254941940308,2.5516044388496084e-06,1.945713120221626e-05,3.308879240648821e-05,1.9412647816352546e-05
/Users/aswanathjs/Downloads/test10/ai_plastic_waste_management_training/PET Plastic/plastic_bottles/PET359.jpg,2,PET Plastic,2,PET Plastic,0.9996410608291626,7.087629637680948e-05,0.00015682839148212224,0.9996410608291626,0.00010531300358707085,2.584488356660586e-05
/Users/aswanathjs/Downloads/test10/ai_plastic_waste_management_training/HDPE Plastic/shampoo_bottles/0099_a02b01c2d0e0f1g0h2.jpg,0,HDPE Plastic,0,HDPE Plastic,0.9967558979988098,0.9967558979988098,4.149615051574074e-05,0.0024271435104310513,0.000365081534255296,0.00041023993981070817
/Users/aswanathjs/Downloads/test10/ai_plastic_waste_management_training/PET Plastic/black_white_plastic_bottles/bypgz_jpg.rf.6b5039bb8ba06ded671996e3de7c9c8f.jpg,2,PET Plastic,2,PET Plastic,0.9988119602203369,0.00020755255536641926,0.0007891480345278978,0.9988119602203369,0.00014323891082312912,4.804945274372585e-05
/Users/aswanathjs/Downloads/test10/ai_plastic_waste_management_training/LDPE Plastic/plastic_bags/train_LDPE-67_jpg.rf.371818905ea21870f8305b35e5a20d8f.jpg,1,LDPE Plastic,1,LDPE Plastic,0.9803147315979004,0.004088923800736666,0.9803147315979004,0.0069869025610387325,0.0035868147388100624,0.0050226435996592045
"/Users/aswanathjs/Downloads/test10/ai_plastic_waste_management_training/PET Plastic/plastic_bottles/PET1,534.jpg",2,PET Plastic,2,PET Plastic,0.9999810457229614,1.061541752278572e-05,5.562786213886284e-07,0.9999810457229614,5.799105110781966e-06,1.9918898033211008e-06
/Users/aswanathjs/Downloads/test10/ai_plastic_waste_management_training/HDPE Plastic/milk_bottles/HDPEM55.jpg,0,HDPE Plastic,0,HDPE Plastic,0.9918985366821289,0.9918985366821289,4.6791443310212344e-05,0.00598240876570344,0.0018859838601201773,0.00018623724463395774
/Users/aswanathjs/Downloads/test10/ai_plastic_waste_management_training/PP Plastic/square_containers/Image_99.png,3,PP Plastic,3,PP Plastic,0.7637307047843933,0.010523281060159206,0.14505168795585632,0.010308323428034782,0.7637307047843933,0.07038597762584686
/Users/aswanathjs/Downloads/test10/ai_plastic_waste_management_training/PS Plastic/foam_containers/Image_99.png,3,PP Plastic,1,LDPE Plastic,0.40106213092803955,0.04221755638718605,0.40106213092803955,0.04385862872004509,0.2250686138868332,0.2877931296825409
/Users/aswanathjs/Downloads/test10/ai_plastic_waste_management_training/PET Plastic/black_white_plastic_bottles/agrfh_jpg.rf.e212b78d5d7b9a9e205dfb3c0431323e.jpg,2,PET Plastic,2,PET Plastic,0.9995438456535339,0.00014501863915938884,0.00016058224719017744,0.9995438456535339,7.156883657444268e-05,7.904144877102226e-05
/Users/aswanathjs/Downloads/test10/ai_plastic_waste_management_training/PS Plastic/foam_sheets/PS-582_jpg.rf.c7df3018db463471aea3bd9af3949550.jpg,4,PS Plastic,4,PS Plastic,0.9965760111808777,0.00031537862378172576,0.0015013450756669044,0.0007344839395955205,0.0008727562380954623,0.9965760111808777
/Users/aswanathjs/Downloads/test10/ai_plastic_waste_management_training/HDPE Plastic/shampoo_bottles/0065_a02b03c1d1e0f1g0h1.jpg,0,HDPE Plastic,0,HDPE Plastic,0.9995170831680298,0.9995170831680298,4.0761660784482956e-05,0.00016424240311607718,0.00016448959650006145,0.00011348671978339553
/Users/aswanathjs/Downloads/test10/ai_plastic_waste_management_training/LDPE Plastic/bubble_wrap/LDPE-99_jpg.rf.3d7ba029688b7036c8fa6f12db518e20.jpg,1,LDPE Plastic,1,LDPE Plastic,0.9920669794082642,0.0010656598024070263,0.9920669794082642,0.002980121411383152,0.0018387355376034975,0.0020485143177211285
/Users/aswanathjs/Downloads/test10/ai_plastic_waste_management_training/LDPE Plastic/bubble_wrap/LDPE-99_jpg.rf.c4d2980e5e5103a668d39b9de1b680c6.jpg,1,LDPE Plastic,1,LDPE Plastic,0.9771727919578552,0.0031476549338549376,0.9771727919578552,0.00817035511136055,0.0047775073908269405,0.006731655448675156
/Users/aswanathjs/Downloads/test10/ai_plastic_waste_management_training/HDPE Plastic/detergent_bottles/0010_a02b01c2d0e0f1g0h2.jpg,0,HDPE Plastic,0,HDPE Plastic,0.9978095889091492,0.9978095889091492,5.073701231594896e-06,0.0010129341389983892,0.0010129433358088136,0.00015955338312778622
/Users/aswanathjs/Downloads/test10/ai_plastic_waste_management_training/HDPE Plastic/milk_bottles/HDPEM558.JPG,0,HDPE Plastic,0,HDPE Plastic,0.99988853931427,0.99988853931427,1.5964901649567764e-06,4.38577844761312e-05,4.9179699999513105e-05,1.6863594282767735e-05
/Users/aswanathjs/Downloads/test10/ai_plastic_waste_management_training/PS Plastic/foam_containers/styrofoam-123-_jpg.rf.1b0a7d0c0d6721e571b69c9b9545d4d8.jpg,4,PS Plastic,4,PS Plastic,0.9732187986373901,0.016731496900320053,0.0031392821110785007,0.0007308438653126359,0.006179591175168753,0.9732187986373901
/Users/aswanathjs/Downloads/test10/ai_plastic_waste_management_training/PET Plastic/plastic_bottles/PET528.jpg,2,PET Plastic,2,PET Plastic,0.9993422627449036,0.00023805313685443252,4.8567071644356474e-05,0.9993422627449036,0.0002935717348009348,7.755750266369432e-05
/Users/aswanathjs/Downloads/test10/ai_plastic_waste_management_training/PET Plastic/black_white_plastic_bottles/bhnvi_jpg.rf.5feba821cab0a965022c48101bc4e810.jpg,2,PET Plastic,2,PET Plastic,0.9867152571678162,0.004601644817739725,0.004057267215102911,0.9867152571678162,0.0032159725669771433,0.0014098647516220808
/Users/aswanathjs/Downloads/test10/ai_plastic_waste_management_training/LDPE Plastic/black_white__plastic_bags/0260_jpg.rf.5cc83009a56d0bd1362da63c51f3debb.jpg,1,LDPE Plastic,1,LDPE Plastic,0.9143195748329163,0.007004616782069206,0.9143195748329163,0.024097122251987457,0.023795977234840393,0.030782705172896385
/Users/aswanathjs/Downloads/test10/ai_plastic_waste_management_training/LDPE Plastic/plastic_bags/LDPE-174_jpg.rf.ba724e61131407fce8f435d26f554207.jpg,1,LDPE Plastic,1,LDPE Plastic,0.9893394112586975,0.00278375088237226,0.9893394112586975,0.004406323656439781,0.0017919745296239853,0.0016785652842372656
/Users/aswanathjs/Downloads/test10/ai_plastic_waste_management_training/LDPE Plastic/plastic_bags/plasticbag (158).jpg,1,LDPE Plastic,1,LDPE Plastic,0.90154629945755,0.04941956326365471,0.90154629945755,0.007783710490912199,0.03193923085927963,0.009311193600296974
/Users/aswanathjs/Downloads/test10/ai_plastic_waste_management_training/LDPE Plastic/plastic_bags/LDPE-321_jpg.rf.502d5cceb8ba6da485ebb716c8e9db1a.jpg,1,LDPE Plastic,1,LDPE Plastic,0.9965711832046509,0.0004112755414098501,0.9965711832046509,0.000645735242869705,0.0011264948407188058,0.0012453937670215964
/Users/aswanathjs/Downloads/test10/ai_plastic_waste_management_training/PS Plastic/foam_sheets/PS-711_jpg.rf.4515a1f0aca07d8e446de37def458a12.jpg,4,PS Plastic,4,PS Plastic,0.992988646030426,0.0008405066328123212,0.0022109404671937227,0.0018638644833117723,0.002096079755574465,0.992988646030426
/Users/aswanathjs/Downloads/test10/ai_plastic_waste_management_training/PET Plastic/plastic_bottles/PET972.jpg,2,PET Plastic,2,PET Plastic,0.9938892126083374,0.0054669869132339954,2.7619365937425755e-05,0.9938892126083374,0.0004725026374217123,0.00014369112614076585
/Users/aswanathjs/Downloads/test10/ai_plastic_waste_management_training/PET Plastic/plastic_bottles/PET484.jpg,2,PET Plastic,2,PET Plastic,0.9998798370361328,0.0001027305333991535,2.457859409332741e-06,0.9998798370361328,9.514018529444002e-06,5.523263098439202e-06
/Users/aswanathjs/Downloads/test10/ai_plastic_waste_management_training/LDPE Plastic/plastic_bags/LDPE-541_jpg.rf.f283c7032a3dd4169b2b8e248f851d19.jpg,1,LDPE Plastic,1,LDPE Plastic,0.9761887788772583,0.006080070976167917,0.9761887788772583,0.003589043626561761,0.007230919785797596,0.006911184638738632
/Users/aswanathjs/Downloads/test10/ai_plastic_waste_management_training/PET Plastic/black_white_plastic_bottles/cgfux_jpg.rf.8a8f634efa0ee9baf3012ae5b0c3f48a.jpg,2,PET Plastic,2,PET Plastic,0.9996674060821533,0.0001837443996919319,3.105943324044347e-05,0.9996674060821533,8.800621435511857e-05,2.9770768378512003e-05
/Users/aswanathjs/Downloads/test10/ai_plastic_waste_management_training/PET Plastic/black_white_plastic_bottles/cqzaj_jpg.rf.4140f06e0b046b6ccdb459bdb4c2f9f6.jpg,2,PET Plastic,2,PET Plastic,0.9852128028869629,0.0012358837993815541,0.007347439415752888,0.9852128028869629,0.005588978994637728,0.0006149999098852277
/Users/aswanathjs/Downloads/test10/ai_plastic_waste_management_training/PET Plastic/shampoo_bottles/0050_a05b00c1d2e1f1g0h1.jpg,2,PET Plastic,2,PET Plastic,0.9924455285072327,0.004413961432874203,0.0002689525717869401,0.9924455285072327,0.0010752041125670075,0.0017963821301236749
/Users/aswanathjs/Downloads/test10/ai_plastic_waste_management_training/PP Plastic/round_containers/IMG20220210154502.jpg,3,PP Plastic,3,PP Plastic,0.7576462626457214,0.055151164531707764,0.13167135417461395,0.01768013834953308,0.7576462626457214,0.03785109892487526
/Users/aswanathjs/Downloads/test10/ai_plastic_waste_management_training/HDPE Plastic/shampoo_bottles/0078_a02b07c1d2e0f1g0h4.jpg,0,HDPE Plastic,0,HDPE Plastic,0.9387091398239136,0.9387091398239136,0.010767669416964054,0.01979110948741436,0.024356503039598465,0.006375515833497047
/Users/aswanathjs/Downloads/test10/ai_plastic_waste_management_training/LDPE Plastic/plastic_bags/LDPE-434_jpg.rf.e846e651da896157c4e625e39fec91f4.jpg,1,LDPE Plastic,1,LDPE Plastic,0.9972090125083923,0.000583893503062427,0.9972090125083923,0.0007084941607899964,0.0008068510796874762,0.0006918279104866087
/Users/aswanathjs/Downloads/test10/ai_plastic_waste_management_training/PET Plastic/plastic_bottles/PET485.jpg,2,PET Plastic,2,PET Plastic,0.999966025352478,2.5838493456831202e-05,1.2423323596522096e-06,0.999966025352478,5.430099918157794e-06,1.4606094964619842e-06
/Users/aswanathjs/Downloads/test10/ai_plastic_waste_management_training/HDPE Plastic/milk_bottles/HDPEM230.jpg,0,HDPE Plastic,0,HDPE Plastic,0.9994348883628845,0.9994348883628845,4.6012637540115975e-06,0.00043078020098619163,7.246439054142684e-05,5.7196433772332966e-05
"/Users/aswanathjs/Downloads/test10/ai_plastic_waste_management_training/PET Plastic/plastic_bottles/PET1,362.jpg",2,PET Plastic,2,PET Plastic,0.7711145281791687,0.06033214554190636,0.00018741501844488084,0.7711145281791687,0.16771964728832245,0.0006461968878284097
/Users/aswanathjs/Downloads/test10/ai_plastic_waste_management_training/LDPE Plastic/bin_bags/Image_109.png,1,LDPE Plastic,1,LDPE Plastic,0.9972042441368103,0.0008204415789805353,0.9972042441368103,0.0005317582399584353,0.0008777810726314783,0.000565755704883486
/Users/aswanathjs/Downloads/test10/ai_plastic_waste_management_training/LDPE Plastic/bin_bags_grey/Image_109.png,1,LDPE Plastic,1,LDPE Plastic,0.9939578771591187,0.001817110343836248,0.9939578771591187,0.0014603190356865525,0.0014816164039075375,0.0012830613413825631
/Users/aswanathjs/Downloads/test10/ai_plastic_waste_management_training/PS Plastic/foam_containers/Image_109.png,1,LDPE Plastic,1,LDPE Plastic,0.38810181617736816,0.08585955202579498,0.38810181617736816,0.012409023940563202,0.28192630410194397,0.2317032814025879
/Users/aswanathjs/Downloads/test10/ai_plastic_waste_management_training/LDPE Plastic/black_white__plastic_bags/0277_jpg.rf.ad7666dc0042d3ba64fd197c26c10a5a.jpg,1,LDPE Plastic,1,LDPE Plastic,0.9974291920661926,0.0016715561505407095,0.9974291920661926,0.0001745577756082639,0.00046162496437318623,0.00026314088609069586
/Users/aswanathjs/Downloads/test10/ai_plastic_waste_management_training/PET Plastic/shampoo_bottles/0050_a05b00c1d3e1f1g0h0.jpg,2,PET Plastic,2,PET Plastic,0.9964110255241394,0.0009220977080985904,0.00047609643661417067,0.9964110255241394,0.001466782414354384,0.0007239968399517238
/Users/aswanathjs/Downloads/test10/ai_plastic_waste_management_training/LDPE Plastic/plastic_bags_grey/LDPE-60_jpg.rf.e1653fc8d489b27598b545ecb081111a.jpg,1,LDPE Plastic,1,LDPE Plastic,0.9947463274002075,0.0015068447683006525,0.9947463274002075,0.0008653184631839395,0.0012538532027974725,0.0016276731621474028
/Users/aswanathjs/Downloads/test10/ai_plastic_waste_management_training/LDPE Plastic/plastic_bags/LDPE-60_jpg.rf.e1653fc8d489b27598b545ecb081111a.jpg,1,LDPE Plastic,1,LDPE Plastic,0.9990131855010986,0.000271619443083182,0.9990131855010986,8.752514986554161e-05,0.0003214159223716706,0.0003062117611989379
/Users/aswanathjs/Downloads/test10/ai_plastic_waste_management_training/HDPE Plastic/milk_bottles/HDPEM66.jpg,0,HDPE Plastic,0,HDPE Plastic,0.9841954708099365,0.9841954708099365,3.8932117604417726e-05,0.010623147711157799,0.004824968054890633,0.0003175052406731993
/Users/aswanathjs/Downloads/test10/ai_plastic_waste_management_training/HDPE Plastic/shampoo_bottles/0061_a02b01c1d0e0f1g0h4(1).jpg,0,HDPE Plastic,0,HDPE Plastic,0.9998824596405029,0.9998824596405029,1.1803927009168547e-06,1.7722253687679768e-05,6.662055966444314e-05,3.1885396310826764e-05
/Users/aswanathjs/Downloads/test10/ai_plastic_waste_management_training/LDPE Plastic/black_white__plastic_bags/0257_jpg.rf.a4ad02e2af3fe9aec7a4163d162916e1.jpg,1,LDPE Plastic,1,LDPE Plastic,0.9970869421958923,0.0006516146240755916,0.9970869421958923,0.0006696457276120782,0.0006287087453529239,0.0009631015127524734
/Users/aswanathjs/Downloads/test10/ai_plastic_waste_management_training/LDPE Plastic/bin_bags/Image_36.png,1,LDPE Plastic,1,LDPE Plastic,0.972745954990387,0.006682979874312878,0.972745954990387,0.00787887629121542,0.005924311000853777,0.0067679500207304955
/Users/aswanathjs/Downloads/test10/ai_plastic_waste_management_training/PS Plastic/foam_containers/Image_36.png,1,LDPE Plastic,4,PS Plastic,0.6223072409629822,0.04314889758825302,0.11539174616336823,0.008678973652422428,0.21047312021255493,0.6223072409629822
/Users/aswanathjs/Downloads/test10/ai_plastic_waste_management_training/LDPE Plastic/bin_bags/Image_187.png,1,LDPE Plastic,1,LDPE Plastic,0.9789966344833374,0.0075821117497980595,0.9789966344833374,0.004230140242725611,0.0054361470974981785,0.003754958976060152
/Users/aswanathjs/Downloads/test10/ai_plastic_waste_management_training/PS Plastic/foam_containers/Image_187.png,1,LDPE Plastic,4,PS Plastic,0.4325971007347107,0.04018660634756088,0.30221015214920044,0.01606164313852787,0.20894452929496765,0.4325971007347107
/Users/aswanathjs/Downloads/test10/ai_plastic_waste_management_training/PET Plastic/plastic_bottles/PET595.jpg,2,PET Plastic,2,PET Plastic,0.9991104006767273,0.0007825830252841115,8.173324772542401e-07,0.9991104006767273,5.9257337852614e-05,4.6943699999246746e-05
/Users/aswanathjs/Downloads/test10/ai_plastic_waste_management_training/HDPE Plastic/milk_bottles/P_W (465).jpg,0,HDPE Plastic,0,HDPE Plastic,0.9993113279342651,0.9993113279342651,4.926043402520008e-06,0.0002256869338452816,0.0003499164595268667,0.00010804510384332389
/Users/aswanathjs/Downloads/test10/ai_plastic_waste_management_training/LDPE Plastic/black_white__plastic_bags/0219_jpg.rf.c16da776f5a092488537212c325f9d37.jpg,1,LDPE Plastic,1,LDPE Plastic,0.9871751666069031,0.0067307609133422375,0.9871751666069031,0.00033198471646755934,0.004705806262791157,0.0010562819661572576
/Users/aswanathjs/Downloads/test10/ai_plastic_waste_management_training/PET Plastic/plastic_bottles/PET715.jpg,2,PET Plastic,2,PET Plastic,0.9999345541000366,3.328439925098792e-05,1.9976716885139467e-06,0.9999345541000366,1.9558270651032217e-05,1.0583829862298444e-05
/Users/aswanathjs/Downloads/test10/ai_plastic_waste_management_training/LDPE Plastic/plastic_bags/LDPE-609_jpg.rf.1c18d32f62f5503b69dfd1fa82a8c207.jpg,1,LDPE Plastic,1,LDPE Plastic,0.9943414926528931,0.0013834299752488732,0.9943414926528931,0.001557174720801413,0.0009553157724440098,0.0017626154003664851
/Users/aswanathjs/Downloads/test10/ai_plastic_waste_management_training/HDPE Plastic/detergent_bottles/0039_a02b01c1d3e0f1g0h2.jpg,0,HDPE Plastic,0,HDPE Plastic,0.9983183145523071,0.9983183145523071,0.00019133399473503232,0.0009485938935540617,0.0003679797810036689,0.00017372546426486224
"/Users/aswanathjs/Downloads/test10/ai_plastic_waste_management_training/PET Plastic/plastic_bottles/PET1,444.jpg",2,PET Plastic,2,PET Plastic,0.9997889399528503,0.00011291445844108239,5.790161139884731e-06,0.9997889399528503,7.495522731915116e-05,1.75183049577754e-05
/Users/aswanathjs/Downloads/test10/ai_plastic_waste_management_training/PP Plastic/square_containers_grey/0011_a05b00c1d0e0f0g0h2.jpg,3,PP Plastic,3,PP Plastic,0.9885108470916748,0.0008548986515961587,0.0023298324085772038,0.007277370896190405,0.9885108470916748,0.0010270453058183193
/Users/aswanathjs/Downloads/test10/ai_plastic_waste_management_training/PP Plastic/rectangle_containers/0011_a05b00c1d0e0f0g0h2.jpg,3,PP Plastic,3,PP Plastic,0.9866592884063721,0.001331955543719232,0.006326821632683277,0.003950885962694883,0.9866592884063721,0.0017309727845713496
/Users/aswanathjs/Downloads/test10/ai_plastic_waste_management_training/PP Plastic/square_containers/0011_a05b00c1d0e0f0g0h2.jpg,3,PP Plastic,3,PP Plastic,0.9866592884063721,0.001331955543719232,0.006326821632683277,0.003950885962694883,0.9866592884063721,0.0017309727845713496
/Users/aswanathjs/Downloads/test10/ai_plastic_waste_management_training/PP Plastic/rectangle_containers_grey/0011_a05b00c1d0e0f0g0h2.jpg,3,PP Plastic,3,PP Plastic,0.9885108470916748,0.0008548986515961587,0.0023298324085772038,0.007277370896190405,0.9885108470916748,0.0010270453058183193
/Users/aswanathjs/Downloads/test10/ai_plastic_waste_management_training/PS Plastic/foam_containers/0058_a06b01c1d2e0f0g0h0.jpg,4,PS Plastic,4,PS Plastic,0.9979629516601562,0.0002742776705417782,0.00014686936629004776,0.00028429474332369864,0.0013314923271536827,0.9979629516601562
/Users/aswanathjs/Downloads/test10/ai_plastic_waste_management_training/LDPE Plastic/black_white__plastic_bags/0174_jpg.rf.a7e0c8215ae5965190cb789c8c09f2f8.jpg,1,LDPE Plastic,1,LDPE Plastic,0.9753191471099854,0.0025174058973789215,0.9753191471099854,0.0039040246047079563,0.014049984514713287,0.0042094760574400425
/Users/aswanathjs/Downloads/test10/ai_plastic_waste_management_training/PET Plastic/plastic_bottles/PET486.jpg,2,PET Plastic,2,PET Plastic,0.9999450445175171,4.152048131800257e-05,1.5741799188617733e-06,0.9999450445175171,1.0299341738573276e-05,1.569920641486533e-06
/Users/aswanathjs/Downloads/test10/ai_plastic_waste_management_training/PP Plastic/rectangle_containers/0011_a05b00c1d1e0f0g0h3.jpg,3,PP Plastic,3,PP Plastic,0.9944171905517578,0.0011770142009481788,0.0014658954460173845,0.0024743154644966125,0.9944171905517578,0.00046556474990211427
/Users/aswanathjs/Downloads/test10/ai_plastic_waste_management_training/PP Plastic/square_containers/0011_a05b00c1d1e0f0g0h3.jpg,3,PP Plastic,3,PP Plastic,0.9944171905517578,0.0011770142009481788,0.0014658954460173845,0.0024743154644966125,0.9944171905517578,0.00046556474990211427
"/Users/aswanathjs/Downloads/test10/ai_plastic_waste_management_training/PET Plastic/plastic_bottles/PET1,321.jpg",2,PET Plastic,2,PET Plastic,0.9499309062957764,0.04150882363319397,0.0008533981163054705,0.9499309062957764,0.0038601651322096586,0.003846733132377267
/Users/aswanathjs/Downloads/test10/ai_plastic_waste_management_training/LDPE Plastic/plastic_bags/plasticbag (61).jpg,1,LDPE Plastic,1,LDPE Plastic,0.9927816987037659,0.0007954163593240082,0.9927816987037659,0.0016670981422066689,0.004263334907591343,0.0004925229004584253
/Users/aswanathjs/Downloads/test10/ai_plastic_waste_management_training/PP Plastic/round_containers/0095_a05b01c2d3e0f0g0h2.jpg,3,PP Plastic,3,PP Plastic,0.9668307900428772,0.0145022664219141,0.004958878271281719,0.011617982760071754,0.9668307900428772,0.0020900946110486984
/Users/aswanathjs/Downloads/test10/ai_plastic_waste_management_training/HDPE Plastic/shampoo_bottles/0061_a02b01c2d3e0f1g0h1.jpg,0,HDPE Plastic,0,HDPE Plastic,0.999870777130127,0.999870777130127,3.4734948712866753e-06,1.6731950381654315e-05,8.93260003067553e-05,1.9670244000735693e-05
/Users/aswanathjs/Downloads/test10/ai_plastic_waste_management_training/PS Plastic/foam_sheets/PS-896_jpg.rf.f5a1226a916b53702567b35310788274.jpg,4,PS Plastic,4,PS Plastic,0.9998767375946045,1.1636634553724434e-05,5.1067185268038884e-05,3.286590435891412e-05,2.7569682060857303e-05,0.9998767375946045
/Users/aswanathjs/Downloads/test10/ai_plastic_waste_management_training/PET Plastic/black_white_plastic_bottles/bucmx_jpg.rf.ed05391c025208296e856dc329fac940.jpg,2,PET Plastic,2,PET Plastic,0.9992695450782776,0.00013312890951056033,0.000369892455637455,0.9992695450782776,0.00020000344375148416,2.7423280698712915e-05
/Users/aswanathjs/Downloads/test10/ai_plastic_waste_management_training/PP Plastic/square_containers/Image_153.png,3,PP Plastic,3,PP Plastic,0.9132677316665649,0.00965629518032074,0.04179327189922333,0.002008770126849413,0.9132677316665649,0.03327396884560585
/Users/aswanathjs/Downloads/test10/ai_plastic_waste_management_training/PS Plastic/foam_containers/Image_153.png,3,PP Plastic,1,LDPE Plastic,0.3910641670227051,0.0567086860537529,0.3910641670227051,0.01278059184551239,0.305488258600235,0.23395825922489166
/Users/aswanathjs/Downloads/test10/ai_plastic_waste_management_training/PET Plastic/black_white_plastic_bottles/cztuv_jpg.rf.5645345b7c029ab43e2ae98bc45b705f.jpg,2,PET Plastic,2,PET Plastic,0.9928845763206482,0.0007038506446406245,0.0045831045135855675,0.9928845763206482,0.0013168009463697672,0.0005115492385812104
/Users/aswanathjs/Downloads/test10/ai_plastic_waste_management_training/PP Plastic/irregular_containers/0036_a05b00c1d0e0f0g0h3.jpg,3,PP Plastic,3,PP Plastic,0.980916440486908,0.0007585136336274445,0.0020403924863785505,0.009932204149663448,0.980916440486908,0.006352443713694811
/Users/aswanathjs/Downloads/test10/ai_plastic_waste_management_training/PP Plastic/round_containers/IMG_20220210_105856.jpg,3,PP Plastic,3,PP Plastic,0.9608033895492554,0.014334834180772305,0.010075658559799194,0.0028192419558763504,0.9608033895492554,0.0119668859988451
/Users/aswanathjs/Downloads/test10/ai_plastic_waste_management_training/LDPE Plastic/plastic_bags/LDPE-57_jpg.rf.d8278d1b3a4868875159aed9c484a0ce.jpg,1,LDPE Plastic,1,LDPE Plastic,0.9990940093994141,0.0004351569223217666,0.9990940093994141,6.893013778608292e-05,0.00021228514378890395,0.00018965851631946862
/Users/aswanathjs/Downloads/test10/ai_plastic_waste_management_training/LDPE Plastic/plastic_bags/LDPE-57_jpg.rf.fd80a8096bc6ffe477192da7ba92d797.jpg,1,LDPE Plastic,1,LDPE Plastic,0.9904879927635193,0.002150073414668441,0.9904879927635193,0.001818206044845283,0.0031425850465893745,0.0024011617060750723
"/Users/aswanathjs/Downloads/test10/ai_plastic_waste_management_training/PET Plastic/plastic_bottles/PET1,235.jpg",2,PET Plastic,2,PET Plastic,0.9993242025375366,0.00048224435886368155,9.242689884558786e-06,0.9993242025375366,0.00014274698332883418,4.159886884735897e-05
"/Users/aswanathjs/Downloads/test10/ai_plastic_waste_management_training/PET Plastic/plastic_bottles/PET1,613.jpg",2,PET Plastic,2,PET Plastic,0.9932621121406555,0.0021469807252287865,0.0020253604743629694,0.9932621121406555,0.001946398988366127,0.0006191220018081367
/Users/aswanathjs/Downloads/test10/ai_plastic_waste_management_training/PET Plastic/black_white_plastic_bottles/bcaqx_jpg.rf.d79b0d79c7cf84ddaa330fa95b3b675e.jpg,2,PET Plastic,2,PET Plastic,0.9996147155761719,9.259083890356123e-05,3.002302946697455e-05,0.9996147155761719,0.0001559593656565994,0.000106623767351266
/Users/aswanathjs/Downloads/test10/ai_plastic_waste_management_training/PET Plastic/plastic_bottles/PET784.jpg,2,PET Plastic,2,PET Plastic,0.9996544122695923,0.00012008773046545684,1.1383342098270077e-05,0.9996544122695923,0.00014014677435625345,7.389625534415245e-05
/Users/aswanathjs/Downloads/test10/ai_plastic_waste_management_training/PP Plastic/square_containers_grey/Image_250.png,3,PP Plastic,3,PP Plastic,0.9161905646324158,0.002689318498596549,0.017988447099924088,0.0036839169915765524,0.9161905646324158,0.05944773927330971
/Users/aswanathjs/Downloads/test10/ai_plastic_waste_management_training/PP Plastic/square_containers/Image_250.png,3,PP Plastic,3,PP Plastic,0.9190084338188171,0.011616588570177555,0.010259618982672691,0.00172148656565696,0.9190084338188171,0.05739382281899452
/Users/aswanathjs/Downloads/test10/ai_plastic_waste_management_training/PS Plastic/foam_containers/Image_250.png,3,PP Plastic,1,LDPE Plastic,0.37106648087501526,0.07130654156208038,0.37106648087501526,0.017480628564953804,0.317814439535141,0.2223319113254547
/Users/aswanathjs/Downloads/test10/ai_plastic_waste_management_training/LDPE Plastic/plastic_bags/LDPE-41_jpg.rf.20a5f7597f8f602a98886343f404a1e0.jpg,1,LDPE Plastic,1,LDPE Plastic,0.9949274063110352,0.0028998428024351597,0.9949274063110352,0.00039092919905669987,0.0009642613586038351,0.0008175478433258832
/Users/aswanathjs/Downloads/test10/ai_plastic_waste_management_training/PS Plastic/foam_sheets/PS-604_jpg.rf.2f88ab91a623f7eb67f048553e7594f7.jpg,4,PS Plastic,4,PS Plastic,0.9988642930984497,0.00013941024371888489,0.0006714448682032526,2.7046975446864963e-05,0.00029785415972582996,0.9988642930984497
/Users/aswanathjs/Downloads/test10/ai_plastic_waste_management_training/PS Plastic/foam_sheets/PS-668_jpg.rf.8fe710f9d479a0e9f0ff7b163e677905.jpg,4,PS Plastic,4,PS Plastic,0.9940711855888367,0.00023405258252751082,0.004595413338392973,0.0002765860117506236,0.0008227050420828164,0.9940711855888367
/Users/aswanathjs/Downloads/test10/ai_plastic_waste_management_training/HDPE Plastic/shampoo_bottles/0075_a02b01c2d2e0f0g0h1.jpg,0,HDPE Plastic,0,HDPE Plastic,0.9742428660392761,0.9742428660392761,1.677608634054195e-05,0.0015324364649131894,0.0241128820925951,9.499822772340849e-05
"/Users/aswanathjs/Downloads/test10/ai_plastic_waste_management_training/PET Plastic/plastic_bottles/PET1,608.jpg",2,PET Plastic,1,LDPE Plastic,0.458371639251709,0.021210981532931328,0.458371639251709,0.41783517599105835,0.09801588207483292,0.004566359333693981
/Users/aswanathjs/Downloads/test10/ai_plastic_waste_management_training/PP Plastic/round_containers/0095_a05b01c2d1e0f0g0h4.jpg,3,PP Plastic,3,PP Plastic,0.999358594417572,0.0005562121514230967,6.958104222576367e-06,6.45299514872022e-05,0.999358594417572,1.3742926967097446e-05
/Users/aswanathjs/Downloads/test10/ai_plastic_waste_management_training/PET Plastic/black_white_plastic_bottles/dboqi_jpg.rf.57ac3d4796ea4575415d2239f7ac7ddb.jpg,2,PET Plastic,2,PET Plastic,0.9981788396835327,0.0008757319301366806,0.00037003160105086863,0.9981788396835327,0.0004717655247077346,0.00010372617543907836
/Users/aswanathjs/Downloads/test10/ai_plastic_waste_management_training/LDPE Plastic/plastic_bags/plasticbag (33).jpg,1,LDPE Plastic,1,LDPE Plastic,0.9782571792602539,0.005660607945173979,0.9782571792602539,0.0015017002588137984,0.00945343542844057,0.005127027630805969
"/Users/aswanathjs/Downloads/test10/ai_plastic_waste_management_training/PET Plastic/plastic_bottles/PET1,475.jpg",2,PET Plastic,2,PET Plastic,0.9915238618850708,0.004959049168974161,0.00014006266428623348,0.9915238618850708,0.0026098964735865593,0.0007671421044506133
/Users/aswanathjs/Downloads/test10/ai_plastic_waste_management_training/PET Plastic/shampoo_bottles/0015_a05b00c1d2e1f1g0h0.jpg,2,PET Plastic,2,PET Plastic,0.9109747409820557,0.07575363665819168,0.0014280390460044146,0.9109747409820557,0.006255873944610357,0.005587747320532799
/Users/aswanathjs/Downloads/test10/ai_plastic_waste_management_training/LDPE Plastic/plastic_bags/LDPE-19_jpg.rf.686c6c75b2213e4293817309e22c0b79.jpg,1,LDPE Plastic,1,LDPE Plastic,0.9945188164710999,0.001373529783450067,0.9945188164710999,0.0013102574739605188,0.0005290259723551571,0.0022683783899992704
/Users/aswanathjs/Downloads/test10/ai_plastic_waste_management_training/PET Plastic/black_white_plastic_bottles/chlqt_jpg.rf.efc7a16e9513b31941f4a0b6568c10c0.jpg,2,PET Plastic,2,PET Plastic,0.9651134610176086,0.002672352362424135,0.017166439443826675,0.9651134610176086,0.014795327559113503,0.0002525065210647881
/Users/aswanathjs/Downloads/test10/ai_plastic_waste_management_training/PS Plastic/foam_containers/0058_a06b01c1d0e0f0g0h1.jpg,4,PS Plastic,4,PS Plastic,0.9759717583656311,0.0010872341226786375,0.001133866491727531,0.0006219193455763161,0.021185239776968956,0.9759717583656311
/Users/aswanathjs/Downloads/test10/ai_plastic_waste_management_training/PP Plastic/irregular_containers/train_PP-59_jpg.rf.d289ca64f9306da06780bc7b797a5ed9.jpg,3,PP Plastic,3,PP Plastic,0.9819475412368774,0.0047895582392811775,0.0018210154958069324,0.0048475549556314945,0.9819475412368774,0.0065942308865487576
/Users/aswanathjs/Downloads/test10/ai_plastic_waste_management_training/PP Plastic/irregular_containers/0036_a05b00c2d0e0f0g0h2.jpg,3,PP Plastic,3,PP Plastic,0.9830325245857239,0.0009134804713539779,0.0003429529897402972,0.011540045030415058,0.9830325245857239,0.0041709220968186855
/Users/aswanathjs/Downloads/test10/ai_plastic_waste_management_training/LDPE Plastic/black_white__plastic_bags/0222_jpg.rf.cd5ab015af2beb9b1e30cfa9e14a06d5.jpg,1,LDPE Plastic,1,LDPE Plastic,0.9962982535362244,0.0009621117496863008,0.9962982535362244,0.002001611515879631,0.00039337179623544216,0.000344693980878219
/Users/aswanathjs/Downloads/test10/ai_plastic_waste_management_training/LDPE Plastic/black_white__plastic_bags/0130_jpg.rf.5a3ea53d8834186f5060d887591f1a1a.jpg,1,LDPE Plastic,1,LDPE Plastic,0.9761123657226562,0.003364550182595849,0.9761123657226562,0.0033795747440308332,0.011893459595739841,0.005250060465186834
/Users/aswanathjs/Downloads/test10/ai_plastic_waste_management_training/PP Plastic/round_containers/0032_a05b01c1d2e0f0g0h2.jpg,3,PP Plastic,3,PP Plastic,0.6106850504875183,0.36090320348739624,0.006818435620516539,0.015821699053049088,0.6106850504875183,0.005771579686552286
"/Users/aswanathjs/Downloads/test10/ai_plastic_waste_management_training/PET Plastic/plastic_bottles/PET1,169.jpg",2,PET Plastic,2,PET Plastic,0.9987829327583313,0.0006333295605145395,0.0004134706105105579,0.9987829327583313,7.670037302887067e-05,9.351367043564096e-05
/Users/aswanathjs/Downloads/test10/ai_plastic_waste_management_training/PP Plastic/irregular_containers/0036_a05b00c1d1e0f0g0h0.jpg,3,PP Plastic,3,PP Plastic,0.9125683307647705,0.0037837724667042494,0.023181479424238205,0.05611613020300865,0.9125683307647705,0.004350381903350353
/Users/aswanathjs/Downloads/test10/ai_plastic_waste_management_training/PET Plastic/black_white_plastic_bottles/bgsqd_jpg.rf.57560a7c7191fb19bbc6d4af5c6ea22c.jpg,2,PET Plastic,2,PET Plastic,0.9914836287498474,0.0014672017423436046,0.0037867212668061256,0.9914836287498474,0.0023435757029801607,0.0009189156698994339
/Users/aswanathjs/Downloads/test10/ai_plastic_waste_management_training/PP Plastic/square_containers/Image_177.png,3,PP Plastic,3,PP Plastic,0.645149827003479,0.010344347916543484,0.2650532126426697,0.017890362069010735,0.645149827003479,0.061562273651361465
/Users/aswanathjs/Downloads/test10/ai_plastic_waste_management_training/PS Plastic/form_containers_grey/Image_177.png,3,PP Plastic,4,PS Plastic,0.3432099223136902,0.07041317969560623,0.27627629041671753,0.030045023187994957,0.2800556421279907,0.3432099223136902
/Users/aswanathjs/Downloads/test10/ai_plastic_waste_management_training/PS Plastic/foam_containers/Image_177.png,3,PP Plastic,4,PS Plastic,0.4686763882637024,0.10324808955192566,0.18741048872470856,0.03995949402451515,0.20070555806159973,0.4686763882637024
/Users/aswanathjs/Downloads/test10/ai_plastic_waste_management_training/LDPE Plastic/black_white__plastic_bags/0049_jpg.rf.5091fd66f85c75101b69742c987ea664.jpg,1,LDPE Plastic,1,LDPE Plastic,0.9969834685325623,0.0006953168194741011,0.9969834685325623,0.0007030975539237261,0.0007790176314301789,0.0008390386356040835
/Users/aswanathjs/Downloads/test10/ai_plastic_waste_management_training/HDPE Plastic/milk_bottles/HDPEM190.jpg,0,HDPE Plastic,0,HDPE Plastic,0.9999394416809082,0.9999394416809082,3.6170212069919216e-07,4.322395398048684e-05,1.2346275980235077e-05,4.528576482698554e-06
/Users/aswanathjs/Downloads/test10/ai_plastic_waste_management_training/PET Plastic/black_white_plastic_bottles/cegwo_jpg.rf.be048a7a66c9930b0d37e9251bd6ea7d.jpg,2,PET Plastic,2,PET Plastic,0.9990966320037842,6.09695453022141e-05,0.0004142972466070205,0.9990966320037842,0.000257901061559096,0.00017015571938827634
/Users/aswanathjs/Downloads/test10/ai_plastic_waste_management_training/PET Plastic/shampoo_bottles/0100_a05b00c1d0e0f0g0h2.jpg,2,PET Plastic,2,PET Plastic,0.9992713332176208,4.2741576180560514e-05,3.956285127060255e-06,0.9992713332176208,0.0006699716323055327,1.2055045772285666e-05
/Users/aswanathjs/Downloads/test10/ai_plastic_waste_management_training/PP Plastic/round_containers/0095_a05b01c2d0e0f0g0h0.jpg,3,PP Plastic,3,PP Plastic,0.9989446997642517,0.0007960023358464241,4.6021679736441e-05,0.000123259931569919,0.9989446997642517,9.010161011246964e-05
/Users/aswanathjs/Downloads/test10/ai_plastic_waste_management_training/HDPE Plastic/shampoo_bottles/0063_a02b01c1d0e0f1g1h4.jpg,0,HDPE Plastic,0,HDPE Plastic,0.9904333353042603,0.9904333353042603,6.514756387332454e-05,0.0031056683510541916,0.00623205304145813,0.00016377799329347908
/Users/aswanathjs/Downloads/test10/ai_plastic_waste_management_training/PET Plastic/plastic_bottles/PET399.jpg,2,PET Plastic,2,PET Plastic,0.9988424181938171,0.0005017130170017481,9.259654325433075e-05,0.9988424181938171,0.00038981513353064656,0.00017352319264318794
/Users/aswanathjs/Downloads/test10/ai_plastic_waste_management_training/LDPE Plastic/plastic_bags/LDPE-37_jpg.rf.4e86f07473cf8d68dba1b25ef76a9979.jpg,1,LDPE Plastic,1,LDPE Plastic,0.9951004385948181,0.0008375789620913565,0.9951004385948181,0.0016197384102270007,0.001599739189259708,0.0008425078704021871
/Users/aswanathjs/Downloads/test10/ai_plastic_waste_management_training/LDPE Plastic/plastic_bags/LDPE-37_jpg.rf.a1aee41d19fa68257bc725dfbaf86980.jpg,1,LDPE Plastic,1,LDPE Plastic,0.9775615334510803,0.0038968066219240427,0.9775615334510803,0.0017368239350616932,0.014544607140123844,0.002260202309116721
"/Users/aswanathjs/Downloads/test10/ai_plastic_waste_management_training/PET Plastic/plastic_bottles/PET1,290.jpg",2,PET Plastic,2,PET Plastic,0.99732506275177,0.001883194549009204,6.525774369947612e-05,0.99732506275177,0.00047151552280411124,0.0002548789489082992
/Users/aswanathjs/Downloads/test10/ai_plastic_waste_management_training/PS Plastic/foam_containers/0058_a06b01c1d2e0f0g0h2.jpg,4,PS Plastic,4,PS Plastic,0.9990624785423279,8.992011134978384e-05,8.605985931353644e-05,7.779154111631215e-05,0.0006838132394477725,0.9990624785423279
/Users/aswanathjs/Downloads/test10/ai_plastic_waste_management_training/HDPE Plastic/detergent_bottles/0039_a02b01c2d1e0f1g0h4.jpg,0,HDPE Plastic,0,HDPE Plastic,0.9997748732566833,0.9997748732566833,1.4483049199043307e-05,9.894483810057864e-06,0.00018480757717043161,1.5948122381814755e-05
/Users/aswanathjs/Downloads/test10/ai_plastic_waste_management_training/LDPE Plastic/black_white__plastic_bags/0027_jpg.rf.87b0ee62a4c3cd90fa7655125af6f3ae.jpg,1,LDPE Plastic,1,LDPE Plastic,0.9994920492172241,0.00011136491957586259,0.9994920492172241,0.00014351549907587469,0.00017391113215126097,7.913917943369597e-05
/Users/aswanathjs/Downloads/test10/ai_plastic_waste_management_training/LDPE Plastic/plastic_bags/LDPE-409_jpg.rf.8d15c530600d9b051829d588c619dfc8.jpg,1,LDPE Plastic,1,LDPE Plastic,0.990646481513977,0.003237147117033601,0.990646481513977,0.0030908286571502686,0.001615407643839717,0.0014101839624345303
"/Users/aswanathjs/Downloads/test10/ai_plastic_waste_management_training/PET Plastic/plastic_bottles/PET1,374.jpg",2,PET Plastic,2,PET Plastic,0.9990999698638916,0.0003515667631290853,4.390837057144381e-05,0.9990999698638916,0.00043105127406306565,7.348564395215362e-05
/Users/aswanathjs/Downloads/test10/ai_plastic_waste_management_training/HDPE Plastic/milk_bottles/HDPEM202.jpg,0,HDPE Plastic,0,HDPE Plastic,0.9999797344207764,0.9999797344207764,9.077349716335448e-08,8.69272571435431e-06,9.403748663316946e-06,1.9701685687323334e-06
/Users/aswanathjs/Downloads/test10/ai_plastic_waste_management_training/PP Plastic/round_containers/IMG_20220209_174040.jpg,3,PP Plastic,3,PP Plastic,0.9904841184616089,0.0012967366492375731,0.002494819462299347,0.0015149259706959128,0.9904841184616089,0.0042094080708920956
/Users/aswanathjs/Downloads/test10/ai_plastic_waste_management_training/HDPE Plastic/milk_bottles/HDPEM569.JPG,0,HDPE Plastic,0,HDPE Plastic,0.9839721918106079,0.9839721918106079,0.00012686150148510933,0.005004144739359617,0.008309020660817623,0.0025877549778670073
/Users/aswanathjs/Downloads/test10/ai_plastic_waste_management_training/LDPE Plastic/plastic_bags/plasticbag (68).jpg,1,LDPE Plastic,1,LDPE Plastic,0.9761644005775452,0.007123495452105999,0.9761644005775452,0.0063047935254871845,0.008209659717977047,0.0021977429278194904
/Users/aswanathjs/Downloads/test10/ai_plastic_waste_management_training/HDPE Plastic/milk_bottles/HDPEM100.jpg,0,HDPE Plastic,0,HDPE Plastic,0.9962940812110901,0.9962940812110901,4.992231424694182e-06,0.0031875246204435825,0.0004130139423068613,0.00010031564306700602
/Users/aswanathjs/Downloads/test10/ai_plastic_waste_management_training/PP Plastic/round_containers/IMG_20220209_175545.jpg,3,PP Plastic,3,PP Plastic,0.9406718611717224,0.016725793480873108,0.009452175348997116,0.017448196187615395,0.9406718611717224,0.01570199802517891
/Users/aswanathjs/Downloads/test10/ai_plastic_waste_management_training/HDPE Plastic/milk_bottles/HDPEM220.jpg,0,HDPE Plastic,0,HDPE Plastic,0.999711811542511,0.999711811542511,8.564427389501361e-07,0.00020781286002602428,5.966243406874128e-05,1.980451270355843e-05
"/Users/aswanathjs/Downloads/test10/ai_plastic_waste_management_training/PET Plastic/plastic_bottles/PET1,683.jpg",2,PET Plastic,2,PET Plastic,0.9728659987449646,0.00598917854949832,0.004685759544372559,0.9728659987449646,0.014341679401695728,0.0021175083238631487
"/Users/aswanathjs/Downloads/test10/ai_plastic_waste_management_training/HDPE Plastic/milk_bottles/HDPEM1,010.JPG",0,HDPE Plastic,0,HDPE Plastic,0.9993589520454407,0.9993589520454407,3.5719906463782536e-06,0.0005150986253283918,9.861966827884316e-05,2.373920324316714e-05
/Users/aswanathjs/Downloads/test10/ai_plastic_waste_management_training/PP Plastic/round_containers/IMG_20220209_173404.jpg,3,PP Plastic,3,PP Plastic,0.9846312403678894,0.0010919591877609491,0.002861559158191085,0.004722829442471266,0.9846312403678894,0.006692512892186642
/Users/aswanathjs/Downloads/test10/ai_plastic_waste_management_training/HDPE Plastic/detergent_bottles/0098_a02b03c1d0e0f0g0h3.jpg,0,HDPE Plastic,0,HDPE Plastic,0.999984622001648,0.999984622001648,2.3272126270512672e-07,1.402302132191835e-06,1.1095932677562814e-05,2.611418949527433e-06
/Users/aswanathjs/Downloads/test10/ai_plastic_waste_management_training/HDPE Plastic/shampoo_bottles/0076_a02b06c2d1e0f1g0h4.jpg,0,HDPE Plastic,0,HDPE Plastic,0.9998410940170288,0.9998410940170288,7.88397119322326e-06,6.805024895584211e-05,7.28228478692472e-05,1.0107775779033545e-05
/Users/aswanathjs/Downloads/test10/ai_plastic_waste_management_training/HDPE Plastic/milk_bottles/HDPEM79.jpg,0,HDPE Plastic,0,HDPE Plastic,0.9996957778930664,0.9996957778930664,7.878402357164305e-07,0.0002488228783477098,4.956130214850418e-05,5.094663265481358e-06
/Users/aswanathjs/Downloads/test10/ai_plastic_waste_management_training/PP Plastic/round_containers/0043_a06b01c1d3e0f0g0h3.jpg,3,PP Plastic,3,PP Plastic,0.9883147478103638,0.005843692924827337,0.0019363467581570148,0.0020734956488013268,0.9883147478103638,0.001831813482567668
/Users/aswanathjs/Downloads/test10/ai_plastic_waste_management_training/PP Plastic/round_containers_grey/0043_a06b01c1d3e0f0g0h3.jpg,3,PP Plastic,3,PP Plastic,0.9513385891914368,0.03181986138224602,0.008929986506700516,0.003485791850835085,0.9513385891914368,0.004425782710313797
/Users/aswanathjs/Downloads/test10/ai_plastic_waste_management_training/PP Plastic/irregular_containers/train_PP-97_jpg.rf.cf900bbf6562c70df187cb016fe6acf0.jpg,3,PP Plastic,3,PP Plastic,0.8994432687759399,0.014711410738527775,0.013162042945623398,0.01311029214411974,0.8994432687759399,0.059573009610176086
/Users/aswanathjs/Downloads/test10/ai_plastic_waste_management_training/LDPE Plastic/plastic_bags/plasticbag (34).jpg,1,LDPE Plastic,1,LDPE Plastic,0.9919629096984863,0.0020253791008144617,0.9919629096984863,0.0013207797892391682,0.0035802677739411592,0.0011106061283499002
/Users/aswanathjs/Downloads/test10/ai_plastic_waste_management_training/LDPE Plastic/plastic_bags/LDPE-107_jpg.rf.eff93aea63d9964797471e78334123e6.jpg,1,LDPE Plastic,1,LDPE Plastic,0.9830037355422974,0.0038745682686567307,0.9830037355422974,0.006087175104767084,0.002630057046189904,0.004404472187161446
/Users/aswanathjs/Downloads/test10/ai_plastic_waste_management_training/PS Plastic/foam_sheets/PS-774_jpg.rf.595fa8490f5825f8bb10c28bb893831f.jpg,4,PS Plastic,4,PS Plastic,0.9991975426673889,0.00026507157599553466,0.00013030362606514245,0.0001570267922943458,0.0002501157869119197,0.9991975426673889
/Users/aswanathjs/Downloads/test10/ai_plastic_waste_management_training/PET Plastic/shampoo_bottles/0015_a05b00c2d0e1f1g0h1.jpg,2,PET Plastic,2,PET Plastic,0.9739667177200317,0.021677285432815552,2.6729752789833583e-05,0.9739667177200317,0.004099877551198006,0.00022931923740543425
/Users/aswanathjs/Downloads/test10/ai_plastic_waste_management_training/HDPE Plastic/milk_bottles/HDPEM299.jpg,0,HDPE Plastic,0,HDPE Plastic,0.9983444213867188,0.9983444213867188,2.2870279281050898e-05,0.0006544457864947617,0.0005726009258069098,0.00040572750731371343
/Users/aswanathjs/Downloads/test10/ai_plastic_waste_management_training/PET Plastic/black_white_plastic_bottles/dkhzj_jpg.rf.bcbfdf5ca8a966cbd583c6cee011b114.jpg,2,PET Plastic,2,PET Plastic,0.9995245933532715,0.00025240154354833066,3.6464956792769954e-05,0.9995245933532715,0.00011990666826022789,6.669694994343445e-05
/Users/aswanathjs/Downloads/test10/ai_plastic_waste_management_training/PS Plastic/foam_sheets/IMG_9369_JPG.rf.756e83ba1f473514cee207b13a0b6217.jpg,4,PS Plastic,4,PS Plastic,0.9318197965621948,0.02040077932178974,0.0013773759128525853,0.043430183082818985,0.002971768844872713,0.9318197965621948
/Users/aswanathjs/Downloads/test10/ai_plastic_waste_management_training/PS Plastic/foam_sheets/IMG_9369_JPG.rf.45272a68007313131b0e6c105f3f41fe.jpg,4,PS Plastic,4,PS Plastic,0.9900622367858887,0.002883559325709939,9.930009400704876e-05,0.006155108101665974,0.0007997968350537121,0.9900622367858887
/Users/aswanathjs/Downloads/test10/ai_plastic_waste_management_training/PS Plastic/foam_sheets/IMG_9369_JPG.rf.615a284429e7f320779dc625f92a7379.jpg,4,PS Plastic,4,PS Plastic,0.9978228807449341,0.0003737883525900543,7.549579459009692e-05,0.0010974804172292352,0.0006305146962404251,0.9978228807449341
/Users/aswanathjs/Downloads/test10/ai_plastic_waste_management_training/LDPE Plastic/plastic_bags/train_LDPE-44_jpg.rf.cb0b81bc43bfa9aa3a0b11ae0cef4690.jpg,1,LDPE Plastic,1,LDPE Plastic,0.9916638135910034,0.0021615454461425543,0.9916638135910034,0.0005398700595833361,0.003448182949796319,0.002186613390222192
/Users/aswanathjs/Downloads/test10/ai_plastic_waste_management_training/HDPE Plastic/shampoo_bottles/0061_a02b01c1d3e0f1g0h3.jpg,0,HDPE Plastic,0,HDPE Plastic,0.999067485332489,0.999067485332489,7.926880243758205e-06,0.0006167129031382501,0.0002500689006410539,5.784893437521532e-05
/Users/aswanathjs/Downloads/test10/ai_plastic_waste_management_training/LDPE Plastic/plastic_bags/plasticbag (99).jpg,1,LDPE Plastic,1,LDPE Plastic,0.7371761202812195,0.11424329876899719,0.7371761202812195,0.040656737983226776,0.06485291570425034,0.04307093098759651
/Users/aswanathjs/Downloads/test10/ai_plastic_waste_management_training/PET Plastic/plastic_bottles/PET805.jpg,2,PET Plastic,2,PET Plastic,0.999806821346283,2.9384702429524623e-05,9.147307719103992e-05,0.999806821346283,4.063431333634071e-05,3.174702578689903e-05
/Users/aswanathjs/Downloads/test10/ai_plastic_waste_management_training/HDPE Plastic/milk_bottles/HDPEM256.jpg,0,HDPE Plastic,0,HDPE Plastic,0.9987278580665588,0.9987278580665588,5.814841301798879e-07,0.0012010292848572135,2.974238850583788e-05,4.070733848493546e-05
/Users/aswanathjs/Downloads/test10/ai_plastic_waste_management_training/PET Plastic/shampoo_bottles/0015_a05b00c1d3e1f1g0h4.jpg,2,PET Plastic,2,PET Plastic,0.9696477651596069,0.00026821435312740505,9.360801050206646e-05,0.9696477651596069,0.029778514057397842,0.00021198669855948538
/Users/aswanathjs/Downloads/test10/ai_plastic_waste_management_training/PET Plastic/plastic_bottles/PET401.jpg,2,PET Plastic,2,PET Plastic,0.9981673955917358,0.0012324420968070626,5.686365329893306e-05,0.9981673955917358,0.0003919532464351505,0.00015126477228477597
/Users/aswanathjs/Downloads/test10/ai_plastic_waste_management_training/HDPE Plastic/shampoo_bottles/0078_a02b07c1d3e0f1g0h0.jpg,0,HDPE Plastic,0,HDPE Plastic,0.9819934368133545,0.9819934368133545,2.4905417376430705e-05,0.0001156689104391262,0.01771661825478077,0.00014939304674044251
/Users/aswanathjs/Downloads/test10/ai_plastic_waste_management_training/LDPE Plastic/plastic_bags/train_LDPE-34_jpg.rf.4ff566f02ea8201e9929cd77739494c6.jpg,1,LDPE Plastic,1,LDPE Plastic,0.9945213794708252,0.0009437144035473466,0.9945213794708252,0.0008845024276524782,0.001232917420566082,0.0024175336584448814
/Users/aswanathjs/Downloads/test10/ai_plastic_waste_management_training/LDPE Plastic/plastic_bags/P_W (1414).jpg,1,LDPE Plastic,1,LDPE Plastic,0.9872590899467468,0.0042899479158222675,0.9872590899467468,0.0032923431135714054,0.0025785251054912806,0.0025802149903029203
/Users/aswanathjs/Downloads/test10/ai_plastic_waste_management_training/HDPE Plastic/milk_bottles/HDPEM457.jpg,0,HDPE Plastic,0,HDPE Plastic,0.9929724931716919,0.9929724931716919,2.328747541469056e-05,0.005796266719698906,0.0010984548134729266,0.00010947797272820026
/Users/aswanathjs/Downloads/test10/ai_plastic_waste_management_training/LDPE Plastic/plastic_bags/LDPE-64_jpg.rf.490d762c6c43a47fd27ec5c2b18d9b14.jpg,1,LDPE Plastic,1,LDPE Plastic,0.9802912473678589,0.003819564124569297,0.9802912473678589,0.0014853504253551364,0.002978301839902997,0.011425541713833809
/Users/aswanathjs/Downloads/test10/ai_plastic_waste_management_training/HDPE Plastic/detergent_bottles/0010_a02b01c1d2e0f1g0h2.jpg,0,HDPE Plastic,0,HDPE Plastic,0.9977012276649475,0.9977012276649475,1.9552440789993852e-05,0.000872816308401525,0.0012350260512903333,0.00017138604016508907
/Users/aswanathjs/Downloads/test10/ai_plastic_waste_management_training/PS Plastic/form_containers_grey/styrofoam-149-_jpg.rf.24c814df2da6bcefac6ddd75adcd9d9e.jpg,4,PS Plastic,1,LDPE Plastic,0.8183563351631165,0.013809682801365852,0.8183563351631165,0.004104246385395527,0.0734616369009018,0.0902680829167366
/Users/aswanathjs/Downloads/test10/ai_plastic_waste_management_training/PS Plastic/foam_containers/styrofoam-149-_jpg.rf.24c814df2da6bcefac6ddd75adcd9d9e.jpg,4,PS Plastic,1,LDPE Plastic,0.7482622265815735,0.04454084113240242,0.7482622265815735,0.005157956853508949,0.0205960962921381,0.18144294619560242
/Users/aswanathjs/Downloads/test10/ai_plastic_waste_management_training/HDPE Plastic/shampoo_bottles/0078_a02b07c1d2e0f1g0h0.jpg,0,HDPE Plastic,0,HDPE Plastic,0.9979227185249329,0.9979227185249329,1.9875975340255536e-05,6.586932431673631e-05,0.0019301935099065304,6.13940937910229e-05
/Users/aswanathjs/Downloads/test10/ai_plastic_waste_management_training/PET Plastic/shampoo_bottles/0080_a05b00c2d2e0f1g0h0.jpg,2,PET Plastic,2,PET Plastic,0.998823344707489,6.935107376193628e-05,7.005887255218113e-06,0.998823344707489,0.000982923898845911,0.00011739609180949628
"/Users/aswanathjs/Downloads/test10/ai_plastic_waste_management_training/PET Plastic/plastic_bottles/PET1,286.jpg",2,PET Plastic,2,PET Plastic,0.9981570839881897,0.00046833179658278823,6.193383887875825e-05,0.9981570839881897,0.0011451283935457468,0.00016758072888478637
/Users/aswanathjs/Downloads/test10/ai_plastic_waste_management_training/PP Plastic/round_containers/Image_56.png,3,PP Plastic,3,PP Plastic,0.921298086643219,0.005410396493971348,0.05175245180726051,0.008151897229254246,0.921298086643219,0.01338709332048893
/Users/aswanathjs/Downloads/test10/ai_plastic_waste_management_training/PS Plastic/foam_containers/Image_56.png,3,PP Plastic,4,PS Plastic,0.40544450283050537,0.0711354985833168,0.2955617904663086,0.02055393159389496,0.20730431377887726,0.40544450283050537
/Users/aswanathjs/Downloads/test10/ai_plastic_waste_management_training/HDPE Plastic/milk_bottles/HDPEM235.jpg,0,HDPE Plastic,0,HDPE Plastic,0.9997944235801697,0.9997944235801697,7.002055895100057e-07,6.87206193106249e-05,0.00010569220467004925,3.037529495486524e-05
/Users/aswanathjs/Downloads/test10/ai_plastic_waste_management_training/PP Plastic/round_containers/0022_a05b00c1d1e0f0g0h1.jpg,3,PP Plastic,3,PP Plastic,0.9965227842330933,0.0005500841070897877,0.0002891296171583235,0.000872251926921308,0.9965227842330933,0.0017657537246122956
/Users/aswanathjs/Downloads/test10/ai_plastic_waste_management_training/PP Plastic/round_containers_grey/0022_a05b00c1d1e0f0g0h1.jpg,3,PP Plastic,3,PP Plastic,0.99261075258255,0.0024097354616969824,0.00158275559078902,0.0017075111391022801,0.99261075258255,0.0016892259009182453
/Users/aswanathjs/Downloads/test10/ai_plastic_waste_management_training/LDPE Plastic/black_white__plastic_bags/0187_jpg.rf.c33494af3367fb49104d0d70fd81c3d5.jpg,1,LDPE Plastic,1,LDPE Plastic,0.9920071363449097,0.00314655271358788,0.9920071363449097,0.0007198400562629104,0.0025555421598255634,0.0015709097497165203
/Users/aswanathjs/Downloads/test10/ai_plastic_waste_management_training/PET Plastic/black_white_plastic_bottles/adzfw_jpg.rf.de43f5641ac65eb0474f0776bd6f6666.jpg,2,PET Plastic,2,PET Plastic,0.9971747398376465,0.00032609645859338343,0.001383639289997518,0.9971747398376465,0.0008828989812172949,0.00023257396242115647
/Users/aswanathjs/Downloads/test10/ai_plastic_waste_management_training/HDPE Plastic/shampoo_bottles/0063_a02b01c2d1e0f1g1h4.jpg,0,HDPE Plastic,0,HDPE Plastic,0.9994063377380371,0.9994063377380371,9.804758747122833e-07,0.0003787402529269457,0.00018644353258423507,2.7500003852765076e-05
/Users/aswanathjs/Downloads/test10/ai_plastic_waste_management_training/LDPE Plastic/plastic_bags/plasticbag (115).jpg,1,LDPE Plastic,1,LDPE Plastic,0.9907552599906921,0.0013615142088383436,0.9907552599906921,0.0033227717503905296,0.0038926482666283846,0.0006677393685095012
/Users/aswanathjs/Downloads/test10/ai_plastic_waste_management_training/PP Plastic/round_containers/IMG_20220209_172738.jpg,3,PP Plastic,3,PP Plastic,0.9101873636245728,0.055596716701984406,0.0029301955364644527,0.02695877104997635,0.9101873636245728,0.004326960537582636
/Users/aswanathjs/Downloads/test10/ai_plastic_waste_management_training/LDPE Plastic/plastic_bags_grey/plasticbag (30).jpg,1,LDPE Plastic,1,LDPE Plastic,0.70747971534729,0.005660111550241709,0.70747971534729,0.23219579458236694,0.03394429013133049,0.020720120519399643
/Users/aswanathjs/Downloads/test10/ai_plastic_waste_management_training/LDPE Plastic/plastic_bags/plasticbag (30).jpg,1,LDPE Plastic,1,LDPE Plastic,0.9681165814399719,0.0016913298750296235,0.9681165814399719,0.015827346593141556,0.00890769436955452,0.005457074381411076
/Users/aswanathjs/Downloads/test10/ai_plastic_waste_management_training/LDPE Plastic/bin_bags/Image_150.png,1,LDPE Plastic,1,LDPE Plastic,0.9888521432876587,0.0036360800731927156,0.9888521432876587,0.0015211785212159157,0.0032218892592936754,0.0027686594985425472
/Users/aswanathjs/Downloads/test10/ai_plastic_waste_management_training/PS Plastic/foam_containers/Image_150.png,1,LDPE Plastic,4,PS Plastic,0.6161035895347595,0.13366755843162537,0.16634739935398102,0.015260793268680573,0.06862062960863113,0.6161035895347595
/Users/aswanathjs/Downloads/test10/ai_plastic_waste_management_training/HDPE Plastic/milk_bottles/HDPEM203.jpg,0,HDPE Plastic,0,HDPE Plastic,0.9999687671661377,0.9999687671661377,4.3361488621940225e-08,1.9559331121854484e-05,1.0312657650501933e-05,1.2620151892406284e-06
"/Users/aswanathjs/Downloads/test10/ai_plastic_waste_management_training/PET Plastic/plastic_bottles/PET1,166.jpg",2,PET Plastic,2,PET Plastic,0.9916372895240784,0.0025738226249814034,0.004071320407092571,0.9916372895240784,0.0008360912906937301,0.0008814354077912867
/Users/aswanathjs/Downloads/test10/ai_plastic_waste_management_training/PET Plastic/black_white_plastic_bottles/bsyrp_jpg.rf.96cef78e043b3d7a9fcc0ee428eabf13.jpg,2,PET Plastic,2,PET Plastic,0.9972653388977051,0.0016898472094908357,0.0004285078903194517,0.9972653388977051,0.0003277971118222922,0.00028847521753050387
/Users/aswanathjs/Downloads/test10/ai_plastic_waste_management_training/PS Plastic/foam_sheets/IMG_9366_JPG.rf.6d4913cb4a80277a0ec609f78707078b.jpg,4,PS Plastic,4,PS Plastic,0.8349661827087402,0.12319578975439072,0.0006013446836732328,0.03495051711797714,0.006286182440817356,0.8349661827087402
/Users/aswanathjs/Downloads/test10/ai_plastic_waste_management_training/PS Plastic/foam_sheets/IMG_9366_JPG.rf.f79cb342a9788f70778a13954d3c3887.jpg,4,PS Plastic,4,PS Plastic,0.9781410694122314,0.007307048421353102,0.00023455430346075445,0.011796724051237106,0.0025205903220921755,0.9781410694122314
/Users/aswanathjs/Downloads/test10/ai_plastic_waste_management_training/PS Plastic/foam_sheets/IMG_9366_JPG.rf.72ff362292b12a59f29b5b40df6175a8.jpg,4,PS Plastic,4,PS Plastic,0.9996484518051147,0.00019937452452722937,1.0697218385757878e-05,0.00012582346971612424,1.560303098813165e-05,0.9996484518051147
/Users/aswanathjs/Downloads/test10/ai_plastic_waste_management_training/PS Plastic/form_sheets_grey/IMG_9366_JPG.rf.f79cb342a9788f70778a13954d3c3887.jpg,4,PS Plastic,4,PS Plastic,0.9983465671539307,0.0004732503730338067,5.832428723806515e-05,0.0004960669321008027,0.0006258894572965801,0.9983465671539307
/Users/aswanathjs/Downloads/test10/ai_plastic_waste_management_training/PS Plastic/form_sheets_grey/IMG_9366_JPG.rf.72ff362292b12a59f29b5b40df6175a8.jpg,4,PS Plastic,4,PS Plastic,0.9982249140739441,0.00010903429938480258,0.00036127332714386284,0.0006361919222399592,0.0006687035202048719,0.9982249140739441
"/Users/aswanathjs/Downloads/test10/ai_plastic_waste_management_training/PET Plastic/plastic_bottles/PET1,680.jpg",2,PET Plastic,2,PET Plastic,0.9921371340751648,0.0016113481251522899,0.0012067398056387901,0.9921371340751648,0.004465065430849791,0.0005796708283014596
/Users/aswanathjs/Downloads/test10/ai_plastic_waste_management_training/PP Plastic/rectangle_containers/0011_a05b00c2d3e0f0g0h4.jpg,3,PP Plastic,3,PP Plastic,0.8831936120986938,0.00025650078896433115,0.0004513959866017103,0.11588375270366669,0.8831936120986938,0.00021479383576661348
/Users/aswanathjs/Downloads/test10/ai_plastic_waste_management_training/PP Plastic/square_containers/0011_a05b00c2d3e0f0g0h4.jpg,3,PP Plastic,3,PP Plastic,0.8831936120986938,0.00025650078896433115,0.0004513959866017103,0.11588375270366669,0.8831936120986938,0.00021479383576661348
/Users/aswanathjs/Downloads/test10/ai_plastic_waste_management_training/PP Plastic/round_containers/0022_a05b00c1d3e0f0g0h4.jpg,3,PP Plastic,3,PP Plastic,0.914912760257721,0.012276111170649529,0.04474617913365364,0.006033441051840782,0.914912760257721,0.022031432017683983
/Users/aswanathjs/Downloads/test10/ai_plastic_waste_management_training/PP Plastic/round_containers/0009_a06b01c1d0e0f0g0h4.jpg,3,PP Plastic,3,PP Plastic,0.9762781858444214,0.0017521120607852936,0.0009425345342606306,0.019210457801818848,0.9762781858444214,0.0018166269874200225
/Users/aswanathjs/Downloads/test10/ai_plastic_waste_management_training/PP Plastic/round_containers_grey/0009_a06b01c1d0e0f0g0h4.jpg,3,PP Plastic,3,PP Plastic,0.9681543111801147,0.006721735466271639,0.0017638611607253551,0.0185038261115551,0.9681543111801147,0.004856256302446127
/Users/aswanathjs/Downloads/test10/ai_plastic_waste_management_training/HDPE Plastic/shampoo_bottles/0078_a02b07c1d0e0f1g0h2.jpg,0,HDPE Plastic,0,HDPE Plastic,0.9998611211776733,0.9998611211776733,1.8074226773023838e-06,1.93688665603986e-05,0.00011407983402023092,3.5805232982966118e-06
/Users/aswanathjs/Downloads/test10/ai_plastic_waste_management_training/PP Plastic/round_containers/0022_a05b00c2d0e0f0g0h4.jpg,3,PP Plastic,3,PP Plastic,0.9901633262634277,0.0011615887051448226,0.006640528328716755,0.001053017913363874,0.9901633262634277,0.0009815501980483532
/Users/aswanathjs/Downloads/test10/ai_plastic_waste_management_training/PP Plastic/round_containers_grey/0022_a05b00c2d0e0f0g0h4.jpg,3,PP Plastic,3,PP Plastic,0.9873483180999756,0.002641049912199378,0.0080343596637249,0.0011969213373959064,0.9873483180999756,0.000779382127802819
/Users/aswanathjs/Downloads/test10/ai_plastic_waste_management_training/LDPE Plastic/bubble_wrap/LDPE-79_jpg.rf.448b50fd197c3a8e149d9ed05e39ff93.jpg,1,LDPE Plastic,1,LDPE Plastic,0.9962223768234253,0.0006754270871169865,0.9962223768234253,0.0007479166379198432,0.0009402073337696493,0.0014140933053568006
/Users/aswanathjs/Downloads/test10/ai_plastic_waste_management_training/LDPE Plastic/bubble_wrap/LDPE-79_jpg.rf.626483978ba484915b4c90fd646087d7.jpg,1,LDPE Plastic,1,LDPE Plastic,0.9949902892112732,0.0007681692368350923,0.9949902892112732,0.0006486798520199955,0.0012722500832751393,0.0023206148762255907
/Users/aswanathjs/Downloads/test10/ai_plastic_waste_management_training/LDPE Plastic/black_white__plastic_bags/0024_jpg.rf.bd2ebe371052315e5899152ca759ad35.jpg,1,LDPE Plastic,1,LDPE Plastic,0.9897006750106812,0.003355259308591485,0.9897006750106812,0.0025231598410755396,0.001463560271076858,0.0029573640786111355
/Users/aswanathjs/Downloads/test10/ai_plastic_waste_management_training/PP Plastic/round_containers/0035_a06b01c1d3e0f0g0h0.jpg,3,PP Plastic,3,PP Plastic,0.9995193481445312,0.00012854731176048517,0.0001460089406464249,0.00012799145770259202,0.9995193481445312,7.811450632289052e-05
/Users/aswanathjs/Downloads/test10/ai_plastic_waste_management_training/PP Plastic/square_containers/Image_238.png,3,PP Plastic,3,PP Plastic,0.7368950247764587,0.04016684368252754,0.12548047304153442,0.018465986475348473,0.7368950247764587,0.07899170368909836
/Users/aswanathjs/Downloads/test10/ai_plastic_waste_management_training/PS Plastic/foam_containers/Image_238.png,3,PP Plastic,4,PS Plastic,0.5062810182571411,0.06608355790376663,0.2070469707250595,0.017823906615376472,0.20276445150375366,0.5062810182571411
/Users/aswanathjs/Downloads/test10/ai_plastic_waste_management_training/PP Plastic/round_containers/IMG_20220209_173559.jpg,3,PP Plastic,3,PP Plastic,0.9535138607025146,0.004660808946937323,0.027865633368492126,0.0028642562683671713,0.9535138607025146,0.011095431633293629
/Users/aswanathjs/Downloads/test10/ai_plastic_waste_management_training/HDPE Plastic/milk_bottles/HDPEM137.jpg,0,HDPE Plastic,0,HDPE Plastic,0.999950647354126,0.999950647354126,1.0071609040096519e-06,3.5750772440223955e-06,3.541200567269698e-05,9.343501915282104e-06
/Users/aswanathjs/Downloads/test10/ai_plastic_waste_management_training/PP Plastic/round_containers/Image_155.png,3,PP Plastic,3,PP Plastic,0.6584261059761047,0.02861875854432583,0.2176060676574707,0.025221887975931168,0.6584261059761047,0.07012718915939331
/Users/aswanathjs/Downloads/test10/ai_plastic_waste_management_training/PS Plastic/foam_containers/Image_155.png,3,PP Plastic,3,PP Plastic,0.33936095237731934,0.23852330446243286,0.25027668476104736,0.02494683489203453,0.33936095237731934,0.14689217507839203
/Users/aswanathjs/Downloads/test10/ai_plastic_waste_management_training/PET Plastic/shampoo_bottles/0015_a05b00c1d1e1f1g0h1.jpg,2,PET Plastic,2,PET Plastic,0.983405351638794,0.0013726778561249375,2.2809785150457174e-05,0.983405351638794,0.0150618189945817,0.00013742777809966356
/Users/aswanathjs/Downloads/test10/ai_plastic_waste_management_training/PP Plastic/square_containers_grey/IMG20220210150436.jpg,3,PP Plastic,3,PP Plastic,0.53399658203125,0.23811154067516327,0.02260435000061989,0.18784117698669434,0.53399658203125,0.017446395009756088
/Users/aswanathjs/Downloads/test10/ai_plastic_waste_management_training/PP Plastic/square_containers/IMG20220210150436.jpg,3,PP Plastic,3,PP Plastic,0.6274051070213318,0.3279113471508026,0.013110309839248657,0.012517419643700123,0.6274051070213318,0.01905587501823902
/Users/aswanathjs/Downloads/test10/ai_plastic_waste_management_training/PET Plastic/black_white_plastic_bottles/debgm_jpg.rf.ff3c67f531d7400abcfb47dbd5797607.jpg,2,PET Plastic,2,PET Plastic,0.9984517097473145,0.0006347966846078634,0.00035446183755993843,0.9984517097473145,0.00045080514973960817,0.00010819128510775045
/Users/aswanathjs/Downloads/test10/ai_plastic_waste_management_training/HDPE Plastic/milk_bottles/HDPEM114.jpg,0,HDPE Plastic,0,HDPE Plastic,0.9999284744262695,0.9999284744262695,3.4824668659894087e-07,3.1872208637651056e-05,1.763157888490241e-05,2.1743335310020484e-05
/Users/aswanathjs/Downloads/test10/ai_plastic_waste_management_training/HDPE Plastic/shampoo_bottles/0078_a02b07c1d2e0f1g0h1.jpg,0,HDPE Plastic,0,HDPE Plastic,0.9975861310958862,0.9975861310958862,0.00015534718113485724,0.00025897679734043777,0.00189846137072891,0.00010103516251547262
"/Users/aswanathjs/Downloads/test10/ai_plastic_waste_management_training/PET Plastic/plastic_bottles/PET1,271.jpg",2,PET Plastic,2,PET Plastic,0.9921801090240479,0.006932499818503857,0.00022432228433899581,0.9921801090240479,0.0003887302300427109,0.0002743972872849554
/Users/aswanathjs/Downloads/test10/ai_plastic_waste_management_training/PET Plastic/plastic_bottles/PET459.jpg,2,PET Plastic,2,PET Plastic,0.9889950156211853,0.008678696118295193,0.00013564717664849013,0.9889950156211853,0.0017090931069105864,0.0004815415886696428
/Users/aswanathjs/Downloads/test10/ai_plastic_waste_management_training/LDPE Plastic/plastic_bags/LDPE-478_jpg.rf.1d7e0ffa518451dde73641348ac95bfc.jpg,1,LDPE Plastic,1,LDPE Plastic,0.9812972545623779,0.004698236472904682,0.9812972545623779,0.0036725017707794905,0.007499122992157936,0.0028329328633844852
/Users/aswanathjs/Downloads/test10/ai_plastic_waste_management_training/HDPE Plastic/shampoo_bottles/0023_a02b01c2d2e0f1g0h0.jpg,0,HDPE Plastic,0,HDPE Plastic,0.9958081245422363,0.9958081245422363,1.2454942407202907e-05,0.0026814884040504694,0.0010619666427373886,0.00043587805703282356
/Users/aswanathjs/Downloads/test10/ai_plastic_waste_management_training/LDPE Plastic/plastic_bags/plasticbag (21).jpg,1,LDPE Plastic,1,LDPE Plastic,0.9274259805679321,0.03311758115887642,0.9274259805679321,0.0016229964094236493,0.02287314087152481,0.014960203319787979
/Users/aswanathjs/Downloads/test10/ai_plastic_waste_management_training/LDPE Plastic/black_white__plastic_bags/0146_jpg.rf.626715e0b56dee3eac40b8aed1dee4c8.jpg,1,LDPE Plastic,1,LDPE Plastic,0.9916788935661316,0.0012032459490001202,0.9916788935661316,0.004280637949705124,0.0015230702701956034,0.0013140671653673053
/Users/aswanathjs/Downloads/test10/ai_plastic_waste_management_training/LDPE Plastic/plastic_bags/plasticbag (187).jpg,1,LDPE Plastic,1,LDPE Plastic,0.9133602380752563,0.01087583601474762,0.9133602380752563,0.012887869030237198,0.04942762851715088,0.01344841718673706
/Users/aswanathjs/Downloads/test10/ai_plastic_waste_management_training/HDPE Plastic/shampoo_bottiles_grey/0075_a02b01c2d3e0f0g0h3.jpg,0,HDPE Plastic,0,HDPE Plastic,0.9281240701675415,0.9281240701675415,0.00013777942513115704,0.0014715390279889107,0.06957019865512848,0.0006965338252484798
/Users/aswanathjs/Downloads/test10/ai_plastic_waste_management_training/HDPE Plastic/shampoo_bottles/0075_a02b01c2d3e0f0g0h3.jpg,0,HDPE Plastic,0,HDPE Plastic,0.9817055463790894,0.9817055463790894,2.0222182683937717e-06,0.00041164609137922525,0.017816612496972084,6.419352575903758e-05
/Users/aswanathjs/Downloads/test10/ai_plastic_waste_management_training/PS Plastic/foam_sheets/PS-806_jpg.rf.fb18c19d3a0f4b108ea9a02aba7900c2.jpg,4,PS Plastic,4,PS Plastic,0.9998382329940796,1.500737744208891e-05,6.687369022984058e-05,4.8169884394155815e-05,3.164956433465704e-05,0.9998382329940796
/Users/aswanathjs/Downloads/test10/ai_plastic_waste_management_training/LDPE Plastic/plastic_bags/plasticbag (123).jpg,1,LDPE Plastic,1,LDPE Plastic,0.8421499729156494,0.002709008986130357,0.8421499729156494,0.0031782840378582478,0.13998116552829742,0.011981623247265816
/Users/aswanathjs/Downloads/test10/ai_plastic_waste_management_training/HDPE Plastic/shampoo_bottles/0077_a02b01c1d3e0f1g0h0.jpg,0,HDPE Plastic,0,HDPE Plastic,0.9971978664398193,0.9971978664398193,7.933465894893743e-06,7.136307249311358e-05,0.002691734116524458,3.1102394132176414e-05
/Users/aswanathjs/Downloads/test10/ai_plastic_waste_management_training/LDPE Plastic/plastic_bags/train_LDPE-29_jpg.rf.7c8c2ffa44904c42cca5ba4f5ac463e7.jpg,1,LDPE Plastic,1,LDPE Plastic,0.9810417890548706,0.005266235210001469,0.9810417890548706,0.00506163015961647,0.002819822169840336,0.0058106002397835255
/Users/aswanathjs/Downloads/test10/ai_plastic_waste_management_training/HDPE Plastic/shampoo_bottles/0078_a02b07c1d3e0f1g0h3.jpg,0,HDPE Plastic,0,HDPE Plastic,0.9935152530670166,0.9935152530670166,0.001761925290338695,0.0005122260772623122,0.003762919921427965,0.0004476302128750831
"/Users/aswanathjs/Downloads/test10/ai_plastic_waste_management_training/PET Plastic/plastic_bottles/PET1,252.jpg",2,PET Plastic,2,PET Plastic,0.9992823004722595,0.0004316869890317321,1.4074319551582448e-05,0.9992823004722595,0.00022878681193105876,4.310604344937019e-05
/Users/aswanathjs/Downloads/test10/ai_plastic_waste_management_training/PET Plastic/black_white_plastic_bottles/ckieq_jpg.rf.9cac2fdbdedd98f7cecd39288bb4bc14.jpg,2,PET Plastic,2,PET Plastic,0.9994012117385864,0.0001595929788891226,0.0003192890144418925,0.9994012117385864,4.304219692130573e-05,7.687252218602225e-05
/Users/aswanathjs/Downloads/test10/ai_plastic_waste_management_training/PET Plastic/black_white_plastic_bottles/bzluk_jpg.rf.3da618d3cb0509010815e8aa929b279b.jpg,2,PET Plastic,2,PET Plastic,0.9986414313316345,0.00012767480802722275,0.00014293938875198364,0.9986414313316345,0.000953873444814235,0.00013409368693828583
/Users/aswanathjs/Downloads/test10/ai_plastic_waste_management_training/PS Plastic/foam_containers/Image_30.png,4,PS Plastic,4,PS Plastic,0.5771903991699219,0.040472015738487244,0.19686606526374817,0.021009407937526703,0.16446205973625183,0.5771903991699219
/Users/aswanathjs/Downloads/test10/ai_plastic_waste_management_training/HDPE Plastic/shampoo_bottles/0065_a02b03c2d0e0f1g0h2.jpg,0,HDPE Plastic,0,HDPE Plastic,0.9987971782684326,0.9987971782684326,3.385019226698205e-05,0.0005696167354471982,0.0002562102163210511,0.0003431574150454253
/Users/aswanathjs/Downloads/test10/ai_plastic_waste_management_training/PET Plastic/plastic_bottles/PET851.jpg,2,PET Plastic,2,PET Plastic,0.9837900996208191,0.006714682560414076,0.004296587314456701,0.9837900996208191,0.0029332919511944056,0.0022653769701719284
/Users/aswanathjs/Downloads/test10/ai_plastic_waste_management_training/PS Plastic/foam_sheets/PS-838_jpg.rf.ce49b8d19e58d5f063f7f38ca0e36a38.jpg,4,PS Plastic,4,PS Plastic,0.9998617172241211,1.5054763935040683e-05,4.632463969755918e-05,4.908106348011643e-05,2.780219256237615e-05,0.9998617172241211
/Users/aswanathjs/Downloads/test10/ai_plastic_waste_management_training/PET Plastic/plastic_bottles/PET966.jpg,2,PET Plastic,2,PET Plastic,0.999491810798645,4.598742089001462e-05,4.2345804104115814e-05,0.999491810798645,0.0003137614985462278,0.00010607668809825554
/Users/aswanathjs/Downloads/test10/ai_plastic_waste_management_training/HDPE Plastic/shampoo_bottles/0075_a02b01c1d1e0f0g0h2.jpg,0,HDPE Plastic,0,HDPE Plastic,0.9724888205528259,0.9724888205528259,0.00013508700067177415,0.014346370473504066,0.01272251270711422,0.0003070485545322299
/Users/aswanathjs/Downloads/test10/ai_plastic_waste_management_training/PET Plastic/shampoo_bottles/0080_a05b00c1d1e0f1g0h4.jpg,2,PET Plastic,2,PET Plastic,0.9858887791633606,0.011334388516843319,0.0004959929501637816,0.9858887791633606,0.0011487079318612814,0.00113223260268569
/Users/aswanathjs/Downloads/test10/ai_plastic_waste_management_training/PP Plastic/round_containers/0031_a05b01c1d2e0f0g0h0.jpg,3,PP Plastic,3,PP Plastic,0.9976805448532104,0.002124607330188155,2.2063764845370315e-05,0.00010725342872319743,0.9976805448532104,6.543970812344924e-05
/Users/aswanathjs/Downloads/test10/ai_plastic_waste_management_training/PP Plastic/round_containers_grey/0031_a05b01c1d2e0f0g0h0.jpg,3,PP Plastic,3,PP Plastic,0.9923985600471497,0.0035928136203438044,0.0019585848785936832,0.001192299067042768,0.9923985600471497,0.0008576980326324701
/Users/aswanathjs/Downloads/test10/ai_plastic_waste_management_training/PS Plastic/form_containers_grey/0058_a06b01c1d2e0f0g0h4.jpg,4,PS Plastic,4,PS Plastic,0.9892219305038452,0.0049593388102948666,0.0022685162257403135,0.0016150788869708776,0.0019351617665961385,0.9892219305038452
/Users/aswanathjs/Downloads/test10/ai_plastic_waste_management_training/PS Plastic/foam_containers/0058_a06b01c1d2e0f0g0h4.jpg,4,PS Plastic,4,PS Plastic,0.9986097812652588,0.00043964391807094216,0.00019440380856394768,0.00015506039198953658,0.0006010709912516177,0.9986097812652588
/Users/aswanathjs/Downloads/test10/ai_plastic_waste_management_training/LDPE Plastic/plastic_bags/LDPE-536_jpg.rf.f1d67d7e935321886cd0433a5bddd8f6.jpg,1,LDPE Plastic,1,LDPE Plastic,0.9959499835968018,0.0008758609765209258,0.9959499835968018,0.0009559713653288782,0.0010579675436019897,0.001160177867859602
/Users/aswanathjs/Downloads/test10/ai_plastic_waste_management_training/LDPE Plastic/plastic_bags/LDPE-24_jpg.rf.7b4acfaa4b5b30ec9fb014546a613641.jpg,1,LDPE Plastic,1,LDPE Plastic,0.9952462315559387,0.0014788167318329215,0.9952462315559387,0.000920480175409466,0.0006303217960521579,0.0017241492168977857
/Users/aswanathjs/Downloads/test10/ai_plastic_waste_management_training/HDPE Plastic/detergent_bottles/Image_241.png,0,HDPE Plastic,0,HDPE Plastic,0.9668964743614197,0.9668964743614197,0.008878283202648163,0.005105930380523205,0.011902899481356144,0.007216437719762325
/Users/aswanathjs/Downloads/test10/ai_plastic_waste_management_training/HDPE Plastic/detergent_botteles_grey/Image_241.png,0,HDPE Plastic,0,HDPE Plastic,0.9298121333122253,0.9298121333122253,0.031238354742527008,0.008828013204038143,0.02301151491701603,0.007109975907951593
/Users/aswanathjs/Downloads/test10/ai_plastic_waste_management_training/PP Plastic/square_containers/Image_241.png,0,HDPE Plastic,1,LDPE Plastic,0.4677680432796478,0.12112711369991302,0.4677680432796478,0.017236514016985893,0.29870450496673584,0.09516376256942749
/Users/aswanathjs/Downloads/test10/ai_plastic_waste_management_training/PS Plastic/foam_containers/Image_241.png,0,HDPE Plastic,4,PS Plastic,0.5194801688194275,0.06246156990528107,0.20211099088191986,0.014446746557950974,0.20150066912174225,0.5194801688194275
/Users/aswanathjs/Downloads/test10/ai_plastic_waste_management_training/HDPE Plastic/shampoo_bottles/0078_a02b07c2d0e0f1g0h3.jpg,0,HDPE Plastic,0,HDPE Plastic,0.9994416832923889,0.9994416832923889,1.2930076081829611e-05,0.0003411242796573788,0.0001317571586696431,7.261084829224274e-05
/Users/aswanathjs/Downloads/test10/ai_plastic_waste_management_training/HDPE Plastic/shampoo_bottles/0063_a02b01c2d0e0f1g1h1.jpg,0,HDPE Plastic,0,HDPE Plastic,0.9604490399360657,0.9604490399360657,2.2331945729092695e-05,0.036972735077142715,0.0021085760090500116,0.00044735337723977864
/Users/aswanathjs/Downloads/test10/ai_plastic_waste_management_training/LDPE Plastic/plastic_bags/LDPE-305_jpg.rf.dc2050cf75e1d4a29e719c3d3810cc08.jpg,1,LDPE Plastic,1,LDPE Plastic,0.9968716502189636,0.0003323139389976859,0.9968716502189636,0.0005940072587691247,0.0010806163772940636,0.001121492125093937
/Users/aswanathjs/Downloads/test10/ai_plastic_waste_management_training/PET Plastic/black_white_plastic_bottles/cgfky_jpg.rf.ad21f5c7da2e7c993f7567b0cab74947.jpg,2,PET Plastic,2,PET Plastic,0.9999107122421265,2.9322667614906095e-05,8.014574632397853e-06,0.9999107122421265,3.309963722131215e-05,1.887025428004563e-05
/Users/aswanathjs/Downloads/test10/ai_plastic_waste_management_training/HDPE Plastic/milk_bottles/HDPEM460.jpg,0,HDPE Plastic,0,HDPE Plastic,0.9989627599716187,0.9989627599716187,2.2742025976185687e-05,0.00012272738968022168,0.000826106290332973,6.556313019245863e-05
/Users/aswanathjs/Downloads/test10/ai_plastic_waste_management_training/PET Plastic/shampoo_bottles/0080_a05b00c1d2e0f1g0h4.jpg,2,PET Plastic,2,PET Plastic,0.999640703201294,0.0002238910092273727,1.4705201465403661e-06,0.999640703201294,0.00012586113007273525,7.966268640302587e-06
/Users/aswanathjs/Downloads/test10/ai_plastic_waste_management_training/HDPE Plastic/shampoo_bottles/0076_a02b06c1d0e0f1g0h2.jpg,0,HDPE Plastic,0,HDPE Plastic,0.9988893866539001,0.9988893866539001,1.8102844478562474e-05,0.0003707582363858819,0.0006741065881215036,4.7622466809116304e-05
/Users/aswanathjs/Downloads/test10/ai_plastic_waste_management_training/LDPE Plastic/bubble_wrap/train_LDPE-81_jpg.rf.7030db36b88963ab80d9e399a6e4f698.jpg,1,LDPE Plastic,1,LDPE Plastic,0.9889554381370544,0.0017659228760749102,0.9889554381370544,0.0018344357376918197,0.004588563460856676,0.002855513943359256
/Users/aswanathjs/Downloads/test10/ai_plastic_waste_management_training/HDPE Plastic/milk_bottles/HDPEM265.jpg,0,HDPE Plastic,0,HDPE Plastic,0.9984002709388733,0.9984002709388733,3.1815183319849893e-05,0.00024516001576557755,0.0008700297912582755,0.00045268895337358117
/Users/aswanathjs/Downloads/test10/ai_plastic_waste_management_training/PET Plastic/plastic_bottles/PET860.jpg,2,PET Plastic,2,PET Plastic,0.9989473223686218,0.0005858609220013022,9.184451482724398e-05,0.9989473223686218,0.0003250790759921074,4.9869657232193276e-05
/Users/aswanathjs/Downloads/test10/ai_plastic_waste_management_training/PET Plastic/black_white_plastic_bottles/cdgwx_jpg.rf.d8b215c8d13006d057bc6d86b1409398.jpg,2,PET Plastic,2,PET Plastic,0.981468915939331,0.010083163157105446,0.00207636971026659,0.981468915939331,0.004905423149466515,0.0014661119785159826
/Users/aswanathjs/Downloads/test10/ai_plastic_waste_management_training/PP Plastic/square_containers/Image_213.png,3,PP Plastic,4,PS Plastic,0.43279680609703064,0.04332656040787697,0.20436960458755493,0.008953526616096497,0.31055355072021484,0.43279680609703064
/Users/aswanathjs/Downloads/test10/ai_plastic_waste_management_training/PS Plastic/foam_containers/Image_213.png,3,PP Plastic,3,PP Plastic,0.3857581913471222,0.0385294184088707,0.22737427055835724,0.020684143528342247,0.3857581913471222,0.32765403389930725
/Users/aswanathjs/Downloads/test10/ai_plastic_waste_management_training/LDPE Plastic/bubble_wrap/bubblewrap.jpg,1,LDPE Plastic,1,LDPE Plastic,0.9970048069953918,0.0005834829062223434,0.9970048069953918,0.000653511262498796,0.00041522097308188677,0.0013429272221401334
/Users/aswanathjs/Downloads/test10/ai_plastic_waste_management_training/PET Plastic/shampoo_bottles/0080_a05b00c1d0e0f1g0h4.jpg,2,PET Plastic,2,PET Plastic,0.6265217661857605,0.007495557889342308,0.0009478933643549681,0.6265217661857605,0.36298179626464844,0.002052951604127884
/Users/aswanathjs/Downloads/test10/ai_plastic_waste_management_training/PP Plastic/square_containers/IMG_20220209_175311.jpg,3,PP Plastic,3,PP Plastic,0.8894162774085999,0.008369741961359978,0.005356604233384132,0.0017833607271313667,0.8894162774085999,0.09507400542497635
/Users/aswanathjs/Downloads/test10/ai_plastic_waste_management_training/HDPE Plastic/detergent_bottles/0010_a02b01c2d2e0f1g0h2.jpg,0,HDPE Plastic,0,HDPE Plastic,0.996225118637085,0.996225118637085,2.04481966648018e-05,0.0026424762327224016,0.0010272982763126493,8.472495392197743e-05
/Users/aswanathjs/Downloads/test10/ai_plastic_waste_management_training/PET Plastic/black_white_plastic_bottles/blurrybottle.jpg,2,PET Plastic,2,PET Plastic,0.9985554814338684,0.0003986410447396338,0.000669182394631207,0.9985554814338684,0.0002517367829568684,0.00012504280311986804
/Users/aswanathjs/Downloads/test10/ai_plastic_waste_management_training/PET Plastic/plastic_bottles/PET735.jpg,2,PET Plastic,2,PET Plastic,0.9999605417251587,2.4746103008510545e-05,2.0625145680241985e-06,0.9999605417251587,9.100813258555718e-06,3.5091984500468243e-06
"/Users/aswanathjs/Downloads/test10/ai_plastic_waste_management_training/PET Plastic/plastic_bottles/PET1,545.jpg",2,PET Plastic,2,PET Plastic,0.9412463903427124,0.014181065373122692,0.036673836410045624,0.9412463903427124,0.006624661386013031,0.001274125068448484
/Users/aswanathjs/Downloads/test10/ai_plastic_waste_management_training/LDPE Plastic/plastic_bags/plasticbag (140).jpg,1,LDPE Plastic,1,LDPE Plastic,0.9211432337760925,0.004461891017854214,0.9211432337760925,0.009816717356443405,0.04889785870909691,0.015680324286222458
/Users/aswanathjs/Downloads/test10/ai_plastic_waste_management_training/PP Plastic/irregular_containers/train_PP-52_jpg.rf.78d7499e101430d1f4e95a0578e2b50b.jpg,3,PP Plastic,3,PP Plastic,0.9949479103088379,0.0028611866291612387,5.1027331210207194e-05,0.0009245911496691406,0.9949479103088379,0.0012153210118412971
/Users/aswanathjs/Downloads/test10/ai_plastic_waste_management_training/LDPE Plastic/plastic_bags/plasticbag (105).jpg,1,LDPE Plastic,1,LDPE Plastic,0.9874130487442017,0.0022134820464998484,0.9874130487442017,0.0028112963773310184,0.0038681405130773783,0.0036940777208656073
/Users/aswanathjs/Downloads/test10/ai_plastic_waste_management_training/PS Plastic/foam_containers/0058_a06b01c1d3e0f0g0h3.jpg,4,PS Plastic,4,PS Plastic,0.9926930665969849,0.00028307060711085796,0.0002274030848639086,0.0001673212682362646,0.006629136390984058,0.9926930665969849
/Users/aswanathjs/Downloads/test10/ai_plastic_waste_management_training/LDPE Plastic/black_white__plastic_bags/0151_jpg.rf.1124bcc0a3aa7bc916774ebb5ba31838.jpg,1,LDPE Plastic,1,LDPE Plastic,0.9981433153152466,0.00028113232110626996,0.9981433153152466,0.000996895949356258,0.00026885175611823797,0.00030983067699708045
/Users/aswanathjs/Downloads/test10/ai_plastic_waste_management_training/LDPE Plastic/plastic_bags_grey/plasticbag (100).jpg,1,LDPE Plastic,1,LDPE Plastic,0.9170292019844055,0.01666652224957943,0.9170292019844055,0.006579875946044922,0.019491713494062424,0.040232736617326736
/Users/aswanathjs/Downloads/test10/ai_plastic_waste_management_training/LDPE Plastic/plastic_bags/plasticbag (100).jpg,1,LDPE Plastic,1,LDPE Plastic,0.8920945525169373,0.033106669783592224,0.8920945525169373,0.008966525085270405,0.025369973853230476,0.040462199598550797
/Users/aswanathjs/Downloads/test10/ai_plastic_waste_management_training/HDPE Plastic/milk_bottles/P_W (1357).jpg,0,HDPE Plastic,0,HDPE Plastic,0.9973299503326416,0.9973299503326416,0.00017657966236583889,0.0002587663766462356,0.0018706631381064653,0.00036398653173819184
/Users/aswanathjs/Downloads/test10/ai_plastic_waste_management_training/LDPE Plastic/plastic_bags/plasticbag (207).jpg,1,LDPE Plastic,1,LDPE Plastic,0.7147724628448486,0.05724150314927101,0.7147724628448486,0.03671281784772873,0.1288311928510666,0.06244198605418205
/Users/aswanathjs/Downloads/test10/ai_plastic_waste_management_training/PET Plastic/plastic_bottles/PET326.jpg,2,PET Plastic,2,PET Plastic,0.9955429434776306,0.003381917020305991,0.00042416658834554255,0.9955429434776306,0.0004345470806583762,0.00021634607401210815
/Users/aswanathjs/Downloads/test10/ai_plastic_waste_management_training/PS Plastic/foam_containers/styrofoam-136-_jpg.rf.8065ce48d031ee14fde2186f98ffcc0a.jpg,4,PS Plastic,4,PS Plastic,0.9977638721466064,0.0003762277774512768,0.00029951773467473686,6.724956620018929e-05,0.0014931719051674008,0.9977638721466064
/Users/aswanathjs/Downloads/test10/ai_plastic_waste_management_training/LDPE Plastic/black_white__plastic_bags/0221_jpg.rf.b021e1b65a5dae4c8402399bcb04f1e3.jpg,1,LDPE Plastic,1,LDPE Plastic,0.9980530738830566,0.00039542271406389773,0.9980530738830566,0.0009132265113294125,0.0003159605257678777,0.00032226019538939
/Users/aswanathjs/Downloads/test10/ai_plastic_waste_management_training/LDPE Plastic/plastic_bags/LDPE-653_jpg.rf.6a7026dae6783a2439babd383ac6631b.jpg,1,LDPE Plastic,1,LDPE Plastic,0.9913997650146484,0.0005560714635066688,0.9913997650146484,0.0018895722460001707,0.0030389586463570595,0.003115634899586439
/Users/aswanathjs/Downloads/test10/ai_plastic_waste_management_training/HDPE Plastic/milk_bottles/HDPEM12.jpg,0,HDPE Plastic,0,HDPE Plastic,0.9973299503326416,0.9973299503326416,0.00017657966236583889,0.0002587663766462356,0.0018706631381064653,0.00036398653173819184
/Users/aswanathjs/Downloads/test10/ai_plastic_waste_management_training/PS Plastic/foam_sheets/PS-521_jpg.rf.020a0ca0b85e26252e1b59df6fec4bcb.jpg,4,PS Plastic,4,PS Plastic,0.997235119342804,0.00024894392117857933,0.0018617737805470824,0.00016438534657936543,0.0004898080369457603,0.997235119342804
/Users/aswanathjs/Downloads/test10/ai_plastic_waste_management_training/LDPE Plastic/bin_bags/Image_26.png,1,LDPE Plastic,1,LDPE Plastic,0.9663148522377014,0.006216335576027632,0.9663148522377014,0.0071958149783313274,0.012262692674994469,0.008010327816009521
/Users/aswanathjs/Downloads/test10/ai_plastic_waste_management_training/LDPE Plastic/bin_bags_grey/Image_26.png,1,LDPE Plastic,1,LDPE Plastic,0.9663148522377014,0.006216335576027632,0.9663148522377014,0.0071958149783313274,0.012262692674994469,0.008010327816009521
/Users/aswanathjs/Downloads/test10/ai_plastic_waste_management_training/PP Plastic/square_containers/Image_26.png,1,LDPE Plastic,3,PP Plastic,0.5030544400215149,0.04375799372792244,0.317451149225235,0.0341651476919651,0.5030544400215149,0.10157125443220139
/Users/aswanathjs/Downloads/test10/ai_plastic_waste_management_training/PS Plastic/foam_containers/Image_26.png,1,LDPE Plastic,4,PS Plastic,0.46238240599632263,0.06130689010024071,0.25495702028274536,0.011681531555950642,0.2096722275018692,0.46238240599632263
/Users/aswanathjs/Downloads/test10/ai_plastic_waste_management_training/PET Plastic/plastic_bottles/PET527.jpg,2,PET Plastic,2,PET Plastic,0.9997929930686951,3.8368812965927646e-05,2.8536243917187676e-05,0.9997929930686951,0.00010970872244797647,3.0428947866312228e-05
/Users/aswanathjs/Downloads/test10/ai_plastic_waste_management_training/LDPE Plastic/plastic_bags/LDPE-36_jpg.rf.a7d0bb8af47b83da3576a9cdb758276f.jpg,1,LDPE Plastic,1,LDPE Plastic,0.9959968328475952,0.001077383174560964,0.9959968328475952,0.0011076807277277112,0.0011520705884322524,0.0006660952349193394
/Users/aswanathjs/Downloads/test10/ai_plastic_waste_management_training/LDPE Plastic/plastic_bags/LDPE-36_jpg.rf.f41c14cb7f30bf15d9010a1a109384fd.jpg,1,LDPE Plastic,1,LDPE Plastic,0.9969105124473572,0.0006595779559575021,0.9969105124473572,0.00012338829401414841,0.0019283646252006292,0.00037827895721420646
/Users/aswanathjs/Downloads/test10/ai_plastic_waste_management_training/PP Plastic/round_containers/0043_a06b01c1d1e0f0g0h0.jpg,3,PP Plastic,3,PP Plastic,0.9975455403327942,0.0020636313129216433,8.839868678478524e-05,0.00019358587451279163,0.9975455403327942,0.00010884159564739093
/Users/aswanathjs/Downloads/test10/ai_plastic_waste_management_training/HDPE Plastic/detergent_bottles/0039_a02b01c1d2e0f1g0h0.jpg,0,HDPE Plastic,0,HDPE Plastic,0.9998914003372192,0.9998914003372192,1.2682377018791158e-05,1.2166085980425123e-05,7.377025758614764e-05,1.0060678505396936e-05
"/Users/aswanathjs/Downloads/test10/ai_plastic_waste_management_training/PET Plastic/plastic_bottles/PET1,308.jpg",2,PET Plastic,2,PET Plastic,0.9967175126075745,0.0022766434121876955,4.0705948777031153e-05,0.9967175126075745,0.0007888966356404126,0.00017620919970795512
/Users/aswanathjs/Downloads/test10/ai_plastic_waste_management_training/PS Plastic/foam_containers/Image_18.png,4,PS Plastic,4,PS Plastic,0.6844468116760254,0.04036492854356766,0.09337231516838074,0.011058790609240532,0.17075715959072113,0.6844468116760254
/Users/aswanathjs/Downloads/test10/ai_plastic_waste_management_training/PP Plastic/round_containers/0035_a06b01c2d2e0f0g0h0.jpg,3,PP Plastic,3,PP Plastic,0.9982140064239502,0.0012594476575031877,0.0003299795207567513,1.1958960385527462e-05,0.9982140064239502,0.00018466093752067536
/Users/aswanathjs/Downloads/test10/ai_plastic_waste_management_training/LDPE Plastic/black_white__plastic_bags/0161_jpg.rf.5d94f4e0e2a10928f8bca1f62884ac23.jpg,1,LDPE Plastic,1,LDPE Plastic,0.9823295474052429,0.004401531536132097,0.9823295474052429,0.00452096713706851,0.005770282819867134,0.0029777055606245995
/Users/aswanathjs/Downloads/test10/ai_plastic_waste_management_training/HDPE Plastic/milk_bottles/HDPEM324.jpg,0,HDPE Plastic,0,HDPE Plastic,0.9900711178779602,0.9900711178779602,4.994155005988432e-06,0.009071341715753078,0.0007381323375739157,0.00011454057676019147
/Users/aswanathjs/Downloads/test10/ai_plastic_waste_management_training/LDPE Plastic/plastic_bags/LDPE-227_jpg.rf.6f3ec0ef7653eb548f826ec66c4b03eb.jpg,1,LDPE Plastic,1,LDPE Plastic,0.9924081563949585,0.002090897411108017,0.9924081563949585,0.0026761447079479694,0.0016647743759676814,0.0011599502759054303
/Users/aswanathjs/Downloads/test10/ai_plastic_waste_management_training/LDPE Plastic/plastic_bags/LDPE-362_jpg.rf.dac22e0e3525e77cbcd5544912213c7b.jpg,1,LDPE Plastic,1,LDPE Plastic,0.9945569038391113,0.000471389212179929,0.9945569038391113,0.0007425409276038408,0.0017724455101415515,0.002456672489643097
/Users/aswanathjs/Downloads/test10/ai_plastic_waste_management_training/PET Plastic/black_white_plastic_bottles/ayrsl_jpg.rf.e56331d87434d3d162ba35ecccaa016f.jpg,2,PET Plastic,2,PET Plastic,0.9342769980430603,0.01848200149834156,0.03157739341259003,0.9342769980430603,0.011298509314656258,0.0043649873696267605
/Users/aswanathjs/Downloads/test10/ai_plastic_waste_management_training/PP Plastic/round_containers/0095_a05b01c1d2e0f0g0h1.jpg,3,PP Plastic,3,PP Plastic,0.999702513217926,0.000183587268111296,1.0519153875065967e-05,8.219672599807382e-05,0.999702513217926,2.1173154891585e-05
/Users/aswanathjs/Downloads/test10/ai_plastic_waste_management_training/PS Plastic/foam_containers/0058_a06b01c2d3e0f0g0h4.jpg,4,PS Plastic,4,PS Plastic,0.9978247880935669,0.00013588064757641405,0.00028743554139509797,0.0005058643873780966,0.0012460616417229176,0.9978247880935669
/Users/aswanathjs/Downloads/test10/ai_plastic_waste_management_training/PP Plastic/square_containers_grey/0011_a05b00c1d3e0f0g0h2.jpg,3,PP Plastic,3,PP Plastic,0.8070074915885925,0.04172180965542793,0.01739710196852684,0.055046744644641876,0.8070074915885925,0.07882685959339142
/Users/aswanathjs/Downloads/test10/ai_plastic_waste_management_training/PP Plastic/rectangle_containers/0011_a05b00c1d3e0f0g0h2.jpg,3,PP Plastic,3,PP Plastic,0.6245633363723755,0.05968835949897766,0.04047704115509987,0.14784643054008484,0.6245633363723755,0.12742474675178528
/Users/aswanathjs/Downloads/test10/ai_plastic_waste_management_training/PP Plastic/square_containers/0011_a05b00c1d3e0f0g0h2.jpg,3,PP Plastic,3,PP Plastic,0.6245633363723755,0.05968835949897766,0.04047704115509987,0.14784643054008484,0.6245633363723755,0.12742474675178528
/Users/aswanathjs/Downloads/test10/ai_plastic_waste_management_training/PET Plastic/black_white_plastic_bottles/dkpxa_jpg.rf.57f87c778bd8087e275852c7ce823372.jpg,2,PET Plastic,2,PET Plastic,0.9592693448066711,0.0020130090415477753,0.02146858535706997,0.9592693448066711,0.014924481511116028,0.002324501983821392
/Users/aswanathjs/Downloads/test10/ai_plastic_waste_management_training/HDPE Plastic/milk_bottles/HDPEM117.jpg,0,HDPE Plastic,0,HDPE Plastic,0.9999572038650513,0.9999572038650513,5.80260973492841e-07,2.7846006560139358e-05,5.096719178254716e-06,9.234785466105677e-06
/Users/aswanathjs/Downloads/test10/ai_plastic_waste_management_training/PS Plastic/foam_sheets/PS-611_jpg.rf.1fb2289975761c9e5bfa79caa1cf43d6.jpg,4,PS Plastic,4,PS Plastic,0.9967910647392273,0.0001617391244508326,0.00222085602581501,0.00022725995222572237,0.0005989820347167552,0.9967910647392273
/Users/aswanathjs/Downloads/test10/ai_plastic_waste_management_training/HDPE Plastic/shampoo_bottles/0077_a02b01c1d0e0f1g0h1.jpg,0,HDPE Plastic,0,HDPE Plastic,0.9914358258247375,0.9914358258247375,0.00027744151884689927,0.0032088805455714464,0.004655903670936823,0.000421926291892305
/Users/aswanathjs/Downloads/test10/ai_plastic_waste_management_training/PP Plastic/round_containers/0009_a06b01c2d0e0f0g0h4.jpg,3,PP Plastic,3,PP Plastic,0.9701278209686279,0.00402672216296196,0.0028987862169742584,0.019657183438539505,0.9701278209686279,0.0032894478645175695
/Users/aswanathjs/Downloads/test10/ai_plastic_waste_management_training/PS Plastic/foam_sheets/IMG_9354_JPG.rf.68c6a586b2c4e7d1e08fb0c5122694eb.jpg,4,PS Plastic,4,PS Plastic,0.9784570932388306,0.008606485091149807,0.003555804956704378,0.007599350996315479,0.001781197264790535,0.9784570932388306
/Users/aswanathjs/Downloads/test10/ai_plastic_waste_management_training/PS Plastic/foam_sheets/IMG_9354_JPG.rf.fbaf78a70778ea9a08ac1c810e3b4b42.jpg,4,PS Plastic,4,PS Plastic,0.952153205871582,0.015279268845915794,0.014105984941124916,0.01388857513666153,0.004572934936732054,0.952153205871582
/Users/aswanathjs/Downloads/test10/ai_plastic_waste_management_training/PS Plastic/foam_sheets/IMG_9354_JPG.rf.660801d1c83e231558aecdd76bd825c0.jpg,4,PS Plastic,4,PS Plastic,0.989423930644989,0.001161804306320846,0.0061807031743228436,0.001941372756846249,0.0012922246241942048,0.989423930644989
/Users/aswanathjs/Downloads/test10/ai_plastic_waste_management_training/PP Plastic/round_containers/IMG_20220209_175537.jpg,3,PP Plastic,3,PP Plastic,0.9782946705818176,0.002147391904145479,0.0021151022519916296,0.005242494400590658,0.9782946705818176,0.012200387194752693
/Users/aswanathjs/Downloads/test10/ai_plastic_waste_management_training/HDPE Plastic/shampoo_bottles/0061_a02b01c1d0e0f1g0h0.jpg,0,HDPE Plastic,0,HDPE Plastic,0.9646698832511902,0.9646698832511902,0.0013468086253851652,0.028192391619086266,0.0032279465813189745,0.0025631054304540157
/Users/aswanathjs/Downloads/test10/ai_plastic_waste_management_training/LDPE Plastic/plastic_bags/plasticbag (141).jpg,1,LDPE Plastic,1,LDPE Plastic,0.9867761731147766,0.003745186375454068,0.9867761731147766,0.0027415344957262278,0.003980516921728849,0.0027566172648221254
/Users/aswanathjs/Downloads/test10/ai_plastic_waste_management_training/PP Plastic/round_containers/0035_a06b01c2d3e0f0g0h3.jpg,3,PP Plastic,3,PP Plastic,0.9377705454826355,0.042645782232284546,0.005296859424561262,0.010305927135050297,0.9377705454826355,0.00398086104542017
/Users/aswanathjs/Downloads/test10/ai_plastic_waste_management_training/LDPE Plastic/plastic_bags/train_LDPE-1_jpg.rf.57338725a1c50c623b5b34d9ebb9327a.jpg,1,LDPE Plastic,1,LDPE Plastic,0.9937703013420105,0.0021060514263808727,0.9937703013420105,0.0007901362259872258,0.0012126611545681953,0.0021209113765507936
/Users/aswanathjs/Downloads/test10/ai_plastic_waste_management_training/PP Plastic/round_containers/0032_a05b01c2d1e0f0g0h4.jpg,3,PP Plastic,3,PP Plastic,0.7036163210868835,0.2245272397994995,0.05171430483460426,0.006483703851699829,0.7036163210868835,0.013658452779054642
/Users/aswanathjs/Downloads/test10/ai_plastic_waste_management_training/PP Plastic/irregular_containers/train_PP-33-_jpg.rf.84cee38be8920e77a2fcf7df2869971a.jpg,3,PP Plastic,3,PP Plastic,0.8888080716133118,0.03138517588376999,0.05690338835120201,0.0036155949346721172,0.8888080716133118,0.019287701696157455
/Users/aswanathjs/Downloads/test10/ai_plastic_waste_management_training/PP Plastic/irregular_containers_grey/train_PP-33-_jpg.rf.84cee38be8920e77a2fcf7df2869971a.jpg,3,PP Plastic,3,PP Plastic,0.7936751246452332,0.037800148129463196,0.11814919114112854,0.009346699342131615,0.7936751246452332,0.04102885723114014
/Users/aswanathjs/Downloads/test10/ai_plastic_waste_management_training/PET Plastic/plastic_bottles/PET529.jpg,2,PET Plastic,2,PET Plastic,0.9992436170578003,0.0003206963592674583,4.802054900210351e-05,0.9992436170578003,0.00027250649873167276,0.0001152164040831849
/Users/aswanathjs/Downloads/test10/ai_plastic_waste_management_training/PET Plastic/black_white_plastic_bottles/dohik_jpg.rf.2b00acdfd1fcfa5da8d88e36d6f4d7ab.jpg,2,PET Plastic,2,PET Plastic,0.9967104196548462,0.0009208885603584349,0.00011848581925733015,0.9967104196548462,0.0020341721829026937,0.00021605411893688142
/Users/aswanathjs/Downloads/test10/ai_plastic_waste_management_training/HDPE Plastic/milk_bottles/HDPEM93.jpg,0,HDPE Plastic,0,HDPE Plastic,0.9998311996459961,0.9998311996459961,3.464863027602405e-07,2.864394264179282e-05,8.398530189879239e-05,5.57314015168231e-05
/Users/aswanathjs/Downloads/test10/ai_plastic_waste_management_training/HDPE Plastic/milk_bottles/HDPEM241.jpg,0,HDPE Plastic,0,HDPE Plastic,0.999240517616272,0.999240517616272,1.3088662171867327e-06,0.0006926438654772937,3.5882811062037945e-05,2.9628075935761444e-05
"/Users/aswanathjs/Downloads/test10/ai_plastic_waste_management_training/PET Plastic/plastic_bottles/PET1,426.jpg",2,PET Plastic,2,PET Plastic,0.9833492040634155,0.007633531466126442,0.0014462947146967053,0.9833492040634155,0.006692275404930115,0.0008787342230789363
/Users/aswanathjs/Downloads/test10/ai_plastic_waste_management_training/HDPE Plastic/detergent_bottles/P_W (489).jpg,0,HDPE Plastic,0,HDPE Plastic,0.9856411814689636,0.9856411814689636,0.0004054936580359936,0.002165175275877118,0.007911608554422855,0.0038766309153288603
/Users/aswanathjs/Downloads/test10/ai_plastic_waste_management_training/HDPE Plastic/shampoo_bottles/0075_a02b01c2d3e0f0g0h0.jpg,0,HDPE Plastic,0,HDPE Plastic,0.9516313076019287,0.9516313076019287,0.0008069417672231793,0.007392763160169125,0.03960900753736496,0.0005599319702014327
"/Users/aswanathjs/Downloads/test10/ai_plastic_waste_management_training/PET Plastic/plastic_bottles/PET1,684.jpg",2,PET Plastic,2,PET Plastic,0.9980269074440002,0.0007090975996106863,0.00027951860101893544,0.9980269074440002,0.0008631597738713026,0.00012134260759921744
/Users/aswanathjs/Downloads/test10/ai_plastic_waste_management_training/LDPE Plastic/plastic_bags/LDPE-130_jpg.rf.27c17ec4a630f5eb6ca1cf04f62bf247.jpg,1,LDPE Plastic,1,LDPE Plastic,0.997061550617218,0.0008754560840316117,0.997061550617218,0.0006801667041145265,0.0006855176761746407,0.0006973895942792296
/Users/aswanathjs/Downloads/test10/ai_plastic_waste_management_training/PET Plastic/black_white_plastic_bottles/atnku_jpg.rf.405bee56c262531232c62202d67378b2.jpg,2,PET Plastic,2,PET Plastic,0.9988641738891602,0.00022543173690792173,0.0003043579345103353,0.9988641738891602,0.0004812063998542726,0.00012494174006860703
/Users/aswanathjs/Downloads/test10/ai_plastic_waste_management_training/HDPE Plastic/shampoo_bottles/0065_a02b03c1d3e0f1g0h3.jpg,0,HDPE Plastic,0,HDPE Plastic,0.999930739402771,0.999930739402771,1.570925633131992e-06,4.831588739762083e-06,3.952955739805475e-05,2.325523382751271e-05
/Users/aswanathjs/Downloads/test10/ai_plastic_waste_management_training/LDPE Plastic/black_white__plastic_bags/0021_jpg.rf.8fa5024e35a1c6b8a271e1c8748ad726.jpg,1,LDPE Plastic,1,LDPE Plastic,0.9662672877311707,0.003629910759627819,0.9662672877311707,0.014136896468698978,0.006130655761808157,0.009835262782871723
/Users/aswanathjs/Downloads/test10/ai_plastic_waste_management_training/PET Plastic/plastic_bottles/PET850.jpg,2,PET Plastic,2,PET Plastic,0.9960036873817444,0.0020265437196940184,0.0006724283448420465,0.9960036873817444,0.000562545086722821,0.0007348384242504835
/Users/aswanathjs/Downloads/test10/ai_plastic_waste_management_training/HDPE Plastic/milk_bottles/HDPEM135.jpg,0,HDPE Plastic,0,HDPE Plastic,0.9998719692230225,0.9998719692230225,1.8062446542899124e-06,1.6125604815897532e-05,8.63803070387803e-05,2.3718095690128393e-05
/Users/aswanathjs/Downloads/test10/ai_plastic_waste_management_training/HDPE Plastic/shampoo_bottles/0078_a02b07c1d1e0f1g0h0.jpg,0,HDPE Plastic,0,HDPE Plastic,0.998534083366394,0.998534083366394,2.935076736321207e-05,0.00115946342702955,0.00014429190196096897,0.00013267996837385
/Users/aswanathjs/Downloads/test10/ai_plastic_waste_management_training/PS Plastic/foam_sheets/PS-825_jpg.rf.0c4057278f1d18b69408e292a8d02b01.jpg,4,PS Plastic,4,PS Plastic,0.9998786449432373,1.2295284250285476e-05,4.253160659573041e-05,3.8142974517541006e-05,2.8372687665978447e-05,0.9998786449432373
"/Users/aswanathjs/Downloads/test10/ai_plastic_waste_management_training/HDPE Plastic/milk_bottles/HDPEM1,017.JPG",0,HDPE Plastic,0,HDPE Plastic,0.9098334312438965,0.9098334312438965,1.9734103261725977e-05,0.0893670916557312,0.0006006010808050632,0.00017919839592650533
/Users/aswanathjs/Downloads/test10/ai_plastic_waste_management_training/LDPE Plastic/bubble_wrap/LDPE-89_jpg.rf.aa556e5ac5e97bc0b155a3232196074c.jpg,1,LDPE Plastic,1,LDPE Plastic,0.9828832745552063,0.0015615418087691069,0.9828832745552063,0.005890522617846727,0.004999958444386721,0.004664682317525148
/Users/aswanathjs/Downloads/test10/ai_plastic_waste_management_training/LDPE Plastic/plastic_bags/LDPE-89_jpg.rf.e016c029cbbd2b9ff02ab895bb5dcac5.jpg,1,LDPE Plastic,1,LDPE Plastic,0.9970149993896484,0.0005918900133110583,0.9970149993896484,0.0007609098101966083,0.000916811462957412,0.0007153658079914749
/Users/aswanathjs/Downloads/test10/ai_plastic_waste_management_training/PS Plastic/form_containers_grey/0058_a06b01c1d3e0f0g0h2.jpg,4,PS Plastic,4,PS Plastic,0.9815244078636169,0.0024008378386497498,0.00158647948410362,0.0013327650958672166,0.013155538588762283,0.9815244078636169
/Users/aswanathjs/Downloads/test10/ai_plastic_waste_management_training/PS Plastic/foam_containers/0058_a06b01c1d3e0f0g0h2.jpg,4,PS Plastic,4,PS Plastic,0.9953575730323792,0.0003807902685366571,0.0002945894084405154,0.0002836028579622507,0.0036834687925875187,0.9953575730323792
/Users/aswanathjs/Downloads/test10/ai_plastic_waste_management_training/HDPE Plastic/milk_bottles/HDPEM294.jpg,0,HDPE Plastic,0,HDPE Plastic,0.9998997449874878,0.9998997449874878,6.784208039789519e-07,9.885287909128238e-06,7.855819421820343e-05,1.1137544788653031e-05
/Users/aswanathjs/Downloads/test10/ai_plastic_waste_management_training/LDPE Plastic/black_white__plastic_bags/0282_jpg.rf.3eef626651db77b0f81a1d50bd613295.jpg,1,LDPE Plastic,1,LDPE Plastic,0.999218225479126,0.00019797559070866555,0.999218225479126,0.0001437857426935807,0.0002582066226750612,0.0001817717420635745
/Users/aswanathjs/Downloads/test10/ai_plastic_waste_management_training/PP Plastic/rectangle_containers/train_PP-90-_jpg.rf.eccfb3c46b3b172bc695f4f3395ce58a.jpg,3,PP Plastic,3,PP Plastic,0.9403153657913208,0.02478247694671154,0.005816613789647818,0.004336547572165728,0.9403153657913208,0.024749068543314934
/Users/aswanathjs/Downloads/test10/ai_plastic_waste_management_training/PP Plastic/rectangle_containers_grey/train_PP-90-_jpg.rf.eccfb3c46b3b172bc695f4f3395ce58a.jpg,3,PP Plastic,3,PP Plastic,0.9365226030349731,0.01982230879366398,0.008126329630613327,0.003030103398486972,0.9365226030349731,0.032498687505722046
/Users/aswanathjs/Downloads/test10/ai_plastic_waste_management_training/PS Plastic/foam_containers/Image_221.png,4,PS Plastic,4,PS Plastic,0.35692450404167175,0.0955287516117096,0.15866480767726898,0.051109932363033295,0.33777207136154175,0.35692450404167175
/Users/aswanathjs/Downloads/test10/ai_plastic_waste_management_training/LDPE Plastic/bubble_wrap/train_LDPE-93_jpg.rf.6342c616c65cd38f21f81b6405177b96.jpg,1,LDPE Plastic,1,LDPE Plastic,0.9953989386558533,0.0003658479545265436,0.9953989386558533,0.0013531536096706986,0.0009837513789534569,0.0018983464688062668
/Users/aswanathjs/Downloads/test10/ai_plastic_waste_management_training/PP Plastic/round_containers/IMG_20220209_174350.jpg,3,PP Plastic,3,PP Plastic,0.8056809902191162,0.04873226210474968,0.0504792295396328,0.0506121851503849,0.8056809902191162,0.04449528083205223
/Users/aswanathjs/Downloads/test10/ai_plastic_waste_management_training/HDPE Plastic/milk_bottles/HDPEM236.jpg,0,HDPE Plastic,0,HDPE Plastic,0.9995399713516235,0.9995399713516235,3.492529572213243e-07,0.00035069198929704726,5.8584435464581475e-05,5.037874143454246e-05
/Users/aswanathjs/Downloads/test10/ai_plastic_waste_management_training/HDPE Plastic/shampoo_bottles/0065_a02b03c2d1e0f1g0h3.jpg,0,HDPE Plastic,0,HDPE Plastic,0.9991434812545776,0.9991434812545776,2.520980706322007e-05,0.00021456452668644488,0.00039538255077786744,0.00022145516413729638
/Users/aswanathjs/Downloads/test10/ai_plastic_waste_management_training/PP Plastic/round_containers/IMG_20220210_105623.jpg,3,PP Plastic,3,PP Plastic,0.9413735270500183,0.05059007927775383,0.002196280751377344,0.001095893676392734,0.9413735270500183,0.004744242876768112
/Users/aswanathjs/Downloads/test10/ai_plastic_waste_management_training/LDPE Plastic/plastic_bags/plasticbag (177).jpg,1,LDPE Plastic,1,LDPE Plastic,0.9853711128234863,0.006054130382835865,0.9853711128234863,0.0022127237170934677,0.00413447804749012,0.0022275662049651146
/Users/aswanathjs/Downloads/test10/ai_plastic_waste_management_training/LDPE Plastic/black_white__plastic_bags/0292_jpg.rf.de37c499d5839998f433ed95c64d404a.jpg,1,LDPE Plastic,1,LDPE Plastic,0.9748350977897644,0.0026839463971555233,0.9748350977897644,0.014658630825579166,0.005101149436086416,0.00272122654132545
/Users/aswanathjs/Downloads/test10/ai_plastic_waste_management_training/LDPE Plastic/plastic_bags/LDPE-255_jpg.rf.80232f6cd0c83108cee85e3ff7544e70.jpg,1,LDPE Plastic,1,LDPE Plastic,0.9955219030380249,0.0009665564866736531,0.9955219030380249,0.001123567228205502,0.0014766877284273505,0.0009112854022532701
/Users/aswanathjs/Downloads/test10/ai_plastic_waste_management_training/PS Plastic/foam_sheets/PS-506_jpg.rf.db5e0d99075ca3ede74cc9b76b20cec6.jpg,4,PS Plastic,4,PS Plastic,0.9867470264434814,0.001044958713464439,0.0063061220571398735,0.0032442675437778234,0.0026577606331557035,0.9867470264434814
/Users/aswanathjs/Downloads/test10/ai_plastic_waste_management_training/HDPE Plastic/milk_bottles/HDPEM418.jpg,0,HDPE Plastic,0,HDPE Plastic,0.9991752505302429,0.9991752505302429,2.333088377781678e-05,8.823509415378794e-05,0.0006563538336195052,5.6795921409502625e-05
/Users/aswanathjs/Downloads/test10/ai_plastic_waste_management_training/HDPE Plastic/shampoo_bottles/0023_a02b01c1d0e0f1g0h3.jpg,0,HDPE Plastic,0,HDPE Plastic,0.9994876384735107,0.9994876384735107,2.0315919755375944e-06,5.806836634292267e-05,0.00043142170761711895,2.0863562895101495e-05
"/Users/aswanathjs/Downloads/test10/ai_plastic_waste_management_training/PET Plastic/plastic_bottles/PET1,443.jpg",2,PET Plastic,2,PET Plastic,0.9986526966094971,0.00074521463830024,2.3328822862822562e-05,0.9986526966094971,0.00044864232768304646,0.00013008782116230577
"/Users/aswanathjs/Downloads/test10/ai_plastic_waste_management_training/PET Plastic/plastic_bottles/PET1,355.jpg",2,PET Plastic,2,PET Plastic,0.9997076392173767,0.0002362835657550022,8.157124966601259e-07,0.9997076392173767,4.8720270569901913e-05,6.437325282604434e-06
/Users/aswanathjs/Downloads/test10/ai_plastic_waste_management_training/PP Plastic/square_containers/Image_48.png,3,PP Plastic,3,PP Plastic,0.7135428190231323,0.014661304652690887,0.19208499789237976,0.01615939848124981,0.7135428190231323,0.06355143338441849
/Users/aswanathjs/Downloads/test10/ai_plastic_waste_management_training/PS Plastic/foam_containers/Image_48.png,3,PP Plastic,3,PP Plastic,0.47071710228919983,0.0910039097070694,0.07468567043542862,0.0346149280667305,0.47071710228919983,0.3289784789085388
/Users/aswanathjs/Downloads/test10/ai_plastic_waste_management_training/LDPE Plastic/plastic_bags/plasticbag (186).jpg,1,LDPE Plastic,1,LDPE Plastic,0.995404839515686,0.001117558917030692,0.995404839515686,0.0005356075707823038,0.0019243458518758416,0.0010176664218306541
/Users/aswanathjs/Downloads/test10/ai_plastic_waste_management_training/LDPE Plastic/plastic_bags/plasticbag (165).jpg,1,LDPE Plastic,1,LDPE Plastic,0.9918147921562195,0.001337062451057136,0.9918147921562195,0.002771510975435376,0.003384694689884782,0.0006919404258951545
/Users/aswanathjs/Downloads/test10/ai_plastic_waste_management_training/PET Plastic/shampoo_bottles/0050_a05b00c2d1e1f1g0h2.jpg,2,PET Plastic,2,PET Plastic,0.995820164680481,0.0018371939659118652,0.0003458308638073504,0.995820164680481,0.0015245609683915973,0.0004722211742773652
/Users/aswanathjs/Downloads/test10/ai_plastic_waste_management_training/HDPE Plastic/detergent_bottles/IMG_20220209_182151.jpg,0,HDPE Plastic,0,HDPE Plastic,0.9972403049468994,0.9972403049468994,5.586865881923586e-05,0.0009460760629735887,0.0015611931448802352,0.0001966423005796969
/Users/aswanathjs/Downloads/test10/ai_plastic_waste_management_training/HDPE Plastic/milk_bottles/HDPEM86.jpg,0,HDPE Plastic,0,HDPE Plastic,0.9995133876800537,0.9995133876800537,3.4815656135833706e-07,0.0003466189082246274,8.81187806953676e-05,5.1624421757878736e-05
/Users/aswanathjs/Downloads/test10/ai_plastic_waste_management_training/PP Plastic/round_containers/0031_a05b01c1d1e0f0g0h4.jpg,3,PP Plastic,3,PP Plastic,0.9987597465515137,0.0009719105437397957,2.5761957658687606e-05,0.00016152963507920504,0.9987597465515137,8.115258970065042e-05
/Users/aswanathjs/Downloads/test10/ai_plastic_waste_management_training/PET Plastic/plastic_bottles/PET494.jpg,2,PET Plastic,2,PET Plastic,0.9959145188331604,0.003553996328264475,3.447247217991389e-05,0.9959145188331604,0.00030471954960376024,0.00019225149299018085
"/Users/aswanathjs/Downloads/test10/ai_plastic_waste_management_training/PET Plastic/plastic_bottles/PET1,472.jpg",2,PET Plastic,2,PET Plastic,0.9930898547172546,0.0027635234873741865,7.997664215508848e-05,0.9930898547172546,0.003384424140676856,0.0006821757997386158
/Users/aswanathjs/Downloads/test10/ai_plastic_waste_management_training/PP Plastic/square_containers/Image_67.png,3,PP Plastic,3,PP Plastic,0.6166261434555054,0.012051309458911419,0.3264961540699005,0.005432589910924435,0.6166261434555054,0.03939374163746834
/Users/aswanathjs/Downloads/test10/ai_plastic_waste_management_training/PS Plastic/foam_containers/Image_67.png,3,PP Plastic,4,PS Plastic,0.4885198473930359,0.09705103188753128,0.20437130331993103,0.04258967936038971,0.1674680858850479,0.4885198473930359
/Users/aswanathjs/Downloads/test10/ai_plastic_waste_management_training/HDPE Plastic/detergent_bottles/0010_a02b01c1d0e0f1g0h3.jpg,0,HDPE Plastic,0,HDPE Plastic,0.9934294819831848,0.9934294819831848,1.7346057575196028e-05,0.005187916569411755,0.0011866077547892928,0.00017871838645078242
/Users/aswanathjs/Downloads/test10/ai_plastic_waste_management_training/PET Plastic/shampoo_bottles/0050_a05b00c1d2e1f1g0h4.jpg,2,PET Plastic,2,PET Plastic,0.9200195670127869,0.022222766652703285,0.0020534517243504524,0.9200195670127869,0.05405603349208832,0.001648165751248598
/Users/aswanathjs/Downloads/test10/ai_plastic_waste_management_training/PS Plastic/foam_containers/styrofoam-144-_jpg.rf.586e705faa5290a2629532c4d792c272.jpg,4,PS Plastic,4,PS Plastic,0.8458183407783508,0.0380878672003746,0.04407918453216553,0.02260535955429077,0.04940927401185036,0.8458183407783508
/Users/aswanathjs/Downloads/test10/ai_plastic_waste_management_training/PP Plastic/round_containers/IMG_20220209_174035.jpg,3,PP Plastic,3,PP Plastic,0.963711678981781,0.003779857186600566,0.005053781904280186,0.0018640186171978712,0.963711678981781,0.025590674951672554
"/Users/aswanathjs/Downloads/test10/ai_plastic_waste_management_training/PET Plastic/plastic_bottles/PET1,292.jpg",2,PET Plastic,2,PET Plastic,0.9979425072669983,0.0012646546820178628,0.00010056253813672811,0.9979425072669983,0.0005145883769728243,0.00017765050870366395
/Users/aswanathjs/Downloads/test10/ai_plastic_waste_management_training/HDPE Plastic/shampoo_bottles/0075_a02b01c1d3e0f0g0h0.jpg,0,HDPE Plastic,0,HDPE Plastic,0.9127277731895447,0.9127277731895447,0.0003421287692617625,0.0067432536743581295,0.0794391855597496,0.0007477098843082786
/Users/aswanathjs/Downloads/test10/ai_plastic_waste_management_training/PP Plastic/round_containers/IMG_20220210_105640.jpg,3,PP Plastic,3,PP Plastic,0.9571312069892883,0.022186169400811195,0.006980291102081537,0.003399641951546073,0.9571312069892883,0.01030268706381321
/Users/aswanathjs/Downloads/test10/ai_plastic_waste_management_training/PP Plastic/round_containers/0022_a05b00c1d0e0f0g0h1.jpg,3,PP Plastic,3,PP Plastic,0.9944807291030884,0.0005054353969171643,0.0032463232055306435,0.0009597769821994007,0.9944807291030884,0.0008077243110165
/Users/aswanathjs/Downloads/test10/ai_plastic_waste_management_training/PP Plastic/round_containers_grey/0022_a05b00c1d0e0f0g0h1.jpg,3,PP Plastic,3,PP Plastic,0.994244396686554,0.0016419258899986744,0.002613610588014126,0.0008482994744554162,0.994244396686554,0.0006518059526570141
/Users/aswanathjs/Downloads/test10/ai_plastic_waste_management_training/PP Plastic/round_containers/0044_a06b01c1d1e0f0g0h1.jpg,3,PP Plastic,3,PP Plastic,0.9939622282981873,0.003405953524634242,0.0005047338781878352,0.0012092660181224346,0.9939622282981873,0.0009177317260764539
/Users/aswanathjs/Downloads/test10/ai_plastic_waste_management_training/HDPE Plastic/detergent_bottles/0096_a02b04c1d0e0f0g0h2.jpg,0,HDPE Plastic,0,HDPE Plastic,0.9999490976333618,0.9999490976333618,5.920676358073251e-07,1.0634258615027647e-05,3.689596269396134e-05,2.871336164389504e-06
/Users/aswanathjs/Downloads/test10/ai_plastic_waste_management_training/PP Plastic/round_containers/0032_a05b01c2d1e0f0g0h3.jpg,3,PP Plastic,3,PP Plastic,0.9123581051826477,0.08218002319335938,0.0018257577903568745,0.00047030203859321773,0.9123581051826477,0.003165851579979062
/Users/aswanathjs/Downloads/test10/ai_plastic_waste_management_training/PET Plastic/black_white_plastic_bottles/czjka_jpg.rf.63c1ea90026785055e7c7634445a3676.jpg,2,PET Plastic,2,PET Plastic,0.9997777342796326,7.200104300864041e-05,9.900290024233982e-06,0.9997777342796326,6.350936746457592e-05,7.684400043217465e-05
/Users/aswanathjs/Downloads/test10/ai_plastic_waste_management_training/PS Plastic/foam_containers/Image_234.png,4,PS Plastic,3,PP Plastic,0.31762319803237915,0.05750719830393791,0.27334436774253845,0.039629943668842316,0.31762319803237915,0.3118952512741089
/Users/aswanathjs/Downloads/test10/ai_plastic_waste_management_training/PET Plastic/plastic_bottles/PET397.jpg,2,PET Plastic,2,PET Plastic,0.999367892742157,0.00043167927651666105,4.607822575053433e-06,0.999367892742157,0.00015969910600688308,3.612904038163833e-05
/Users/aswanathjs/Downloads/test10/ai_plastic_waste_management_training/LDPE Plastic/black_white__plastic_bags/0303_jpg.rf.27cc51852f1a997ccca3b1a8691ad242.jpg,1,LDPE Plastic,1,LDPE Plastic,0.9979267120361328,0.0004996601492166519,0.9979267120361328,0.0005349707789719105,0.0006138675380498171,0.0004248113837093115
/Users/aswanathjs/Downloads/test10/ai_plastic_waste_management_training/PP Plastic/irregular_containers/test_PP-4_jpg.rf.9d7ef7063a7c27f9e8d0dd5cd36f6c7b.jpg,3,PP Plastic,3,PP Plastic,0.9285572171211243,0.013495231047272682,0.005976898595690727,0.013311841525137424,0.9285572171211243,0.03865889832377434
/Users/aswanathjs/Downloads/test10/ai_plastic_waste_management_training/PP Plastic/irregular_containers_grey/test_PP-4_jpg.rf.9d7ef7063a7c27f9e8d0dd5cd36f6c7b.jpg,3,PP Plastic,3,PP Plastic,0.9695016145706177,0.0060900915414094925,0.0048497384414076805,0.003984536975622177,0.9695016145706177,0.015574035234749317
/Users/aswanathjs/Downloads/test10/ai_plastic_waste_management_training/PP Plastic/round_containers/0044_a06b01c1d1e0f0g0h2.jpg,3,PP Plastic,3,PP Plastic,0.9998354911804199,6.58073477097787e-05,2.713673165999353e-05,6.203454540809616e-05,0.9998354911804199,9.52197387960041e-06
/Users/aswanathjs/Downloads/test10/ai_plastic_waste_management_training/PS Plastic/foam_sheets/PS-670_jpg.rf.108eab608f2cbc3c438d79858c3311eb.jpg,4,PS Plastic,4,PS Plastic,0.9519528150558472,0.004133487120270729,0.03245989605784416,0.003435983322560787,0.008017809130251408,0.9519528150558472
/Users/aswanathjs/Downloads/test10/ai_plastic_waste_management_training/PS Plastic/form_sheets_grey/PS-670_jpg.rf.108eab608f2cbc3c438d79858c3311eb.jpg,4,PS Plastic,4,PS Plastic,0.9487963914871216,0.003646792843937874,0.03727983683347702,0.002939897822216153,0.007337065879255533,0.9487963914871216
/Users/aswanathjs/Downloads/test10/ai_plastic_waste_management_training/LDPE Plastic/bin_bags/Image_29.png,1,LDPE Plastic,1,LDPE Plastic,0.9763776063919067,0.008354051038622856,0.9763776063919067,0.003174604382365942,0.006762830074876547,0.005330919288098812
/Users/aswanathjs/Downloads/test10/ai_plastic_waste_management_training/PP Plastic/round_containers/Image_29.png,1,LDPE Plastic,3,PP Plastic,0.7796487212181091,0.009171370416879654,0.17531585693359375,0.005923429969698191,0.7796487212181091,0.02994057722389698
/Users/aswanathjs/Downloads/test10/ai_plastic_waste_management_training/PP Plastic/round_containers_grey/Image_29.png,1,LDPE Plastic,3,PP Plastic,0.6747947931289673,0.008755587041378021,0.2893010377883911,0.0043249586597085,0.6747947931289673,0.02282361313700676
/Users/aswanathjs/Downloads/test10/ai_plastic_waste_management_training/PS Plastic/foam_containers/Image_29.png,1,LDPE Plastic,4,PS Plastic,0.49810653924942017,0.10349350422620773,0.22477194666862488,0.021957216784358025,0.15167081356048584,0.49810653924942017
/Users/aswanathjs/Downloads/test10/ai_plastic_waste_management_training/PET Plastic/shampoo_bottles/0100_a05b00c1d3e0f0g0h1.jpg,2,PET Plastic,2,PET Plastic,0.9848878383636475,0.0008181444136425853,0.0005413362523540854,0.9848878383636475,0.013590425252914429,0.000162237643962726
/Users/aswanathjs/Downloads/test10/ai_plastic_waste_management_training/LDPE Plastic/plastic_bags/plasticbag (135) 17.43.56.jpg,1,LDPE Plastic,1,LDPE Plastic,0.5930647850036621,0.005903296172618866,0.5930647850036621,0.02384101413190365,0.3370526432991028,0.04013834148645401
/Users/aswanathjs/Downloads/test10/ai_plastic_waste_management_training/HDPE Plastic/milk_bottles/HDPEM567.JPG,0,HDPE Plastic,0,HDPE Plastic,0.9999203681945801,0.9999203681945801,9.250668995264277e-07,4.8645801143720746e-05,1.5399135008919984e-05,1.4682581422675867e-05
/Users/aswanathjs/Downloads/test10/ai_plastic_waste_management_training/LDPE Plastic/plastic_bags/plasticbag (59).jpg,1,LDPE Plastic,1,LDPE Plastic,0.9866967797279358,0.005955787841230631,0.9866967797279358,0.0016012305859476328,0.0041323150508105755,0.0016138331266120076
/Users/aswanathjs/Downloads/test10/ai_plastic_waste_management_training/PP Plastic/irregular_containers/train_PP-87_jpg.rf.c2a1566abfd3e4f58a5b1dd9a1765f21.jpg,3,PP Plastic,3,PP Plastic,0.9793505072593689,0.0065026115626096725,0.003828109474852681,0.0006481526652351022,0.9793505072593689,0.009670631028711796
/Users/aswanathjs/Downloads/test10/ai_plastic_waste_management_training/LDPE Plastic/plastic_bags/train_LDPE-65_jpg.rf.bea0a717767184b5e0536c0ed6a0657c.jpg,1,LDPE Plastic,1,LDPE Plastic,0.9863659143447876,0.0029573114588856697,0.9863659143447876,0.004571930505335331,0.002687362488359213,0.0034174700267612934
/Users/aswanathjs/Downloads/test10/ai_plastic_waste_management_training/PP Plastic/square_containers_grey/Image_201.png,3,PP Plastic,3,PP Plastic,0.8491269946098328,0.016008930280804634,0.10096944868564606,0.009974515065550804,0.8491269946098328,0.023920124396681786
/Users/aswanathjs/Downloads/test10/ai_plastic_waste_management_training/PP Plastic/square_containers/Image_201.png,3,PP Plastic,3,PP Plastic,0.8701456785202026,0.027762454003095627,0.07157695293426514,0.0056741670705378056,0.8701456785202026,0.02484072372317314
/Users/aswanathjs/Downloads/test10/ai_plastic_waste_management_training/PS Plastic/foam_containers/Image_201.png,3,PP Plastic,3,PP Plastic,0.5738760828971863,0.03128959983587265,0.16005544364452362,0.023543229326605797,0.5738760828971863,0.21123571693897247
/Users/aswanathjs/Downloads/test10/ai_plastic_waste_management_training/LDPE Plastic/black_white__plastic_bags/0258_jpg.rf.841fa65a71394439dc028ee2feb0b4c2.jpg,1,LDPE Plastic,1,LDPE Plastic,0.9968434572219849,0.0002997115079779178,0.9968434572219849,0.0008043093257583678,0.00035317038418725133,0.0016993543831631541
/Users/aswanathjs/Downloads/test10/ai_plastic_waste_management_training/PET Plastic/plastic_bottles/PET642.jpg,2,PET Plastic,2,PET Plastic,0.9943369030952454,0.0004884350928477943,0.0022275252267718315,0.9943369030952454,0.0026483763940632343,0.00029878944042138755
/Users/aswanathjs/Downloads/test10/ai_plastic_waste_management_training/PP Plastic/irregular_containers/train_PP-91_jpg.rf.9b1868df755dd1f621d86d8b6803d0c4.jpg,3,PP Plastic,3,PP Plastic,0.8851223587989807,0.024298453703522682,0.015807446092367172,0.033527325838804245,0.8851223587989807,0.04124436154961586
/Users/aswanathjs/Downloads/test10/ai_plastic_waste_management_training/LDPE Plastic/plastic_bags/LDPE-480_jpg.rf.c07e815c4de47b488d06e0c83441bef2.jpg,1,LDPE Plastic,1,LDPE Plastic,0.9936351776123047,0.0019075335003435612,0.9936351776123047,0.0011732146376743913,0.0017721408512443304,0.0015119852032512426
/Users/aswanathjs/Downloads/test10/ai_plastic_waste_management_training/LDPE Plastic/bubble_wrap_grey/LDPE-97_jpg.rf.405c9fc49d66acf1b0e3ec39512a4dc5.jpg,1,LDPE Plastic,1,LDPE Plastic,0.9845698475837708,0.0013829582603648305,0.9845698475837708,0.00942173320800066,0.003368364879861474,0.0012570669641718268
/Users/aswanathjs/Downloads/test10/ai_plastic_waste_management_training/LDPE Plastic/bubble_wrap/LDPE-97_jpg.rf.405c9fc49d66acf1b0e3ec39512a4dc5.jpg,1,LDPE Plastic,1,LDPE Plastic,0.9706710577011108,0.0023455852642655373,0.9706710577011108,0.018893908709287643,0.0052508339285850525,0.0028386807534843683
"/Users/aswanathjs/Downloads/test10/ai_plastic_waste_management_training/PET Plastic/plastic_bottles/PET1,439.jpg",2,PET Plastic,2,PET Plastic,0.9984503984451294,0.0006573846912942827,4.6246812416939065e-05,0.9984503984451294,0.0005567700136452913,0.000289176037767902
/Users/aswanathjs/Downloads/test10/ai_plastic_waste_management_training/LDPE Plastic/plastic_bags_grey/LDPE-296_jpg.rf.a1c6127d5816bbf2a0a084e34a0b442e.jpg,1,LDPE Plastic,1,LDPE Plastic,0.9971597194671631,0.0008883200353011489,0.9971597194671631,0.0005526448949240148,0.0007088342681527138,0.0006904570036567748
/Users/aswanathjs/Downloads/test10/ai_plastic_waste_management_training/LDPE Plastic/plastic_bags/LDPE-296_jpg.rf.a1c6127d5816bbf2a0a084e34a0b442e.jpg,1,LDPE Plastic,1,LDPE Plastic,0.9954490065574646,0.0013802900211885571,0.9954490065574646,0.0006411156500689685,0.0013777808053418994,0.0011517092352733016
/Users/aswanathjs/Downloads/test10/ai_plastic_waste_management_training/PET Plastic/plastic_bottles/PET322.jpg,2,PET Plastic,2,PET Plastic,0.9972152709960938,0.0023647022899240255,0.00013398828741628677,0.9972152709960938,0.00021214093430899084,7.380415627267212e-05
/Users/aswanathjs/Downloads/test10/ai_plastic_waste_management_training/PP Plastic/round_containers/Image_164.png,3,PP Plastic,3,PP Plastic,0.6587376594543457,0.03172396868467331,0.19215668737888336,0.030843861401081085,0.6587376594543457,0.08653782308101654
/Users/aswanathjs/Downloads/test10/ai_plastic_waste_management_training/PS Plastic/foam_containers/Image_164.png,3,PP Plastic,4,PS Plastic,0.5596283674240112,0.07568337768316269,0.15793059766292572,0.015596549957990646,0.1911611407995224,0.5596283674240112
/Users/aswanathjs/Downloads/test10/ai_plastic_waste_management_training/PS Plastic/foam_containers/styrofoam-101-_jpg.rf.ea16cdf2074dc5b964e3e2e8b0ea4353.jpg,4,PS Plastic,4,PS Plastic,0.9312109351158142,0.0025857877917587757,0.002236750442534685,0.0007131732418201864,0.06325340270996094,0.9312109351158142
/Users/aswanathjs/Downloads/test10/ai_plastic_waste_management_training/HDPE Plastic/detergent_bottles/IMG_20220209_182745.jpg,0,HDPE Plastic,0,HDPE Plastic,0.6219757795333862,0.6219757795333862,0.02967662177979946,0.1621648669242859,0.17337456345558167,0.01280813105404377
/Users/aswanathjs/Downloads/test10/ai_plastic_waste_management_training/HDPE Plastic/milk_bottles/HDPEM61.jpg,0,HDPE Plastic,0,HDPE Plastic,0.9324849843978882,0.9324849843978882,1.9439165043877438e-05,0.06273622810840607,0.004548759199678898,0.00021064189786557108
/Users/aswanathjs/Downloads/test10/ai_plastic_waste_management_training/HDPE Plastic/milk_bottles/HDPEM459.jpg,0,HDPE Plastic,0,HDPE Plastic,0.9905850291252136,0.9905850291252136,0.00022137562336865813,0.00137466995511204,0.007323951926082373,0.000495047599542886
/Users/aswanathjs/Downloads/test10/ai_plastic_waste_management_training/PP Plastic/irregular_containers/train_PP-53_jpg.rf.00d0539f9942f92acdb2fab0e3086ce4.jpg,3,PP Plastic,3,PP Plastic,0.9855380058288574,0.009508234448730946,0.0008274703868664801,0.002114818897098303,0.9855380058288574,0.002011466771364212
"/Users/aswanathjs/Downloads/test10/ai_plastic_waste_management_training/PET Plastic/plastic_bottles/PET1,304.jpg",2,PET Plastic,2,PET Plastic,0.9995443224906921,0.0002745431265793741,2.019790372287389e-05,0.9995443224906921,0.00011728861863957718,4.363354673841968e-05
/Users/aswanathjs/Downloads/test10/ai_plastic_waste_management_training/PS Plastic/foam_sheets/PS-674_jpg.rf.548d353bc593e159d7aa53c7a7f6ccf2.jpg,4,PS Plastic,4,PS Plastic,0.9971811771392822,0.000261091161519289,0.0019865715876221657,6.825568561907858e-05,0.0005029665189795196,0.9971811771392822
/Users/aswanathjs/Downloads/test10/ai_plastic_waste_management_training/LDPE Plastic/black_white__plastic_bags/0148_jpg.rf.bf7d673ef84af08da1c08bb4e243899c.jpg,1,LDPE Plastic,1,LDPE Plastic,0.9894105792045593,0.0021644041407853365,0.9894105792045593,0.005606623832136393,0.0016491108108311892,0.0011692703701555729
/Users/aswanathjs/Downloads/test10/ai_plastic_waste_management_training/HDPE Plastic/detergent_bottles/0039_a02b01c1d2e0f1g0h4.jpg,0,HDPE Plastic,0,HDPE Plastic,0.9957667589187622,0.9957667589187622,0.0008069298346526921,0.002064245520159602,0.0008008069125935435,0.0005612033419311047
/Users/aswanathjs/Downloads/test10/ai_plastic_waste_management_training/LDPE Plastic/bubble_wrap_grey/Screenshot 2026-05-13 at 10.34.45.png,1,LDPE Plastic,1,LDPE Plastic,0.8495326042175293,0.008407140150666237,0.8495326042175293,0.0070033143274486065,0.04934430494904518,0.08571270108222961
/Users/aswanathjs/Downloads/test10/ai_plastic_waste_management_training/LDPE Plastic/bubble_wrap_grey/Screenshot 2026-05-13 at 10.35.00.png,1,LDPE Plastic,1,LDPE Plastic,0.8169659376144409,0.010318298824131489,0.8169659376144409,0.05848335847258568,0.053517621010541916,0.06071477010846138
/Users/aswanathjs/Downloads/test10/ai_plastic_waste_management_training/LDPE Plastic/bubble_wrap_grey/Screenshot 2026-05-13 at 10.36.23.png,1,LDPE Plastic,1,LDPE Plastic,0.9782899022102356,0.0023385188542306423,0.9782899022102356,0.008778462186455727,0.004491096828132868,0.006102068815380335
/Users/aswanathjs/Downloads/test10/ai_plastic_waste_management_training/LDPE Plastic/bubble_wrap_grey/Screenshot 2026-05-13 at 10.35.59.png,1,LDPE Plastic,1,LDPE Plastic,0.8054422736167908,0.01717708818614483,0.8054422736167908,0.03132444992661476,0.04339338839054108,0.1026628389954567
/Users/aswanathjs/Downloads/test10/ai_plastic_waste_management_training/LDPE Plastic/bubble_wrap_grey/Screenshot 2026-05-13 at 10.32.55.png,1,LDPE Plastic,1,LDPE Plastic,0.6423144936561584,0.02357499860227108,0.6423144936561584,0.01940172351896763,0.10668322443962097,0.2080255001783371
/Users/aswanathjs/Downloads/test10/ai_plastic_waste_management_training/LDPE Plastic/bubble_wrap_grey/Screenshot 2026-05-13 at 10.35.41.png,1,LDPE Plastic,1,LDPE Plastic,0.8598780035972595,0.009764250367879868,0.8598780035972595,0.009606143459677696,0.06730665266513824,0.05344492197036743
/Users/aswanathjs/Downloads/test10/ai_plastic_waste_management_training/LDPE Plastic/bubble_wrap_grey/Screenshot 2026-05-13 at 10.33.22.png,1,LDPE Plastic,1,LDPE Plastic,0.926875114440918,0.008067660965025425,0.926875114440918,0.011585528962314129,0.03690106049180031,0.016570627689361572
/Users/aswanathjs/Downloads/test10/ai_plastic_waste_management_training/LDPE Plastic/bubble_wrap_grey/Screenshot 2026-05-13 at 10.33.36.png,1,LDPE Plastic,1,LDPE Plastic,0.9782832860946655,0.004760835785418749,0.9782832860946655,0.0036932961083948612,0.006684698164463043,0.006577915046364069
/Users/aswanathjs/Downloads/test10/ai_plastic_waste_management_training/LDPE Plastic/bubble_wrap_grey/Screenshot 2026-05-13 at 10.34.03.png,1,LDPE Plastic,1,LDPE Plastic,0.9042724370956421,0.015608316287398338,0.9042724370956421,0.012433739379048347,0.038045208901166916,0.02964031510055065
/Users/aswanathjs/Downloads/test10/ai_plastic_waste_management_training/LDPE Plastic/bubble_wrap_grey/Screenshot 2026-05-13 at 10.35.18.png,1,LDPE Plastic,1,LDPE Plastic,0.8773402571678162,0.008735463954508305,0.8773402571678162,0.006089543458074331,0.07604540139436722,0.03178940340876579
/Users/aswanathjs/Downloads/test10/ai_plastic_waste_management_training/LDPE Plastic/bubble_wrap_grey/Screenshot 2026-05-13 at 10.33.50.png,1,LDPE Plastic,1,LDPE Plastic,0.887680172920227,0.006651206407696009,0.887680172920227,0.024523619562387466,0.056098826229572296,0.02504608780145645
/Users/aswanathjs/Downloads/test10/ai_plastic_waste_management_training/LDPE Plastic/bubble_wrap/Screenshot 2026-05-13 at 10.34.45.png,1,LDPE Plastic,1,LDPE Plastic,0.8385789394378662,0.010091151110827923,0.8385789394378662,0.022168904542922974,0.04209024831652641,0.08707070350646973
/Users/aswanathjs/Downloads/test10/ai_plastic_waste_management_training/LDPE Plastic/bubble_wrap/Screenshot 2026-05-13 at 10.35.00.png,1,LDPE Plastic,1,LDPE Plastic,0.7800936102867126,0.015431459993124008,0.7800936102867126,0.05176744982600212,0.06463395059108734,0.08807353675365448
/Users/aswanathjs/Downloads/test10/ai_plastic_waste_management_training/LDPE Plastic/bubble_wrap/Screenshot 2026-05-13 at 10.36.23.png,1,LDPE Plastic,1,LDPE Plastic,0.685316264629364,0.024604735895991325,0.685316264629364,0.17573367059230804,0.0555102564394474,0.05883505567908287
/Users/aswanathjs/Downloads/test10/ai_plastic_waste_management_training/LDPE Plastic/bubble_wrap/Screenshot 2026-05-13 at 10.35.59.png,1,LDPE Plastic,1,LDPE Plastic,0.9148892760276794,0.006955666467547417,0.9148892760276794,0.012922870926558971,0.027977552264928818,0.03725454956293106
/Users/aswanathjs/Downloads/test10/ai_plastic_waste_management_training/LDPE Plastic/bubble_wrap/Screenshot 2026-05-13 at 10.32.55.png,1,LDPE Plastic,1,LDPE Plastic,0.6505486965179443,0.021683815866708755,0.6505486965179443,0.01851160079240799,0.08906964212656021,0.2201862931251526
/Users/aswanathjs/Downloads/test10/ai_plastic_waste_management_training/LDPE Plastic/bubble_wrap/Screenshot 2026-05-13 at 10.35.41.png,1,LDPE Plastic,1,LDPE Plastic,0.8091777563095093,0.006994386203587055,0.8091777563095093,0.010612789541482925,0.10450479388237,0.06871035695075989
/Users/aswanathjs/Downloads/test10/ai_plastic_waste_management_training/LDPE Plastic/bubble_wrap/Screenshot 2026-05-13 at 10.33.22.png,1,LDPE Plastic,1,LDPE Plastic,0.8426077961921692,0.012105897068977356,0.8426077961921692,0.034508608281612396,0.05386824160814285,0.05690941587090492
/Users/aswanathjs/Downloads/test10/ai_plastic_waste_management_training/LDPE Plastic/bubble_wrap/Screenshot 2026-05-13 at 10.33.36.png,1,LDPE Plastic,1,LDPE Plastic,0.9870858788490295,0.0026026973500847816,0.9870858788490295,0.0019893127027899027,0.004366309382021427,0.0039558918215334415
/Users/aswanathjs/Downloads/test10/ai_plastic_waste_management_training/LDPE Plastic/bubble_wrap/Screenshot 2026-05-13 at 10.34.03.png,1,LDPE Plastic,1,LDPE Plastic,0.9184156060218811,0.015854479745030403,0.9184156060218811,0.01978832483291626,0.022546935826539993,0.02339456044137478
/Users/aswanathjs/Downloads/test10/ai_plastic_waste_management_training/LDPE Plastic/bubble_wrap/Screenshot 2026-05-13 at 10.35.18.png,1,LDPE Plastic,1,LDPE Plastic,0.8086264133453369,0.02917189709842205,0.8086264133453369,0.011817294172942638,0.09633347392082214,0.05405092611908913
/Users/aswanathjs/Downloads/test10/ai_plastic_waste_management_training/LDPE Plastic/bubble_wrap/Screenshot 2026-05-13 at 10.33.50.png,1,LDPE Plastic,1,LDPE Plastic,0.8981589674949646,0.008563840761780739,0.8981589674949646,0.016262050718069077,0.05292410030961037,0.024091042578220367
/Users/aswanathjs/Downloads/test10/ai_plastic_waste_management_training/HDPE Plastic/milk_bottles/HDPEM478.jpg,0,HDPE Plastic,0,HDPE Plastic,0.9942659735679626,0.9942659735679626,3.990799450548366e-05,0.000331991002894938,0.005202854983508587,0.00015929680375847965
/Users/aswanathjs/Downloads/test10/ai_plastic_waste_management_training/PET Plastic/black_white_plastic_bottles/ctbax_jpg.rf.494790482aa35adac5d91d0e6b01934c.jpg,2,PET Plastic,2,PET Plastic,0.9983008503913879,0.0003757478843908757,0.00022384097974281758,0.9983008503913879,0.0009350334876216948,0.00016449307440780103
"/Users/aswanathjs/Downloads/test10/ai_plastic_waste_management_training/PET Plastic/plastic_bottles/PET1,261.jpg",2,PET Plastic,2,PET Plastic,0.974122941493988,0.02523280866444111,3.428164927754551e-05,0.974122941493988,0.000530739314854145,7.923429075162858e-05
/Users/aswanathjs/Downloads/test10/ai_plastic_waste_management_training/HDPE Plastic/shampoo_bottles/0061_a02b01c1d1e0f1g0h3.jpg,0,HDPE Plastic,0,HDPE Plastic,0.9996232986450195,0.9996232986450195,9.015649084176403e-06,0.00012564318603836,0.0001911871222546324,5.08725643157959e-05
/Users/aswanathjs/Downloads/test10/ai_plastic_waste_management_training/HDPE Plastic/milk_bottles/HDPEM75.jpg,0,HDPE Plastic,0,HDPE Plastic,0.9997996687889099,0.9997996687889099,2.6187190087512136e-06,8.544450247427449e-05,8.336509927175939e-05,2.8973599910386838e-05
/Users/aswanathjs/Downloads/test10/ai_plastic_waste_management_training/HDPE Plastic/milk_bottles_grey/HDPEM75.jpg,0,HDPE Plastic,0,HDPE Plastic,0.9999080896377563,0.9999080896377563,4.900231488136342e-06,2.2198875740286894e-05,3.317419395898469e-05,3.168998227920383e-05
/Users/aswanathjs/Downloads/test10/ai_plastic_waste_management_training/PP Plastic/rectangle_containers/0011_a05b00c2d1e0f0g0h3.jpg,3,PP Plastic,3,PP Plastic,0.9979561567306519,0.0005264761857688427,0.0006166034727357328,0.0006860882276669145,0.9979561567306519,0.000214641127968207
"/Users/aswanathjs/Downloads/test10/ai_plastic_waste_management_training/PET Plastic/plastic_bottles/PET1,344.jpg",2,PET Plastic,2,PET Plastic,0.9995809197425842,0.0003119347966276109,1.4163574633130338e-06,0.9995809197425842,9.239163773600012e-05,1.3316015611053444e-05
/Users/aswanathjs/Downloads/test10/ai_plastic_waste_management_training/PET Plastic/plastic_bottles/PET365.jpg,2,PET Plastic,2,PET Plastic,0.9997979998588562,0.00014688468945678324,6.196714821271598e-06,0.9997979998588562,3.112133708782494e-05,1.7795595340430737e-05
/Users/aswanathjs/Downloads/test10/ai_plastic_waste_management_training/PET Plastic/black_white_plastic_bottles/bjygh_jpg.rf.f4c4a7649c708339528a5684d04fca26.jpg,2,PET Plastic,2,PET Plastic,0.9994035959243774,0.0002618662838358432,7.318195275729522e-05,0.9994035959243774,0.00017451810708735138,8.679605525685474e-05
/Users/aswanathjs/Downloads/test10/ai_plastic_waste_management_training/PP Plastic/round_containers/Image_42.png,3,PP Plastic,3,PP Plastic,0.7749338746070862,0.029525276273489,0.12159242480993271,0.008576066233217716,0.7749338746070862,0.06537239998579025
/Users/aswanathjs/Downloads/test10/ai_plastic_waste_management_training/PS Plastic/foam_containers/Image_42.png,3,PP Plastic,4,PS Plastic,0.3721914291381836,0.040687188506126404,0.317320853471756,0.031548306345939636,0.23825226724147797,0.3721914291381836
/Users/aswanathjs/Downloads/test10/ai_plastic_waste_management_training/LDPE Plastic/plastic_bags/LDPE-360_jpg.rf.133d460a0281af37abf1062d4d7f50a7.jpg,1,LDPE Plastic,1,LDPE Plastic,0.9969077706336975,0.00019025271467398852,0.9969077706336975,0.00034452383988536894,0.0012883760500699282,0.0012691386509686708
/Users/aswanathjs/Downloads/test10/ai_plastic_waste_management_training/LDPE Plastic/plastic_bags/plasticbag (37).jpg,1,LDPE Plastic,1,LDPE Plastic,0.988670825958252,0.0031983128283172846,0.988670825958252,0.0018818216631188989,0.003528564004227519,0.0027204069774597883
/Users/aswanathjs/Downloads/test10/ai_plastic_waste_management_training/PS Plastic/foam_sheets/PS-504_jpg.rf.0d3e0747d1868ebce48c34f3e61f6f64.jpg,4,PS Plastic,4,PS Plastic,0.9954423904418945,0.0004781247116625309,0.0029224753379821777,0.0003894218825735152,0.0007675594533793628,0.9954423904418945
/Users/aswanathjs/Downloads/test10/ai_plastic_waste_management_training/HDPE Plastic/detergent_bottles/0010_a02b01c1d2e0f1g0h3.jpg,0,HDPE Plastic,0,HDPE Plastic,0.9974514842033386,0.9974514842033386,0.0001029881532303989,0.0013389796949923038,0.0007432539132423699,0.0003632904263213277
/Users/aswanathjs/Downloads/test10/ai_plastic_waste_management_training/HDPE Plastic/detergent_bottles/0039_a02b01c2d2e0f1g0h3.jpg,0,HDPE Plastic,0,HDPE Plastic,0.9998334646224976,0.9998334646224976,9.10365088202525e-06,9.41343569138553e-06,0.00013953566667623818,8.477397386741359e-06
/Users/aswanathjs/Downloads/test10/ai_plastic_waste_management_training/PET Plastic/plastic_bottles/PET979.jpg,2,PET Plastic,2,PET Plastic,0.9980058073997498,0.0014786487445235252,3.2739058951847255e-05,0.9980058073997498,0.00037525189691223204,0.00010762482997961342
/Users/aswanathjs/Downloads/test10/ai_plastic_waste_management_training/LDPE Plastic/plastic_bags/plasticbag (121).jpg,1,LDPE Plastic,1,LDPE Plastic,0.6802433133125305,0.13355620205402374,0.6802433133125305,0.02456757426261902,0.12206918001174927,0.03956374526023865
/Users/aswanathjs/Downloads/test10/ai_plastic_waste_management_training/PP Plastic/square_containers_grey/Image_224.png,3,PP Plastic,3,PP Plastic,0.5081855058670044,0.029421616345643997,0.24465596675872803,0.02681383676826954,0.5081855058670044,0.19092310965061188
/Users/aswanathjs/Downloads/test10/ai_plastic_waste_management_training/PP Plastic/square_containers/Image_224.png,3,PP Plastic,3,PP Plastic,0.7626094818115234,0.034416843205690384,0.11593461781740189,0.01285767462104559,0.7626094818115234,0.07418137788772583
/Users/aswanathjs/Downloads/test10/ai_plastic_waste_management_training/HDPE Plastic/milk_bottles/HDPEM129.jpg,0,HDPE Plastic,0,HDPE Plastic,0.9998496770858765,0.9998496770858765,2.8114061478845542e-06,2.619308179419022e-05,9.671060252003372e-05,2.4522889361833222e-05
/Users/aswanathjs/Downloads/test10/ai_plastic_waste_management_training/PET Plastic/plastic_bottles/PET317.jpg,2,PET Plastic,2,PET Plastic,0.9996194839477539,0.0002072715578833595,6.682335515506566e-05,0.9996194839477539,8.602871093899012e-05,2.031812437053304e-05
/Users/aswanathjs/Downloads/test10/ai_plastic_waste_management_training/PET Plastic/plastic_bottles/PET855.jpg,2,PET Plastic,2,PET Plastic,0.9951973557472229,0.0021502028685063124,0.0015275611076503992,0.9951973557472229,0.0005967607721686363,0.0005281837075017393
/Users/aswanathjs/Downloads/test10/ai_plastic_waste_management_training/PP Plastic/square_containers/IMG_20220209_173855.jpg,3,PP Plastic,3,PP Plastic,0.7584263682365417,0.19125041365623474,0.01064151432365179,0.010333456099033356,0.7584263682365417,0.029348235577344894
/Users/aswanathjs/Downloads/test10/ai_plastic_waste_management_training/HDPE Plastic/shampoo_bottles/0063_a02b01c2d0e0f1g1h2.jpg,0,HDPE Plastic,0,HDPE Plastic,0.9933807849884033,0.9933807849884033,4.040414933115244e-05,0.003001877572387457,0.0032288108486682177,0.0003481924650259316
/Users/aswanathjs/Downloads/test10/ai_plastic_waste_management_training/PS Plastic/foam_containers/0058_a06b01c1d0e0f0g0h4.jpg,4,PS Plastic,4,PS Plastic,0.999528169631958,1.756820347509347e-05,6.132425187388435e-05,4.912335498374887e-05,0.000343883439199999,0.999528169631958
/Users/aswanathjs/Downloads/test10/ai_plastic_waste_management_training/HDPE Plastic/detergent_bottles/0039_a02b01c2d3e0f1g0h4.jpg,0,HDPE Plastic,0,HDPE Plastic,0.9969950914382935,0.9969950914382935,0.00033820263342931867,0.00040692402399145067,0.0018498875433579087,0.00040992788854055107
/Users/aswanathjs/Downloads/test10/ai_plastic_waste_management_training/LDPE Plastic/plastic_bags/train_LDPE-2_jpg.rf.3d66a1ff0a58b9cc3026c1b1afcdf766.jpg,1,LDPE Plastic,1,LDPE Plastic,0.9872369766235352,0.005051375366747379,0.9872369766235352,0.001692823483608663,0.002509085228666663,0.0035096933133900166
/Users/aswanathjs/Downloads/test10/ai_plastic_waste_management_training/PS Plastic/foam_containers/Image_104.png,4,PS Plastic,4,PS Plastic,0.5024191737174988,0.18871822953224182,0.18763914704322815,0.032922327518463135,0.08830112963914871,0.5024191737174988
/Users/aswanathjs/Downloads/test10/ai_plastic_waste_management_training/PET Plastic/shampoo_bottles/0080_a05b00c2d0e0f1g0h2.jpg,2,PET Plastic,2,PET Plastic,0.9927679300308228,0.00014099407417234033,5.552111906581558e-05,0.9927679300308228,0.0069243102334439754,0.00011119086411781609
/Users/aswanathjs/Downloads/test10/ai_plastic_waste_management_training/HDPE Plastic/milk_bottles/HDPEM449.jpg,0,HDPE Plastic,0,HDPE Plastic,0.9983589053153992,0.9983589053153992,4.744567195302807e-05,0.0007197477389127016,0.0007678733090870082,0.00010588079749140888
/Users/aswanathjs/Downloads/test10/ai_plastic_waste_management_training/LDPE Plastic/plastic_bags/plasticbag (129).jpg,1,LDPE Plastic,1,LDPE Plastic,0.9443055391311646,0.01262739673256874,0.9443055391311646,0.010259907692670822,0.019860664382576942,0.01294657401740551
/Users/aswanathjs/Downloads/test10/ai_plastic_waste_management_training/PET Plastic/black_white_plastic_bottles/bkeaw_jpg.rf.a39fd1736cd87dfcfb5ae4f3e9f3960c.jpg,2,PET Plastic,2,PET Plastic,0.9998082518577576,3.215681863366626e-05,1.1111955245723948e-05,0.9998082518577576,0.00013281835708767176,1.565241655043792e-05
/Users/aswanathjs/Downloads/test10/ai_plastic_waste_management_training/HDPE Plastic/milk_bottles/HDPEM337.jpg,0,HDPE Plastic,0,HDPE Plastic,0.999584972858429,0.999584972858429,7.067118303893949e-07,0.00039367692079395056,1.6143667380674742e-05,4.5646352191397455e-06
/Users/aswanathjs/Downloads/test10/ai_plastic_waste_management_training/LDPE Plastic/plastic_bags/LDPE-116_jpg.rf.14f89047074294b24c86c813ff51a903.jpg,1,LDPE Plastic,1,LDPE Plastic,0.9928112626075745,0.0013791141100227833,0.9928112626075745,0.0026476553175598383,0.0014708683593198657,0.0016910542035475373
/Users/aswanathjs/Downloads/test10/ai_plastic_waste_management_training/LDPE Plastic/plastic_bags/plasticbag (165) 17.43.56.jpg,1,LDPE Plastic,1,LDPE Plastic,0.9918147921562195,0.001337062451057136,0.9918147921562195,0.002771510975435376,0.003384694689884782,0.0006919404258951545
/Users/aswanathjs/Downloads/test10/ai_plastic_waste_management_training/PET Plastic/plastic_bottles/PET841.jpg,2,PET Plastic,2,PET Plastic,0.9991917014122009,0.00045057086390443146,0.00018686021212488413,0.9991917014122009,6.9183595769573e-05,0.00010163192200707272
/Users/aswanathjs/Downloads/test10/ai_plastic_waste_management_training/LDPE Plastic/plastic_bags_grey/LDPE-1_jpg.rf.3c7a1957241b1cfd81c55b39fa5470d7.jpg,1,LDPE Plastic,1,LDPE Plastic,0.9975720047950745,0.0005850816378369927,0.9975720047950745,0.00045613618567585945,0.0005010768072679639,0.0008856314234435558
/Users/aswanathjs/Downloads/test10/ai_plastic_waste_management_training/LDPE Plastic/plastic_bags/LDPE-1_jpg.rf.5401f4d6049eb10309b5376914be7dec.jpg,1,LDPE Plastic,1,LDPE Plastic,0.9949878454208374,0.0015276925405487418,0.9949878454208374,0.0005452251061797142,0.001160346670076251,0.0017789079574868083
/Users/aswanathjs/Downloads/test10/ai_plastic_waste_management_training/LDPE Plastic/plastic_bags/LDPE-1_jpg.rf.3c7a1957241b1cfd81c55b39fa5470d7.jpg,1,LDPE Plastic,1,LDPE Plastic,0.9979977011680603,0.0005541255814023316,0.9979977011680603,0.0004883300280198455,0.00031755640520714223,0.0006423033773899078
/Users/aswanathjs/Downloads/test10/ai_plastic_waste_management_training/LDPE Plastic/plastic_bags/LDPE-1_jpg.rf.b398eae774835e4054e64f7f9dfb4eff.jpg,1,LDPE Plastic,1,LDPE Plastic,0.9947617650032043,0.0010733327362686396,0.9947617650032043,0.0010369885712862015,0.0016466230154037476,0.0014812542358413339
/Users/aswanathjs/Downloads/test10/ai_plastic_waste_management_training/PET Plastic/black_white_plastic_bottles/broka_jpg.rf.1f203f8b54e8ab3cce1e8ea671361972.jpg,2,PET Plastic,2,PET Plastic,0.997800886631012,0.0014714979333803058,6.298712105490267e-05,0.997800886631012,0.00052639254136011,0.0001382275077048689
/Users/aswanathjs/Downloads/test10/ai_plastic_waste_management_training/LDPE Plastic/black_white__plastic_bags/0014_jpg.rf.c7306ceeb5d51273acc72690edb28340.jpg,1,LDPE Plastic,1,LDPE Plastic,0.9933493733406067,0.0019544281531125307,0.9933493733406067,0.0022576397750526667,0.0017237112624570727,0.0007148745353333652
"/Users/aswanathjs/Downloads/test10/ai_plastic_waste_management_training/PET Plastic/plastic_bottles/PET1,762.jpg",2,PET Plastic,2,PET Plastic,0.9998281002044678,7.381308387266472e-05,1.9657552911667153e-05,0.9998281002044678,6.45344698568806e-05,1.39088042487856e-05
/Users/aswanathjs/Downloads/test10/ai_plastic_waste_management_training/PP Plastic/round_containers/IMG_20220209_172758.jpg,3,PP Plastic,3,PP Plastic,0.9786992073059082,0.015054731629788876,0.0007221734267659485,0.003339964896440506,0.9786992073059082,0.0021838604006916285
/Users/aswanathjs/Downloads/test10/ai_plastic_waste_management_training/PP Plastic/round_containers/Image_189.png,3,PP Plastic,3,PP Plastic,0.4696914851665497,0.026747068390250206,0.2712446451187134,0.0173481572419405,0.4696914851665497,0.21496865153312683
/Users/aswanathjs/Downloads/test10/ai_plastic_waste_management_training/PS Plastic/foam_containers/Image_189.png,3,PP Plastic,4,PS Plastic,0.39316898584365845,0.07473812997341156,0.29363900423049927,0.041365135461091995,0.19708873331546783,0.39316898584365845
/Users/aswanathjs/Downloads/test10/ai_plastic_waste_management_training/HDPE Plastic/milk_bottles/HDPEM17.jpg,0,HDPE Plastic,0,HDPE Plastic,0.9878121018409729,0.9878121018409729,0.0011887517757713795,0.0014495329232886434,0.006347144953906536,0.0032024341635406017
/Users/aswanathjs/Downloads/test10/ai_plastic_waste_management_training/PET Plastic/shampoo_bottles/0080_a05b00c1d0e0f1g0h3.jpg,2,PET Plastic,2,PET Plastic,0.8908619284629822,0.10327424108982086,8.028303273022175e-05,0.8908619284629822,0.005118682514876127,0.0006648452836088836
/Users/aswanathjs/Downloads/test10/ai_plastic_waste_management_training/LDPE Plastic/black_white__plastic_bags/0141_jpg.rf.f690365a5a275f413817183933fca0a9.jpg,1,LDPE Plastic,1,LDPE Plastic,0.9836003184318542,0.0009278174256905913,0.9836003184318542,0.006582493428140879,0.00508662685751915,0.003802740015089512
/Users/aswanathjs/Downloads/test10/ai_plastic_waste_management_training/PET Plastic/black_white_plastic_bottles/bxotr_jpg.rf.1fd0e034f86b02d3a9239c3706ba00ea.jpg,2,PET Plastic,2,PET Plastic,0.9974274039268494,0.0005249747773632407,0.0010319030843675137,0.9974274039268494,0.0007969937869347632,0.00021875585662201047
/Users/aswanathjs/Downloads/test10/ai_plastic_waste_management_training/PET Plastic/shampoo_bottles/0100_a05b00c2d0e0f0g0h1.jpg,2,PET Plastic,2,PET Plastic,0.9984229803085327,0.0009219131898134947,7.2608991104061715e-06,0.9984229803085327,0.0005398786743171513,0.00010801177268149331
/Users/aswanathjs/Downloads/test10/ai_plastic_waste_management_training/PET Plastic/plastic_bottles/PET840.jpg,2,PET Plastic,2,PET Plastic,0.9996629953384399,0.00024120736634358764,2.3709679226158187e-05,0.9996629953384399,3.221141014364548e-05,3.990645200246945e-05
/Users/aswanathjs/Downloads/test10/ai_plastic_waste_management_training/LDPE Plastic/plastic_bags/train_LDPE-46_jpg.rf.2815d064de80b23c8d9e6dd61ec3dff0.jpg,1,LDPE Plastic,1,LDPE Plastic,0.988777220249176,0.006698246113955975,0.988777220249176,0.0011433602776378393,0.0014202722813934088,0.001960934605449438
"/Users/aswanathjs/Downloads/test10/ai_plastic_waste_management_training/PET Plastic/plastic_bottles/PET1,748.jpg",2,PET Plastic,2,PET Plastic,0.9882439374923706,0.005446943454444408,0.0012851764913648367,0.9882439374923706,0.0036829530727118254,0.001341035938821733
/Users/aswanathjs/Downloads/test10/ai_plastic_waste_management_training/PET Plastic/plastic_bottles/PET806.jpg,2,PET Plastic,2,PET Plastic,0.9998182654380798,0.00011195689876331016,1.3307065273693297e-05,0.9998182654380798,1.1705003089446109e-05,4.482837175601162e-05
/Users/aswanathjs/Downloads/test10/ai_plastic_waste_management_training/LDPE Plastic/plastic_bags/P_W (1407).jpg,1,LDPE Plastic,1,LDPE Plastic,0.960781991481781,0.01366574876010418,0.960781991481781,0.004327730275690556,0.007113343570381403,0.014111101627349854
/Users/aswanathjs/Downloads/test10/ai_plastic_waste_management_training/PS Plastic/foam_sheets/PS-592_jpg.rf.1f1c77c122f5f174fd8dddb4154b727a.jpg,4,PS Plastic,4,PS Plastic,0.9948813915252686,0.0005397323402576149,0.0033382794354110956,0.000410281092626974,0.0008303634240292013,0.9948813915252686
/Users/aswanathjs/Downloads/test10/ai_plastic_waste_management_training/PET Plastic/black_white_plastic_bottles/akuxw_jpg.rf.4b20810fe047b3e2d19f90e824e915ef.jpg,2,PET Plastic,2,PET Plastic,0.9951863884925842,0.0004035361926071346,0.0036308213602751493,0.9951863884925842,0.0005922520067542791,0.00018704729154706
/Users/aswanathjs/Downloads/test10/ai_plastic_waste_management_training/LDPE Plastic/plastic_bags/LDPE-299_jpg.rf.cfc6a5c96a7cba8381ad71939900b173.jpg,1,LDPE Plastic,1,LDPE Plastic,0.9900139570236206,0.0014060281682759523,0.9900139570236206,0.0034291886258870363,0.0034732657950371504,0.001677548629231751
/Users/aswanathjs/Downloads/test10/ai_plastic_waste_management_training/PET Plastic/black_white_plastic_bottles/dcztl_jpg.rf.fb178873eb2cc650ea45a2570c2f83ba.jpg,2,PET Plastic,2,PET Plastic,0.9981301426887512,0.0015017373953014612,3.271710374974646e-05,0.9981301426887512,0.00025680623366497457,7.86672462709248e-05
"/Users/aswanathjs/Downloads/test10/ai_plastic_waste_management_training/PET Plastic/plastic_bottles/PET1,315.jpg",2,PET Plastic,2,PET Plastic,0.9875416159629822,0.01071969699114561,2.862147994164843e-05,0.9875416159629822,0.001442832755856216,0.0002672619593795389
/Users/aswanathjs/Downloads/test10/ai_plastic_waste_management_training/PET Plastic/black_white_plastic_bottles/azont_jpg.rf.721f11a64d1b6da1113d9b06217d04fa.jpg,2,PET Plastic,2,PET Plastic,0.9994282126426697,0.00024841848062351346,0.0001592621993040666,0.9994282126426697,7.251167698996142e-05,9.155082807410508e-05
/Users/aswanathjs/Downloads/test10/ai_plastic_waste_management_training/LDPE Plastic/bin_bags/Image_217.png,1,LDPE Plastic,1,LDPE Plastic,0.9629846215248108,0.0066429609432816505,0.9629846215248108,0.009284140542149544,0.013159368187189102,0.007928919978439808
/Users/aswanathjs/Downloads/test10/ai_plastic_waste_management_training/PP Plastic/square_containers/Image_217.png,1,LDPE Plastic,1,LDPE Plastic,0.5267823934555054,0.013740974478423595,0.5267823934555054,0.007442780304700136,0.4127877950668335,0.0392460860311985
/Users/aswanathjs/Downloads/test10/ai_plastic_waste_management_training/PS Plastic/foam_containers/Image_217.png,1,LDPE Plastic,4,PS Plastic,0.31642431020736694,0.15365828573703766,0.311899870634079,0.029253432527184486,0.1887640655040741,0.31642431020736694
/Users/aswanathjs/Downloads/test10/ai_plastic_waste_management_training/PET Plastic/shampoo_bottles/0100_a05b00c1d3e0f0g0h2.jpg,2,PET Plastic,2,PET Plastic,0.9858276844024658,0.00498692411929369,0.0004888726980425417,0.9858276844024658,0.008635162375867367,6.132986163720489e-05
/Users/aswanathjs/Downloads/test10/ai_plastic_waste_management_training/HDPE Plastic/shampoo_bottles/0061_a02b01c1d1e0f1g0h4(1).jpg,0,HDPE Plastic,0,HDPE Plastic,0.9997735619544983,0.9997735619544983,7.376204962383781e-07,0.00020189180213492364,1.5114443158381619e-05,8.736771633266471e-06
/Users/aswanathjs/Downloads/test10/ai_plastic_waste_management_training/PET Plastic/black_white_plastic_bottles/bwdfj_jpg.rf.ad52ccaf38e06d6d80c40c7bdb1e49f7.jpg,2,PET Plastic,2,PET Plastic,0.9995410442352295,4.839436587644741e-05,0.00027522220625542104,0.9995410442352295,6.175748421810567e-05,7.358051516348496e-05
/Users/aswanathjs/Downloads/test10/ai_plastic_waste_management_training/HDPE Plastic/milk_bottles/HDPEM429.jpg,0,HDPE Plastic,0,HDPE Plastic,0.999755322933197,0.999755322933197,1.0782187928271014e-05,2.5879138775053434e-05,0.00019018012972082943,1.784440792107489e-05
/Users/aswanathjs/Downloads/test10/ai_plastic_waste_management_training/HDPE Plastic/detergent_bottles/0039_a02b01c1d3e0f1g0h1.jpg,0,HDPE Plastic,0,HDPE Plastic,0.9984990358352661,0.9984990358352661,0.00012577268353197724,0.0005281934863887727,0.0008036121143959463,4.34713474533055e-05
/Users/aswanathjs/Downloads/test10/ai_plastic_waste_management_training/PET Plastic/plastic_bottles/PET493.jpg,2,PET Plastic,2,PET Plastic,0.9695473313331604,0.020508233457803726,0.0004017749160993844,0.9695473313331604,0.008260156027972698,0.0012825122103095055
/Users/aswanathjs/Downloads/test10/ai_plastic_waste_management_training/PP Plastic/round_containers/0044_a06b01c2d0e0f0g0h1.jpg,3,PP Plastic,3,PP Plastic,0.9899423122406006,0.002014549681916833,0.0015699125360697508,0.0026782199274748564,0.9899423122406006,0.003794953692704439
/Users/aswanathjs/Downloads/test10/ai_plastic_waste_management_training/PP Plastic/round_containers_grey/0044_a06b01c2d0e0f0g0h1.jpg,3,PP Plastic,3,PP Plastic,0.9390421509742737,0.017344389110803604,0.011973025277256966,0.016089249402284622,0.9390421509742737,0.015551158227026463
/Users/aswanathjs/Downloads/test10/ai_plastic_waste_management_training/LDPE Plastic/bubble_wrap/test_LDPE-96_jpg.rf.053c5b5b042253864496be02389f8056.jpg,1,LDPE Plastic,1,LDPE Plastic,0.9554588794708252,0.009457644075155258,0.9554588794708252,0.00604289909824729,0.016089176759123802,0.012951369397342205
/Users/aswanathjs/Downloads/test10/ai_plastic_waste_management_training/LDPE Plastic/black_white__plastic_bags/0073_jpg.rf.4b9e397f6e67f9c8ed31d7a998c2af00.jpg,1,LDPE Plastic,1,LDPE Plastic,0.9885502457618713,0.0017713613342493773,0.9885502457618713,0.005917887203395367,0.001339852111414075,0.0024206098169088364
/Users/aswanathjs/Downloads/test10/ai_plastic_waste_management_training/HDPE Plastic/shampoo_bottles/0075_a02b01c1d3e0f0g0h2.jpg,0,HDPE Plastic,0,HDPE Plastic,0.8614999055862427,0.8614999055862427,0.00011695506691467017,0.0020773294381797314,0.13561484217643738,0.0006910692318342626
/Users/aswanathjs/Downloads/test10/ai_plastic_waste_management_training/PET Plastic/black_white_plastic_bottles/bfdtg_jpg.rf.e6500619f3e90d29b6e7c0b948202de0.jpg,2,PET Plastic,2,PET Plastic,0.9941374063491821,0.00023827106633689255,0.00546238711103797,0.9941374063491821,9.536193101666868e-05,6.651192234130576e-05
/Users/aswanathjs/Downloads/test10/ai_plastic_waste_management_training/LDPE Plastic/plastic_bags/LDPE-27_jpg.rf.28336321904e43e3ed3ff61b35db2fef.jpg,1,LDPE Plastic,1,LDPE Plastic,0.9984179735183716,0.00028852399555034935,0.9984179735183716,0.0003651255974546075,0.0004382798506412655,0.0004901454085484147
/Users/aswanathjs/Downloads/test10/ai_plastic_waste_management_training/LDPE Plastic/plastic_bags/LDPE-27_jpg.rf.c46681a49fbcbe585b23a8483ecde7ca.jpg,1,LDPE Plastic,1,LDPE Plastic,0.9907354712486267,0.0027739140205085278,0.9907354712486267,0.002524787560105324,0.0014144493034109473,0.0025513716973364353
/Users/aswanathjs/Downloads/test10/ai_plastic_waste_management_training/PET Plastic/black_white_plastic_bottles/bgqru_jpg.rf.6bfe21929cafc4abea4121bbe372e944.jpg,2,PET Plastic,2,PET Plastic,0.9994437098503113,0.00014378897321876138,0.00026402639923617244,0.9994437098503113,0.00011911218462046236,2.9317163352970965e-05
/Users/aswanathjs/Downloads/test10/ai_plastic_waste_management_training/HDPE Plastic/shampoo_bottles/0021_a02b01c2d3e1f0g0h3.jpg,0,HDPE Plastic,0,HDPE Plastic,0.9980311989784241,0.9980311989784241,2.6592935682856478e-05,0.00032556455698795617,0.0014503654092550278,0.0001663181174080819
/Users/aswanathjs/Downloads/test10/ai_plastic_waste_management_training/PET Plastic/black_white_plastic_bottles/czrms_jpg.rf.2894c21dc33491389d8ba9ab9d312a47.jpg,2,PET Plastic,2,PET Plastic,0.999908447265625,2.4362205294892192e-05,5.997326297801919e-06,0.999908447265625,3.7851565139135346e-05,2.3260636226041242e-05
/Users/aswanathjs/Downloads/test10/ai_plastic_waste_management_training/HDPE Plastic/shampoo_bottles/0063_a02b01c2d3e0f1g1h0.jpg,0,HDPE Plastic,0,HDPE Plastic,0.9750456213951111,0.9750456213951111,5.848919681739062e-05,0.003917839378118515,0.019123245030641556,0.0018548507941886783
"/Users/aswanathjs/Downloads/test10/ai_plastic_waste_management_training/PET Plastic/plastic_bottles/PET1,312.jpg",2,PET Plastic,2,PET Plastic,0.9934964179992676,0.002774359891191125,0.0004396380390971899,0.9934964179992676,0.0024038346018642187,0.0008857566281221807
/Users/aswanathjs/Downloads/test10/ai_plastic_waste_management_training/LDPE Plastic/bin_bags/Image_115.png,1,LDPE Plastic,1,LDPE Plastic,0.9669633507728577,0.010925308801233768,0.9669633507728577,0.006939593702554703,0.009277358651161194,0.005894456058740616
/Users/aswanathjs/Downloads/test10/ai_plastic_waste_management_training/PS Plastic/form_containers_grey/Image_115.png,1,LDPE Plastic,1,LDPE Plastic,0.44494056701660156,0.21406525373458862,0.44494056701660156,0.03052566386759281,0.17895132303237915,0.1315172016620636
/Users/aswanathjs/Downloads/test10/ai_plastic_waste_management_training/PS Plastic/foam_containers/Image_115.png,1,LDPE Plastic,1,LDPE Plastic,0.44494056701660156,0.21406525373458862,0.44494056701660156,0.03052566386759281,0.17895132303237915,0.1315172016620636
/Users/aswanathjs/Downloads/test10/ai_plastic_waste_management_training/PET Plastic/plastic_bottles/PET423.jpg,2,PET Plastic,2,PET Plastic,0.9996404647827148,0.0002590748481452465,1.5254988284141291e-05,0.9996404647827148,3.9373026083922014e-05,4.589982927427627e-05
"/Users/aswanathjs/Downloads/test10/ai_plastic_waste_management_training/PET Plastic/plastic_bottles/PET1,340.jpg",2,PET Plastic,2,PET Plastic,0.9967904686927795,0.0025058721657842398,2.246124677185435e-05,0.9967904686927795,0.0006105166394263506,7.06735736457631e-05
/Users/aswanathjs/Downloads/test10/ai_plastic_waste_management_training/PP Plastic/rectangle_containers/0011_a05b00c1d0e0f0g0h4.jpg,3,PP Plastic,3,PP Plastic,0.9888803958892822,0.0004190979525446892,0.0024640318006277084,0.007495800964534283,0.9888803958892822,0.0007407108205370605
/Users/aswanathjs/Downloads/test10/ai_plastic_waste_management_training/PP Plastic/square_containers/0011_a05b00c1d0e0f0g0h4.jpg,3,PP Plastic,3,PP Plastic,0.9888803958892822,0.0004190979525446892,0.0024640318006277084,0.007495800964534283,0.9888803958892822,0.0007407108205370605
/Users/aswanathjs/Downloads/test10/ai_plastic_waste_management_training/HDPE Plastic/shampoo_bottles/0023_a02b01c1d0e0f1g0h2.jpg,0,HDPE Plastic,0,HDPE Plastic,0.9963325262069702,0.9963325262069702,2.0298048184486106e-05,0.0028666856233030558,0.0003138696192763746,0.00046657584607601166
/Users/aswanathjs/Downloads/test10/ai_plastic_waste_management_training/PET Plastic/black_white_plastic_bottles/cvwxm_jpg.rf.2364ac7238b0527fda488d562d238e85.jpg,2,PET Plastic,2,PET Plastic,0.9993252754211426,0.00022619687661062926,0.0003491956158541143,0.9993252754211426,6.675834447378293e-05,3.2604188163531944e-05
/Users/aswanathjs/Downloads/test10/ai_plastic_waste_management_training/HDPE Plastic/milk_bottles/HDPEM73.jpg,0,HDPE Plastic,0,HDPE Plastic,0.9999287128448486,0.9999287128448486,1.5706542626503506e-06,1.458011865906883e-05,3.443616515141912e-05,2.073897485388443e-05
"/Users/aswanathjs/Downloads/test10/ai_plastic_waste_management_training/PET Plastic/plastic_bottles/PET1,582.jpg",2,PET Plastic,2,PET Plastic,0.9242616295814514,0.01850014179944992,0.005174841266125441,0.9242616295814514,0.047319572418928146,0.004743760917335749
/Users/aswanathjs/Downloads/test10/ai_plastic_waste_management_training/PET Plastic/plastic_bottles/PET933.jpg,2,PET Plastic,2,PET Plastic,0.992849588394165,0.006279089953750372,0.0001419112813891843,0.992849588394165,0.0005568968481384218,0.00017257750732824206
/Users/aswanathjs/Downloads/test10/ai_plastic_waste_management_training/PP Plastic/round_containers/0031_a05b01c1d1e0f0g0h0.jpg,3,PP Plastic,3,PP Plastic,0.9989500641822815,0.0009233944583684206,4.797097426489927e-05,4.532242746790871e-05,0.9989500641822815,3.3264826925005764e-05
/Users/aswanathjs/Downloads/test10/ai_plastic_waste_management_training/LDPE Plastic/plastic_bags/LDPE-63_jpg.rf.22b1f38ddde0601dd3318eb38f7cc4ec.jpg,1,LDPE Plastic,1,LDPE Plastic,0.99616539478302,0.0008032135665416718,0.99616539478302,0.0005682732444256544,0.0010268037440255284,0.0014362512156367302
/Users/aswanathjs/Downloads/test10/ai_plastic_waste_management_training/LDPE Plastic/plastic_bags/LDPE-63_jpg.rf.9683ca46b06cc8e6d5ed9f9e8cfb50a9.jpg,1,LDPE Plastic,1,LDPE Plastic,0.9969894289970398,0.0007422672933898866,0.9969894289970398,0.0005784883978776634,0.0008769280975684524,0.0008129955967888236
/Users/aswanathjs/Downloads/test10/ai_plastic_waste_management_training/HDPE Plastic/milk_bottles/HDPEM18.jpg,0,HDPE Plastic,0,HDPE Plastic,0.943193793296814,0.943193793296814,0.0011930210748687387,0.020049145445227623,0.026068223640322685,0.009495813399553299
/Users/aswanathjs/Downloads/test10/ai_plastic_waste_management_training/HDPE Plastic/milk_bottles_grey/HDPEM18.jpg,0,HDPE Plastic,0,HDPE Plastic,0.9921596646308899,0.9921596646308899,0.00038860246422700584,0.0017907331930473447,0.003619279945269227,0.00204178923740983
/Users/aswanathjs/Downloads/test10/ai_plastic_waste_management_training/HDPE Plastic/shampoo_bottles/0076_a02b06c2d1e0f1g0h1.jpg,0,HDPE Plastic,0,HDPE Plastic,0.9990891218185425,0.9990891218185425,4.4071170123061165e-05,0.0004473137087188661,0.00033259097835980356,8.682726911501959e-05
/Users/aswanathjs/Downloads/test10/ai_plastic_waste_management_training/HDPE Plastic/milk_bottles/HDPEM122.jpg,0,HDPE Plastic,0,HDPE Plastic,0.9999457597732544,0.9999457597732544,9.975137800211087e-07,1.3847041373082902e-05,2.39709006564226e-05,1.55399593495531e-05
/Users/aswanathjs/Downloads/test10/ai_plastic_waste_management_training/HDPE Plastic/detergent_bottles/0096_a02b04c2d1e0f0g0h2.jpg,0,HDPE Plastic,0,HDPE Plastic,0.9997367262840271,0.9997367262840271,4.920378160022665e-06,4.042773070978001e-05,0.0002121811849065125,5.730258180847159e-06
/Users/aswanathjs/Downloads/test10/ai_plastic_waste_management_training/PET Plastic/plastic_bottles/PET788.jpg,2,PET Plastic,2,PET Plastic,0.9996917247772217,0.00017863338871393353,3.200756691512652e-05,0.9996917247772217,4.618888851837255e-05,5.15188294230029e-05
/Users/aswanathjs/Downloads/test10/ai_plastic_waste_management_training/HDPE Plastic/shampoo_bottles/matrix.jpg,0,HDPE Plastic,0,HDPE Plastic,0.9989938139915466,0.9989938139915466,2.5575793642929057e-06,7.665922021260485e-05,0.0009147770470008254,1.2159292964497581e-05
/Users/aswanathjs/Downloads/test10/ai_plastic_waste_management_training/PS Plastic/foam_containers/Image_90.png,4,PS Plastic,4,PS Plastic,0.5472351908683777,0.05495760589838028,0.22815673053264618,0.019810013473033905,0.14984050393104553,0.5472351908683777
/Users/aswanathjs/Downloads/test10/ai_plastic_waste_management_training/HDPE Plastic/shampoo_bottiles_grey/0075_a02b01c1d2e0f0g0h3.jpg,0,HDPE Plastic,0,HDPE Plastic,0.9862247705459595,0.9862247705459595,0.0018087036442011595,0.002116534858942032,0.009279923513531685,0.0005700984038412571
/Users/aswanathjs/Downloads/test10/ai_plastic_waste_management_training/HDPE Plastic/shampoo_bottles/0075_a02b01c1d2e0f0g0h3.jpg,0,HDPE Plastic,0,HDPE Plastic,0.9965916872024536,0.9965916872024536,0.00013898566248826683,0.00015824385627638549,0.0030691735446453094,4.1991672333097085e-05
/Users/aswanathjs/Downloads/test10/ai_plastic_waste_management_training/PET Plastic/black_white_plastic_bottles/akcfy_jpg.rf.4e476acc2e904ad6d0fc0e5fe417eb76.jpg,2,PET Plastic,2,PET Plastic,0.987757682800293,0.00017387871048413217,0.009420723654329777,0.987757682800293,0.0022770024370402098,0.00037066187360323966
/Users/aswanathjs/Downloads/test10/ai_plastic_waste_management_training/PP Plastic/round_containers/IMG_20220209_174659.jpg,3,PP Plastic,3,PP Plastic,0.9439869523048401,0.022682631388306618,0.002074513351544738,0.02271096408367157,0.9439869523048401,0.008544963784515858
/Users/aswanathjs/Downloads/test10/ai_plastic_waste_management_training/PET Plastic/plastic_bottles/PET974.jpg,2,PET Plastic,2,PET Plastic,0.9974223375320435,0.0011324315564706922,5.2245308324927464e-05,0.9974223375320435,0.0012464412720873952,0.00014660009765066206
/Users/aswanathjs/Downloads/test10/ai_plastic_waste_management_training/HDPE Plastic/milk_bottles/HDPEM231.jpg,0,HDPE Plastic,0,HDPE Plastic,0.9998406171798706,0.9998406171798706,3.6435909578358405e-07,0.00011327849642839283,3.370220656506717e-05,1.1987670404778328e-05
/Users/aswanathjs/Downloads/test10/ai_plastic_waste_management_training/HDPE Plastic/shampoo_bottles/0063_a02b01c2d1e0f1g1h0.jpg,0,HDPE Plastic,0,HDPE Plastic,0.9864229559898376,0.9864229559898376,5.7643530453788117e-05,0.005896685179322958,0.006368954665958881,0.0012537537841126323
/Users/aswanathjs/Downloads/test10/ai_plastic_waste_management_training/PET Plastic/plastic_bottles/PET807.jpg,2,PET Plastic,2,PET Plastic,0.9995554089546204,0.000201820585061796,0.0001452006254112348,0.9995554089546204,4.478014670894481e-05,5.278142270981334e-05
/Users/aswanathjs/Downloads/test10/ai_plastic_waste_management_training/PP Plastic/square_containers/Image_172.png,3,PP Plastic,3,PP Plastic,0.8319153189659119,0.005746039561927319,0.13152484595775604,0.002010918688029051,0.8319153189659119,0.028802884742617607
/Users/aswanathjs/Downloads/test10/ai_plastic_waste_management_training/PS Plastic/foam_containers/Image_172.png,3,PP Plastic,4,PS Plastic,0.5631133913993835,0.05149919167160988,0.15560662746429443,0.02432343177497387,0.20545735955238342,0.5631133913993835
/Users/aswanathjs/Downloads/test10/ai_plastic_waste_management_training/PS Plastic/foam_containers/0058_a06b01c2d0e0f0g0h0.jpg,4,PS Plastic,4,PS Plastic,0.997054934501648,0.0002851072349585593,0.00033080653520300984,0.00032043305691331625,0.0020086774602532387,0.997054934501648
/Users/aswanathjs/Downloads/test10/ai_plastic_waste_management_training/LDPE Plastic/black_white__plastic_bags/0276_jpg.rf.8a6da9d93df2243169d608f84712eab1.jpg,1,LDPE Plastic,1,LDPE Plastic,0.9957095384597778,0.0022364717442542315,0.9957095384597778,0.0002718679024837911,0.0009111889521591365,0.0008709253161214292
/Users/aswanathjs/Downloads/test10/ai_plastic_waste_management_training/HDPE Plastic/shampoo_bottles/0099_a02b01c2d0e0f1g0h4.jpg,0,HDPE Plastic,0,HDPE Plastic,0.9969668984413147,0.9969668984413147,3.438083467699471e-06,0.0023670687805861235,0.00026844217791222036,0.0003940735768992454
/Users/aswanathjs/Downloads/test10/ai_plastic_waste_management_training/PET Plastic/black_white_plastic_bottles/aeixj_jpg.rf.a75d4de444d4c17d2f83a461914dc7be.jpg,2,PET Plastic,2,PET Plastic,0.9973872303962708,9.175286686513573e-05,0.0013535832986235619,0.9973872303962708,0.0010271286591887474,0.0001402795605827123
/Users/aswanathjs/Downloads/test10/ai_plastic_waste_management_training/PET Plastic/shampoo_bottles/0015_a05b00c1d0e1f1g0h2.jpg,2,PET Plastic,2,PET Plastic,0.9574401378631592,0.006547452416270971,0.00035538451629690826,0.9574401378631592,0.033906299620866776,0.001750660827383399
/Users/aswanathjs/Downloads/test10/ai_plastic_waste_management_training/PS Plastic/foam_sheets/PS-615_jpg.rf.e3578d58b90a1f458acd1e766e76ce50.jpg,4,PS Plastic,4,PS Plastic,0.9991557598114014,0.00010042549547506496,0.0005616662674583495,1.93114119610982e-05,0.00016291526844725013,0.9991557598114014
/Users/aswanathjs/Downloads/test10/ai_plastic_waste_management_training/PP Plastic/round_containers/IMG_20220209_174755.jpg,3,PP Plastic,3,PP Plastic,0.96924889087677,0.007407366763800383,0.010464453138411045,0.003314512548968196,0.96924889087677,0.009564777836203575
/Users/aswanathjs/Downloads/test10/ai_plastic_waste_management_training/LDPE Plastic/bin_bags/Image_32.png,1,LDPE Plastic,1,LDPE Plastic,0.8789712190628052,0.03828052058815956,0.8789712190628052,0.03962947800755501,0.024047546088695526,0.01907113939523697
/Users/aswanathjs/Downloads/test10/ai_plastic_waste_management_training/LDPE Plastic/bin_bags_grey/Image_32.png,1,LDPE Plastic,1,LDPE Plastic,0.9113269448280334,0.025829164311289787,0.9113269448280334,0.03132062777876854,0.0181187205016613,0.013404454104602337
/Users/aswanathjs/Downloads/test10/ai_plastic_waste_management_training/PP Plastic/square_containers/Image_32.png,1,LDPE Plastic,3,PP Plastic,0.695713222026825,0.018761945888400078,0.21740871667861938,0.013820369727909565,0.695713222026825,0.054295774549245834
/Users/aswanathjs/Downloads/test10/ai_plastic_waste_management_training/PS Plastic/foam_containers/Image_32.png,1,LDPE Plastic,1,LDPE Plastic,0.36575573682785034,0.0818394273519516,0.36575573682785034,0.043003108352422714,0.15618732571601868,0.3532143235206604
/Users/aswanathjs/Downloads/test10/ai_plastic_waste_management_training/PET Plastic/shampoo_bottles/0015_a05b00c2d2e1f1g0h1.jpg,2,PET Plastic,2,PET Plastic,0.9834792613983154,0.002993193920701742,0.0009992225095629692,0.9834792613983154,0.011205649003386497,0.00132261891849339
/Users/aswanathjs/Downloads/test10/ai_plastic_waste_management_training/HDPE Plastic/shampoo_bottles/0099_a02b01c2d3e0f1g0h2.jpg,0,HDPE Plastic,0,HDPE Plastic,0.9986224174499512,0.9986224174499512,1.8565055142971687e-05,0.0008014434133656323,0.0005210545496083796,3.649063364719041e-05
/Users/aswanathjs/Downloads/test10/ai_plastic_waste_management_training/HDPE Plastic/shampoo_bottles/0061_a02b01c1d3e0f1g0h4.jpg,0,HDPE Plastic,0,HDPE Plastic,0.9984789490699768,0.9984789490699768,1.9967174011981115e-05,4.589116360875778e-05,0.001052187173627317,0.00040293624624609947
/Users/aswanathjs/Downloads/test10/ai_plastic_waste_management_training/PP Plastic/irregular_containers/train_PP-72_jpg.rf.3714458bfe6778d89359dbecfe8a3bf1.jpg,3,PP Plastic,3,PP Plastic,0.9956098198890686,0.0017215196276083589,0.0015366105362772942,0.0003221317601855844,0.9956098198890686,0.0008099016849882901
/Users/aswanathjs/Downloads/test10/ai_plastic_waste_management_training/HDPE Plastic/milk_bottles/HDPEM239.jpg,0,HDPE Plastic,0,HDPE Plastic,0.9998435974121094,0.9998435974121094,1.9581274557367578e-07,0.00012795694055967033,2.0526480511762202e-05,7.640646799700335e-06
/Users/aswanathjs/Downloads/test10/ai_plastic_waste_management_training/PP Plastic/round_containers/0022_a05b00c1d3e0f0g0h2.jpg,3,PP Plastic,3,PP Plastic,0.9879807829856873,0.002872142707929015,0.004840043373405933,0.0027199024334549904,0.9879807829856873,0.0015871374635025859
/Users/aswanathjs/Downloads/test10/ai_plastic_waste_management_training/PP Plastic/round_containers/0035_a06b01c2d1e0f0g0h2.jpg,3,PP Plastic,3,PP Plastic,0.9986296892166138,0.0012669702991843224,8.074559445958585e-06,1.8517837816034444e-05,0.9986296892166138,7.669949263799936e-05
/Users/aswanathjs/Downloads/test10/ai_plastic_waste_management_training/PS Plastic/foam_sheets/PS-528_jpg.rf.de642fd2470d8fe2a8c118e38d59977d.jpg,4,PS Plastic,4,PS Plastic,0.9944409728050232,0.00048695268924348056,0.00391777977347374,0.00047971325693652034,0.0006744851707480848,0.9944409728050232
/Users/aswanathjs/Downloads/test10/ai_plastic_waste_management_training/HDPE Plastic/shampoo_bottles/0099_a02b01c2d0e0f1g0h3.jpg,0,HDPE Plastic,0,HDPE Plastic,0.9655452370643616,0.9655452370643616,0.000793976301793009,0.02386205829679966,0.001373556791804731,0.008425196632742882
"/Users/aswanathjs/Downloads/test10/ai_plastic_waste_management_training/PET Plastic/plastic_bottles/PET1,269.jpg",2,PET Plastic,2,PET Plastic,0.9729043245315552,0.01138006616383791,0.00120313442312181,0.9729043245315552,0.010158129967749119,0.004354394506663084
/Users/aswanathjs/Downloads/test10/ai_plastic_waste_management_training/PS Plastic/foam_sheets/PS-686_jpg.rf.1db7784a61fe79c9d534317a5f958f40.jpg,4,PS Plastic,4,PS Plastic,0.9381637573242188,0.008119593374431133,0.03948650881648064,0.0049887727946043015,0.009241421706974506,0.9381637573242188
/Users/aswanathjs/Downloads/test10/ai_plastic_waste_management_training/PP Plastic/irregular_containers/train_PP-50_jpg.rf.028ddc0872ec659b861d9e98d343d312.jpg,3,PP Plastic,3,PP Plastic,0.9921299815177917,0.003407319076359272,0.0010854301508516073,0.002148253144696355,0.9921299815177917,0.0012290447484701872
/Users/aswanathjs/Downloads/test10/ai_plastic_waste_management_training/PP Plastic/irregular_containers_grey/train_PP-50_jpg.rf.028ddc0872ec659b861d9e98d343d312.jpg,3,PP Plastic,3,PP Plastic,0.9918676018714905,0.004367487505078316,0.0008833359461277723,0.0015240118373185396,0.9918676018714905,0.0013574963668361306
/Users/aswanathjs/Downloads/test10/ai_plastic_waste_management_training/HDPE Plastic/milk_bottles/HDPEM125.jpg,0,HDPE Plastic,0,HDPE Plastic,0.9997550845146179,0.9997550845146179,5.887091901968233e-06,4.130341767449863e-05,0.00014830277359578758,4.9290043534711e-05
/Users/aswanathjs/Downloads/test10/ai_plastic_waste_management_training/LDPE Plastic/plastic_bags/plasticbag (94).jpg,1,LDPE Plastic,1,LDPE Plastic,0.5913925766944885,0.04133673384785652,0.5913925766944885,0.08731143921613693,0.07446688413619995,0.20549233257770538
/Users/aswanathjs/Downloads/test10/ai_plastic_waste_management_training/HDPE Plastic/detergent_bottles/0098_a02b03c2d2e0f0g0h1.jpg,0,HDPE Plastic,0,HDPE Plastic,0.9997770190238953,0.9997770190238953,7.114270829333691e-06,1.539714685350191e-05,0.00017841112276073545,2.2066566089051776e-05
/Users/aswanathjs/Downloads/test10/ai_plastic_waste_management_training/PS Plastic/foam_containers/Image_54.png,4,PS Plastic,4,PS Plastic,0.38940367102622986,0.10949268192052841,0.2484074980020523,0.03254450857639313,0.22015166282653809,0.38940367102622986
/Users/aswanathjs/Downloads/test10/ai_plastic_waste_management_training/LDPE Plastic/plastic_bags/plasticbag (145).jpg,1,LDPE Plastic,1,LDPE Plastic,0.7549968957901001,0.018787182867527008,0.7549968957901001,0.08048417419195175,0.09855563938617706,0.04717618599534035
/Users/aswanathjs/Downloads/test10/ai_plastic_waste_management_training/PET Plastic/shampoo_bottles/0050_a05b00c2d1e1f1g0h3.jpg,2,PET Plastic,2,PET Plastic,0.9786719083786011,0.008774003013968468,0.0013220966793596745,0.9786719083786011,0.00659304391592741,0.00463888980448246
/Users/aswanathjs/Downloads/test10/ai_plastic_waste_management_training/PET Plastic/black_white_plastic_bottles/aqdvr_jpg.rf.e8a919143120add03a21c069ae96572f.jpg,2,PET Plastic,2,PET Plastic,0.9997349381446838,4.4418884499464184e-05,0.0001479307102272287,0.9997349381446838,4.480899588088505e-05,2.7915028113056906e-05
/Users/aswanathjs/Downloads/test10/ai_plastic_waste_management_training/PET Plastic/plastic_bottles/volvic.jpg,2,PET Plastic,2,PET Plastic,0.9993232488632202,0.00023022173263598233,0.00032419097260572016,0.9993232488632202,7.460246706614271e-05,4.770548548549414e-05
/Users/aswanathjs/Downloads/test10/ai_plastic_waste_management_training/LDPE Plastic/plastic_bags/plasticbag (153) 17.43.56.jpg,1,LDPE Plastic,1,LDPE Plastic,0.9932410717010498,0.0004377526347525418,0.9932410717010498,0.001976210158318281,0.0025336919352412224,0.001811242662370205
/Users/aswanathjs/Downloads/test10/ai_plastic_waste_management_training/LDPE Plastic/plastic_bags/LDPE-290_jpg.rf.92561c2c70a3b8bdb34fb86565d12131.jpg,1,LDPE Plastic,1,LDPE Plastic,0.9978893399238586,0.0004807922523468733,0.9978893399238586,0.000644044834189117,0.0004712033842224628,0.0005146877956576645
/Users/aswanathjs/Downloads/test10/ai_plastic_waste_management_training/HDPE Plastic/milk_bottles/HDPEM109.jpg,0,HDPE Plastic,0,HDPE Plastic,0.9999746084213257,0.9999746084213257,5.273349756862444e-07,9.24557480175281e-06,8.016990250325762e-06,7.470120181096718e-06
/Users/aswanathjs/Downloads/test10/ai_plastic_waste_management_training/PP Plastic/rectangle_containers/0011_a05b00c1d1e0f0g0h1.jpg,3,PP Plastic,3,PP Plastic,0.5030267238616943,0.0036830883473157883,0.00012018286361126229,0.49227383732795715,0.5030267238616943,0.0008961447747424245
/Users/aswanathjs/Downloads/test10/ai_plastic_waste_management_training/PP Plastic/square_containers/0011_a05b00c1d1e0f0g0h1.jpg,3,PP Plastic,3,PP Plastic,0.5030267238616943,0.0036830883473157883,0.00012018286361126229,0.49227383732795715,0.5030267238616943,0.0008961447747424245
"/Users/aswanathjs/Downloads/test10/ai_plastic_waste_management_training/PET Plastic/plastic_bottles/PET1,313.jpg",2,PET Plastic,2,PET Plastic,0.9457849860191345,0.0011248125229030848,0.00579647533595562,0.9457849860191345,0.04387802630662918,0.003415714018046856
/Users/aswanathjs/Downloads/test10/ai_plastic_waste_management_training/PET Plastic/plastic_bottles/PET740.jpg,2,PET Plastic,2,PET Plastic,0.9999091625213623,6.677358760498464e-05,1.8296443613508018e-06,0.9999091625213623,1.4224879123503342e-05,8.003945367818233e-06
/Users/aswanathjs/Downloads/test10/ai_plastic_waste_management_training/PET Plastic/plastic_bottles/PET496.jpg,2,PET Plastic,2,PET Plastic,0.9995593428611755,0.00024244726228062063,1.2929329386679456e-05,0.9995593428611755,0.00013327639317139983,5.204471017350443e-05
/Users/aswanathjs/Downloads/test10/ai_plastic_waste_management_training/HDPE Plastic/milk_bottles/P_W (429).jpg,0,HDPE Plastic,0,HDPE Plastic,0.9748926162719727,0.9748926162719727,0.0004379355814307928,0.001254317699931562,0.0022973346058279276,0.021117759868502617
"/Users/aswanathjs/Downloads/test10/ai_plastic_waste_management_training/PET Plastic/plastic_bottles/PET1,195.jpg",2,PET Plastic,2,PET Plastic,0.9894178509712219,0.008310366421937943,0.00024561575264669955,0.9894178509712219,0.0011370943393558264,0.0008890838362276554
/Users/aswanathjs/Downloads/test10/ai_plastic_waste_management_training/PP Plastic/round_containers/IMG_20220209_173637.jpg,3,PP Plastic,3,PP Plastic,0.8973646759986877,0.004941978957504034,0.08412835001945496,0.003943754360079765,0.8973646759986877,0.00962127186357975
/Users/aswanathjs/Downloads/test10/ai_plastic_waste_management_training/HDPE Plastic/detergent_bottles/0010_a02b01c1d1e0f1g0h3.jpg,0,HDPE Plastic,0,HDPE Plastic,0.9997178912162781,0.9997178912162781,1.094855861083488e-06,0.00016226399748120457,0.00011339017510181293,5.257433713268256e-06
/Users/aswanathjs/Downloads/test10/ai_plastic_waste_management_training/PP Plastic/irregular_containers/train_PP-85_jpg.rf.549c4f084df1c4e31b1193a389d6df2c.jpg,3,PP Plastic,3,PP Plastic,0.9848159551620483,0.0024566403590142727,0.007447545882314444,0.0015670605935156345,0.9848159551620483,0.0037127998657524586
/Users/aswanathjs/Downloads/test10/ai_plastic_waste_management_training/PP Plastic/round_containers/0032_a05b01c2d0e0f0g0h0.jpg,3,PP Plastic,3,PP Plastic,0.9963996410369873,0.0012073889374732971,0.0007642082055099308,0.0009247405687347054,0.9963996410369873,0.0007039693300612271
/Users/aswanathjs/Downloads/test10/ai_plastic_waste_management_training/PET Plastic/shampoo_bottles/0015_a05b00c1d3e1f1g0h3.jpg,2,PET Plastic,2,PET Plastic,0.9681291580200195,0.009872584603726864,0.00043038951116614044,0.9681291580200195,0.020881131291389465,0.0006866860203444958
/Users/aswanathjs/Downloads/test10/ai_plastic_waste_management_training/PET Plastic/shampoo_bottles/shampoo1.jpg,2,PET Plastic,2,PET Plastic,0.9825078845024109,0.003630532417446375,0.00013770769874099642,0.9825078845024109,0.013439659960567951,0.0002842123503796756
/Users/aswanathjs/Downloads/test10/ai_plastic_waste_management_training/HDPE Plastic/shampoo_bottles/0077_a02b01c2d3e0f1g0h0.jpg,0,HDPE Plastic,0,HDPE Plastic,0.9969502091407776,0.9969502091407776,3.696291514643235e-06,5.788543421658687e-05,0.0029513086192309856,3.691685196827166e-05
/Users/aswanathjs/Downloads/test10/ai_plastic_waste_management_training/PP Plastic/round_containers/0044_a06b01c1d0e0f0g0h3.jpg,3,PP Plastic,3,PP Plastic,0.9238818883895874,0.006331306416541338,0.022873729467391968,0.025698846206068993,0.9238818883895874,0.021214185282588005
/Users/aswanathjs/Downloads/test10/ai_plastic_waste_management_training/PET Plastic/black_white_plastic_bottles/dawik_jpg.rf.2cc5acf6a45d61b299f168ba8ba13df7.jpg,2,PET Plastic,2,PET Plastic,0.9810456037521362,0.0015400752890855074,0.012780397199094296,0.9810456037521362,0.0031856566201895475,0.0014482589904218912
/Users/aswanathjs/Downloads/test10/ai_plastic_waste_management_training/PET Plastic/black_white_plastic_bottles/cpwid_jpg.rf.fce65cce0991765771284ae03988e09c.jpg,2,PET Plastic,2,PET Plastic,0.9998620748519897,5.5458160204580054e-05,3.9411403122358024e-05,0.9998620748519897,3.368802572367713e-05,9.331650289823301e-06
/Users/aswanathjs/Downloads/test10/ai_plastic_waste_management_training/LDPE Plastic/black_white__plastic_bags/0237_jpg.rf.a092401360f6a52b87f56aba9c7b36f6.jpg,1,LDPE Plastic,1,LDPE Plastic,0.9956419467926025,0.0004570649180095643,0.9956419467926025,0.0004959519137628376,0.0015821288106963038,0.0018228410044685006
/Users/aswanathjs/Downloads/test10/ai_plastic_waste_management_training/PS Plastic/foam_containers/Image_140.png,4,PS Plastic,4,PS Plastic,0.43725502490997314,0.04580942168831825,0.2724767327308655,0.016231531277298927,0.22822730243206024,0.43725502490997314
/Users/aswanathjs/Downloads/test10/ai_plastic_waste_management_training/HDPE Plastic/milk_bottles/HDPEM575.JPG,0,HDPE Plastic,0,HDPE Plastic,0.9998931884765625,0.9998931884765625,1.8003737523031305e-06,2.532065445848275e-05,2.689356369955931e-05,5.275023795547895e-05
/Users/aswanathjs/Downloads/test10/ai_plastic_waste_management_training/HDPE Plastic/milk_bottles/HDPEM468.jpg,0,HDPE Plastic,0,HDPE Plastic,0.953229546546936,0.953229546546936,0.0025591282173991203,0.022381369024515152,0.01909901760518551,0.002730978885665536
/Users/aswanathjs/Downloads/test10/ai_plastic_waste_management_training/HDPE Plastic/shampoo_bottles/0099_a02b01c1d0e0f1g0h0.jpg,0,HDPE Plastic,0,HDPE Plastic,0.9992960691452026,0.9992960691452026,8.793899723968934e-06,0.0005746592069044709,8.635583071736619e-05,3.4063199564116076e-05
/Users/aswanathjs/Downloads/test10/ai_plastic_waste_management_training/LDPE Plastic/plastic_bags_grey/LDPE-339_jpg.rf.f99e0d539ba0adc5179e3926cfb8d92f.jpg,1,LDPE Plastic,1,LDPE Plastic,0.9985349178314209,0.0001388507371302694,0.9985349178314209,0.00028093619039282203,0.0005688793025910854,0.00047638945397920907
/Users/aswanathjs/Downloads/test10/ai_plastic_waste_management_training/LDPE Plastic/plastic_bags/LDPE-339_jpg.rf.f99e0d539ba0adc5179e3926cfb8d92f.jpg,1,LDPE Plastic,1,LDPE Plastic,0.9976969361305237,0.00019348309433553368,0.9976969361305237,0.0003882218443322927,0.0008712491253390908,0.0008501029806211591
/Users/aswanathjs/Downloads/test10/ai_plastic_waste_management_training/PP Plastic/irregular_containers/valid_PP-74-_jpg.rf.e6439fa2a00fd3130fb8cdb5e9c21888.jpg,3,PP Plastic,3,PP Plastic,0.947372555732727,0.00450792396441102,0.03558887913823128,0.008178808726370335,0.947372555732727,0.004351810086518526
/Users/aswanathjs/Downloads/test10/ai_plastic_waste_management_training/PP Plastic/irregular_containers_grey/valid_PP-74-_jpg.rf.e6439fa2a00fd3130fb8cdb5e9c21888.jpg,3,PP Plastic,3,PP Plastic,0.890169084072113,0.004909284878522158,0.09462565183639526,0.0073072342202067375,0.890169084072113,0.0029887929558753967
/Users/aswanathjs/Downloads/test10/ai_plastic_waste_management_training/LDPE Plastic/plastic_bags/LDPE-254_jpg.rf.55feea2a4763ad63f3cebf5306a3d8be.jpg,1,LDPE Plastic,1,LDPE Plastic,0.996213972568512,0.0007137937354855239,0.996213972568512,0.0006202591466717422,0.0012257384369149804,0.0012262547388672829
/Users/aswanathjs/Downloads/test10/ai_plastic_waste_management_training/PP Plastic/irregular_containers/0036_a05b00c1d0e0f0g0h1.jpg,3,PP Plastic,3,PP Plastic,0.9601137638092041,0.005109088961035013,0.01706797070801258,0.008667242713272572,0.9601137638092041,0.009041857905685902
/Users/aswanathjs/Downloads/test10/ai_plastic_waste_management_training/PP Plastic/irregular_containers_grey/0036_a05b00c1d0e0f0g0h1.jpg,3,PP Plastic,3,PP Plastic,0.8865724205970764,0.015560844913125038,0.07899200171232224,0.007730704732239246,0.8865724205970764,0.011144042015075684
/Users/aswanathjs/Downloads/test10/ai_plastic_waste_management_training/HDPE Plastic/shampoo_bottiles_grey/0078_a02b07c1d1e0f1g0h1.jpg,0,HDPE Plastic,0,HDPE Plastic,0.9941272735595703,0.9941272735595703,0.0006306137074716389,0.0030089777428656816,0.0014375071041285992,0.0007956866757012904
/Users/aswanathjs/Downloads/test10/ai_plastic_waste_management_training/HDPE Plastic/shampoo_bottles/0078_a02b07c1d1e0f1g0h1.jpg,0,HDPE Plastic,0,HDPE Plastic,0.9988753199577332,0.9988753199577332,7.571927562821656e-05,0.00040392723167315125,0.0004853424325119704,0.00015962710313033313
/Users/aswanathjs/Downloads/test10/ai_plastic_waste_management_training/PET Plastic/shampoo_bottles/0100_a05b00c2d2e0f0g0h0.jpg,2,PET Plastic,2,PET Plastic,0.9995991587638855,0.0003166139358654618,1.5911709851934575e-06,0.9995991587638855,6.150884291855618e-05,2.109208799083717e-05
/Users/aswanathjs/Downloads/test10/ai_plastic_waste_management_training/HDPE Plastic/milk_bottles/HDPEM84.jpg,0,HDPE Plastic,0,HDPE Plastic,0.9996625185012817,0.9996625185012817,8.180595045814698e-07,0.00019906841043848544,7.791394455125555e-05,5.973310908302665e-05
/Users/aswanathjs/Downloads/test10/ai_plastic_waste_management_training/LDPE Plastic/plastic_bags/plasticbag (74).jpg,1,LDPE Plastic,1,LDPE Plastic,0.9901121258735657,0.003209618153050542,0.9901121258735657,0.0012008545454591513,0.004531275946646929,0.0009460841538384557
/Users/aswanathjs/Downloads/test10/ai_plastic_waste_management_training/PS Plastic/foam_sheets/PS-590_jpg.rf.0be509342bfaefc8306934ac93590956.jpg,4,PS Plastic,4,PS Plastic,0.971436083316803,0.004473969805985689,0.019649505615234375,0.001904257689602673,0.002536130603402853,0.971436083316803
/Users/aswanathjs/Downloads/test10/ai_plastic_waste_management_training/HDPE Plastic/detergent_bottles/0098_a02b03c2d2e0f0g0h3.jpg,0,HDPE Plastic,0,HDPE Plastic,0.9981777667999268,0.9981777667999268,1.3445832337311003e-05,3.683432805701159e-05,0.0017055256757885218,6.638435297645628e-05
/Users/aswanathjs/Downloads/test10/ai_plastic_waste_management_training/PET Plastic/shampoo_bottles/0080_a05b00c2d3e0f1g0h1.jpg,2,PET Plastic,2,PET Plastic,0.9997637867927551,1.090105615730863e-05,1.3448541267280234e-06,0.9997637867927551,0.0002199252339778468,3.985587227361975e-06
/Users/aswanathjs/Downloads/test10/ai_plastic_waste_management_training/LDPE Plastic/plastic_bags/LDPE-380_jpg.rf.0328cf22ea692abeb30496b41769fee9.jpg,1,LDPE Plastic,1,LDPE Plastic,0.9957362413406372,0.00041203800356015563,0.9957362413406372,0.0006346210138872266,0.0015764858108013868,0.001640585600398481
"/Users/aswanathjs/Downloads/test10/ai_plastic_waste_management_training/PET Plastic/plastic_bottles/PET1,296.jpg",2,PET Plastic,2,PET Plastic,0.9960135221481323,0.003035367000848055,8.025405804801267e-06,0.9960135221481323,0.000833032070659101,0.00011007003195118159
/Users/aswanathjs/Downloads/test10/ai_plastic_waste_management_training/HDPE Plastic/milk_bottles/HDPEM46.jpg,0,HDPE Plastic,0,HDPE Plastic,0.8031090497970581,0.8031090497970581,0.0004375525168143213,0.17699095606803894,0.017312752082943916,0.002149660373106599
/Users/aswanathjs/Downloads/test10/ai_plastic_waste_management_training/HDPE Plastic/milk_bottles/HDPEM288.jpg,0,HDPE Plastic,0,HDPE Plastic,0.998993456363678,0.998993456363678,2.488852260285057e-05,0.000577793747652322,0.0002701998455449939,0.00013361887249629945
/Users/aswanathjs/Downloads/test10/ai_plastic_waste_management_training/LDPE Plastic/black_white__plastic_bags/0084_jpg.rf.c3f9df8c34c504c8c209497c829f1eb4.jpg,1,LDPE Plastic,1,LDPE Plastic,0.6842665076255798,0.02247672528028488,0.6842665076255798,0.11833333224058151,0.1593572199344635,0.0155662652105093
/Users/aswanathjs/Downloads/test10/ai_plastic_waste_management_training/PET Plastic/shampoo_bottles/0080_a05b00c1d3e0f1g0h2.jpg,2,PET Plastic,2,PET Plastic,0.9868751764297485,0.00528805423527956,8.945028821472079e-05,0.9868751764297485,0.006990331225097179,0.00075702671892941
/Users/aswanathjs/Downloads/test10/ai_plastic_waste_management_training/PS Plastic/foam_containers/Image_232.png,4,PS Plastic,4,PS Plastic,0.4899729788303375,0.06273382157087326,0.21312783658504486,0.021770363673567772,0.21239499747753143,0.4899729788303375
/Users/aswanathjs/Downloads/test10/ai_plastic_waste_management_training/LDPE Plastic/plastic_bags/P_W (1418).jpg,1,LDPE Plastic,1,LDPE Plastic,0.9872768521308899,0.0029097830411046743,0.9872768521308899,0.0008313080761581659,0.0032754826825112104,0.00570658640936017
/Users/aswanathjs/Downloads/test10/ai_plastic_waste_management_training/PET Plastic/plastic_bottles/PET469.jpg,2,PET Plastic,2,PET Plastic,0.9942249655723572,0.0029308900702744722,5.482101914822124e-05,0.9942249655723572,0.0024247756227850914,0.0003646250697784126
"/Users/aswanathjs/Downloads/test10/ai_plastic_waste_management_training/PET Plastic/plastic_bottles/PET1,463.jpg",2,PET Plastic,2,PET Plastic,0.9739105105400085,0.019951604306697845,0.00033621201873756945,0.9739105105400085,0.005183193366974592,0.0006184800295159221
/Users/aswanathjs/Downloads/test10/ai_plastic_waste_management_training/PP Plastic/round_containers/IMG_20220209_175626.jpg,3,PP Plastic,3,PP Plastic,0.9650295376777649,0.004731741268187761,0.027465814724564552,0.0016166402492672205,0.9650295376777649,0.0011562982108443975
/Users/aswanathjs/Downloads/test10/ai_plastic_waste_management_training/PET Plastic/shampoo_bottles/0080_a05b00c1d3e0f1g0h1.jpg,2,PET Plastic,2,PET Plastic,0.9993430972099304,7.0593637246929575e-06,1.9049297179662972e-06,0.9993430972099304,0.0006427722400985658,5.260371381154982e-06
/Users/aswanathjs/Downloads/test10/ai_plastic_waste_management_training/PET Plastic/plastic_bottles/PET311.jpg,2,PET Plastic,2,PET Plastic,0.9994375109672546,0.0004065858665853739,4.369230009615421e-05,0.9994375109672546,8.807949052425101e-05,2.4074450266198255e-05
"/Users/aswanathjs/Downloads/test10/ai_plastic_waste_management_training/HDPE Plastic/milk_bottles/HDPEM1,027.JPG",0,HDPE Plastic,0,HDPE Plastic,0.9871009588241577,0.9871009588241577,7.556229775218526e-06,0.010989250615239143,0.0016862358897924423,0.00021605710207950324
/Users/aswanathjs/Downloads/test10/ai_plastic_waste_management_training/LDPE Plastic/plastic_bags/LDPE-694_jpg.rf.aa7295ba4f6fc4c79c4215eb9c352a25.jpg,1,LDPE Plastic,1,LDPE Plastic,0.9974026083946228,0.0002850886667147279,0.9974026083946228,0.0002404162660241127,0.0012957778526470065,0.0007760521257296205
/Users/aswanathjs/Downloads/test10/ai_plastic_waste_management_training/HDPE Plastic/shampoo_bottles/0076_a02b06c1d2e0f1g0h3.jpg,0,HDPE Plastic,0,HDPE Plastic,0.997450053691864,0.997450053691864,0.0003182841755915433,0.0001756483834469691,0.0018897276604548097,0.00016631021571811289
/Users/aswanathjs/Downloads/test10/ai_plastic_waste_management_training/HDPE Plastic/shampoo_bottiles_grey/0076_a02b06c2d2e0f1g0h0.jpg,0,HDPE Plastic,0,HDPE Plastic,0.9949818253517151,0.9949818253517151,0.00021179138275329024,0.003154953010380268,0.0014031174359843135,0.0002483506395947188
/Users/aswanathjs/Downloads/test10/ai_plastic_waste_management_training/HDPE Plastic/shampoo_bottles/0076_a02b06c2d2e0f1g0h0.jpg,0,HDPE Plastic,0,HDPE Plastic,0.9996867179870605,0.9996867179870605,1.5120612260943744e-05,0.00015725176490377635,0.0001228943729074672,1.7981259588850662e-05
/Users/aswanathjs/Downloads/test10/ai_plastic_waste_management_training/LDPE Plastic/plastic_bags/LDPE-45_jpg.rf.93d3974714605e44bdc6f78a59c3e1d5.jpg,1,LDPE Plastic,1,LDPE Plastic,0.988283097743988,0.0011017908109351993,0.988283097743988,0.0006436730036512017,0.007643182761967182,0.002328241942450404
/Users/aswanathjs/Downloads/test10/ai_plastic_waste_management_training/HDPE Plastic/milk_bottles/HDPEM15.jpg,0,HDPE Plastic,0,HDPE Plastic,0.911459743976593,0.911459743976593,0.010854681953787804,0.033195432275533676,0.014525854960083961,0.029964331537485123
/Users/aswanathjs/Downloads/test10/ai_plastic_waste_management_training/LDPE Plastic/plastic_bags/LDPE-647_jpg.rf.68a0ac6d0db3b7acdc3ae8297b7c49aa.jpg,1,LDPE Plastic,1,LDPE Plastic,0.9877556562423706,0.0011201673187315464,0.9877556562423706,0.0008240693714469671,0.0031543627846986055,0.007145722862333059
/Users/aswanathjs/Downloads/test10/ai_plastic_waste_management_training/LDPE Plastic/black_white__plastic_bags/0115_jpg.rf.041c2ca91386c7e7a7460b778948eb9d.jpg,1,LDPE Plastic,1,LDPE Plastic,0.5296362638473511,0.29904597997665405,0.5296362638473511,0.08676295727491379,0.05949234217405319,0.025062425062060356
/Users/aswanathjs/Downloads/test10/ai_plastic_waste_management_training/PS Plastic/foam_sheets/PS-795_jpg.rf.e43e111bcafba8004fe507444085157b.jpg,4,PS Plastic,4,PS Plastic,0.990402102470398,0.0009908725041896105,0.004165357910096645,0.001649548765271902,0.002791954902932048,0.990402102470398
/Users/aswanathjs/Downloads/test10/ai_plastic_waste_management_training/PP Plastic/round_containers/0035_a06b01c1d1e0f0g0h0.jpg,3,PP Plastic,3,PP Plastic,0.9987932443618774,0.000331732357153669,0.00013160225353203714,0.0002429279702482745,0.9987932443618774,0.0005004793056286871
/Users/aswanathjs/Downloads/test10/ai_plastic_waste_management_training/HDPE Plastic/milk_bottles/HDPEM329.jpg,0,HDPE Plastic,0,HDPE Plastic,0.9937680959701538,0.9937680959701538,1.3436916560749523e-05,0.00441818917170167,0.001718959421850741,8.132165385177359e-05
/Users/aswanathjs/Downloads/test10/ai_plastic_waste_management_training/PET Plastic/plastic_bottles/PET520.jpg,2,PET Plastic,2,PET Plastic,0.9916068315505981,0.003255260642617941,0.00045507928007282317,0.9916068315505981,0.0036485346499830484,0.0010343396570533514
/Users/aswanathjs/Downloads/test10/ai_plastic_waste_management_training/PP Plastic/round_containers/IMG_20220209_173307.jpg,3,PP Plastic,3,PP Plastic,0.8583179116249084,0.011281093582510948,0.003855503862723708,0.11200607568025589,0.8583179116249084,0.014539380557835102
/Users/aswanathjs/Downloads/test10/ai_plastic_waste_management_training/PET Plastic/shampoo_bottles/0100_a05b00c2d2e0f0g0h2.jpg,2,PET Plastic,2,PET Plastic,0.9965112805366516,0.0004914059536531568,0.0001138525694841519,0.9965112805366516,0.002726249862462282,0.00015719943621661514
/Users/aswanathjs/Downloads/test10/ai_plastic_waste_management_training/PP Plastic/round_containers/IMG_20220209_173507.jpg,3,PP Plastic,3,PP Plastic,0.9167367815971375,0.004162462893873453,0.007489232812076807,0.06540142744779587,0.9167367815971375,0.006210177671164274
/Users/aswanathjs/Downloads/test10/ai_plastic_waste_management_training/HDPE Plastic/milk_bottles/P_W (1068).jpg,0,HDPE Plastic,0,HDPE Plastic,0.9980040192604065,0.9980040192604065,0.0004620716499630362,0.0008867854485288262,0.000184809003258124,0.0004623431304935366
/Users/aswanathjs/Downloads/test10/ai_plastic_waste_management_training/HDPE Plastic/milk_bottles_grey/P_W (1068).jpg,0,HDPE Plastic,0,HDPE Plastic,0.9442007541656494,0.9442007541656494,0.026965364813804626,0.009819874539971352,0.006430775858461857,0.012583297677338123
/Users/aswanathjs/Downloads/test10/ai_plastic_waste_management_training/HDPE Plastic/shampoo_bottles/0075_a02b01c2d2e0f0g0h0.jpg,0,HDPE Plastic,0,HDPE Plastic,0.9676860570907593,0.9676860570907593,0.00045679326285608113,0.001805607695132494,0.027867913246154785,0.002183690667152405
/Users/aswanathjs/Downloads/test10/ai_plastic_waste_management_training/LDPE Plastic/black_white__plastic_bags/0149_jpg.rf.6438697f454d23922ddc9ba150f947b4.jpg,1,LDPE Plastic,1,LDPE Plastic,0.9942544102668762,0.0006482498138211668,0.9942544102668762,0.003608396276831627,0.0007181112887337804,0.0007707471959292889
/Users/aswanathjs/Downloads/test10/ai_plastic_waste_management_training/PET Plastic/black_white_plastic_bottles/agurp_jpg.rf.6ecaa721dc5a974566ad629025d60a9c.jpg,2,PET Plastic,2,PET Plastic,0.9974721074104309,0.0009986826917156577,0.0007255312521010637,0.9974721074104309,0.0003064651391468942,0.0004971408634446561
"/Users/aswanathjs/Downloads/test10/ai_plastic_waste_management_training/PET Plastic/plastic_bottles/PET1,779.jpg",2,PET Plastic,2,PET Plastic,0.9922493696212769,0.0011559596750885248,0.0017498052911832929,0.9922493696212769,0.004507462959736586,0.0003374136285856366
/Users/aswanathjs/Downloads/test10/ai_plastic_waste_management_training/PP Plastic/round_containers/IMG20220210150845.jpg,3,PP Plastic,3,PP Plastic,0.9541438221931458,0.0031555446330457926,0.016612708568572998,0.006515039596706629,0.9541438221931458,0.019572939723730087
/Users/aswanathjs/Downloads/test10/ai_plastic_waste_management_training/PET Plastic/black_white_plastic_bottles/corja_jpg.rf.34b4ef681a68b01c8db47899a4835376.jpg,2,PET Plastic,2,PET Plastic,0.9978830218315125,0.0014193052193149924,0.00015162878844421357,0.9978830218315125,0.0002695088041946292,0.00027651453274302185
/Users/aswanathjs/Downloads/test10/ai_plastic_waste_management_training/HDPE Plastic/shampoo_bottles/0023_a02b01c2d3e0f1g0h2.jpg,0,HDPE Plastic,0,HDPE Plastic,0.8992924690246582,0.8992924690246582,0.00023266613425221294,0.0034595998004078865,0.09370559453964233,0.0033096717670559883
"/Users/aswanathjs/Downloads/test10/ai_plastic_waste_management_training/HDPE Plastic/milk_bottles/HDPEM1,015.JPG",0,HDPE Plastic,0,HDPE Plastic,0.9994577765464783,0.9994577765464783,9.312370821135119e-07,0.00046606484102085233,2.211673381680157e-05,5.309582775225863e-05
/Users/aswanathjs/Downloads/test10/ai_plastic_waste_management_training/LDPE Plastic/plastic_bags/plasticbag (172).jpg,1,LDPE Plastic,1,LDPE Plastic,0.45937180519104004,0.02252471260726452,0.45937180519104004,0.18112163245677948,0.2642420828342438,0.07273977249860764
/Users/aswanathjs/Downloads/test10/ai_plastic_waste_management_training/HDPE Plastic/milk_bottles/HDPEM35.jpg,0,HDPE Plastic,0,HDPE Plastic,0.9999967813491821,0.9999967813491821,3.9279183283724706e-07,7.700786568420881e-07,1.0682565516617615e-06,1.0381900210632011e-06
/Users/aswanathjs/Downloads/test10/ai_plastic_waste_management_training/HDPE Plastic/milk_bottles_grey/HDPEM35.jpg,0,HDPE Plastic,0,HDPE Plastic,0.9999696016311646,0.9999696016311646,3.966842996305786e-06,7.181284672697075e-06,1.4938947970222216e-05,4.302621618990088e-06
/Users/aswanathjs/Downloads/test10/ai_plastic_waste_management_training/PS Plastic/foam_sheets/PS-650_jpg.rf.a9fc53984cabc277011302d189133efc.jpg,4,PS Plastic,4,PS Plastic,0.9514312744140625,0.00661567272618413,0.030677489936351776,0.00376482424326241,0.007510761730372906,0.9514312744140625
/Users/aswanathjs/Downloads/test10/ai_plastic_waste_management_training/PET Plastic/plastic_bottles/PET856.jpg,2,PET Plastic,2,PET Plastic,0.9983862638473511,0.0005674907588399947,0.00043474792619235814,0.9983862638473511,0.00046552432468160987,0.00014598481357097626
/Users/aswanathjs/Downloads/test10/ai_plastic_waste_management_training/HDPE Plastic/shampoo_bottles/0078_a02b07c2d3e0f1g0h1.jpg,0,HDPE Plastic,0,HDPE Plastic,0.9988632202148438,0.9988632202148438,8.149144377966877e-06,3.60177546099294e-05,0.0010770922526717186,1.5592959243804216e-05
/Users/aswanathjs/Downloads/test10/ai_plastic_waste_management_training/HDPE Plastic/milk_bottles/HDPEM72.jpg,0,HDPE Plastic,0,HDPE Plastic,0.999984860420227,0.999984860420227,2.8262755336072587e-07,1.4840690027995151e-06,1.137070830736775e-05,2.0474137727433117e-06
/Users/aswanathjs/Downloads/test10/ai_plastic_waste_management_training/LDPE Plastic/plastic_bags/LDPE-575_jpg.rf.a473cae8f61821abac08d294dc4787b5.jpg,1,LDPE Plastic,1,LDPE Plastic,0.9972379207611084,0.0004390956601127982,0.9972379207611084,0.0004421897465363145,0.0010319141438230872,0.0008488509338349104
/Users/aswanathjs/Downloads/test10/ai_plastic_waste_management_training/LDPE Plastic/black_white__plastic_bags/0213_jpg.rf.8a095262f668b501a0139ce297880fb5.jpg,1,LDPE Plastic,1,LDPE Plastic,0.9870145320892334,0.004165817983448505,0.9870145320892334,0.0026284412015229464,0.0042219338938593864,0.0019692829810082912
"/Users/aswanathjs/Downloads/test10/ai_plastic_waste_management_training/PET Plastic/plastic_bottles/PET1,018.jpg",2,PET Plastic,2,PET Plastic,0.9997499585151672,0.00014120327250566334,2.9148532121325843e-05,0.9997499585151672,5.3277588449418545e-05,2.6333806090406142e-05
/Users/aswanathjs/Downloads/test10/ai_plastic_waste_management_training/HDPE Plastic/shampoo_bottles/0099_a02b01c1d1e0f1g0h1.jpg,0,HDPE Plastic,0,HDPE Plastic,0.9993165731430054,0.9993165731430054,1.672184771450702e-05,0.00040636997437104583,8.090881601674482e-05,0.00017935826326720417
/Users/aswanathjs/Downloads/test10/ai_plastic_waste_management_training/LDPE Plastic/black_white__plastic_bags/0147_jpg.rf.03ab89b916bdfa8ad924b601a568fe0a.jpg,1,LDPE Plastic,1,LDPE Plastic,0.9760840535163879,0.002123114885762334,0.9760840535163879,0.016847291961312294,0.0032282546162605286,0.0017173319356516004
/Users/aswanathjs/Downloads/test10/ai_plastic_waste_management_training/HDPE Plastic/detergent_bottles/0039_a02b01c2d0e0f1g0h1.jpg,0,HDPE Plastic,0,HDPE Plastic,0.9949470162391663,0.9949470162391663,8.86540801730007e-05,0.00020433175086509436,0.004314931109547615,0.0004449700645636767
/Users/aswanathjs/Downloads/test10/ai_plastic_waste_management_training/PP Plastic/round_containers/0044_a06b01c1d1e0f0g0h0.jpg,3,PP Plastic,3,PP Plastic,0.996415376663208,0.002791332546621561,0.00025782809825614095,0.0003275580529589206,0.996415376663208,0.00020784551452379674
/Users/aswanathjs/Downloads/test10/ai_plastic_waste_management_training/LDPE Plastic/plastic_bags/P_W (1387).jpg,1,LDPE Plastic,1,LDPE Plastic,0.6417504549026489,0.18007896840572357,0.6417504549026489,0.03211545571684837,0.11375553905963898,0.03229950740933418
/Users/aswanathjs/Downloads/test10/ai_plastic_waste_management_training/PET Plastic/plastic_bottles/PET976.jpg,2,PET Plastic,2,PET Plastic,0.9930713772773743,0.004344391170889139,0.0009123816271312535,0.9930713772773743,0.0010914499871432781,0.0005803063395433128
/Users/aswanathjs/Downloads/test10/ai_plastic_waste_management_training/PP Plastic/square_containers/Image_167.png,3,PP Plastic,3,PP Plastic,0.7990016341209412,0.03354388102889061,0.08251090347766876,0.003625277429819107,0.7990016341209412,0.0813182070851326
/Users/aswanathjs/Downloads/test10/ai_plastic_waste_management_training/PS Plastic/foam_containers/Image_167.png,3,PP Plastic,4,PS Plastic,0.5774065256118774,0.039107102900743484,0.24324022233486176,0.02363657020032406,0.116609588265419,0.5774065256118774
/Users/aswanathjs/Downloads/test10/ai_plastic_waste_management_training/HDPE Plastic/milk_bottles/HDPEM223.jpg,0,HDPE Plastic,0,HDPE Plastic,0.999281108379364,0.999281108379364,8.440290457656374e-07,0.0006026121554896235,9.82824494712986e-05,1.719279862300027e-05
/Users/aswanathjs/Downloads/test10/ai_plastic_waste_management_training/HDPE Plastic/detergent_bottles/0096_a02b04c1d2e0f0g0h1.jpg,0,HDPE Plastic,0,HDPE Plastic,0.9995551705360413,0.9995551705360413,6.201065116329119e-05,0.00012562828487716615,0.00015152175910770893,0.00010571065649855882
/Users/aswanathjs/Downloads/test10/ai_plastic_waste_management_training/PS Plastic/foam_containers/styrofoam-104-_jpg.rf.4e3cf92b88797fbe80fce1bcb1587d8e.jpg,4,PS Plastic,4,PS Plastic,0.9701985120773315,0.007182341534644365,0.004243555013090372,0.0010657906532287598,0.017309723421931267,0.9701985120773315
/Users/aswanathjs/Downloads/test10/ai_plastic_waste_management_training/LDPE Plastic/plastic_bags/LDPE-758_jpg.rf.0354cc63d75a54a865602d00a96833d9.jpg,1,LDPE Plastic,1,LDPE Plastic,0.9901726245880127,0.0012067947536706924,0.9901726245880127,0.0007978343055583537,0.003516444005072117,0.00430629076436162
/Users/aswanathjs/Downloads/test10/ai_plastic_waste_management_training/PP Plastic/round_containers/IMG20220210150808.jpg,3,PP Plastic,3,PP Plastic,0.9647613763809204,0.001853572204709053,0.01793222688138485,0.0021475295070558786,0.9647613763809204,0.013305283151566982
/Users/aswanathjs/Downloads/test10/ai_plastic_waste_management_training/HDPE Plastic/milk_bottles/HDPEM269.jpg,0,HDPE Plastic,0,HDPE Plastic,0.9993181228637695,0.9993181228637695,3.877511517202947e-06,0.0003069204685743898,0.00013928257976658642,0.0002318554325029254
/Users/aswanathjs/Downloads/test10/ai_plastic_waste_management_training/PET Plastic/plastic_bottles/PET483.jpg,2,PET Plastic,2,PET Plastic,0.9991469383239746,0.0005842999671585858,4.352291580289602e-05,0.9991469383239746,0.0001890675484901294,3.618807386374101e-05
/Users/aswanathjs/Downloads/test10/ai_plastic_waste_management_training/HDPE Plastic/milk_bottles/HDPEM456.jpg,0,HDPE Plastic,0,HDPE Plastic,0.990456759929657,0.990456759929657,5.999755740049295e-05,0.008356316946446896,0.0010356198763474822,9.140591282630339e-05
"/Users/aswanathjs/Downloads/test10/ai_plastic_waste_management_training/PET Plastic/plastic_bottles/PET1,095.jpg",2,PET Plastic,2,PET Plastic,0.9616929292678833,0.012042037211358547,0.004904193338006735,0.9616929292678833,0.019013604149222374,0.0023471787571907043
"/Users/aswanathjs/Downloads/test10/ai_plastic_waste_management_training/PET Plastic/plastic_bottles/PET1,137.jpg",2,PET Plastic,2,PET Plastic,0.9996984004974365,0.00012863203301094472,4.7209879994625226e-05,0.9996984004974365,9.995436994358897e-05,2.584860885690432e-05
/Users/aswanathjs/Downloads/test10/ai_plastic_waste_management_training/PP Plastic/round_containers/0032_a05b01c1d0e0f0g0h4.jpg,3,PP Plastic,3,PP Plastic,0.9990683197975159,0.0002590379735920578,0.00011324865772621706,0.00011514193465700373,0.9990683197975159,0.0004442109202500433
/Users/aswanathjs/Downloads/test10/ai_plastic_waste_management_training/PET Plastic/black_white_plastic_bottles/cwknh_jpg.rf.acf869e09bd46c27f643f7548a83d647.jpg,2,PET Plastic,2,PET Plastic,0.9978641867637634,0.0006205432000569999,6.567471427842975e-05,0.9978641867637634,0.0011327225947752595,0.00031690436298958957
/Users/aswanathjs/Downloads/test10/ai_plastic_waste_management_training/HDPE Plastic/shampoo_bottles/0076_a02b06c2d3e0f1g0h3.jpg,0,HDPE Plastic,0,HDPE Plastic,0.9416026473045349,0.9416026473045349,0.003983721602708101,0.0006081608589738607,0.05270189046859741,0.0011036136420443654
/Users/aswanathjs/Downloads/test10/ai_plastic_waste_management_training/PP Plastic/round_containers/IMG_20220209_173239.jpg,3,PP Plastic,3,PP Plastic,0.9259157776832581,0.010563855059444904,0.016476767137646675,0.01628459431231022,0.9259157776832581,0.030759012326598167
/Users/aswanathjs/Downloads/test10/ai_plastic_waste_management_training/HDPE Plastic/milk_bottles/HDPEM47.jpg,0,HDPE Plastic,0,HDPE Plastic,0.9671444892883301,0.9671444892883301,5.9823625633725896e-05,0.022603992372751236,0.009598811157047749,0.0005928512546233833
/Users/aswanathjs/Downloads/test10/ai_plastic_waste_management_training/HDPE Plastic/milk_bottles/HDPEM43.jpg,0,HDPE Plastic,0,HDPE Plastic,0.9997231364250183,0.9997231364250183,2.734766894718632e-05,8.951917698141187e-05,0.00010319209104636684,5.6881719501689076e-05
/Users/aswanathjs/Downloads/test10/ai_plastic_waste_management_training/HDPE Plastic/detergent_bottles/0096_a02b04c1d2e0f0g0h4.jpg,0,HDPE Plastic,0,HDPE Plastic,0.9969574213027954,0.9969574213027954,0.0008383688400499523,0.00015219305350910872,0.0018067253986373544,0.0002452805929351598
/Users/aswanathjs/Downloads/test10/ai_plastic_waste_management_training/LDPE Plastic/bubble_wrap/train_LDPE-74_jpg.rf.b03de73625af26694cd1313dc7ca2fc2.jpg,1,LDPE Plastic,1,LDPE Plastic,0.9821583032608032,0.0030975232366472483,0.9821583032608032,0.005829895380884409,0.0026631811633706093,0.006251114886254072
/Users/aswanathjs/Downloads/test10/ai_plastic_waste_management_training/PET Plastic/black_white_plastic_bottles/dgiys_jpg.rf.457a93e3e23c28a9ed6288c19a12d8b0.jpg,2,PET Plastic,2,PET Plastic,0.9939498901367188,0.0001748636714182794,0.004120477009564638,0.9939498901367188,0.0016125990077853203,0.0001421631604898721
/Users/aswanathjs/Downloads/test10/ai_plastic_waste_management_training/HDPE Plastic/shampoo_bottles/0075_a02b01c1d0e0f0g0h2.jpg,0,HDPE Plastic,0,HDPE Plastic,0.9721404910087585,0.9721404910087585,0.00039340194780379534,0.02389046549797058,0.0024114318657666445,0.0011642281897366047
/Users/aswanathjs/Downloads/test10/ai_plastic_waste_management_training/LDPE Plastic/plastic_bags/LDPE-301_jpg.rf.c5c75387dcc7b1879e02bf130568afb9.jpg,1,LDPE Plastic,1,LDPE Plastic,0.9945717453956604,0.0010356894927099347,0.9945717453956604,0.0018310119630768895,0.0015563934575766325,0.0010051635326817632
/Users/aswanathjs/Downloads/test10/ai_plastic_waste_management_training/PP Plastic/round_containers/IMG_20220209_174715.jpg,3,PP Plastic,3,PP Plastic,0.7302430868148804,0.018911514431238174,0.013341675512492657,0.22299133241176605,0.7302430868148804,0.014512467198073864
"/Users/aswanathjs/Downloads/test10/ai_plastic_waste_management_training/PET Plastic/plastic_bottles/PET1,740.jpg",2,PET Plastic,2,PET Plastic,0.9980362057685852,0.000793760409578681,5.9851074183825403e-05,0.9980362057685852,0.0010618821252137423,4.83223375340458e-05
"/Users/aswanathjs/Downloads/test10/ai_plastic_waste_management_training/PET Plastic/plastic_bottles/PET1,773.jpg",2,PET Plastic,2,PET Plastic,0.9908679723739624,0.004914987366646528,0.0003290552122052759,0.9908679723739624,0.003295971779152751,0.0005919910618104041
/Users/aswanathjs/Downloads/test10/ai_plastic_waste_management_training/PP Plastic/round_containers/0035_a06b01c1d0e0f0g0h2.jpg,3,PP Plastic,3,PP Plastic,0.9983007311820984,0.0014643570175394416,3.9492097130278125e-06,0.00013646816660184413,0.9983007311820984,9.449926437810063e-05
/Users/aswanathjs/Downloads/test10/ai_plastic_waste_management_training/PP Plastic/round_containers_grey/0035_a06b01c1d0e0f0g0h2.jpg,3,PP Plastic,3,PP Plastic,0.9895511269569397,0.0066651455126702785,0.00012568790407385677,0.003194809192791581,0.9895511269569397,0.00046329101314768195
/Users/aswanathjs/Downloads/test10/ai_plastic_waste_management_training/LDPE Plastic/plastic_bags/plasticbag (50).jpg,1,LDPE Plastic,1,LDPE Plastic,0.9784310460090637,0.005303907673805952,0.9784310460090637,0.0014993631048128009,0.009759868495166302,0.005005793180316687
"/Users/aswanathjs/Downloads/test10/ai_plastic_waste_management_training/PET Plastic/plastic_bottles/PET1,739.jpg",2,PET Plastic,2,PET Plastic,0.9987702965736389,0.0005249372916296124,8.792521839495748e-05,0.9987702965736389,0.000544276786968112,7.247230678331107e-05
/Users/aswanathjs/Downloads/test10/ai_plastic_waste_management_training/HDPE Plastic/detergent_bottles/P_W (490).jpg,0,HDPE Plastic,0,HDPE Plastic,0.9990153312683105,0.9990153312683105,1.2423313819454052e-05,0.0008148251217789948,0.00011536366946529597,4.2028888856293634e-05
/Users/aswanathjs/Downloads/test10/ai_plastic_waste_management_training/PP Plastic/round_containers/0032_a05b01c1d1e0f0g0h0.jpg,3,PP Plastic,3,PP Plastic,0.9938732385635376,0.0013605591375380754,0.0009021803271025419,0.001005008933134377,0.9938732385635376,0.002858976600691676
/Users/aswanathjs/Downloads/test10/ai_plastic_waste_management_training/HDPE Plastic/shampoo_bottles/0023_a02b01c1d0e0f1g0h1.jpg,0,HDPE Plastic,0,HDPE Plastic,0.7049411535263062,0.7049411535263062,7.240385457407683e-05,0.01643308624625206,0.27776142954826355,0.0007919299532659352
/Users/aswanathjs/Downloads/test10/ai_plastic_waste_management_training/HDPE Plastic/shampoo_bottles/0078_a02b07c1d0e0f1g0h3.jpg,0,HDPE Plastic,0,HDPE Plastic,0.999884843826294,0.999884843826294,1.992865009015077e-06,5.122431684867479e-05,4.9579750339034945e-05,1.2288373909541406e-05
/Users/aswanathjs/Downloads/test10/ai_plastic_waste_management_training/HDPE Plastic/detergent_bottles/0062_a02b05c2d3e0f1g1h4.jpg,0,HDPE Plastic,0,HDPE Plastic,0.9963580965995789,0.9963580965995789,6.365801527863368e-05,0.001374375307932496,0.0019263367867097259,0.00027751829475164413
/Users/aswanathjs/Downloads/test10/ai_plastic_waste_management_training/PET Plastic/shampoo_bottles/0050_a05b00c1d1e1f1g0h0.jpg,2,PET Plastic,2,PET Plastic,0.9230491518974304,0.07279078662395477,0.0004559946828521788,0.9230491518974304,0.0030910749919712543,0.0006129216053523123
/Users/aswanathjs/Downloads/test10/ai_plastic_waste_management_training/HDPE Plastic/detergent_bottles/IMG_20220209_182708.jpg,0,HDPE Plastic,0,HDPE Plastic,0.8212107419967651,0.8212107419967651,0.0019864344503730536,0.0028771585784852505,0.15611015260219574,0.0178154855966568
/Users/aswanathjs/Downloads/test10/ai_plastic_waste_management_training/HDPE Plastic/detergent_botteles_grey/IMG_20220209_182708.jpg,0,HDPE Plastic,0,HDPE Plastic,0.9210947751998901,0.9210947751998901,0.007362982723861933,0.003025907324627042,0.049063220620155334,0.019453009590506554
"/Users/aswanathjs/Downloads/test10/ai_plastic_waste_management_training/PET Plastic/plastic_bottles/PET1,150.jpg",2,PET Plastic,2,PET Plastic,0.995970606803894,0.0033902074210345745,0.0002201583847636357,0.995970606803894,9.947221406036988e-05,0.0003195599711034447
/Users/aswanathjs/Downloads/test10/ai_plastic_waste_management_training/PS Plastic/foam_sheets/IMG_9340_JPG.rf.a80ca34b8b633e38a525cb7aeede7b51.jpg,4,PS Plastic,4,PS Plastic,0.4539563059806824,0.3743683397769928,0.0013283248990774155,0.13713353872299194,0.03321349248290062,0.4539563059806824
/Users/aswanathjs/Downloads/test10/ai_plastic_waste_management_training/PS Plastic/foam_sheets/IMG_9340_JPG.rf.e8e5eb41b46e694de3c84523410586c0.jpg,4,PS Plastic,4,PS Plastic,0.9101812243461609,0.055966950953006744,0.0005184898036532104,0.021346814930438995,0.011986500583589077,0.9101812243461609
/Users/aswanathjs/Downloads/test10/ai_plastic_waste_management_training/PS Plastic/foam_sheets/IMG_9340_JPG.rf.8e256bd9ecb0e99782e4302f9878ab2b.jpg,4,PS Plastic,4,PS Plastic,0.9868884682655334,0.005321370903402567,0.00048821934615261853,0.003165801055729389,0.004136181436479092,0.9868884682655334
/Users/aswanathjs/Downloads/test10/ai_plastic_waste_management_training/PP Plastic/round_containers/0095_a05b01c2d2e0f0g0h1.jpg,3,PP Plastic,3,PP Plastic,0.9910351634025574,0.008106952533125877,0.00013644612045027316,0.00041231539216823876,0.9910351634025574,0.0003090895770583302
/Users/aswanathjs/Downloads/test10/ai_plastic_waste_management_training/PET Plastic/black_white_plastic_bottles/covxa_jpg.rf.f6b2667c1ade57d376bbfce0bcc90aeb.jpg,2,PET Plastic,2,PET Plastic,0.9991084933280945,0.00022359730792231858,0.0003159208281431347,0.9991084933280945,7.444658695021644e-05,0.00027743401005864143
/Users/aswanathjs/Downloads/test10/ai_plastic_waste_management_training/PET Plastic/black_white_plastic_bottles/djcvk_jpg.rf.cf814c79b2c5f26937f6e62c2496b2fd.jpg,2,PET Plastic,2,PET Plastic,0.9999864101409912,7.5040743467980064e-06,6.572952315764269e-07,0.9999864101409912,4.78718811791623e-06,5.869131314284459e-07
/Users/aswanathjs/Downloads/test10/ai_plastic_waste_management_training/PP Plastic/irregular_containers/train_PP-100-_jpg.rf.215bd727abe9827eb83a316127942cf2.jpg,3,PP Plastic,3,PP Plastic,0.9702629446983337,0.00705516105517745,0.004510910250246525,0.006320379674434662,0.9702629446983337,0.011850656010210514
/Users/aswanathjs/Downloads/test10/ai_plastic_waste_management_training/PP Plastic/irregular_containers_grey/train_PP-100-_jpg.rf.215bd727abe9827eb83a316127942cf2.jpg,3,PP Plastic,3,PP Plastic,0.973170280456543,0.006731727160513401,0.003806395921856165,0.006845318246632814,0.973170280456543,0.009446250274777412
/Users/aswanathjs/Downloads/test10/ai_plastic_waste_management_training/PET Plastic/black_white_plastic_bottles/auyzb_jpg.rf.687a2542044f67af09abf65382200735.jpg,2,PET Plastic,2,PET Plastic,0.9998337030410767,6.373002543114126e-05,4.329182411311194e-05,0.9998337030410767,4.9666323320707306e-05,9.571248483553063e-06
/Users/aswanathjs/Downloads/test10/ai_plastic_waste_management_training/PP Plastic/irregular_containers/train_PP-81_jpg.rf.24e2302c408d56e674af5dac077ab150.jpg,3,PP Plastic,3,PP Plastic,0.9977235198020935,0.0005695236613973975,0.0005726891686208546,0.00023199376300908625,0.9977235198020935,0.0009022554731927812
/Users/aswanathjs/Downloads/test10/ai_plastic_waste_management_training/PET Plastic/shampoo_bottles/0015_a05b00c1d3e1f1g0h1.jpg,2,PET Plastic,3,PP Plastic,0.6762019991874695,0.1469908058643341,0.014055246487259865,0.1377745419740677,0.6762019991874695,0.02497737668454647
/Users/aswanathjs/Downloads/test10/ai_plastic_waste_management_training/LDPE Plastic/black_white__plastic_bags/0034_jpg.rf.26ca0fcc5c911fb2c3cac1b5da0ee1ff.jpg,1,LDPE Plastic,1,LDPE Plastic,0.8903607726097107,0.012112489901483059,0.8903607726097107,0.013516305945813656,0.05915893241763115,0.024851467460393906
/Users/aswanathjs/Downloads/test10/ai_plastic_waste_management_training/HDPE Plastic/milk_bottles/HDPEM94.jpg,0,HDPE Plastic,0,HDPE Plastic,0.9997403025627136,0.9997403025627136,3.7459048485288804e-07,7.645940058864653e-05,0.00014258665032684803,4.01488141505979e-05
/Users/aswanathjs/Downloads/test10/ai_plastic_waste_management_training/PS Plastic/foam_containers/styrofoam-131-_jpg.rf.8c14e88f26aa0d398ec71ed405184149.jpg,4,PS Plastic,4,PS Plastic,0.9925671815872192,0.0005031157052144408,0.00017116457456722856,0.00012413313379511237,0.006634408608078957,0.9925671815872192
/Users/aswanathjs/Downloads/test10/ai_plastic_waste_management_training/PS Plastic/form_containers_grey/styrofoam-346-_jpg.rf.25ab32044f366c9fde2570647dbbea81.jpg,4,PS Plastic,2,PET Plastic,0.5930439829826355,0.015439515933394432,0.03284689038991928,0.5930439829826355,0.1794104278087616,0.17925919592380524
/Users/aswanathjs/Downloads/test10/ai_plastic_waste_management_training/PS Plastic/foam_containers/styrofoam-346-_jpg.rf.25ab32044f366c9fde2570647dbbea81.jpg,4,PS Plastic,4,PS Plastic,0.882133960723877,0.028150105848908424,0.015829218551516533,0.036408524960279465,0.037478137761354446,0.882133960723877
/Users/aswanathjs/Downloads/test10/ai_plastic_waste_management_training/PP Plastic/rectangle_containers/icecream.jpg,3,PP Plastic,3,PP Plastic,0.9923728108406067,0.00013549024879466742,2.1896836187806912e-05,0.0008928007446229458,0.9923728108406067,0.006577019114047289
/Users/aswanathjs/Downloads/test10/ai_plastic_waste_management_training/PP Plastic/rectangle_containers_grey/icecream.jpg,3,PP Plastic,3,PP Plastic,0.9762187600135803,0.0017414906760677695,9.034798858920112e-05,0.0038720814045518637,0.9762187600135803,0.018077338114380836
/Users/aswanathjs/Downloads/test10/ai_plastic_waste_management_training/LDPE Plastic/black_white__plastic_bags/0218_jpg.rf.e24bd1012b6b16f34d184e21b6ddceaf.jpg,1,LDPE Plastic,1,LDPE Plastic,0.9904571175575256,0.0025991047732532024,0.9904571175575256,0.0024581761099398136,0.002865575021132827,0.0016200762474909425
/Users/aswanathjs/Downloads/test10/ai_plastic_waste_management_training/HDPE Plastic/detergent_bottles/0010_a02b01c1d0e0f1g0h4.jpg,0,HDPE Plastic,0,HDPE Plastic,0.995006799697876,0.995006799697876,7.582901616842719e-06,0.00032892904710024595,0.004588414914906025,6.818451220169663e-05
/Users/aswanathjs/Downloads/test10/ai_plastic_waste_management_training/HDPE Plastic/detergent_botteles_grey/0010_a02b01c1d0e0f1g0h4.jpg,0,HDPE Plastic,0,HDPE Plastic,0.9990894794464111,0.9990894794464111,1.698298547125887e-05,0.00012007367331534624,0.0007456425810232759,2.7815025532618165e-05
"/Users/aswanathjs/Downloads/test10/ai_plastic_waste_management_training/PET Plastic/plastic_bottles/PET1,690.jpg",2,PET Plastic,2,PET Plastic,0.9894932508468628,0.0032317708246409893,0.0019767943304032087,0.9894932508468628,0.0035346392542123795,0.0017636248376220465
/Users/aswanathjs/Downloads/test10/ai_plastic_waste_management_training/HDPE Plastic/shampoo_bottles/0061_a02b01c2d0e0f1g0h0(1).jpg,0,HDPE Plastic,0,HDPE Plastic,0.9901691675186157,0.9901691675186157,0.0005481667467392981,0.007107652723789215,0.0010048641124740243,0.0011702232295647264
/Users/aswanathjs/Downloads/test10/ai_plastic_waste_management_training/PET Plastic/plastic_bottles/PET543.jpg,2,PET Plastic,2,PET Plastic,0.9995524287223816,0.00016464089276269078,6.16901961620897e-05,0.9995524287223816,0.00017226464115083218,4.901897409581579e-05
/Users/aswanathjs/Downloads/test10/ai_plastic_waste_management_training/LDPE Plastic/plastic_bags/LDPE-608_jpg.rf.bc480679bf094d683586223c8e41ccc2.jpg,1,LDPE Plastic,1,LDPE Plastic,0.9977684020996094,0.0005212100804783404,0.9977684020996094,0.0005986763280816376,0.00044980162056162953,0.0006619018386118114
/Users/aswanathjs/Downloads/test10/ai_plastic_waste_management_training/PP Plastic/irregular_containers/train_PP-69-_jpg.rf.63480605af3c69707fa4e7c025f644bc.jpg,3,PP Plastic,3,PP Plastic,0.8533218502998352,0.09965777397155762,0.022005049511790276,0.008348126895725727,0.8533218502998352,0.016667235642671585
/Users/aswanathjs/Downloads/test10/ai_plastic_waste_management_training/PP Plastic/irregular_containers_grey/train_PP-69-_jpg.rf.63480605af3c69707fa4e7c025f644bc.jpg,3,PP Plastic,3,PP Plastic,0.9485074281692505,0.014905856922268867,0.011254546232521534,0.01013247948139906,0.9485074281692505,0.015199790708720684
/Users/aswanathjs/Downloads/test10/ai_plastic_waste_management_training/PET Plastic/black_white_plastic_bottles/cbkto_jpg.rf.59a632f8d4d62e2303ec2f95d95cc764.jpg,2,PET Plastic,2,PET Plastic,0.9998958110809326,6.237008346943185e-05,8.923496352508664e-06,0.9998958110809326,2.4968299840111285e-05,7.982943316164892e-06
/Users/aswanathjs/Downloads/test10/ai_plastic_waste_management_training/PET Plastic/black_white_plastic_bottles/awyuj_jpg.rf.3b00d195bf7bcdad025dc24bf1f4adfa.jpg,2,PET Plastic,2,PET Plastic,0.9900017976760864,0.0006417636177502573,0.007506222929805517,0.9900017976760864,0.0012823002180084586,0.0005679400055669248
/Users/aswanathjs/Downloads/test10/ai_plastic_waste_management_training/HDPE Plastic/milk_bottles/HDPEM187.jpg,0,HDPE Plastic,0,HDPE Plastic,0.9986200332641602,0.9986200332641602,1.179640821646899e-05,0.0007650129264220595,0.0004686363972723484,0.00013451978156808764
/Users/aswanathjs/Downloads/test10/ai_plastic_waste_management_training/HDPE Plastic/detergent_bottles/0039_a02b01c2d0e0f1g0h0.jpg,0,HDPE Plastic,0,HDPE Plastic,0.9983882904052734,0.9983882904052734,2.5991683287429623e-05,0.0005977519322186708,0.0008685627835802734,0.00011950918269576505
/Users/aswanathjs/Downloads/test10/ai_plastic_waste_management_training/PET Plastic/shampoo_bottles/0100_a05b00c1d2e0f0g0h1.jpg,2,PET Plastic,2,PET Plastic,0.9821609258651733,0.001021278672851622,0.002038754755631089,0.9821609258651733,0.013779186643660069,0.0009997544111683965
/Users/aswanathjs/Downloads/test10/ai_plastic_waste_management_training/PS Plastic/foam_containers/styrofoam-108-_jpg.rf.4b94e52bc8d1e14a610090dcb2fb6412.jpg,4,PS Plastic,4,PS Plastic,0.9680343270301819,0.020452693104743958,0.0022071953862905502,6.0639064031420276e-05,0.009245211258530617,0.9680343270301819
/Users/aswanathjs/Downloads/test10/ai_plastic_waste_management_training/HDPE Plastic/milk_bottles/P_W (1324).jpg,0,HDPE Plastic,0,HDPE Plastic,0.9999474287033081,0.9999474287033081,1.9658212124795682e-07,1.8921963373941253e-07,4.7655041271355e-05,4.559763056022348e-06
/Users/aswanathjs/Downloads/test10/ai_plastic_waste_management_training/PET Plastic/black_white_plastic_bottles/dqpgm_jpg.rf.58af9b574f6b13fa300ca9e01ee97f08.jpg,2,PET Plastic,2,PET Plastic,0.9987479448318481,4.3472733523231e-05,0.0005077256937511265,0.9987479448318481,0.0006605838425457478,4.021233689854853e-05
/Users/aswanathjs/Downloads/test10/ai_plastic_waste_management_training/PET Plastic/plastic_bottles/PET687.jpg,2,PET Plastic,2,PET Plastic,0.9998618364334106,2.7468202461022884e-05,2.6894183974945918e-05,0.9998618364334106,7.07001963746734e-05,1.3087218576401938e-05
/Users/aswanathjs/Downloads/test10/ai_plastic_waste_management_training/PET Plastic/black_white_plastic_bottles/crfyo_jpg.rf.00f97a71a6652c6ed2a58f9397f1f15e.jpg,2,PET Plastic,2,PET Plastic,0.9941658973693848,0.00046619412023574114,0.00288718962110579,0.9941658973693848,0.002182668074965477,0.0002980334684252739
/Users/aswanathjs/Downloads/test10/ai_plastic_waste_management_training/HDPE Plastic/shampoo_bottles/0076_a02b06c1d0e0f1g0h4.jpg,0,HDPE Plastic,0,HDPE Plastic,0.9988400340080261,0.9988400340080261,1.605029137863312e-05,0.00039942219154909253,0.0007121034432202578,3.2473755709361285e-05
/Users/aswanathjs/Downloads/test10/ai_plastic_waste_management_training/HDPE Plastic/shampoo_bottles/0075_a02b01c1d0e0f0g0h0.jpg,0,HDPE Plastic,0,HDPE Plastic,0.9969279170036316,0.9969279170036316,8.484275895170867e-06,0.0009779190877452493,0.002066628076136112,1.896548565127887e-05
/Users/aswanathjs/Downloads/test10/ai_plastic_waste_management_training/HDPE Plastic/milk_bottles/HDPEM132.jpg,0,HDPE Plastic,0,HDPE Plastic,0.9999731779098511,0.9999731779098511,4.1730893940439273e-07,7.801218089298345e-06,1.1192199053766672e-05,7.539317266491707e-06
/Users/aswanathjs/Downloads/test10/ai_plastic_waste_management_training/HDPE Plastic/milk_bottles_grey/HDPEM132.jpg,0,HDPE Plastic,0,HDPE Plastic,0.9969436526298523,0.9969436526298523,0.0006252576131373644,0.0003325142024550587,0.0009910977678373456,0.0011074403300881386
/Users/aswanathjs/Downloads/test10/ai_plastic_waste_management_training/PP Plastic/round_containers/IMG_20220209_174359.jpg,3,PP Plastic,3,PP Plastic,0.9846771955490112,0.0021452484652400017,0.002515362575650215,0.0022514292504638433,0.9846771955490112,0.008410759270191193
/Users/aswanathjs/Downloads/test10/ai_plastic_waste_management_training/LDPE Plastic/plastic_bags/LDPE-544_jpg.rf.0addfb54e9029220701dd0da301d544b.jpg,1,LDPE Plastic,1,LDPE Plastic,0.9971470236778259,0.0006715004565194249,0.9971470236778259,0.0006709371809847653,0.000601289386395365,0.0009092729887925088
/Users/aswanathjs/Downloads/test10/ai_plastic_waste_management_training/PET Plastic/black_white_plastic_bottles/adylz_jpg.rf.586862c45a7114ce3bae7b42c7e4c409.jpg,2,PET Plastic,2,PET Plastic,0.9775201678276062,0.0026723628398030996,0.010780973359942436,0.9775201678276062,0.0062370914965868,0.0027894116938114166
/Users/aswanathjs/Downloads/test10/ai_plastic_waste_management_training/HDPE Plastic/shampoo_bottles/0076_a02b06c1d2e0f1g0h2.jpg,0,HDPE Plastic,0,HDPE Plastic,0.9987474679946899,0.9987474679946899,0.00012281379895284772,0.00035535896313376725,0.0007053841254673898,6.895040860399604e-05
/Users/aswanathjs/Downloads/test10/ai_plastic_waste_management_training/PP Plastic/round_containers/0031_a05b01c1d3e0f0g0h3.jpg,3,PP Plastic,3,PP Plastic,0.9962933659553528,0.0033044402953237295,5.181345113669522e-05,0.00024105848569888622,0.9962933659553528,0.00010938999184872955
/Users/aswanathjs/Downloads/test10/ai_plastic_waste_management_training/PP Plastic/round_containers_grey/0031_a05b01c1d3e0f0g0h3.jpg,3,PP Plastic,3,PP Plastic,0.9588794112205505,0.039100393652915955,0.0006408481276594102,0.0010483145015314221,0.9588794112205505,0.0003310419851914048
/Users/aswanathjs/Downloads/test10/ai_plastic_waste_management_training/LDPE Plastic/plastic_bags/LDPE-236_jpg.rf.af950e6cc55420ba3610337efc5f705b.jpg,1,LDPE Plastic,1,LDPE Plastic,0.985401451587677,0.0033804981503635645,0.985401451587677,0.0033342326059937477,0.0032082097604870796,0.004675623029470444
/Users/aswanathjs/Downloads/test10/ai_plastic_waste_management_training/PET Plastic/plastic_bottles/PET654.jpg,2,PET Plastic,2,PET Plastic,0.9991518259048462,0.00011853830073960125,6.510078674182296e-05,0.9991518259048462,0.0005673130508512259,9.717553621158004e-05
/Users/aswanathjs/Downloads/test10/ai_plastic_waste_management_training/LDPE Plastic/plastic_bags/LDPE-263_jpg.rf.8b05ef5c26392751e6821e33c0c2fe14.jpg,1,LDPE Plastic,1,LDPE Plastic,0.9975861310958862,0.00036287997500039637,0.9975861310958862,0.0006090864189900458,0.0007779160514473915,0.0006640264764428139
/Users/aswanathjs/Downloads/test10/ai_plastic_waste_management_training/LDPE Plastic/plastic_bags/plasticbag (139).jpg,1,LDPE Plastic,1,LDPE Plastic,0.934804379940033,0.014141612686216831,0.934804379940033,0.01187664084136486,0.026004955172538757,0.013172503560781479
/Users/aswanathjs/Downloads/test10/ai_plastic_waste_management_training/PET Plastic/plastic_bottles/PET701.jpg,2,PET Plastic,2,PET Plastic,0.9998100399971008,3.360573100508191e-05,3.83297519874759e-05,0.9998100399971008,9.2533984570764e-05,2.551126090111211e-05
/Users/aswanathjs/Downloads/test10/ai_plastic_waste_management_training/PET Plastic/plastic_bottles/PET954.jpg,2,PET Plastic,2,PET Plastic,0.9997931122779846,8.37269180919975e-05,6.808596026530722e-06,0.9997931122779846,7.51708066673018e-05,4.116648051422089e-05
/Users/aswanathjs/Downloads/test10/ai_plastic_waste_management_training/HDPE Plastic/shampoo_bottles/0023_a02b01c2d1e0f1g0h1.jpg,0,HDPE Plastic,0,HDPE Plastic,0.9843466281890869,0.9843466281890869,2.0149485862930305e-05,0.001284499652683735,0.014021707698702812,0.00032696034759283066
/Users/aswanathjs/Downloads/test10/ai_plastic_waste_management_training/HDPE Plastic/detergent_bottles/Image_182.png,0,HDPE Plastic,0,HDPE Plastic,0.9962292313575745,0.9962292313575745,0.0009548128582537174,0.0005947986501269042,0.0011187223717570305,0.001102394424378872
/Users/aswanathjs/Downloads/test10/ai_plastic_waste_management_training/PP Plastic/square_containers/Image_182.png,0,HDPE Plastic,3,PP Plastic,0.7301247119903564,0.020367328077554703,0.18491561710834503,0.013304954394698143,0.7301247119903564,0.05128735676407814
/Users/aswanathjs/Downloads/test10/ai_plastic_waste_management_training/PS Plastic/foam_containers/Image_182.png,0,HDPE Plastic,3,PP Plastic,0.30555692315101624,0.07298112660646439,0.29598572850227356,0.03275168687105179,0.30555692315101624,0.2927245497703552
/Users/aswanathjs/Downloads/test10/ai_plastic_waste_management_training/HDPE Plastic/milk_bottles/HDPEM41.jpg,0,HDPE Plastic,0,HDPE Plastic,0.9870883226394653,0.9870883226394653,0.002022916916757822,0.0017542142886668444,0.002937568351626396,0.006196956615895033
"/Users/aswanathjs/Downloads/test10/ai_plastic_waste_management_training/PET Plastic/plastic_bottles/PET1,601.jpg",2,PET Plastic,2,PET Plastic,0.7859009504318237,0.012074573896825314,0.0484759658575058,0.7859009504318237,0.1355191022157669,0.018029363825917244
/Users/aswanathjs/Downloads/test10/ai_plastic_waste_management_training/PET Plastic/black_white_plastic_bottles/cnvse_jpg.rf.64d7c70b3bbc567c401c577cead38689.jpg,2,PET Plastic,2,PET Plastic,0.9962134957313538,0.0016134863253682852,0.0006997177260927856,0.9962134957313538,0.0012084119953215122,0.00026494235498830676
/Users/aswanathjs/Downloads/test10/ai_plastic_waste_management_training/PS Plastic/foam_sheets/PS-577_jpg.rf.0f7321bf2d1a85dd6303517b50eb3ecc.jpg,4,PS Plastic,4,PS Plastic,0.9973053932189941,0.0002725556551013142,0.0016171367606148124,0.00025395728880539536,0.0005508482572622597,0.9973053932189941
"/Users/aswanathjs/Downloads/test10/ai_plastic_waste_management_training/PET Plastic/plastic_bottles/PET1,338.jpg",2,PET Plastic,2,PET Plastic,0.998172402381897,0.0013989342842251062,1.2957572835148312e-05,0.998172402381897,0.0003671172307804227,4.8568545025773346e-05
/Users/aswanathjs/Downloads/test10/ai_plastic_waste_management_training/PET Plastic/shampoo_bottles/0080_a05b00c2d2e0f1g0h1.jpg,2,PET Plastic,2,PET Plastic,0.9995429515838623,0.00015155387518461794,1.201081204271759e-06,0.9995429515838623,0.00027059996500611305,3.373953950358555e-05
/Users/aswanathjs/Downloads/test10/ai_plastic_waste_management_training/HDPE Plastic/detergent_bottles/0096_a02b04c2d3e0f0g0h2.jpg,0,HDPE Plastic,0,HDPE Plastic,0.9868173003196716,0.9868173003196716,9.857842815108597e-05,0.0005491802003234625,0.012452150695025921,8.279353642137721e-05
/Users/aswanathjs/Downloads/test10/ai_plastic_waste_management_training/PS Plastic/foam_containers/0058_a06b01c1d2e0f0g0h1.jpg,4,PS Plastic,4,PS Plastic,0.9984709620475769,8.411599264945835e-05,5.4078089306131005e-05,2.134977148671169e-05,0.001369438716210425,0.9984709620475769
/Users/aswanathjs/Downloads/test10/ai_plastic_waste_management_training/PP Plastic/round_containers/Image_169.png,3,PP Plastic,3,PP Plastic,0.5020493268966675,0.047395408153533936,0.3258412778377533,0.06508845090866089,0.5020493268966675,0.059625498950481415
/Users/aswanathjs/Downloads/test10/ai_plastic_waste_management_training/PS Plastic/foam_containers/Image_169.png,3,PP Plastic,4,PS Plastic,0.5584545135498047,0.06119279935956001,0.12320510298013687,0.02390284650027752,0.23324480652809143,0.5584545135498047
/Users/aswanathjs/Downloads/test10/ai_plastic_waste_management_training/HDPE Plastic/shampoo_bottles/0077_a02b01c2d1e0f1g0h0.jpg,0,HDPE Plastic,0,HDPE Plastic,0.9963656663894653,0.9963656663894653,9.623290679883212e-05,0.001505586551502347,0.00158939219545573,0.00044301390880718827
/Users/aswanathjs/Downloads/test10/ai_plastic_waste_management_training/PET Plastic/black_white_plastic_bottles/chvzj_jpg.rf.8b6b4dbb12e665aade2009abb1a341cb.jpg,2,PET Plastic,2,PET Plastic,0.9917173981666565,0.0003117237938567996,0.007343815173953772,0.9917173981666565,0.0005116281099617481,0.00011542253923835233
/Users/aswanathjs/Downloads/test10/ai_plastic_waste_management_training/PET Plastic/black_white_plastic_bottles/bndsc_jpg.rf.0a5d14585223bd5e5ddaf342ca5d6e64.jpg,2,PET Plastic,2,PET Plastic,0.9955928921699524,0.0003086340148001909,0.0027914794627577066,0.9955928921699524,0.0007404595380648971,0.0005665587959811091
/Users/aswanathjs/Downloads/test10/ai_plastic_waste_management_training/HDPE Plastic/shampoo_bottles/0065_a02b03c2d0e0f1g0h0.jpg,0,HDPE Plastic,0,HDPE Plastic,0.9964286684989929,0.9964286684989929,0.00018596996960695833,0.0015417783288285136,0.0008833101019263268,0.0009602465433999896
/Users/aswanathjs/Downloads/test10/ai_plastic_waste_management_training/PET Plastic/plastic_bottles/PET741.jpg,2,PET Plastic,2,PET Plastic,0.9997678399085999,0.00017386772378813475,5.454312940855743e-06,0.9997678399085999,2.8693417334579863e-05,2.410110755590722e-05
/Users/aswanathjs/Downloads/test10/ai_plastic_waste_management_training/PET Plastic/black_white_plastic_bottles/adrfp_jpg.rf.9b4728a76181136be3307a4f752c179d.jpg,2,PET Plastic,2,PET Plastic,0.9813808798789978,0.007698022294789553,0.0008782332297414541,0.9813808798789978,0.009304387494921684,0.0007384492782875896
/Users/aswanathjs/Downloads/test10/ai_plastic_waste_management_training/LDPE Plastic/bubble_wrap/train_LDPE-98_jpg.rf.349b801007fcdb1709c9615f227cbd9e.jpg,1,LDPE Plastic,1,LDPE Plastic,0.9841433763504028,0.0015022908337414265,0.9841433763504028,0.005357648711651564,0.004787291865795851,0.0042093670926988125
"/Users/aswanathjs/Downloads/test10/ai_plastic_waste_management_training/PET Plastic/plastic_bottles/PET1,435.jpg",2,PET Plastic,2,PET Plastic,0.9988823533058167,0.00047219169209711254,3.87271138606593e-05,0.9988823533058167,0.0004040764761157334,0.0002025592402787879
/Users/aswanathjs/Downloads/test10/ai_plastic_waste_management_training/PET Plastic/black_white_plastic_bottles/acorb_jpg.rf.e449613a8d8c4838cffe300f77a191d3.jpg,2,PET Plastic,2,PET Plastic,0.999735414981842,0.00011906061990885064,7.928266131784767e-05,0.999735414981842,3.947001096094027e-05,2.6759978936752304e-05
/Users/aswanathjs/Downloads/test10/ai_plastic_waste_management_training/HDPE Plastic/milk_bottles/HDPEM419.jpg,0,HDPE Plastic,0,HDPE Plastic,0.9963782429695129,0.9963782429695129,0.00019461418560240418,0.00016028934624046087,0.0030434406362473965,0.00022339433780871332
/Users/aswanathjs/Downloads/test10/ai_plastic_waste_management_training/LDPE Plastic/black_white__plastic_bags/0127_jpg.rf.e0a944e1ce1e97308374a8d04e90b773.jpg,1,LDPE Plastic,1,LDPE Plastic,0.9932709336280823,0.0006881183362565935,0.9932709336280823,0.0015091876266524196,0.0027712779119610786,0.0017604491440579295
/Users/aswanathjs/Downloads/test10/ai_plastic_waste_management_training/HDPE Plastic/detergent_bottles/0062_a02b05c1d0e0f1g1h3.jpg,0,HDPE Plastic,0,HDPE Plastic,0.9983899593353271,0.9983899593353271,4.198159513180144e-05,0.0008760745986364782,0.0006049749790690839,8.703618368599564e-05
/Users/aswanathjs/Downloads/test10/ai_plastic_waste_management_training/HDPE Plastic/detergent_botteles_grey/0062_a02b05c1d0e0f1g1h3.jpg,0,HDPE Plastic,0,HDPE Plastic,0.9738366007804871,0.9738366007804871,0.00021622572967316955,0.022440513595938683,0.002758684800937772,0.0007479205960407853
/Users/aswanathjs/Downloads/test10/ai_plastic_waste_management_training/PET Plastic/black_white_plastic_bottles/bktql_jpg.rf.306bcfeddd2b7c2e5c1f1219514fd16e.jpg,2,PET Plastic,2,PET Plastic,0.9888073205947876,0.008499868214130402,0.0008383861859329045,0.9888073205947876,0.000871382188051939,0.000983117031864822
/Users/aswanathjs/Downloads/test10/ai_plastic_waste_management_training/HDPE Plastic/detergent_bottles/IMG_20220209_182721.jpg,0,HDPE Plastic,0,HDPE Plastic,0.9618484973907471,0.9618484973907471,0.002746150130406022,0.001810033107176423,0.030429966747760773,0.0031653514597564936
/Users/aswanathjs/Downloads/test10/ai_plastic_waste_management_training/PP Plastic/irregular_containers/train_PP-69_jpg.rf.f12708527c83cb98ba92d9407a2162ba.jpg,3,PP Plastic,3,PP Plastic,0.9586499333381653,0.004957129713147879,0.020278114825487137,0.0016868937527760863,0.9586499333381653,0.014427906833589077
/Users/aswanathjs/Downloads/test10/ai_plastic_waste_management_training/PET Plastic/plastic_bottles/PET342.jpg,2,PET Plastic,2,PET Plastic,0.9981764554977417,0.0012057056883350015,0.0002554880047682673,0.9981764554977417,0.00025279365945607424,0.00010950220166705549
/Users/aswanathjs/Downloads/test10/ai_plastic_waste_management_training/PET Plastic/shampoo_bottles/0015_a05b00c1d0e1f1g0h4.jpg,2,PET Plastic,2,PET Plastic,0.9597294926643372,0.001532393740490079,0.00024636523448862135,0.9597294926643372,0.037773847579956055,0.0007179456297308207
/Users/aswanathjs/Downloads/test10/ai_plastic_waste_management_training/LDPE Plastic/plastic_bags_grey/LDPE-447_jpg.rf.8489b29246553f393bf14b4321cb5732.jpg,1,LDPE Plastic,1,LDPE Plastic,0.9930188059806824,0.0015322804683819413,0.9930188059806824,0.0017672572284936905,0.0023873348254710436,0.0012943181209266186
/Users/aswanathjs/Downloads/test10/ai_plastic_waste_management_training/LDPE Plastic/plastic_bags/LDPE-447_jpg.rf.8489b29246553f393bf14b4321cb5732.jpg,1,LDPE Plastic,1,LDPE Plastic,0.9918259382247925,0.0014432031894102693,0.9918259382247925,0.0022476643789559603,0.0030140099115669727,0.0014691171236336231
/Users/aswanathjs/Downloads/test10/ai_plastic_waste_management_training/HDPE Plastic/shampoo_bottles/0099_a02b01c2d1e0f1g0h0.jpg,0,HDPE Plastic,0,HDPE Plastic,0.9999945163726807,0.9999945163726807,7.67056036465874e-08,3.5947934975411044e-06,2.8960761255802936e-07,1.5227891481117695e-06
/Users/aswanathjs/Downloads/test10/ai_plastic_waste_management_training/PET Plastic/black_white_plastic_bottles/akzng_jpg.rf.21d247b0e30e78e591ebc1d877491577.jpg,2,PET Plastic,2,PET Plastic,0.999697208404541,7.934157474664971e-05,3.937992005376145e-05,0.999697208404541,0.00010406650835648179,7.993862527655438e-05
/Users/aswanathjs/Downloads/test10/ai_plastic_waste_management_training/LDPE Plastic/plastic_bags/LDPE-20_jpg.rf.11c02bd571c93febe489b313f408ab91.jpg,1,LDPE Plastic,1,LDPE Plastic,0.9695359468460083,0.0063667562790215015,0.9695359468460083,0.009135386906564236,0.003520984435454011,0.011440997943282127
/Users/aswanathjs/Downloads/test10/ai_plastic_waste_management_training/PS Plastic/foam_containers/Image_117.png,4,PS Plastic,1,LDPE Plastic,0.34175074100494385,0.06297983229160309,0.34175074100494385,0.038031019270420074,0.23367232084274292,0.32356616854667664
/Users/aswanathjs/Downloads/test10/ai_plastic_waste_management_training/LDPE Plastic/plastic_bags/LDPE-473_jpg.rf.1d1060071a4ab7aa75396424077fc86d.jpg,1,LDPE Plastic,1,LDPE Plastic,0.9910150170326233,0.002197880297899246,0.9910150170326233,0.0016781882150098681,0.0034591497387737036,0.0016497393371537328
/Users/aswanathjs/Downloads/test10/ai_plastic_waste_management_training/HDPE Plastic/shampoo_bottles/0063_a02b01c2d3e0f1g1h4.jpg,0,HDPE Plastic,0,HDPE Plastic,0.9994831085205078,0.9994831085205078,1.0723857712946483e-06,0.0003301757387816906,0.00015526941569987684,3.042581374756992e-05
"/Users/aswanathjs/Downloads/test10/ai_plastic_waste_management_training/PET Plastic/plastic_bottles/PET1,151.jpg",2,PET Plastic,2,PET Plastic,0.9993201494216919,0.0003945143544115126,7.082267256919295e-05,0.9993201494216919,0.00010609053424559534,0.00010845901852007955
/Users/aswanathjs/Downloads/test10/ai_plastic_waste_management_training/PET Plastic/shampoo_bottles/0100_a05b00c1d1e0f0g0h3.jpg,2,PET Plastic,2,PET Plastic,0.9962230920791626,0.0003207041590940207,0.00015688846178818494,0.9962230920791626,0.0025513276923447847,0.0007480469648726285
/Users/aswanathjs/Downloads/test10/ai_plastic_waste_management_training/PET Plastic/black_white_plastic_bottles/dosve_jpg.rf.2a18163ce9975fcd0badc62b60d42090.jpg,2,PET Plastic,2,PET Plastic,0.9999479055404663,1.3939820746600162e-05,2.173644816139131e-06,0.9999479055404663,2.891845906560775e-05,7.034252575977007e-06
"/Users/aswanathjs/Downloads/test10/ai_plastic_waste_management_training/PET Plastic/plastic_bottles/PET1,131.jpg",2,PET Plastic,2,PET Plastic,0.9980860948562622,0.001057049841620028,0.000289574614726007,0.9980860948562622,0.0005236142897047102,4.3688094592653215e-05
/Users/aswanathjs/Downloads/test10/ai_plastic_waste_management_training/HDPE Plastic/shampoo_bottles/0076_a02b06c1d0e0f1g0h1.jpg,0,HDPE Plastic,0,HDPE Plastic,0.9995335340499878,0.9995335340499878,9.735659659781959e-06,0.00026716114371083677,0.0001644839794607833,2.516280801501125e-05
/Users/aswanathjs/Downloads/test10/ai_plastic_waste_management_training/HDPE Plastic/shampoo_bottles/0061_a02b01c1d2e0f1g0h2.jpg,0,HDPE Plastic,0,HDPE Plastic,0.9981796741485596,0.9981796741485596,3.405938059586333e-06,0.0017377210315316916,5.9909591072937474e-05,1.9260303815826774e-05
/Users/aswanathjs/Downloads/test10/ai_plastic_waste_management_training/PET Plastic/plastic_bottles/PET422.jpg,2,PET Plastic,2,PET Plastic,0.9998981952667236,8.642592001706362e-05,3.32714625983499e-06,0.9998981952667236,5.620219781121705e-06,6.424058938137023e-06
/Users/aswanathjs/Downloads/test10/ai_plastic_waste_management_training/PP Plastic/irregular_containers/train_PP-71-_jpg.rf.85a506106e44decf66e916e6092d9180.jpg,3,PP Plastic,3,PP Plastic,0.9510931372642517,0.0069178082048892975,0.009038231335580349,0.021578283980488777,0.9510931372642517,0.011372535489499569
/Users/aswanathjs/Downloads/test10/ai_plastic_waste_management_training/PP Plastic/irregular_containers_grey/train_PP-71-_jpg.rf.85a506106e44decf66e916e6092d9180.jpg,3,PP Plastic,3,PP Plastic,0.958914041519165,0.0051303524523973465,0.004898815881460905,0.021199967712163925,0.958914041519165,0.009856853634119034
"/Users/aswanathjs/Downloads/test10/ai_plastic_waste_management_training/PET Plastic/plastic_bottles/PET1,202.jpg",2,PET Plastic,2,PET Plastic,0.9937220215797424,0.004452117253094912,0.00044306868221610785,0.9937220215797424,0.0005964915617369115,0.0007862703641876578
/Users/aswanathjs/Downloads/test10/ai_plastic_waste_management_training/PET Plastic/black_white_plastic_bottles/dboyc_jpg.rf.5bbb77236a3b469ddc70694890e14b0c.jpg,2,PET Plastic,2,PET Plastic,0.9999330043792725,3.5160104744136333e-05,2.6925956717605004e-06,0.9999330043792725,2.4266755644930527e-05,4.901984539174009e-06
/Users/aswanathjs/Downloads/test10/ai_plastic_waste_management_training/LDPE Plastic/black_white__plastic_bags/0302_jpg.rf.a75c2d08c041b99926fe01943a0a5b7e.jpg,1,LDPE Plastic,1,LDPE Plastic,0.9973328113555908,0.0006203659577295184,0.9973328113555908,0.0007672575302422047,0.0008488345774821937,0.000430663232691586
/Users/aswanathjs/Downloads/test10/ai_plastic_waste_management_training/PS Plastic/foam_sheets/PS-783_jpg.rf.cc0cc21bc15e0d56433b30fe330ce637.jpg,4,PS Plastic,4,PS Plastic,0.9926642179489136,0.0008838730282150209,0.0035941265523433685,0.0007781212916597724,0.002079707570374012,0.9926642179489136
/Users/aswanathjs/Downloads/test10/ai_plastic_waste_management_training/PET Plastic/black_white_plastic_bottles/aetry_jpg.rf.b5e1eaadd7763696ab49a91db47b058f.jpg,2,PET Plastic,2,PET Plastic,0.9872162938117981,0.0014632664388045669,0.006575885694473982,0.9872162938117981,0.0039797332137823105,0.0007648071623407304
/Users/aswanathjs/Downloads/test10/ai_plastic_waste_management_training/HDPE Plastic/milk_bottles/HDPEM192.jpg,0,HDPE Plastic,0,HDPE Plastic,0.9999676942825317,0.9999676942825317,1.132511400214753e-07,1.3716216017201077e-05,1.4864593140373472e-05,3.6006260870635742e-06
/Users/aswanathjs/Downloads/test10/ai_plastic_waste_management_training/LDPE Plastic/plastic_bags/LDPE-397_jpg.rf.94bd49d12ad50fccfa3fd215d6f79e09.jpg,1,LDPE Plastic,1,LDPE Plastic,0.9953294992446899,0.00021701439982280135,0.9953294992446899,0.0005177707644179463,0.0017089481698349118,0.002226779004558921
/Users/aswanathjs/Downloads/test10/ai_plastic_waste_management_training/LDPE Plastic/plastic_bags/test_LDPE-62_jpg.rf.9a8adf66c013155ce4b48a1e565aaedd.jpg,1,LDPE Plastic,1,LDPE Plastic,0.9925673007965088,0.001842233119532466,0.9925673007965088,0.0017076937947422266,0.001771782641299069,0.0021110514644533396
/Users/aswanathjs/Downloads/test10/ai_plastic_waste_management_training/PS Plastic/foam_sheets/PS-771_jpg.rf.5c8635740773bf33872e8368302c37de.jpg,4,PS Plastic,4,PS Plastic,0.9932886958122253,0.0007461715722456574,0.003302171593531966,0.0007981453672982752,0.0018646855605766177,0.9932886958122253
/Users/aswanathjs/Downloads/test10/ai_plastic_waste_management_training/PS Plastic/foam_containers/Image_111.png,4,PS Plastic,3,PP Plastic,0.5762086510658264,0.02058865688741207,0.1004067212343216,0.04502692073583603,0.5762086510658264,0.25776907801628113
/Users/aswanathjs/Downloads/test10/ai_plastic_waste_management_training/HDPE Plastic/shampoo_bottles/0076_a02b06c1d2e0f1g0h4.jpg,0,HDPE Plastic,0,HDPE Plastic,0.998676598072052,0.998676598072052,5.672780025633983e-05,0.0002638123987708241,0.0009673182503320277,3.547961387084797e-05
/Users/aswanathjs/Downloads/test10/ai_plastic_waste_management_training/PS Plastic/foam_sheets/PS-547_jpg.rf.bfa9e4b0df528ca6f2c3739368b766df.jpg,4,PS Plastic,4,PS Plastic,0.9967154264450073,0.0003072354302275926,0.0020965859293937683,0.00021659779304172844,0.0006641087238676846,0.9967154264450073
/Users/aswanathjs/Downloads/test10/ai_plastic_waste_management_training/PS Plastic/foam_containers/Image_190.png,4,PS Plastic,4,PS Plastic,0.4495593309402466,0.05348937585949898,0.15990863740444183,0.058503784239292145,0.27853885293006897,0.4495593309402466
/Users/aswanathjs/Downloads/test10/ai_plastic_waste_management_training/HDPE Plastic/shampoo_bottles/0063_a02b01c1d2e0f1g1h0.jpg,0,HDPE Plastic,0,HDPE Plastic,0.999233603477478,0.999233603477478,4.368096142570721e-07,0.000286696245893836,0.00044405568041838706,3.515760545269586e-05
/Users/aswanathjs/Downloads/test10/ai_plastic_waste_management_training/PET Plastic/black_white_plastic_bottles/dgrmz_jpg.rf.4a99c51d08d515ffb4f6919655df6da8.jpg,2,PET Plastic,2,PET Plastic,0.9978955984115601,0.0011805142275989056,0.0005511593190021813,0.9978955984115601,0.00030700076604261994,6.571005360456184e-05
/Users/aswanathjs/Downloads/test10/ai_plastic_waste_management_training/LDPE Plastic/plastic_bags/plasticbag (90).jpg,1,LDPE Plastic,1,LDPE Plastic,0.9483643770217896,0.001527952030301094,0.9483643770217896,0.025121740996837616,0.015629412606358528,0.009356538765132427
/Users/aswanathjs/Downloads/test10/ai_plastic_waste_management_training/LDPE Plastic/plastic_bags/LDPE-438_jpg.rf.83f7c2a65e70c10bea8399bcfeee1fbb.jpg,1,LDPE Plastic,1,LDPE Plastic,0.9962577819824219,0.0009031757363118231,0.9962577819824219,0.0013968102866783738,0.0007094842731021345,0.0007327027269639075
/Users/aswanathjs/Downloads/test10/ai_plastic_waste_management_training/LDPE Plastic/plastic_bags/plasticbag (162) 17.43.56.jpg,1,LDPE Plastic,1,LDPE Plastic,0.882477343082428,0.019839422777295113,0.882477343082428,0.03663558140397072,0.03474844619631767,0.026299186050891876
/Users/aswanathjs/Downloads/test10/ai_plastic_waste_management_training/PP Plastic/square_containers_grey/IMG_20220209_175348.jpg,3,PP Plastic,1,LDPE Plastic,0.6057633757591248,0.16588053107261658,0.6057633757591248,0.03493455797433853,0.1759219765663147,0.017499517649412155
/Users/aswanathjs/Downloads/test10/ai_plastic_waste_management_training/PP Plastic/square_containers/IMG_20220209_175348.jpg,3,PP Plastic,3,PP Plastic,0.7179771661758423,0.10103459656238556,0.15689098834991455,0.01558842882514,0.7179771661758423,0.008508846163749695
/Users/aswanathjs/Downloads/test10/ai_plastic_waste_management_training/PET Plastic/black_white_plastic_bottles/bhtqk_jpg.rf.1e2fb6b794338788a81ecf4e918ca029.jpg,2,PET Plastic,2,PET Plastic,0.9996052384376526,0.0001682380971033126,1.4925131836207584e-05,0.9996052384376526,0.0001815816794987768,3.0093235181993805e-05
/Users/aswanathjs/Downloads/test10/ai_plastic_waste_management_training/PET Plastic/black_white_plastic_bottles/cfzyp_jpg.rf.e2292d8cc0bf9dd512de160364fb6664.jpg,2,PET Plastic,2,PET Plastic,0.9664068818092346,0.0031772542279213667,0.020838288590312004,0.9664068818092346,0.006016631610691547,0.0035609768237918615
/Users/aswanathjs/Downloads/test10/ai_plastic_waste_management_training/HDPE Plastic/shampoo_bottiles_grey/0065_a02b03c1d3e0f1g0h2.jpg,0,HDPE Plastic,0,HDPE Plastic,0.9999915361404419,0.9999915361404419,1.8716330885126808e-07,3.836606083496008e-06,3.036785756194149e-06,1.4879803984513273e-06
/Users/aswanathjs/Downloads/test10/ai_plastic_waste_management_training/HDPE Plastic/shampoo_bottles/0065_a02b03c1d3e0f1g0h2.jpg,0,HDPE Plastic,0,HDPE Plastic,0.9999898672103882,0.9999898672103882,2.079726613146704e-07,1.8217930346509092e-06,5.544850864680484e-06,2.681498472156818e-06
/Users/aswanathjs/Downloads/test10/ai_plastic_waste_management_training/PET Plastic/black_white_plastic_bottles/dfrup_jpg.rf.fc265beee5709130335406b8bc3de249.jpg,2,PET Plastic,2,PET Plastic,0.9769357442855835,0.0019533270969986916,0.010609805583953857,0.9769357442855835,0.007648317143321037,0.002852833131328225
/Users/aswanathjs/Downloads/test10/ai_plastic_waste_management_training/HDPE Plastic/milk_bottles/HDPEM89.jpg,0,HDPE Plastic,0,HDPE Plastic,0.9937171936035156,0.9937171936035156,7.014094535406912e-06,0.005590615328401327,0.00017566555470693856,0.0005095546366646886
/Users/aswanathjs/Downloads/test10/ai_plastic_waste_management_training/PS Plastic/foam_sheets/PS-773_jpg.rf.2d909fe25b478b2f51f31184d06bde99.jpg,4,PS Plastic,4,PS Plastic,0.9820099472999573,0.0006233244785107672,0.010136913508176804,0.0024311814922839403,0.004798531532287598,0.9820099472999573
/Users/aswanathjs/Downloads/test10/ai_plastic_waste_management_training/HDPE Plastic/milk_bottles/HDPEM290.jpg,0,HDPE Plastic,0,HDPE Plastic,0.9927854537963867,0.9927854537963867,0.0002281820197822526,0.003950803074985743,0.0023196132387965918,0.0007158723310567439
/Users/aswanathjs/Downloads/test10/ai_plastic_waste_management_training/PP Plastic/round_containers/0032_a05b01c1d3e0f0g0h3.jpg,3,PP Plastic,3,PP Plastic,0.9986427426338196,0.0009778328239917755,1.3804818991047796e-05,0.0001142820983659476,0.9986427426338196,0.00025137112243101
/Users/aswanathjs/Downloads/test10/ai_plastic_waste_management_training/PP Plastic/round_containers/0009_a06b01c2d0e0f0g0h2.jpg,3,PP Plastic,3,PP Plastic,0.9986085295677185,0.0008681158651597798,0.00010928934352705255,0.00021217430185060948,0.9986085295677185,0.00020189129281789064
/Users/aswanathjs/Downloads/test10/ai_plastic_waste_management_training/HDPE Plastic/shampoo_bottles/0078_a02b07c2d0e0f1g0h2.jpg,0,HDPE Plastic,0,HDPE Plastic,0.9989197254180908,0.9989197254180908,2.2672898921882734e-05,9.237173799192533e-05,0.0009019547724165022,6.320435204543173e-05
"/Users/aswanathjs/Downloads/test10/ai_plastic_waste_management_training/PET Plastic/plastic_bottles/PET1,727.jpg",2,PET Plastic,2,PET Plastic,0.9963955283164978,0.00068330904468894,0.002096519572660327,0.9963955283164978,0.00048765342216938734,0.0003370482299942523
/Users/aswanathjs/Downloads/test10/ai_plastic_waste_management_training/HDPE Plastic/detergent_bottles/0039_a02b01c1d3e0f1g0h4.jpg,0,HDPE Plastic,0,HDPE Plastic,0.9950023293495178,0.9950023293495178,0.0003621028736233711,0.0012732322793453932,0.002918155398219824,0.0004441570199560374
/Users/aswanathjs/Downloads/test10/ai_plastic_waste_management_training/PET Plastic/black_white_plastic_bottles/cgbwi_jpg.rf.24e952c63d24ba0e80197cf6fb3dbd3c.jpg,2,PET Plastic,2,PET Plastic,0.997918426990509,0.00015542500477749854,0.0015030893264338374,0.997918426990509,0.00028834279510192573,0.00013470990234054625
/Users/aswanathjs/Downloads/test10/ai_plastic_waste_management_training/PP Plastic/round_containers/0035_a06b01c2d1e0f0g0h1.jpg,3,PP Plastic,3,PP Plastic,0.9993438124656677,5.7628898503025994e-05,3.723964255186729e-05,0.00032638281118124723,0.9993438124656677,0.00023485193378292024
/Users/aswanathjs/Downloads/test10/ai_plastic_waste_management_training/LDPE Plastic/plastic_bags/train_LDPE-10_jpg.rf.b3c0136a4989d02ce10e24ecbb0a71d8.jpg,1,LDPE Plastic,1,LDPE Plastic,0.9984845519065857,0.0005380391958169639,0.9984845519065857,0.00038071037852205336,0.00030008787871338427,0.00029660388827323914
/Users/aswanathjs/Downloads/test10/ai_plastic_waste_management_training/HDPE Plastic/shampoo_bottles/0075_a02b01c1d1e0f0g0h0.jpg,0,HDPE Plastic,0,HDPE Plastic,0.5202314257621765,0.5202314257621765,0.0005317042814567685,0.02048659697175026,0.4579795002937317,0.0007707288605161011
/Users/aswanathjs/Downloads/test10/ai_plastic_waste_management_training/HDPE Plastic/shampoo_bottles/0078_a02b07c2d1e0f1g0h3.jpg,0,HDPE Plastic,0,HDPE Plastic,0.9998080134391785,0.9998080134391785,1.2547318874567281e-05,4.088609421160072e-05,0.00011237807484576479,2.6260548111167736e-05
/Users/aswanathjs/Downloads/test10/ai_plastic_waste_management_training/PET Plastic/black_white_plastic_bottles/ctzjw_jpg.rf.3d9f231ae2761babb58f5c51af6f24b1.jpg,2,PET Plastic,2,PET Plastic,0.9363473057746887,0.003455224446952343,0.04770505800843239,0.9363473057746887,0.009748999029397964,0.002743431134149432
/Users/aswanathjs/Downloads/test10/ai_plastic_waste_management_training/PP Plastic/square_containers/IMG_20220209_173116.jpg,3,PP Plastic,3,PP Plastic,0.9474297165870667,0.04183397814631462,0.0012859911657869816,0.0010071436408907175,0.9474297165870667,0.008443260565400124
/Users/aswanathjs/Downloads/test10/ai_plastic_waste_management_training/PET Plastic/black_white_plastic_bottles/ahjgw_jpg.rf.95a9b028b159282a7b7c739ecc50c962.jpg,2,PET Plastic,2,PET Plastic,0.9518710374832153,0.004065799061208963,0.02540019154548645,0.9518710374832153,0.009121287614107132,0.009541726671159267
/Users/aswanathjs/Downloads/test10/ai_plastic_waste_management_training/PP Plastic/square_containers/Image_100.png,3,PP Plastic,3,PP Plastic,0.9419809579849243,0.01319634635001421,0.02974425069987774,0.0011482778936624527,0.9419809579849243,0.013930127024650574
/Users/aswanathjs/Downloads/test10/ai_plastic_waste_management_training/PS Plastic/foam_containers/Image_100.png,3,PP Plastic,4,PS Plastic,0.6196749210357666,0.06361106038093567,0.0598565973341465,0.016410833224654198,0.24044665694236755,0.6196749210357666
/Users/aswanathjs/Downloads/test10/ai_plastic_waste_management_training/PET Plastic/plastic_bottles/PET307.jpg,2,PET Plastic,2,PET Plastic,0.9974851608276367,0.0009157592430710793,0.0005962375435046852,0.9974851608276367,0.0008215105044655502,0.00018129940144717693
/Users/aswanathjs/Downloads/test10/ai_plastic_waste_management_training/HDPE Plastic/milk_bottles/HDPEM271.jpg,0,HDPE Plastic,0,HDPE Plastic,0.9981897473335266,0.9981897473335266,1.633906504139304e-05,0.0006285333656705916,0.0008404632681049407,0.00032495029154233634
/Users/aswanathjs/Downloads/test10/ai_plastic_waste_management_training/HDPE Plastic/shampoo_bottles/0023_a02b01c2d3e0f1g0h4.jpg,0,HDPE Plastic,0,HDPE Plastic,0.9918679594993591,0.9918679594993591,3.6369649023981765e-05,0.00013134398614056408,0.007933066226541996,3.1236766517395154e-05
/Users/aswanathjs/Downloads/test10/ai_plastic_waste_management_training/HDPE Plastic/shampoo_bottles/0065_a02b03c2d3e0f1g0h2.jpg,0,HDPE Plastic,0,HDPE Plastic,0.9999451637268066,0.9999451637268066,6.384705670825497e-07,1.2080834494554438e-05,3.22827254422009e-05,9.88990632322384e-06
/Users/aswanathjs/Downloads/test10/ai_plastic_waste_management_training/PP Plastic/square_containers_grey/Image_125.png,3,PP Plastic,3,PP Plastic,0.4691593050956726,0.03691624477505684,0.30870094895362854,0.01986784115433693,0.4691593050956726,0.1653556227684021
/Users/aswanathjs/Downloads/test10/ai_plastic_waste_management_training/PP Plastic/square_containers/Image_125.png,3,PP Plastic,3,PP Plastic,0.4610285460948944,0.03817828744649887,0.3066943287849426,0.021936288103461266,0.4610285460948944,0.17216253280639648
/Users/aswanathjs/Downloads/test10/ai_plastic_waste_management_training/PS Plastic/foam_containers/Image_125.png,3,PP Plastic,1,LDPE Plastic,0.41400396823883057,0.028660016134381294,0.41400396823883057,0.03451825678348541,0.2902977466583252,0.23252011835575104
/Users/aswanathjs/Downloads/test10/ai_plastic_waste_management_training/HDPE Plastic/shampoo_bottles/0063_a02b01c1d3e0f1g1h1.jpg,0,HDPE Plastic,0,HDPE Plastic,0.9842911958694458,0.9842911958694458,7.673645450267941e-05,0.0014370616991072893,0.012264550663530827,0.001930486992932856
/Users/aswanathjs/Downloads/test10/ai_plastic_waste_management_training/LDPE Plastic/black_white__plastic_bags/0280_jpg.rf.35aaa5f342df8f51d80f05feb1132923.jpg,1,LDPE Plastic,1,LDPE Plastic,0.9819144606590271,0.004034732468426228,0.9819144606590271,0.0028709974139928818,0.007998361252248287,0.003181420499458909
/Users/aswanathjs/Downloads/test10/ai_plastic_waste_management_training/HDPE Plastic/shampoo_bottles/0077_a02b01c1d1e0f1g0h1.jpg,0,HDPE Plastic,0,HDPE Plastic,0.995909571647644,0.995909571647644,1.5448285921593197e-05,0.00298160407692194,0.0007915064925327897,0.0003019127470906824
/Users/aswanathjs/Downloads/test10/ai_plastic_waste_management_training/LDPE Plastic/plastic_bags_grey/plasticbag (4).jpg,1,LDPE Plastic,1,LDPE Plastic,0.9972345232963562,0.00043004396138712764,0.9972345232963562,0.00018596669542603195,0.001615367946214974,0.000534137012436986
/Users/aswanathjs/Downloads/test10/ai_plastic_waste_management_training/LDPE Plastic/plastic_bags/plasticbag (4).jpg,1,LDPE Plastic,1,LDPE Plastic,0.9971349239349365,0.0004152676265221089,0.9971349239349365,0.00025536579778417945,0.0016793608665466309,0.0005151042132638395
/Users/aswanathjs/Downloads/test10/ai_plastic_waste_management_training/LDPE Plastic/plastic_bags/plasticbag (4).png,1,LDPE Plastic,1,LDPE Plastic,0.9509639739990234,0.00694664940237999,0.9509639739990234,0.007841401733458042,0.024424390867352486,0.009823509491980076
/Users/aswanathjs/Downloads/test10/ai_plastic_waste_management_training/LDPE Plastic/black_white__plastic_bags/0036_jpg.rf.bc66ef850914d311fc6e2fde687c7af2.jpg,1,LDPE Plastic,1,LDPE Plastic,0.9841503500938416,0.0029704635962843895,0.9841503500938416,0.0017854738980531693,0.005142780486494303,0.005950870458036661
/Users/aswanathjs/Downloads/test10/ai_plastic_waste_management_training/PP Plastic/irregular_containers/train_PP-49_jpg.rf.c622f122f16aae57b8e77672375427cd.jpg,3,PP Plastic,3,PP Plastic,0.9939054846763611,0.0038516621571034193,0.000500978494528681,0.0007146624848246574,0.9939054846763611,0.0010272044455632567
"/Users/aswanathjs/Downloads/test10/ai_plastic_waste_management_training/PET Plastic/plastic_bottles/PET1,339.jpg",2,PET Plastic,2,PET Plastic,0.9980573058128357,0.0016523608937859535,1.139412142947549e-05,0.9980573058128357,0.000249043689109385,2.9913770049461164e-05
"/Users/aswanathjs/Downloads/test10/ai_plastic_waste_management_training/PET Plastic/plastic_bottles/PET1,211.jpg",2,PET Plastic,2,PET Plastic,0.9908574223518372,0.0036601265892386436,0.0037426564376801252,0.9908574223518372,0.0010258611291646957,0.0007139205117709935
/Users/aswanathjs/Downloads/test10/ai_plastic_waste_management_training/PS Plastic/foam_sheets/PS-541_jpg.rf.94bc0a0945f6d5ad21f36be039cd2d5c.jpg,4,PS Plastic,4,PS Plastic,0.9932106137275696,0.0008851581951603293,0.005083309952169657,0.00028915307484567165,0.0005317539907991886,0.9932106137275696
/Users/aswanathjs/Downloads/test10/ai_plastic_waste_management_training/HDPE Plastic/milk_bottles/HDPEM136.jpg,0,HDPE Plastic,0,HDPE Plastic,0.9999169111251831,0.9999169111251831,6.858157917122298e-07,1.0202787052548956e-05,5.910473191761412e-05,1.2995044926356059e-05
/Users/aswanathjs/Downloads/test10/ai_plastic_waste_management_training/LDPE Plastic/bin_bags/LDPE242-Photoroom_0_6216_jpg.rf.47231db1f481496611e5e4dad4e347d9.jpg,1,LDPE Plastic,1,LDPE Plastic,0.5096396803855896,0.0338384211063385,0.5096396803855896,0.03525793179869652,0.2413344532251358,0.17992953956127167
/Users/aswanathjs/Downloads/test10/ai_plastic_waste_management_training/LDPE Plastic/bin_bags/LDPE242-Photoroom_0_6216_jpg.rf.b7bbb84c4117a4d9ca53a412b2746460.jpg,1,LDPE Plastic,1,LDPE Plastic,0.7017927169799805,0.020243942737579346,0.7017927169799805,0.02376629039645195,0.1163153126835823,0.13788177073001862
/Users/aswanathjs/Downloads/test10/ai_plastic_waste_management_training/LDPE Plastic/bin_bags_grey/LDPE242-Photoroom_0_6216_jpg.rf.b7bbb84c4117a4d9ca53a412b2746460.jpg,1,LDPE Plastic,1,LDPE Plastic,0.7405772805213928,0.01648825779557228,0.7405772805213928,0.01900334469974041,0.0960938110947609,0.12783728539943695
/Users/aswanathjs/Downloads/test10/ai_plastic_waste_management_training/PET Plastic/black_white_plastic_bottles/aznvl_jpg.rf.a3eb2b72f928bc0af1c03ffb37c16788.jpg,2,PET Plastic,2,PET Plastic,0.9945799112319946,0.00043851224472746253,0.003998289350420237,0.9945799112319946,0.000654480536468327,0.00032888734131120145
/Users/aswanathjs/Downloads/test10/ai_plastic_waste_management_training/LDPE Plastic/plastic_bags/test_LDPE-50_jpg.rf.cc65e6440981f1f09e18444523c0455a.jpg,1,LDPE Plastic,1,LDPE Plastic,0.998880922794342,0.0004795368295162916,0.998880922794342,5.969494304736145e-05,0.00023081834660843015,0.00034904087078757584
/Users/aswanathjs/Downloads/test10/ai_plastic_waste_management_training/PP Plastic/round_containers/0031_a05b01c1d1e0f0g0h1.jpg,3,PP Plastic,3,PP Plastic,0.9990084767341614,0.0004067947738803923,9.047624917002395e-05,0.00043016544077545404,0.9990084767341614,6.40673897578381e-05
/Users/aswanathjs/Downloads/test10/ai_plastic_waste_management_training/HDPE Plastic/detergent_bottles/0010_a02b01c1d0e0f1g0h1.jpg,0,HDPE Plastic,0,HDPE Plastic,0.973987340927124,0.973987340927124,1.951328340510372e-05,0.0018451634095981717,0.02387273870408535,0.0002753114968072623
/Users/aswanathjs/Downloads/test10/ai_plastic_waste_management_training/HDPE Plastic/detergent_botteles_grey/0010_a02b01c1d0e0f1g0h1.jpg,0,HDPE Plastic,0,HDPE Plastic,0.9991275668144226,0.9991275668144226,1.0605830539134331e-05,0.00019991438603028655,0.0006116475560702384,5.042484917794354e-05
/Users/aswanathjs/Downloads/test10/ai_plastic_waste_management_training/PS Plastic/foam_sheets/PS-891_jpg.rf.a446fb97beba4ad961e90772351469a9.jpg,4,PS Plastic,4,PS Plastic,0.9999403953552246,1.114965562010184e-05,3.456709600868635e-05,4.1377961679245345e-06,9.614216651243623e-06,0.9999403953552246
/Users/aswanathjs/Downloads/test10/ai_plastic_waste_management_training/PET Plastic/plastic_bottles/PET284.jpg,2,PET Plastic,2,PET Plastic,0.9649351835250854,0.007099808659404516,0.009089427068829536,0.9649351835250854,0.011449869722127914,0.007425786927342415
/Users/aswanathjs/Downloads/test10/ai_plastic_waste_management_training/HDPE Plastic/shampoo_bottles/0076_a02b06c2d0e0f1g0h4.jpg,0,HDPE Plastic,0,HDPE Plastic,0.9991631507873535,0.9991631507873535,1.4229593034542631e-05,0.000326216802932322,0.0004243317525833845,7.206948066595942e-05
/Users/aswanathjs/Downloads/test10/ai_plastic_waste_management_training/PET Plastic/black_white_plastic_bottles/bzamx_jpg.rf.b77a73d01e0707cff3aea78ddda85d1e.jpg,2,PET Plastic,2,PET Plastic,0.9997602105140686,8.333288133144379e-05,3.0271452487795614e-05,0.9997602105140686,0.00010699582344386727,1.915983739309013e-05
/Users/aswanathjs/Downloads/test10/ai_plastic_waste_management_training/HDPE Plastic/detergent_bottles/Image_243.png,0,HDPE Plastic,0,HDPE Plastic,0.9779137969017029,0.9779137969017029,0.003373087616637349,0.0016569471918046474,0.014787271618843079,0.002268980722874403
/Users/aswanathjs/Downloads/test10/ai_plastic_waste_management_training/PS Plastic/foam_containers/Image_243.png,0,HDPE Plastic,4,PS Plastic,0.5910261273384094,0.035646576434373856,0.13955363631248474,0.0333394855260849,0.20043423771858215,0.5910261273384094
/Users/aswanathjs/Downloads/test10/ai_plastic_waste_management_training/HDPE Plastic/detergent_bottles/0096_a02b04c1d3e0f0g0h3.jpg,0,HDPE Plastic,0,HDPE Plastic,0.9993109703063965,0.9993109703063965,3.305565769551322e-05,4.432837158674374e-05,0.0005915366928093135,2.0074563508387655e-05
/Users/aswanathjs/Downloads/test10/ai_plastic_waste_management_training/PET Plastic/black_white_plastic_bottles/abjgk_jpg.rf.e12e90efa6341f65fe80a39652a215a3.jpg,2,PET Plastic,2,PET Plastic,0.9954079985618591,0.0016420157626271248,0.0008207354694604874,0.9954079985618591,0.0011528255417943,0.0009763481211848557
/Users/aswanathjs/Downloads/test10/ai_plastic_waste_management_training/PS Plastic/foam_containers/0058_a06b01c1d3e0f0g0h0.jpg,4,PS Plastic,4,PS Plastic,0.9993157386779785,0.0001852125715231523,8.33236026664963e-06,4.1631097701611e-05,0.000449113838840276,0.9993157386779785
/Users/aswanathjs/Downloads/test10/ai_plastic_waste_management_training/LDPE Plastic/plastic_bags/plasticbag (95).jpg,1,LDPE Plastic,1,LDPE Plastic,0.9931207299232483,0.0021029645577073097,0.9931207299232483,0.0008942467393353581,0.003063889453187585,0.0008181041339412332
/Users/aswanathjs/Downloads/test10/ai_plastic_waste_management_training/LDPE Plastic/black_white__plastic_bags/0287_jpg.rf.48f6a64d1e8205664647763713afe620.jpg,1,LDPE Plastic,1,LDPE Plastic,0.9959383010864258,0.0007246550521813333,0.9959383010864258,0.0026183517184108496,0.000293064076686278,0.0004256565298419446
/Users/aswanathjs/Downloads/test10/ai_plastic_waste_management_training/PP Plastic/square_containers/IMG_20220209_175319.jpg,3,PP Plastic,3,PP Plastic,0.8100796341896057,0.0812125876545906,0.0003628289850894362,0.007374869659543037,0.8100796341896057,0.10097009688615799
"/Users/aswanathjs/Downloads/test10/ai_plastic_waste_management_training/PET Plastic/plastic_bottles/PET1,671.jpg",2,PET Plastic,2,PET Plastic,0.9634718298912048,0.007566371932625771,0.01759203150868416,0.9634718298912048,0.00960407592356205,0.001765690976753831
/Users/aswanathjs/Downloads/test10/ai_plastic_waste_management_training/LDPE Plastic/plastic_bags/LDPE-55_jpg.rf.92d80c4a5916e30f57f38f917c8df782.jpg,1,LDPE Plastic,1,LDPE Plastic,0.9985400438308716,0.0006654622266069055,0.9985400438308716,0.00011641049786703661,0.0003344518772792071,0.000343622756190598
/Users/aswanathjs/Downloads/test10/ai_plastic_waste_management_training/LDPE Plastic/plastic_bags/LDPE-55_jpg.rf.bbf2bfb0a6d6cc534bac86bde66acc52.jpg,1,LDPE Plastic,1,LDPE Plastic,0.9823693633079529,0.004968673922121525,0.9823693633079529,0.0032475197222083807,0.0037912155967205763,0.005623213481158018
/Users/aswanathjs/Downloads/test10/ai_plastic_waste_management_training/PET Plastic/plastic_bottles/PET813.jpg,2,PET Plastic,2,PET Plastic,0.9999253749847412,5.062963464297354e-05,1.6430993809990468e-06,0.9999253749847412,1.0242671123705804e-05,1.2078268810000736e-05
/Users/aswanathjs/Downloads/test10/ai_plastic_waste_management_training/PET Plastic/black_white_plastic_bottles/buaxg_jpg.rf.0aaf5f50b0b33fd24adab4eae0cba1f3.jpg,2,PET Plastic,2,PET Plastic,0.9816923141479492,0.008396841585636139,0.0018364270217716694,0.9816923141479492,0.0062767802737653255,0.0017975571099668741
/Users/aswanathjs/Downloads/test10/ai_plastic_waste_management_training/PP Plastic/round_containers/0035_a06b01c2d0e0f0g0h1.jpg,3,PP Plastic,3,PP Plastic,0.9854918122291565,0.0010522230295464396,0.001082226517610252,0.010137406177818775,0.9854918122291565,0.002236317377537489
/Users/aswanathjs/Downloads/test10/ai_plastic_waste_management_training/LDPE Plastic/plastic_bags/plasticbag (202) 17.43.56.jpg,1,LDPE Plastic,1,LDPE Plastic,0.926654040813446,0.006121071521192789,0.926654040813446,0.014587491750717163,0.03356815129518509,0.019069239497184753
/Users/aswanathjs/Downloads/test10/ai_plastic_waste_management_training/PET Plastic/plastic_bottles/PET383.jpg,2,PET Plastic,2,PET Plastic,0.9997381567955017,0.00014660271699540317,1.5421543139382266e-05,0.9997381567955017,7.918985647847876e-05,2.0658793800976127e-05
/Users/aswanathjs/Downloads/test10/ai_plastic_waste_management_training/PS Plastic/foam_sheets/PS-578_jpg.rf.c03726dafadd0f44a0b489aecf97378a.jpg,4,PS Plastic,4,PS Plastic,0.993009090423584,0.0006731159519404173,0.004397005774080753,0.0006429621716961265,0.0012777912197634578,0.993009090423584
/Users/aswanathjs/Downloads/test10/ai_plastic_waste_management_training/PP Plastic/round_containers/0035_a06b01c1d3e0f0g0h1.jpg,3,PP Plastic,3,PP Plastic,0.9961459636688232,0.0006364549626596272,0.001737594953738153,0.0008776426548138261,0.9961459636688232,0.0006023499299772084
/Users/aswanathjs/Downloads/test10/ai_plastic_waste_management_training/LDPE Plastic/black_white__plastic_bags/0212_jpg.rf.ba87953b5ea0fccf949ddf2fee967405.jpg,1,LDPE Plastic,1,LDPE Plastic,0.9229562282562256,0.024921080097556114,0.9229562282562256,0.005917163100093603,0.03515457734465599,0.011050947941839695
/Users/aswanathjs/Downloads/test10/ai_plastic_waste_management_training/LDPE Plastic/black_white__plastic_bags/0010_jpg.rf.c08dae215cba013f747e600d5be2c42b.jpg,1,LDPE Plastic,1,LDPE Plastic,0.9711675047874451,0.0011886281426995993,0.9711675047874451,0.004275111015886068,0.017519991844892502,0.005848758388310671
/Users/aswanathjs/Downloads/test10/ai_plastic_waste_management_training/PET Plastic/black_white_plastic_bottles/buhps_jpg.rf.0132a374225268f2ab552d9256129079.jpg,2,PET Plastic,2,PET Plastic,0.9943779110908508,0.003778597339987755,0.0004837026062887162,0.9943779110908508,0.0012310518650338054,0.00012870706268586218
/Users/aswanathjs/Downloads/test10/ai_plastic_waste_management_training/PS Plastic/foam_containers/Image_79.png,4,PS Plastic,4,PS Plastic,0.615735650062561,0.0440274178981781,0.14019830524921417,0.017219029366970062,0.18281958997249603,0.615735650062561
/Users/aswanathjs/Downloads/test10/ai_plastic_waste_management_training/HDPE Plastic/detergent_bottles/IMG_20220209_220107.jpg,0,HDPE Plastic,0,HDPE Plastic,0.994252622127533,0.994252622127533,3.774015567614697e-05,0.004788895137608051,0.0007327411440201104,0.00018801602709572762
/Users/aswanathjs/Downloads/test10/ai_plastic_waste_management_training/PET Plastic/plastic_bottles/PET938.jpg,2,PET Plastic,2,PET Plastic,0.9894961714744568,0.0043051172979176044,0.002246629446744919,0.9894961714744568,0.003103383583948016,0.000848629861138761
/Users/aswanathjs/Downloads/test10/ai_plastic_waste_management_training/PP Plastic/rectangle_containers/0011_a05b00c1d3e0f0g0h4.jpg,3,PP Plastic,3,PP Plastic,0.9959177374839783,2.9393901058938354e-05,7.065232057357207e-05,0.003970077261328697,0.9959177374839783,1.2221468750794884e-05
/Users/aswanathjs/Downloads/test10/ai_plastic_waste_management_training/PP Plastic/square_containers/0011_a05b00c1d3e0f0g0h4.jpg,3,PP Plastic,3,PP Plastic,0.9959177374839783,2.9393901058938354e-05,7.065232057357207e-05,0.003970077261328697,0.9959177374839783,1.2221468750794884e-05
"/Users/aswanathjs/Downloads/test10/ai_plastic_waste_management_training/PET Plastic/plastic_bottles/PET1,546.jpg",2,PET Plastic,2,PET Plastic,0.999574601650238,5.231033355812542e-05,0.0001478608464822173,0.999574601650238,0.0001917954214150086,3.346057565067895e-05
/Users/aswanathjs/Downloads/test10/ai_plastic_waste_management_training/HDPE Plastic/detergent_bottles/IMG_20220209_182711.jpg,0,HDPE Plastic,0,HDPE Plastic,0.9769099950790405,0.9769099950790405,0.0034200723748654127,0.009704941883683205,0.00869880709797144,0.001266275648958981
"/Users/aswanathjs/Downloads/test10/ai_plastic_waste_management_training/PET Plastic/plastic_bottles/PET1,722.jpg",2,PET Plastic,2,PET Plastic,0.9820125102996826,0.00278208265081048,0.002120342804118991,0.9820125102996826,0.012133556418120861,0.0009514976991340518
"/Users/aswanathjs/Downloads/test10/ai_plastic_waste_management_training/PET Plastic/plastic_bottles/PET1,267.jpg",2,PET Plastic,2,PET Plastic,0.9931538105010986,0.004889907315373421,0.0002815144252963364,0.9931538105010986,0.0010934206657111645,0.0005814439500682056
/Users/aswanathjs/Downloads/test10/ai_plastic_waste_management_training/LDPE Plastic/black_white__plastic_bags/0144_jpg.rf.2462a22e9ae41eb5e560764f23d29467.jpg,1,LDPE Plastic,1,LDPE Plastic,0.970955491065979,0.009820821695029736,0.970955491065979,0.005711491219699383,0.012378268875181675,0.0011337964097037911
/Users/aswanathjs/Downloads/test10/ai_plastic_waste_management_training/LDPE Plastic/plastic_bags/LDPE-586_jpg.rf.1f8ad740cbf30b906c3ef360fb917351.jpg,1,LDPE Plastic,1,LDPE Plastic,0.9968574047088623,0.0006811951170675457,0.9968574047088623,0.0007798066362738609,0.0005288816173560917,0.001152588869445026
/Users/aswanathjs/Downloads/test10/ai_plastic_waste_management_training/HDPE Plastic/shampoo_bottles/0061_a02b01c2d1e0f1g0h2(1).jpg,0,HDPE Plastic,0,HDPE Plastic,0.9996412992477417,0.9996412992477417,3.80017195311666e-06,5.4705178627045825e-05,0.0002218970621470362,7.825834472896531e-05
/Users/aswanathjs/Downloads/test10/ai_plastic_waste_management_training/PET Plastic/black_white_plastic_bottles/camij_jpg.rf.ab5594cbae8803a4714f77c4913e11b8.jpg,2,PET Plastic,2,PET Plastic,0.999575674533844,4.426047598826699e-05,0.00015857242397032678,0.999575674533844,0.00015955038543324918,6.190993008203804e-05
/Users/aswanathjs/Downloads/test10/ai_plastic_waste_management_training/HDPE Plastic/shampoo_bottles/0023_a02b01c1d3e0f1g0h4.jpg,0,HDPE Plastic,0,HDPE Plastic,0.9633673429489136,0.9633673429489136,2.000195308937691e-05,0.00018148848903365433,0.03634350746870041,8.763973164604977e-05
/Users/aswanathjs/Downloads/test10/ai_plastic_waste_management_training/PP Plastic/square_containers/Image_132.png,3,PP Plastic,3,PP Plastic,0.888363242149353,0.01944635435938835,0.07650332152843475,0.0030184548813849688,0.888363242149353,0.012668618001043797
/Users/aswanathjs/Downloads/test10/ai_plastic_waste_management_training/PS Plastic/foam_containers/Image_132.png,3,PP Plastic,4,PS Plastic,0.336293488740921,0.06272237002849579,0.2624388337135315,0.03017469495534897,0.30837056040763855,0.336293488740921
/Users/aswanathjs/Downloads/test10/ai_plastic_waste_management_training/HDPE Plastic/milk_bottles/HDPEM96.jpg,0,HDPE Plastic,0,HDPE Plastic,0.9998903274536133,0.9998903274536133,1.4939614345621521e-07,3.2363688660552725e-05,5.734181104344316e-05,1.9784980395343155e-05
/Users/aswanathjs/Downloads/test10/ai_plastic_waste_management_training/PP Plastic/round_containers/0032_a05b01c1d3e0f0g0h4.jpg,3,PP Plastic,3,PP Plastic,0.9946414232254028,0.003207858419045806,0.00011109281331300735,0.0004811332910321653,0.9946414232254028,0.0015585047658532858
"/Users/aswanathjs/Downloads/test10/ai_plastic_waste_management_training/PET Plastic/plastic_bottles/PET1,429.jpg",2,PET Plastic,2,PET Plastic,0.9887433052062988,0.006511108484119177,0.00020891547319479287,0.9887433052062988,0.0038145973812788725,0.0007220548577606678
/Users/aswanathjs/Downloads/test10/ai_plastic_waste_management_training/PET Plastic/black_white_plastic_bottles/dklnv_jpg.rf.bac7619e573359f8daaed19610d9e2c2.jpg,2,PET Plastic,2,PET Plastic,0.9588545560836792,0.017338452860713005,0.0001836596056818962,0.9588545560836792,0.022772422060370445,0.000850964745040983
/Users/aswanathjs/Downloads/test10/ai_plastic_waste_management_training/LDPE Plastic/plastic_bags/plasticbag (177) 17.43.56.jpg,1,LDPE Plastic,1,LDPE Plastic,0.9853712320327759,0.0060541280545294285,0.9853712320327759,0.002212720923125744,0.004134470596909523,0.002227559918537736
/Users/aswanathjs/Downloads/test10/ai_plastic_waste_management_training/LDPE Plastic/plastic_bags/LDPE-748_jpg.rf.b09b90f75dda2521362f715963c77176.jpg,1,LDPE Plastic,1,LDPE Plastic,0.9915295839309692,0.0008435449562966824,0.9915295839309692,0.001973147038370371,0.0027657337486743927,0.0028879831079393625
/Users/aswanathjs/Downloads/test10/ai_plastic_waste_management_training/HDPE Plastic/milk_bottles/HDPEM207.jpg,0,HDPE Plastic,0,HDPE Plastic,0.9999725818634033,0.9999725818634033,1.1187933068868006e-07,9.8866021289723e-06,1.5187855751719326e-05,2.3032516764942557e-06
