image_path,true_label,true_class,predicted_label,predicted_class,confidence,probability_HDPE_Plastic,probability_LDPE_Plastic,probability_PET_Plastic,probability_PP_Plastic,probability_PS_Plastic
/Users/aswanathjs/Downloads/test9/ai_plastic_waste_management_training/PET Plastic/black_white_plastic_bottles/bwkzp_jpg.rf.f6a41f5aa1a34a50f8a2c4b2a8f4f86d.jpg,2,PET Plastic,2,PET Plastic,0.9997556805610657,6.085890345275402e-05,4.94561463710852e-05,0.9997556805610657,5.0253172958036885e-05,8.369424904230982e-05
/Users/aswanathjs/Downloads/test9/ai_plastic_waste_management_training/PET Plastic/shampoo_bottles/0100_a05b00c2d3e0f0g0h1.jpg,2,PET Plastic,2,PET Plastic,0.9995738863945007,0.00011394758621463552,8.298009925056249e-05,0.9995738863945007,0.0001826409570639953,4.6523073251591995e-05
/Users/aswanathjs/Downloads/test9/ai_plastic_waste_management_training/PET Plastic/shampoo_bottles/0100_a05b00c1d0e0f0g0h4.jpg,2,PET Plastic,2,PET Plastic,0.9995294809341431,3.8072771531005856e-06,7.05519460098003e-06,0.9995294809341431,0.00044992141192778945,9.80730965238763e-06
/Users/aswanathjs/Downloads/test9/ai_plastic_waste_management_training/LDPE Plastic/plastic_bags/LDPE-379_jpg.rf.f5ed3564e0f9df6a6aad508a3724e5fb.jpg,1,LDPE Plastic,1,LDPE Plastic,0.9981861710548401,0.00016380671877413988,0.9981861710548401,0.0002655161079019308,0.0006278278306126595,0.0007567158318124712
/Users/aswanathjs/Downloads/test9/ai_plastic_waste_management_training/LDPE Plastic/plastic_bags/plasticbag (52).jpg,1,LDPE Plastic,1,LDPE Plastic,0.9881070852279663,0.004757899325340986,0.9881070852279663,0.0005905652069486678,0.0034451913088560104,0.0030992841348052025
/Users/aswanathjs/Downloads/test9/ai_plastic_waste_management_training/HDPE Plastic/detergent_bottles/IMG_20220209_182214.jpg,0,HDPE Plastic,0,HDPE Plastic,0.9848546981811523,0.9848546981811523,0.00040113297291100025,0.002467908663675189,0.009996208362281322,0.0022801156155765057
/Users/aswanathjs/Downloads/test9/ai_plastic_waste_management_training/PP Plastic/square_containers/IMG20220210150403.jpg,3,PP Plastic,3,PP Plastic,0.9948794841766357,0.0034062028862535954,0.000984234269708395,4.4493161112768576e-05,0.9948794841766357,0.0006856007385067642
/Users/aswanathjs/Downloads/test9/ai_plastic_waste_management_training/PET Plastic/plastic_bottles/PET303.jpg,2,PET Plastic,2,PET Plastic,0.9975078105926514,0.0006695218617096543,0.0002078922843793407,0.9975078105926514,0.001007357146590948,0.0006073310505598783
/Users/aswanathjs/Downloads/test9/ai_plastic_waste_management_training/PP Plastic/rectangle_containers/0011_a05b00c1d0e0f0g0h3.jpg,3,PP Plastic,3,PP Plastic,0.9988822340965271,0.0005176806589588523,0.0001629033067729324,0.00024043058510869741,0.9988822340965271,0.00019670964684337378
/Users/aswanathjs/Downloads/test9/ai_plastic_waste_management_training/PP Plastic/square_containers/0011_a05b00c1d0e0f0g0h3.jpg,3,PP Plastic,3,PP Plastic,0.9988822340965271,0.0005176806589588523,0.0001629033067729324,0.00024043058510869741,0.9988822340965271,0.00019670964684337378
/Users/aswanathjs/Downloads/test9/ai_plastic_waste_management_training/PET Plastic/black_white_plastic_bottles/cmbly_jpg.rf.4690ab661cffb8f7cbef59e73be4c960.jpg,2,PET Plastic,2,PET Plastic,0.9921908974647522,0.005651305429637432,0.000836953753605485,0.9921908974647522,0.0006091059767641127,0.0007117679924704134
"/Users/aswanathjs/Downloads/test9/ai_plastic_waste_management_training/PET Plastic/plastic_bottles/PET1,256.jpg",2,PET Plastic,2,PET Plastic,0.9999221563339233,6.450614455388859e-05,2.0640134152927203e-06,0.9999221563339233,5.353776032279711e-06,5.950168997514993e-06
/Users/aswanathjs/Downloads/test9/ai_plastic_waste_management_training/LDPE Plastic/black_white__plastic_bags/0188_jpg.rf.f50f1292abf642d454800ee713afdc29.jpg,1,LDPE Plastic,1,LDPE Plastic,0.9949318766593933,0.0012101061875000596,0.9949318766593933,0.0006058340659365058,0.000641039339825511,0.0026111085899174213
/Users/aswanathjs/Downloads/test9/ai_plastic_waste_management_training/PET Plastic/plastic_bottles/PET996.jpg,2,PET Plastic,2,PET Plastic,0.9961077570915222,0.00020894556655548513,0.003336607711389661,0.9961077570915222,0.00015675574832130224,0.00018986125360243022
/Users/aswanathjs/Downloads/test9/ai_plastic_waste_management_training/HDPE Plastic/shampoo_bottles/0099_a02b01c1d1e0f1g0h0.jpg,0,HDPE Plastic,0,HDPE Plastic,0.9999717473983765,0.9999717473983765,7.981029739312362e-06,1.0868442586797755e-05,4.159754553256789e-06,5.271487225400051e-06
/Users/aswanathjs/Downloads/test9/ai_plastic_waste_management_training/PET Plastic/shampoo_bottles/0015_a05b00c2d2e1f1g0h2.jpg,2,PET Plastic,2,PET Plastic,0.9996992349624634,0.00020215036056470126,1.3815541706208023e-06,0.9996992349624634,8.667274232720956e-05,1.0590364581730682e-05
/Users/aswanathjs/Downloads/test9/ai_plastic_waste_management_training/PS Plastic/foam_sheets/PS-725_jpg.rf.265279c03fd2a7f3def767a1f0d0fb85.jpg,4,PS Plastic,4,PS Plastic,0.9996534585952759,6.855018000351265e-05,5.74736186536029e-05,0.00010790640226332471,0.0001126522256527096,0.9996534585952759
/Users/aswanathjs/Downloads/test9/ai_plastic_waste_management_training/PET Plastic/shampoo_bottles/0080_a05b00c2d3e0f1g0h0.jpg,2,PET Plastic,2,PET Plastic,0.9995858073234558,1.0738249329733662e-05,1.650723788770847e-05,0.9995858073234558,0.0003000208525918424,8.699081081431359e-05
/Users/aswanathjs/Downloads/test9/ai_plastic_waste_management_training/HDPE Plastic/shampoo_bottles/0065_a02b03c2d0e0f1g0h3.jpg,0,HDPE Plastic,0,HDPE Plastic,0.9977685213088989,0.9977685213088989,0.00024623863282613456,0.0008199141593649983,0.0007922053337097168,0.0003731541510205716
/Users/aswanathjs/Downloads/test9/ai_plastic_waste_management_training/HDPE Plastic/shampoo_bottiles_grey/0063_a02b01c2d1e0f1g1h2.jpg,0,HDPE Plastic,0,HDPE Plastic,0.9955768585205078,0.9955768585205078,4.764885670738295e-05,0.004110257141292095,8.989072375698015e-05,0.00017533691425342113
/Users/aswanathjs/Downloads/test9/ai_plastic_waste_management_training/HDPE Plastic/shampoo_bottles/0063_a02b01c2d1e0f1g1h2.jpg,0,HDPE Plastic,0,HDPE Plastic,0.9991137385368347,0.9991137385368347,1.3701495845452882e-05,0.0007293550879694521,7.046939572319388e-05,7.27008591638878e-05
/Users/aswanathjs/Downloads/test9/ai_plastic_waste_management_training/PS Plastic/foam_containers/Image_83.png,4,PS Plastic,4,PS Plastic,0.5279520750045776,0.21041393280029297,0.1605646312236786,0.016601666808128357,0.08446773141622543,0.5279520750045776
/Users/aswanathjs/Downloads/test9/ai_plastic_waste_management_training/PET Plastic/black_white_plastic_bottles/daxmw_jpg.rf.de5e8107e88aee1aeb897e73c8ef5585.jpg,2,PET Plastic,2,PET Plastic,0.9998218417167664,0.00013615688658319414,9.268207577406429e-06,0.9998218417167664,8.175078619387932e-06,2.459237293805927e-05
"/Users/aswanathjs/Downloads/test9/ai_plastic_waste_management_training/PET Plastic/plastic_bottles/PET1,709.jpg",2,PET Plastic,2,PET Plastic,0.9994316697120667,0.0005233490956015885,1.0689290320442524e-05,0.9994316697120667,1.4624941286456306e-05,1.969198820006568e-05
/Users/aswanathjs/Downloads/test9/ai_plastic_waste_management_training/PP Plastic/round_containers/IMG_20220209_174527.jpg,3,PP Plastic,3,PP Plastic,0.9944455623626709,0.0010057382751256227,0.0013145057018846273,0.002491419203579426,0.9944455623626709,0.0007427676464430988
"/Users/aswanathjs/Downloads/test9/ai_plastic_waste_management_training/PET Plastic/plastic_bottles/PET1,665.jpg",2,PET Plastic,2,PET Plastic,0.9991863369941711,0.0005363693926483393,0.00014065582945477217,0.9991863369941711,4.046640242449939e-05,9.616568422643468e-05
/Users/aswanathjs/Downloads/test9/ai_plastic_waste_management_training/PS Plastic/foam_containers/styrofoam-129-_jpg.rf.f085126d9d8a168843dc1b675d87a509.jpg,4,PS Plastic,4,PS Plastic,0.9998084902763367,0.00012683134991675615,1.3018256140640005e-05,1.0623732123349328e-05,4.110678128199652e-05,0.9998084902763367
/Users/aswanathjs/Downloads/test9/ai_plastic_waste_management_training/LDPE Plastic/plastic_bags/LDPE-30_jpg.rf.6b62df7b27253bd40adbf73c6a0d7070.jpg,1,LDPE Plastic,1,LDPE Plastic,0.99784255027771,0.0007336572743952274,0.99784255027771,0.0003107613301835954,0.0002845349081326276,0.0008284392533823848
/Users/aswanathjs/Downloads/test9/ai_plastic_waste_management_training/LDPE Plastic/plastic_bags/LDPE-30_jpg.rf.11254a815e14b64c2c3ebfba0477ce2f.jpg,1,LDPE Plastic,1,LDPE Plastic,0.9943522214889526,0.0005359880160540342,0.9943522214889526,0.0031656953506171703,0.0006311526522040367,0.0013148380676284432
/Users/aswanathjs/Downloads/test9/ai_plastic_waste_management_training/PET Plastic/black_white_plastic_bottles/bfasp_jpg.rf.1d174e0deacf5daf19d01fadc78bb4e9.jpg,2,PET Plastic,2,PET Plastic,0.9999250173568726,2.420176770101534e-06,1.0682466381695122e-05,0.9999250173568726,3.365796510479413e-05,2.818790562741924e-05
/Users/aswanathjs/Downloads/test9/ai_plastic_waste_management_training/PP Plastic/square_containers/Image_106.png,3,PP Plastic,3,PP Plastic,0.9393420219421387,0.005161772947758436,0.05195515230298042,0.00033256917959079146,0.9393420219421387,0.0032085163984447718
/Users/aswanathjs/Downloads/test9/ai_plastic_waste_management_training/PS Plastic/foam_containers/Image_106.png,3,PP Plastic,3,PP Plastic,0.8857723474502563,0.024654686450958252,0.026570063084363937,0.027738874778151512,0.8857723474502563,0.03526400029659271
/Users/aswanathjs/Downloads/test9/ai_plastic_waste_management_training/LDPE Plastic/black_white__plastic_bags/0072_jpg.rf.1f5d6771bc0aaa991713d4deec733d61.jpg,1,LDPE Plastic,1,LDPE Plastic,0.9954816102981567,0.0005924751167185605,0.9954816102981567,0.0017432257300242782,0.0010103833628818393,0.0011722843628376722
/Users/aswanathjs/Downloads/test9/ai_plastic_waste_management_training/PET Plastic/black_white_plastic_bottles/cnzoq_jpg.rf.7cf46d69d7ba14d91379304d5cd5e49f.jpg,2,PET Plastic,2,PET Plastic,0.9991449117660522,8.19315027911216e-05,0.0001778519945219159,0.9991449117660522,0.00043759640539065003,0.00015766554861329496
/Users/aswanathjs/Downloads/test9/ai_plastic_waste_management_training/PS Plastic/foam_containers/styrofoam-122-_jpg.rf.59c8f3c7a1b4bfdd54bc122b160ae9ec.jpg,4,PS Plastic,4,PS Plastic,0.9993680119514465,0.00035748741356655955,8.101180719677359e-05,0.00016764535394031554,2.5799903596634977e-05,0.9993680119514465
/Users/aswanathjs/Downloads/test9/ai_plastic_waste_management_training/PS Plastic/foam_sheets/PS-868_jpg.rf.fa54d7c812248cf5ed8f027a3e98ab8a.jpg,4,PS Plastic,4,PS Plastic,0.9998140931129456,2.7422764105722308e-05,6.372621282935143e-05,5.362187948776409e-05,4.113458271604031e-05,0.9998140931129456
/Users/aswanathjs/Downloads/test9/ai_plastic_waste_management_training/HDPE Plastic/detergent_bottles/0096_a02b04c2d0e0f0g0h4.jpg,0,HDPE Plastic,0,HDPE Plastic,0.9966025352478027,0.9966025352478027,0.0004551617312245071,0.00011637802526820451,0.0024812198244035244,0.0003446808841545135
/Users/aswanathjs/Downloads/test9/ai_plastic_waste_management_training/LDPE Plastic/black_white__plastic_bags/0214_jpg.rf.9cb3a5cc1fdd76c1c76caf27166674ac.jpg,1,LDPE Plastic,1,LDPE Plastic,0.9993546605110168,0.0001793319097487256,0.9993546605110168,5.1221821195213124e-05,0.00011930630716960877,0.00029557416564784944
/Users/aswanathjs/Downloads/test9/ai_plastic_waste_management_training/PET Plastic/plastic_bottles/PET892.jpg,2,PET Plastic,2,PET Plastic,0.9998657703399658,4.3644249672070146e-05,6.644349195994437e-05,0.9998657703399658,7.924238161649555e-06,1.6214682545978576e-05
/Users/aswanathjs/Downloads/test9/ai_plastic_waste_management_training/PET Plastic/plastic_bottles/PET526.jpg,2,PET Plastic,2,PET Plastic,0.9983662962913513,0.0006349733448587358,0.00022375064145307988,0.9983662962913513,0.0005271589034236968,0.0002479264803696424
/Users/aswanathjs/Downloads/test9/ai_plastic_waste_management_training/PET Plastic/black_white_plastic_bottles/cniwo_jpg.rf.53303bb1029126842445744b4dbf88be.jpg,2,PET Plastic,2,PET Plastic,0.999958872795105,2.2628762508247746e-06,2.513671643100679e-05,0.999958872795105,6.5219978750974406e-06,7.158288099162746e-06
/Users/aswanathjs/Downloads/test9/ai_plastic_waste_management_training/LDPE Plastic/black_white__plastic_bags/0057_jpg.rf.0503b03afd0910c67b22b2c19be1151f.jpg,1,LDPE Plastic,1,LDPE Plastic,0.9954763054847717,0.0002081089623970911,0.9954763054847717,0.0036940157879143953,0.0001897772599477321,0.00043185133836232126
/Users/aswanathjs/Downloads/test9/ai_plastic_waste_management_training/HDPE Plastic/shampoo_bottles/0077_a02b01c1d1e0f1g0h2.jpg,0,HDPE Plastic,0,HDPE Plastic,0.9978896975517273,0.9978896975517273,0.0007078407797962427,0.00040186193655245006,0.0002873125486075878,0.0007132196915335953
/Users/aswanathjs/Downloads/test9/ai_plastic_waste_management_training/HDPE Plastic/detergent_bottles/IMG_20220209_182132.jpg,0,HDPE Plastic,0,HDPE Plastic,0.9888716340065002,0.9888716340065002,0.0002241808397229761,0.010046939365565777,0.0007323712925426662,0.00012497931311372668
/Users/aswanathjs/Downloads/test9/ai_plastic_waste_management_training/LDPE Plastic/plastic_bags_grey/LDPE-458_jpg.rf.00b695f9b3916ed06c5323466f91e221.jpg,1,LDPE Plastic,1,LDPE Plastic,0.9996260404586792,0.00010644605208653957,0.9996260404586792,5.773506927653216e-05,0.00015226057439576834,5.7452645705780014e-05
/Users/aswanathjs/Downloads/test9/ai_plastic_waste_management_training/LDPE Plastic/plastic_bags/LDPE-458_jpg.rf.00b695f9b3916ed06c5323466f91e221.jpg,1,LDPE Plastic,1,LDPE Plastic,0.9994434714317322,0.00016828899970278144,0.9994434714317322,7.922882650746033e-05,0.00022930889099370688,7.96432068455033e-05
/Users/aswanathjs/Downloads/test9/ai_plastic_waste_management_training/PP Plastic/round_containers/0031_a05b01c2d1e0f0g0h3.jpg,3,PP Plastic,3,PP Plastic,0.9997100234031677,0.0001230831549037248,0.00010564680997049436,1.4517247109324671e-05,0.9997100234031677,4.678718323702924e-05
/Users/aswanathjs/Downloads/test9/ai_plastic_waste_management_training/PS Plastic/foam_sheets/PS-762_jpg.rf.5f09ed2ca25f61bcd82e970939554c22.jpg,4,PS Plastic,4,PS Plastic,0.9977144002914429,0.0004069664573762566,0.00016777242126408964,0.0004956802004016936,0.0012150678085163236,0.9977144002914429
/Users/aswanathjs/Downloads/test9/ai_plastic_waste_management_training/PS Plastic/foam_containers/Image_119.png,4,PS Plastic,3,PP Plastic,0.40717223286628723,0.07989650219678879,0.27002817392349243,0.008770942687988281,0.40717223286628723,0.23413220047950745
/Users/aswanathjs/Downloads/test9/ai_plastic_waste_management_training/HDPE Plastic/shampoo_bottiles_grey/0077_a02b01c1d3e0f1g0h3.jpg,0,HDPE Plastic,0,HDPE Plastic,0.9489914178848267,0.9489914178848267,0.002056848257780075,0.017955591902136803,0.028484459966421127,0.0025116573087871075
/Users/aswanathjs/Downloads/test9/ai_plastic_waste_management_training/HDPE Plastic/shampoo_bottles/0077_a02b01c1d3e0f1g0h3.jpg,0,HDPE Plastic,0,HDPE Plastic,0.9915088415145874,0.9915088415145874,0.000560139655135572,0.0033403411507606506,0.0038289641961455345,0.0007616322254762053
/Users/aswanathjs/Downloads/test9/ai_plastic_waste_management_training/LDPE Plastic/plastic_bags/train_LDPE-53_jpg.rf.401ae5b0b4d14039d8286ce3b1d9f768.jpg,1,LDPE Plastic,1,LDPE Plastic,0.9997339844703674,7.011937123024836e-05,0.9997339844703674,1.8687311239773408e-05,1.1237720173085108e-05,0.0001659616973483935
/Users/aswanathjs/Downloads/test9/ai_plastic_waste_management_training/HDPE Plastic/shampoo_bottles/0077_a02b01c1d1e0f1g0h3.jpg,0,HDPE Plastic,0,HDPE Plastic,0.9991803765296936,0.9991803765296936,4.252481085131876e-05,0.0007300248253159225,1.0099631253979169e-05,3.686883064801805e-05
/Users/aswanathjs/Downloads/test9/ai_plastic_waste_management_training/PET Plastic/plastic_bottles/PET565.jpg,2,PET Plastic,2,PET Plastic,0.9994826316833496,0.0001605074794497341,2.1383471903391182e-05,0.9994826316833496,0.00025270861806347966,8.274778519989923e-05
/Users/aswanathjs/Downloads/test9/ai_plastic_waste_management_training/PET Plastic/plastic_bottles/PET865.jpg,2,PET Plastic,2,PET Plastic,0.9997153878211975,0.00022062398784328252,2.4860444682417437e-05,0.9997153878211975,1.0460306839377154e-05,2.8669701350736432e-05
/Users/aswanathjs/Downloads/test9/ai_plastic_waste_management_training/LDPE Plastic/plastic_bags/plasticbag (138).jpg,1,LDPE Plastic,1,LDPE Plastic,0.9981467723846436,0.0007837710436433554,0.9981467723846436,0.00011939826072193682,0.0007225003791972995,0.0002276048471685499
/Users/aswanathjs/Downloads/test9/ai_plastic_waste_management_training/LDPE Plastic/plastic_bags/train_LDPE-45_jpg.rf.52ef197242be2fee5fe1d126cebe32c6.jpg,1,LDPE Plastic,1,LDPE Plastic,0.9992613196372986,9.74527356447652e-05,0.9992613196372986,7.9246201494243e-05,0.00014586870383936912,0.0004160343378316611
"/Users/aswanathjs/Downloads/test9/ai_plastic_waste_management_training/PET Plastic/plastic_bottles/PET1,536.jpg",2,PET Plastic,2,PET Plastic,0.9998055100440979,6.529351958306506e-05,5.5198222980834544e-05,0.9998055100440979,5.074499131296761e-05,2.324520391994156e-05
/Users/aswanathjs/Downloads/test9/ai_plastic_waste_management_training/HDPE Plastic/shampoo_bottles/0061_a02b01c1d3e0f1g0h3(1).jpg,0,HDPE Plastic,0,HDPE Plastic,0.9986342787742615,0.9986342787742615,0.00016009238606784493,0.0006108557572588325,0.0003884798497892916,0.00020627042977139354
/Users/aswanathjs/Downloads/test9/ai_plastic_waste_management_training/LDPE Plastic/plastic_bags/plasticbag (29).jpg,1,LDPE Plastic,1,LDPE Plastic,0.9998390674591064,1.489270380261587e-05,0.9998390674591064,2.0201025108690374e-05,9.820208651944995e-05,2.7549218430067413e-05
/Users/aswanathjs/Downloads/test9/ai_plastic_waste_management_training/PP Plastic/round_containers/IMG_20220209_173618.jpg,3,PP Plastic,3,PP Plastic,0.9960322976112366,0.0006700688973069191,0.0022064486984163523,0.0005814861506223679,0.9960322976112366,0.0005096535896882415
/Users/aswanathjs/Downloads/test9/ai_plastic_waste_management_training/PET Plastic/plastic_bottles/PET973.jpg,2,PET Plastic,2,PET Plastic,0.9995521903038025,8.127632463583723e-05,8.379220525966957e-05,0.9995521903038025,7.11252650944516e-05,0.00021164935606066138
/Users/aswanathjs/Downloads/test9/ai_plastic_waste_management_training/PET Plastic/shampoo_bottles/0050_a05b00c2d0e1f1g0h0.jpg,2,PET Plastic,2,PET Plastic,0.9985548853874207,0.0012549222446978092,7.405753422062844e-05,0.9985548853874207,9.842282452154905e-05,1.7679136362858117e-05
/Users/aswanathjs/Downloads/test9/ai_plastic_waste_management_training/PP Plastic/square_containers/IMG_20220209_174016.jpg,3,PP Plastic,3,PP Plastic,0.98200523853302,0.00040220716618932784,0.00024836708325892687,5.235242497292347e-05,0.98200523853302,0.0172917228192091
/Users/aswanathjs/Downloads/test9/ai_plastic_waste_management_training/PET Plastic/black_white_plastic_bottles/ctnkg_jpg.rf.46cb39e1fb6eb58edcb74f965096c39a.jpg,2,PET Plastic,2,PET Plastic,0.9999898672103882,1.5320287047870806e-06,3.050560906103783e-07,0.9999898672103882,4.57507167084259e-06,3.695238319778582e-06
/Users/aswanathjs/Downloads/test9/ai_plastic_waste_management_training/PET Plastic/black_white_plastic_bottles/asecy_jpg.rf.002294d15fd2f71cda8158b1c5838311.jpg,2,PET Plastic,2,PET Plastic,0.9973483085632324,0.0001328004727838561,0.0006317911320365965,0.9973483085632324,0.00044022081419825554,0.0014467601431533694
/Users/aswanathjs/Downloads/test9/ai_plastic_waste_management_training/LDPE Plastic/plastic_bags/LDPE-266_jpg.rf.82731731a5a7b44f80d1aed4d3c46901.jpg,1,LDPE Plastic,1,LDPE Plastic,0.9986383318901062,0.0001415744045516476,0.9986383318901062,0.00029134523356333375,0.0003859172866214067,0.0005427950527518988
/Users/aswanathjs/Downloads/test9/ai_plastic_waste_management_training/PP Plastic/square_containers/Image_170.png,3,PP Plastic,3,PP Plastic,0.9918953776359558,0.00025251798797398806,0.005910680163651705,4.044423985760659e-05,0.9918953776359558,0.0019009375246241689
/Users/aswanathjs/Downloads/test9/ai_plastic_waste_management_training/PS Plastic/foam_containers/Image_170.png,3,PP Plastic,3,PP Plastic,0.9559507966041565,0.007716680411249399,0.015468445606529713,0.0005607155035249889,0.9559507966041565,0.020303288474678993
/Users/aswanathjs/Downloads/test9/ai_plastic_waste_management_training/HDPE Plastic/milk_bottles/HDPEM105.jpg,0,HDPE Plastic,0,HDPE Plastic,0.9999089241027832,0.9999089241027832,6.1335822465480305e-06,5.225237691774964e-05,1.719744977890514e-05,1.550839988340158e-05
/Users/aswanathjs/Downloads/test9/ai_plastic_waste_management_training/PET Plastic/shampoo_bottles/0100_a05b00c2d3e0f0g0h3.jpg,2,PET Plastic,2,PET Plastic,0.9988266825675964,0.0001965535630006343,0.00024093134561553597,0.9988266825675964,0.0006449760985560715,9.089397644856945e-05
/Users/aswanathjs/Downloads/test9/ai_plastic_waste_management_training/LDPE Plastic/plastic_bags/plasticbag (182) 17.43.56.jpg,1,LDPE Plastic,1,LDPE Plastic,0.9977083206176758,0.00012243683158885688,0.9977083206176758,0.00011405034456402063,0.0008696880540810525,0.0011855204356834292
/Users/aswanathjs/Downloads/test9/ai_plastic_waste_management_training/PET Plastic/black_white_plastic_bottles/briwh_jpg.rf.8bea7eb0cc3641261a46745825a86176.jpg,2,PET Plastic,2,PET Plastic,0.9999487400054932,7.1765271059121005e-06,1.1647998690023087e-05,0.9999487400054932,1.6235975635936484e-05,1.6133548342622817e-05
/Users/aswanathjs/Downloads/test9/ai_plastic_waste_management_training/PET Plastic/black_white_plastic_bottles/atmdq_jpg.rf.da61e50852c5e74733b97976c014a749.jpg,2,PET Plastic,2,PET Plastic,0.9989590644836426,2.9843502488802187e-05,0.0006056366255506873,0.9989590644836426,0.00017504440620541573,0.00023035058984532952
/Users/aswanathjs/Downloads/test9/ai_plastic_waste_management_training/LDPE Plastic/plastic_bags/plasticbag (183) 17.43.56.jpg,1,LDPE Plastic,1,LDPE Plastic,0.9925678968429565,0.003552141133695841,0.9925678968429565,0.00014670990640297532,0.0031880459282547235,0.0005451495526358485
/Users/aswanathjs/Downloads/test9/ai_plastic_waste_management_training/PP Plastic/round_containers/0035_a06b01c2d3e0f0g0h2.jpg,3,PP Plastic,3,PP Plastic,0.9970899820327759,0.0012821172131225467,0.0004536091582849622,0.0007848502136766911,0.9970899820327759,0.0003894037217833102
/Users/aswanathjs/Downloads/test9/ai_plastic_waste_management_training/PP Plastic/irregular_containers/train_PP-47_jpg.rf.7e347deeabfeaddc7ee47f93ccff5e15.jpg,3,PP Plastic,3,PP Plastic,0.9959372282028198,0.0017014994518831372,0.0006070697563700378,0.0010343664325773716,0.9959372282028198,0.000719820789527148
/Users/aswanathjs/Downloads/test9/ai_plastic_waste_management_training/PP Plastic/irregular_containers_grey/train_PP-47_jpg.rf.7e347deeabfeaddc7ee47f93ccff5e15.jpg,3,PP Plastic,3,PP Plastic,0.9945610165596008,0.0019442496122792363,0.0009045028127729893,0.0014808811247348785,0.9945610165596008,0.0011093545472249389
/Users/aswanathjs/Downloads/test9/ai_plastic_waste_management_training/LDPE Plastic/black_white__plastic_bags/0224_jpg.rf.e4e3ef7096d06183f8595a5e4d9f4121.jpg,1,LDPE Plastic,1,LDPE Plastic,0.9998186230659485,2.1807416487718e-05,0.9998186230659485,8.310346311191097e-05,2.7504054742166772e-05,4.901898137177341e-05
/Users/aswanathjs/Downloads/test9/ai_plastic_waste_management_training/HDPE Plastic/milk_bottles/HDPEM233.jpg,0,HDPE Plastic,0,HDPE Plastic,0.999574601650238,0.999574601650238,2.8613878384931013e-05,0.00012738018995150924,0.00018911024380940944,8.03277944214642e-05
/Users/aswanathjs/Downloads/test9/ai_plastic_waste_management_training/LDPE Plastic/plastic_bags/plasticbag (174).jpg,1,LDPE Plastic,1,LDPE Plastic,0.996232807636261,0.0006053493125364184,0.996232807636261,6.0704634961439297e-05,0.0011119063710793853,0.001989157171919942
/Users/aswanathjs/Downloads/test9/ai_plastic_waste_management_training/LDPE Plastic/plastic_bags/LDPE-265_jpg.rf.14545502b9c9c0fa54497a56549d9955.jpg,1,LDPE Plastic,1,LDPE Plastic,0.9992311000823975,0.0001452824508305639,0.9992311000823975,0.00015910084766801447,0.00021976130665279925,0.0002447510196361691
/Users/aswanathjs/Downloads/test9/ai_plastic_waste_management_training/PP Plastic/irregular_containers/train_PP-84_jpg.rf.83c74221d1746496d5445786ffca8830.jpg,3,PP Plastic,3,PP Plastic,0.9983602166175842,0.00011642416211543605,0.0009859353303909302,0.0003936945286113769,0.9983602166175842,0.00014372037549037486
/Users/aswanathjs/Downloads/test9/ai_plastic_waste_management_training/PP Plastic/square_containers/Image_244.png,3,PP Plastic,3,PP Plastic,0.9795318841934204,0.006781596224755049,0.009544162079691887,9.327077714260668e-05,0.9795318841934204,0.004049133975058794
/Users/aswanathjs/Downloads/test9/ai_plastic_waste_management_training/PS Plastic/foam_containers/Image_244.png,3,PP Plastic,3,PP Plastic,0.7139251232147217,0.04521803930401802,0.056477922946214676,0.010607389733195305,0.7139251232147217,0.17377150058746338
/Users/aswanathjs/Downloads/test9/ai_plastic_waste_management_training/LDPE Plastic/plastic_bags/LDPE-287_jpg.rf.0ac9c733e7bbaf8b4f87a5d4d2b18a3e.jpg,1,LDPE Plastic,1,LDPE Plastic,0.9961526989936829,0.0006845799507573247,0.9961526989936829,0.0010034212609753013,0.0012621168280020356,0.0008971539209596813
/Users/aswanathjs/Downloads/test9/ai_plastic_waste_management_training/PET Plastic/plastic_bottles/PET289.jpg,2,PET Plastic,2,PET Plastic,0.9996534585952759,0.00012620842608157545,5.446045543067157e-05,0.9996534585952759,9.994949505198747e-05,6.586316885659471e-05
/Users/aswanathjs/Downloads/test9/ai_plastic_waste_management_training/PP Plastic/irregular_containers/train_PP-43_jpg.rf.97057f0e286ed1253f508820b5ec6eff.jpg,3,PP Plastic,3,PP Plastic,0.9968155026435852,0.0008728398242965341,0.0008976057870313525,0.000837606203276664,0.9968155026435852,0.0005764320376329124
/Users/aswanathjs/Downloads/test9/ai_plastic_waste_management_training/PP Plastic/irregular_containers_grey/train_PP-43_jpg.rf.97057f0e286ed1253f508820b5ec6eff.jpg,3,PP Plastic,3,PP Plastic,0.9958826303482056,0.0014656487619504333,0.0008950706105679274,0.0011018668301403522,0.9958826303482056,0.0006549082463607192
/Users/aswanathjs/Downloads/test9/ai_plastic_waste_management_training/PS Plastic/foam_sheets/PS-617_jpg.rf.647ef8eb72ca34b90024ac215bb321dc.jpg,4,PS Plastic,4,PS Plastic,0.999358594417572,0.0001508310087956488,0.00018746407295111567,0.00012145852815592661,0.00018164183711633086,0.999358594417572
/Users/aswanathjs/Downloads/test9/ai_plastic_waste_management_training/PS Plastic/foam_sheets/IMG_9388_JPG.rf.03172d70e03f82ef456d413d379477ce.jpg,4,PS Plastic,4,PS Plastic,0.9995786547660828,3.986911542597227e-05,0.00023580559354741126,3.7782290746690705e-05,0.00010779424337670207,0.9995786547660828
/Users/aswanathjs/Downloads/test9/ai_plastic_waste_management_training/PS Plastic/foam_sheets/IMG_9388_JPG.rf.37bf614bce92b405bcedcaddc58e5b56.jpg,4,PS Plastic,4,PS Plastic,0.9996059536933899,4.963697210769169e-05,0.00012563240306917578,7.264862506417558e-05,0.00014605766045860946,0.9996059536933899
/Users/aswanathjs/Downloads/test9/ai_plastic_waste_management_training/PS Plastic/foam_sheets/IMG_9388_JPG.rf.afb5c4351af63b85b0fe1db7ead63e01.jpg,4,PS Plastic,4,PS Plastic,0.9994801878929138,6.393122021108866e-05,0.0002868889714591205,4.790945240529254e-05,0.00012111367686884478,0.9994801878929138
/Users/aswanathjs/Downloads/test9/ai_plastic_waste_management_training/HDPE Plastic/detergent_bottles/0039_a02b01c1d3e0f1g0h3.jpg,0,HDPE Plastic,0,HDPE Plastic,0.9972303509712219,0.9972303509712219,0.0012357342056930065,0.00011927464947802946,0.0013300511054694653,8.46754846861586e-05
/Users/aswanathjs/Downloads/test9/ai_plastic_waste_management_training/PS Plastic/foam_sheets/IMG_9362_JPG.rf.d9585f9c0efa8b6bcda67103f482012c.jpg,4,PS Plastic,4,PS Plastic,0.9995741248130798,8.765023812884465e-05,0.00012045968469465151,4.479887866182253e-05,0.00017292976554017514,0.9995741248130798
/Users/aswanathjs/Downloads/test9/ai_plastic_waste_management_training/PS Plastic/foam_sheets/IMG_9362_JPG.rf.f92387c7e260d5d6290c708630db03e1.jpg,4,PS Plastic,4,PS Plastic,0.9983730316162109,0.00034262053668498993,0.000644636049401015,0.00018082007591146976,0.0004588760784827173,0.9983730316162109
/Users/aswanathjs/Downloads/test9/ai_plastic_waste_management_training/PS Plastic/foam_sheets/IMG_9362_JPG.rf.81ead49ca2ca3e3acb0fc22cbb4f9211.jpg,4,PS Plastic,4,PS Plastic,0.9995241165161133,0.00011263077612966299,0.00013765688345301896,5.3464547818293795e-05,0.00017214874969795346,0.9995241165161133
/Users/aswanathjs/Downloads/test9/ai_plastic_waste_management_training/HDPE Plastic/shampoo_bottiles_grey/0065_a02b03c2d3e0f1g0h4.jpg,0,HDPE Plastic,0,HDPE Plastic,0.9994658827781677,0.9994658827781677,8.587443153373897e-05,0.00010792237299028784,0.0002317174948984757,0.00010851580736925825
/Users/aswanathjs/Downloads/test9/ai_plastic_waste_management_training/HDPE Plastic/shampoo_bottles/0065_a02b03c2d3e0f1g0h4.jpg,0,HDPE Plastic,0,HDPE Plastic,0.9997287392616272,0.9997287392616272,2.068215690087527e-05,6.041143205948174e-05,0.00010326325718779117,8.687150693731382e-05
/Users/aswanathjs/Downloads/test9/ai_plastic_waste_management_training/PET Plastic/black_white_plastic_bottles/aswkx_jpg.rf.72119c611b502c599281ce6f98d489bc.jpg,2,PET Plastic,2,PET Plastic,0.9996844530105591,5.426296411314979e-05,8.560036803828552e-05,0.9996844530105591,8.876269566826522e-05,8.695228461874649e-05
/Users/aswanathjs/Downloads/test9/ai_plastic_waste_management_training/HDPE Plastic/milk_bottles/HDPEM4.jpg,0,HDPE Plastic,0,HDPE Plastic,0.9999748468399048,0.9999748468399048,5.793016953248298e-06,3.935572749469429e-06,6.035468686604872e-06,9.357835551782046e-06
/Users/aswanathjs/Downloads/test9/ai_plastic_waste_management_training/HDPE Plastic/shampoo_bottles/0061_a02b01c1d1e0f1g0h2(1).jpg,0,HDPE Plastic,0,HDPE Plastic,0.9990938901901245,0.9990938901901245,6.535441934829578e-05,0.00010716114775277674,0.00030763569520786405,0.0004259422712493688
/Users/aswanathjs/Downloads/test9/ai_plastic_waste_management_training/PP Plastic/round_containers/0035_a06b01c2d1e0f0g0h3.jpg,3,PP Plastic,3,PP Plastic,0.9958454966545105,0.0016092942096292973,0.0014153046067804098,0.0001463767111999914,0.9958454966545105,0.0009834804804995656
/Users/aswanathjs/Downloads/test9/ai_plastic_waste_management_training/HDPE Plastic/detergent_bottles/0098_a02b03c1d3e0f0g0h3.jpg,0,HDPE Plastic,0,HDPE Plastic,0.9909701347351074,0.9909701347351074,0.0011779854539781809,0.0006017226842232049,0.00695814611390233,0.0002918500395026058
/Users/aswanathjs/Downloads/test9/ai_plastic_waste_management_training/PS Plastic/form_containers_grey/Image_230.png,4,PS Plastic,4,PS Plastic,0.8486399054527283,0.03863408416509628,0.016704672947525978,0.015395395457744598,0.08062584698200226,0.8486399054527283
/Users/aswanathjs/Downloads/test9/ai_plastic_waste_management_training/PS Plastic/foam_containers/Image_230.png,4,PS Plastic,4,PS Plastic,0.8794466257095337,0.03900907561182976,0.014879015274345875,0.016880018636584282,0.049785252660512924,0.8794466257095337
/Users/aswanathjs/Downloads/test9/ai_plastic_waste_management_training/PS Plastic/foam_sheets/PS-520_jpg.rf.1590a9018acf2592e76cebd2b6366c5f.jpg,4,PS Plastic,4,PS Plastic,0.9998072981834412,2.053644675470423e-05,6.913622928550467e-05,2.7357797080185264e-05,7.566303975181654e-05,0.9998072981834412
/Users/aswanathjs/Downloads/test9/ai_plastic_waste_management_training/LDPE Plastic/plastic_bags/plasticbag (101).jpg,1,LDPE Plastic,1,LDPE Plastic,0.9998002648353577,3.7710313335992396e-05,0.9998002648353577,4.687664841185324e-06,0.00010440957703394815,5.300553311826661e-05
/Users/aswanathjs/Downloads/test9/ai_plastic_waste_management_training/HDPE Plastic/shampoo_bottles/0099_a02b01c2d1e0f1g0h1.jpg,0,HDPE Plastic,0,HDPE Plastic,0.9999641180038452,0.9999641180038452,4.808618541574106e-06,1.5751778846606612e-05,7.29564817447681e-06,8.038640771701466e-06
/Users/aswanathjs/Downloads/test9/ai_plastic_waste_management_training/HDPE Plastic/milk_bottles/HDPEM227.jpg,0,HDPE Plastic,0,HDPE Plastic,0.9989387392997742,0.9989387392997742,7.035640010144562e-05,0.00036490883212536573,0.0005119718844071031,0.00011410607839934528
"/Users/aswanathjs/Downloads/test9/ai_plastic_waste_management_training/PET Plastic/plastic_bottles/PET1,771.jpg",2,PET Plastic,2,PET Plastic,0.9933451414108276,0.001377374050207436,0.0032833339646458626,0.9933451414108276,0.0010065232636407018,0.0009876542026177049
"/Users/aswanathjs/Downloads/test9/ai_plastic_waste_management_training/PET Plastic/plastic_bottles/PET1,224.jpg",2,PET Plastic,2,PET Plastic,0.9939036965370178,0.0008606617338955402,6.175378803163767e-05,0.9939036965370178,0.005051708314567804,0.00012215909373480827
/Users/aswanathjs/Downloads/test9/ai_plastic_waste_management_training/PET Plastic/black_white_plastic_bottles/bdnyx_jpg.rf.bd350d41c4aff19d138f8e6ba336d049.jpg,2,PET Plastic,2,PET Plastic,0.9994403719902039,8.450262248516083e-05,0.0003484178159851581,0.9994403719902039,3.603200093493797e-05,9.059325384441763e-05
/Users/aswanathjs/Downloads/test9/ai_plastic_waste_management_training/LDPE Plastic/plastic_bags/LDPE-230_jpg.rf.814b1f425c580f6b25fa6bd3bb2e6715.jpg,1,LDPE Plastic,1,LDPE Plastic,0.9989482760429382,0.00014746807573828846,0.9989482760429382,0.00034173554740846157,0.00022902223281562328,0.00033349404111504555
/Users/aswanathjs/Downloads/test9/ai_plastic_waste_management_training/PET Plastic/plastic_bottles/PET731.jpg,2,PET Plastic,2,PET Plastic,0.9994145631790161,0.00035390135599300265,3.737053702934645e-05,0.9994145631790161,5.5038370192050934e-05,0.00013908666733186692
/Users/aswanathjs/Downloads/test9/ai_plastic_waste_management_training/PET Plastic/black_white_plastic_bottles/culok_jpg.rf.df34d102d128e10755b809a1619cc626.jpg,2,PET Plastic,2,PET Plastic,0.9995278120040894,2.5742263460415415e-05,0.0001176875812234357,0.9995278120040894,0.00029354754951782525,3.52706374542322e-05
/Users/aswanathjs/Downloads/test9/ai_plastic_waste_management_training/LDPE Plastic/plastic_bags/plasticbag (1).jpg,1,LDPE Plastic,1,LDPE Plastic,0.9965041875839233,0.0002732597349677235,0.9965041875839233,0.00012524076737463474,0.0008771936991252005,0.002220219001173973
/Users/aswanathjs/Downloads/test9/ai_plastic_waste_management_training/LDPE Plastic/plastic_bags/plasticbag (1).png,1,LDPE Plastic,1,LDPE Plastic,0.9993239641189575,8.996397082228214e-05,0.9993239641189575,1.6817815776448697e-05,0.00035004341043531895,0.00021922637824900448
/Users/aswanathjs/Downloads/test9/ai_plastic_waste_management_training/PET Plastic/black_white_plastic_bottles/abywq_jpg.rf.40979fdfa364d24db32db72ae60e3450.jpg,2,PET Plastic,2,PET Plastic,0.9970369338989258,0.000249050441198051,0.0009924514451995492,0.9970369338989258,0.00025313557125627995,0.0014684255002066493
/Users/aswanathjs/Downloads/test9/ai_plastic_waste_management_training/PS Plastic/foam_sheets/PS-703_jpg.rf.ecb20d25fbbc6ed8cf0bdfa206d1bab7.jpg,4,PS Plastic,4,PS Plastic,0.9991466999053955,0.0002535725070629269,8.348300616489723e-05,0.00019369735673535615,0.00032260839361697435,0.9991466999053955
/Users/aswanathjs/Downloads/test9/ai_plastic_waste_management_training/HDPE Plastic/milk_bottles/HDPEM458.jpg,0,HDPE Plastic,0,HDPE Plastic,0.9991556406021118,0.9991556406021118,1.7217218555742875e-05,0.00017065233259927481,0.0006155556184239686,4.090382208232768e-05
/Users/aswanathjs/Downloads/test9/ai_plastic_waste_management_training/HDPE Plastic/detergent_bottles/0098_a02b03c2d0e0f0g0h3.jpg,0,HDPE Plastic,0,HDPE Plastic,0.9994103908538818,0.9994103908538818,0.00018804696446750313,3.430146171012893e-05,0.00029657609411515296,7.070447463775054e-05
/Users/aswanathjs/Downloads/test9/ai_plastic_waste_management_training/LDPE Plastic/plastic_bags/plasticbag (47).jpg,1,LDPE Plastic,1,LDPE Plastic,0.995760977268219,0.0034475019201636314,0.995760977268219,4.6151017158990726e-05,0.0004491673316806555,0.00029618130065500736
/Users/aswanathjs/Downloads/test9/ai_plastic_waste_management_training/LDPE Plastic/plastic_bags/plasticbag (73).jpg,1,LDPE Plastic,1,LDPE Plastic,0.9990150928497314,0.0009223315282724798,0.9990150928497314,3.7723896184616024e-06,3.771172123379074e-05,2.1056117475382052e-05
/Users/aswanathjs/Downloads/test9/ai_plastic_waste_management_training/HDPE Plastic/shampoo_bottles/0061_a02b01c2d1e0f1g0h4.jpg,0,HDPE Plastic,0,HDPE Plastic,0.9984103441238403,0.9984103441238403,0.00027223877259530127,0.0006477340357378125,0.0003613388689700514,0.0003083883784711361
/Users/aswanathjs/Downloads/test9/ai_plastic_waste_management_training/HDPE Plastic/detergent_bottles/IMG_20220209_182147.jpg,0,HDPE Plastic,0,HDPE Plastic,0.998579740524292,0.998579740524292,0.00011256686411798,0.0007159010856412351,0.0004511528823059052,0.00014063653361517936
/Users/aswanathjs/Downloads/test9/ai_plastic_waste_management_training/HDPE Plastic/milk_bottles/HDPEM48.jpg,0,HDPE Plastic,0,HDPE Plastic,0.9919769167900085,0.9919769167900085,4.2959331040037796e-05,0.005470760632306337,0.0021138330921530724,0.00039555010152980685
/Users/aswanathjs/Downloads/test9/ai_plastic_waste_management_training/LDPE Plastic/black_white__plastic_bags/0162_jpg.rf.9a1981dd31050787a474bb8ac0693d45.jpg,1,LDPE Plastic,1,LDPE Plastic,0.9984684586524963,0.0002543948357924819,0.9984684586524963,0.0001786288048606366,0.00018084391194861382,0.0009176429011859
"/Users/aswanathjs/Downloads/test9/ai_plastic_waste_management_training/PET Plastic/plastic_bottles/PET1,742.jpg",2,PET Plastic,2,PET Plastic,0.9953358769416809,0.00026348367100581527,0.0006922179600223899,0.9953358769416809,0.002768672304227948,0.000939801218919456
/Users/aswanathjs/Downloads/test9/ai_plastic_waste_management_training/PET Plastic/plastic_bottles/PET629.jpg,2,PET Plastic,2,PET Plastic,0.9975222945213318,0.0016262459103018045,0.0001541552774142474,0.9975222945213318,0.0004919570055790246,0.00020537138334475458
/Users/aswanathjs/Downloads/test9/ai_plastic_waste_management_training/HDPE Plastic/milk_bottles/HDPEM568.JPG,0,HDPE Plastic,0,HDPE Plastic,0.9998739957809448,0.9998739957809448,1.6312531442963518e-05,7.22655386198312e-05,1.5037800039863214e-05,2.243127346446272e-05
/Users/aswanathjs/Downloads/test9/ai_plastic_waste_management_training/LDPE Plastic/black_white__plastic_bags/0295_jpg.rf.065b088f4f3e5e4867e8290e9faee15b.jpg,1,LDPE Plastic,1,LDPE Plastic,0.9991065859794617,5.574100941885263e-05,0.9991065859794617,3.716060018632561e-05,0.000396562012610957,0.0004039217601530254
/Users/aswanathjs/Downloads/test9/ai_plastic_waste_management_training/PET Plastic/plastic_bottles/PET490.jpg,2,PET Plastic,2,PET Plastic,0.9992448091506958,7.144385017454624e-05,1.4354411177919246e-05,0.9992448091506958,0.0003940215683542192,0.0002754388842731714
/Users/aswanathjs/Downloads/test9/ai_plastic_waste_management_training/PS Plastic/foam_sheets/PS-787_jpg.rf.0c785dc43d2465bb8a78b7a52c615efe.jpg,4,PS Plastic,4,PS Plastic,0.9994314312934875,0.00011310058471281081,0.00017426699923817068,0.00014384837413672358,0.00013737895642407238,0.9994314312934875
/Users/aswanathjs/Downloads/test9/ai_plastic_waste_management_training/LDPE Plastic/plastic_bags/LDPE-431_jpg.rf.249b0f57fc04a7a0ae6d37d000ecb703.jpg,1,LDPE Plastic,1,LDPE Plastic,0.9995248317718506,0.00018117376021109521,0.9995248317718506,7.238553371280432e-05,0.0001582244731253013,6.332845805445686e-05
/Users/aswanathjs/Downloads/test9/ai_plastic_waste_management_training/LDPE Plastic/plastic_bags/plasticbag (151).jpg,1,LDPE Plastic,1,LDPE Plastic,0.9922439455986023,0.0009664377430453897,0.9922439455986023,3.910712985089049e-05,0.0003981584159191698,0.00635235570371151
/Users/aswanathjs/Downloads/test9/ai_plastic_waste_management_training/LDPE Plastic/plastic_bags/LDPE-293_jpg.rf.bde4224432d30d40d24d3dcd6f1e0888.jpg,1,LDPE Plastic,1,LDPE Plastic,0.9973316192626953,0.0002378210483584553,0.9973316192626953,0.0014015673659741879,0.0004589781165122986,0.0005701100453734398
/Users/aswanathjs/Downloads/test9/ai_plastic_waste_management_training/HDPE Plastic/shampoo_bottles/0077_a02b01c2d2e0f1g0h1.jpg,0,HDPE Plastic,0,HDPE Plastic,0.9956287145614624,0.9956287145614624,0.00012467427586670965,0.002597352722659707,0.0012443457962945104,0.0004048131813760847
/Users/aswanathjs/Downloads/test9/ai_plastic_waste_management_training/HDPE Plastic/milk_bottles/HDPEM500.jpg,0,HDPE Plastic,0,HDPE Plastic,0.9889321327209473,0.9889321327209473,0.0027713982854038477,0.0010933901648968458,0.005274311173707247,0.0019287053728476167
/Users/aswanathjs/Downloads/test9/ai_plastic_waste_management_training/LDPE Plastic/plastic_bags/LDPE-40_jpg.rf.a5a123359eee300daad58ce7995bacd6.jpg,1,LDPE Plastic,1,LDPE Plastic,0.9941089153289795,0.0002470378531143069,0.9941089153289795,0.0038302557077258825,0.000524973263964057,0.0012888177298009396
/Users/aswanathjs/Downloads/test9/ai_plastic_waste_management_training/LDPE Plastic/plastic_bags/LDPE-40_jpg.rf.e55415c481da52b2769ed03c2ab0823d.jpg,1,LDPE Plastic,1,LDPE Plastic,0.9989457726478577,0.0002529573393985629,0.9989457726478577,4.820538742933422e-05,8.445734420092776e-05,0.0006686285487376153
/Users/aswanathjs/Downloads/test9/ai_plastic_waste_management_training/LDPE Plastic/plastic_bags/train_LDPE-47_jpg.rf.610bad0d856c5afe10fe1ff56827726f.jpg,1,LDPE Plastic,1,LDPE Plastic,0.9993385672569275,0.0003742149565368891,0.9993385672569275,6.89387961756438e-05,0.00014823279343545437,7.00607561157085e-05
/Users/aswanathjs/Downloads/test9/ai_plastic_waste_management_training/PET Plastic/black_white_plastic_bottles/cbzxm_jpg.rf.2399244408126d3169b792107dfab1c5.jpg,2,PET Plastic,2,PET Plastic,0.9972328543663025,9.10413364181295e-05,0.002168460749089718,0.9972328543663025,0.00028634408954530954,0.00022127020929474384
/Users/aswanathjs/Downloads/test9/ai_plastic_waste_management_training/HDPE Plastic/detergent_bottles/0010_a02b01c1d3e0f1g0h0.jpg,0,HDPE Plastic,0,HDPE Plastic,0.9985660910606384,0.9985660910606384,0.00012148785026511177,0.00017359218327328563,0.0009785512229427695,0.00016039547335822135
/Users/aswanathjs/Downloads/test9/ai_plastic_waste_management_training/HDPE Plastic/milk_bottles/HDPEM142.jpg,0,HDPE Plastic,0,HDPE Plastic,0.998584508895874,0.998584508895874,0.0003268971631769091,0.00023552165657747537,0.000727357342839241,0.00012580682232510298
/Users/aswanathjs/Downloads/test9/ai_plastic_waste_management_training/PET Plastic/shampoo_bottles/0080_a05b00c1d2e0f1g0h2.jpg,2,PET Plastic,2,PET Plastic,0.9929389953613281,2.293997567903716e-06,3.7542456993833184e-05,0.9929389953613281,0.007008071057498455,1.3096714610583149e-05
/Users/aswanathjs/Downloads/test9/ai_plastic_waste_management_training/PS Plastic/foam_sheets/Plastic_377_jpg.rf.77917ecb16b6a31b0e94129838e490b3.jpg,4,PS Plastic,4,PS Plastic,0.9941977262496948,0.001971007790416479,0.0008344224188476801,0.00124142796266824,0.001755332457832992,0.9941977262496948
/Users/aswanathjs/Downloads/test9/ai_plastic_waste_management_training/PS Plastic/form_sheets_grey/Plastic_377_jpg.rf.77917ecb16b6a31b0e94129838e490b3.jpg,4,PS Plastic,4,PS Plastic,0.9857538938522339,0.00509595824405551,0.0034550088457763195,0.0016146883135661483,0.0040804194286465645,0.9857538938522339
/Users/aswanathjs/Downloads/test9/ai_plastic_waste_management_training/PET Plastic/black_white_plastic_bottles/akzlw_jpg.rf.d4ae9247059ec7de3f13dc3628e33012.jpg,2,PET Plastic,2,PET Plastic,0.9998581409454346,3.704314440255985e-05,9.610666893422604e-06,0.9998581409454346,6.532549014082178e-05,2.9792039640597068e-05
/Users/aswanathjs/Downloads/test9/ai_plastic_waste_management_training/LDPE Plastic/plastic_bags/plasticbag (127).jpg,1,LDPE Plastic,1,LDPE Plastic,0.9994344115257263,3.687032585730776e-05,0.9994344115257263,4.765078756463481e-06,0.0003168087569065392,0.00020709804084617645
/Users/aswanathjs/Downloads/test9/ai_plastic_waste_management_training/HDPE Plastic/shampoo_bottles/0023_a02b01c2d3e0f1g0h0.jpg,0,HDPE Plastic,0,HDPE Plastic,0.9928690791130066,0.9928690791130066,0.0006387598696164787,0.0008212961256504059,0.005025050137192011,0.0006457739509642124
/Users/aswanathjs/Downloads/test9/ai_plastic_waste_management_training/PS Plastic/foam_sheets/PS-864_jpg.rf.5a3574d591f4346dfdf92882507dcb85.jpg,4,PS Plastic,4,PS Plastic,0.999757707118988,3.340070179547183e-05,5.352546213543974e-05,9.71892150118947e-05,5.821654121973552e-05,0.999757707118988
/Users/aswanathjs/Downloads/test9/ai_plastic_waste_management_training/HDPE Plastic/milk_bottles/HDPEM315.jpg,0,HDPE Plastic,0,HDPE Plastic,0.9997066855430603,0.9997066855430603,5.8600471675163135e-05,5.128826524014585e-05,7.378013106063008e-05,0.00010959416249534115
/Users/aswanathjs/Downloads/test9/ai_plastic_waste_management_training/LDPE Plastic/plastic_bags/plasticbag (186) 17.43.56.jpg,1,LDPE Plastic,1,LDPE Plastic,0.9995803236961365,0.00012697206693701446,0.9995803236961365,6.982847844483331e-05,0.00015405434533022344,6.883720197947696e-05
/Users/aswanathjs/Downloads/test9/ai_plastic_waste_management_training/HDPE Plastic/shampoo_bottles/0078_a02b07c2d1e0f1g0h4.jpg,0,HDPE Plastic,0,HDPE Plastic,0.9982206225395203,0.9982206225395203,0.00046803097939118743,0.0005147418123669922,0.0005102830473333597,0.00028625319828279316
/Users/aswanathjs/Downloads/test9/ai_plastic_waste_management_training/HDPE Plastic/detergent_bottles/0039_a02b01c1d2e0f1g0h2.jpg,0,HDPE Plastic,0,HDPE Plastic,0.9998906850814819,0.9998906850814819,3.5290486266603693e-06,5.846688509336673e-05,1.9888013412128203e-05,2.7370908355806023e-05
/Users/aswanathjs/Downloads/test9/ai_plastic_waste_management_training/PS Plastic/foam_sheets/PS-881_jpg.rf.05216e5ddd84d2a4eb1b0506777e46e0.jpg,4,PS Plastic,4,PS Plastic,0.9998388290405273,3.613513763411902e-05,4.4112988689448684e-05,4.367942165117711e-05,3.725638089235872e-05,0.9998388290405273
/Users/aswanathjs/Downloads/test9/ai_plastic_waste_management_training/PP Plastic/round_containers/IMG_20220210_105620.jpg,3,PP Plastic,3,PP Plastic,0.9857068657875061,0.004849523771554232,0.004579578991979361,0.0031648105941712856,0.9857068657875061,0.001699219923466444
/Users/aswanathjs/Downloads/test9/ai_plastic_waste_management_training/LDPE Plastic/plastic_bags/LDPE-418_jpg.rf.59fd351ccd47cc2e99157fa9a87ff8e6.jpg,1,LDPE Plastic,1,LDPE Plastic,0.999762237071991,3.643316085799597e-05,0.999762237071991,5.2449493523454294e-05,9.967346704797819e-05,4.921317668049596e-05
/Users/aswanathjs/Downloads/test9/ai_plastic_waste_management_training/HDPE Plastic/detergent_bottles/IMG_20220209_182200.jpg,0,HDPE Plastic,0,HDPE Plastic,0.9563855528831482,0.9563855528831482,0.0017598471604287624,0.009810618124902248,0.02504737675189972,0.006996694952249527
/Users/aswanathjs/Downloads/test9/ai_plastic_waste_management_training/PET Plastic/black_white_plastic_bottles/cyfte_jpg.rf.aa843f2d247631ef19cbb513c3ab601f.jpg,2,PET Plastic,2,PET Plastic,0.9951850771903992,9.59020144364331e-06,0.002809335244819522,0.9951850771903992,0.001944286865182221,5.170199437998235e-05
/Users/aswanathjs/Downloads/test9/ai_plastic_waste_management_training/HDPE Plastic/shampoo_bottles/0061_a02b01c1d2e0f1g0h1(1).jpg,0,HDPE Plastic,0,HDPE Plastic,0.9999477863311768,0.9999477863311768,7.333791472774465e-06,8.762662218941841e-06,2.1511468730750494e-05,1.455375058867503e-05
/Users/aswanathjs/Downloads/test9/ai_plastic_waste_management_training/PET Plastic/plastic_bottles/PET809.jpg,2,PET Plastic,2,PET Plastic,0.9989632368087769,9.001635771710426e-05,0.0007345142075791955,0.9989632368087769,4.513336534728296e-05,0.00016710667114239186
/Users/aswanathjs/Downloads/test9/ai_plastic_waste_management_training/PP Plastic/square_containers/Image_43.png,3,PP Plastic,3,PP Plastic,0.9742490649223328,0.0008991783251985908,0.023885734379291534,0.00014068452583160251,0.9742490649223328,0.0008253452833741903
/Users/aswanathjs/Downloads/test9/ai_plastic_waste_management_training/PS Plastic/foam_containers/Image_43.png,3,PP Plastic,3,PP Plastic,0.8538249135017395,0.00658733444288373,0.0539165735244751,0.007706328760832548,0.8538249135017395,0.07796487212181091
"/Users/aswanathjs/Downloads/test9/ai_plastic_waste_management_training/PET Plastic/plastic_bottles/PET1,327.jpg",2,PET Plastic,2,PET Plastic,0.9985765218734741,0.001388653996400535,4.696384621638572e-06,0.9985765218734741,6.282677986746421e-06,2.3902466637082398e-05
/Users/aswanathjs/Downloads/test9/ai_plastic_waste_management_training/PET Plastic/black_white_plastic_bottles/atybo_jpg.rf.fcd8ab570f3c1c7fd295ee6d723e08f9.jpg,2,PET Plastic,2,PET Plastic,0.999016284942627,0.0003633984597399831,0.00010970737639581785,0.999016284942627,0.00042433751514181495,8.634622645331547e-05
/Users/aswanathjs/Downloads/test9/ai_plastic_waste_management_training/PS Plastic/foam_sheets/PS-842_jpg.rf.e982ae6579999b1e31f1c874455a0970.jpg,4,PS Plastic,4,PS Plastic,0.9998192191123962,4.3976240704068914e-05,4.84275515191257e-05,3.929832382709719e-05,4.907041511614807e-05,0.9998192191123962
/Users/aswanathjs/Downloads/test9/ai_plastic_waste_management_training/PS Plastic/form_sheets_grey/PS-842_jpg.rf.e982ae6579999b1e31f1c874455a0970.jpg,4,PS Plastic,4,PS Plastic,0.9998044371604919,3.769126851693727e-05,4.045357127324678e-05,5.926135781919584e-05,5.824014078825712e-05,0.9998044371604919
/Users/aswanathjs/Downloads/test9/ai_plastic_waste_management_training/PET Plastic/black_white_plastic_bottles/cunzi_jpg.rf.3931bfde9de42598078b82162c74494e.jpg,2,PET Plastic,2,PET Plastic,0.9988116025924683,9.340618998976424e-05,0.0005685229552909732,0.9988116025924683,0.0004037701291963458,0.00012270041042938828
"/Users/aswanathjs/Downloads/test9/ai_plastic_waste_management_training/PET Plastic/plastic_bottles/PET1,715.jpg",2,PET Plastic,2,PET Plastic,0.9890043139457703,0.010044517926871777,3.0505550967063755e-05,0.9890043139457703,0.0007881216588430107,0.00013257846876513213
/Users/aswanathjs/Downloads/test9/ai_plastic_waste_management_training/PET Plastic/black_white_plastic_bottles/bkfgd_jpg.rf.9d138b03d92f37c8718ecbc4bac077cb.jpg,2,PET Plastic,2,PET Plastic,0.9996143579483032,3.271308378316462e-05,0.0002120033313985914,0.9996143579483032,6.505066266981885e-05,7.584766717627645e-05
/Users/aswanathjs/Downloads/test9/ai_plastic_waste_management_training/LDPE Plastic/plastic_bags/train_LDPE-70_jpg.rf.266a4630c4a9a3bbf5f0eb2c2ad2951c.jpg,1,LDPE Plastic,1,LDPE Plastic,0.9997332692146301,5.386945849750191e-05,0.9997332692146301,3.5215056414017454e-05,2.4482811568304896e-05,0.00015321033424697816
/Users/aswanathjs/Downloads/test9/ai_plastic_waste_management_training/PS Plastic/foam_containers/Image_112.png,4,PS Plastic,4,PS Plastic,0.6177293062210083,0.04337555915117264,0.21230405569076538,0.003064557211473584,0.12352655082941055,0.6177293062210083
/Users/aswanathjs/Downloads/test9/ai_plastic_waste_management_training/HDPE Plastic/shampoo_bottles/0077_a02b01c2d2e0f1g0h3.jpg,0,HDPE Plastic,0,HDPE Plastic,0.9986860156059265,0.9986860156059265,0.00022299775446299464,0.0003465691988822073,0.0004009238618891686,0.00034347872133366764
/Users/aswanathjs/Downloads/test9/ai_plastic_waste_management_training/LDPE Plastic/plastic_bags/plasticbag (173).jpg,1,LDPE Plastic,1,LDPE Plastic,0.9997159838676453,4.974456533091143e-05,0.9997159838676453,1.138661627919646e-05,0.0001975245395442471,2.5424538762308657e-05
/Users/aswanathjs/Downloads/test9/ai_plastic_waste_management_training/PS Plastic/foam_sheets/PS-651_jpg.rf.cda908ffb9026c8b8d95001c0c53483e.jpg,4,PS Plastic,4,PS Plastic,0.9987956285476685,0.00014526609447784722,0.0005717285675927997,0.0002555794781073928,0.0002317688922630623,0.9987956285476685
"/Users/aswanathjs/Downloads/test9/ai_plastic_waste_management_training/PET Plastic/plastic_bottles/PET1,317.jpg",2,PET Plastic,2,PET Plastic,0.9924998879432678,0.0007616812945343554,0.00019504256488289684,0.9924998879432678,0.006047154776751995,0.0004962427192367613
"/Users/aswanathjs/Downloads/test9/ai_plastic_waste_management_training/PET Plastic/plastic_bottles/PET1,576.jpg",2,PET Plastic,2,PET Plastic,0.9974898099899292,0.0002534909581299871,0.0008804984972812235,0.9974898099899292,0.0008295403094962239,0.0005466151633299887
/Users/aswanathjs/Downloads/test9/ai_plastic_waste_management_training/HDPE Plastic/detergent_bottles/0096_a02b04c1d3e0f0g0h2.jpg,0,HDPE Plastic,0,HDPE Plastic,0.998472273349762,0.998472273349762,0.0001584068959346041,0.00013342085003387183,0.0011308928951621056,0.00010501085489522666
/Users/aswanathjs/Downloads/test9/ai_plastic_waste_management_training/PET Plastic/plastic_bottles/PET589.jpg,2,PET Plastic,2,PET Plastic,0.9997066855430603,0.0002424319100100547,3.7495410651899874e-06,0.9997066855430603,1.0393314369139262e-05,3.662932795123197e-05
/Users/aswanathjs/Downloads/test9/ai_plastic_waste_management_training/HDPE Plastic/detergent_bottles/Image_198.png,0,HDPE Plastic,0,HDPE Plastic,0.9904809594154358,0.9904809594154358,0.0008355265599675477,0.004387873690575361,0.003411776153370738,0.0008839356014505029
/Users/aswanathjs/Downloads/test9/ai_plastic_waste_management_training/HDPE Plastic/detergent_botteles_grey/Image_198.png,0,HDPE Plastic,0,HDPE Plastic,0.9916117191314697,0.9916117191314697,0.0011973351938650012,0.0031011351384222507,0.002284945221617818,0.0018048447091132402
/Users/aswanathjs/Downloads/test9/ai_plastic_waste_management_training/LDPE Plastic/bin_bags/Image_198.png,0,HDPE Plastic,1,LDPE Plastic,0.9323667287826538,0.05695370212197304,0.9323667287826538,0.0025873729027807713,0.004305505659431219,0.003786690765991807
/Users/aswanathjs/Downloads/test9/ai_plastic_waste_management_training/LDPE Plastic/bin_bags_grey/Image_198.png,0,HDPE Plastic,1,LDPE Plastic,0.7437095046043396,0.20930789411067963,0.7437095046043396,0.013114968314766884,0.015760023146867752,0.018107587471604347
/Users/aswanathjs/Downloads/test9/ai_plastic_waste_management_training/PP Plastic/round_containers/Image_198.png,0,HDPE Plastic,3,PP Plastic,0.38544514775276184,0.3635198771953583,0.1492660641670227,0.0515744686126709,0.38544514775276184,0.050194378942251205
/Users/aswanathjs/Downloads/test9/ai_plastic_waste_management_training/PS Plastic/foam_containers/Image_198.png,0,HDPE Plastic,0,HDPE Plastic,0.4150499999523163,0.4150499999523163,0.10566693544387817,0.0284755676984787,0.2921157777309418,0.15869174897670746
/Users/aswanathjs/Downloads/test9/ai_plastic_waste_management_training/PS Plastic/foam_sheets/IMG_9351_JPG.rf.c36c6fec509bda68ec99bc4f531acd3c.jpg,4,PS Plastic,4,PS Plastic,0.9994221925735474,0.0001775794808054343,0.00023947512090671808,7.949634891701862e-05,8.121934661176056e-05,0.9994221925735474
/Users/aswanathjs/Downloads/test9/ai_plastic_waste_management_training/PS Plastic/foam_sheets/IMG_9351_JPG.rf.38adcfc87ed2287a35e42b775601ad2c.jpg,4,PS Plastic,4,PS Plastic,0.9997997879981995,4.6930279495427385e-05,4.2734543967526406e-05,7.783470209687948e-05,3.2765052310423926e-05,0.9997997879981995
/Users/aswanathjs/Downloads/test9/ai_plastic_waste_management_training/PS Plastic/foam_sheets/IMG_9351_JPG.rf.10bbf9599a61362ec2886337e56b270e.jpg,4,PS Plastic,4,PS Plastic,0.9992895126342773,0.00020277035946492106,0.0001269209460588172,0.00018110519158653915,0.0001997030631173402,0.9992895126342773
/Users/aswanathjs/Downloads/test9/ai_plastic_waste_management_training/PP Plastic/round_containers/0031_a05b01c1d0e0f0g0h3.jpg,3,PP Plastic,3,PP Plastic,0.9985894560813904,0.0005764965899288654,0.0004967981949448586,0.00012461977894417942,0.9985894560813904,0.00021267205011099577
/Users/aswanathjs/Downloads/test9/ai_plastic_waste_management_training/PP Plastic/round_containers_grey/0031_a05b01c1d0e0f0g0h3.jpg,3,PP Plastic,3,PP Plastic,0.9983545541763306,0.00039891598862595856,0.0008006052230484784,0.00023595633683726192,0.9983545541763306,0.00021003390429541469
/Users/aswanathjs/Downloads/test9/ai_plastic_waste_management_training/PP Plastic/round_containers/0031_a05b01c1d0e0f0g0h4.jpg,3,PP Plastic,3,PP Plastic,0.9987404942512512,0.0006437955307774246,9.432573278900236e-05,0.0003430929209571332,0.9987404942512512,0.00017837916675489396
/Users/aswanathjs/Downloads/test9/ai_plastic_waste_management_training/PP Plastic/round_containers_grey/0031_a05b01c1d0e0f0g0h4.jpg,3,PP Plastic,3,PP Plastic,0.9954555034637451,0.002152729779481888,0.0013445691438391805,0.00046159594785422087,0.9954555034637451,0.0005855064373463392
/Users/aswanathjs/Downloads/test9/ai_plastic_waste_management_training/LDPE Plastic/black_white__plastic_bags/0163_jpg.rf.0aeb6e15ebadbb94be9ea641296c6e05.jpg,1,LDPE Plastic,1,LDPE Plastic,0.9998748302459717,7.424256637023063e-06,0.9998748302459717,7.67398887546733e-06,3.913364707841538e-06,0.00010613455378916115
"/Users/aswanathjs/Downloads/test9/ai_plastic_waste_management_training/PET Plastic/plastic_bottles/PET1,259.jpg",2,PET Plastic,2,PET Plastic,0.9998955726623535,8.053762576309964e-05,4.8387828428531066e-06,0.9998955726623535,8.679427992319688e-06,1.0361488421040121e-05
/Users/aswanathjs/Downloads/test9/ai_plastic_waste_management_training/PS Plastic/foam_sheets/PS-785_jpg.rf.5deff55d43217d89fd0a2039e73aa7a8.jpg,4,PS Plastic,4,PS Plastic,0.9993709921836853,0.00014923576964065433,0.00012580018665175885,0.00015405277372337878,0.00019986662664450705,0.9993709921836853
/Users/aswanathjs/Downloads/test9/ai_plastic_waste_management_training/LDPE Plastic/black_white__plastic_bags/0271_jpg.rf.7447a3499cc07537cbccee47654ef059.jpg,1,LDPE Plastic,1,LDPE Plastic,0.9987524747848511,0.0008051275508478284,0.9987524747848511,0.00018846643797587603,0.00014022518007550389,0.00011367005208740011
/Users/aswanathjs/Downloads/test9/ai_plastic_waste_management_training/PP Plastic/round_containers/0035_a06b01c1d0e0f0g0h0.jpg,3,PP Plastic,3,PP Plastic,0.9993711113929749,8.043284469749779e-05,0.00027892456273548305,0.00011220262967981398,0.9993711113929749,0.00015737491776235402
/Users/aswanathjs/Downloads/test9/ai_plastic_waste_management_training/PS Plastic/foam_sheets/IMG_9364_JPG.rf.78943591a0aa34be894caf46fd6bdd1b.jpg,4,PS Plastic,4,PS Plastic,0.9996542930603027,0.00013575315824709833,5.006612263969146e-05,0.00010939138883259147,5.047944068792276e-05,0.9996542930603027
/Users/aswanathjs/Downloads/test9/ai_plastic_waste_management_training/PS Plastic/foam_sheets/IMG_9364_JPG.rf.b879d0a451529461635fcc8ddc6976ad.jpg,4,PS Plastic,4,PS Plastic,0.9996702671051025,8.25049210106954e-05,6.390216731233522e-05,6.50598231004551e-05,0.00011831884330604225,0.9996702671051025
/Users/aswanathjs/Downloads/test9/ai_plastic_waste_management_training/PS Plastic/foam_sheets/IMG_9364_JPG.rf.496917bf65d897b13e95915518f40254.jpg,4,PS Plastic,4,PS Plastic,0.9997381567955017,9.374612272949889e-05,4.7282544983318076e-05,7.817588630132377e-05,4.258130502421409e-05,0.9997381567955017
/Users/aswanathjs/Downloads/test9/ai_plastic_waste_management_training/PS Plastic/form_sheets_grey/IMG_9364_JPG.rf.496917bf65d897b13e95915518f40254.jpg,4,PS Plastic,4,PS Plastic,0.9989925026893616,0.000274935329798609,0.00020618036796804518,0.0002922309504356235,0.00023411383153870702,0.9989925026893616
/Users/aswanathjs/Downloads/test9/ai_plastic_waste_management_training/PET Plastic/black_white_plastic_bottles/dleqp_jpg.rf.6bcc041e74e777e178413db8884af740.jpg,2,PET Plastic,2,PET Plastic,0.9997314810752869,1.7905111235450022e-05,4.7876725147943944e-05,0.9997314810752869,9.678801870904863e-05,0.00010593803017400205
/Users/aswanathjs/Downloads/test9/ai_plastic_waste_management_training/LDPE Plastic/plastic_bags/plasticbag (132) 17.43.56.jpg,1,LDPE Plastic,1,LDPE Plastic,0.9999867677688599,6.508907972602174e-06,0.9999867677688599,1.6485653304698644e-06,4.0974468902277295e-06,1.0564712056293502e-06
"/Users/aswanathjs/Downloads/test9/ai_plastic_waste_management_training/PET Plastic/plastic_bottles/PET1,567.jpg",2,PET Plastic,2,PET Plastic,0.9999353885650635,2.4128607037710026e-05,1.1159631867485587e-05,0.9999353885650635,1.7428877981728874e-05,1.1823204658867326e-05
/Users/aswanathjs/Downloads/test9/ai_plastic_waste_management_training/PET Plastic/shampoo_bottles/0080_a05b00c2d1e0f1g0h0.jpg,2,PET Plastic,2,PET Plastic,0.9974913597106934,0.0001121719105867669,1.5199359950202052e-05,0.9974913597106934,0.0023213750682771206,5.987958502373658e-05
/Users/aswanathjs/Downloads/test9/ai_plastic_waste_management_training/LDPE Plastic/plastic_bags/plasticbag (184) 17.43.56.jpg,1,LDPE Plastic,1,LDPE Plastic,0.9938596487045288,2.6283016268280335e-05,0.9938596487045288,0.005394337698817253,0.00036858805106021464,0.00035116722574457526
"/Users/aswanathjs/Downloads/test9/ai_plastic_waste_management_training/PET Plastic/plastic_bottles/PET1,104.jpg",2,PET Plastic,2,PET Plastic,0.9992456436157227,0.0006930941017344594,4.070041177328676e-05,0.9992456436157227,6.7442410909279715e-06,1.3904771549277939e-05
/Users/aswanathjs/Downloads/test9/ai_plastic_waste_management_training/LDPE Plastic/plastic_bags/train_LDPE-4_jpg.rf.172e48324e9bbb2936f1ce8c4f02d3e4.jpg,1,LDPE Plastic,1,LDPE Plastic,0.9981706142425537,0.0001145447458839044,0.9981706142425537,0.00028235421632416546,0.00010458212636876851,0.0013278246624395251
"/Users/aswanathjs/Downloads/test9/ai_plastic_waste_management_training/PET Plastic/plastic_bottles/PET1,210.jpg",2,PET Plastic,2,PET Plastic,0.9994232654571533,0.00035796721931546926,5.6522625527577475e-05,0.9994232654571533,7.532445306424052e-05,8.689906098879874e-05
/Users/aswanathjs/Downloads/test9/ai_plastic_waste_management_training/HDPE Plastic/shampoo_bottles/0076_a02b06c1d1e0f1g0h0.jpg,0,HDPE Plastic,0,HDPE Plastic,0.9994516968727112,0.9994516968727112,0.00026573691866360605,5.742274151998572e-05,0.00013977958587929606,8.530315244570374e-05
"/Users/aswanathjs/Downloads/test9/ai_plastic_waste_management_training/PET Plastic/plastic_bottles/PET1,343.jpg",2,PET Plastic,2,PET Plastic,0.999423623085022,0.00021850159100722522,2.4844375730026513e-05,0.999423623085022,0.00028266149456612766,5.0431612180545926e-05
"/Users/aswanathjs/Downloads/test9/ai_plastic_waste_management_training/PET Plastic/plastic_bottles/PET1,694.jpg",2,PET Plastic,2,PET Plastic,0.9999825954437256,7.473157893400639e-06,3.356618663019617e-06,0.9999825954437256,3.169072442688048e-06,3.428349600653746e-06
/Users/aswanathjs/Downloads/test9/ai_plastic_waste_management_training/LDPE Plastic/bin_bags/Image_183.png,1,LDPE Plastic,1,LDPE Plastic,0.9183893799781799,0.06759478151798248,0.9183893799781799,0.003473263932392001,0.005707449279725552,0.0048351469449698925
/Users/aswanathjs/Downloads/test9/ai_plastic_waste_management_training/PS Plastic/foam_containers/Image_183.png,1,LDPE Plastic,4,PS Plastic,0.5294567346572876,0.06121956184506416,0.1809817999601364,0.0034604286774992943,0.22488145530223846,0.5294567346572876
/Users/aswanathjs/Downloads/test9/ai_plastic_waste_management_training/PET Plastic/black_white_plastic_bottles/abwtn_jpg.rf.a3ed0f94fcec68ce20a815f9ef20d988.jpg,2,PET Plastic,2,PET Plastic,0.9999585151672363,3.3471208098490024e-06,6.105727152316831e-06,0.9999585151672363,1.1300789992674254e-05,2.0748100723722018e-05
"/Users/aswanathjs/Downloads/test9/ai_plastic_waste_management_training/PET Plastic/plastic_bottles/PET1,316.jpg",2,PET Plastic,2,PET Plastic,0.9992223978042603,0.0004758326685987413,1.787748624337837e-05,0.9992223978042603,9.925322228809819e-05,0.00018466106848791242
"/Users/aswanathjs/Downloads/test9/ai_plastic_waste_management_training/HDPE Plastic/milk_bottles/HDPEM1,018.JPG",0,HDPE Plastic,0,HDPE Plastic,0.9998900890350342,0.9998900890350342,1.2025903743051458e-05,6.631363066844642e-05,3.645201786639518e-06,2.800835318339523e-05
/Users/aswanathjs/Downloads/test9/ai_plastic_waste_management_training/PP Plastic/round_containers/0022_a05b00c2d3e0f0g0h4.jpg,3,PP Plastic,3,PP Plastic,0.9912189841270447,0.0015332902548834682,0.005891173146665096,0.0007235908415168524,0.9912189841270447,0.0006328979507088661
/Users/aswanathjs/Downloads/test9/ai_plastic_waste_management_training/HDPE Plastic/milk_bottles/HDPEM244.jpg,0,HDPE Plastic,0,HDPE Plastic,0.9999125003814697,0.9999125003814697,2.2490550691145472e-05,2.550579847593326e-05,1.938120840350166e-05,2.0179748389637098e-05
/Users/aswanathjs/Downloads/test9/ai_plastic_waste_management_training/PS Plastic/foam_sheets/PS-849_jpg.rf.4abd96d7d001aca2d67fac4ea8a77d62.jpg,4,PS Plastic,4,PS Plastic,0.9997013211250305,4.277440530131571e-05,7.324983744183555e-05,9.164311632048339e-05,9.102077456191182e-05,0.9997013211250305
/Users/aswanathjs/Downloads/test9/ai_plastic_waste_management_training/LDPE Plastic/plastic_bags/LDPE-246_jpg.rf.dce5395bab33c53be1a43bbb99e44588.jpg,1,LDPE Plastic,1,LDPE Plastic,0.9975928664207458,0.0005289783584885299,0.9975928664207458,0.00035153861972503364,0.0005615267436951399,0.0009649990824982524
/Users/aswanathjs/Downloads/test9/ai_plastic_waste_management_training/LDPE Plastic/black_white__plastic_bags/0273_jpg.rf.c4b236ee0597546afa841fffe4650bf0.jpg,1,LDPE Plastic,1,LDPE Plastic,0.9998358488082886,0.00011922018165932968,0.9998358488082886,2.3276899810298346e-05,5.120410150993848e-06,1.6463709471281618e-05
/Users/aswanathjs/Downloads/test9/ai_plastic_waste_management_training/HDPE Plastic/shampoo_bottles/0077_a02b01c2d3e0f1g0h4.jpg,0,HDPE Plastic,0,HDPE Plastic,0.9980804920196533,0.9980804920196533,0.0001902858930407092,6.30297145107761e-05,0.0015638598706573248,0.00010234157525701448
/Users/aswanathjs/Downloads/test9/ai_plastic_waste_management_training/LDPE Plastic/plastic_bags/plasticbag (5).png,1,LDPE Plastic,1,LDPE Plastic,0.9994664788246155,0.00041124082054011524,0.9994664788246155,1.1075196198362391e-05,3.746908623725176e-05,7.38565722713247e-05
/Users/aswanathjs/Downloads/test9/ai_plastic_waste_management_training/LDPE Plastic/plastic_bags/plasticbag (5).jpg,1,LDPE Plastic,1,LDPE Plastic,0.9953183531761169,0.0015426937025040388,0.9953183531761169,0.00043590617133304477,0.0005621821619570255,0.0021408675238490105
/Users/aswanathjs/Downloads/test9/ai_plastic_waste_management_training/PET Plastic/black_white_plastic_bottles/ajvdm_jpg.rf.6bd843215f765d2d340198b7b7b84579.jpg,2,PET Plastic,2,PET Plastic,0.9982419013977051,1.9473134670988657e-05,0.0003070062957704067,0.9982419013977051,0.0013089238200336695,0.00012270025035832077
/Users/aswanathjs/Downloads/test9/ai_plastic_waste_management_training/HDPE Plastic/milk_bottles/HDPEM287.jpg,0,HDPE Plastic,0,HDPE Plastic,0.9977297186851501,0.9977297186851501,0.00017900002421811223,0.0009869640925899148,0.0005086540477350354,0.0005956757813692093
"/Users/aswanathjs/Downloads/test9/ai_plastic_waste_management_training/HDPE Plastic/milk_bottles/HDPEM1,009.JPG",0,HDPE Plastic,0,HDPE Plastic,0.9995784163475037,0.9995784163475037,1.2429296475602314e-05,0.00031687223236076534,4.980854282621294e-05,4.250582060194574e-05
/Users/aswanathjs/Downloads/test9/ai_plastic_waste_management_training/PP Plastic/square_containers_grey/0011_a05b00c2d0e0f0g0h2.jpg,3,PP Plastic,3,PP Plastic,0.999178946018219,0.00011770598212024197,9.925477206707001e-05,0.0005131927318871021,0.999178946018219,9.089663944905624e-05
/Users/aswanathjs/Downloads/test9/ai_plastic_waste_management_training/PP Plastic/rectangle_containers/0011_a05b00c2d0e0f0g0h2.jpg,3,PP Plastic,3,PP Plastic,0.9982411861419678,0.00020714077982120216,0.00047008023830130696,0.0005363255040720105,0.9982411861419678,0.0005453285994008183
/Users/aswanathjs/Downloads/test9/ai_plastic_waste_management_training/PP Plastic/square_containers/0011_a05b00c2d0e0f0g0h2.jpg,3,PP Plastic,3,PP Plastic,0.9982411861419678,0.00020714077982120216,0.00047008023830130696,0.0005363255040720105,0.9982411861419678,0.0005453285994008183
/Users/aswanathjs/Downloads/test9/ai_plastic_waste_management_training/PET Plastic/black_white_plastic_bottles/deyko_jpg.rf.1a0459845d53cb5f7d40e2d6b7a2f2de.jpg,2,PET Plastic,2,PET Plastic,0.9987978935241699,0.00016806999337859452,0.0002996631956193596,0.9987978935241699,0.0002885176509153098,0.000445825164206326
/Users/aswanathjs/Downloads/test9/ai_plastic_waste_management_training/PET Plastic/black_white_plastic_bottles/btazr_jpg.rf.c76c6645e697d4caa213735259dd8c84.jpg,2,PET Plastic,2,PET Plastic,0.9998791217803955,3.983275018981658e-05,2.2260137484408915e-05,0.9998791217803955,1.539547520224005e-05,4.3360396375646815e-05
/Users/aswanathjs/Downloads/test9/ai_plastic_waste_management_training/HDPE Plastic/shampoo_bottles/0061_a02b01c2d3e0f1g0h2.jpg,0,HDPE Plastic,0,HDPE Plastic,0.9985734224319458,0.9985734224319458,0.00017560136620886624,0.0005110698402859271,0.0004909223644062877,0.00024901452707126737
/Users/aswanathjs/Downloads/test9/ai_plastic_waste_management_training/HDPE Plastic/detergent_bottles/0096_a02b04c2d0e0f0g0h3.jpg,0,HDPE Plastic,0,HDPE Plastic,0.9961547255516052,0.9961547255516052,0.0003215809992980212,0.0001249602937605232,0.0031507594976574183,0.0002478925744071603
"/Users/aswanathjs/Downloads/test9/ai_plastic_waste_management_training/PET Plastic/plastic_bottles/PET1,136.jpg",2,PET Plastic,2,PET Plastic,0.9996325969696045,5.7658417063066736e-05,7.440625631716102e-05,0.9996325969696045,0.000132943649077788,0.00010238856339128688
/Users/aswanathjs/Downloads/test9/ai_plastic_waste_management_training/PET Plastic/black_white_plastic_bottles/aexcz_jpg.rf.1fe7c3f16d303baa9555a7dd4e735fdb.jpg,2,PET Plastic,2,PET Plastic,0.999354898929596,2.2214670025277883e-05,4.7460223868256435e-05,0.999354898929596,0.0004872679419349879,8.809690916677937e-05
/Users/aswanathjs/Downloads/test9/ai_plastic_waste_management_training/HDPE Plastic/detergent_bottles/0096_a02b04c1d3e0f0g0h1.jpg,0,HDPE Plastic,0,HDPE Plastic,0.9928325414657593,0.9928325414657593,0.0008041639812290668,0.0005805746768601239,0.005145373288542032,0.0006373520009219646
/Users/aswanathjs/Downloads/test9/ai_plastic_waste_management_training/HDPE Plastic/milk_bottles/HDPEM414.jpg,0,HDPE Plastic,0,HDPE Plastic,0.9996744394302368,0.9996744394302368,1.0424763786431868e-05,9.005991887534037e-05,8.73518583830446e-05,0.00013781934103462845
/Users/aswanathjs/Downloads/test9/ai_plastic_waste_management_training/PP Plastic/square_containers/IMG_20220209_175409.jpg,3,PP Plastic,3,PP Plastic,0.9959510564804077,0.00010046058741863817,0.001148764044046402,0.0003531763795763254,0.9959510564804077,0.0024465564638376236
/Users/aswanathjs/Downloads/test9/ai_plastic_waste_management_training/HDPE Plastic/shampoo_bottles/0065_a02b03c2d0e0f1g0h4.jpg,0,HDPE Plastic,0,HDPE Plastic,0.9983386993408203,0.9983386993408203,0.00023547961609438062,0.0004381639591883868,0.00073014828376472,0.00025742099387571216
/Users/aswanathjs/Downloads/test9/ai_plastic_waste_management_training/HDPE Plastic/shampoo_bottles/0076_a02b06c1d2e0f1g0h0.jpg,0,HDPE Plastic,0,HDPE Plastic,0.9990383386611938,0.9990383386611938,0.0003496029239613563,0.00011407241254346445,0.000376680662157014,0.00012138603051425889
/Users/aswanathjs/Downloads/test9/ai_plastic_waste_management_training/LDPE Plastic/plastic_bags/plasticbag (66).jpg,1,LDPE Plastic,1,LDPE Plastic,0.9947783946990967,0.0005067010060884058,0.9947783946990967,0.0001994393824134022,0.0011879412923008204,0.0033276041503995657
/Users/aswanathjs/Downloads/test9/ai_plastic_waste_management_training/HDPE Plastic/shampoo_bottles/0021_a02b01c1d3e1f0g0h4.jpg,0,HDPE Plastic,0,HDPE Plastic,0.9994213581085205,0.9994213581085205,4.378145604277961e-06,0.00013624349958263338,0.00041674808016978204,2.118911470461171e-05
/Users/aswanathjs/Downloads/test9/ai_plastic_waste_management_training/PET Plastic/plastic_bottles/PET993.jpg,2,PET Plastic,2,PET Plastic,0.9995205402374268,0.00015287053247448057,0.0001535028131911531,0.9995205402374268,3.2495383493369445e-05,0.00014064559945836663
/Users/aswanathjs/Downloads/test9/ai_plastic_waste_management_training/HDPE Plastic/shampoo_bottles/0076_a02b06c1d0e0f1g0h3.jpg,0,HDPE Plastic,0,HDPE Plastic,0.999595582485199,0.999595582485199,5.216854697209783e-05,0.00010954948083963245,7.133886538213119e-05,0.0001715181570034474
"/Users/aswanathjs/Downloads/test9/ai_plastic_waste_management_training/PET Plastic/plastic_bottles/PET1,553.jpg",2,PET Plastic,2,PET Plastic,0.9995207786560059,0.0003725890419445932,6.145371298771352e-05,0.9995207786560059,3.243492028559558e-05,1.280379819945665e-05
/Users/aswanathjs/Downloads/test9/ai_plastic_waste_management_training/PS Plastic/foam_sheets/PS-531_jpg.rf.e1d3c129f8e8bc1daf58918c1a98871a.jpg,4,PS Plastic,4,PS Plastic,0.9987667798995972,0.00034600228536874056,0.00045975978719070554,0.00017028392176143825,0.000257277803029865,0.9987667798995972
/Users/aswanathjs/Downloads/test9/ai_plastic_waste_management_training/HDPE Plastic/milk_bottles/HDPEM317.jpg,0,HDPE Plastic,0,HDPE Plastic,0.9998317956924438,0.9998317956924438,5.6951845181174576e-05,4.3323871068423614e-05,1.646862074267119e-05,5.143276939634234e-05
/Users/aswanathjs/Downloads/test9/ai_plastic_waste_management_training/HDPE Plastic/shampoo_bottiles_grey/0023_a02b01c2d2e0f1g0h1.jpg,0,HDPE Plastic,0,HDPE Plastic,0.9960975646972656,0.9960975646972656,7.288284541573375e-05,6.043825487722643e-05,0.0035312294494360685,0.00023782892094459385
/Users/aswanathjs/Downloads/test9/ai_plastic_waste_management_training/HDPE Plastic/shampoo_bottles/0023_a02b01c2d2e0f1g0h1.jpg,0,HDPE Plastic,0,HDPE Plastic,0.9994762539863586,0.9994762539863586,2.461415897414554e-05,0.000140111762448214,0.00029275051201693714,6.629971176153049e-05
/Users/aswanathjs/Downloads/test9/ai_plastic_waste_management_training/PP Plastic/round_containers/0035_a06b01c2d3e0f0g0h4.jpg,3,PP Plastic,3,PP Plastic,0.9938862919807434,0.0009259373764507473,0.0009750097524374723,0.0038195664528757334,0.9938862919807434,0.0003932313120458275
/Users/aswanathjs/Downloads/test9/ai_plastic_waste_management_training/LDPE Plastic/bubble_wrap/LDPE-82_jpg.rf.37a722377163a1431bd9230f3c53a386.jpg,1,LDPE Plastic,1,LDPE Plastic,0.9877912998199463,0.0032164014410227537,0.9877912998199463,0.0032211104407906532,0.0005944396834820509,0.005176813341677189
/Users/aswanathjs/Downloads/test9/ai_plastic_waste_management_training/LDPE Plastic/bubble_wrap/LDPE-82_jpg.rf.97a81e1fcf5a78dead74a86d80a238e6.jpg,1,LDPE Plastic,1,LDPE Plastic,0.9994663596153259,7.349682709900662e-05,0.9994663596153259,6.121097248978913e-05,0.00017943458806257695,0.00021948041103314608
/Users/aswanathjs/Downloads/test9/ai_plastic_waste_management_training/PP Plastic/round_containers/IMG_20220209_174947.jpg,3,PP Plastic,3,PP Plastic,0.9994140863418579,0.00013646592560689896,0.00015672431618440896,6.78683354635723e-05,0.9994140863418579,0.000224924529902637
"/Users/aswanathjs/Downloads/test9/ai_plastic_waste_management_training/PET Plastic/plastic_bottles/PET1,712.jpg",2,PET Plastic,2,PET Plastic,0.9982227683067322,0.00014466889842879027,0.00010971969459205866,0.9982227683067322,0.001368962461128831,0.000153954912093468
/Users/aswanathjs/Downloads/test9/ai_plastic_waste_management_training/LDPE Plastic/bubble_wrap/train_LDPE-85_jpg.rf.444032c57e3a25c50594c040d8fff208.jpg,1,LDPE Plastic,1,LDPE Plastic,0.9965131878852844,0.0016442143823951483,0.9965131878852844,0.0003843239392153919,0.000744979886803776,0.000713328889105469
/Users/aswanathjs/Downloads/test9/ai_plastic_waste_management_training/PET Plastic/black_white_plastic_bottles/cxrgu_jpg.rf.65de1a9f2d6dd325b20eb6120cbe2320.jpg,2,PET Plastic,2,PET Plastic,0.9960355162620544,0.00021857563115190715,0.0009659684728831053,0.9960355162620544,0.0005285992519930005,0.0022513738367706537
/Users/aswanathjs/Downloads/test9/ai_plastic_waste_management_training/PET Plastic/shampoo_bottles/0050_a05b00c2d1e1f1g0h4.jpg,2,PET Plastic,2,PET Plastic,0.999840497970581,0.0001375100400764495,2.1628991362376837e-06,0.999840497970581,7.832937626517378e-06,1.1901166544703301e-05
/Users/aswanathjs/Downloads/test9/ai_plastic_waste_management_training/LDPE Plastic/plastic_bags/LDPE-48_jpg.rf.03adcf9b039abd85882d4515b3a0ed72.jpg,1,LDPE Plastic,1,LDPE Plastic,0.9998939037322998,2.5086637833737768e-05,0.9998939037322998,6.036712420609547e-06,2.917100027843844e-05,4.570038800011389e-05
/Users/aswanathjs/Downloads/test9/ai_plastic_waste_management_training/PET Plastic/black_white_plastic_bottles/dgzlv_jpg.rf.ee5ec099e8b8725a0fc8a376dd396d52.jpg,2,PET Plastic,2,PET Plastic,0.9997435212135315,1.734114994178526e-05,0.0001314151450060308,0.9997435212135315,8.462730329483747e-05,2.3043883629725315e-05
"/Users/aswanathjs/Downloads/test9/ai_plastic_waste_management_training/PET Plastic/plastic_bottles/PET1,603.jpg",2,PET Plastic,2,PET Plastic,0.999879002571106,3.590204141801223e-05,5.114442501508165e-06,0.999879002571106,1.889519080577884e-05,6.115757423685864e-05
/Users/aswanathjs/Downloads/test9/ai_plastic_waste_management_training/HDPE Plastic/milk_bottles/HDPEM133.jpg,0,HDPE Plastic,0,HDPE Plastic,0.998261034488678,0.998261034488678,0.00019125350809190422,0.00014632901002187282,0.001173375640064478,0.00022801219893153757
/Users/aswanathjs/Downloads/test9/ai_plastic_waste_management_training/PP Plastic/square_containers_grey/IMG_20220209_173814.jpg,3,PP Plastic,3,PP Plastic,0.9954191446304321,0.0005977728287689388,0.0010692841606214643,0.0008954358636401594,0.9954191446304321,0.0020184298045933247
/Users/aswanathjs/Downloads/test9/ai_plastic_waste_management_training/PP Plastic/square_containers/IMG_20220209_173814.jpg,3,PP Plastic,3,PP Plastic,0.992949366569519,0.00037998546031303704,0.0017467383295297623,0.0004769661754835397,0.992949366569519,0.004446913953870535
/Users/aswanathjs/Downloads/test9/ai_plastic_waste_management_training/PET Plastic/plastic_bottles/PET384.jpg,2,PET Plastic,2,PET Plastic,0.9991266131401062,0.0003014146932400763,7.023219222901389e-05,0.9991266131401062,0.00025590028963051736,0.0002459176757838577
/Users/aswanathjs/Downloads/test9/ai_plastic_waste_management_training/HDPE Plastic/shampoo_bottles/0065_a02b03c2d3e0f1g0h3.jpg,0,HDPE Plastic,0,HDPE Plastic,0.9944631457328796,0.9944631457328796,0.0003440896107349545,0.00021818770619574934,0.004378337878733873,0.000596299534663558
/Users/aswanathjs/Downloads/test9/ai_plastic_waste_management_training/HDPE Plastic/milk_bottles/HDPEM281.jpg,0,HDPE Plastic,0,HDPE Plastic,0.9999126195907593,0.9999126195907593,1.4610253856517375e-05,2.5632432880229317e-05,2.213652987848036e-05,2.5003366317832842e-05
/Users/aswanathjs/Downloads/test9/ai_plastic_waste_management_training/PP Plastic/round_containers/IMG_20220209_173624.jpg,3,PP Plastic,3,PP Plastic,0.9953302145004272,0.0005919851828366518,0.001957979053258896,0.0007320743170566857,0.9953302145004272,0.0013877023011446
/Users/aswanathjs/Downloads/test9/ai_plastic_waste_management_training/HDPE Plastic/detergent_bottles/0010_a02b01c1d3e0f1g0h2.jpg,0,HDPE Plastic,0,HDPE Plastic,0.9984240531921387,0.9984240531921387,0.00011274493590462953,0.0003136915329378098,0.0009945735801011324,0.0001548989675939083
/Users/aswanathjs/Downloads/test9/ai_plastic_waste_management_training/LDPE Plastic/plastic_bags/plasticbag (163).jpg,1,LDPE Plastic,1,LDPE Plastic,0.9986177682876587,7.65081204008311e-05,0.9986177682876587,0.0006817521061748266,0.00048585771583020687,0.00013819760351907462
/Users/aswanathjs/Downloads/test9/ai_plastic_waste_management_training/LDPE Plastic/plastic_bags/LDPE-65_jpg.rf.8e7cb0efcbaea582454ea3dba2772d4f.jpg,1,LDPE Plastic,1,LDPE Plastic,0.9975442290306091,0.0005112627404741943,0.9975442290306091,0.0007732370286248624,0.0003970499965362251,0.0007742154994048178
/Users/aswanathjs/Downloads/test9/ai_plastic_waste_management_training/LDPE Plastic/plastic_bags/LDPE-65_jpg.rf.9fd07c0767e1815534adf671b07f067a.jpg,1,LDPE Plastic,1,LDPE Plastic,0.9993034601211548,0.0001676834508543834,0.9993034601211548,0.00014310918049886823,0.00014470334281213582,0.00024095257685985416
/Users/aswanathjs/Downloads/test9/ai_plastic_waste_management_training/LDPE Plastic/plastic_bags/train_LDPE-51_jpg.rf.af9728965ce0dedb7509cf53464a92ff.jpg,1,LDPE Plastic,1,LDPE Plastic,0.9999741315841675,4.396642907522619e-06,0.9999741315841675,1.8016565945799812e-06,9.48340766626643e-06,1.0128353096661158e-05
/Users/aswanathjs/Downloads/test9/ai_plastic_waste_management_training/PET Plastic/black_white_plastic_bottles/bzegv_jpg.rf.aced48e4c17428c90bcf06fc1c8693cb.jpg,2,PET Plastic,2,PET Plastic,0.9999775886535645,9.186495844915044e-06,1.6918357914619264e-06,0.9999775886535645,4.7824364628468174e-06,6.757894880138338e-06
/Users/aswanathjs/Downloads/test9/ai_plastic_waste_management_training/PP Plastic/round_containers/IMG_20220209_175618.jpg,3,PP Plastic,3,PP Plastic,0.9832698106765747,0.009195412509143353,0.005983004346489906,0.0008861460955813527,0.9832698106765747,0.0006656638579443097
/Users/aswanathjs/Downloads/test9/ai_plastic_waste_management_training/PP Plastic/square_containers/Image_193.png,3,PP Plastic,3,PP Plastic,0.9762499332427979,0.001577051356434822,0.021694092079997063,9.834337834035978e-05,0.9762499332427979,0.00038064614636823535
/Users/aswanathjs/Downloads/test9/ai_plastic_waste_management_training/PS Plastic/foam_containers/Image_193.png,3,PP Plastic,4,PS Plastic,0.5249998569488525,0.05498155578970909,0.28713327646255493,0.005978886969387531,0.12690651416778564,0.5249998569488525
/Users/aswanathjs/Downloads/test9/ai_plastic_waste_management_training/HDPE Plastic/milk_bottles/HDPEM67.jpg,0,HDPE Plastic,0,HDPE Plastic,0.9994798302650452,0.9994798302650452,3.9486945752287284e-05,0.00010136866330867633,0.0003054749104194343,7.382685726042837e-05
/Users/aswanathjs/Downloads/test9/ai_plastic_waste_management_training/PS Plastic/foam_sheets/PS-816_jpg.rf.621f2b8ee9e7ddcc302155c252c762fe.jpg,4,PS Plastic,4,PS Plastic,0.9999434947967529,1.0711697541410103e-05,2.2274905859376304e-05,1.0775919690786395e-05,1.276956118090311e-05,0.9999434947967529
/Users/aswanathjs/Downloads/test9/ai_plastic_waste_management_training/PP Plastic/round_containers/IMG_20220209_174543.jpg,3,PP Plastic,3,PP Plastic,0.9965235590934753,0.002702186116948724,0.00038431986467912793,2.4988608856801875e-05,0.9965235590934753,0.0003649023128673434
/Users/aswanathjs/Downloads/test9/ai_plastic_waste_management_training/PP Plastic/round_containers/IMG_20220209_174119.jpg,3,PP Plastic,3,PP Plastic,0.996360719203949,0.0015653432346880436,0.0005532256909646094,0.000966826279181987,0.996360719203949,0.000553815858438611
/Users/aswanathjs/Downloads/test9/ai_plastic_waste_management_training/LDPE Plastic/plastic_bags/LDPE-535_jpg.rf.8ba1e8c5bd8cd7d6a3faef3b05a247eb.jpg,1,LDPE Plastic,1,LDPE Plastic,0.9983624815940857,0.0003837175027001649,0.9983624815940857,0.0004083743551746011,0.0002830013690982014,0.000562348694074899
/Users/aswanathjs/Downloads/test9/ai_plastic_waste_management_training/PP Plastic/irregular_containers/train_PP-45_jpg.rf.ad3e3e10ad03ba04b8fd23db4c13ff94.jpg,3,PP Plastic,3,PP Plastic,0.9936941266059875,0.00033257307950407267,0.000889245537109673,0.002363070147112012,0.9936941266059875,0.00272092642262578
/Users/aswanathjs/Downloads/test9/ai_plastic_waste_management_training/HDPE Plastic/shampoo_bottles/0075_a02b01c1d2e0f0g0h0.jpg,0,HDPE Plastic,0,HDPE Plastic,0.9942988157272339,0.9942988157272339,0.0002857983054127544,0.0011579745914787054,0.004047831986099482,0.00020961000700481236
/Users/aswanathjs/Downloads/test9/ai_plastic_waste_management_training/PET Plastic/plastic_bottles/PET542.jpg,2,PET Plastic,2,PET Plastic,0.9998847246170044,4.355364217190072e-05,5.886811322852736e-06,0.9998847246170044,1.3026688975514844e-05,5.277394666336477e-05
/Users/aswanathjs/Downloads/test9/ai_plastic_waste_management_training/LDPE Plastic/plastic_bags/LDPE-22_jpg.rf.dc475cc93de39ca824b6e309e578e910.jpg,1,LDPE Plastic,1,LDPE Plastic,0.9993576407432556,6.25299580860883e-05,0.9993576407432556,3.4808112104656175e-05,5.42624547961168e-05,0.0004907738184556365
/Users/aswanathjs/Downloads/test9/ai_plastic_waste_management_training/PET Plastic/plastic_bottles/PET678.jpg,2,PET Plastic,2,PET Plastic,0.9999010562896729,1.2599270121427253e-05,7.334903330047382e-06,0.9999010562896729,3.79774792236276e-05,4.107601853320375e-05
"/Users/aswanathjs/Downloads/test9/ai_plastic_waste_management_training/PET Plastic/plastic_bottles/PET1,065.jpg",2,PET Plastic,2,PET Plastic,0.9999419450759888,9.679938557383139e-06,2.215067252109293e-05,0.9999419450759888,4.1593289097363595e-06,2.202176438004244e-05
/Users/aswanathjs/Downloads/test9/ai_plastic_waste_management_training/HDPE Plastic/shampoo_bottles/0099_a02b01c2d2e0f1g0h0.jpg,0,HDPE Plastic,0,HDPE Plastic,0.9984787106513977,0.9984787106513977,9.813433280214667e-05,0.00027956112171523273,0.0009617606992833316,0.0001817287120502442
/Users/aswanathjs/Downloads/test9/ai_plastic_waste_management_training/PP Plastic/round_containers/0044_a06b01c1d3e0f0g0h0.jpg,3,PP Plastic,3,PP Plastic,0.9921669960021973,0.0009086349746212363,0.0058147781528532505,5.5985514336498454e-05,0.9921669960021973,0.0010536606423556805
/Users/aswanathjs/Downloads/test9/ai_plastic_waste_management_training/PS Plastic/foam_sheets/PS-869_jpg.rf.2da744199d0e5ad8eb1c98b5e943d36a.jpg,4,PS Plastic,4,PS Plastic,0.9998509883880615,2.272554957016837e-05,3.225279215257615e-05,5.225000131758861e-05,4.173288107267581e-05,0.9998509883880615
/Users/aswanathjs/Downloads/test9/ai_plastic_waste_management_training/PET Plastic/black_white_plastic_bottles/dqvay_jpg.rf.a4fd7fb9e01ae4311912e45995ecdd5f.jpg,2,PET Plastic,2,PET Plastic,0.999596893787384,1.6148342183441855e-05,1.3741315342485905e-05,0.999596893787384,0.0003025933401659131,7.055061723804101e-05
/Users/aswanathjs/Downloads/test9/ai_plastic_waste_management_training/PP Plastic/round_containers/0032_a05b01c2d3e0f0g0h3.jpg,3,PP Plastic,3,PP Plastic,0.9992737174034119,0.00029020331567153335,4.03739140892867e-05,0.00023564015282317996,0.9992737174034119,0.00016007974045351148
/Users/aswanathjs/Downloads/test9/ai_plastic_waste_management_training/LDPE Plastic/plastic_bags/LDPE-326_jpg.rf.b4eed70874e5502c4fd701c857b9eb59.jpg,1,LDPE Plastic,1,LDPE Plastic,0.9985955357551575,0.0001659791450947523,0.9985955357551575,0.00010430684051243588,0.00026481159147806466,0.0008693181443959475
/Users/aswanathjs/Downloads/test9/ai_plastic_waste_management_training/HDPE Plastic/milk_bottles/HDPEM218.jpg,0,HDPE Plastic,0,HDPE Plastic,0.9991342425346375,0.9991342425346375,4.7001482016639784e-05,0.00041061354568228126,0.00026498877559788525,0.0001433422730769962
/Users/aswanathjs/Downloads/test9/ai_plastic_waste_management_training/HDPE Plastic/shampoo_bottles/0065_a02b03c1d0e0f1g0h3.jpg,0,HDPE Plastic,0,HDPE Plastic,0.9974493384361267,0.9974493384361267,0.0002660726895555854,0.0005790403811261058,0.0012303463881835341,0.00047517658094875515
/Users/aswanathjs/Downloads/test9/ai_plastic_waste_management_training/HDPE Plastic/shampoo_bottles/0078_a02b07c2d0e0f1g0h4.jpg,0,HDPE Plastic,0,HDPE Plastic,0.9978345036506653,0.9978345036506653,0.0005076620145700872,0.0008507437305524945,0.000437905517173931,0.00036924186861142516
"/Users/aswanathjs/Downloads/test9/ai_plastic_waste_management_training/PET Plastic/plastic_bottles/PET1,758.jpg",2,PET Plastic,2,PET Plastic,0.9999483823776245,1.8881983123719692e-05,1.3725227290706243e-05,0.9999483823776245,4.704980710812379e-06,1.4279221431934275e-05
/Users/aswanathjs/Downloads/test9/ai_plastic_waste_management_training/LDPE Plastic/plastic_bags/plasticbag (144) 17.43.56.jpg,1,LDPE Plastic,1,LDPE Plastic,0.9972280859947205,0.0005294598522596061,0.9972280859947205,0.0003608316765166819,0.0014859127113595605,0.00039570542867295444
/Users/aswanathjs/Downloads/test9/ai_plastic_waste_management_training/HDPE Plastic/shampoo_bottles/0077_a02b01c1d3e0f1g0h4.jpg,0,HDPE Plastic,0,HDPE Plastic,0.9890974760055542,0.9890974760055542,0.00034526048693805933,0.0002727258251979947,0.009765359573066235,0.0005191750242374837
/Users/aswanathjs/Downloads/test9/ai_plastic_waste_management_training/LDPE Plastic/plastic_bags/LDPE-276_jpg.rf.62485e45d616880490d50ca7399b866e.jpg,1,LDPE Plastic,1,LDPE Plastic,0.9985274076461792,0.00023226528719533235,0.9985274076461792,0.0004327465721871704,0.00034041525213979185,0.0004671401111409068
/Users/aswanathjs/Downloads/test9/ai_plastic_waste_management_training/PET Plastic/plastic_bottles/PET958.jpg,2,PET Plastic,2,PET Plastic,0.9992021918296814,0.00013619571109302342,4.596168946591206e-05,0.9992021918296814,0.0003593664150685072,0.000256242259638384
/Users/aswanathjs/Downloads/test9/ai_plastic_waste_management_training/PP Plastic/square_containers_grey/IMG20220210150432.jpg,3,PP Plastic,3,PP Plastic,0.9723118543624878,0.005436593201011419,0.015158816240727901,0.0027856267988681793,0.9723118543624878,0.0043071904219686985
/Users/aswanathjs/Downloads/test9/ai_plastic_waste_management_training/PP Plastic/square_containers/IMG20220210150432.jpg,3,PP Plastic,3,PP Plastic,0.9811651706695557,0.005856242962181568,0.00790717639029026,0.0013145493576303124,0.9811651706695557,0.0037568574771285057
/Users/aswanathjs/Downloads/test9/ai_plastic_waste_management_training/PP Plastic/square_containers/IMG20220210150440.jpg,3,PP Plastic,3,PP Plastic,0.9913904666900635,0.0026410159189254045,0.0034379279240965843,0.00015310340677388012,0.9913904666900635,0.0023774518631398678
/Users/aswanathjs/Downloads/test9/ai_plastic_waste_management_training/PS Plastic/foam_sheets/IMG_9358_JPG.rf.0d237e3fcecc10e0cd95d5b394b095f1.jpg,4,PS Plastic,4,PS Plastic,0.9999338388442993,1.3471518286678474e-05,1.274224905500887e-05,4.477311904338421e-06,3.5373606806388125e-05,0.9999338388442993
/Users/aswanathjs/Downloads/test9/ai_plastic_waste_management_training/PS Plastic/foam_sheets/IMG_9358_JPG.rf.415a6862b45fd800b93978a40794c0d8.jpg,4,PS Plastic,4,PS Plastic,0.9999396800994873,8.945368790591601e-06,7.638706847501453e-06,1.2435697499313392e-05,3.128761818516068e-05,0.9999396800994873
/Users/aswanathjs/Downloads/test9/ai_plastic_waste_management_training/PS Plastic/foam_sheets/IMG_9358_JPG.rf.9deddac341aaa43137a3c0038f66ebff.jpg,4,PS Plastic,4,PS Plastic,0.9999704360961914,5.035606591263786e-06,1.3995855624671094e-05,1.966037871170556e-06,8.69888117449591e-06,0.9999704360961914
"/Users/aswanathjs/Downloads/test9/ai_plastic_waste_management_training/PET Plastic/plastic_bottles/PET1,434.jpg",2,PET Plastic,2,PET Plastic,0.9995550513267517,0.00030049524502828717,7.880435441620648e-05,0.9995550513267517,2.904540451709181e-05,3.66291897080373e-05
/Users/aswanathjs/Downloads/test9/ai_plastic_waste_management_training/LDPE Plastic/plastic_bags/train_LDPE-42_jpg.rf.3641cfed1d3d932dbff4b3e15d25f862.jpg,1,LDPE Plastic,1,LDPE Plastic,0.9995477795600891,0.00030588224763050675,0.9995477795600891,1.5253574019880034e-05,6.743800622643903e-05,6.359555118251592e-05
/Users/aswanathjs/Downloads/test9/ai_plastic_waste_management_training/LDPE Plastic/black_white__plastic_bags/0002_jpg.rf.a8f2a5a965525083cb801ab81e0faa07.jpg,1,LDPE Plastic,1,LDPE Plastic,0.9996765851974487,3.3803862606873736e-05,0.9996765851974487,5.73248507862445e-05,0.00013084363308735192,0.0001014931985992007
/Users/aswanathjs/Downloads/test9/ai_plastic_waste_management_training/PET Plastic/plastic_bottles/PET858.jpg,2,PET Plastic,2,PET Plastic,0.9991574287414551,0.00023827049881219864,0.00033969804644584656,0.9991574287414551,9.220306674251333e-05,0.00017246643255930394
/Users/aswanathjs/Downloads/test9/ai_plastic_waste_management_training/HDPE Plastic/milk_bottles/HDPEM185.jpg,0,HDPE Plastic,0,HDPE Plastic,0.9994891881942749,0.9994891881942749,4.462678043637425e-05,0.00014175234537106007,0.00017481522809248418,0.00014958657266106457
"/Users/aswanathjs/Downloads/test9/ai_plastic_waste_management_training/PET Plastic/plastic_bottles/PET1,427.jpg",2,PET Plastic,2,PET Plastic,0.999845027923584,9.094501001527533e-05,6.395873242581729e-06,0.999845027923584,1.0312955055269413e-05,4.733691457659006e-05
/Users/aswanathjs/Downloads/test9/ai_plastic_waste_management_training/HDPE Plastic/shampoo_bottles/0077_a02b01c1d2e0f1g0h2.jpg,0,HDPE Plastic,0,HDPE Plastic,0.9968799352645874,0.9968799352645874,8.29186465125531e-05,0.0008861811948008835,0.0018191036069765687,0.00033193628769367933
/Users/aswanathjs/Downloads/test9/ai_plastic_waste_management_training/HDPE Plastic/milk_bottles/HDPEM412.jpg,0,HDPE Plastic,0,HDPE Plastic,0.9996073842048645,0.9996073842048645,2.8213720725034364e-05,0.00015640952915418893,0.00012021557631669566,8.773896843194962e-05
/Users/aswanathjs/Downloads/test9/ai_plastic_waste_management_training/PP Plastic/rectangle_containers/0011_a05b00c1d2e0f0g0h4.jpg,3,PP Plastic,3,PP Plastic,0.9911905527114868,0.005427503027021885,0.0005418265936896205,0.002073372481390834,0.9911905527114868,0.000766701006796211
/Users/aswanathjs/Downloads/test9/ai_plastic_waste_management_training/PP Plastic/square_containers/0011_a05b00c1d2e0f0g0h4.jpg,3,PP Plastic,3,PP Plastic,0.9911905527114868,0.005427503027021885,0.0005418265936896205,0.002073372481390834,0.9911905527114868,0.000766701006796211
/Users/aswanathjs/Downloads/test9/ai_plastic_waste_management_training/LDPE Plastic/plastic_bags_grey/plasticbag (112).jpg,1,LDPE Plastic,1,LDPE Plastic,0.9994210004806519,0.00011076187365688384,0.9994210004806519,4.6395543904509395e-05,0.00022626407735515386,0.00019566048285923898
/Users/aswanathjs/Downloads/test9/ai_plastic_waste_management_training/LDPE Plastic/plastic_bags/plasticbag (112).jpg,1,LDPE Plastic,1,LDPE Plastic,0.9997994303703308,3.5018987546209246e-05,0.9997994303703308,1.9605973648140207e-05,7.234682561829686e-05,7.365092460531741e-05
/Users/aswanathjs/Downloads/test9/ai_plastic_waste_management_training/HDPE Plastic/detergent_bottles/IMG_20220209_182823.jpg,0,HDPE Plastic,0,HDPE Plastic,0.9993552565574646,0.9993552565574646,8.022480324143544e-05,0.00038465348188765347,7.138180080801249e-05,0.00010844865755643696
/Users/aswanathjs/Downloads/test9/ai_plastic_waste_management_training/HDPE Plastic/detergent_botteles_grey/IMG_20220209_182823.jpg,0,HDPE Plastic,0,HDPE Plastic,0.942093014717102,0.942093014717102,0.02295098453760147,0.00518662529066205,0.014981143176555634,0.014788234606385231
/Users/aswanathjs/Downloads/test9/ai_plastic_waste_management_training/HDPE Plastic/detergent_bottles/Image_227.png,0,HDPE Plastic,0,HDPE Plastic,0.9984887838363647,0.9984887838363647,0.00047061583609320223,0.0001231016212841496,0.0004427228996064514,0.00047475629253312945
/Users/aswanathjs/Downloads/test9/ai_plastic_waste_management_training/PS Plastic/foam_containers/Image_227.png,0,HDPE Plastic,4,PS Plastic,0.40157440304756165,0.1848178207874298,0.22849801182746887,0.00891960971057415,0.17619012296199799,0.40157440304756165
/Users/aswanathjs/Downloads/test9/ai_plastic_waste_management_training/PP Plastic/square_containers/IMG_20220209_175414.jpg,3,PP Plastic,3,PP Plastic,0.9866480231285095,0.004814055282622576,0.003984830807894468,0.0007595596835017204,0.9866480231285095,0.003793403971940279
/Users/aswanathjs/Downloads/test9/ai_plastic_waste_management_training/HDPE Plastic/detergent_bottles/0098_a02b03c1d2e0f0g0h1.jpg,0,HDPE Plastic,0,HDPE Plastic,0.9993565678596497,0.9993565678596497,0.0001810087269404903,9.105545905185863e-05,0.00030244936351664364,6.900739390403032e-05
/Users/aswanathjs/Downloads/test9/ai_plastic_waste_management_training/PET Plastic/plastic_bottles/PET387.jpg,2,PET Plastic,2,PET Plastic,0.9993470311164856,0.00011775295570259914,3.969304452766664e-05,0.9993470311164856,0.000342759070917964,0.00015283729590009898
/Users/aswanathjs/Downloads/test9/ai_plastic_waste_management_training/PP Plastic/irregular_containers/train_PP-65_jpg.rf.fa2894bafafb850fbc03caf362becbba.jpg,3,PP Plastic,3,PP Plastic,0.9993851184844971,0.0003389537159819156,0.00010555366316111758,5.129426426719874e-05,0.9993851184844971,0.00011904910206794739
/Users/aswanathjs/Downloads/test9/ai_plastic_waste_management_training/PP Plastic/irregular_containers_grey/train_PP-65_jpg.rf.fa2894bafafb850fbc03caf362becbba.jpg,3,PP Plastic,3,PP Plastic,0.9988823533058167,0.0006620180211029947,0.0001523219543742016,8.233248081523925e-05,0.9988823533058167,0.00022102596994955093
/Users/aswanathjs/Downloads/test9/ai_plastic_waste_management_training/LDPE Plastic/plastic_bags/LDPE-450_jpg.rf.24a025e61ea6826167e25a7a34aba9d4.jpg,1,LDPE Plastic,1,LDPE Plastic,0.9997816681861877,4.1111437894869596e-05,0.9997816681861877,0.00012916620471514761,1.1080222066084389e-05,3.7040383176645264e-05
/Users/aswanathjs/Downloads/test9/ai_plastic_waste_management_training/HDPE Plastic/milk_bottles/HDPEM186.jpg,0,HDPE Plastic,0,HDPE Plastic,0.9997946619987488,0.9997946619987488,1.1713079402397852e-05,7.441683555953205e-05,6.290782039286569e-05,5.635048364638351e-05
/Users/aswanathjs/Downloads/test9/ai_plastic_waste_management_training/PET Plastic/black_white_plastic_bottles/anzjl_jpg.rf.ade3fd204a649262619bf1afd8d7a0ad.jpg,2,PET Plastic,2,PET Plastic,0.9993292093276978,0.0004006383824162185,4.4168951717438176e-05,0.9993292093276978,8.652440010337159e-05,0.0001394597056787461
/Users/aswanathjs/Downloads/test9/ai_plastic_waste_management_training/PS Plastic/foam_sheets/PS-634_jpg.rf.de9b1630e26de907126c2cc4fb61421c.jpg,4,PS Plastic,4,PS Plastic,0.9996262788772583,3.430366996326484e-05,0.00019575348414946347,7.244379230542108e-05,7.12246765033342e-05,0.9996262788772583
/Users/aswanathjs/Downloads/test9/ai_plastic_waste_management_training/PP Plastic/round_containers/0035_a06b01c1d2e0f0g0h0.jpg,3,PP Plastic,3,PP Plastic,0.9982819557189941,0.0007875211304053664,0.00027579456218518317,0.0005885974387638271,0.9982819557189941,6.60755904391408e-05
/Users/aswanathjs/Downloads/test9/ai_plastic_waste_management_training/LDPE Plastic/bin_bags/Image_174.png,1,LDPE Plastic,1,LDPE Plastic,0.9508161544799805,0.041317980736494064,0.9508161544799805,0.0019939388148486614,0.003015037626028061,0.0028568473644554615
/Users/aswanathjs/Downloads/test9/ai_plastic_waste_management_training/PP Plastic/square_containers/Image_174.png,1,LDPE Plastic,1,LDPE Plastic,0.8933517932891846,0.011761905625462532,0.8933517932891846,0.002276419894769788,0.08861008286476135,0.003999808803200722
/Users/aswanathjs/Downloads/test9/ai_plastic_waste_management_training/PS Plastic/foam_containers/Image_174.png,1,LDPE Plastic,1,LDPE Plastic,0.6023286581039429,0.03374866023659706,0.6023286581039429,0.012360694818198681,0.12678095698356628,0.22478099167346954
/Users/aswanathjs/Downloads/test9/ai_plastic_waste_management_training/PP Plastic/irregular_containers/valid_PP-75_jpg.rf.10a8409d955414fb5612109da918dce7.jpg,3,PP Plastic,3,PP Plastic,0.995139479637146,0.00026797899045050144,0.003026693593710661,0.0010738519486039877,0.995139479637146,0.0004919651546515524
/Users/aswanathjs/Downloads/test9/ai_plastic_waste_management_training/PP Plastic/irregular_containers_grey/valid_PP-75_jpg.rf.10a8409d955414fb5612109da918dce7.jpg,3,PP Plastic,3,PP Plastic,0.9720075726509094,0.0007965767290443182,0.01937698945403099,0.0004913683515042067,0.9720075726509094,0.007327562663704157
"/Users/aswanathjs/Downloads/test9/ai_plastic_waste_management_training/HDPE Plastic/milk_bottles/HDPEM1,002.JPG",0,HDPE Plastic,0,HDPE Plastic,0.9990690350532532,0.9990690350532532,9.9365264759399e-05,4.300315413274802e-05,0.00023557795793749392,0.0005530462949536741
/Users/aswanathjs/Downloads/test9/ai_plastic_waste_management_training/PET Plastic/plastic_bottles/PET995.jpg,2,PET Plastic,2,PET Plastic,0.999447762966156,0.00027216371381655335,0.00010867871606023982,0.999447762966156,6.090349779697135e-05,0.00011051076580770314
/Users/aswanathjs/Downloads/test9/ai_plastic_waste_management_training/PET Plastic/plastic_bottles/PET312.jpg,2,PET Plastic,2,PET Plastic,0.9994518160820007,0.00022272075875662267,4.718199124909006e-05,0.9994518160820007,0.00013338639109861106,0.0001447983959224075
/Users/aswanathjs/Downloads/test9/ai_plastic_waste_management_training/LDPE Plastic/plastic_bags/plasticbag (25).jpg,1,LDPE Plastic,1,LDPE Plastic,0.9997479319572449,1.1694952263496816e-05,0.9997479319572449,3.262469908804633e-05,8.289748802781105e-05,0.0001247794716618955
"/Users/aswanathjs/Downloads/test9/ai_plastic_waste_management_training/PET Plastic/plastic_bottles/PET1,254.jpg",2,PET Plastic,2,PET Plastic,0.9986818432807922,0.0005851078894920647,8.555498789064586e-05,0.9986818432807922,0.0004975900519639254,0.0001498668425483629
/Users/aswanathjs/Downloads/test9/ai_plastic_waste_management_training/HDPE Plastic/shampoo_bottles/0021_a02b01c1d3e1f0g0h1.jpg,0,HDPE Plastic,0,HDPE Plastic,0.9979006052017212,0.9979006052017212,1.5389354302897118e-05,0.00022462739434558898,0.001723485765978694,0.00013597302313428372
/Users/aswanathjs/Downloads/test9/ai_plastic_waste_management_training/PS Plastic/foam_sheets/PS-612_jpg.rf.a0131cd6816f78008ca24e5e58d5b068.jpg,4,PS Plastic,4,PS Plastic,0.9991511106491089,7.66002485761419e-05,0.0004450901469681412,0.0001747654314385727,0.00015246612019836903,0.9991511106491089
/Users/aswanathjs/Downloads/test9/ai_plastic_waste_management_training/HDPE Plastic/shampoo_bottles/0061_a02b01c1d0e0f1g0h2(1).jpg,0,HDPE Plastic,0,HDPE Plastic,0.9982522130012512,0.9982522130012512,0.00017990483320318162,0.0007088364800438285,0.0004446280072443187,0.0004143853147979826
/Users/aswanathjs/Downloads/test9/ai_plastic_waste_management_training/HDPE Plastic/detergent_bottles/0010_a02b01c2d3e0f1g0h0.jpg,0,HDPE Plastic,0,HDPE Plastic,0.9993782043457031,0.9993782043457031,0.00011183219612576067,7.173899939516559e-05,0.00036218189052306116,7.600017852382734e-05
/Users/aswanathjs/Downloads/test9/ai_plastic_waste_management_training/HDPE Plastic/detergent_botteles_grey/0010_a02b01c2d3e0f1g0h0.jpg,0,HDPE Plastic,0,HDPE Plastic,0.9991581439971924,0.9991581439971924,0.000193911197129637,0.00025206993450410664,0.00032710240338929,6.880707951495424e-05
/Users/aswanathjs/Downloads/test9/ai_plastic_waste_management_training/PS Plastic/foam_sheets/PS-889_jpg.rf.54aff3a2c234719a371258aa5877eaf9.jpg,4,PS Plastic,4,PS Plastic,0.9998456239700317,2.9144926884328015e-05,5.087029785499908e-05,3.037328860955313e-05,4.387276203488e-05,0.9998456239700317
/Users/aswanathjs/Downloads/test9/ai_plastic_waste_management_training/LDPE Plastic/bubble_wrap/train_LDPE-79_jpg.rf.899cf7b0e28e2da2fb80f3b7526ffa11.jpg,1,LDPE Plastic,1,LDPE Plastic,0.9927523136138916,0.002181027317419648,0.9927523136138916,0.0009099130402319133,0.002367001958191395,0.0017897356301546097
/Users/aswanathjs/Downloads/test9/ai_plastic_waste_management_training/PET Plastic/plastic_bottles/PET898.jpg,2,PET Plastic,2,PET Plastic,0.9992730021476746,0.00018742085376288742,0.00039132998790591955,0.9992730021476746,2.6786732632899657e-05,0.00012144442007411271
/Users/aswanathjs/Downloads/test9/ai_plastic_waste_management_training/PET Plastic/black_white_plastic_bottles/axzvb_jpg.rf.5b85f4675eb03576c2d5d3db955648e4.jpg,2,PET Plastic,2,PET Plastic,0.9977413415908813,0.00022123150120023638,0.0005031137261539698,0.9977413415908813,0.0002601213345769793,0.0012742509134113789
/Users/aswanathjs/Downloads/test9/ai_plastic_waste_management_training/PP Plastic/round_containers/0043_a06b01c1d3e0f0g0h1.jpg,3,PP Plastic,3,PP Plastic,0.9993546605110168,0.00022243634157348424,0.00018480938160791993,2.012261211348232e-05,0.9993546605110168,0.00021805208234582096
/Users/aswanathjs/Downloads/test9/ai_plastic_waste_management_training/PP Plastic/round_containers_grey/0043_a06b01c1d3e0f0g0h1.jpg,3,PP Plastic,3,PP Plastic,0.9980668425559998,0.0004926480469293892,0.0009891475783661008,0.00019110563152935356,0.9980668425559998,0.0002602367603685707
/Users/aswanathjs/Downloads/test9/ai_plastic_waste_management_training/PS Plastic/foam_containers/Image_194.png,4,PS Plastic,4,PS Plastic,0.6371548175811768,0.034382592886686325,0.1473282426595688,0.004217159003019333,0.17691726982593536,0.6371548175811768
/Users/aswanathjs/Downloads/test9/ai_plastic_waste_management_training/PP Plastic/square_containers/IMG_20220209_175024.jpg,3,PP Plastic,3,PP Plastic,0.9862960577011108,0.0006474455003626645,0.0015005648601800203,0.000170855360920541,0.9862960577011108,0.011385036632418633
/Users/aswanathjs/Downloads/test9/ai_plastic_waste_management_training/LDPE Plastic/bubble_wrap/LDPE-85_jpg.rf.0167a1549c2a1ab54aa42d6c2e865a41.jpg,1,LDPE Plastic,1,LDPE Plastic,0.9998959302902222,2.7617366868071258e-05,0.9998959302902222,1.9340726794325747e-05,1.4077376363275107e-05,4.3092506530229e-05
/Users/aswanathjs/Downloads/test9/ai_plastic_waste_management_training/LDPE Plastic/bubble_wrap/LDPE-85_jpg.rf.03390a89eb4d5f2539497f88e078fcf7.jpg,1,LDPE Plastic,1,LDPE Plastic,0.9988327622413635,5.355040048016235e-05,0.9988327622413635,0.0002308408875251189,0.0006608052644878626,0.0002220072492491454
/Users/aswanathjs/Downloads/test9/ai_plastic_waste_management_training/PS Plastic/foam_sheets/IMG_9359_JPG.rf.28b76d1e90a3e9fa15bb5292ca25a168.jpg,4,PS Plastic,4,PS Plastic,0.9998470544815063,1.7985241356655024e-05,5.123152004671283e-05,2.783149466267787e-05,5.581376899499446e-05,0.9998470544815063
/Users/aswanathjs/Downloads/test9/ai_plastic_waste_management_training/PS Plastic/foam_sheets/IMG_9359_JPG.rf.188d9cacf87fed29bcac95454f39ca1d.jpg,4,PS Plastic,4,PS Plastic,0.9989198446273804,0.0003357091045472771,0.00020195981778670102,0.0001232253562193364,0.00041924757533706725,0.9989198446273804
/Users/aswanathjs/Downloads/test9/ai_plastic_waste_management_training/PS Plastic/foam_sheets/IMG_9359_JPG.rf.683fe0e3043ce94b8b1f0fa29d3909aa.jpg,4,PS Plastic,4,PS Plastic,0.9998093247413635,3.89002998417709e-05,1.960424197022803e-05,4.7738973080413416e-05,8.450383029412478e-05,0.9998093247413635
/Users/aswanathjs/Downloads/test9/ai_plastic_waste_management_training/HDPE Plastic/shampoo_bottiles_grey/0099_a02b01c2d1e0f1g0h4.jpg,0,HDPE Plastic,0,HDPE Plastic,0.9997609257698059,0.9997609257698059,2.591442535049282e-05,9.744076669448987e-05,8.089277253020555e-05,3.4809901990229264e-05
/Users/aswanathjs/Downloads/test9/ai_plastic_waste_management_training/HDPE Plastic/shampoo_bottles/0099_a02b01c2d1e0f1g0h4.jpg,0,HDPE Plastic,0,HDPE Plastic,0.9997343420982361,0.9997343420982361,2.8297150493017398e-05,9.541130566503853e-05,9.453942766413093e-05,4.7363690100610256e-05
/Users/aswanathjs/Downloads/test9/ai_plastic_waste_management_training/HDPE Plastic/milk_bottles/HDPEM53.jpg,0,HDPE Plastic,0,HDPE Plastic,0.9970226883888245,0.9970226883888245,0.00016083111404441297,0.0004890412674285471,0.0018144112545996904,0.0005129704368300736
/Users/aswanathjs/Downloads/test9/ai_plastic_waste_management_training/PS Plastic/foam_sheets/PS-827_jpg.rf.ca322902ac0c4e90adfdfd2da96409eb.jpg,4,PS Plastic,4,PS Plastic,0.999854326248169,2.05889100470813e-05,2.4930906874942593e-05,5.4359101341106e-05,4.574872582452372e-05,0.999854326248169
/Users/aswanathjs/Downloads/test9/ai_plastic_waste_management_training/LDPE Plastic/bubble_wrap_grey/LDPE-98_jpg.rf.ffe6b974a827b46d4ee15540992a040b.jpg,1,LDPE Plastic,1,LDPE Plastic,0.9906558394432068,0.0004253585066180676,0.9906558394432068,0.0007832655101083219,0.007033143192529678,0.0011024019913747907
/Users/aswanathjs/Downloads/test9/ai_plastic_waste_management_training/LDPE Plastic/bubble_wrap/LDPE-98_jpg.rf.08d4213c0237893246e45ea44263ae0a.jpg,1,LDPE Plastic,1,LDPE Plastic,0.998019814491272,0.00013596346252597868,0.998019814491272,0.00034894837881438434,0.0007811731775291264,0.0007141324458643794
/Users/aswanathjs/Downloads/test9/ai_plastic_waste_management_training/LDPE Plastic/bubble_wrap/LDPE-98_jpg.rf.ffe6b974a827b46d4ee15540992a040b.jpg,1,LDPE Plastic,1,LDPE Plastic,0.9990830421447754,3.6235112929716706e-05,0.9990830421447754,0.00011236129648750648,0.0005597352283075452,0.00020855406182818115
/Users/aswanathjs/Downloads/test9/ai_plastic_waste_management_training/HDPE Plastic/shampoo_bottles/0075_a02b01c2d3e0f0g0h1.jpg,0,HDPE Plastic,0,HDPE Plastic,0.9990711212158203,0.9990711212158203,0.0001744656910886988,5.0093731260858476e-05,0.0006609891424886882,4.3285130232106894e-05
/Users/aswanathjs/Downloads/test9/ai_plastic_waste_management_training/PET Plastic/plastic_bottles/PET609.jpg,2,PET Plastic,2,PET Plastic,0.9995303153991699,0.00011178822023794055,5.084627446194645e-06,0.9995303153991699,0.000275932252407074,7.69477992434986e-05
"/Users/aswanathjs/Downloads/test9/ai_plastic_waste_management_training/PET Plastic/plastic_bottles/PET1,604.jpg",2,PET Plastic,2,PET Plastic,0.9865527749061584,0.00974205695092678,0.0028957249596714973,0.9865527749061584,0.0005506949964910746,0.00025876174913719296
/Users/aswanathjs/Downloads/test9/ai_plastic_waste_management_training/HDPE Plastic/shampoo_bottles/0075_a02b01c1d3e0f0g0h4.jpg,0,HDPE Plastic,0,HDPE Plastic,0.9975283741950989,0.9975283741950989,0.0001382265327265486,0.0013955938629806042,0.0007433246937580407,0.00019458796305116266
"/Users/aswanathjs/Downloads/test9/ai_plastic_waste_management_training/PET Plastic/plastic_bottles/PET1,291.jpg",2,PET Plastic,2,PET Plastic,0.9996980428695679,0.00024172452685888857,3.2999514587572776e-06,0.9996980428695679,3.0109262297628447e-05,2.685961044335272e-05
/Users/aswanathjs/Downloads/test9/ai_plastic_waste_management_training/PS Plastic/foam_containers/styrofoam-153-_jpg.rf.28d8747edeb4251002b6a870dd954ff0.jpg,4,PS Plastic,4,PS Plastic,0.9745808243751526,0.002213972620666027,0.010079842060804367,0.0016795139526948333,0.011445821262896061,0.9745808243751526
/Users/aswanathjs/Downloads/test9/ai_plastic_waste_management_training/PET Plastic/plastic_bottles/PET810.jpg,2,PET Plastic,2,PET Plastic,0.9993962049484253,0.00036169259692542255,8.386139234062284e-05,0.9993962049484253,1.7304189896094613e-05,0.000140934600494802
/Users/aswanathjs/Downloads/test9/ai_plastic_waste_management_training/HDPE Plastic/milk_bottles/HDPEM413.jpg,0,HDPE Plastic,0,HDPE Plastic,0.9997678399085999,0.9997678399085999,1.5742440155008808e-05,2.670717913133558e-05,0.00012011476064799353,6.95705457474105e-05
/Users/aswanathjs/Downloads/test9/ai_plastic_waste_management_training/HDPE Plastic/milk_bottles/HDPEM390.jpg,0,HDPE Plastic,0,HDPE Plastic,0.9992294311523438,0.9992294311523438,0.00030864254222251475,4.403068305691704e-05,0.00022803129104431719,0.00018990703392773867
/Users/aswanathjs/Downloads/test9/ai_plastic_waste_management_training/PET Plastic/black_white_plastic_bottles/coumk_jpg.rf.3226bcb8962357751b4f1249fe73acf0.jpg,2,PET Plastic,2,PET Plastic,0.9999147653579712,6.751956334483111e-06,3.8509428122779354e-05,0.9999147653579712,2.4228645997936837e-05,1.5732537576695904e-05
/Users/aswanathjs/Downloads/test9/ai_plastic_waste_management_training/LDPE Plastic/bubble_wrap_grey/LDPE-96_jpg.rf.2d71fc44cc5683a8ed74ac88171ee21d.jpg,1,LDPE Plastic,1,LDPE Plastic,0.9970117807388306,0.0007461737259291112,0.9970117807388306,0.0003686498966999352,0.0014901310205459595,0.00038322978070937097
/Users/aswanathjs/Downloads/test9/ai_plastic_waste_management_training/LDPE Plastic/bubble_wrap/LDPE-96_jpg.rf.2d71fc44cc5683a8ed74ac88171ee21d.jpg,1,LDPE Plastic,1,LDPE Plastic,0.9998980760574341,4.999317297915695e-06,0.9998980760574341,1.4759215446247254e-05,5.882302139070816e-05,2.333286829525605e-05
/Users/aswanathjs/Downloads/test9/ai_plastic_waste_management_training/HDPE Plastic/detergent_bottles/IMG_20220209_220202.jpg,0,HDPE Plastic,0,HDPE Plastic,0.9896062016487122,0.9896062016487122,0.00028146899421699345,0.0031208486761897802,0.006594348233193159,0.0003970810503233224
/Users/aswanathjs/Downloads/test9/ai_plastic_waste_management_training/PP Plastic/round_containers/0032_a05b01c1d0e0f0g0h2.jpg,3,PP Plastic,3,PP Plastic,0.9938668608665466,0.0009724603150971234,0.00020357298490125686,0.001892943400889635,0.9938668608665466,0.0030641714110970497
/Users/aswanathjs/Downloads/test9/ai_plastic_waste_management_training/PP Plastic/round_containers/IMG20220210154626.jpg,3,PP Plastic,3,PP Plastic,0.9902799725532532,0.0014673190889880061,0.006762946955859661,0.00029204756719991565,0.9902799725532532,0.0011977329850196838
/Users/aswanathjs/Downloads/test9/ai_plastic_waste_management_training/PET Plastic/plastic_bottles/PET464.jpg,2,PET Plastic,2,PET Plastic,0.9997732043266296,9.870713984128088e-05,2.300505229868577e-06,0.9997732043266296,9.002193110063672e-05,3.572669083951041e-05
/Users/aswanathjs/Downloads/test9/ai_plastic_waste_management_training/PP Plastic/irregular_containers/train_PP-94_jpg.rf.0d1aea5466ad1f5b835b4c462ab8ede6.jpg,3,PP Plastic,3,PP Plastic,0.9995232820510864,4.669526970246807e-05,0.0002841657551471144,6.08988048043102e-05,0.9995232820510864,8.499571413267404e-05
/Users/aswanathjs/Downloads/test9/ai_plastic_waste_management_training/HDPE Plastic/shampoo_bottles/0076_a02b06c2d3e0f1g0h0.jpg,0,HDPE Plastic,0,HDPE Plastic,0.9880719184875488,0.9880719184875488,0.005991238169372082,0.0005451867473311722,0.0038555278442800045,0.001536088646389544
/Users/aswanathjs/Downloads/test9/ai_plastic_waste_management_training/PP Plastic/irregular_containers/train_PP-74_jpg.rf.ef22be908bf7d6ec4e9f721e8289726b.jpg,3,PP Plastic,3,PP Plastic,0.9991466999053955,8.985619206214324e-05,0.0005428122822195292,0.00016036145098041743,0.9991466999053955,6.0268397646723315e-05
/Users/aswanathjs/Downloads/test9/ai_plastic_waste_management_training/PET Plastic/black_white_plastic_bottles/ahzmo_jpg.rf.7412a2a4e5c1d6a4fda3ffd9f25b4535.jpg,2,PET Plastic,2,PET Plastic,0.9988065958023071,0.000561577151529491,0.00014382867084350437,0.9988065958023071,4.399732279125601e-05,0.0004440594057086855
/Users/aswanathjs/Downloads/test9/ai_plastic_waste_management_training/LDPE Plastic/plastic_bags/plasticbag (170).jpg,1,LDPE Plastic,1,LDPE Plastic,0.9753440022468567,0.002564741764217615,0.9753440022468567,0.006437303498387337,0.0015145549550652504,0.014139395207166672
/Users/aswanathjs/Downloads/test9/ai_plastic_waste_management_training/PET Plastic/plastic_bottles/PET990.jpg,2,PET Plastic,2,PET Plastic,0.9988810420036316,0.00028370352811180055,0.0004009186231996864,0.9988810420036316,0.00012014231469947845,0.00031419028528034687
/Users/aswanathjs/Downloads/test9/ai_plastic_waste_management_training/PS Plastic/foam_sheets/IMG_9353_JPG.rf.c44969bcbec2389a7271f307d09ddfad.jpg,4,PS Plastic,4,PS Plastic,0.9950290322303772,0.001306420424953103,0.0026954086497426033,0.00048722513020038605,0.00048189674271270633,0.9950290322303772
/Users/aswanathjs/Downloads/test9/ai_plastic_waste_management_training/PS Plastic/foam_sheets/IMG_9353_JPG.rf.aa2bbb2e43033008c56c5b8a02c9f0b7.jpg,4,PS Plastic,4,PS Plastic,0.9989038705825806,0.00031780017889104784,0.0005270862602628767,0.00016570801381021738,8.546178287360817e-05,0.9989038705825806
/Users/aswanathjs/Downloads/test9/ai_plastic_waste_management_training/PS Plastic/foam_sheets/IMG_9353_JPG.rf.8a390d50b2e98dac0dd75e2bde5d590a.jpg,4,PS Plastic,4,PS Plastic,0.9957501888275146,0.00098214962054044,0.0025708589237183332,0.00028644787380471826,0.00041036339825950563,0.9957501888275146
/Users/aswanathjs/Downloads/test9/ai_plastic_waste_management_training/HDPE Plastic/shampoo_bottles/0077_a02b01c1d2e0f1g0h4.jpg,0,HDPE Plastic,0,HDPE Plastic,0.9958040118217468,0.9958040118217468,0.00046349785407073796,0.0010521786753088236,0.0024448216427117586,0.00023537015658803284
/Users/aswanathjs/Downloads/test9/ai_plastic_waste_management_training/LDPE Plastic/plastic_bags/plasticbag (128).jpg,1,LDPE Plastic,1,LDPE Plastic,0.9986263513565063,1.3609117559099104e-05,0.9986263513565063,5.255235464574071e-06,0.001240700134076178,0.00011411412560846657
/Users/aswanathjs/Downloads/test9/ai_plastic_waste_management_training/LDPE Plastic/plastic_bags/LDPE-485_jpg.rf.6a053d80625d2a4ec28b5e652eda513d.jpg,1,LDPE Plastic,1,LDPE Plastic,0.9996107220649719,4.820863978238776e-05,0.9996107220649719,0.0001902159274322912,8.50737196742557e-05,6.57797500025481e-05
/Users/aswanathjs/Downloads/test9/ai_plastic_waste_management_training/PS Plastic/foam_containers/styrofoam-2-_jpg.rf.7a47a91635e0987144ca84e4ebc56879.jpg,4,PS Plastic,4,PS Plastic,0.828787088394165,0.008116107434034348,0.13990581035614014,0.00112326187081635,0.022067781537771225,0.828787088394165
/Users/aswanathjs/Downloads/test9/ai_plastic_waste_management_training/PP Plastic/round_containers/0035_a06b01c1d3e0f0g0h3.jpg,3,PP Plastic,3,PP Plastic,0.985273540019989,0.006230217404663563,0.0030825668945908546,0.004814088810235262,0.985273540019989,0.0005995528190396726
/Users/aswanathjs/Downloads/test9/ai_plastic_waste_management_training/PP Plastic/round_containers_grey/0035_a06b01c1d3e0f0g0h3.jpg,3,PP Plastic,3,PP Plastic,0.9732176661491394,0.019213538616895676,0.0008850946906022727,0.005703581031411886,0.9732176661491394,0.0009800506522879004
/Users/aswanathjs/Downloads/test9/ai_plastic_waste_management_training/PET Plastic/plastic_bottles/PET443.jpg,2,PET Plastic,2,PET Plastic,0.9991270899772644,0.0002115294773830101,6.911508535267785e-05,0.9991270899772644,0.0002851164899766445,0.0003071378741879016
/Users/aswanathjs/Downloads/test9/ai_plastic_waste_management_training/PP Plastic/round_containers/0044_a06b01c1d2e0f0g0h2.jpg,3,PP Plastic,3,PP Plastic,0.9982072114944458,0.0012570960680022836,0.00014871695020701736,0.0002339467464480549,0.9982072114944458,0.00015305585111491382
/Users/aswanathjs/Downloads/test9/ai_plastic_waste_management_training/PP Plastic/round_containers/Image_200.png,3,PP Plastic,3,PP Plastic,0.7430952787399292,0.020553849637508392,0.18279387056827545,0.012632749043405056,0.7430952787399292,0.04092424735426903
/Users/aswanathjs/Downloads/test9/ai_plastic_waste_management_training/PS Plastic/foam_containers/Image_200.png,3,PP Plastic,4,PS Plastic,0.36919042468070984,0.04045620560646057,0.27957430481910706,0.003470270661637187,0.3073088526725769,0.36919042468070984
/Users/aswanathjs/Downloads/test9/ai_plastic_waste_management_training/LDPE Plastic/plastic_bags/train_LDPE-23_jpg.rf.98d635a56baf266a90fd57f3fc62ef5b.jpg,1,LDPE Plastic,1,LDPE Plastic,0.9996623992919922,0.00010747590567916632,0.9996623992919922,2.841081550286617e-05,3.849500717478804e-05,0.00016319855058100075
/Users/aswanathjs/Downloads/test9/ai_plastic_waste_management_training/LDPE Plastic/black_white__plastic_bags/0053_jpg.rf.26f13a5b1047030e92032f024dcecef5.jpg,1,LDPE Plastic,1,LDPE Plastic,0.9994669556617737,0.0002009190066019073,0.9994669556617737,0.00010017798194894567,4.348693983047269e-05,0.00018849517800845206
/Users/aswanathjs/Downloads/test9/ai_plastic_waste_management_training/PP Plastic/square_containers/IMG_20220209_173217.jpg,3,PP Plastic,3,PP Plastic,0.995281994342804,0.002141780685633421,8.3374026871752e-05,0.00015168132085818797,0.995281994342804,0.002341087209060788
/Users/aswanathjs/Downloads/test9/ai_plastic_waste_management_training/LDPE Plastic/plastic_bags/LDPE-146_jpg.rf.df0e208350f7040cab16f5dec20f57be.jpg,1,LDPE Plastic,1,LDPE Plastic,0.9926927089691162,0.0014747446402907372,0.9926927089691162,0.002741796663030982,0.0016848330851644278,0.0014059985987842083
/Users/aswanathjs/Downloads/test9/ai_plastic_waste_management_training/PET Plastic/black_white_plastic_bottles/bkomu_jpg.rf.64b7e85866c37fd5b691fad86da56a3d.jpg,2,PET Plastic,2,PET Plastic,0.9997701048851013,4.100259957340313e-06,2.957524520752486e-05,0.9997701048851013,0.00016140984371304512,3.482088141026907e-05
/Users/aswanathjs/Downloads/test9/ai_plastic_waste_management_training/HDPE Plastic/shampoo_bottles/0076_a02b06c2d1e0f1g0h0.jpg,0,HDPE Plastic,0,HDPE Plastic,0.9992269277572632,0.9992269277572632,0.00021089975780341774,0.00014333902799990028,0.0002857653598766774,0.00013306268374435604
/Users/aswanathjs/Downloads/test9/ai_plastic_waste_management_training/PET Plastic/black_white_plastic_bottles/azdhc_jpg.rf.5bdf6d74ba3469288bac31c5cce41f35.jpg,2,PET Plastic,2,PET Plastic,0.9999321699142456,1.3524459063773975e-06,5.333855006028898e-05,0.9999321699142456,1.0329496035410557e-05,2.8577076136571122e-06
/Users/aswanathjs/Downloads/test9/ai_plastic_waste_management_training/PET Plastic/shampoo_bottles/0100_a05b00c2d0e0f0g0h3.jpg,2,PET Plastic,2,PET Plastic,0.9999542236328125,5.79012976231752e-06,1.565591787766607e-06,0.9999542236328125,3.357959212735295e-05,4.839772827835986e-06
/Users/aswanathjs/Downloads/test9/ai_plastic_waste_management_training/HDPE Plastic/milk_bottles/HDPEM430.jpg,0,HDPE Plastic,0,HDPE Plastic,0.9984384179115295,0.9984384179115295,4.735849142889492e-05,0.0009385856683366001,0.0002870346943382174,0.0002886675065383315
/Users/aswanathjs/Downloads/test9/ai_plastic_waste_management_training/HDPE Plastic/shampoo_bottles/0078_a02b07c1d2e0f1g0h3.jpg,0,HDPE Plastic,0,HDPE Plastic,0.9952808022499084,0.9952808022499084,0.0007459480548277497,0.0005130944773554802,0.0032418379560112953,0.00021817538072355092
/Users/aswanathjs/Downloads/test9/ai_plastic_waste_management_training/PET Plastic/black_white_plastic_bottles/dkigq_jpg.rf.bd8d08c9e1cc05512fb7ac5718a64399.jpg,2,PET Plastic,2,PET Plastic,0.9995088577270508,2.6120156690012664e-05,0.00016750724171288311,0.9995088577270508,0.00013171274622436613,0.00016579587827436626
/Users/aswanathjs/Downloads/test9/ai_plastic_waste_management_training/LDPE Plastic/black_white__plastic_bags/0012_jpg.rf.6ea8dad0dafa318a479d3c228552498a.jpg,1,LDPE Plastic,1,LDPE Plastic,0.9992266893386841,0.00012966911890543997,0.9992266893386841,6.173234578454867e-05,0.0003982436319347471,0.00018369719327893108
/Users/aswanathjs/Downloads/test9/ai_plastic_waste_management_training/PET Plastic/plastic_bottles/PET640.jpg,2,PET Plastic,2,PET Plastic,0.9986305236816406,0.0010367257054895163,5.289365435601212e-05,0.9986305236816406,0.00021570228273048997,6.418341217795387e-05
"/Users/aswanathjs/Downloads/test9/ai_plastic_waste_management_training/PET Plastic/plastic_bottles/PET1,711.jpg",2,PET Plastic,2,PET Plastic,0.9941522479057312,0.0016369723016396165,0.00013591052265837789,0.9941522479057312,0.003589603817090392,0.0004852166457567364
/Users/aswanathjs/Downloads/test9/ai_plastic_waste_management_training/PS Plastic/foam_sheets/PS-676_jpg.rf.bfd99346ad89d7503e75af4e0fd45dc7.jpg,4,PS Plastic,4,PS Plastic,0.9994661211967468,6.778408715035766e-05,0.00023301213514059782,9.798166865948588e-05,0.00013513131125364453,0.9994661211967468
/Users/aswanathjs/Downloads/test9/ai_plastic_waste_management_training/HDPE Plastic/milk_bottles/P_W (1089).jpg,0,HDPE Plastic,0,HDPE Plastic,0.9973951578140259,0.9973951578140259,0.0005552596412599087,0.0002112844813382253,0.0013667922466993332,0.0004716118855867535
/Users/aswanathjs/Downloads/test9/ai_plastic_waste_management_training/HDPE Plastic/milk_bottles_grey/P_W (1089).jpg,0,HDPE Plastic,0,HDPE Plastic,0.9978779554367065,0.9978779554367065,0.0004402904014568776,0.00026926439022645354,0.0008289096294902265,0.0005835740594193339
/Users/aswanathjs/Downloads/test9/ai_plastic_waste_management_training/HDPE Plastic/shampoo_bottles/0076_a02b06c1d1e0f1g0h4.jpg,0,HDPE Plastic,0,HDPE Plastic,0.9997262358665466,0.9997262358665466,0.0001205031803692691,4.850485493079759e-05,5.3725372708868235e-05,5.1035935030085966e-05
/Users/aswanathjs/Downloads/test9/ai_plastic_waste_management_training/LDPE Plastic/black_white__plastic_bags/0093_jpg.rf.144fadd04fd92f89b289b2af17d1341e.jpg,1,LDPE Plastic,1,LDPE Plastic,0.998932421207428,0.00033176655415445566,0.998932421207428,0.00014829398423898965,8.07018150226213e-05,0.0005068177706561983
/Users/aswanathjs/Downloads/test9/ai_plastic_waste_management_training/LDPE Plastic/plastic_bags/plasticbag (16).jpg,1,LDPE Plastic,1,LDPE Plastic,0.999954342842102,1.6642768514429918e-06,0.999954342842102,1.6887177025637357e-06,3.2298667065333575e-05,9.957265319826547e-06
/Users/aswanathjs/Downloads/test9/ai_plastic_waste_management_training/HDPE Plastic/detergent_bottles/0096_a02b04c2d2e0f0g0h4.jpg,0,HDPE Plastic,0,HDPE Plastic,0.9983043670654297,0.9983043670654297,0.0004748273058794439,0.00010153857874684036,0.0010455864248797297,7.37027803552337e-05
/Users/aswanathjs/Downloads/test9/ai_plastic_waste_management_training/LDPE Plastic/bin_bags/Image_148.png,1,LDPE Plastic,1,LDPE Plastic,0.9931950569152832,0.00446505518630147,0.9931950569152832,0.0014647467760369182,0.0004021313798148185,0.0004731002845801413
/Users/aswanathjs/Downloads/test9/ai_plastic_waste_management_training/PP Plastic/round_containers/Image_148.png,1,LDPE Plastic,1,LDPE Plastic,0.9044448137283325,0.01899459771811962,0.9044448137283325,0.0006055842968635261,0.05675987899303436,0.019195236265659332
/Users/aswanathjs/Downloads/test9/ai_plastic_waste_management_training/PS Plastic/foam_containers/Image_148.png,1,LDPE Plastic,4,PS Plastic,0.5150678157806396,0.11277097463607788,0.13922135531902313,0.00957424845546484,0.2233656495809555,0.5150678157806396
/Users/aswanathjs/Downloads/test9/ai_plastic_waste_management_training/PET Plastic/black_white_plastic_bottles/anujl_jpg.rf.f1b1701e0c40829c8b16aedd58275e01.jpg,2,PET Plastic,2,PET Plastic,0.9990535378456116,1.592920125403907e-05,0.00034525617957115173,0.9990535378456116,0.00022421899484470487,0.0003610369167290628
/Users/aswanathjs/Downloads/test9/ai_plastic_waste_management_training/PP Plastic/round_containers/0043_a06b01c2d1e0f0g0h3.jpg,3,PP Plastic,3,PP Plastic,0.9947022795677185,0.0032997657544910908,0.0012249486753717065,0.00022264137805905193,0.9947022795677185,0.0005503998254425824
/Users/aswanathjs/Downloads/test9/ai_plastic_waste_management_training/PS Plastic/foam_sheets/PS-731_jpg.rf.22d4e22789c5e9a6d6e6763f85ff802d.jpg,4,PS Plastic,4,PS Plastic,0.9998106360435486,4.7297970013460144e-05,2.9598257242469117e-05,5.13624690938741e-05,6.109597597969696e-05,0.9998106360435486
/Users/aswanathjs/Downloads/test9/ai_plastic_waste_management_training/PS Plastic/foam_sheets/PS-715_jpg.rf.5e87f21a86f47fbba46b677fb6e58a1f.jpg,4,PS Plastic,4,PS Plastic,0.9992534518241882,0.00012474677350837737,0.00018043459567707032,0.00019697839161381125,0.00024430593475699425,0.9992534518241882
/Users/aswanathjs/Downloads/test9/ai_plastic_waste_management_training/LDPE Plastic/bin_bags/Image_61.png,1,LDPE Plastic,1,LDPE Plastic,0.9981263279914856,0.0012995201395824552,0.9981263279914856,0.00013813037367071956,0.00016445726214442402,0.0002715541049838066
/Users/aswanathjs/Downloads/test9/ai_plastic_waste_management_training/PS Plastic/foam_containers/Image_61.png,1,LDPE Plastic,1,LDPE Plastic,0.5096656680107117,0.016615746542811394,0.5096656680107117,0.00280205556191504,0.04462046921253204,0.4262959659099579
/Users/aswanathjs/Downloads/test9/ai_plastic_waste_management_training/LDPE Plastic/plastic_bags/LDPE-70_jpg.rf.3618ba51d57e1aaa2246968233cdbc5e.jpg,1,LDPE Plastic,1,LDPE Plastic,0.9995079040527344,5.04904892295599e-05,0.9995079040527344,0.0002517681859899312,9.995428990805522e-05,8.991576760308817e-05
/Users/aswanathjs/Downloads/test9/ai_plastic_waste_management_training/LDPE Plastic/plastic_bags/LDPE-70_jpg.rf.186473782372a76c73ea908d5096e8bc.jpg,1,LDPE Plastic,1,LDPE Plastic,0.9985257983207703,0.0005314467125572264,0.9985257983207703,0.0002230381069239229,0.00027343284455128014,0.00044626748422160745
/Users/aswanathjs/Downloads/test9/ai_plastic_waste_management_training/LDPE Plastic/black_white__plastic_bags/0275_jpg.rf.7e5320184dbb24a05d88baf6f366dd87.jpg,1,LDPE Plastic,1,LDPE Plastic,0.999860405921936,7.316200935747474e-05,0.999860405921936,3.450024451012723e-05,7.969038051669486e-06,2.387871063547209e-05
/Users/aswanathjs/Downloads/test9/ai_plastic_waste_management_training/LDPE Plastic/black_white__plastic_bags/0247_jpg.rf.947d8c6be7c8f78b342e670dcf462c42.jpg,1,LDPE Plastic,1,LDPE Plastic,0.9977021813392639,0.0016768767964094877,0.9977021813392639,4.074701791978441e-05,0.0002555344835855067,0.00032462525996379554
/Users/aswanathjs/Downloads/test9/ai_plastic_waste_management_training/HDPE Plastic/shampoo_bottles/0065_a02b03c1d2e0f1g0h1.jpg,0,HDPE Plastic,0,HDPE Plastic,0.9987009763717651,0.9987009763717651,0.00012595597945619375,0.000337582197971642,0.000701380311511457,0.00013410679821390659
/Users/aswanathjs/Downloads/test9/ai_plastic_waste_management_training/PET Plastic/shampoo_bottles/0080_a05b00c1d0e0f1g0h1.jpg,2,PET Plastic,2,PET Plastic,0.991135835647583,0.006503517273813486,0.00034250362659804523,0.991135835647583,0.0012523364275693893,0.0007658526301383972
/Users/aswanathjs/Downloads/test9/ai_plastic_waste_management_training/PET Plastic/black_white_plastic_bottles/cmfhd_jpg.rf.cfbe07597a8740c79e86e549700cfd85.jpg,2,PET Plastic,2,PET Plastic,0.9986054301261902,0.0006503132171928883,0.00018546858336776495,0.9986054301261902,0.00047930903383530676,7.952597661642358e-05
/Users/aswanathjs/Downloads/test9/ai_plastic_waste_management_training/PP Plastic/irregular_containers/valid_PP-89_jpg.rf.106b150d2f9cafcc034bba289255bea3.jpg,3,PP Plastic,3,PP Plastic,0.9974542260169983,0.0002594514808151871,0.0013903373619541526,0.0004891789867542684,0.9974542260169983,0.0004067647096235305
/Users/aswanathjs/Downloads/test9/ai_plastic_waste_management_training/PET Plastic/plastic_bottles/PET862.jpg,2,PET Plastic,2,PET Plastic,0.9996564388275146,0.0002696244337130338,2.4348377337446436e-05,0.9996564388275146,6.270510311878752e-06,4.325229019741528e-05
/Users/aswanathjs/Downloads/test9/ai_plastic_waste_management_training/PS Plastic/foam_sheets/PS-722_jpg.rf.28f25bd6532d63a96dafcb4418af904a.jpg,4,PS Plastic,4,PS Plastic,0.9983800649642944,0.00048411093303002417,0.00022065774828661233,0.00034869954106397927,0.0005663750343956053,0.9983800649642944
/Users/aswanathjs/Downloads/test9/ai_plastic_waste_management_training/LDPE Plastic/black_white__plastic_bags/0086_jpg.rf.338d0021cd3cad81562287ce9d440038.jpg,1,LDPE Plastic,1,LDPE Plastic,0.9996216297149658,7.106476550688967e-05,0.9996216297149658,9.408977348357439e-05,2.7297079213894904e-05,0.0001859065960161388
/Users/aswanathjs/Downloads/test9/ai_plastic_waste_management_training/PET Plastic/plastic_bottles/PET710.jpg,2,PET Plastic,2,PET Plastic,0.9996484518051147,0.00014310836559161544,0.00011912522313650697,0.9996484518051147,2.833514372468926e-05,6.102527186158113e-05
/Users/aswanathjs/Downloads/test9/ai_plastic_waste_management_training/PP Plastic/square_containers_grey/Image_8.png,3,PP Plastic,3,PP Plastic,0.9963468909263611,4.600959437084384e-05,0.003529976587742567,1.7276863218285143e-05,0.9963468909263611,5.991855505271815e-05
/Users/aswanathjs/Downloads/test9/ai_plastic_waste_management_training/PP Plastic/square_containers/Image_8.png,3,PP Plastic,3,PP Plastic,0.9949512481689453,0.0001153110497398302,0.004768289625644684,1.3286397006595507e-05,0.9949512481689453,0.00015192620048765093
/Users/aswanathjs/Downloads/test9/ai_plastic_waste_management_training/PS Plastic/foam_containers/Image_8.png,3,PP Plastic,3,PP Plastic,0.38545507192611694,0.08700200915336609,0.253383994102478,0.009995825588703156,0.38545507192611694,0.26416313648223877
/Users/aswanathjs/Downloads/test9/ai_plastic_waste_management_training/PP Plastic/irregular_containers/train_PP-58_jpg.rf.cc839988df3dc7eb908590bcc88515c2.jpg,3,PP Plastic,3,PP Plastic,0.9997255206108093,2.9493035981431603e-05,8.590951620135456e-05,0.00010416855366202071,0.9997255206108093,5.4924912546994165e-05
/Users/aswanathjs/Downloads/test9/ai_plastic_waste_management_training/PET Plastic/black_white_plastic_bottles/cezfr_jpg.rf.7c6033f2c16b0439585e4f9bf5580c2b.jpg,2,PET Plastic,2,PET Plastic,0.9999804496765137,4.159679974691244e-06,3.947724962927168e-06,0.9999804496765137,2.2559779608855024e-06,9.138593668467365e-06
/Users/aswanathjs/Downloads/test9/ai_plastic_waste_management_training/HDPE Plastic/milk_bottles/HDPEM240.jpg,0,HDPE Plastic,0,HDPE Plastic,0.9998220801353455,0.9998220801353455,8.815544788376428e-06,3.168979674228467e-05,0.00010236900561721995,3.50889858964365e-05
/Users/aswanathjs/Downloads/test9/ai_plastic_waste_management_training/PET Plastic/black_white_plastic_bottles/dhybl_jpg.rf.bb06f949ec4581fdca4fa185f77d24d0.jpg,2,PET Plastic,2,PET Plastic,0.9999101161956787,7.313316473300802e-06,3.709856537170708e-05,0.9999101161956787,2.8717842724290676e-05,1.6822674297145568e-05
/Users/aswanathjs/Downloads/test9/ai_plastic_waste_management_training/LDPE Plastic/plastic_bags/LDPE-359_jpg.rf.dd5a9e2c860641ea7b88f8b384ee85a5.jpg,1,LDPE Plastic,1,LDPE Plastic,0.998982846736908,5.4033618653193116e-05,0.998982846736908,0.000112489506136626,0.0003984541108366102,0.0004521740775089711
/Users/aswanathjs/Downloads/test9/ai_plastic_waste_management_training/HDPE Plastic/shampoo_bottles/0075_a02b01c2d0e0f0g0h1.jpg,0,HDPE Plastic,0,HDPE Plastic,0.9988183379173279,0.9988183379173279,0.00020919193048030138,0.0006181463832035661,0.000252696278039366,0.00010155064956052229
/Users/aswanathjs/Downloads/test9/ai_plastic_waste_management_training/HDPE Plastic/milk_bottles/HDPEM7.jpg,0,HDPE Plastic,0,HDPE Plastic,0.9867373108863831,0.9867373108863831,0.006056742276996374,0.000582425098400563,0.0024887218605726957,0.004134822636842728
/Users/aswanathjs/Downloads/test9/ai_plastic_waste_management_training/PS Plastic/form_containers_grey/0058_a06b01c2d3e0f0g0h0.jpg,4,PS Plastic,4,PS Plastic,0.9988628625869751,0.00020745785150211304,2.2617792637902312e-05,0.00010013338760472834,0.0008070181356742978,0.9988628625869751
/Users/aswanathjs/Downloads/test9/ai_plastic_waste_management_training/PS Plastic/foam_containers/0058_a06b01c2d3e0f0g0h0.jpg,4,PS Plastic,4,PS Plastic,0.9994937181472778,0.0002006195718422532,1.128649091697298e-05,5.091755883768201e-05,0.0002435062633594498,0.9994937181472778
/Users/aswanathjs/Downloads/test9/ai_plastic_waste_management_training/PS Plastic/foam_sheets/PS-823_jpg.rf.83b4e1cf8aa5f7d22b6eb38af10fad97.jpg,4,PS Plastic,4,PS Plastic,0.9999165534973145,4.4114799493399914e-06,1.74714186869096e-05,3.4982200304511935e-05,2.660467907844577e-05,0.9999165534973145
/Users/aswanathjs/Downloads/test9/ai_plastic_waste_management_training/HDPE Plastic/shampoo_bottles/0076_a02b06c2d3e0f1g0h4.jpg,0,HDPE Plastic,0,HDPE Plastic,0.9988400340080261,0.9988400340080261,0.00022164119582157582,5.6353939726250246e-05,0.0007376676658168435,0.00014432979514822364
/Users/aswanathjs/Downloads/test9/ai_plastic_waste_management_training/PS Plastic/foam_sheets/PS-859_jpg.rf.4c39ce720d4fbdb233d56ac3962ebddf.jpg,4,PS Plastic,4,PS Plastic,0.9998370409011841,2.2867434381623752e-05,2.289270378241781e-05,6.408378249034286e-05,5.305507147568278e-05,0.9998370409011841
/Users/aswanathjs/Downloads/test9/ai_plastic_waste_management_training/PS Plastic/form_containers_grey/styrofoam-121-_jpg.rf.785c9a58971ce43c8765bdc7af45ff6a.jpg,4,PS Plastic,4,PS Plastic,0.9996647834777832,7.445891969837248e-05,1.068344499799423e-05,0.00011056891526095569,0.00013944668171461672,0.9996647834777832
/Users/aswanathjs/Downloads/test9/ai_plastic_waste_management_training/PS Plastic/foam_containers/styrofoam-121-_jpg.rf.785c9a58971ce43c8765bdc7af45ff6a.jpg,4,PS Plastic,4,PS Plastic,0.9996603727340698,6.172498251544312e-05,1.2769378372468054e-05,9.486279304837808e-05,0.00017032869800459594,0.9996603727340698
/Users/aswanathjs/Downloads/test9/ai_plastic_waste_management_training/PET Plastic/shampoo_bottles/0050_a05b00c1d1e1f1g0h4.jpg,2,PET Plastic,2,PET Plastic,0.9973178505897522,0.0014451915631070733,3.03534725389909e-05,0.9973178505897522,0.0009973928099498153,0.0002091220230795443
/Users/aswanathjs/Downloads/test9/ai_plastic_waste_management_training/PP Plastic/square_containers/clearbox.png,3,PP Plastic,3,PP Plastic,0.9636942744255066,0.003292465815320611,0.02835807390511036,0.0002745130914263427,0.9636942744255066,0.004380600992590189
/Users/aswanathjs/Downloads/test9/ai_plastic_waste_management_training/PET Plastic/black_white_plastic_bottles/cxwiq_jpg.rf.dff740ab33c2f2437afeea41fd5e0f16.jpg,2,PET Plastic,2,PET Plastic,0.9999562501907349,1.2202188372612e-05,1.6074319546532934e-06,0.9999562501907349,2.1067975467303768e-05,8.927917406253982e-06
/Users/aswanathjs/Downloads/test9/ai_plastic_waste_management_training/HDPE Plastic/milk_bottles/HDPEM563.JPG,0,HDPE Plastic,0,HDPE Plastic,0.9916551113128662,0.9916551113128662,0.00035015627508983016,0.004584563430398703,0.0023993670474737883,0.001010754145681858
/Users/aswanathjs/Downloads/test9/ai_plastic_waste_management_training/HDPE Plastic/milk_bottles/HDPEM224.jpg,0,HDPE Plastic,0,HDPE Plastic,0.9996739625930786,0.9996739625930786,2.9089333111187443e-05,7.579809607705101e-05,0.00017538078827783465,4.5770495489705354e-05
/Users/aswanathjs/Downloads/test9/ai_plastic_waste_management_training/HDPE Plastic/milk_bottles/HDPEM283.jpg,0,HDPE Plastic,0,HDPE Plastic,0.9998992681503296,0.9998992681503296,5.952584615442902e-05,3.2533109788346337e-06,1.8589555111248046e-05,1.9433997294981964e-05
/Users/aswanathjs/Downloads/test9/ai_plastic_waste_management_training/PP Plastic/round_containers/0022_a05b00c1d1e0f0g0h0.jpg,3,PP Plastic,3,PP Plastic,0.9958946704864502,0.0006561113987118006,0.0010941987857222557,0.002078334102407098,0.9958946704864502,0.0002766492252703756
/Users/aswanathjs/Downloads/test9/ai_plastic_waste_management_training/PP Plastic/round_containers_grey/0022_a05b00c1d1e0f0g0h0.jpg,3,PP Plastic,3,PP Plastic,0.997811496257782,0.0009466617484577,0.0006794324144721031,0.0004764455952681601,0.997811496257782,8.594520477345213e-05
/Users/aswanathjs/Downloads/test9/ai_plastic_waste_management_training/HDPE Plastic/milk_bottles/HDPEM228.jpg,0,HDPE Plastic,0,HDPE Plastic,0.9983034133911133,0.9983034133911133,7.198151433840394e-05,0.0001839141477830708,0.0013455140870064497,9.520108869764954e-05
/Users/aswanathjs/Downloads/test9/ai_plastic_waste_management_training/PP Plastic/round_containers/0022_a05b00c2d1e0f0g0h2.jpg,3,PP Plastic,3,PP Plastic,0.9942150712013245,0.0006459993892349303,0.0027912857476621866,0.0011940511176362634,0.9942150712013245,0.0011536774691194296
/Users/aswanathjs/Downloads/test9/ai_plastic_waste_management_training/HDPE Plastic/shampoo_bottles/0061_a02b01c2d1e0f1g0h3(1).jpg,0,HDPE Plastic,0,HDPE Plastic,0.9992000460624695,0.9992000460624695,6.958429730730131e-05,0.00017383745580445975,0.0003812427166849375,0.00017531821504235268
/Users/aswanathjs/Downloads/test9/ai_plastic_waste_management_training/PP Plastic/square_containers/Image_3.png,3,PP Plastic,3,PP Plastic,0.9933167695999146,7.663219003006816e-05,0.006478297058492899,5.449485615827143e-05,0.9933167695999146,7.373793050646782e-05
/Users/aswanathjs/Downloads/test9/ai_plastic_waste_management_training/PS Plastic/foam_containers/Image_3.png,3,PP Plastic,3,PP Plastic,0.4317004382610321,0.1178068071603775,0.1513197124004364,0.009541348554193974,0.4317004382610321,0.2896316945552826
/Users/aswanathjs/Downloads/test9/ai_plastic_waste_management_training/LDPE Plastic/plastic_bags/LDPE-584_jpg.rf.31e464383d5152d36c41b0b2d93bcdda.jpg,1,LDPE Plastic,1,LDPE Plastic,0.9997288584709167,6.740829849150032e-05,0.9997288584709167,2.411870264040772e-05,6.0108068282715976e-05,0.00011950417683692649
/Users/aswanathjs/Downloads/test9/ai_plastic_waste_management_training/PP Plastic/round_containers/0043_a06b01c2d3e0f0g0h3.jpg,3,PP Plastic,3,PP Plastic,0.9975702166557312,0.0007269615889526904,0.0009368465980514884,0.00011002265091519803,0.9975702166557312,0.0006558800814673305
/Users/aswanathjs/Downloads/test9/ai_plastic_waste_management_training/PS Plastic/foam_containers/0058_a06b01c2d2e0f0g0h3.jpg,4,PS Plastic,4,PS Plastic,0.9993312358856201,6.40761136310175e-05,4.550209268927574e-06,1.0173295777349267e-05,0.0005900663090869784,0.9993312358856201
/Users/aswanathjs/Downloads/test9/ai_plastic_waste_management_training/LDPE Plastic/black_white__plastic_bags/0154_jpg.rf.9e1fcff0c748c1e0e0f8c5cbf6c822aa.jpg,1,LDPE Plastic,1,LDPE Plastic,0.9968132376670837,0.0002728053950704634,0.9968132376670837,0.0012172870337963104,0.000498214503750205,0.0011984764132648706
/Users/aswanathjs/Downloads/test9/ai_plastic_waste_management_training/HDPE Plastic/shampoo_bottles/0076_a02b06c1d2e0f1g0h1.jpg,0,HDPE Plastic,0,HDPE Plastic,0.9994425177574158,0.9994425177574158,0.0001795015123207122,8.309882105095312e-05,0.0001985122071346268,9.63336497079581e-05
/Users/aswanathjs/Downloads/test9/ai_plastic_waste_management_training/PS Plastic/foam_containers/styrofoam-100-_jpg.rf.43612413ab942c0589721bb72171c92d.jpg,4,PS Plastic,4,PS Plastic,0.9988082647323608,8.112945215543732e-05,5.248638899502112e-06,1.681579874457384e-06,0.0011037756921723485,0.9988082647323608
/Users/aswanathjs/Downloads/test9/ai_plastic_waste_management_training/LDPE Plastic/black_white__plastic_bags/0109_jpg.rf.50b3b22730a071ebca7e4ceb7ac6a116.jpg,1,LDPE Plastic,1,LDPE Plastic,0.9964584708213806,0.0008927531307563186,0.9964584708213806,0.00013406599464360625,0.0007179787498898804,0.0017967494204640388
/Users/aswanathjs/Downloads/test9/ai_plastic_waste_management_training/PET Plastic/shampoo_bottles/0050_a05b00c2d1e1f1g0h0.jpg,2,PET Plastic,2,PET Plastic,0.9957913160324097,0.003926852717995644,1.565611455589533e-05,0.9957913160324097,0.00023356155725196004,3.266753628849983e-05
/Users/aswanathjs/Downloads/test9/ai_plastic_waste_management_training/PS Plastic/foam_sheets/PS-545_jpg.rf.bc6758adb5c00757a6fd385177015326.jpg,4,PS Plastic,4,PS Plastic,0.9998495578765869,1.7619111531530507e-05,6.739811215084046e-05,2.4778611987130716e-05,4.058094054926187e-05,0.9998495578765869
/Users/aswanathjs/Downloads/test9/ai_plastic_waste_management_training/LDPE Plastic/plastic_bags/plasticbag (77).jpg,1,LDPE Plastic,1,LDPE Plastic,0.9987051486968994,0.00034117893665097654,0.9987051486968994,0.00034593508462421596,0.00038334980490617454,0.00022433091362472624
/Users/aswanathjs/Downloads/test9/ai_plastic_waste_management_training/HDPE Plastic/detergent_bottles/0098_a02b03c2d1e0f0g0h0.jpg,0,HDPE Plastic,0,HDPE Plastic,0.9903573393821716,0.9903573393821716,0.0022779637947678566,0.0002864797133952379,0.006814208347350359,0.00026401138165965676
/Users/aswanathjs/Downloads/test9/ai_plastic_waste_management_training/HDPE Plastic/milk_bottles/HDPEM38.jpg,0,HDPE Plastic,0,HDPE Plastic,0.9920861124992371,0.9920861124992371,0.0004765178600791842,0.00012430272181518376,0.006490712519735098,0.000822284200694412
/Users/aswanathjs/Downloads/test9/ai_plastic_waste_management_training/PET Plastic/plastic_bottles/PET982.jpg,2,PET Plastic,2,PET Plastic,0.9998799562454224,1.965626870514825e-05,9.483292160439305e-06,0.9998799562454224,1.0304978786734864e-05,8.062520646490157e-05
/Users/aswanathjs/Downloads/test9/ai_plastic_waste_management_training/HDPE Plastic/shampoo_bottles/0061_a02b01c1d2e0f1g0h3(1).jpg,0,HDPE Plastic,0,HDPE Plastic,0.9990704655647278,0.9990704655647278,0.00010240029951091856,6.827227480243891e-05,0.0006218549679033458,0.00013705587480217218
/Users/aswanathjs/Downloads/test9/ai_plastic_waste_management_training/PP Plastic/irregular_containers/0036_a05b00c1d0e0f0g0h4.jpg,3,PP Plastic,3,PP Plastic,0.9916774034500122,0.00032815683516673744,0.0008080602856352925,0.0069178687408566475,0.9916774034500122,0.00026852820883505046
/Users/aswanathjs/Downloads/test9/ai_plastic_waste_management_training/LDPE Plastic/plastic_bags/LDPE-163_jpg.rf.85350f8e9b11cb559295286f885502a8.jpg,1,LDPE Plastic,1,LDPE Plastic,0.9972479939460754,0.0002484841097611934,0.9972479939460754,0.0015368829481303692,0.0004588376614265144,0.0005077220848761499
/Users/aswanathjs/Downloads/test9/ai_plastic_waste_management_training/PET Plastic/plastic_bottles/PET713.jpg,2,PET Plastic,2,PET Plastic,0.9999223947525024,2.3074529963196255e-05,2.5201470634783618e-05,0.9999223947525024,1.1647481187537778e-05,1.770761991792824e-05
/Users/aswanathjs/Downloads/test9/ai_plastic_waste_management_training/LDPE Plastic/plastic_bags/LDPE-219_jpg.rf.21db33c6ba4294e93914fbd11a477e70.jpg,1,LDPE Plastic,1,LDPE Plastic,0.998711109161377,0.00022623837867286056,0.998711109161377,0.0003882512100972235,0.00031193456379696727,0.0003624992386903614
"/Users/aswanathjs/Downloads/test9/ai_plastic_waste_management_training/PET Plastic/plastic_bottles/PET1,147.jpg",2,PET Plastic,2,PET Plastic,0.9999375343322754,1.2902375601697713e-05,1.1721190276148263e-05,0.9999375343322754,2.515603591746185e-05,1.2748385415761732e-05
/Users/aswanathjs/Downloads/test9/ai_plastic_waste_management_training/PP Plastic/square_containers_grey/IMG_20220209_173943.jpg,3,PP Plastic,3,PP Plastic,0.9980934262275696,3.9712307625450194e-05,0.0007627985905855894,4.333189644967206e-05,0.9980934262275696,0.0010607556905597448
/Users/aswanathjs/Downloads/test9/ai_plastic_waste_management_training/PP Plastic/square_containers/IMG_20220209_173943.jpg,3,PP Plastic,3,PP Plastic,0.9985966086387634,0.0002523591974750161,0.00041151390178129077,3.233335155528039e-05,0.9985966086387634,0.0007071198779158294
/Users/aswanathjs/Downloads/test9/ai_plastic_waste_management_training/LDPE Plastic/plastic_bags/LDPE-73_jpg.rf.4b63b5bd1de2c31d767794f56defedb6.jpg,1,LDPE Plastic,1,LDPE Plastic,0.9993138313293457,0.00012348445306997746,0.9993138313293457,0.00015308879665099084,0.00010675504745449871,0.00030290058930404484
/Users/aswanathjs/Downloads/test9/ai_plastic_waste_management_training/PET Plastic/black_white_plastic_bottles/cwqlt_jpg.rf.238486cbbd58ee99f327a8279240efa6.jpg,2,PET Plastic,2,PET Plastic,0.9999228715896606,1.0987506357196253e-05,1.2914545550302137e-05,0.9999228715896606,1.0442311577207875e-05,4.271339639672078e-05
/Users/aswanathjs/Downloads/test9/ai_plastic_waste_management_training/PS Plastic/foam_sheets/IMG_9374_JPG.rf.aff714030733441153062908030ac9a6.jpg,4,PS Plastic,4,PS Plastic,0.9962819218635559,0.00013672678323928267,0.0006054308614693582,4.987547799828462e-05,0.0029260742012411356,0.9962819218635559
/Users/aswanathjs/Downloads/test9/ai_plastic_waste_management_training/PS Plastic/foam_sheets/IMG_9374_JPG.rf.b3a25150b143759d600b227b86f18aaf.jpg,4,PS Plastic,4,PS Plastic,0.9969848990440369,0.0003698959480971098,0.0006507018115371466,0.00015060654550325125,0.0018439488485455513,0.9969848990440369
/Users/aswanathjs/Downloads/test9/ai_plastic_waste_management_training/PS Plastic/foam_sheets/IMG_9374_JPG.rf.9960c2d3ffe8154d2060c6db12fe297d.jpg,4,PS Plastic,4,PS Plastic,0.9955893754959106,0.0005096407840028405,0.0012172611895948648,0.00013842148473486304,0.0025453304406255484,0.9955893754959106
"/Users/aswanathjs/Downloads/test9/ai_plastic_waste_management_training/PET Plastic/plastic_bottles/PET1,628.jpg",2,PET Plastic,2,PET Plastic,0.9998378753662109,5.348836930352263e-05,1.654088919167407e-05,0.9998378753662109,6.941940227989107e-05,2.2703934519086033e-05
/Users/aswanathjs/Downloads/test9/ai_plastic_waste_management_training/PET Plastic/black_white_plastic_bottles/cjhrf_jpg.rf.4cf264054b4c2e237f044990d4a0827e.jpg,2,PET Plastic,2,PET Plastic,0.9975454211235046,0.00017311582632828504,0.00094806426204741,0.9975454211235046,0.0005884343991056085,0.0007449508411809802
/Users/aswanathjs/Downloads/test9/ai_plastic_waste_management_training/PS Plastic/foam_containers/Image_7.png,4,PS Plastic,4,PS Plastic,0.9584265351295471,0.009796163067221642,0.020483041182160378,0.0007054744055494666,0.01058870367705822,0.9584265351295471
/Users/aswanathjs/Downloads/test9/ai_plastic_waste_management_training/HDPE Plastic/shampoo_bottles/0078_a02b07c2d0e0f1g0h0.jpg,0,HDPE Plastic,0,HDPE Plastic,0.9974083304405212,0.9974083304405212,0.00010537844354985282,0.0021739481016993523,0.00021310491138137877,9.92027489701286e-05
/Users/aswanathjs/Downloads/test9/ai_plastic_waste_management_training/PS Plastic/foam_containers/Image_86.png,4,PS Plastic,4,PS Plastic,0.7756798267364502,0.030870242044329643,0.08002398908138275,0.0050284420140087605,0.10839755088090897,0.7756798267364502
/Users/aswanathjs/Downloads/test9/ai_plastic_waste_management_training/PET Plastic/black_white_plastic_bottles/amzcs_jpg.rf.e59dc832e1b33e043b0b996da838499f.jpg,2,PET Plastic,2,PET Plastic,0.9977405071258545,0.0005217763828113675,0.00026592836366035044,0.9977405071258545,0.0007155041676014662,0.0007563459221273661
/Users/aswanathjs/Downloads/test9/ai_plastic_waste_management_training/LDPE Plastic/black_white__plastic_bags/0001_jpg.rf.2f0ad936d4709710ecdc521ff52465c5.jpg,1,LDPE Plastic,1,LDPE Plastic,0.9945366382598877,0.0003338669484946877,0.9945366382598877,0.0004789603117387742,0.0023665085900574923,0.0022840050514787436
"/Users/aswanathjs/Downloads/test9/ai_plastic_waste_management_training/PET Plastic/plastic_bottles/PET1,556.jpg",2,PET Plastic,2,PET Plastic,0.9997898936271667,0.00010253083746647462,9.444704119232483e-06,0.9997898936271667,8.157151023624465e-05,1.657176653679926e-05
/Users/aswanathjs/Downloads/test9/ai_plastic_waste_management_training/PP Plastic/round_containers/0035_a06b01c1d1e0f0g0h1.jpg,3,PP Plastic,3,PP Plastic,0.9939348101615906,0.000866093032527715,0.0013650573091581464,0.003343137912452221,0.9939348101615906,0.0004909128765575588
/Users/aswanathjs/Downloads/test9/ai_plastic_waste_management_training/PP Plastic/round_containers_grey/0035_a06b01c1d1e0f0g0h1.jpg,3,PP Plastic,3,PP Plastic,0.9929840564727783,0.0006717920186929405,0.0019464779179543257,0.003914675209671259,0.9929840564727783,0.0004829299286939204
"/Users/aswanathjs/Downloads/test9/ai_plastic_waste_management_training/PET Plastic/plastic_bottles/PET1,578.jpg",2,PET Plastic,2,PET Plastic,0.999954342842102,4.055563476867974e-05,1.7329919046460418e-06,0.999954342842102,1.3132132608006941e-06,1.9827414234896423e-06
/Users/aswanathjs/Downloads/test9/ai_plastic_waste_management_training/HDPE Plastic/milk_bottles/HDPEM416.jpg,0,HDPE Plastic,0,HDPE Plastic,0.9996046423912048,0.9996046423912048,6.972756091272458e-05,4.577797153615393e-05,0.00010181734251091257,0.0001780088641680777
/Users/aswanathjs/Downloads/test9/ai_plastic_waste_management_training/PET Plastic/black_white_plastic_bottles/bulsf_jpg.rf.e79de670e55f81c8406d5665486f77a4.jpg,2,PET Plastic,2,PET Plastic,0.9994271993637085,0.00013123155804350972,8.007128781173378e-05,0.9994271993637085,0.00025413205730728805,0.00010739172284957021
/Users/aswanathjs/Downloads/test9/ai_plastic_waste_management_training/PET Plastic/black_white_plastic_bottles/byuqw_jpg.rf.00be2250b413cf1535c59ed5c36a93b3.jpg,2,PET Plastic,2,PET Plastic,0.9995570778846741,2.6769062969833612e-05,8.31231809570454e-05,0.9995570778846741,0.00023498674272559583,9.794882498681545e-05
/Users/aswanathjs/Downloads/test9/ai_plastic_waste_management_training/PET Plastic/plastic_bottles/PET366.jpg,2,PET Plastic,2,PET Plastic,0.999803364276886,5.650730599882081e-05,2.327326001250185e-05,0.999803364276886,2.9246715712361038e-05,8.763155346969143e-05
/Users/aswanathjs/Downloads/test9/ai_plastic_waste_management_training/LDPE Plastic/black_white__plastic_bags/0064_jpg.rf.ec3506dba251b2d9bbd1bab954524ce2.jpg,1,LDPE Plastic,1,LDPE Plastic,0.998734176158905,0.00019924575462937355,0.998734176158905,0.0008968697511591017,6.333983037620783e-05,0.00010641763947205618
/Users/aswanathjs/Downloads/test9/ai_plastic_waste_management_training/HDPE Plastic/shampoo_bottles/0076_a02b06c2d0e0f1g0h2.jpg,0,HDPE Plastic,0,HDPE Plastic,0.9987351298332214,0.9987351298332214,0.0003299424424767494,0.0006787525489926338,0.00012250171857886016,0.00013364473124966025
/Users/aswanathjs/Downloads/test9/ai_plastic_waste_management_training/LDPE Plastic/plastic_bags/LDPE-497_jpg.rf.327653e0820a8ac74df9a88db94a16a1.jpg,1,LDPE Plastic,1,LDPE Plastic,0.9995511174201965,6.288806616794318e-05,0.9995511174201965,0.00021426696912385523,9.240729559678584e-05,7.920667849248275e-05
/Users/aswanathjs/Downloads/test9/ai_plastic_waste_management_training/LDPE Plastic/plastic_bags/LDPE-248_jpg.rf.c28b15ef1b265bbd86f17a30ca0f0e42.jpg,1,LDPE Plastic,1,LDPE Plastic,0.992405354976654,0.001462219632230699,0.992405354976654,0.0015848776092752814,0.0011090032057836652,0.003438563784584403
/Users/aswanathjs/Downloads/test9/ai_plastic_waste_management_training/HDPE Plastic/detergent_bottles/IMG_20220209_220150.jpg,0,HDPE Plastic,0,HDPE Plastic,0.9857558608055115,0.9857558608055115,0.0005610825610347092,0.0030326442793011665,0.010235526598989964,0.0004149341257289052
/Users/aswanathjs/Downloads/test9/ai_plastic_waste_management_training/PP Plastic/round_containers/0031_a05b01c1d1e0f0g0h3.jpg,3,PP Plastic,3,PP Plastic,0.9991185069084167,0.0006350846379064023,0.00010540662333369255,7.34145796741359e-05,0.9991185069084167,6.755906360922381e-05
/Users/aswanathjs/Downloads/test9/ai_plastic_waste_management_training/HDPE Plastic/milk_bottles/P_W (1356).jpg,0,HDPE Plastic,0,HDPE Plastic,0.997714638710022,0.997714638710022,0.0010680068517103791,0.000170259372680448,0.00041820696787908673,0.0006288288277573884
/Users/aswanathjs/Downloads/test9/ai_plastic_waste_management_training/HDPE Plastic/milk_bottles_grey/P_W (1356).jpg,0,HDPE Plastic,0,HDPE Plastic,0.9962614178657532,0.9962614178657532,0.0018053160747513175,0.00022399998852051795,0.0003295662463642657,0.0013796982821077108
/Users/aswanathjs/Downloads/test9/ai_plastic_waste_management_training/PET Plastic/black_white_plastic_bottles/ahlof_jpg.rf.aa5e8a85fb509d20cd002a596d3a62c8.jpg,2,PET Plastic,2,PET Plastic,0.9952006340026855,9.221029176842421e-05,0.0041200886480510235,0.9952006340026855,0.0001830204128054902,0.0004040487401653081
/Users/aswanathjs/Downloads/test9/ai_plastic_waste_management_training/HDPE Plastic/detergent_bottles/Image_75.png,0,HDPE Plastic,0,HDPE Plastic,0.9995318651199341,0.9995318651199341,0.00019748270278796554,4.913731390843168e-05,0.0001380584144499153,8.347378752660006e-05
/Users/aswanathjs/Downloads/test9/ai_plastic_waste_management_training/LDPE Plastic/bin_bags/Image_75.png,0,HDPE Plastic,1,LDPE Plastic,0.7465577721595764,0.1784326732158661,0.7465577721595764,0.015835782513022423,0.03209468722343445,0.027079099789261818
/Users/aswanathjs/Downloads/test9/ai_plastic_waste_management_training/PP Plastic/square_containers/Image_75.png,0,HDPE Plastic,0,HDPE Plastic,0.547566831111908,0.547566831111908,0.2529917061328888,0.004788323305547237,0.14707541465759277,0.047577667981386185
/Users/aswanathjs/Downloads/test9/ai_plastic_waste_management_training/PS Plastic/foam_containers/Image_75.png,0,HDPE Plastic,4,PS Plastic,0.5440831184387207,0.20266476273536682,0.15277622640132904,0.016563698649406433,0.08391221612691879,0.5440831184387207
/Users/aswanathjs/Downloads/test9/ai_plastic_waste_management_training/HDPE Plastic/milk_bottles/HDPEM49.jpg,0,HDPE Plastic,0,HDPE Plastic,0.9951204657554626,0.9951204657554626,0.0003335478832013905,0.0017038778169080615,0.0019999833311885595,0.0008421235834248364
"/Users/aswanathjs/Downloads/test9/ai_plastic_waste_management_training/PET Plastic/plastic_bottles/PET1,260.jpg",2,PET Plastic,2,PET Plastic,0.9993054866790771,0.0005284527433104813,3.455378100625239e-05,0.9993054866790771,7.14438283466734e-05,5.999552377033979e-05
/Users/aswanathjs/Downloads/test9/ai_plastic_waste_management_training/LDPE Plastic/bin_bags/Image_129.png,1,LDPE Plastic,1,LDPE Plastic,0.9274049997329712,0.059968989342451096,0.9274049997329712,0.003122572088614106,0.005158156156539917,0.004345312248915434
/Users/aswanathjs/Downloads/test9/ai_plastic_waste_management_training/LDPE Plastic/bin_bags_grey/Image_129.png,1,LDPE Plastic,1,LDPE Plastic,0.7368634343147278,0.21782059967517853,0.7368634343147278,0.013360328041017056,0.014957521110773087,0.01699809357523918
/Users/aswanathjs/Downloads/test9/ai_plastic_waste_management_training/PP Plastic/square_containers_grey/Image_129.png,1,LDPE Plastic,1,LDPE Plastic,0.9453070163726807,0.0022380033042281866,0.9453070163726807,0.004731305874884129,0.04089115560054779,0.0068325321190059185
/Users/aswanathjs/Downloads/test9/ai_plastic_waste_management_training/PP Plastic/square_containers/Image_129.png,1,LDPE Plastic,1,LDPE Plastic,0.9513994455337524,0.0016471495619043708,0.9513994455337524,0.003456489183008671,0.03976365178823471,0.003733223769813776
/Users/aswanathjs/Downloads/test9/ai_plastic_waste_management_training/PS Plastic/foam_containers/Image_129.png,1,LDPE Plastic,1,LDPE Plastic,0.5477780699729919,0.00598749378696084,0.5477780699729919,0.001394297694787383,0.039318863302469254,0.4055212736129761
/Users/aswanathjs/Downloads/test9/ai_plastic_waste_management_training/PS Plastic/foam_containers/Image_33.png,4,PS Plastic,3,PP Plastic,0.6921511292457581,0.005171498749405146,0.022802123799920082,0.005459170788526535,0.6921511292457581,0.2744160592556
/Users/aswanathjs/Downloads/test9/ai_plastic_waste_management_training/PET Plastic/black_white_plastic_bottles/dgzwl_jpg.rf.82d358e08123cf93bb5819b48d51784b.jpg,2,PET Plastic,2,PET Plastic,0.9994072914123535,0.00020075050997547805,3.709522570716217e-05,0.9994072914123535,0.000280066451523453,7.476010068785399e-05
/Users/aswanathjs/Downloads/test9/ai_plastic_waste_management_training/PET Plastic/black_white_plastic_bottles/cuxgr_jpg.rf.97815d8a8cadbb0dcada9633f9b57208.jpg,2,PET Plastic,2,PET Plastic,0.9999344348907471,7.148003078327747e-06,1.977355350391008e-05,0.9999344348907471,8.08751519798534e-06,3.0471852369373664e-05
/Users/aswanathjs/Downloads/test9/ai_plastic_waste_management_training/HDPE Plastic/detergent_bottles/IMG_20220209_182808.jpg,0,HDPE Plastic,0,HDPE Plastic,0.9884472489356995,0.9884472489356995,0.0031613644678145647,0.0035400977358222008,0.004539159592241049,0.00031202734680846334
"/Users/aswanathjs/Downloads/test9/ai_plastic_waste_management_training/PET Plastic/plastic_bottles/PET1,706.jpg",2,PET Plastic,2,PET Plastic,0.9958178400993347,0.0036937117110937834,0.0002959226258099079,0.9958178400993347,0.00011468394222902134,7.783072214806452e-05
/Users/aswanathjs/Downloads/test9/ai_plastic_waste_management_training/HDPE Plastic/shampoo_bottles/0065_a02b03c1d2e0f1g0h3.jpg,0,HDPE Plastic,0,HDPE Plastic,0.9996254444122314,0.9996254444122314,3.791624476434663e-05,6.947139627300203e-05,0.00021546383504755795,5.1670103857759386e-05
/Users/aswanathjs/Downloads/test9/ai_plastic_waste_management_training/LDPE Plastic/plastic_bags/train_LDPE-56_jpg.rf.a14e48b211c3edcb055bc2bb9a77fa5d.jpg,1,LDPE Plastic,1,LDPE Plastic,0.9998296499252319,2.5986446416936815e-05,0.9998296499252319,2.138379932148382e-05,2.154173307644669e-05,0.00010132680472452193
/Users/aswanathjs/Downloads/test9/ai_plastic_waste_management_training/PET Plastic/plastic_bottles/PET581.jpg,2,PET Plastic,2,PET Plastic,0.999754011631012,0.00015679586795158684,8.890641765901819e-06,0.999754011631012,4.5217282604426146e-05,3.5122749977745116e-05
/Users/aswanathjs/Downloads/test9/ai_plastic_waste_management_training/PP Plastic/round_containers/IMG_20220209_172714.jpg,3,PP Plastic,3,PP Plastic,0.9622089862823486,0.02371121756732464,0.004787306301295757,0.006689405534416437,0.9622089862823486,0.0026030617300421
/Users/aswanathjs/Downloads/test9/ai_plastic_waste_management_training/PET Plastic/plastic_bottles/PET738.jpg,2,PET Plastic,2,PET Plastic,0.9992731213569641,0.00038793490966781974,0.00013695823145098984,0.9992731213569641,2.340687387913931e-05,0.0001786681095836684
/Users/aswanathjs/Downloads/test9/ai_plastic_waste_management_training/LDPE Plastic/plastic_bags/plasticbag (11).jpg,1,LDPE Plastic,1,LDPE Plastic,0.9998196959495544,4.204131619189866e-05,0.9998196959495544,1.5739038644824177e-05,7.144686242099851e-05,5.113083898322657e-05
/Users/aswanathjs/Downloads/test9/ai_plastic_waste_management_training/LDPE Plastic/plastic_bags_grey/LDPE-233_jpg.rf.503d77f207980a943ec9272406c39958.jpg,1,LDPE Plastic,1,LDPE Plastic,0.9941937327384949,0.001320749637670815,0.9941937327384949,0.0011840162333101034,0.000803938542958349,0.0024976558052003384
/Users/aswanathjs/Downloads/test9/ai_plastic_waste_management_training/LDPE Plastic/plastic_bags/LDPE-233_jpg.rf.503d77f207980a943ec9272406c39958.jpg,1,LDPE Plastic,1,LDPE Plastic,0.9662906527519226,0.007312874309718609,0.9662906527519226,0.006586965173482895,0.005929733160883188,0.01387981977313757
/Users/aswanathjs/Downloads/test9/ai_plastic_waste_management_training/PS Plastic/foam_sheets/PS-744_jpg.rf.9e488b75492b7e03bf5d42cfcd49b17f.jpg,4,PS Plastic,4,PS Plastic,0.9991222023963928,0.00017185352044180036,0.00029463673126883805,0.00016593576583545655,0.00024540163576602936,0.9991222023963928
/Users/aswanathjs/Downloads/test9/ai_plastic_waste_management_training/PET Plastic/black_white_plastic_bottles/dnrqc_jpg.rf.af439e4f8c5b66386ada7bdb97954002.jpg,2,PET Plastic,2,PET Plastic,0.999885082244873,8.552072358725127e-06,1.3295320059114601e-05,0.999885082244873,4.6292909246403724e-05,4.676740354625508e-05
/Users/aswanathjs/Downloads/test9/ai_plastic_waste_management_training/PET Plastic/plastic_bottles/PET325.jpg,2,PET Plastic,2,PET Plastic,0.9998774528503418,3.492719406494871e-05,2.9199718483141623e-05,0.9998774528503418,2.7830512408399954e-05,3.061736060772091e-05
/Users/aswanathjs/Downloads/test9/ai_plastic_waste_management_training/PP Plastic/square_containers/butter.jpg,3,PP Plastic,3,PP Plastic,0.9359297156333923,0.02643955871462822,0.004938049707561731,0.002009914955124259,0.9359297156333923,0.030682723969221115
/Users/aswanathjs/Downloads/test9/ai_plastic_waste_management_training/HDPE Plastic/milk_bottles/HDPEM485.jpg,0,HDPE Plastic,0,HDPE Plastic,0.9998013377189636,0.9998013377189636,1.0555900189501699e-05,3.070142702199519e-05,9.93149951682426e-05,5.805779073853046e-05
/Users/aswanathjs/Downloads/test9/ai_plastic_waste_management_training/PET Plastic/plastic_bottles/PET830.jpg,2,PET Plastic,2,PET Plastic,0.9996393918991089,6.344357097987086e-05,0.00019835468265227973,0.9996393918991089,1.6156838682945818e-05,8.268558303825557e-05
/Users/aswanathjs/Downloads/test9/ai_plastic_waste_management_training/PP Plastic/round_containers/Image_92.png,3,PP Plastic,3,PP Plastic,0.9481669068336487,0.0011019357480108738,0.04677778109908104,0.0011279528262093663,0.9481669068336487,0.002825430128723383
/Users/aswanathjs/Downloads/test9/ai_plastic_waste_management_training/PS Plastic/foam_containers/Image_92.png,3,PP Plastic,3,PP Plastic,0.3652099072933197,0.11132752150297165,0.35849934816360474,0.01425530482083559,0.3652099072933197,0.1507079303264618
/Users/aswanathjs/Downloads/test9/ai_plastic_waste_management_training/HDPE Plastic/detergent_bottles/IMG_20220209_182850.jpg,0,HDPE Plastic,0,HDPE Plastic,0.9030009508132935,0.9030009508132935,0.021567633375525475,0.03933634236454964,0.02021501585841179,0.01588001847267151
"/Users/aswanathjs/Downloads/test9/ai_plastic_waste_management_training/PET Plastic/plastic_bottles/PET1,143.jpg",2,PET Plastic,2,PET Plastic,0.9974455833435059,0.00016140509978868067,0.0012009122874587774,0.9974455833435059,0.00014501012628898025,0.0010471001733094454
/Users/aswanathjs/Downloads/test9/ai_plastic_waste_management_training/HDPE Plastic/milk_bottles/P_W (501).jpg,0,HDPE Plastic,0,HDPE Plastic,0.9996428489685059,0.9996428489685059,1.314939891017275e-05,1.6946914911386557e-05,1.9429809981375e-05,0.00030774486367590725
/Users/aswanathjs/Downloads/test9/ai_plastic_waste_management_training/HDPE Plastic/detergent_bottles/P_W (499).jpg,0,HDPE Plastic,0,HDPE Plastic,0.9989628791809082,0.9989628791809082,9.114771091844887e-05,0.00016526642139069736,0.0006518892478197813,0.00012877260451205075
/Users/aswanathjs/Downloads/test9/ai_plastic_waste_management_training/HDPE Plastic/detergent_botteles_grey/P_W (499).jpg,0,HDPE Plastic,0,HDPE Plastic,0.9897212386131287,0.9897212386131287,0.0018197125755250454,0.0008877705549821258,0.005832311697304249,0.0017389364074915648
/Users/aswanathjs/Downloads/test9/ai_plastic_waste_management_training/PET Plastic/shampoo_bottles/0015_a05b00c2d3e1f1g0h3.jpg,2,PET Plastic,2,PET Plastic,0.9980415105819702,0.00010762827150756493,3.6380406527314335e-05,0.9980415105819702,0.0017401129007339478,7.433999417116866e-05
/Users/aswanathjs/Downloads/test9/ai_plastic_waste_management_training/LDPE Plastic/plastic_bags/LDPE-42_jpg.rf.61f85b2889eb6cf5c41d56f497ca5b6d.jpg,1,LDPE Plastic,1,LDPE Plastic,0.9998997449874878,4.597417137119919e-05,0.9998997449874878,5.1366823754506186e-06,2.124967795680277e-05,2.7931293516303413e-05
/Users/aswanathjs/Downloads/test9/ai_plastic_waste_management_training/LDPE Plastic/plastic_bags/LDPE-42_jpg.rf.3a773f8a389437188d42ee6db0c7280d.jpg,1,LDPE Plastic,1,LDPE Plastic,0.9999186992645264,2.7126206987304613e-05,0.9999186992645264,1.4682878827443346e-05,8.992016773845535e-06,3.049416045541875e-05
/Users/aswanathjs/Downloads/test9/ai_plastic_waste_management_training/PP Plastic/round_containers/0022_a05b00c2d3e0f0g0h1.jpg,3,PP Plastic,3,PP Plastic,0.9957308173179626,0.00045129668433219194,0.0019012072589248419,0.0008469304884783924,0.9957308173179626,0.0010696743847802281
/Users/aswanathjs/Downloads/test9/ai_plastic_waste_management_training/PET Plastic/black_white_plastic_bottles/cykgn_jpg.rf.e5912131874577750f5e16b2e0cca429.jpg,2,PET Plastic,2,PET Plastic,0.999970555305481,2.5419992653041845e-06,9.353560699310037e-07,0.999970555305481,2.074186795653077e-06,2.3957529265317135e-05
/Users/aswanathjs/Downloads/test9/ai_plastic_waste_management_training/LDPE Plastic/plastic_bags/LDPE-49_jpg.rf.943e2850154ea8dcd1e3e5b32108e3af.jpg,1,LDPE Plastic,1,LDPE Plastic,0.9991440773010254,0.0005220120656304061,0.9991440773010254,4.8015535867307335e-05,7.054018351482227e-05,0.00021538842702284455
/Users/aswanathjs/Downloads/test9/ai_plastic_waste_management_training/LDPE Plastic/plastic_bags/LDPE-49_jpg.rf.c8ec39f928a4f1603db7889e3fdc9496.jpg,1,LDPE Plastic,1,LDPE Plastic,0.9999375343322754,1.3028730791120324e-05,0.9999375343322754,3.7234749470371753e-06,1.9706838429556228e-05,2.609982948342804e-05
/Users/aswanathjs/Downloads/test9/ai_plastic_waste_management_training/PP Plastic/square_containers_grey/IMG_20220209_175019.jpg,3,PP Plastic,3,PP Plastic,0.9953092932701111,0.00015762778639327735,0.0001193510033772327,4.3557949538808316e-05,0.9953092932701111,0.004370120819658041
/Users/aswanathjs/Downloads/test9/ai_plastic_waste_management_training/PP Plastic/square_containers/IMG_20220209_175019.jpg,3,PP Plastic,3,PP Plastic,0.9973719120025635,7.856050069676712e-05,0.00012051176599925384,6.461625162046403e-05,0.9973719120025635,0.0023643081076443195
/Users/aswanathjs/Downloads/test9/ai_plastic_waste_management_training/LDPE Plastic/plastic_bags/plasticbag (142).jpg,1,LDPE Plastic,1,LDPE Plastic,0.9947851300239563,0.00018302201351616532,0.9947851300239563,0.0004050279385410249,0.003038071794435382,0.001588722807355225
/Users/aswanathjs/Downloads/test9/ai_plastic_waste_management_training/PP Plastic/round_containers/IMG_20220209_173303.jpg,3,PP Plastic,3,PP Plastic,0.9984245300292969,0.0001332159008597955,0.0010239237453788519,4.119325603824109e-05,0.9984245300292969,0.00037709923344664276
/Users/aswanathjs/Downloads/test9/ai_plastic_waste_management_training/LDPE Plastic/plastic_bags/LDPE-416_jpg.rf.fe0fe5cec045bb01d60f02aed07d759b.jpg,1,LDPE Plastic,1,LDPE Plastic,0.9960685968399048,0.0009037481504492462,0.9960685968399048,0.0013621445978060365,0.0012159219477325678,0.0004496352921705693
/Users/aswanathjs/Downloads/test9/ai_plastic_waste_management_training/PP Plastic/irregular_containers/0036_a05b00c1d0e0f0g0h0.jpg,3,PP Plastic,3,PP Plastic,0.9815033674240112,0.002223019255325198,0.004921363666653633,0.006713638547807932,0.9815033674240112,0.004638610407710075
/Users/aswanathjs/Downloads/test9/ai_plastic_waste_management_training/HDPE Plastic/milk_bottles/HDPEM121.jpg,0,HDPE Plastic,0,HDPE Plastic,0.999026894569397,0.999026894569397,8.479801908833906e-05,0.00012303059338591993,0.0006030334043316543,0.00016224465798586607
"/Users/aswanathjs/Downloads/test9/ai_plastic_waste_management_training/PET Plastic/plastic_bottles/PET1,651.jpg",2,PET Plastic,2,PET Plastic,0.9986911416053772,0.0005484891589730978,0.00037006018101237714,0.9986911416053772,0.00024034216767176986,0.00014994986122474074
/Users/aswanathjs/Downloads/test9/ai_plastic_waste_management_training/PP Plastic/square_containers_grey/IMG_20220209_173939.jpg,3,PP Plastic,3,PP Plastic,0.999762237071991,3.213227046217071e-06,0.00017200561705976725,1.0736713193182368e-05,0.999762237071991,5.181026426726021e-05
/Users/aswanathjs/Downloads/test9/ai_plastic_waste_management_training/PP Plastic/square_containers/IMG_20220209_173939.jpg,3,PP Plastic,3,PP Plastic,0.999678373336792,2.962246617244091e-05,0.00020369737467262894,1.0954398021567613e-05,0.999678373336792,7.739883585600182e-05
/Users/aswanathjs/Downloads/test9/ai_plastic_waste_management_training/HDPE Plastic/shampoo_bottles/0075_a02b01c2d1e0f0g0h3.jpg,0,HDPE Plastic,0,HDPE Plastic,0.9965247511863708,0.9965247511863708,0.0003168422554153949,0.0027168600354343653,0.00024062288866844028,0.0002009151066886261
/Users/aswanathjs/Downloads/test9/ai_plastic_waste_management_training/HDPE Plastic/shampoo_bottles/0076_a02b06c2d2e0f1g0h1.jpg,0,HDPE Plastic,0,HDPE Plastic,0.9977436065673828,0.9977436065673828,0.0008009772282093763,0.0002137979317922145,0.001044250326231122,0.00019735943351406604
/Users/aswanathjs/Downloads/test9/ai_plastic_waste_management_training/PET Plastic/plastic_bottles/PET712.jpg,2,PET Plastic,2,PET Plastic,0.9998914003372192,3.541409387253225e-05,3.320497489767149e-05,0.9998914003372192,1.5711013475083746e-05,2.4261906219180673e-05
/Users/aswanathjs/Downloads/test9/ai_plastic_waste_management_training/PP Plastic/round_containers/0043_a06b01c1d2e0f0g0h0.jpg,3,PP Plastic,3,PP Plastic,0.9950950145721436,0.0013009643880650401,0.0015635336749255657,0.000861865933984518,0.9950950145721436,0.0011786441318690777
/Users/aswanathjs/Downloads/test9/ai_plastic_waste_management_training/HDPE Plastic/shampoo_bottles/0077_a02b01c1d3e0f1g0h2.jpg,0,HDPE Plastic,0,HDPE Plastic,0.9995619654655457,0.9995619654655457,2.4357246729778126e-05,0.00021384262072388083,0.00014141279098112136,5.834669354953803e-05
/Users/aswanathjs/Downloads/test9/ai_plastic_waste_management_training/HDPE Plastic/shampoo_bottles/0077_a02b01c2d0e0f1g0h2.jpg,0,HDPE Plastic,0,HDPE Plastic,0.9947096109390259,0.9947096109390259,0.0016475365264341235,0.0015237285988405347,0.0004175388894509524,0.0017016271594911814
"/Users/aswanathjs/Downloads/test9/ai_plastic_waste_management_training/PET Plastic/plastic_bottles/PET1,647.jpg",2,PET Plastic,2,PET Plastic,0.9992152452468872,0.00025040138280019164,2.0954952560714446e-05,0.9992152452468872,0.00034140219213441014,0.0001720371365081519
/Users/aswanathjs/Downloads/test9/ai_plastic_waste_management_training/PS Plastic/foam_containers/Image_186.png,4,PS Plastic,4,PS Plastic,0.9169291853904724,0.01348604541271925,0.009615934453904629,0.0017336724558845162,0.05823517590761185,0.9169291853904724
/Users/aswanathjs/Downloads/test9/ai_plastic_waste_management_training/PET Plastic/plastic_bottles/PET491.jpg,2,PET Plastic,2,PET Plastic,0.9996547698974609,0.00010148139699595049,2.376513521085144e-06,0.9996547698974609,0.00017300507170148194,6.827839388279244e-05
/Users/aswanathjs/Downloads/test9/ai_plastic_waste_management_training/LDPE Plastic/bubble_wrap/LDPE-80_jpg.rf.7729f05f9a8de614f38a4765fb11b96c.jpg,1,LDPE Plastic,1,LDPE Plastic,0.9968256950378418,0.0004883732763119042,0.9968256950378418,0.0005981577560305595,0.0008078211103565991,0.0012799297692254186
/Users/aswanathjs/Downloads/test9/ai_plastic_waste_management_training/LDPE Plastic/bubble_wrap/LDPE-80_jpg.rf.39d5b876a72bc9f73fc3c298ce40ea24.jpg,1,LDPE Plastic,1,LDPE Plastic,0.9990384578704834,5.4578886192757636e-05,0.9990384578704834,0.00017453070904593915,0.00021746628044638783,0.0005150513025000691
/Users/aswanathjs/Downloads/test9/ai_plastic_waste_management_training/HDPE Plastic/shampoo_bottles/0061_a02b01c2d0e0f1g0h2(1).jpg,0,HDPE Plastic,0,HDPE Plastic,0.9963325262069702,0.9963325262069702,0.00033895057276822627,0.0012191588757559657,0.001142479944974184,0.0009667905978858471
/Users/aswanathjs/Downloads/test9/ai_plastic_waste_management_training/PET Plastic/shampoo_bottles/0015_a05b00c1d3e1f1g0h0.jpg,2,PET Plastic,2,PET Plastic,0.9078566431999207,0.0196674894541502,0.00744934706017375,0.9078566431999207,0.05567161738872528,0.009354894980788231
/Users/aswanathjs/Downloads/test9/ai_plastic_waste_management_training/HDPE Plastic/milk_bottles/HDPEM243.jpg,0,HDPE Plastic,0,HDPE Plastic,0.9912043213844299,0.9912043213844299,0.0008463373524136841,0.0015221860958263278,0.005122651811689138,0.0013045476516708732
/Users/aswanathjs/Downloads/test9/ai_plastic_waste_management_training/LDPE Plastic/black_white__plastic_bags/0255_jpg.rf.471b4cca7828d2062bc4e54b465f1f51.jpg,1,LDPE Plastic,1,LDPE Plastic,0.9995933175086975,9.083181066671386e-05,0.9995933175086975,1.139521373261232e-05,6.153835420263931e-05,0.0002429932210361585
/Users/aswanathjs/Downloads/test9/ai_plastic_waste_management_training/HDPE Plastic/detergent_bottles/0098_a02b03c2d2e0f0g0h4.jpg,0,HDPE Plastic,0,HDPE Plastic,0.9922419786453247,0.9922419786453247,0.0005615332629531622,0.00024060493160504848,0.006821562070399523,0.00013435992877930403
/Users/aswanathjs/Downloads/test9/ai_plastic_waste_management_training/LDPE Plastic/plastic_bags/LDPE-278_jpg.rf.5842fc6b2467bc5899a983e515f2278e.jpg,1,LDPE Plastic,1,LDPE Plastic,0.9982143640518188,0.00021584694331977516,0.9982143640518188,0.0006179195479489863,0.0003068854275625199,0.000645020860247314
/Users/aswanathjs/Downloads/test9/ai_plastic_waste_management_training/PP Plastic/square_containers/Image_96.png,3,PP Plastic,3,PP Plastic,0.9903959631919861,0.00018400719272904098,0.008870141580700874,5.801197039545514e-05,0.9903959631919861,0.0004918196354992688
/Users/aswanathjs/Downloads/test9/ai_plastic_waste_management_training/PS Plastic/foam_containers/Image_96.png,3,PP Plastic,3,PP Plastic,0.3488864004611969,0.08595592528581619,0.27805572748184204,0.01093919575214386,0.3488864004611969,0.27616265416145325
/Users/aswanathjs/Downloads/test9/ai_plastic_waste_management_training/PET Plastic/plastic_bottles/PET679.jpg,2,PET Plastic,2,PET Plastic,0.9998970031738281,1.62787164299516e-05,2.074864460155368e-05,0.9998970031738281,1.8169210306950845e-05,4.77281391795259e-05
/Users/aswanathjs/Downloads/test9/ai_plastic_waste_management_training/LDPE Plastic/plastic_bags/plasticbag (150).jpg,1,LDPE Plastic,1,LDPE Plastic,0.9899364709854126,0.00026741792680695653,0.9899364709854126,0.001355223124846816,0.007462749257683754,0.000978222698904574
/Users/aswanathjs/Downloads/test9/ai_plastic_waste_management_training/PET Plastic/plastic_bottles/PET923.jpg,2,PET Plastic,2,PET Plastic,0.9986181259155273,0.0007654059445485473,0.00010169318557018414,0.9986181259155273,0.0003255075716879219,0.0001891788124339655
/Users/aswanathjs/Downloads/test9/ai_plastic_waste_management_training/PP Plastic/round_containers/0032_a05b01c1d3e0f0g0h2.jpg,3,PP Plastic,3,PP Plastic,0.998664379119873,0.00037959477049298584,0.00013488467084243894,0.0005836767959408462,0.998664379119873,0.00023748024250380695
/Users/aswanathjs/Downloads/test9/ai_plastic_waste_management_training/PP Plastic/round_containers/IMG_20220209_173640.jpg,3,PP Plastic,3,PP Plastic,0.9942278861999512,0.000990387867204845,0.0011098108952865005,0.0030005616135895252,0.9942278861999512,0.0006713181501254439
/Users/aswanathjs/Downloads/test9/ai_plastic_waste_management_training/HDPE Plastic/milk_bottles/HDPEM467.jpg,0,HDPE Plastic,0,HDPE Plastic,0.991908073425293,0.991908073425293,0.0008497728267684579,0.004033048637211323,0.0014637369895353913,0.0017453792970627546
/Users/aswanathjs/Downloads/test9/ai_plastic_waste_management_training/PS Plastic/foam_containers/Image_38.png,4,PS Plastic,4,PS Plastic,0.5908470749855042,0.019726775586605072,0.07270970195531845,0.006603448651731014,0.31011298298835754,0.5908470749855042
/Users/aswanathjs/Downloads/test9/ai_plastic_waste_management_training/PP Plastic/round_containers/0031_a05b01c1d3e0f0g0h0.jpg,3,PP Plastic,3,PP Plastic,0.9995046854019165,0.0003142431378364563,3.126646333839744e-05,4.716545299743302e-05,0.9995046854019165,0.00010264058073516935
/Users/aswanathjs/Downloads/test9/ai_plastic_waste_management_training/HDPE Plastic/shampoo_bottles/0078_a02b07c1d3e0f1g0h1.jpg,0,HDPE Plastic,0,HDPE Plastic,0.9996391534805298,0.9996391534805298,4.912248550681397e-05,3.796561577473767e-05,0.00021824690338689834,5.536532262340188e-05
/Users/aswanathjs/Downloads/test9/ai_plastic_waste_management_training/PS Plastic/foam_containers/Image_249.png,4,PS Plastic,3,PP Plastic,0.5709286332130432,0.07723350822925568,0.0761614739894867,0.015110386535525322,0.5709286332130432,0.26056596636772156
/Users/aswanathjs/Downloads/test9/ai_plastic_waste_management_training/LDPE Plastic/plastic_bags_grey/plasticbag (164).jpg,1,LDPE Plastic,1,LDPE Plastic,0.9998044371604919,1.892624277388677e-05,0.9998044371604919,4.0654333133716136e-05,5.3732241212856025e-05,8.222635369747877e-05
/Users/aswanathjs/Downloads/test9/ai_plastic_waste_management_training/LDPE Plastic/plastic_bags/plasticbag (164).jpg,1,LDPE Plastic,1,LDPE Plastic,0.9993568062782288,5.4905696742935106e-05,0.9993568062782288,9.193229925585911e-05,0.00023764875368215144,0.0002587396593298763
/Users/aswanathjs/Downloads/test9/ai_plastic_waste_management_training/HDPE Plastic/milk_bottles/HDPEM98.jpg,0,HDPE Plastic,0,HDPE Plastic,0.998915433883667,0.998915433883667,1.7506570657133125e-05,0.0009474036633037031,1.2966921531187836e-05,0.00010665124136721715
/Users/aswanathjs/Downloads/test9/ai_plastic_waste_management_training/PS Plastic/form_containers_grey/styrofoam-114-_jpg.rf.d9b4a523d03b76675f0ec7108a72fbf9.jpg,4,PS Plastic,4,PS Plastic,0.9993767142295837,0.0001251597423106432,6.313504854915664e-05,3.2422394724562764e-05,0.0004025916859973222,0.9993767142295837
/Users/aswanathjs/Downloads/test9/ai_plastic_waste_management_training/PS Plastic/foam_containers/styrofoam-114-_jpg.rf.d9b4a523d03b76675f0ec7108a72fbf9.jpg,4,PS Plastic,4,PS Plastic,0.9985737800598145,4.852019264944829e-05,0.00014005147386342287,0.00011238565639359877,0.0011251805117353797,0.9985737800598145
/Users/aswanathjs/Downloads/test9/ai_plastic_waste_management_training/PET Plastic/plastic_bottles/PET825.jpg,2,PET Plastic,2,PET Plastic,0.9992361068725586,0.00012695640907622874,0.0004423808422870934,0.9992361068725586,6.341966945910826e-05,0.000131180087919347
/Users/aswanathjs/Downloads/test9/ai_plastic_waste_management_training/PS Plastic/foam_sheets/PS-633_jpg.rf.74d721685d340e52d7aad4bcc909b2cb.jpg,4,PS Plastic,4,PS Plastic,0.99857497215271,0.00020791453425772488,0.0006027048802934587,0.00020445096015464514,0.0004098146455362439,0.99857497215271
/Users/aswanathjs/Downloads/test9/ai_plastic_waste_management_training/LDPE Plastic/black_white__plastic_bags/0026_jpg.rf.6a91eb9ccddcfe387a34ee06ed8e4274.jpg,1,LDPE Plastic,1,LDPE Plastic,0.9974125027656555,7.733934035059065e-05,0.9974125027656555,0.0011598627315834165,0.0010061981156468391,0.0003441369335632771
/Users/aswanathjs/Downloads/test9/ai_plastic_waste_management_training/PET Plastic/black_white_plastic_bottles/cwgds_jpg.rf.7be016de001fc7195367459fe70d1334.jpg,2,PET Plastic,2,PET Plastic,0.9992183446884155,0.00011391379666747525,0.00019879976753145456,0.9992183446884155,0.00019405738567002118,0.0002749057312030345
/Users/aswanathjs/Downloads/test9/ai_plastic_waste_management_training/PS Plastic/foam_containers/styrofoam-130-_jpg.rf.cba5afdf89e528f49af2d72e08abeaaa.jpg,4,PS Plastic,4,PS Plastic,0.9993465542793274,2.739598676271271e-05,7.610866305185482e-05,0.000102499638160225,0.000447513913968578,0.9993465542793274
"/Users/aswanathjs/Downloads/test9/ai_plastic_waste_management_training/PET Plastic/plastic_bottles/PET1,132.jpg",2,PET Plastic,2,PET Plastic,0.9997734427452087,6.092287731007673e-05,4.7206627641571686e-05,0.9997734427452087,0.00010851876868400723,9.854637028183788e-06
/Users/aswanathjs/Downloads/test9/ai_plastic_waste_management_training/PP Plastic/round_containers/IMG20220210154604.jpg,3,PP Plastic,3,PP Plastic,0.9917412996292114,0.00033526498009450734,0.007360641844570637,0.0002544584858696908,0.9917412996292114,0.0003082879411522299
/Users/aswanathjs/Downloads/test9/ai_plastic_waste_management_training/PP Plastic/round_containers/Image_199.png,3,PP Plastic,3,PP Plastic,0.857828676700592,0.021365782245993614,0.08346441388130188,0.0033276837784796953,0.857828676700592,0.03401344269514084
/Users/aswanathjs/Downloads/test9/ai_plastic_waste_management_training/PS Plastic/foam_containers/Image_199.png,3,PP Plastic,3,PP Plastic,0.43809986114501953,0.09181059151887894,0.09938537329435349,0.013057757169008255,0.43809986114501953,0.3576464354991913
/Users/aswanathjs/Downloads/test9/ai_plastic_waste_management_training/LDPE Plastic/black_white__plastic_bags/0286_jpg.rf.47aea033fd4a4d618d12ede0404ebbcc.jpg,1,LDPE Plastic,1,LDPE Plastic,0.9996492862701416,6.338432285701856e-05,0.9996492862701416,9.98071554931812e-05,6.138593016657978e-05,0.00012612644059117883
/Users/aswanathjs/Downloads/test9/ai_plastic_waste_management_training/HDPE Plastic/detergent_bottles/0098_a02b03c2d0e0f0g0h1.jpg,0,HDPE Plastic,0,HDPE Plastic,0.9993574023246765,0.9993574023246765,0.00018956240091938525,1.9033726857742295e-05,0.0003964581119362265,3.7492518458748236e-05
/Users/aswanathjs/Downloads/test9/ai_plastic_waste_management_training/HDPE Plastic/detergent_bottles/0062_a02b05c1d0e0f1g1h0.jpg,0,HDPE Plastic,0,HDPE Plastic,0.9997968077659607,0.9997968077659607,7.241590537887532e-06,0.0001653380022617057,1.4001567251398228e-05,1.6741563740652055e-05
/Users/aswanathjs/Downloads/test9/ai_plastic_waste_management_training/HDPE Plastic/milk_bottles/HDPEM9.jpg,0,HDPE Plastic,0,HDPE Plastic,0.9997782111167908,0.9997782111167908,3.434505924815312e-05,8.703132152731996e-06,0.00014707099762745202,3.170209674863145e-05
/Users/aswanathjs/Downloads/test9/ai_plastic_waste_management_training/HDPE Plastic/milk_bottles_grey/HDPEM9.jpg,0,HDPE Plastic,0,HDPE Plastic,0.9990748167037964,0.9990748167037964,0.0003194636956322938,6.83738908264786e-05,0.0003841828729491681,0.00015312826144509017
/Users/aswanathjs/Downloads/test9/ai_plastic_waste_management_training/HDPE Plastic/shampoo_bottiles_grey/0076_a02b06c1d3e0f1g0h2.jpg,0,HDPE Plastic,0,HDPE Plastic,0.9996544122695923,0.9996544122695923,3.7995730508555425e-06,6.348374154185876e-05,0.0002565343165770173,2.168761784560047e-05
/Users/aswanathjs/Downloads/test9/ai_plastic_waste_management_training/HDPE Plastic/shampoo_bottles/0076_a02b06c1d3e0f1g0h2.jpg,0,HDPE Plastic,0,HDPE Plastic,0.99885094165802,0.99885094165802,0.0003092278784606606,9.492194658378139e-05,0.0004437954630702734,0.00030115884146653116
"/Users/aswanathjs/Downloads/test9/ai_plastic_waste_management_training/HDPE Plastic/milk_bottles/HDPEM1,019.JPG",0,HDPE Plastic,0,HDPE Plastic,0.9995113611221313,0.9995113611221313,6.127461347205099e-06,0.00040898023871704936,6.755247341061477e-06,6.687115092063323e-05
/Users/aswanathjs/Downloads/test9/ai_plastic_waste_management_training/HDPE Plastic/milk_bottles/HDPEM242.jpg,0,HDPE Plastic,0,HDPE Plastic,0.9902728199958801,0.9902728199958801,0.00047208089381456375,0.0019071873975917697,0.006110538262873888,0.0012374295620247722
/Users/aswanathjs/Downloads/test9/ai_plastic_waste_management_training/LDPE Plastic/plastic_bags/train_LDPE-43_jpg.rf.05e0a423117f0c327191528d73f72282.jpg,1,LDPE Plastic,1,LDPE Plastic,0.998775064945221,0.0010438187746331096,0.998775064945221,4.761142918141559e-05,5.282397614791989e-05,8.0610960139893e-05
"/Users/aswanathjs/Downloads/test9/ai_plastic_waste_management_training/PET Plastic/plastic_bottles/PET1,301.jpg",2,PET Plastic,2,PET Plastic,0.9997346997261047,9.157173917628825e-05,2.685380786715541e-05,0.9997346997261047,2.1997830117470585e-05,0.00012490317749325186
/Users/aswanathjs/Downloads/test9/ai_plastic_waste_management_training/LDPE Plastic/plastic_bags/train_LDPE-66_jpg.rf.8fcb6cd14ee5d114c2d62f7866505c2d.jpg,1,LDPE Plastic,1,LDPE Plastic,0.9947049021720886,0.0002594526740722358,0.9947049021720886,0.002194273052737117,0.0013443018542602658,0.0014970884658396244
/Users/aswanathjs/Downloads/test9/ai_plastic_waste_management_training/HDPE Plastic/milk_bottles/HDPEM578.JPG,0,HDPE Plastic,0,HDPE Plastic,0.9998059868812561,0.9998059868812561,4.974593139195349e-06,0.00013442570343613625,3.725466376636177e-05,1.7443515389459208e-05
/Users/aswanathjs/Downloads/test9/ai_plastic_waste_management_training/PP Plastic/square_containers_grey/Image_74.png,3,PP Plastic,3,PP Plastic,0.974334716796875,0.0002696293231565505,0.023749681189656258,5.184540350455791e-05,0.974334716796875,0.0015940547455102205
/Users/aswanathjs/Downloads/test9/ai_plastic_waste_management_training/PP Plastic/square_containers/Image_74.png,3,PP Plastic,3,PP Plastic,0.9865438342094421,0.0005669353995472193,0.010984236374497414,5.7075423683272675e-05,0.9865438342094421,0.0018479559803381562
/Users/aswanathjs/Downloads/test9/ai_plastic_waste_management_training/PS Plastic/foam_containers/Image_74.png,3,PP Plastic,4,PS Plastic,0.40575292706489563,0.06797769665718079,0.21091124415397644,0.0071453554555773735,0.3082127869129181,0.40575292706489563
/Users/aswanathjs/Downloads/test9/ai_plastic_waste_management_training/PP Plastic/round_containers/IMG_20220209_173335.jpg,3,PP Plastic,3,PP Plastic,0.9976327419281006,0.00018704860121943057,0.0017267538933083415,0.00015612928837072104,0.9976327419281006,0.00029737967997789383
/Users/aswanathjs/Downloads/test9/ai_plastic_waste_management_training/LDPE Plastic/plastic_bags/plasticbag (200) 17.43.56.jpg,1,LDPE Plastic,1,LDPE Plastic,0.9967862367630005,0.002205220051109791,0.9967862367630005,0.0005186744383536279,0.00019361199520062655,0.0002962801663670689
"/Users/aswanathjs/Downloads/test9/ai_plastic_waste_management_training/PET Plastic/plastic_bottles/PET1,144.jpg",2,PET Plastic,2,PET Plastic,0.9999580383300781,2.535077328502666e-06,2.0298683011787944e-05,0.9999580383300781,7.19239369573188e-06,1.184290613309713e-05
/Users/aswanathjs/Downloads/test9/ai_plastic_waste_management_training/PS Plastic/foam_containers/0058_a06b01c1d3e0f0g0h4.jpg,4,PS Plastic,4,PS Plastic,0.999377965927124,5.8662153605837375e-05,2.746085374383256e-05,4.7919627832015976e-05,0.0004880307533312589,0.999377965927124
/Users/aswanathjs/Downloads/test9/ai_plastic_waste_management_training/LDPE Plastic/plastic_bags/LDPE-537_jpg.rf.83ecf1c82cca9cb78f569b07e500c87c.jpg,1,LDPE Plastic,1,LDPE Plastic,0.999332845211029,0.00010247692262055352,0.999332845211029,0.0002828234573826194,0.00012889833305962384,0.0001529139990452677
/Users/aswanathjs/Downloads/test9/ai_plastic_waste_management_training/PET Plastic/black_white_plastic_bottles/chuql_jpg.rf.b6c1d6870fe9d658b8bbf4a4214ee8c3.jpg,2,PET Plastic,2,PET Plastic,0.9999135732650757,9.573902389092837e-06,1.1920335964532569e-05,0.9999135732650757,1.1356633876857813e-05,5.359280839911662e-05
/Users/aswanathjs/Downloads/test9/ai_plastic_waste_management_training/PS Plastic/foam_containers/0058_a06b01c1d2e0f0g0h3.jpg,4,PS Plastic,4,PS Plastic,0.9996392726898193,4.500379873206839e-05,5.179265372134978e-06,5.5697455536574125e-06,0.0003049246151931584,0.9996392726898193
/Users/aswanathjs/Downloads/test9/ai_plastic_waste_management_training/PP Plastic/round_containers/0044_a06b01c1d0e0f0g0h2.jpg,3,PP Plastic,3,PP Plastic,0.9966641068458557,4.5968572521815076e-05,0.0005594983813352883,0.001589557621628046,0.9966641068458557,0.001140825916081667
/Users/aswanathjs/Downloads/test9/ai_plastic_waste_management_training/LDPE Plastic/plastic_bags/plasticbag (184).jpg,1,LDPE Plastic,1,LDPE Plastic,0.9938596487045288,2.6283016268280335e-05,0.9938596487045288,0.005394337698817253,0.00036858805106021464,0.00035116722574457526
/Users/aswanathjs/Downloads/test9/ai_plastic_waste_management_training/HDPE Plastic/detergent_bottles/0039_a02b01c1d0e0f1g0h4.jpg,0,HDPE Plastic,0,HDPE Plastic,0.9998077750205994,0.9998077750205994,3.594857844291255e-05,9.462909656576812e-05,4.44425422756467e-05,1.731683369143866e-05
/Users/aswanathjs/Downloads/test9/ai_plastic_waste_management_training/PET Plastic/plastic_bottles/PET379.jpg,2,PET Plastic,2,PET Plastic,0.9997333884239197,8.831891318550333e-05,4.41191514255479e-05,0.9997333884239197,4.712318695965223e-05,8.697096927789971e-05
/Users/aswanathjs/Downloads/test9/ai_plastic_waste_management_training/HDPE Plastic/shampoo_bottles/0077_a02b01c1d0e0f1g0h3.jpg,0,HDPE Plastic,0,HDPE Plastic,0.9909281134605408,0.9909281134605408,0.001205067033879459,0.006842820439487696,0.0004056725592818111,0.0006182842771522701
/Users/aswanathjs/Downloads/test9/ai_plastic_waste_management_training/PET Plastic/black_white_plastic_bottles/cfkyw_jpg.rf.6d5c6c2daeb7735fbfe3a99424ffa58d.jpg,2,PET Plastic,2,PET Plastic,0.9996826648712158,7.867289241403341e-06,5.8362536947242916e-05,0.9996826648712158,5.3586973081110045e-05,0.00019756428082473576
/Users/aswanathjs/Downloads/test9/ai_plastic_waste_management_training/LDPE Plastic/plastic_bags/LDPE-319_jpg.rf.af2e37d28d1cc6ee97fece864691c83a.jpg,1,LDPE Plastic,1,LDPE Plastic,0.998991072177887,0.00018294574692845345,0.998991072177887,0.0001308252540184185,0.0002866302093025297,0.0004084589018020779
/Users/aswanathjs/Downloads/test9/ai_plastic_waste_management_training/PP Plastic/round_containers/0031_a05b01c2d3e0f0g0h4.jpg,3,PP Plastic,3,PP Plastic,0.9984574317932129,0.0006822994910180569,0.0005234970012679696,0.00021225170348770916,0.9984574317932129,0.00012450353824533522
"/Users/aswanathjs/Downloads/test9/ai_plastic_waste_management_training/PET Plastic/plastic_bottles/PET1,209.jpg",2,PET Plastic,2,PET Plastic,0.9996488094329834,0.00023439993674401194,3.65987179975491e-05,0.9996488094329834,3.33939133270178e-05,4.680980055127293e-05
/Users/aswanathjs/Downloads/test9/ai_plastic_waste_management_training/HDPE Plastic/detergent_bottles/Image_181.png,0,HDPE Plastic,0,HDPE Plastic,0.993023157119751,0.993023157119751,0.003748374991118908,0.0008796172915026546,0.0014172003138810396,0.000931675371248275
/Users/aswanathjs/Downloads/test9/ai_plastic_waste_management_training/PS Plastic/foam_containers/Image_181.png,0,HDPE Plastic,3,PP Plastic,0.3910057544708252,0.25408950448036194,0.12795419991016388,0.028132528066635132,0.3910057544708252,0.19881802797317505
/Users/aswanathjs/Downloads/test9/ai_plastic_waste_management_training/LDPE Plastic/plastic_bags/plasticbag (204) 17.43.56.jpg,1,LDPE Plastic,1,LDPE Plastic,0.9955564141273499,0.0022738687694072723,0.9955564141273499,0.00025945299421437085,0.0012367620365694165,0.0006734870257787406
/Users/aswanathjs/Downloads/test9/ai_plastic_waste_management_training/PET Plastic/plastic_bottles/PET631.jpg,2,PET Plastic,2,PET Plastic,0.9970146417617798,0.0007723921444267035,0.00014468202425632626,0.9970146417617798,0.0019019274041056633,0.0001663181756157428
/Users/aswanathjs/Downloads/test9/ai_plastic_waste_management_training/PET Plastic/plastic_bottles/PET308.jpg,2,PET Plastic,2,PET Plastic,0.999338686466217,0.0001053541709552519,7.868896318541374e-06,0.999338686466217,0.0004888616385869682,5.917226735618897e-05
/Users/aswanathjs/Downloads/test9/ai_plastic_waste_management_training/PP Plastic/round_containers/0009_a06b01c1d1e0f0g0h3.jpg,3,PP Plastic,3,PP Plastic,0.9905624985694885,0.007302671205252409,0.0003342334821354598,0.0005405633710324764,0.9905624985694885,0.0012600981863215566
/Users/aswanathjs/Downloads/test9/ai_plastic_waste_management_training/LDPE Plastic/plastic_bags/plasticbag (168).jpg,1,LDPE Plastic,1,LDPE Plastic,0.9772807955741882,0.0006722432444803417,0.9772807955741882,9.967515507014468e-05,0.012607855722308159,0.009339436888694763
/Users/aswanathjs/Downloads/test9/ai_plastic_waste_management_training/PP Plastic/round_containers/IMG_20220209_172652.jpg,3,PP Plastic,3,PP Plastic,0.9598948955535889,0.02902526594698429,0.003409123746678233,0.005103953182697296,0.9598948955535889,0.0025667520239949226
/Users/aswanathjs/Downloads/test9/ai_plastic_waste_management_training/PET Plastic/black_white_plastic_bottles/bxyri_jpg.rf.8c29d95bb7f65fcda3b822e338fc3896.jpg,2,PET Plastic,2,PET Plastic,0.9999265670776367,4.1691557271406054e-05,1.6324617035934352e-06,0.9999265670776367,1.083172537619248e-05,1.917388362926431e-05
/Users/aswanathjs/Downloads/test9/ai_plastic_waste_management_training/LDPE Plastic/plastic_bags/plasticbag (87).jpg,1,LDPE Plastic,1,LDPE Plastic,0.9940952062606812,0.0009741258108988404,0.9940952062606812,0.0003705043636728078,0.0033465642482042313,0.0012135894503444433
/Users/aswanathjs/Downloads/test9/ai_plastic_waste_management_training/LDPE Plastic/black_white__plastic_bags/0042_jpg.rf.4cf723737085255db24bde1708ce4d23.jpg,1,LDPE Plastic,1,LDPE Plastic,0.9839995503425598,0.010234599933028221,0.9839995503425598,0.003709382377564907,0.0017638251883909106,0.0002925473381765187
/Users/aswanathjs/Downloads/test9/ai_plastic_waste_management_training/LDPE Plastic/plastic_bags/LDPE-106_jpg.rf.f4578063726485c1e6947d09ce6a3746.jpg,1,LDPE Plastic,1,LDPE Plastic,0.9970575571060181,0.00046071026008576155,0.9970575571060181,0.0005723020294681191,0.0007448464166373014,0.0011645909398794174
/Users/aswanathjs/Downloads/test9/ai_plastic_waste_management_training/PET Plastic/shampoo_bottles/0100_a05b00c1d2e0f0g0h4.jpg,2,PET Plastic,2,PET Plastic,0.9999358654022217,2.650614442245569e-05,2.5285287392762257e-06,0.9999358654022217,2.268849675601814e-05,1.236147727468051e-05
/Users/aswanathjs/Downloads/test9/ai_plastic_waste_management_training/PP Plastic/round_containers/Image_242.png,3,PP Plastic,3,PP Plastic,0.816520094871521,0.01559410523623228,0.1268872320652008,0.0169585682451725,0.816520094871521,0.024039968848228455
/Users/aswanathjs/Downloads/test9/ai_plastic_waste_management_training/PS Plastic/foam_containers/Image_242.png,3,PP Plastic,3,PP Plastic,0.68892902135849,0.0023352820426225662,0.09863182157278061,0.0010425352957099676,0.68892902135849,0.20906127989292145
/Users/aswanathjs/Downloads/test9/ai_plastic_waste_management_training/HDPE Plastic/detergent_bottles/0010_a02b01c2d0e0f1g0h1.jpg,0,HDPE Plastic,0,HDPE Plastic,0.9977512955665588,0.9977512955665588,8.043124398682266e-05,0.0016262648859992623,0.00043780324631370604,0.00010423834464745596
/Users/aswanathjs/Downloads/test9/ai_plastic_waste_management_training/LDPE Plastic/plastic_bags/LDPE-253_jpg.rf.8eeed4d6ddb02ae0f2dc8504754e2c37.jpg,1,LDPE Plastic,1,LDPE Plastic,0.9961417317390442,0.0005945383454672992,0.9961417317390442,0.0005277534946799278,0.00043921868200413883,0.0022967029362916946
/Users/aswanathjs/Downloads/test9/ai_plastic_waste_management_training/LDPE Plastic/plastic_bags/plasticbag (206) 17.43.56.jpg,1,LDPE Plastic,1,LDPE Plastic,0.9998577833175659,4.435740993358195e-05,0.9998577833175659,1.1983487638644874e-05,4.1065857658395544e-05,4.47491547674872e-05
/Users/aswanathjs/Downloads/test9/ai_plastic_waste_management_training/LDPE Plastic/black_white__plastic_bags/0137_jpg.rf.f92753e05ff11c3e94e707c8a3ad56f4.jpg,1,LDPE Plastic,1,LDPE Plastic,0.9999688863754272,4.257986347511178e-06,0.9999688863754272,3.300603111711098e-06,2.064018372038845e-05,2.8934775855304906e-06
"/Users/aswanathjs/Downloads/test9/ai_plastic_waste_management_training/HDPE Plastic/milk_bottles/HDPEM1,028.JPG",0,HDPE Plastic,0,HDPE Plastic,0.9999064207077026,0.9999064207077026,2.896543492170167e-06,6.20349237578921e-05,1.3189369383326266e-05,1.5507503121625632e-05
/Users/aswanathjs/Downloads/test9/ai_plastic_waste_management_training/LDPE Plastic/plastic_bags/plasticbag (86).jpg,1,LDPE Plastic,1,LDPE Plastic,0.9935570359230042,0.0041067637503147125,0.9935570359230042,0.0007923687226139009,0.0008148925262503326,0.0007290059584192932
/Users/aswanathjs/Downloads/test9/ai_plastic_waste_management_training/PET Plastic/black_white_plastic_bottles/bzhgf_jpg.rf.66b7133b3e949d055927c935f47dd537.jpg,2,PET Plastic,2,PET Plastic,0.9997010231018066,5.3597515943693e-05,1.7472317267674953e-05,0.9997010231018066,6.892441888339818e-05,0.00015904897009022534
/Users/aswanathjs/Downloads/test9/ai_plastic_waste_management_training/LDPE Plastic/plastic_bags/plasticbag (51).jpg,1,LDPE Plastic,1,LDPE Plastic,0.9987543821334839,0.00018702136003412306,0.9987543821334839,0.0001740299048833549,0.00020253156253602356,0.0006820912240073085
/Users/aswanathjs/Downloads/test9/ai_plastic_waste_management_training/PET Plastic/shampoo_bottles/0015_a05b00c2d1e1f1g0h4.jpg,2,PET Plastic,2,PET Plastic,0.9997319579124451,6.336974183795974e-05,9.268178473575972e-06,0.9997319579124451,0.0001553082256577909,4.009548865724355e-05
/Users/aswanathjs/Downloads/test9/ai_plastic_waste_management_training/HDPE Plastic/shampoo_bottles/0075_a02b01c2d2e0f0g0h4.jpg,0,HDPE Plastic,0,HDPE Plastic,0.9919424057006836,0.9919424057006836,0.0005543732549995184,0.00038477074122056365,0.006737363524734974,0.0003810856433119625
/Users/aswanathjs/Downloads/test9/ai_plastic_waste_management_training/HDPE Plastic/milk_bottles/HDPEM237.jpg,0,HDPE Plastic,0,HDPE Plastic,0.9990682005882263,0.9990682005882263,3.824069062829949e-05,0.00023311091354116797,0.000518612505402416,0.00014189818466547877
/Users/aswanathjs/Downloads/test9/ai_plastic_waste_management_training/PS Plastic/foam_sheets/PS-847_jpg.rf.cb27aa7ea11220268ad1992fe46ed8d1.jpg,4,PS Plastic,4,PS Plastic,0.9999046325683594,1.9120361685054377e-05,3.478633152553812e-05,1.8916607587016188e-05,2.257734195154626e-05,0.9999046325683594
/Users/aswanathjs/Downloads/test9/ai_plastic_waste_management_training/PS Plastic/foam_sheets/PS-791_jpg.rf.5e4f77251dd72bd862664be3a8d4301e.jpg,4,PS Plastic,4,PS Plastic,0.9980771541595459,0.0003004902391694486,0.0004932748852297664,0.0004726469051092863,0.0006564640207216144,0.9980771541595459
/Users/aswanathjs/Downloads/test9/ai_plastic_waste_management_training/PET Plastic/shampoo_bottles/0050_a05b00c1d0e1f1g0h1.jpg,2,PET Plastic,2,PET Plastic,0.9980934262275696,0.0018275094917044044,5.462445187731646e-06,0.9980934262275696,5.659781163558364e-05,1.697485822660383e-05
/Users/aswanathjs/Downloads/test9/ai_plastic_waste_management_training/LDPE Plastic/black_white__plastic_bags/0267_jpg.rf.8460d76bd44dd351f132c97c25e204e3.jpg,1,LDPE Plastic,1,LDPE Plastic,0.9999281167984009,8.184497346519493e-06,0.9999281167984009,2.932429561042227e-05,5.969433004793245e-06,2.844670416379813e-05
/Users/aswanathjs/Downloads/test9/ai_plastic_waste_management_training/LDPE Plastic/bubble_wrap/train_LDPE-83_jpg.rf.fe50b5acfd4114360ab6f1021e88f3bd.jpg,1,LDPE Plastic,1,LDPE Plastic,0.998078465461731,0.00031361644505523145,0.998078465461731,0.0004483963130041957,0.0006810181657783687,0.00047846342204138637
"/Users/aswanathjs/Downloads/test9/ai_plastic_waste_management_training/PET Plastic/plastic_bottles/PET1,369.jpg",2,PET Plastic,2,PET Plastic,0.9983709454536438,0.0006502736359834671,4.878815161646344e-05,0.9983709454536438,0.0007256859098561108,0.0002043924032477662
/Users/aswanathjs/Downloads/test9/ai_plastic_waste_management_training/LDPE Plastic/plastic_bags/train_LDPE-14_jpg.rf.a876535eec566939f48f88ce038d9266.jpg,1,LDPE Plastic,1,LDPE Plastic,0.9995278120040894,4.7630685003241524e-05,0.9995278120040894,0.00030425243312492967,5.163383320905268e-05,6.869377102702856e-05
/Users/aswanathjs/Downloads/test9/ai_plastic_waste_management_training/PP Plastic/round_containers/0035_a06b01c1d2e0f0g0h2.jpg,3,PP Plastic,3,PP Plastic,0.9990457892417908,0.00017099097021855414,0.0005654731648974121,0.00015391661145258695,0.9990457892417908,6.38791243545711e-05
/Users/aswanathjs/Downloads/test9/ai_plastic_waste_management_training/PP Plastic/round_containers_grey/0035_a06b01c1d2e0f0g0h2.jpg,3,PP Plastic,3,PP Plastic,0.9907280206680298,0.005101855844259262,0.0029346193186938763,0.0007123390096239746,0.9907280206680298,0.0005230948445387185
/Users/aswanathjs/Downloads/test9/ai_plastic_waste_management_training/HDPE Plastic/milk_bottles/HDPEM576.JPG,0,HDPE Plastic,0,HDPE Plastic,0.9988539218902588,0.9988539218902588,0.00018946923955809325,0.00033887306926772,0.00034598479396663606,0.0002717730531003326
/Users/aswanathjs/Downloads/test9/ai_plastic_waste_management_training/LDPE Plastic/bin_bags/Image_10.png,1,LDPE Plastic,1,LDPE Plastic,0.9997233748435974,9.840249549597502e-05,0.9997233748435974,8.052506746025756e-05,2.0936018700012937e-05,7.673985965084285e-05
/Users/aswanathjs/Downloads/test9/ai_plastic_waste_management_training/LDPE Plastic/bin_bags_grey/Image_10.png,1,LDPE Plastic,1,LDPE Plastic,0.9991514682769775,0.0005076141678728163,0.9991514682769775,9.365288133267313e-05,4.715575778391212e-05,0.00020008071442134678
/Users/aswanathjs/Downloads/test9/ai_plastic_waste_management_training/PS Plastic/foam_containers/Image_10.png,1,LDPE Plastic,1,LDPE Plastic,0.6066043376922607,0.05818784981966019,0.6066043376922607,0.00720297172665596,0.07251900434494019,0.25548574328422546
/Users/aswanathjs/Downloads/test9/ai_plastic_waste_management_training/HDPE Plastic/detergent_bottles/0010_a02b01c1d3e0f1g0h1.jpg,0,HDPE Plastic,0,HDPE Plastic,0.9996241331100464,0.9996241331100464,3.72299509763252e-05,5.7825989642878994e-05,0.00022752083896193653,5.324955054675229e-05
/Users/aswanathjs/Downloads/test9/ai_plastic_waste_management_training/PP Plastic/square_containers/IMG_20220209_175433.jpg,3,PP Plastic,3,PP Plastic,0.9995585083961487,2.1979798475513235e-05,2.3552001948701218e-05,4.508908386924304e-05,0.9995585083961487,0.0003508056979626417
/Users/aswanathjs/Downloads/test9/ai_plastic_waste_management_training/PS Plastic/foam_containers/styrofoam-6-_jpg.rf.3ff80f8b896c6df2923dce53f0c2db16.jpg,4,PS Plastic,4,PS Plastic,0.9910445213317871,5.4381034715333953e-05,0.000764103839173913,0.00013238893006928265,0.00800464116036892,0.9910445213317871
/Users/aswanathjs/Downloads/test9/ai_plastic_waste_management_training/HDPE Plastic/milk_bottles/HDPEM33.jpg,0,HDPE Plastic,0,HDPE Plastic,0.9995087385177612,0.9995087385177612,4.313641329645179e-05,0.0001931052829604596,0.00022577348863705993,2.917559140769299e-05
/Users/aswanathjs/Downloads/test9/ai_plastic_waste_management_training/HDPE Plastic/milk_bottles_grey/HDPEM33.jpg,0,HDPE Plastic,0,HDPE Plastic,0.9967808723449707,0.9967808723449707,0.0006895795231685042,0.0013116843765601516,0.0010731241200119257,0.00014469736197497696
"/Users/aswanathjs/Downloads/test9/ai_plastic_waste_management_training/PET Plastic/plastic_bottles/PET1,102.jpg",2,PET Plastic,2,PET Plastic,0.9997684359550476,9.54378629103303e-05,7.936992915347219e-05,0.9997684359550476,1.5508083379245363e-05,4.125829946133308e-05
/Users/aswanathjs/Downloads/test9/ai_plastic_waste_management_training/PET Plastic/black_white_plastic_bottles/arzcn_jpg.rf.c4661e68ec2e12269599fae5dfd497c6.jpg,2,PET Plastic,2,PET Plastic,0.9891989827156067,0.009296638891100883,0.0001612168998690322,0.9891989827156067,0.000499935878906399,0.0008432038594037294
/Users/aswanathjs/Downloads/test9/ai_plastic_waste_management_training/PP Plastic/rectangle_containers/0011_a05b00c1d3e0f0g0h1.jpg,3,PP Plastic,3,PP Plastic,0.9988304972648621,0.0007697537657804787,7.883092621341348e-05,0.0002513426006771624,0.9988304972648621,6.954397395020351e-05
/Users/aswanathjs/Downloads/test9/ai_plastic_waste_management_training/PP Plastic/square_containers/0011_a05b00c1d3e0f0g0h1.jpg,3,PP Plastic,3,PP Plastic,0.9988304972648621,0.0007697537657804787,7.883092621341348e-05,0.0002513426006771624,0.9988304972648621,6.954397395020351e-05
/Users/aswanathjs/Downloads/test9/ai_plastic_waste_management_training/HDPE Plastic/milk_bottles/HDPEM5.jpg,0,HDPE Plastic,0,HDPE Plastic,0.9932969212532043,0.9932969212532043,0.0007718304987065494,0.002556041581556201,0.0017921302933245897,0.0015831580385565758
/Users/aswanathjs/Downloads/test9/ai_plastic_waste_management_training/PET Plastic/shampoo_bottles/0050_a05b00c2d1e1f1g0h1.jpg,2,PET Plastic,2,PET Plastic,0.9922903180122375,0.007493985816836357,1.1593630915740505e-05,0.9922903180122375,0.00016541773220524192,3.876602931995876e-05
/Users/aswanathjs/Downloads/test9/ai_plastic_waste_management_training/PET Plastic/shampoo_bottles/0015_a05b00c1d1e1f1g0h4.jpg,2,PET Plastic,2,PET Plastic,0.9992044568061829,0.00010736624972196296,8.409005204157438e-06,0.9992044568061829,0.0006279914523474872,5.1734616135945544e-05
/Users/aswanathjs/Downloads/test9/ai_plastic_waste_management_training/LDPE Plastic/bubble_wrap/LDPE-91_jpg.rf.915815c1413d6cdea49535a8432b63b7.jpg,1,LDPE Plastic,1,LDPE Plastic,0.9999344348907471,1.7031130482791923e-05,0.9999344348907471,9.752474397828337e-06,1.3541016414819751e-05,2.517107714083977e-05
/Users/aswanathjs/Downloads/test9/ai_plastic_waste_management_training/LDPE Plastic/bubble_wrap/LDPE-91_jpg.rf.34bb125c36626877982abec0935eb1d2.jpg,1,LDPE Plastic,1,LDPE Plastic,0.9983526468276978,0.00019383324251975864,0.9983526468276978,0.00037475707358680665,0.0005102819413878024,0.0005685043288394809
/Users/aswanathjs/Downloads/test9/ai_plastic_waste_management_training/PP Plastic/irregular_containers/test_PP-6_jpg.rf.e9c7aab583a3e22396ac160a86c7d405.jpg,3,PP Plastic,3,PP Plastic,0.9954679012298584,0.00034753320505842566,0.0022627091966569424,0.0004180265823379159,0.9954679012298584,0.0015039029531180859
/Users/aswanathjs/Downloads/test9/ai_plastic_waste_management_training/LDPE Plastic/bubble_wrap_grey/LDPE-77_jpg.rf.d66469f05d460c88c6a1a36949f21e3c.jpg,1,LDPE Plastic,1,LDPE Plastic,0.9837366938591003,0.006657392717897892,0.9837366938591003,0.0019202256808057427,0.0039031868800520897,0.003782459767535329
/Users/aswanathjs/Downloads/test9/ai_plastic_waste_management_training/LDPE Plastic/bubble_wrap/LDPE-77_jpg.rf.d66469f05d460c88c6a1a36949f21e3c.jpg,1,LDPE Plastic,1,LDPE Plastic,0.9960783123970032,0.0006055617122910917,0.9960783123970032,0.0007548141293227673,0.0009775032522156835,0.0015838701510801911
/Users/aswanathjs/Downloads/test9/ai_plastic_waste_management_training/PET Plastic/black_white_plastic_bottles/aypnv_jpg.rf.b4cc678e17903950b162937b75035db4.jpg,2,PET Plastic,2,PET Plastic,0.9998020529747009,1.917509871418588e-05,3.250360532547347e-05,0.9998020529747009,1.885302299342584e-05,0.0001274256792385131
/Users/aswanathjs/Downloads/test9/ai_plastic_waste_management_training/PS Plastic/foam_sheets/Plastic_374_jpg.rf.7c9b707893e204933fb8037c1a830167.jpg,4,PS Plastic,4,PS Plastic,0.9993946552276611,0.00023494429478887469,0.0002038980310317129,0.00011364707461325452,5.283326026983559e-05,0.9993946552276611
/Users/aswanathjs/Downloads/test9/ai_plastic_waste_management_training/PS Plastic/form_sheets_grey/Plastic_374_jpg.rf.7c9b707893e204933fb8037c1a830167.jpg,4,PS Plastic,4,PS Plastic,0.9976062774658203,0.0007657768437638879,0.0008600184810347855,0.0002724587975535542,0.0004954764735884964,0.9976062774658203
/Users/aswanathjs/Downloads/test9/ai_plastic_waste_management_training/PET Plastic/black_white_plastic_bottles/clxev_jpg.rf.06e5e02bf5366d2d7be3947593572ca2.jpg,2,PET Plastic,2,PET Plastic,0.9999372959136963,4.385818556329468e-06,5.88396096645738e-06,0.9999372959136963,2.9269076549098827e-05,2.320810563105624e-05
/Users/aswanathjs/Downloads/test9/ai_plastic_waste_management_training/HDPE Plastic/detergent_bottles/0039_a02b01c1d0e0f1g0h3.jpg,0,HDPE Plastic,0,HDPE Plastic,0.9992534518241882,0.9992534518241882,0.00033006962621584535,7.552858733106405e-05,0.00027661953936330974,6.427650805562735e-05
/Users/aswanathjs/Downloads/test9/ai_plastic_waste_management_training/PS Plastic/foam_sheets/PS-598_jpg.rf.bf94cc5f042d582ff2fb487a57b0adab.jpg,4,PS Plastic,4,PS Plastic,0.9996167421340942,5.663793854182586e-05,0.00012040865840390325,6.637736805714667e-05,0.00013981548545416445,0.9996167421340942
/Users/aswanathjs/Downloads/test9/ai_plastic_waste_management_training/PS Plastic/form_sheets_grey/PS-598_jpg.rf.bf94cc5f042d582ff2fb487a57b0adab.jpg,4,PS Plastic,4,PS Plastic,0.99951171875,5.020772005082108e-05,8.148973574861884e-05,5.028333544032648e-05,0.0003063009353354573,0.99951171875
/Users/aswanathjs/Downloads/test9/ai_plastic_waste_management_training/HDPE Plastic/milk_bottles/HDPEM560.JPG,0,HDPE Plastic,0,HDPE Plastic,0.9992409944534302,0.9992409944534302,0.0001712100929580629,0.00024744140682742,6.68392822262831e-05,0.00027358721126802266
/Users/aswanathjs/Downloads/test9/ai_plastic_waste_management_training/LDPE Plastic/plastic_bags/plasticbag (46).jpg,1,LDPE Plastic,1,LDPE Plastic,0.9953809976577759,0.0018241401994600892,0.9953809976577759,0.0007804757333360612,0.001304697711020708,0.000709784566424787
/Users/aswanathjs/Downloads/test9/ai_plastic_waste_management_training/HDPE Plastic/shampoo_bottles/0061_a02b01c2d2e0f1g0h0.jpg,0,HDPE Plastic,0,HDPE Plastic,0.9978498220443726,0.9978498220443726,0.00036337642814032733,0.0004877210594713688,0.0008817155612632632,0.00041736074490472674
"/Users/aswanathjs/Downloads/test9/ai_plastic_waste_management_training/PET Plastic/plastic_bottles/PET1,288.jpg",2,PET Plastic,2,PET Plastic,0.9999969005584717,1.7220289691977086e-06,2.3015631711587048e-07,0.9999969005584717,2.382900561315182e-07,9.143359420704655e-07
/Users/aswanathjs/Downloads/test9/ai_plastic_waste_management_training/PET Plastic/black_white_plastic_bottles/bhuzk_jpg.rf.3868bdbb5e5ba127ce9b36e9dfb53e94.jpg,2,PET Plastic,2,PET Plastic,0.9998596906661987,2.546503128542099e-05,1.3781720554106869e-05,0.9998596906661987,2.7840689654112794e-05,7.324558828258887e-05
/Users/aswanathjs/Downloads/test9/ai_plastic_waste_management_training/LDPE Plastic/plastic_bags/plasticbag (175).jpg,1,LDPE Plastic,1,LDPE Plastic,0.9974234104156494,0.00048492662608623505,0.9974234104156494,0.00014412208111025393,0.0013567334972321987,0.0005907561862841249
/Users/aswanathjs/Downloads/test9/ai_plastic_waste_management_training/PP Plastic/round_containers/Image_222.png,3,PP Plastic,3,PP Plastic,0.9295791983604431,0.004973436705768108,0.03638150915503502,0.003695485647767782,0.9295791983604431,0.025370385497808456
/Users/aswanathjs/Downloads/test9/ai_plastic_waste_management_training/PS Plastic/foam_containers/Image_222.png,3,PP Plastic,3,PP Plastic,0.8582601547241211,0.016711581498384476,0.06611587852239609,0.004400103352963924,0.8582601547241211,0.05451234430074692
/Users/aswanathjs/Downloads/test9/ai_plastic_waste_management_training/HDPE Plastic/milk_bottles/HDPEM379.jpg,0,HDPE Plastic,0,HDPE Plastic,0.9931368827819824,0.9931368827819824,0.0011473806807771325,0.0007858467288315296,0.0038624443113803864,0.001067446661181748
/Users/aswanathjs/Downloads/test9/ai_plastic_waste_management_training/PS Plastic/foam_sheets/IMG_9382_JPG.rf.2e58780011c7f1823dd651bb9d096a92.jpg,4,PS Plastic,4,PS Plastic,0.9978013634681702,0.000354102929122746,0.00016036575834732503,0.00122175645083189,0.00046245387056842446,0.9978013634681702
/Users/aswanathjs/Downloads/test9/ai_plastic_waste_management_training/PS Plastic/foam_sheets/IMG_9382_JPG.rf.0146aab836c2b5929cefcef9bda8795e.jpg,4,PS Plastic,4,PS Plastic,0.9993520379066467,0.00015462300507351756,6.87242136336863e-05,0.00015709720901213586,0.0002674630959518254,0.9993520379066467
/Users/aswanathjs/Downloads/test9/ai_plastic_waste_management_training/PS Plastic/foam_sheets/IMG_9382_JPG.rf.1bb8c48b13b03520409e0ed2f264feac.jpg,4,PS Plastic,4,PS Plastic,0.9993287324905396,0.00016308682097587734,5.779186903964728e-05,0.00031186561682261527,0.00013858737656846642,0.9993287324905396
/Users/aswanathjs/Downloads/test9/ai_plastic_waste_management_training/PS Plastic/foam_containers/plastic-25-_jpg.rf.ecbfd6ae6049fae35058910b4c667702.jpg,4,PS Plastic,4,PS Plastic,0.9965044260025024,3.718181687872857e-05,0.0005991120706312358,0.00011591035581659526,0.0027433938812464476,0.9965044260025024
/Users/aswanathjs/Downloads/test9/ai_plastic_waste_management_training/LDPE Plastic/plastic_bags/LDPE-197_jpg.rf.faf242034ca59e2c49ef45382e1314db.jpg,1,LDPE Plastic,1,LDPE Plastic,0.9969086050987244,0.0005117335822433233,0.9969086050987244,0.001263893791474402,0.0006532241823151708,0.0006624720990657806
/Users/aswanathjs/Downloads/test9/ai_plastic_waste_management_training/PET Plastic/shampoo_bottles/0080_a05b00c1d1e0f1g0h2.jpg,2,PET Plastic,2,PET Plastic,0.9997556805610657,0.00012938807776663452,3.3985959362325957e-06,0.9997556805610657,5.951354978606105e-05,5.194811092223972e-05
"/Users/aswanathjs/Downloads/test9/ai_plastic_waste_management_training/PET Plastic/plastic_bottles/PET1,716.jpg",2,PET Plastic,2,PET Plastic,0.9970002770423889,0.0008151300717145205,4.0362159779760987e-05,0.9970002770423889,0.001979382708668709,0.00016479534679092467
/Users/aswanathjs/Downloads/test9/ai_plastic_waste_management_training/HDPE Plastic/shampoo_bottles/0023_a02b01c2d2e0f1g0h4.jpg,0,HDPE Plastic,0,HDPE Plastic,0.9993500113487244,0.9993500113487244,6.343741551972926e-05,0.0001503282255725935,0.00034876010613515973,8.745860395720229e-05
/Users/aswanathjs/Downloads/test9/ai_plastic_waste_management_training/PS Plastic/foam_containers/Image_4.png,4,PS Plastic,4,PS Plastic,0.7056953310966492,0.02603888511657715,0.05233192816376686,0.004673836287111044,0.21126006543636322,0.7056953310966492
/Users/aswanathjs/Downloads/test9/ai_plastic_waste_management_training/HDPE Plastic/shampoo_bottles/0075_a02b01c2d1e0f0g0h2.jpg,0,HDPE Plastic,0,HDPE Plastic,0.9990798234939575,0.9990798234939575,3.055027991649695e-05,0.0006430715438909829,0.00020547068561427295,4.107231870875694e-05
/Users/aswanathjs/Downloads/test9/ai_plastic_waste_management_training/PP Plastic/irregular_containers/train_PP-92_jpg.rf.5f472e8c84612e55a130776ea1494b21.jpg,3,PP Plastic,3,PP Plastic,0.9998490810394287,1.157150836661458e-05,0.00012360623804852366,8.653692930238321e-06,0.9998490810394287,7.04284684616141e-06
/Users/aswanathjs/Downloads/test9/ai_plastic_waste_management_training/HDPE Plastic/milk_bottles/HDPEM70.jpg,0,HDPE Plastic,0,HDPE Plastic,0.9990164041519165,0.9990164041519165,7.786774222040549e-05,0.0003066438075620681,0.0004434703732840717,0.00015553356206510216
/Users/aswanathjs/Downloads/test9/ai_plastic_waste_management_training/PP Plastic/round_containers/0035_a06b01c2d3e0f0g0h0.jpg,3,PP Plastic,3,PP Plastic,0.9963498115539551,0.00022301290300674736,0.0011049392633140087,0.0019391104578971863,0.9963498115539551,0.00038304508780129254
/Users/aswanathjs/Downloads/test9/ai_plastic_waste_management_training/LDPE Plastic/plastic_bags/LDPE-335_jpg.rf.c657126f85ac684b8a51d0e9ed4b6549.jpg,1,LDPE Plastic,1,LDPE Plastic,0.9989732503890991,8.774537855060771e-05,0.9989732503890991,9.445331670576707e-05,0.00032403357909061015,0.0005205677589401603
/Users/aswanathjs/Downloads/test9/ai_plastic_waste_management_training/PET Plastic/black_white_plastic_bottles/btiuz_jpg.rf.6f7fe1fe260cc958a7df41f906ab0952.jpg,2,PET Plastic,2,PET Plastic,0.9991831183433533,2.7043792215408757e-05,0.0002623013569973409,0.9991831183433533,0.0004770937084686011,5.0348553486401215e-05
/Users/aswanathjs/Downloads/test9/ai_plastic_waste_management_training/HDPE Plastic/shampoo_bottles/0063_a02b01c2d2e0f1g1h4.jpg,0,HDPE Plastic,0,HDPE Plastic,0.9992805123329163,0.9992805123329163,0.00014303086209110916,0.00023894205514807254,0.0002630749950185418,7.446898962371051e-05
/Users/aswanathjs/Downloads/test9/ai_plastic_waste_management_training/HDPE Plastic/shampoo_bottles/0061_a02b01c2d1e0f1g0h0(1).jpg,0,HDPE Plastic,0,HDPE Plastic,0.9995336532592773,0.9995336532592773,9.105838398681954e-05,0.00011051973706344143,0.00016613936168141663,9.854608651949093e-05
/Users/aswanathjs/Downloads/test9/ai_plastic_waste_management_training/PS Plastic/foam_sheets/PS-681_jpg.rf.db9c77132f01078daabb3d623bcb1404.jpg,4,PS Plastic,4,PS Plastic,0.9993376135826111,7.578604709124193e-05,0.0003214663593098521,0.00012889648496638983,0.00013628587475977838,0.9993376135826111
/Users/aswanathjs/Downloads/test9/ai_plastic_waste_management_training/HDPE Plastic/shampoo_bottles/0065_a02b03c1d1e0f1g0h4.jpg,0,HDPE Plastic,0,HDPE Plastic,0.9992535710334778,0.9992535710334778,7.669487240491435e-05,0.00022905290825292468,0.0003454893594607711,9.513152326690033e-05
/Users/aswanathjs/Downloads/test9/ai_plastic_waste_management_training/HDPE Plastic/shampoo_bottles/0061_a02b01c1d1e0f1g0h0.jpg,0,HDPE Plastic,0,HDPE Plastic,0.99967360496521,0.99967360496521,3.71628011635039e-05,4.8888676246860996e-05,0.00017059773381333798,6.97826617397368e-05
/Users/aswanathjs/Downloads/test9/ai_plastic_waste_management_training/HDPE Plastic/shampoo_bottles/0099_a02b01c1d1e0f1g0h2.jpg,0,HDPE Plastic,0,HDPE Plastic,0.9996293783187866,0.9996293783187866,5.429377779364586e-05,9.212397708324715e-05,0.00013711086648982018,8.711448754183948e-05
/Users/aswanathjs/Downloads/test9/ai_plastic_waste_management_training/PS Plastic/foam_containers/styrofoam-146-_jpg.rf.d36286be5c6faa07b3b08e9d2db1f2e8.jpg,4,PS Plastic,4,PS Plastic,0.9828282594680786,0.0025644630659371614,0.0046414644457399845,0.004429662134498358,0.005536185577511787,0.9828282594680786
/Users/aswanathjs/Downloads/test9/ai_plastic_waste_management_training/PET Plastic/plastic_bottles/PET409.jpg,2,PET Plastic,2,PET Plastic,0.9994750618934631,0.00022920093033462763,9.458002023166046e-05,0.9994750618934631,6.04122324148193e-05,0.0001407139061484486
/Users/aswanathjs/Downloads/test9/ai_plastic_waste_management_training/LDPE Plastic/plastic_bags/LDPE-11_jpg.rf.d94340e9ba81308d1fba7d70f9db0c95.jpg,1,LDPE Plastic,1,LDPE Plastic,0.9992879033088684,0.00017263081099372357,0.9992879033088684,0.00016088045958895236,6.925759225850925e-05,0.000309423659928143
/Users/aswanathjs/Downloads/test9/ai_plastic_waste_management_training/PET Plastic/black_white_plastic_bottles/anqtx_jpg.rf.cbcf255b192a0ba133ddd650f350098b.jpg,2,PET Plastic,2,PET Plastic,0.9998950958251953,8.429331501247361e-06,3.254965486121364e-05,0.9998950958251953,8.333454388775863e-06,5.556253745453432e-05
"/Users/aswanathjs/Downloads/test9/ai_plastic_waste_management_training/PET Plastic/plastic_bottles/PET1,454.jpg",2,PET Plastic,2,PET Plastic,0.998115062713623,0.0005952802021056414,0.00011286483641015366,0.998115062713623,0.0007383356569334865,0.00043844952597282827
/Users/aswanathjs/Downloads/test9/ai_plastic_waste_management_training/PET Plastic/plastic_bottles/PET424.jpg,2,PET Plastic,2,PET Plastic,0.9999620914459229,1.1808398085122462e-05,5.2854961722914595e-06,0.9999620914459229,7.924942110548727e-06,1.283887650060933e-05
/Users/aswanathjs/Downloads/test9/ai_plastic_waste_management_training/PET Plastic/plastic_bottles/PET844.jpg,2,PET Plastic,2,PET Plastic,0.9999167919158936,3.5716914226213703e-06,6.8069966800976545e-06,0.9999167919158936,1.3983991266286466e-05,5.88593102293089e-05
/Users/aswanathjs/Downloads/test9/ai_plastic_waste_management_training/PET Plastic/black_white_plastic_bottles/azgkq_jpg.rf.f136cd0c1c88c3fa2b91f3d3506ec860.jpg,2,PET Plastic,2,PET Plastic,0.9999741315841675,3.6993972116761142e-06,2.353811169086839e-06,0.9999741315841675,8.70490384841105e-06,1.1032464499294292e-05
/Users/aswanathjs/Downloads/test9/ai_plastic_waste_management_training/HDPE Plastic/shampoo_bottles/0076_a02b06c1d1e0f1g0h1.jpg,0,HDPE Plastic,0,HDPE Plastic,0.9994400143623352,0.9994400143623352,0.00022273704234976321,7.190729229478166e-05,0.00017405605467502028,9.130915714194998e-05
/Users/aswanathjs/Downloads/test9/ai_plastic_waste_management_training/PP Plastic/round_containers/IMG_20220209_175549.jpg,3,PP Plastic,3,PP Plastic,0.9959942102432251,0.0026759204920381308,0.00014842857490293682,0.00036923089646734297,0.9959942102432251,0.0008121554274111986
/Users/aswanathjs/Downloads/test9/ai_plastic_waste_management_training/PET Plastic/plastic_bottles/PET743.jpg,2,PET Plastic,2,PET Plastic,0.9998043179512024,8.55969192343764e-05,3.5818928154185414e-05,0.9998043179512024,1.1107408681709785e-05,6.314868369372562e-05
"/Users/aswanathjs/Downloads/test9/ai_plastic_waste_management_training/PET Plastic/plastic_bottles/PET1,493.jpg",2,PET Plastic,2,PET Plastic,0.9997820258140564,0.0001010647029033862,2.3669619622523896e-05,0.9997820258140564,5.5385542509611696e-05,3.792070128838532e-05
/Users/aswanathjs/Downloads/test9/ai_plastic_waste_management_training/LDPE Plastic/bin_bags/Image_28.png,1,LDPE Plastic,1,LDPE Plastic,0.9994939565658569,0.00034796976251527667,0.9994939565658569,2.6775160222314298e-05,4.7043387894518673e-05,8.415769843850285e-05
/Users/aswanathjs/Downloads/test9/ai_plastic_waste_management_training/LDPE Plastic/bin_bags_grey/Image_28.png,1,LDPE Plastic,1,LDPE Plastic,0.9985345602035522,0.000718357739970088,0.9985345602035522,0.0003974307037424296,0.00011099487892352045,0.00023869767028372735
/Users/aswanathjs/Downloads/test9/ai_plastic_waste_management_training/PP Plastic/square_containers/Image_28.png,1,LDPE Plastic,1,LDPE Plastic,0.6949064135551453,0.02374398708343506,0.6949064135551453,0.0009924655314534903,0.27068257331848145,0.009674579836428165
/Users/aswanathjs/Downloads/test9/ai_plastic_waste_management_training/PS Plastic/foam_containers/Image_28.png,1,LDPE Plastic,4,PS Plastic,0.6455879211425781,0.03357831761240959,0.21256031095981598,0.0065236203372478485,0.10174984484910965,0.6455879211425781
/Users/aswanathjs/Downloads/test9/ai_plastic_waste_management_training/PET Plastic/shampoo_bottles/0015_a05b00c2d3e1f1g0h4.jpg,2,PET Plastic,2,PET Plastic,0.9987063407897949,1.7629428157306393e-06,8.410971531702671e-06,0.9987063407897949,0.00125808862503618,2.533630140533205e-05
/Users/aswanathjs/Downloads/test9/ai_plastic_waste_management_training/PP Plastic/round_containers/IMG_20220209_174613.jpg,3,PP Plastic,3,PP Plastic,0.9996155500411987,0.000203411458642222,9.094920824281871e-05,9.86094801191939e-06,0.9996155500411987,8.018236985662952e-05
/Users/aswanathjs/Downloads/test9/ai_plastic_waste_management_training/LDPE Plastic/plastic_bags/plasticbag (175) 17.43.56.jpg,1,LDPE Plastic,1,LDPE Plastic,0.9974234104156494,0.00048492662608623505,0.9974234104156494,0.00014412208111025393,0.0013567334972321987,0.0005907561862841249
/Users/aswanathjs/Downloads/test9/ai_plastic_waste_management_training/PET Plastic/black_white_plastic_bottles/cygfe_jpg.rf.ad934076b94a97081431c252e4d5cc76.jpg,2,PET Plastic,2,PET Plastic,0.9998342990875244,1.4854376786388457e-05,1.1476088729978073e-05,0.9998342990875244,4.330807496444322e-05,9.604835213394836e-05
/Users/aswanathjs/Downloads/test9/ai_plastic_waste_management_training/LDPE Plastic/black_white__plastic_bags/0245_jpg.rf.6b385ecc888013fb1365e18bcd46b90c.jpg,1,LDPE Plastic,1,LDPE Plastic,0.9924584031105042,0.004252995830029249,0.9924584031105042,0.00043557985918596387,0.0010474937735125422,0.0018054255051538348
/Users/aswanathjs/Downloads/test9/ai_plastic_waste_management_training/PET Plastic/black_white_plastic_bottles/anywh_jpg.rf.1eaddc19d9ebf4d7e29061e1f31f8ffa.jpg,2,PET Plastic,2,PET Plastic,0.9981252551078796,4.6158223995007575e-05,0.0003275792405474931,0.9981252551078796,0.001110569923184812,0.0003904509649146348
/Users/aswanathjs/Downloads/test9/ai_plastic_waste_management_training/PP Plastic/square_containers_grey/Image_44.png,3,PP Plastic,3,PP Plastic,0.9842627644538879,0.0010523735545575619,0.013272038660943508,0.0004100472142454237,0.9842627644538879,0.0010028043761849403
/Users/aswanathjs/Downloads/test9/ai_plastic_waste_management_training/PP Plastic/square_containers/Image_44.png,3,PP Plastic,3,PP Plastic,0.9900381565093994,0.0004292139783501625,0.009135909378528595,3.6632802220992744e-05,0.9900381565093994,0.00036003199056722224
/Users/aswanathjs/Downloads/test9/ai_plastic_waste_management_training/PS Plastic/foam_containers/Image_44.png,3,PP Plastic,3,PP Plastic,0.5535435080528259,0.024136735126376152,0.09410310536623001,0.004239825997501612,0.5535435080528259,0.3239767551422119
/Users/aswanathjs/Downloads/test9/ai_plastic_waste_management_training/LDPE Plastic/black_white__plastic_bags/0201_jpg.rf.b8da2e523f14514e4825c9b6a8543088.jpg,1,LDPE Plastic,1,LDPE Plastic,0.999444305896759,6.665776163572446e-05,0.999444305896759,0.00013329587818589061,0.0001045897151925601,0.0002510791237000376
/Users/aswanathjs/Downloads/test9/ai_plastic_waste_management_training/PP Plastic/irregular_containers/train_PP-56_jpg.rf.ac7ac497caeb9273fdfab3b6b0401f97.jpg,3,PP Plastic,3,PP Plastic,0.9977325201034546,0.00024544200277887285,0.00013527153350878507,0.0004741029697470367,0.9977325201034546,0.0014126603491604328
/Users/aswanathjs/Downloads/test9/ai_plastic_waste_management_training/LDPE Plastic/plastic_bags/P_W (1398).jpg,1,LDPE Plastic,1,LDPE Plastic,0.9981158971786499,0.0003748801245819777,0.9981158971786499,0.00017042191757354885,0.0007167976000346243,0.000622057297732681
/Users/aswanathjs/Downloads/test9/ai_plastic_waste_management_training/HDPE Plastic/shampoo_bottles/0099_a02b01c1d2e0f1g0h2.jpg,0,HDPE Plastic,0,HDPE Plastic,0.99639892578125,0.99639892578125,0.00033297971822321415,0.0012907059863209724,0.0012468966888263822,0.0007305039325729012
/Users/aswanathjs/Downloads/test9/ai_plastic_waste_management_training/LDPE Plastic/bin_bags/Image_141.png,1,LDPE Plastic,1,LDPE Plastic,0.9835895299911499,0.0046153198927640915,0.9835895299911499,0.0006857726257294416,0.004689197055995464,0.006420172285288572
/Users/aswanathjs/Downloads/test9/ai_plastic_waste_management_training/PP Plastic/square_containers/Image_141.png,1,LDPE Plastic,0,HDPE Plastic,0.5303975939750671,0.5303975939750671,0.26875996589660645,0.0035039351787418127,0.14356274902820587,0.05377576872706413
/Users/aswanathjs/Downloads/test9/ai_plastic_waste_management_training/PS Plastic/foam_containers/Image_141.png,1,LDPE Plastic,1,LDPE Plastic,0.9148287177085876,0.0024903607554733753,0.9148287177085876,0.0024621537886559963,0.024857506155967712,0.055361308157444
/Users/aswanathjs/Downloads/test9/ai_plastic_waste_management_training/HDPE Plastic/detergent_bottles/P_W (396).jpg,0,HDPE Plastic,0,HDPE Plastic,0.9975584745407104,0.9975584745407104,0.0019050384871661663,0.00017280732572544366,0.0001265878090634942,0.00023713402333669364
/Users/aswanathjs/Downloads/test9/ai_plastic_waste_management_training/HDPE Plastic/shampoo_bottiles_grey/0076_a02b06c2d0e0f1g0h1.jpg,0,HDPE Plastic,0,HDPE Plastic,0.9992772936820984,0.9992772936820984,7.928654667921364e-05,0.0001578709197929129,0.00038163524004630744,0.00010404700879007578
/Users/aswanathjs/Downloads/test9/ai_plastic_waste_management_training/HDPE Plastic/shampoo_bottles/0076_a02b06c2d0e0f1g0h1.jpg,0,HDPE Plastic,0,HDPE Plastic,0.9992873072624207,0.9992873072624207,0.00022431336401496083,0.0001461529463995248,0.00024503335589542985,9.717314242152497e-05
/Users/aswanathjs/Downloads/test9/ai_plastic_waste_management_training/HDPE Plastic/milk_bottles/HDPEM42.jpg,0,HDPE Plastic,0,HDPE Plastic,0.9915192723274231,0.9915192723274231,0.000692149274982512,0.00035283053875900805,0.004582561086863279,0.0028532298747450113
/Users/aswanathjs/Downloads/test9/ai_plastic_waste_management_training/PP Plastic/round_containers/0043_a06b01c2d0e0f0g0h3.jpg,3,PP Plastic,3,PP Plastic,0.9986844658851624,0.0007041560602374375,8.483348210575059e-05,0.0004669167101383209,0.9986844658851624,5.9611473261611536e-05
/Users/aswanathjs/Downloads/test9/ai_plastic_waste_management_training/PET Plastic/plastic_bottles/PET863.jpg,2,PET Plastic,2,PET Plastic,0.9982714653015137,0.001103608519770205,0.00023369421251118183,0.9982714653015137,0.00016204995336011052,0.00022926968813408166
/Users/aswanathjs/Downloads/test9/ai_plastic_waste_management_training/PS Plastic/foam_sheets/PS-538_jpg.rf.9ad3c37022cda5929db438f890a2b787.jpg,4,PS Plastic,4,PS Plastic,0.9989290833473206,0.00029394892044365406,0.00040012295357882977,0.00011459505913080648,0.0002623579930514097,0.9989290833473206
/Users/aswanathjs/Downloads/test9/ai_plastic_waste_management_training/LDPE Plastic/black_white__plastic_bags/0216_jpg.rf.428452e42b4a4a1b8f514d007db95fa5.jpg,1,LDPE Plastic,1,LDPE Plastic,0.999650239944458,0.0002528507902752608,0.999650239944458,3.813722514678375e-06,3.8763024349464104e-05,5.4411018936662003e-05
/Users/aswanathjs/Downloads/test9/ai_plastic_waste_management_training/LDPE Plastic/plastic_bags/plasticbag (8).jpg,1,LDPE Plastic,1,LDPE Plastic,0.999721109867096,6.335394573397934e-05,0.999721109867096,1.2262528798601124e-05,0.0001606480946065858,4.2609994125086814e-05
/Users/aswanathjs/Downloads/test9/ai_plastic_waste_management_training/LDPE Plastic/plastic_bags/LDPE-588_jpg.rf.5fda3c1f4fefc604e5ac9c7a36493c46.jpg,1,LDPE Plastic,1,LDPE Plastic,0.9994589686393738,9.815950761549175e-05,0.9994589686393738,5.420681554824114e-05,0.000135135356686078,0.000253538804827258
/Users/aswanathjs/Downloads/test9/ai_plastic_waste_management_training/PP Plastic/round_containers/IMG_20220209_173227.jpg,3,PP Plastic,3,PP Plastic,0.9977922439575195,0.00036384418490342796,0.0006613393779844046,0.0007038618787191808,0.9977922439575195,0.0004786922363564372
/Users/aswanathjs/Downloads/test9/ai_plastic_waste_management_training/HDPE Plastic/detergent_bottles/0098_a02b03c2d3e0f0g0h4.jpg,0,HDPE Plastic,0,HDPE Plastic,0.9993672966957092,0.9993672966957092,0.00017409020802006125,2.5483166609774344e-05,0.00037468402297236025,5.8495719713391736e-05
/Users/aswanathjs/Downloads/test9/ai_plastic_waste_management_training/PET Plastic/black_white_plastic_bottles/cverp_jpg.rf.81c5757fd377cd072695cd28b9d750e2.jpg,2,PET Plastic,2,PET Plastic,0.9987917542457581,8.290362893603742e-05,0.0007653605425730348,0.9987917542457581,9.562172635924071e-05,0.0002644370833877474
/Users/aswanathjs/Downloads/test9/ai_plastic_waste_management_training/LDPE Plastic/black_white__plastic_bags/0008_jpg.rf.97cb17d4ee01eeb1ec782d807c7d07dd.jpg,1,LDPE Plastic,1,LDPE Plastic,0.9993755221366882,5.682063056156039e-05,0.9993755221366882,0.0001863503421191126,1.4806074432271998e-05,0.0003665480762720108
/Users/aswanathjs/Downloads/test9/ai_plastic_waste_management_training/PS Plastic/foam_containers/Image_19.png,4,PS Plastic,4,PS Plastic,0.5004109144210815,0.007165463641285896,0.4323385953903198,0.0023587956093251705,0.05772623419761658,0.5004109144210815
/Users/aswanathjs/Downloads/test9/ai_plastic_waste_management_training/HDPE Plastic/shampoo_bottles/0077_a02b01c2d3e0f1g0h2.jpg,0,HDPE Plastic,0,HDPE Plastic,0.9995880722999573,0.9995880722999573,1.5209419871098362e-05,0.0002400355297140777,0.00011661183089017868,4.015679223812185e-05
/Users/aswanathjs/Downloads/test9/ai_plastic_waste_management_training/PS Plastic/foam_sheets/PS-642_jpg.rf.ade71b81ca40f75007467391f775e3e8.jpg,4,PS Plastic,4,PS Plastic,0.9997910857200623,4.884911686531268e-05,5.2252398745622486e-05,5.1874401833629236e-05,5.60021580895409e-05,0.9997910857200623
/Users/aswanathjs/Downloads/test9/ai_plastic_waste_management_training/PS Plastic/form_sheets_grey/PS-642_jpg.rf.ade71b81ca40f75007467391f775e3e8.jpg,4,PS Plastic,4,PS Plastic,0.9997016787528992,5.6985070841619745e-05,5.2483941544778645e-05,8.707070082891732e-05,0.00010175830539083108,0.9997016787528992
/Users/aswanathjs/Downloads/test9/ai_plastic_waste_management_training/LDPE Plastic/plastic_bags/plasticbag (6).png,1,LDPE Plastic,1,LDPE Plastic,0.9915245175361633,0.0015540668973699212,0.9915245175361633,0.00045958286500535905,0.004208169411867857,0.0022536965552717447
/Users/aswanathjs/Downloads/test9/ai_plastic_waste_management_training/LDPE Plastic/plastic_bags/plasticbag (6).jpg,1,LDPE Plastic,1,LDPE Plastic,0.9999946355819702,3.745979029190494e-07,0.9999946355819702,2.718773544074793e-07,3.2751145226939116e-06,1.448796751901682e-06
/Users/aswanathjs/Downloads/test9/ai_plastic_waste_management_training/PP Plastic/irregular_containers/train_PP-62_jpg.rf.73c3984ddeaf802c25f616ceb455d96f.jpg,3,PP Plastic,3,PP Plastic,0.9913949370384216,0.00522919325158,0.0008250249666161835,0.0016799302538856864,0.9913949370384216,0.0008708550594747066
"/Users/aswanathjs/Downloads/test9/ai_plastic_waste_management_training/HDPE Plastic/milk_bottles/HDPEM1,003.JPG",0,HDPE Plastic,0,HDPE Plastic,0.9987646341323853,0.9987646341323853,6.938391015864909e-05,0.0006729288143105805,0.00022963399533182383,0.00026350500411354005
"/Users/aswanathjs/Downloads/test9/ai_plastic_waste_management_training/PET Plastic/plastic_bottles/PET1,600.jpg",2,PET Plastic,2,PET Plastic,0.9991418123245239,0.0005776140023954213,6.63355749566108e-05,0.9991418123245239,0.0001078635104931891,0.00010633514466462657
/Users/aswanathjs/Downloads/test9/ai_plastic_waste_management_training/PS Plastic/foam_containers/0058_a06b01c2d1e0f0g0h4.jpg,4,PS Plastic,4,PS Plastic,0.9998564720153809,3.552861380740069e-05,3.142095920338761e-06,2.3607792627444724e-06,0.00010245252633467317,0.9998564720153809
/Users/aswanathjs/Downloads/test9/ai_plastic_waste_management_training/PS Plastic/foam_containers/styrofoam-110-_jpg.rf.9312d248c97cc89e473e55369b238293.jpg,4,PS Plastic,4,PS Plastic,0.9875988364219666,0.008687430061399937,0.0017420153599232435,0.0003102318150922656,0.0016615183558315039,0.9875988364219666
/Users/aswanathjs/Downloads/test9/ai_plastic_waste_management_training/PET Plastic/plastic_bottles/PET363.jpg,2,PET Plastic,2,PET Plastic,0.9994875192642212,0.00012319265806581825,0.00020191313524264842,0.9994875192642212,7.734701648587361e-05,0.00010999164078384638
/Users/aswanathjs/Downloads/test9/ai_plastic_waste_management_training/PET Plastic/plastic_bottles/PET758.jpg,2,PET Plastic,2,PET Plastic,0.990138053894043,0.001765985507518053,0.0018878360278904438,0.990138053894043,0.0029489551670849323,0.003259176854044199
/Users/aswanathjs/Downloads/test9/ai_plastic_waste_management_training/HDPE Plastic/shampoo_bottles/0099_a02b01c1d0e0f1g0h2.jpg,0,HDPE Plastic,0,HDPE Plastic,0.9997081160545349,0.9997081160545349,9.484186193731148e-06,0.00021666941756848246,2.4874612790881656e-05,4.09009589930065e-05
/Users/aswanathjs/Downloads/test9/ai_plastic_waste_management_training/PET Plastic/black_white_plastic_bottles/dkagu_jpg.rf.8c08b9e76d57b35d31b36d896135f468.jpg,2,PET Plastic,2,PET Plastic,0.9999401569366455,1.1346272003720514e-05,4.0952436393126845e-06,0.9999401569366455,1.3570038390753325e-05,3.0869025067659095e-05
/Users/aswanathjs/Downloads/test9/ai_plastic_waste_management_training/PET Plastic/shampoo_bottles/0100_a05b00c1d1e0f0g0h0.jpg,2,PET Plastic,2,PET Plastic,0.9958112239837646,0.0002593429817352444,1.269355107069714e-05,0.9958112239837646,0.003851883113384247,6.485034828074276e-05
/Users/aswanathjs/Downloads/test9/ai_plastic_waste_management_training/LDPE Plastic/bin_bags/Image_12.png,1,LDPE Plastic,1,LDPE Plastic,0.7468571066856384,0.17792005836963654,0.7468571066856384,0.01589231565594673,0.03218630328774452,0.02714419923722744
/Users/aswanathjs/Downloads/test9/ai_plastic_waste_management_training/PP Plastic/square_containers_grey/Image_12.png,1,LDPE Plastic,1,LDPE Plastic,0.9459871053695679,0.0034339819103479385,0.9459871053695679,0.0006714724586345255,0.04778613895177841,0.0021212941501289606
/Users/aswanathjs/Downloads/test9/ai_plastic_waste_management_training/PP Plastic/square_containers/Image_12.png,1,LDPE Plastic,1,LDPE Plastic,0.8745911717414856,0.0023901837412267923,0.8745911717414856,0.00014421877858694643,0.12245762348175049,0.0004167362058069557
/Users/aswanathjs/Downloads/test9/ai_plastic_waste_management_training/PS Plastic/foam_containers/Image_12.png,1,LDPE Plastic,1,LDPE Plastic,0.42262837290763855,0.0616842620074749,0.42262837290763855,0.004688493441790342,0.34452688694000244,0.166471928358078
/Users/aswanathjs/Downloads/test9/ai_plastic_waste_management_training/PET Plastic/plastic_bottles/PET435.jpg,2,PET Plastic,2,PET Plastic,0.9994470477104187,0.00023330387193709612,0.00017519104585517198,0.9994470477104187,2.676573240023572e-05,0.0001176920923171565
/Users/aswanathjs/Downloads/test9/ai_plastic_waste_management_training/LDPE Plastic/black_white__plastic_bags/0094_jpg.rf.f1368390a96451783c2619d0ba111dbe.jpg,1,LDPE Plastic,1,LDPE Plastic,0.9998056292533875,0.00010726878826972097,0.9998056292533875,2.7750225854106247e-05,6.681078502879245e-06,5.2748531743418425e-05
/Users/aswanathjs/Downloads/test9/ai_plastic_waste_management_training/HDPE Plastic/shampoo_bottles/0076_a02b06c2d0e0f1g0h3.jpg,0,HDPE Plastic,0,HDPE Plastic,0.9974708557128906,0.9974708557128906,0.00020725055946968496,0.0009659601491875947,0.0007406513323076069,0.0006152762216515839
/Users/aswanathjs/Downloads/test9/ai_plastic_waste_management_training/PET Plastic/shampoo_bottles/0080_a05b00c2d1e0f1g0h1.jpg,2,PET Plastic,2,PET Plastic,0.9998064637184143,0.00017068420129362494,2.076068994938396e-06,0.9998064637184143,1.4820881006016862e-05,5.892467015655711e-06
/Users/aswanathjs/Downloads/test9/ai_plastic_waste_management_training/LDPE Plastic/black_white__plastic_bags/0207_jpg.rf.e34252fa7fc7d291a0567faad7c1d274.jpg,1,LDPE Plastic,1,LDPE Plastic,0.9986079335212708,0.00014502716658171266,0.9986079335212708,0.0007067449623718858,0.00019713556685019284,0.0003431395161896944
/Users/aswanathjs/Downloads/test9/ai_plastic_waste_management_training/HDPE Plastic/milk_bottles/HDPEM331.jpg,0,HDPE Plastic,0,HDPE Plastic,0.9961652755737305,0.9961652755737305,0.00036787401768378913,0.0012540047755464911,0.0006648103008046746,0.0015480410074815154
/Users/aswanathjs/Downloads/test9/ai_plastic_waste_management_training/PET Plastic/plastic_bottles/PET960.jpg,2,PET Plastic,2,PET Plastic,0.9999206066131592,1.1631886081886478e-05,4.403499133331934e-06,0.9999206066131592,3.08315284200944e-05,3.247213680879213e-05
/Users/aswanathjs/Downloads/test9/ai_plastic_waste_management_training/PET Plastic/shampoo_bottles/0100_a05b00c1d1e0f0g0h1.jpg,2,PET Plastic,2,PET Plastic,0.998554527759552,6.98580770404078e-05,8.906682523956988e-06,0.998554527759552,0.0013372249668464065,2.941060120065231e-05
"/Users/aswanathjs/Downloads/test9/ai_plastic_waste_management_training/PET Plastic/plastic_bottles/PET1,451.jpg",2,PET Plastic,2,PET Plastic,0.9996697902679443,0.0002283762296428904,1.0838893103937153e-05,0.9996697902679443,4.7395289584528655e-05,4.361651372164488e-05
"/Users/aswanathjs/Downloads/test9/ai_plastic_waste_management_training/PET Plastic/plastic_bottles/PET1,616.jpg",2,PET Plastic,2,PET Plastic,0.9997889399528503,1.3260802916192915e-05,4.1737454012036324e-05,0.9997889399528503,9.483239409746602e-05,6.11784344073385e-05
/Users/aswanathjs/Downloads/test9/ai_plastic_waste_management_training/PS Plastic/foam_sheets/PS-845_jpg.rf.ba559f9b729aa7a658400deabf493207.jpg,4,PS Plastic,4,PS Plastic,0.999976634979248,1.830497353694227e-06,4.132847152504837e-06,8.807571248325985e-06,8.616740160505287e-06,0.999976634979248
"/Users/aswanathjs/Downloads/test9/ai_plastic_waste_management_training/PET Plastic/plastic_bottles/PET1,455.jpg",2,PET Plastic,2,PET Plastic,0.9990013241767883,0.0002639364392962307,8.365869871340692e-05,0.9990013241767883,0.00033550604712218046,0.0003155831072945148
/Users/aswanathjs/Downloads/test9/ai_plastic_waste_management_training/PS Plastic/foam_sheets/PS-820_jpg.rf.a6ea3d2586d430a5e339abbaff6a2d46.jpg,4,PS Plastic,4,PS Plastic,0.9998714923858643,2.6514730052440427e-05,4.0376573451794684e-05,3.5376833693590015e-05,2.628005313454196e-05,0.9998714923858643
"/Users/aswanathjs/Downloads/test9/ai_plastic_waste_management_training/PET Plastic/plastic_bottles/PET1,672.jpg",2,PET Plastic,2,PET Plastic,0.9998658895492554,1.914065796881914e-05,4.9719914386514574e-05,0.9998658895492554,3.07355476252269e-05,3.443708556005731e-05
"/Users/aswanathjs/Downloads/test9/ai_plastic_waste_management_training/PET Plastic/plastic_bottles/PET1,728.jpg",2,PET Plastic,2,PET Plastic,0.999479353427887,0.00019637685909401625,0.00020320848852861673,0.999479353427887,1.1740022273443174e-05,0.00010931061115115881
/Users/aswanathjs/Downloads/test9/ai_plastic_waste_management_training/HDPE Plastic/milk_bottles/P_W (1037).jpg,0,HDPE Plastic,0,HDPE Plastic,0.9998428821563721,0.9998428821563721,3.28649184666574e-05,4.136775169172324e-05,1.4853513675916474e-05,6.800586561439559e-05
/Users/aswanathjs/Downloads/test9/ai_plastic_waste_management_training/PS Plastic/foam_sheets/PS-566_jpg.rf.77dfd3a5d8980d89dcf4055090951cbe.jpg,4,PS Plastic,4,PS Plastic,0.9995915293693542,4.072362571605481e-05,0.00014307141827885062,6.345759175019339e-05,0.00016109594434965402,0.9995915293693542
/Users/aswanathjs/Downloads/test9/ai_plastic_waste_management_training/HDPE Plastic/detergent_bottles/0010_a02b01c2d1e0f1g0h3.jpg,0,HDPE Plastic,0,HDPE Plastic,0.9974986910820007,0.9974986910820007,8.939591498346999e-05,0.002208439400419593,0.0001542211975902319,4.9181049689650536e-05
/Users/aswanathjs/Downloads/test9/ai_plastic_waste_management_training/PET Plastic/black_white_plastic_bottles/dlbka_jpg.rf.d60c28c1a226fc15ca815cd1c65e4956.jpg,2,PET Plastic,2,PET Plastic,0.9990547299385071,0.0002637107972986996,0.0003809772024396807,0.9990547299385071,4.734516915050335e-05,0.0002533106307964772
"/Users/aswanathjs/Downloads/test9/ai_plastic_waste_management_training/PET Plastic/plastic_bottles/PET1,599.jpg",2,PET Plastic,2,PET Plastic,0.9951751232147217,0.002447407692670822,0.0006020062137395144,0.9951751232147217,0.0014217323623597622,0.0003536849108058959
/Users/aswanathjs/Downloads/test9/ai_plastic_waste_management_training/PET Plastic/plastic_bottles/PET492.jpg,2,PET Plastic,2,PET Plastic,0.9989677667617798,0.0007188651361502707,7.644254765182268e-06,0.9989677667617798,0.00014906249998603016,0.00015663908561691642
/Users/aswanathjs/Downloads/test9/ai_plastic_waste_management_training/LDPE Plastic/bin_bags/Image_142.png,1,LDPE Plastic,1,LDPE Plastic,0.9508161544799805,0.041317980736494064,0.9508161544799805,0.0019939388148486614,0.003015037626028061,0.0028568473644554615
/Users/aswanathjs/Downloads/test9/ai_plastic_waste_management_training/PP Plastic/square_containers/Image_142.png,1,LDPE Plastic,1,LDPE Plastic,0.7778891921043396,0.021837009117007256,0.7778891921043396,0.0021397939417511225,0.1947290003299713,0.0034050284884870052
/Users/aswanathjs/Downloads/test9/ai_plastic_waste_management_training/PS Plastic/foam_containers/Image_142.png,1,LDPE Plastic,1,LDPE Plastic,0.6365028023719788,0.090323805809021,0.6365028023719788,0.007538930978626013,0.11345992237329483,0.15217448770999908
/Users/aswanathjs/Downloads/test9/ai_plastic_waste_management_training/PET Plastic/black_white_plastic_bottles/amuig_jpg.rf.bee9647efb21b19bb3276f9708ff4540.jpg,2,PET Plastic,2,PET Plastic,0.9996211528778076,4.172961780568585e-05,0.00028334924718365073,0.9996211528778076,1.739084837026894e-05,3.632741209003143e-05
/Users/aswanathjs/Downloads/test9/ai_plastic_waste_management_training/LDPE Plastic/plastic_bags/plasticbag (82).jpg,1,LDPE Plastic,1,LDPE Plastic,0.9985609650611877,4.256431930116378e-05,0.9985609650611877,2.9436270779115148e-05,0.001220107078552246,0.00014691379328723997
/Users/aswanathjs/Downloads/test9/ai_plastic_waste_management_training/PS Plastic/foam_sheets/PS-834_jpg.rf.bcbbff023961e64bb814b60b8bb20850.jpg,4,PS Plastic,4,PS Plastic,0.9999659061431885,4.174151399638504e-06,3.443178002271452e-06,1.73755397554487e-05,9.058726391231176e-06,0.9999659061431885
/Users/aswanathjs/Downloads/test9/ai_plastic_waste_management_training/PET Plastic/plastic_bottles/PET478.jpg,2,PET Plastic,2,PET Plastic,0.9990543723106384,0.0004933250602334738,1.991328281292226e-05,0.9990543723106384,0.0002534233790356666,0.00017897685756906867
/Users/aswanathjs/Downloads/test9/ai_plastic_waste_management_training/PS Plastic/foam_containers/styrofoam-124-_jpg.rf.18f3ee8b1d383f6b1915cd5d96a56d9a.jpg,4,PS Plastic,4,PS Plastic,0.9993300437927246,0.00037744539440609515,0.00010888375254580751,0.00013385512284003198,4.9737740482669324e-05,0.9993300437927246
"/Users/aswanathjs/Downloads/test9/ai_plastic_waste_management_training/PET Plastic/plastic_bottles/PET1,322.jpg",2,PET Plastic,2,PET Plastic,0.9995514750480652,8.76570338732563e-05,0.00012415497621987015,0.9995514750480652,6.397360266419128e-05,0.00017272509285248816
/Users/aswanathjs/Downloads/test9/ai_plastic_waste_management_training/PS Plastic/foam_sheets/PS-812_jpg.rf.e510582f79605a4beeefdf035876a97d.jpg,4,PS Plastic,4,PS Plastic,0.9997848868370056,4.281475776224397e-05,3.1533480068901554e-05,6.670375296380371e-05,7.408704550471157e-05,0.9997848868370056
/Users/aswanathjs/Downloads/test9/ai_plastic_waste_management_training/PET Plastic/plastic_bottles/PET449.jpg,2,PET Plastic,2,PET Plastic,0.9990912675857544,0.00048750630230642855,0.00010819101589731872,0.9990912675857544,6.977221346460283e-05,0.00024328057770617306
/Users/aswanathjs/Downloads/test9/ai_plastic_waste_management_training/LDPE Plastic/plastic_bags/plasticbag (93).jpg,1,LDPE Plastic,1,LDPE Plastic,0.9992058873176575,0.00012618620530702174,0.9992058873176575,0.00011407402053009719,0.00029086877475492656,0.00026297534350305796
"/Users/aswanathjs/Downloads/test9/ai_plastic_waste_management_training/PET Plastic/plastic_bottles/PET1,503.jpg",2,PET Plastic,2,PET Plastic,0.9996065497398376,0.00013661591219715774,0.000197540401131846,0.9996065497398376,2.522764953027945e-05,3.414059028727934e-05
/Users/aswanathjs/Downloads/test9/ai_plastic_waste_management_training/PS Plastic/form_containers_grey/0058_a06b01c1d0e0f0g0h3.jpg,4,PS Plastic,4,PS Plastic,0.9992983341217041,8.222958422265947e-05,3.0652845453005284e-05,3.006311453646049e-05,0.0005588170024566352,0.9992983341217041
/Users/aswanathjs/Downloads/test9/ai_plastic_waste_management_training/PS Plastic/foam_containers/0058_a06b01c1d0e0f0g0h3.jpg,4,PS Plastic,4,PS Plastic,0.9996894598007202,2.7256737666903064e-05,1.0181923244090285e-05,5.899597908864962e-06,0.0002671110851224512,0.9996894598007202
/Users/aswanathjs/Downloads/test9/ai_plastic_waste_management_training/HDPE Plastic/milk_bottles/HDPEM111.jpg,0,HDPE Plastic,0,HDPE Plastic,0.998875081539154,0.998875081539154,0.00022526313841808587,7.119172369129956e-05,0.0006251958548091352,0.00020325147488620132
/Users/aswanathjs/Downloads/test9/ai_plastic_waste_management_training/LDPE Plastic/plastic_bags/plasticbag (196) 17.43.56.jpg,1,LDPE Plastic,1,LDPE Plastic,0.9974341988563538,2.627375943120569e-05,0.9974341988563538,0.00017598261183593422,0.0021407913882285357,0.00022283273574430496
/Users/aswanathjs/Downloads/test9/ai_plastic_waste_management_training/PET Plastic/black_white_plastic_bottles/dfkjq_jpg.rf.6e651ecdd8fe3a76179812411de22e9d.jpg,2,PET Plastic,2,PET Plastic,0.9999542236328125,1.670402525633108e-05,1.2713279829767998e-05,0.9999542236328125,6.95710059517296e-06,9.441276233701501e-06
/Users/aswanathjs/Downloads/test9/ai_plastic_waste_management_training/PET Plastic/shampoo_bottles/IMG_20220209_182849.jpg,2,PET Plastic,2,PET Plastic,0.9628539681434631,0.035135891288518906,0.0009082520264200866,0.9628539681434631,0.0007391526596620679,0.00036271903081797063
/Users/aswanathjs/Downloads/test9/ai_plastic_waste_management_training/PP Plastic/square_containers/IMG_20220209_173152.jpg,3,PP Plastic,3,PP Plastic,0.9983565211296082,0.0006619033520109951,0.0001819051685743034,0.0004538965586107224,0.9983565211296082,0.0003458347637206316
/Users/aswanathjs/Downloads/test9/ai_plastic_waste_management_training/PET Plastic/black_white_plastic_bottles/alnpj_jpg.rf.c7284636cf60fe3b3fb0e9a49cef2ab8.jpg,2,PET Plastic,2,PET Plastic,0.9998977184295654,1.3874347132514231e-05,2.2711034034728073e-05,0.9998977184295654,2.188439611927606e-05,4.380246900836937e-05
/Users/aswanathjs/Downloads/test9/ai_plastic_waste_management_training/PET Plastic/black_white_plastic_bottles/anhes_jpg.rf.c3b9effe704965c126e4d31a6b45f3e5.jpg,2,PET Plastic,2,PET Plastic,0.9997825026512146,3.9398040826199576e-05,3.796780220000073e-05,0.9997825026512146,5.115049134474248e-05,8.890890603652224e-05
"/Users/aswanathjs/Downloads/test9/ai_plastic_waste_management_training/PET Plastic/plastic_bottles/PET1,305.jpg",2,PET Plastic,2,PET Plastic,0.9993742108345032,0.0003961703332606703,3.220831058570184e-05,0.9993742108345032,0.00013419069000519812,6.319289968814701e-05
/Users/aswanathjs/Downloads/test9/ai_plastic_waste_management_training/PET Plastic/plastic_bottles/PET436.jpg,2,PET Plastic,2,PET Plastic,0.9995504021644592,9.506734932074323e-05,4.180959513178095e-05,0.9995504021644592,0.00012146596418460831,0.00019122623780276626
/Users/aswanathjs/Downloads/test9/ai_plastic_waste_management_training/PET Plastic/plastic_bottles/PET391.jpg,2,PET Plastic,2,PET Plastic,0.9998233914375305,0.00012526653881650418,4.078995971212862e-06,0.9998233914375305,2.0740351828862913e-05,2.6524352506385185e-05
/Users/aswanathjs/Downloads/test9/ai_plastic_waste_management_training/HDPE Plastic/detergent_bottles/0010_a02b01c1d1e0f1g0h1.jpg,0,HDPE Plastic,0,HDPE Plastic,0.9988182187080383,0.9988182187080383,6.775849033147097e-05,0.0005981865106150508,0.0003986518131569028,0.00011721225018845871
/Users/aswanathjs/Downloads/test9/ai_plastic_waste_management_training/PET Plastic/black_white_plastic_bottles/aixpd_jpg.rf.65705a0e6f8eae8b80e3623ef226391b.jpg,2,PET Plastic,2,PET Plastic,0.9975920915603638,4.144518607063219e-05,0.00018280597578268498,0.9975920915603638,0.0019343240419402719,0.00024931723601184785
/Users/aswanathjs/Downloads/test9/ai_plastic_waste_management_training/LDPE Plastic/plastic_bags/train_LDPE-78_jpg.rf.36e54212f7c07bb9c19a99a7ea7e76ad.jpg,1,LDPE Plastic,1,LDPE Plastic,0.9984802603721619,0.0001520228252047673,0.9984802603721619,0.00023536143999081105,0.00030667660757899284,0.0008256454602815211
/Users/aswanathjs/Downloads/test9/ai_plastic_waste_management_training/PET Plastic/black_white_plastic_bottles/bzxcs_jpg.rf.117168966aaafafdebec9e40ab50662c.jpg,2,PET Plastic,2,PET Plastic,0.9996299743652344,9.186109673464671e-05,0.00013212388148531318,0.9996299743652344,0.00010129826841875911,4.4650689233094454e-05
/Users/aswanathjs/Downloads/test9/ai_plastic_waste_management_training/HDPE Plastic/shampoo_bottles/0077_a02b01c1d2e0f1g0h0.jpg,0,HDPE Plastic,0,HDPE Plastic,0.9991300702095032,0.9991300702095032,2.0723931811517105e-05,0.00010533227032283321,0.0006816759123466909,6.226783443707973e-05
/Users/aswanathjs/Downloads/test9/ai_plastic_waste_management_training/PS Plastic/foam_containers/0058_a06b01c2d0e0f0g0h4.jpg,4,PS Plastic,4,PS Plastic,0.9995145797729492,0.00020012212917208672,8.500344847561792e-06,4.3315576476743445e-05,0.0002333685988560319,0.9995145797729492
/Users/aswanathjs/Downloads/test9/ai_plastic_waste_management_training/PP Plastic/irregular_containers/train_PP-57_jpg.rf.6501caafdc2c74dc664e5f85a2089bd9.jpg,3,PP Plastic,3,PP Plastic,0.9986602067947388,0.0003720451786648482,6.666284025413916e-05,0.00037643953692168,0.9986602067947388,0.0005246635410003364
/Users/aswanathjs/Downloads/test9/ai_plastic_waste_management_training/HDPE Plastic/milk_bottles/HDPEM6.jpg,0,HDPE Plastic,0,HDPE Plastic,0.9998915195465088,0.9998915195465088,8.651996722619515e-06,6.703189865220338e-05,9.099014278035611e-06,2.371039408899378e-05
/Users/aswanathjs/Downloads/test9/ai_plastic_waste_management_training/HDPE Plastic/milk_bottles_grey/HDPEM6.jpg,0,HDPE Plastic,0,HDPE Plastic,0.9997212290763855,0.9997212290763855,2.8908429158036597e-05,0.00021524931071326137,7.369044396909885e-06,2.7303391107125208e-05
/Users/aswanathjs/Downloads/test9/ai_plastic_waste_management_training/HDPE Plastic/shampoo_bottles/0061_a02b01c2d3e0f1g0h3.jpg,0,HDPE Plastic,0,HDPE Plastic,0.9952055215835571,0.9952055215835571,0.0003134601574856788,0.0019390598172321916,0.0017638460267335176,0.0007781896274536848
/Users/aswanathjs/Downloads/test9/ai_plastic_waste_management_training/HDPE Plastic/milk_bottles/HDPEM249.jpg,0,HDPE Plastic,0,HDPE Plastic,0.9997696280479431,0.9997696280479431,5.0745878979796544e-05,9.383459109812975e-05,4.797193469130434e-05,3.79390075977426e-05
/Users/aswanathjs/Downloads/test9/ai_plastic_waste_management_training/PET Plastic/black_white_plastic_bottles/bmhoi_jpg.rf.3bfe369baadbbbae82d8cdf2ffeeea92.jpg,2,PET Plastic,2,PET Plastic,0.9997791647911072,5.037114169681445e-05,0.00010970792936859652,0.9997791647911072,3.6656867450801656e-05,2.4099659640341997e-05
"/Users/aswanathjs/Downloads/test9/ai_plastic_waste_management_training/PET Plastic/plastic_bottles/PET1,522.jpg",2,PET Plastic,2,PET Plastic,0.9977766871452332,0.0001887652324512601,0.00015803889255039394,0.9977766871452332,0.0016407450893893838,0.00023578399850521237
/Users/aswanathjs/Downloads/test9/ai_plastic_waste_management_training/LDPE Plastic/plastic_bags/plasticbag (13).jpg,1,LDPE Plastic,1,LDPE Plastic,0.9746843576431274,0.01335657387971878,0.9746843576431274,0.0005937554524280131,0.008405866101384163,0.002959526376798749
/Users/aswanathjs/Downloads/test9/ai_plastic_waste_management_training/PET Plastic/shampoo_bottles/0015_a05b00c2d2e1f1g0h4.jpg,2,PET Plastic,2,PET Plastic,0.9967128038406372,0.0011687325313687325,2.0060462702531368e-05,0.9967128038406372,0.002034204313531518,6.429517816286534e-05
/Users/aswanathjs/Downloads/test9/ai_plastic_waste_management_training/HDPE Plastic/detergent_bottles/IMG_20220209_182742.jpg,0,HDPE Plastic,0,HDPE Plastic,0.9761129021644592,0.9761129021644592,0.0007711605285294354,0.02165406011044979,0.0007760326261632144,0.0006858669803477824
/Users/aswanathjs/Downloads/test9/ai_plastic_waste_management_training/PP Plastic/round_containers/IMG_20220209_173232.jpg,3,PP Plastic,3,PP Plastic,0.9965643286705017,0.0005438350490294397,0.0017504328861832619,0.0009389137267135084,0.9965643286705017,0.0002025126595981419
/Users/aswanathjs/Downloads/test9/ai_plastic_waste_management_training/PET Plastic/black_white_plastic_bottles/dbtzq_jpg.rf.aa9447335486de27a9c52d8fc3b3b1a1.jpg,2,PET Plastic,2,PET Plastic,0.9999455213546753,2.339878847124055e-06,1.645612792344764e-05,0.9999455213546753,1.6322193914675154e-05,1.9370390873518772e-05
/Users/aswanathjs/Downloads/test9/ai_plastic_waste_management_training/PP Plastic/round_containers/0035_a06b01c2d0e0f0g0h4.jpg,3,PP Plastic,3,PP Plastic,0.9995381832122803,5.6536297051934525e-05,0.00023300628527067602,0.00013745522301178426,0.9995381832122803,3.480453960946761e-05
/Users/aswanathjs/Downloads/test9/ai_plastic_waste_management_training/PET Plastic/black_white_plastic_bottles/bjmal_jpg.rf.86e1cf3a75a737e48728f41344f3df09.jpg,2,PET Plastic,2,PET Plastic,0.9992002844810486,0.0001458243204979226,0.0002046547015197575,0.9992002844810486,8.925826841732487e-05,0.00036008236929774284
"/Users/aswanathjs/Downloads/test9/ai_plastic_waste_management_training/PET Plastic/plastic_bottles/PET1,354.jpg",2,PET Plastic,2,PET Plastic,0.9998829364776611,3.870532236760482e-05,4.749396794068161e-06,0.9998829364776611,4.613494093064219e-05,2.7457312171463855e-05
/Users/aswanathjs/Downloads/test9/ai_plastic_waste_management_training/LDPE Plastic/plastic_bags_grey/LDPE-58_jpg.rf.71f48fe653acbed28b643dc0999fd4ae.jpg,1,LDPE Plastic,1,LDPE Plastic,0.9993219375610352,0.00017668833606876433,0.9993219375610352,2.902547930716537e-05,0.00025499938055872917,0.0002173409448005259
/Users/aswanathjs/Downloads/test9/ai_plastic_waste_management_training/LDPE Plastic/plastic_bags/LDPE-58_jpg.rf.71f48fe653acbed28b643dc0999fd4ae.jpg,1,LDPE Plastic,1,LDPE Plastic,0.9998130202293396,5.6407756346743554e-05,0.9998130202293396,8.884207090886775e-06,6.522604962810874e-05,5.6519871577620506e-05
/Users/aswanathjs/Downloads/test9/ai_plastic_waste_management_training/LDPE Plastic/plastic_bags/LDPE-58_jpg.rf.3debb673d4b1e836928219fe3a35138a.jpg,1,LDPE Plastic,1,LDPE Plastic,0.9997527003288269,5.356242036214098e-05,0.9997527003288269,4.39384784840513e-05,2.172587664972525e-05,0.00012809340842068195
/Users/aswanathjs/Downloads/test9/ai_plastic_waste_management_training/LDPE Plastic/plastic_bags/plasticbag (147).jpg,1,LDPE Plastic,1,LDPE Plastic,0.9987707734107971,0.00023933408374432474,0.9987707734107971,0.000558926141820848,9.788147872313857e-05,0.00033302800147794187
/Users/aswanathjs/Downloads/test9/ai_plastic_waste_management_training/HDPE Plastic/milk_bottles/HDPEM29.jpg,0,HDPE Plastic,0,HDPE Plastic,0.9995825886726379,0.9995825886726379,0.00020436878548935056,7.362529686361086e-06,5.281346966512501e-05,0.00015291414456441998
/Users/aswanathjs/Downloads/test9/ai_plastic_waste_management_training/PP Plastic/square_containers/Image_173.png,3,PP Plastic,3,PP Plastic,0.8234907388687134,0.009591422975063324,0.16163747012615204,0.0013778508873656392,0.8234907388687134,0.003902471624314785
/Users/aswanathjs/Downloads/test9/ai_plastic_waste_management_training/PS Plastic/foam_containers/Image_173.png,3,PP Plastic,4,PS Plastic,0.5166254043579102,0.016436195001006126,0.08415376394987106,0.002365262946113944,0.3804193139076233,0.5166254043579102
/Users/aswanathjs/Downloads/test9/ai_plastic_waste_management_training/PS Plastic/foam_containers/styrofoam-117-_jpg.rf.ffe9f7fff56df44f314626ab7661d6d6.jpg,4,PS Plastic,4,PS Plastic,0.9999603033065796,1.8734148170551634e-06,1.719464489724487e-05,3.9121687223087065e-06,1.660161251493264e-05,0.9999603033065796
/Users/aswanathjs/Downloads/test9/ai_plastic_waste_management_training/HDPE Plastic/shampoo_bottles/0065_a02b03c2d1e0f1g0h2.jpg,0,HDPE Plastic,0,HDPE Plastic,0.9991094470024109,0.9991094470024109,9.0761088358704e-05,0.0001022586875478737,0.0005303163197822869,0.00016705050074961036
/Users/aswanathjs/Downloads/test9/ai_plastic_waste_management_training/PET Plastic/black_white_plastic_bottles/beykw_jpg.rf.d4f8d5cb56ef7fcf8175803ed1bcb603.jpg,2,PET Plastic,2,PET Plastic,0.997877836227417,0.0003065704950131476,0.0005995151004754007,0.997877836227417,0.000497209548484534,0.0007188324234448373
/Users/aswanathjs/Downloads/test9/ai_plastic_waste_management_training/HDPE Plastic/milk_bottles/HDPEM466.jpg,0,HDPE Plastic,0,HDPE Plastic,0.9990084767341614,0.9990084767341614,7.977970381034538e-05,0.0004917862825095654,0.0001922952214954421,0.00022775073011871427
/Users/aswanathjs/Downloads/test9/ai_plastic_waste_management_training/LDPE Plastic/plastic_bags_grey/LDPE-50_jpg.rf.d966517407e941fa99dbd47e58adedc7.jpg,1,LDPE Plastic,1,LDPE Plastic,0.9996719360351562,2.8839980586781166e-05,0.9996719360351562,7.010853732936084e-05,1.4335219020722434e-05,0.00021480151917785406
/Users/aswanathjs/Downloads/test9/ai_plastic_waste_management_training/LDPE Plastic/plastic_bags/LDPE-50_jpg.rf.d966517407e941fa99dbd47e58adedc7.jpg,1,LDPE Plastic,1,LDPE Plastic,0.9996731281280518,0.00012576946755871177,0.9996731281280518,1.5222337424347643e-05,4.52698404842522e-05,0.00014054891653358936
/Users/aswanathjs/Downloads/test9/ai_plastic_waste_management_training/PET Plastic/shampoo_bottles/0080_a05b00c2d1e0f1g0h2.jpg,2,PET Plastic,2,PET Plastic,0.9945189356803894,0.005199493374675512,2.688494532776531e-05,0.9945189356803894,8.815629553282633e-05,0.00016654608771204948
/Users/aswanathjs/Downloads/test9/ai_plastic_waste_management_training/PP Plastic/irregular_containers/train_PP-96_jpg.rf.aec6ca49fecc115cc5090ef8493e58a5.jpg,3,PP Plastic,3,PP Plastic,0.9797199368476868,0.001792444847524166,0.010936528444290161,0.0006140809855423868,0.9797199368476868,0.006937028374522924
/Users/aswanathjs/Downloads/test9/ai_plastic_waste_management_training/PET Plastic/plastic_bottles/PET403.jpg,2,PET Plastic,2,PET Plastic,0.9994572997093201,0.0003626424295362085,2.3926902940729633e-05,0.9994572997093201,8.662986510898918e-05,6.951458635739982e-05
/Users/aswanathjs/Downloads/test9/ai_plastic_waste_management_training/LDPE Plastic/plastic_bags/train_LDPE-0_jpg.rf.b47a37b99b1bc5be1b759c3acffb6a48.jpg,1,LDPE Plastic,1,LDPE Plastic,0.9997394680976868,9.934355148288887e-06,0.9997394680976868,5.13693958055228e-05,4.0209364669863135e-05,0.00015907314082141966
/Users/aswanathjs/Downloads/test9/ai_plastic_waste_management_training/LDPE Plastic/black_white__plastic_bags/0048_jpg.rf.dd762cfb071cfab4175d95abfb0da0a8.jpg,1,LDPE Plastic,1,LDPE Plastic,0.9981536269187927,8.050281758187339e-05,0.9981536269187927,0.0016162346582859755,4.4144984713057056e-05,0.0001055144311976619
/Users/aswanathjs/Downloads/test9/ai_plastic_waste_management_training/PET Plastic/black_white_plastic_bottles/drmax_jpg.rf.84350c376fa54b0e21cdf7a2440b6c2c.jpg,2,PET Plastic,2,PET Plastic,0.9942194223403931,0.001101127127185464,0.002683575265109539,0.9942194223403931,0.0008578007691539824,0.001138039631769061
/Users/aswanathjs/Downloads/test9/ai_plastic_waste_management_training/LDPE Plastic/black_white__plastic_bags/0169_jpg.rf.065339a4103cd68696b6a27a26715130.jpg,1,LDPE Plastic,1,LDPE Plastic,0.9983205199241638,0.0003298375813756138,0.9983205199241638,0.0001010290507110767,0.0002584659378044307,0.0009901277953758836
/Users/aswanathjs/Downloads/test9/ai_plastic_waste_management_training/PET Plastic/shampoo_bottles/0050_a05b00c2d2e1f1g0h2.jpg,2,PET Plastic,2,PET Plastic,0.9917660355567932,0.004589090123772621,0.0002039177343249321,0.9917660355567932,0.001951715094037354,0.001489225192926824
/Users/aswanathjs/Downloads/test9/ai_plastic_waste_management_training/PS Plastic/foam_sheets/PS-723_jpg.rf.1d002cf09c96407465d3bc4dd934b736.jpg,4,PS Plastic,4,PS Plastic,0.9989669322967529,0.00016312667867168784,0.0002242342015961185,0.0002376525808358565,0.00040801806608214974,0.9989669322967529
/Users/aswanathjs/Downloads/test9/ai_plastic_waste_management_training/PP Plastic/round_containers/0095_a05b01c2d3e0f0g0h0.jpg,3,PP Plastic,3,PP Plastic,0.9875267148017883,0.006317921448498964,0.0015884691383689642,0.0027476863469928503,0.9875267148017883,0.0018192828865721822
/Users/aswanathjs/Downloads/test9/ai_plastic_waste_management_training/PS Plastic/foam_sheets/IMG_9356_JPG.rf.449d68e1e60fb945166a31c55a885523.jpg,4,PS Plastic,4,PS Plastic,0.9993970394134521,0.0002512104401830584,8.191428059944883e-05,8.052918565226719e-05,0.00018918920250143856,0.9993970394134521
/Users/aswanathjs/Downloads/test9/ai_plastic_waste_management_training/PS Plastic/foam_sheets/IMG_9356_JPG.rf.c2efeb00e1e594b919446d1f81862b49.jpg,4,PS Plastic,4,PS Plastic,0.9999148845672607,1.639390757190995e-05,1.8160961190005764e-05,2.3716942450846545e-05,2.6785875888890587e-05,0.9999148845672607
/Users/aswanathjs/Downloads/test9/ai_plastic_waste_management_training/PS Plastic/foam_sheets/IMG_9356_JPG.rf.d270e574363b08104a6b10f261779a2c.jpg,4,PS Plastic,4,PS Plastic,0.9994971752166748,0.00015765015268698335,8.161951700458303e-05,0.00016164348926395178,0.00010181601101066917,0.9994971752166748
/Users/aswanathjs/Downloads/test9/ai_plastic_waste_management_training/LDPE Plastic/bin_bags/Image_113.png,1,LDPE Plastic,1,LDPE Plastic,0.9933822154998779,0.0030838644597679377,0.9933822154998779,0.0017798506887629628,0.00098124286159873,0.0007728278287686408
/Users/aswanathjs/Downloads/test9/ai_plastic_waste_management_training/PP Plastic/square_containers/Image_113.png,1,LDPE Plastic,1,LDPE Plastic,0.6966522932052612,0.01049373485147953,0.6966522932052612,0.0007767488714307547,0.2775804400444031,0.01449680794030428
/Users/aswanathjs/Downloads/test9/ai_plastic_waste_management_training/PS Plastic/form_containers_grey/Image_113.png,1,LDPE Plastic,1,LDPE Plastic,0.670319139957428,0.07069434970617294,0.670319139957428,0.016762612387537956,0.13470688462257385,0.10751700401306152
/Users/aswanathjs/Downloads/test9/ai_plastic_waste_management_training/PS Plastic/foam_containers/Image_113.png,1,LDPE Plastic,1,LDPE Plastic,0.40085309743881226,0.19949643313884735,0.40085309743881226,0.02266944944858551,0.16917206346988678,0.2078089714050293
/Users/aswanathjs/Downloads/test9/ai_plastic_waste_management_training/PET Plastic/shampoo_bottles/0100_a05b00c1d0e0f0g0h0.jpg,2,PET Plastic,2,PET Plastic,0.9998883008956909,2.1496840417967178e-05,3.191328005414107e-06,0.9998883008956909,7.417998131131753e-05,1.2813747161999345e-05
/Users/aswanathjs/Downloads/test9/ai_plastic_waste_management_training/HDPE Plastic/shampoo_bottles/0061_a02b01c2d0e0f1g0h2.jpg,0,HDPE Plastic,0,HDPE Plastic,0.9963325262069702,0.9963325262069702,0.00033895057276822627,0.0012191588757559657,0.001142479944974184,0.0009667905978858471
/Users/aswanathjs/Downloads/test9/ai_plastic_waste_management_training/PS Plastic/foam_sheets/PS-760_jpg.rf.482c5a6e014a9373db7547fe30aa4f5e.jpg,4,PS Plastic,4,PS Plastic,0.9995182752609253,8.722359052626416e-05,0.00010465852392371744,0.00010024171933764592,0.00018965930212289095,0.9995182752609253
/Users/aswanathjs/Downloads/test9/ai_plastic_waste_management_training/PET Plastic/shampoo_bottles/0100_a05b00c1d1e0f0g0h2.jpg,2,PET Plastic,2,PET Plastic,0.9998669624328613,1.6549993233638816e-06,4.972715032636188e-06,0.9998669624328613,0.00012108141527278349,5.283421160129365e-06
/Users/aswanathjs/Downloads/test9/ai_plastic_waste_management_training/PET Plastic/plastic_bottles/PET442.jpg,2,PET Plastic,2,PET Plastic,0.9989486336708069,0.0003468645445536822,5.2552102715708315e-05,0.9989486336708069,0.0002869938616640866,0.00036500883288681507
/Users/aswanathjs/Downloads/test9/ai_plastic_waste_management_training/HDPE Plastic/detergent_bottles/0039_a02b01c2d3e0f1g0h1.jpg,0,HDPE Plastic,0,HDPE Plastic,0.9996670484542847,0.9996670484542847,9.348092862637714e-05,0.00012007629993604496,8.589056233176962e-05,3.35311378876213e-05
/Users/aswanathjs/Downloads/test9/ai_plastic_waste_management_training/LDPE Plastic/plastic_bags/plasticbag (180).jpg,1,LDPE Plastic,1,LDPE Plastic,0.9972013235092163,0.0006192459841258824,0.9972013235092163,0.00023206791956909,0.0017944735009223223,0.00015288936265278608
/Users/aswanathjs/Downloads/test9/ai_plastic_waste_management_training/LDPE Plastic/plastic_bags/P_W (1392).jpg,1,LDPE Plastic,1,LDPE Plastic,0.9995680451393127,0.00020303242490626872,0.9995680451393127,6.992377166170627e-05,0.00010561568342382088,5.342780423234217e-05
/Users/aswanathjs/Downloads/test9/ai_plastic_waste_management_training/PET Plastic/shampoo_bottles/0015_a05b00c1d0e1f1g0h3.jpg,2,PET Plastic,2,PET Plastic,0.9972956776618958,0.0008840807713568211,1.9213026462239213e-05,0.9972956776618958,0.0014755399897694588,0.0003255254414398223
/Users/aswanathjs/Downloads/test9/ai_plastic_waste_management_training/LDPE Plastic/black_white__plastic_bags/0103_jpg.rf.4d437349b94708d7e37a79fca80dc4c5.jpg,1,LDPE Plastic,1,LDPE Plastic,0.9983521699905396,0.00015190942212939262,0.9983521699905396,0.0008461549878120422,0.00023866341507527977,0.00041118779336102307
/Users/aswanathjs/Downloads/test9/ai_plastic_waste_management_training/LDPE Plastic/plastic_bags/LDPE-323_jpg.rf.375792d9fe526a399377f29d46bcf119.jpg,1,LDPE Plastic,1,LDPE Plastic,0.998084545135498,0.00023072713520377874,0.998084545135498,0.000257684790994972,0.000629221904091537,0.0007979129441082478
/Users/aswanathjs/Downloads/test9/ai_plastic_waste_management_training/HDPE Plastic/detergent_bottles/IMG_20220209_182129.jpg,0,HDPE Plastic,0,HDPE Plastic,0.878408670425415,0.878408670425415,0.0006088122026994824,0.01721879467368126,0.1019100546836853,0.0018535284325480461
/Users/aswanathjs/Downloads/test9/ai_plastic_waste_management_training/PET Plastic/plastic_bottles/PET989.jpg,2,PET Plastic,2,PET Plastic,0.9998841285705566,7.098966307239607e-05,1.5077299394761212e-05,0.9998841285705566,2.927760988313821e-06,2.6832783987629227e-05
/Users/aswanathjs/Downloads/test9/ai_plastic_waste_management_training/HDPE Plastic/milk_bottles/HDPEM81.jpg,0,HDPE Plastic,0,HDPE Plastic,0.998172402381897,0.998172402381897,0.00016048215911723673,0.0006681954255327582,0.0005820232327096164,0.00041695075924508274
/Users/aswanathjs/Downloads/test9/ai_plastic_waste_management_training/PS Plastic/foam_containers/Image_211.png,4,PS Plastic,4,PS Plastic,0.970708429813385,0.002883132779970765,0.0038181098643690348,0.0004248540790285915,0.022165609523653984,0.970708429813385
/Users/aswanathjs/Downloads/test9/ai_plastic_waste_management_training/PP Plastic/square_containers/IMG_20220209_175258.jpg,3,PP Plastic,3,PP Plastic,0.9882991313934326,0.0028090293053537607,0.00094692746642977,8.835960034048185e-05,0.9882991313934326,0.007856636308133602
/Users/aswanathjs/Downloads/test9/ai_plastic_waste_management_training/LDPE Plastic/plastic_bags/LDPE-604_jpg.rf.756b913bf5fcb4b486de84bf12c21774.jpg,1,LDPE Plastic,1,LDPE Plastic,0.9989873766899109,0.00013181135000195354,0.9989873766899109,0.00018038517737295479,0.0004573517944663763,0.00024314138863701373
/Users/aswanathjs/Downloads/test9/ai_plastic_waste_management_training/LDPE Plastic/plastic_bags/train_LDPE-54_jpg.rf.50fc13ad289d3716682a5c115cd3531d.jpg,1,LDPE Plastic,1,LDPE Plastic,0.9998119473457336,1.661208807490766e-05,0.9998119473457336,7.161524081311654e-06,1.7282687622355297e-05,0.0001469905546400696
/Users/aswanathjs/Downloads/test9/ai_plastic_waste_management_training/HDPE Plastic/detergent_bottles/0010_a02b01c2d2e0f1g0h3.jpg,0,HDPE Plastic,0,HDPE Plastic,0.9973698854446411,0.9973698854446411,0.00032621194259263575,0.0012552225962281227,0.0005595646216534078,0.0004891592543572187
/Users/aswanathjs/Downloads/test9/ai_plastic_waste_management_training/HDPE Plastic/detergent_bottles/IMG_20220209_182730.jpg,0,HDPE Plastic,0,HDPE Plastic,0.9351218938827515,0.9351218938827515,0.0033372887410223484,0.018633514642715454,0.042052820324897766,0.000854498241096735
/Users/aswanathjs/Downloads/test9/ai_plastic_waste_management_training/HDPE Plastic/milk_bottles/HDPEM201.jpg,0,HDPE Plastic,0,HDPE Plastic,0.9998806715011597,0.9998806715011597,2.1730147636844777e-05,1.612186861166265e-05,6.084654887672514e-05,2.0599762137862854e-05
/Users/aswanathjs/Downloads/test9/ai_plastic_waste_management_training/PET Plastic/black_white_plastic_bottles/bxwoj_jpg.rf.e4ac90cdf1ded1946460d46f3c654441.jpg,2,PET Plastic,2,PET Plastic,0.9970171451568604,0.0016663367860019207,0.00045344760292209685,0.9970171451568604,0.0007097176858223975,0.00015328769222833216
"/Users/aswanathjs/Downloads/test9/ai_plastic_waste_management_training/PET Plastic/plastic_bottles/PET1,627.jpg",2,PET Plastic,2,PET Plastic,0.9997078776359558,0.00013235124060884118,2.5058538085431792e-05,0.9997078776359558,5.626579877571203e-05,7.847648521419615e-05
/Users/aswanathjs/Downloads/test9/ai_plastic_waste_management_training/LDPE Plastic/plastic_bags/LDPE-38_jpg.rf.015f221730b5b26920216df131560310.jpg,1,LDPE Plastic,1,LDPE Plastic,0.9981414079666138,0.0006977221928536892,0.9981414079666138,0.00020414887694641948,0.0002219981251982972,0.0007346644415520132
/Users/aswanathjs/Downloads/test9/ai_plastic_waste_management_training/PS Plastic/foam_sheets/IMG_9341_JPG.rf.b4d717a5176faa98baf3981781ea5b0e.jpg,4,PS Plastic,4,PS Plastic,0.998683512210846,0.001082805567421019,8.238151349360123e-05,0.00011704856297001243,3.430480137467384e-05,0.998683512210846
/Users/aswanathjs/Downloads/test9/ai_plastic_waste_management_training/PS Plastic/foam_sheets/IMG_9341_JPG.rf.579526ba104a927e9157888d71533d4a.jpg,4,PS Plastic,4,PS Plastic,0.9893073439598083,0.006989088375121355,0.0010363045148551464,0.002485966542735696,0.00018134953279513866,0.9893073439598083
/Users/aswanathjs/Downloads/test9/ai_plastic_waste_management_training/PS Plastic/foam_sheets/IMG_9341_JPG.rf.5a3b45c1a7038ff839c23cd70be7f93b.jpg,4,PS Plastic,4,PS Plastic,0.9991231560707092,0.0006922702887095511,4.4451942812884226e-05,0.00013703410513699055,3.1292329367715865e-06,0.9991231560707092
/Users/aswanathjs/Downloads/test9/ai_plastic_waste_management_training/PET Plastic/black_white_plastic_bottles/cytxp_jpg.rf.cc5f967d7defe5addfcc405d6e8cb045.jpg,2,PET Plastic,2,PET Plastic,0.9972841739654541,0.00010989767906721681,0.0014530593762174249,0.9972841739654541,0.000605355657171458,0.0005475445068441331
/Users/aswanathjs/Downloads/test9/ai_plastic_waste_management_training/HDPE Plastic/shampoo_bottles/0077_a02b01c2d1e0f1g0h2.jpg,0,HDPE Plastic,0,HDPE Plastic,0.9987229704856873,0.9987229704856873,0.0001159792227554135,0.0006489870138466358,0.00012628470722120255,0.00038578349631279707
/Users/aswanathjs/Downloads/test9/ai_plastic_waste_management_training/HDPE Plastic/shampoo_bottles/0061_a02b01c1d1e0f1g0h4.jpg,0,HDPE Plastic,0,HDPE Plastic,0.9996320009231567,0.9996320009231567,4.70831073471345e-05,0.000163993303431198,7.723429007455707e-05,7.969805301399902e-05
/Users/aswanathjs/Downloads/test9/ai_plastic_waste_management_training/LDPE Plastic/black_white__plastic_bags/0244_jpg.rf.ccfd6e3c23c652f24d479f7e3a9dd1c3.jpg,1,LDPE Plastic,1,LDPE Plastic,0.9988400340080261,1.2795736438420136e-05,0.9988400340080261,0.0008767095278017223,0.00011463512055343017,0.00015576717851217836
/Users/aswanathjs/Downloads/test9/ai_plastic_waste_management_training/LDPE Plastic/bin_bags/Image_37.png,1,LDPE Plastic,1,LDPE Plastic,0.9829793572425842,0.008601305074989796,0.9829793572425842,0.002053976757451892,0.0027074897661805153,0.0036579465959221125
/Users/aswanathjs/Downloads/test9/ai_plastic_waste_management_training/PP Plastic/square_containers/Image_37.png,1,LDPE Plastic,1,LDPE Plastic,0.776101291179657,0.005682508926838636,0.776101291179657,0.00020919607777614146,0.21522334218025208,0.0027836542576551437
/Users/aswanathjs/Downloads/test9/ai_plastic_waste_management_training/PS Plastic/foam_containers/Image_37.png,1,LDPE Plastic,1,LDPE Plastic,0.5408653616905212,0.009404007345438004,0.5408653616905212,0.0022353429812937975,0.14844276010990143,0.29905250668525696
/Users/aswanathjs/Downloads/test9/ai_plastic_waste_management_training/PS Plastic/foam_sheets/PS-548_jpg.rf.e7e36c9ebc2200666cac0fda232f739d.jpg,4,PS Plastic,4,PS Plastic,0.9986666440963745,0.00040023226756602526,0.0004222738207317889,0.00022835210256744176,0.00028249964816495776,0.9986666440963745
/Users/aswanathjs/Downloads/test9/ai_plastic_waste_management_training/HDPE Plastic/milk_bottles/HDPEM26.jpg,0,HDPE Plastic,0,HDPE Plastic,0.9955743551254272,0.9955743551254272,0.0035148237366229296,6.101780672906898e-05,0.0005357733462005854,0.0003140123444609344
/Users/aswanathjs/Downloads/test9/ai_plastic_waste_management_training/PET Plastic/black_white_plastic_bottles/aitlp_jpg.rf.217114f2f76b7474fca86cb653a94833.jpg,2,PET Plastic,2,PET Plastic,0.9986070990562439,0.00014939742686692625,0.00021666848624590784,0.9986070990562439,0.0007272353977896273,0.00029962448752485216
/Users/aswanathjs/Downloads/test9/ai_plastic_waste_management_training/PET Plastic/black_white_plastic_bottles/bnrfw_jpg.rf.2bc828426e9c1c5cad267d2579c86555.jpg,2,PET Plastic,2,PET Plastic,0.9998347759246826,2.0187333120702533e-06,0.00010506404214538634,0.9998347759246826,2.77809303952381e-05,3.0272700314526446e-05
/Users/aswanathjs/Downloads/test9/ai_plastic_waste_management_training/HDPE Plastic/shampoo_bottles/0076_a02b06c2d0e0f1g0h0.jpg,0,HDPE Plastic,0,HDPE Plastic,0.9993341565132141,0.9993341565132141,0.00010817945440066978,0.00046287968871183693,4.614124554791488e-05,4.8638710723025724e-05
/Users/aswanathjs/Downloads/test9/ai_plastic_waste_management_training/PP Plastic/round_containers/0032_a05b01c2d0e0f0g0h2.jpg,3,PP Plastic,3,PP Plastic,0.9991999268531799,9.085253986995667e-05,2.316665450052824e-05,0.0002943046565633267,0.9991999268531799,0.00039180921157822013
/Users/aswanathjs/Downloads/test9/ai_plastic_waste_management_training/PET Plastic/plastic_bottles/PET548.jpg,2,PET Plastic,2,PET Plastic,0.9996355772018433,0.00017988597392104566,2.7031614081352018e-05,0.9996355772018433,7.06379723851569e-05,8.682324551045895e-05
/Users/aswanathjs/Downloads/test9/ai_plastic_waste_management_training/PS Plastic/foam_sheets/PS-775_jpg.rf.cd132bb8ffafc291a243c7960246852d.jpg,4,PS Plastic,4,PS Plastic,0.9997043013572693,7.181211549323052e-05,6.881738227093592e-05,6.697412027278915e-05,8.795709436526522e-05,0.9997043013572693
/Users/aswanathjs/Downloads/test9/ai_plastic_waste_management_training/HDPE Plastic/shampoo_bottles/0099_a02b01c1d1e0f1g0h4.jpg,0,HDPE Plastic,0,HDPE Plastic,0.999656081199646,0.999656081199646,6.376241071848199e-05,0.00010583391122054309,0.00012010568025289103,5.4220454330788925e-05
"/Users/aswanathjs/Downloads/test9/ai_plastic_waste_management_training/HDPE Plastic/milk_bottles/HDPEM1,022.JPG",0,HDPE Plastic,0,HDPE Plastic,0.9995506405830383,0.9995506405830383,4.860570334130898e-05,9.032726666191593e-05,8.475497452309355e-05,0.000225704163312912
/Users/aswanathjs/Downloads/test9/ai_plastic_waste_management_training/PET Plastic/plastic_bottles/PET955.jpg,2,PET Plastic,2,PET Plastic,0.9995301961898804,6.564598879776895e-05,1.273474936169805e-05,0.9995301961898804,9.227564441971481e-05,0.00029915565392002463
/Users/aswanathjs/Downloads/test9/ai_plastic_waste_management_training/PS Plastic/foam_containers/Image_185.png,4,PS Plastic,4,PS Plastic,0.35823747515678406,0.11256960779428482,0.16753609478473663,0.010231413878500462,0.3514253497123718,0.35823747515678406
/Users/aswanathjs/Downloads/test9/ai_plastic_waste_management_training/LDPE Plastic/black_white__plastic_bags/0051_jpg.rf.350925dc95a475cf5e1462022dd27616.jpg,1,LDPE Plastic,1,LDPE Plastic,0.9927821159362793,0.0010310076177120209,0.9927821159362793,0.0029776315204799175,0.0009221135987900198,0.0022871296387165785
/Users/aswanathjs/Downloads/test9/ai_plastic_waste_management_training/PS Plastic/foam_sheets/PS-792_jpg.rf.c4cb08f064535f65bb2c131706f50a21.jpg,4,PS Plastic,4,PS Plastic,0.999735414981842,5.9364847402321175e-05,6.387269968399778e-05,6.352958007482812e-05,7.7790129580535e-05,0.999735414981842
/Users/aswanathjs/Downloads/test9/ai_plastic_waste_management_training/PP Plastic/round_containers/0022_a05b00c2d1e0f0g0h1.jpg,3,PP Plastic,3,PP Plastic,0.9922451376914978,0.0008222509059123695,0.004091428127139807,0.0015301794046536088,0.9922451376914978,0.001310989959165454
/Users/aswanathjs/Downloads/test9/ai_plastic_waste_management_training/LDPE Plastic/plastic_bags/plasticbag (126).jpg,1,LDPE Plastic,1,LDPE Plastic,0.9610922336578369,0.0016245797742158175,0.9610922336578369,0.001437723753042519,0.02991979941725731,0.0059257373213768005
/Users/aswanathjs/Downloads/test9/ai_plastic_waste_management_training/PET Plastic/black_white_plastic_bottles/csgqu_jpg.rf.859aadd97b4352462e24f0d5b849eb0c.jpg,2,PET Plastic,2,PET Plastic,0.9995096921920776,0.00021327381546143442,3.556228693923913e-05,0.9995096921920776,9.950052481144667e-05,0.00014189253852237016
/Users/aswanathjs/Downloads/test9/ai_plastic_waste_management_training/LDPE Plastic/plastic_bags/LDPE-277_jpg.rf.0cad8f494c977241b4ef80afb0359042.jpg,1,LDPE Plastic,1,LDPE Plastic,0.9954451322555542,0.000838407373521477,0.9954451322555542,0.0008567701443098485,0.0017516881925985217,0.0011081083212047815
/Users/aswanathjs/Downloads/test9/ai_plastic_waste_management_training/PP Plastic/round_containers/IMG_20220210_105629.jpg,3,PP Plastic,3,PP Plastic,0.9982397556304932,0.001272724475711584,3.3736516343196854e-05,0.00010700981511035934,0.9982397556304932,0.00034670933382585645
/Users/aswanathjs/Downloads/test9/ai_plastic_waste_management_training/HDPE Plastic/milk_bottles/HDPEM106.jpg,0,HDPE Plastic,0,HDPE Plastic,0.9999574422836304,0.9999574422836304,6.929946266609477e-06,1.7648289940552786e-05,4.368662303022575e-06,1.3568811482400633e-05
/Users/aswanathjs/Downloads/test9/ai_plastic_waste_management_training/PET Plastic/plastic_bottles/PET997.jpg,2,PET Plastic,2,PET Plastic,0.9998809099197388,3.360240953043103e-05,7.07460058038123e-05,0.9998809099197388,3.124303930235328e-06,1.1631701454462018e-05
/Users/aswanathjs/Downloads/test9/ai_plastic_waste_management_training/PP Plastic/round_containers/0043_a06b01c2d2e0f0g0h2.jpg,3,PP Plastic,3,PP Plastic,0.9920980930328369,0.003504687687382102,0.001987341558560729,0.0014395738253369927,0.9920980930328369,0.0009703002288006246
/Users/aswanathjs/Downloads/test9/ai_plastic_waste_management_training/PS Plastic/foam_containers/Image_9.png,4,PS Plastic,4,PS Plastic,0.9699604511260986,0.008741844445466995,0.011994082480669022,0.0008262245682999492,0.00847738329321146,0.9699604511260986
/Users/aswanathjs/Downloads/test9/ai_plastic_waste_management_training/PET Plastic/black_white_plastic_bottles/dcita_jpg.rf.270d280c79b9dba3ba7ae5443d447379.jpg,2,PET Plastic,2,PET Plastic,0.9994787573814392,3.9130736695369706e-05,0.00016801127640064806,0.9994787573814392,1.902785152196884e-05,0.00029513146728277206
/Users/aswanathjs/Downloads/test9/ai_plastic_waste_management_training/LDPE Plastic/bin_bags/Image_165.png,1,LDPE Plastic,1,LDPE Plastic,0.993441104888916,0.0030050729401409626,0.993441104888916,0.0018069891957566142,0.0009790936019271612,0.0007677766843698919
/Users/aswanathjs/Downloads/test9/ai_plastic_waste_management_training/PP Plastic/square_containers/Image_165.png,1,LDPE Plastic,1,LDPE Plastic,0.8745911717414856,0.0023901837412267923,0.8745911717414856,0.00014421877858694643,0.12245762348175049,0.0004167362058069557
/Users/aswanathjs/Downloads/test9/ai_plastic_waste_management_training/PS Plastic/form_containers_grey/Image_165.png,1,LDPE Plastic,1,LDPE Plastic,0.5348984003067017,0.005391519051045179,0.5348984003067017,0.0027853618375957012,0.04787177965044975,0.40905287861824036
/Users/aswanathjs/Downloads/test9/ai_plastic_waste_management_training/PS Plastic/foam_containers/Image_165.png,1,LDPE Plastic,4,PS Plastic,0.5120636224746704,0.00855112262070179,0.4130941927433014,0.003149013500660658,0.0631420761346817,0.5120636224746704
/Users/aswanathjs/Downloads/test9/ai_plastic_waste_management_training/PET Plastic/shampoo_bottles/0050_a05b00c2d2e1f1g0h1.jpg,2,PET Plastic,2,PET Plastic,0.9991495609283447,0.0004992067697457969,1.398159201926319e-05,0.9991495609283447,0.0002635276468936354,7.368720252998173e-05
/Users/aswanathjs/Downloads/test9/ai_plastic_waste_management_training/LDPE Plastic/plastic_bags/LDPE-422_jpg.rf.3227a7e63f624c6cf1a4b13fcb82a1af.jpg,1,LDPE Plastic,1,LDPE Plastic,0.9997326731681824,3.207879854016937e-05,0.9997326731681824,7.578289660159498e-05,0.00010735100659076124,5.201999010751024e-05
/Users/aswanathjs/Downloads/test9/ai_plastic_waste_management_training/LDPE Plastic/plastic_bags/plasticbag (209).jpg,1,LDPE Plastic,1,LDPE Plastic,0.9999843835830688,1.3144002650733455e-06,0.9999843835830688,9.92982222669525e-07,1.0816938811331056e-05,2.4561149984947406e-06
/Users/aswanathjs/Downloads/test9/ai_plastic_waste_management_training/HDPE Plastic/milk_bottles/HDPEM250.jpg,0,HDPE Plastic,0,HDPE Plastic,0.9994088411331177,0.9994088411331177,0.0001414579019183293,0.00014890577585902065,0.00018201337661594152,0.00011881157843163237
/Users/aswanathjs/Downloads/test9/ai_plastic_waste_management_training/PS Plastic/foam_sheets/PS-570_jpg.rf.c1e576f77c7a9411bcec44f0938d9ee4.jpg,4,PS Plastic,4,PS Plastic,0.999768078327179,3.0214006983442232e-05,8.499254181515425e-05,4.133737093070522e-05,7.536193152191117e-05,0.999768078327179
/Users/aswanathjs/Downloads/test9/ai_plastic_waste_management_training/HDPE Plastic/milk_bottles/HDPEM417.jpg,0,HDPE Plastic,0,HDPE Plastic,0.9962068796157837,0.9962068796157837,0.000442204880528152,0.0008736993186175823,0.00036536951665766537,0.002111914101988077
"/Users/aswanathjs/Downloads/test9/ai_plastic_waste_management_training/PET Plastic/plastic_bottles/PET1,149.jpg",2,PET Plastic,2,PET Plastic,0.9995231628417969,0.0002478263631928712,9.76612136582844e-05,0.9995231628417969,5.235075514065102e-05,7.902565266704187e-05
/Users/aswanathjs/Downloads/test9/ai_plastic_waste_management_training/LDPE Plastic/plastic_bags/train_LDPE-30_jpg.rf.b8df470679b54d451ca16ae7cb85ade5.jpg,1,LDPE Plastic,1,LDPE Plastic,0.9967584013938904,0.0007351425592787564,0.9967584013938904,0.00046126768575049937,0.0004910920397378504,0.0015541514148935676
/Users/aswanathjs/Downloads/test9/ai_plastic_waste_management_training/PET Plastic/plastic_bottles/PET507.jpg,2,PET Plastic,2,PET Plastic,0.9982075691223145,0.0012031318619847298,0.00013185337593313307,0.9982075691223145,0.00019964574312325567,0.00025776278926059604
/Users/aswanathjs/Downloads/test9/ai_plastic_waste_management_training/LDPE Plastic/plastic_bags/train_LDPE-28_jpg.rf.be68b80e9ac812d5237101c87b4a9106.jpg,1,LDPE Plastic,1,LDPE Plastic,0.9919204711914062,0.0010417564772069454,0.9919204711914062,0.0019133070018142462,0.0011580350110307336,0.00396643066778779
/Users/aswanathjs/Downloads/test9/ai_plastic_waste_management_training/LDPE Plastic/black_white__plastic_bags/0251_jpg.rf.43d1bf3b60d305d5e85940d769b4f15b.jpg,1,LDPE Plastic,1,LDPE Plastic,0.9989326596260071,8.605531184002757e-05,0.9989326596260071,0.0007088421261869371,4.296707265893929e-05,0.0002294368459843099
/Users/aswanathjs/Downloads/test9/ai_plastic_waste_management_training/PP Plastic/round_containers/IMG_20220209_174516.jpg,3,PP Plastic,3,PP Plastic,0.9919773936271667,0.005608373787254095,0.001851242734119296,0.00022382753377314657,0.9919773936271667,0.0003392075013834983
/Users/aswanathjs/Downloads/test9/ai_plastic_waste_management_training/PET Plastic/plastic_bottles/PET730.jpg,2,PET Plastic,2,PET Plastic,0.999297022819519,0.0004484108358155936,4.4884982344228774e-05,0.999297022819519,6.13845550105907e-05,0.00014828206622041762
/Users/aswanathjs/Downloads/test9/ai_plastic_waste_management_training/PET Plastic/black_white_plastic_bottles/crpwg_jpg.rf.5155b165c8daf4ce65b9f23d37fa7fe7.jpg,2,PET Plastic,2,PET Plastic,0.9996256828308105,5.60643347853329e-05,9.87496241577901e-05,0.9996256828308105,3.889144863933325e-05,0.00018056500994134694
"/Users/aswanathjs/Downloads/test9/ai_plastic_waste_management_training/PET Plastic/plastic_bottles/PET1,649.jpg",2,PET Plastic,2,PET Plastic,0.9991014003753662,0.00022193654149305075,0.00015391696069855243,0.9991014003753662,0.00040505759534426033,0.00011778836051234975
/Users/aswanathjs/Downloads/test9/ai_plastic_waste_management_training/LDPE Plastic/plastic_bags/train_LDPE-21_jpg.rf.d49a12a02092f718be5ff49097e31cf7.jpg,1,LDPE Plastic,1,LDPE Plastic,0.9996625185012817,2.3055159545037895e-05,0.9996625185012817,3.875954280374572e-05,1.0576188287814148e-05,0.00026506188441999257
"/Users/aswanathjs/Downloads/test9/ai_plastic_waste_management_training/PET Plastic/plastic_bottles/PET1,465.jpg",2,PET Plastic,2,PET Plastic,0.9996674060821533,0.0002739084302447736,1.0567881872702856e-05,0.9996674060821533,2.1088600988150574e-05,2.698986827454064e-05
/Users/aswanathjs/Downloads/test9/ai_plastic_waste_management_training/PET Plastic/plastic_bottles/PET845.jpg,2,PET Plastic,2,PET Plastic,0.9999704360961914,2.3247721401276067e-06,1.0813025255629327e-05,0.9999704360961914,4.4852577048004605e-06,1.1981443094555289e-05
/Users/aswanathjs/Downloads/test9/ai_plastic_waste_management_training/PET Plastic/shampoo_bottles/0080_a05b00c1d3e0f1g0h0.jpg,2,PET Plastic,2,PET Plastic,0.9997866749763489,4.008707037428394e-06,6.388483598129824e-06,0.9997866749763489,0.0001633427746128291,3.9605703932465985e-05
/Users/aswanathjs/Downloads/test9/ai_plastic_waste_management_training/HDPE Plastic/shampoo_bottles/0023_a02b01c1d3e0f1g0h1.jpg,0,HDPE Plastic,0,HDPE Plastic,0.961155116558075,0.961155116558075,0.00013954892347101122,0.00018847091996576637,0.037974514067173004,0.0005424358532764018
/Users/aswanathjs/Downloads/test9/ai_plastic_waste_management_training/PS Plastic/foam_sheets/PS-719_jpg.rf.bf0406b2e6441bf226bab17ef1385c5c.jpg,4,PS Plastic,4,PS Plastic,0.9990887641906738,0.0003073385450989008,0.0001116046478273347,0.00022509934206027538,0.0002672573027666658,0.9990887641906738
/Users/aswanathjs/Downloads/test9/ai_plastic_waste_management_training/PET Plastic/plastic_bottles/PET412.jpg,2,PET Plastic,2,PET Plastic,0.9994829893112183,0.00031116593163460493,5.8021429140353575e-05,0.9994829893112183,2.6348097890149802e-05,0.00012148778478149325
/Users/aswanathjs/Downloads/test9/ai_plastic_waste_management_training/PS Plastic/foam_sheets/PS-846_jpg.rf.578d88453f23f4c831e951b08d6ce3dd.jpg,4,PS Plastic,4,PS Plastic,0.999953031539917,3.831894900940824e-06,8.257380613940768e-06,2.0947740267729387e-05,1.3859230421076063e-05,0.999953031539917
/Users/aswanathjs/Downloads/test9/ai_plastic_waste_management_training/PET Plastic/black_white_plastic_bottles/cljxk_jpg.rf.2843d464c6d7fa8072b5c22279c4e799.jpg,2,PET Plastic,2,PET Plastic,0.9990422129631042,0.00031085850787349045,7.601506513310596e-05,0.9990422129631042,0.0004573914920911193,0.00011344523954903707
/Users/aswanathjs/Downloads/test9/ai_plastic_waste_management_training/PET Plastic/plastic_bottles/PET497.jpg,2,PET Plastic,2,PET Plastic,0.9998984336853027,4.841720874537714e-05,6.342064807540737e-06,0.9998984336853027,1.4606021977670025e-05,3.2143841963261366e-05
/Users/aswanathjs/Downloads/test9/ai_plastic_waste_management_training/HDPE Plastic/shampoo_bottles/0023_a02b01c1d1e0f1g0h0.jpg,0,HDPE Plastic,0,HDPE Plastic,0.9912582039833069,0.9912582039833069,0.00022375548724085093,0.0024193956051021814,0.005714306607842445,0.0003843838057946414
/Users/aswanathjs/Downloads/test9/ai_plastic_waste_management_training/HDPE Plastic/detergent_bottles/0039_a02b01c1d0e0f1g0h1.jpg,0,HDPE Plastic,0,HDPE Plastic,0.9981449842453003,0.9981449842453003,0.000176079454831779,0.0003235941694583744,0.0010128910653293133,0.0003424511232879013
/Users/aswanathjs/Downloads/test9/ai_plastic_waste_management_training/PS Plastic/foam_containers/0058_a06b01c2d3e0f0g0h1.jpg,4,PS Plastic,4,PS Plastic,0.999670147895813,3.0843006243230775e-05,2.415845528958016e-06,2.998559239131282e-06,0.0002935893426183611,0.999670147895813
"/Users/aswanathjs/Downloads/test9/ai_plastic_waste_management_training/PET Plastic/plastic_bottles/PET1,255.jpg",2,PET Plastic,2,PET Plastic,0.9985176920890808,0.0013870402472093701,2.0118322936468758e-05,0.9985176920890808,5.39697939530015e-05,2.1208026737440377e-05
/Users/aswanathjs/Downloads/test9/ai_plastic_waste_management_training/LDPE Plastic/plastic_bags/train_LDPE-31_jpg.rf.84a2977ca89b69b3f46edb0cbe4a8a6c.jpg,1,LDPE Plastic,1,LDPE Plastic,0.9993507266044617,0.00041187118040397763,0.9993507266044617,2.5619981897762045e-05,6.843949086032808e-05,0.00014336674939841032
/Users/aswanathjs/Downloads/test9/ai_plastic_waste_management_training/HDPE Plastic/milk_bottles/HDPEM104.jpg,0,HDPE Plastic,0,HDPE Plastic,0.9988141059875488,0.9988141059875488,0.00017126789316534996,0.0005111447535455227,0.000265521026449278,0.00023798836627975106
/Users/aswanathjs/Downloads/test9/ai_plastic_waste_management_training/PET Plastic/shampoo_bottles/0050_a05b00c1d3e1f1g0h4.jpg,2,PET Plastic,2,PET Plastic,0.9994431138038635,0.0004994413466192782,1.6932472135522403e-06,0.9994431138038635,4.8585785407340154e-05,7.189738880697405e-06
/Users/aswanathjs/Downloads/test9/ai_plastic_waste_management_training/PET Plastic/plastic_bottles/PET723.jpg,2,PET Plastic,2,PET Plastic,0.9998549222946167,2.7239548217039555e-05,4.270760473445989e-05,0.9998549222946167,2.080969716189429e-05,5.432446414488368e-05
/Users/aswanathjs/Downloads/test9/ai_plastic_waste_management_training/LDPE Plastic/bin_bags/Image_184.png,1,LDPE Plastic,1,LDPE Plastic,0.9557992815971375,0.034212011843919754,0.9557992815971375,0.0014652007957920432,0.005848684348165989,0.002674781484529376
/Users/aswanathjs/Downloads/test9/ai_plastic_waste_management_training/LDPE Plastic/bin_bags_grey/Image_184.png,1,LDPE Plastic,1,LDPE Plastic,0.9867913722991943,0.010273116640746593,0.9867913722991943,0.0005296568851917982,0.0016424278728663921,0.0007634783978573978
/Users/aswanathjs/Downloads/test9/ai_plastic_waste_management_training/PS Plastic/foam_containers/Image_184.png,1,LDPE Plastic,4,PS Plastic,0.41959530115127563,0.049467816948890686,0.22046847641468048,0.004624469671398401,0.3058440089225769,0.41959530115127563
/Users/aswanathjs/Downloads/test9/ai_plastic_waste_management_training/PET Plastic/plastic_bottles/PET392.jpg,2,PET Plastic,2,PET Plastic,0.9996647834777832,0.00020846106053795666,8.633065590402111e-06,0.9996647834777832,6.457379640778527e-05,5.3649317123927176e-05
/Users/aswanathjs/Downloads/test9/ai_plastic_waste_management_training/PP Plastic/square_containers/Image_175.png,3,PP Plastic,3,PP Plastic,0.9980902075767517,0.0004866346134804189,0.0008788299164734781,0.0002769705024547875,0.9980902075767517,0.00026740270550362766
/Users/aswanathjs/Downloads/test9/ai_plastic_waste_management_training/PS Plastic/foam_containers/Image_175.png,3,PP Plastic,3,PP Plastic,0.970681369304657,0.007824544794857502,0.012415698729455471,0.0022101979702711105,0.970681369304657,0.006868213415145874
/Users/aswanathjs/Downloads/test9/ai_plastic_waste_management_training/LDPE Plastic/plastic_bags/plasticbag (10).jpg,1,LDPE Plastic,1,LDPE Plastic,0.9998468160629272,7.079595525283366e-05,0.9998468160629272,3.886954345944105e-06,3.249635119573213e-05,4.596248982124962e-05
/Users/aswanathjs/Downloads/test9/ai_plastic_waste_management_training/LDPE Plastic/black_white__plastic_bags/0092_jpg.rf.2cf02337b6a42e1d81d749ed38dafce8.jpg,1,LDPE Plastic,1,LDPE Plastic,0.9998021721839905,6.5713218646124e-05,0.9998021721839905,4.683890801970847e-05,4.682537473854609e-05,3.845631727017462e-05
/Users/aswanathjs/Downloads/test9/ai_plastic_waste_management_training/LDPE Plastic/plastic_bags/plasticbag (197).jpg,1,LDPE Plastic,1,LDPE Plastic,0.9931620359420776,0.0013717081164941192,0.9931620359420776,0.0011499950196594,0.0023731840774416924,0.0019430714892223477
/Users/aswanathjs/Downloads/test9/ai_plastic_waste_management_training/PP Plastic/rectangle_containers/test_PP-9-_jpg.rf.9d2fff290e08d6db8a91e9399d8df6c4.jpg,3,PP Plastic,3,PP Plastic,0.9930792450904846,0.0005622914177365601,0.0037118017207831144,0.0002000269159907475,0.9930792450904846,0.002446630271151662
/Users/aswanathjs/Downloads/test9/ai_plastic_waste_management_training/PP Plastic/rectangle_containers_grey/test_PP-9-_jpg.rf.9d2fff290e08d6db8a91e9399d8df6c4.jpg,3,PP Plastic,3,PP Plastic,0.9963440299034119,0.00022987865668255836,0.0013758542481809855,0.00011039769742637873,0.9963440299034119,0.0019397743744775653
/Users/aswanathjs/Downloads/test9/ai_plastic_waste_management_training/PET Plastic/shampoo_bottles/0015_a05b00c2d1e1f1g0h2.jpg,2,PET Plastic,2,PET Plastic,0.9983174800872803,0.00030010801856406033,3.6148965591564775e-05,0.9983174800872803,0.0012247199192643166,0.00012148274981882423
/Users/aswanathjs/Downloads/test9/ai_plastic_waste_management_training/PP Plastic/square_containers/Image_192.png,3,PP Plastic,3,PP Plastic,0.981620192527771,0.0005781721556559205,0.016882797703146935,0.00011184172035427764,0.981620192527771,0.0008070436306297779
/Users/aswanathjs/Downloads/test9/ai_plastic_waste_management_training/PS Plastic/foam_containers/Image_192.png,3,PP Plastic,3,PP Plastic,0.6807748675346375,0.04230603948235512,0.0653209462761879,0.007585709448903799,0.6807748675346375,0.20401249825954437
/Users/aswanathjs/Downloads/test9/ai_plastic_waste_management_training/PET Plastic/shampoo_bottles/0100_a05b00c2d1e0f0g0h1.jpg,2,PET Plastic,2,PET Plastic,0.9997941851615906,2.7718484489014372e-05,3.948996891267598e-06,0.9997941851615906,0.00016728219634387642,6.818258952989709e-06
/Users/aswanathjs/Downloads/test9/ai_plastic_waste_management_training/PET Plastic/plastic_bottles/PET370.jpg,2,PET Plastic,2,PET Plastic,0.9992967844009399,0.0004936384502798319,3.064283009734936e-05,0.9992967844009399,5.577805495704524e-05,0.00012320945097599179
/Users/aswanathjs/Downloads/test9/ai_plastic_waste_management_training/PET Plastic/black_white_plastic_bottles/cdupi_jpg.rf.09ca0d8134037c17c3a12ef8ce06151a.jpg,2,PET Plastic,2,PET Plastic,0.9973471164703369,8.424750558333471e-05,0.0018108987715095282,0.9973471164703369,0.0005215164856053889,0.00023612861696165055
/Users/aswanathjs/Downloads/test9/ai_plastic_waste_management_training/LDPE Plastic/black_white__plastic_bags/0025_jpg.rf.6de9afef7eeac63c4e5900ddf504e4ef.jpg,1,LDPE Plastic,1,LDPE Plastic,0.990500807762146,0.0020917728543281555,0.990500807762146,0.0005567622138187289,0.0007580856326967478,0.006092545576393604
/Users/aswanathjs/Downloads/test9/ai_plastic_waste_management_training/LDPE Plastic/black_white__plastic_bags/0285_jpg.rf.9490d4f310bf55e0d3994b8594c36b66.jpg,1,LDPE Plastic,1,LDPE Plastic,0.9998160004615784,8.024219278013334e-05,0.9998160004615784,1.7825810573413037e-05,2.586580376373604e-05,6.007691263221204e-05
/Users/aswanathjs/Downloads/test9/ai_plastic_waste_management_training/LDPE Plastic/black_white__plastic_bags/0131_jpg.rf.fab7d748a4a3173bd681b71d0470a0b9.jpg,1,LDPE Plastic,1,LDPE Plastic,0.9636849761009216,0.008798079565167427,0.9636849761009216,0.0053002187050879,0.0134391775354743,0.008777609094977379
"/Users/aswanathjs/Downloads/test9/ai_plastic_waste_management_training/HDPE Plastic/milk_bottles/HDPEM1,023.JPG",0,HDPE Plastic,0,HDPE Plastic,0.9994586110115051,0.9994586110115051,2.4101424060063437e-05,0.00013105272955726832,4.997680662199855e-05,0.00033627526136115193
/Users/aswanathjs/Downloads/test9/ai_plastic_waste_management_training/LDPE Plastic/plastic_bags/plasticbag (72).jpg,1,LDPE Plastic,1,LDPE Plastic,0.9748567342758179,3.9843125705374405e-05,0.9748567342758179,1.525965126347728e-05,0.002535027451813221,0.022553130984306335
/Users/aswanathjs/Downloads/test9/ai_plastic_waste_management_training/LDPE Plastic/black_white__plastic_bags/0065_jpg.rf.93c3c3217441af813392d166aacbae5f.jpg,1,LDPE Plastic,1,LDPE Plastic,0.9937669038772583,0.00017228320939466357,0.9937669038772583,0.0053654806688427925,0.00043523230124264956,0.0002601314627099782
/Users/aswanathjs/Downloads/test9/ai_plastic_waste_management_training/HDPE Plastic/shampoo_bottles/0075_a02b01c2d1e0f0g0h4.jpg,0,HDPE Plastic,0,HDPE Plastic,0.9994099140167236,0.9994099140167236,9.233716264134273e-05,0.0003971479891333729,6.41774749965407e-05,3.6473673389991745e-05
/Users/aswanathjs/Downloads/test9/ai_plastic_waste_management_training/HDPE Plastic/milk_bottles/HDPEM407.jpg,0,HDPE Plastic,0,HDPE Plastic,0.9997603297233582,0.9997603297233582,3.3420514228055254e-05,4.273199738236144e-05,0.00012534289271570742,3.812191789620556e-05
"/Users/aswanathjs/Downloads/test9/ai_plastic_waste_management_training/PET Plastic/plastic_bottles/PET1,447.jpg",2,PET Plastic,2,PET Plastic,0.9998676776885986,2.5380933948326856e-05,7.840265425329562e-06,0.9998676776885986,6.297863728832453e-05,3.61754500772804e-05
/Users/aswanathjs/Downloads/test9/ai_plastic_waste_management_training/PET Plastic/black_white_plastic_bottles/cjpsy_jpg.rf.3194f126fb4a49fb0908791283d80b8e.jpg,2,PET Plastic,2,PET Plastic,0.9994865655899048,5.840063386131078e-05,3.1996085454011336e-05,0.9994865655899048,6.309863965725526e-05,0.00035993760684505105
/Users/aswanathjs/Downloads/test9/ai_plastic_waste_management_training/PS Plastic/foam_sheets/Plastic_376_jpg.rf.14b8dbe731b220c7da8b5cb195682226.jpg,4,PS Plastic,4,PS Plastic,0.9991082549095154,4.4587653974303976e-05,0.0007105256081558764,2.486677658453118e-05,0.00011170756624778733,0.9991082549095154
/Users/aswanathjs/Downloads/test9/ai_plastic_waste_management_training/PP Plastic/square_containers_grey/orangecontainer.jpg,3,PP Plastic,3,PP Plastic,0.9960458874702454,0.002162183402106166,7.975009793881327e-05,0.00013188767479732633,0.9960458874702454,0.0015802293783053756
/Users/aswanathjs/Downloads/test9/ai_plastic_waste_management_training/PP Plastic/square_containers/orangecontainer.jpg,3,PP Plastic,3,PP Plastic,0.9943917393684387,0.0029100454412400723,0.0003132507554255426,0.00012270364095456898,0.9943917393684387,0.00226218462921679
/Users/aswanathjs/Downloads/test9/ai_plastic_waste_management_training/PP Plastic/square_containers/Image_118.png,3,PP Plastic,3,PP Plastic,0.9226706624031067,0.005904950201511383,0.0666787400841713,0.001973932608962059,0.9226706624031067,0.0027717226184904575
/Users/aswanathjs/Downloads/test9/ai_plastic_waste_management_training/PS Plastic/foam_containers/Image_118.png,3,PP Plastic,3,PP Plastic,0.6012887954711914,0.01260730903595686,0.05055221542716026,0.005159291438758373,0.6012887954711914,0.33039242029190063
/Users/aswanathjs/Downloads/test9/ai_plastic_waste_management_training/HDPE Plastic/shampoo_bottles/0065_a02b03c1d2e0f1g0h4.jpg,0,HDPE Plastic,0,HDPE Plastic,0.9969232678413391,0.9969232678413391,0.00048762100050225854,0.0002967781911138445,0.0017633949173614383,0.0005289195687510073
/Users/aswanathjs/Downloads/test9/ai_plastic_waste_management_training/HDPE Plastic/shampoo_bottles/0076_a02b06c1d3e0f1g0h0.jpg,0,HDPE Plastic,0,HDPE Plastic,0.9885043501853943,0.9885043501853943,0.0013598655350506306,0.0006468961946666241,0.007662404794245958,0.0018265009857714176
"/Users/aswanathjs/Downloads/test9/ai_plastic_waste_management_training/PET Plastic/plastic_bottles/PET1,241.jpg",2,PET Plastic,2,PET Plastic,0.997960090637207,0.0017421194352209568,0.00011578149133129045,0.997960090637207,0.00010969259892590344,7.230869232444093e-05
/Users/aswanathjs/Downloads/test9/ai_plastic_waste_management_training/PP Plastic/square_containers/Image_50.png,3,PP Plastic,1,LDPE Plastic,0.6609097123146057,0.010319649241864681,0.6609097123146057,0.0009147795499302447,0.3136803209781647,0.014175519347190857
/Users/aswanathjs/Downloads/test9/ai_plastic_waste_management_training/PS Plastic/foam_containers/Image_50.png,3,PP Plastic,4,PS Plastic,0.500394880771637,0.007164680864661932,0.43236735463142395,0.0023587606847286224,0.05771426856517792,0.500394880771637
"/Users/aswanathjs/Downloads/test9/ai_plastic_waste_management_training/PET Plastic/plastic_bottles/PET1,618.jpg",2,PET Plastic,2,PET Plastic,0.996454119682312,0.0019274522783234715,0.00021535807172767818,0.996454119682312,0.0009177667670883238,0.00048530715866945684
/Users/aswanathjs/Downloads/test9/ai_plastic_waste_management_training/LDPE Plastic/plastic_bags/LDPE-129_jpg.rf.bd87ae80d240c75440e24a8f94624de0.jpg,1,LDPE Plastic,1,LDPE Plastic,0.9987678527832031,0.00014080341497901827,0.9987678527832031,0.0002295132289873436,0.00026786079979501665,0.0005939705297350883
/Users/aswanathjs/Downloads/test9/ai_plastic_waste_management_training/PET Plastic/shampoo_bottles/0080_a05b00c2d1e0f1g0h4.jpg,2,PET Plastic,2,PET Plastic,0.9999402761459351,9.164504263026174e-06,3.282778834545752e-06,0.9999402761459351,3.638443740783259e-05,1.0878594366658945e-05
/Users/aswanathjs/Downloads/test9/ai_plastic_waste_management_training/LDPE Plastic/plastic_bags/plasticbag (193).jpg,1,LDPE Plastic,1,LDPE Plastic,0.9990460276603699,0.00012975514982827008,0.9990460276603699,7.037180330371484e-05,0.0006311538745649159,0.00012266403064131737
/Users/aswanathjs/Downloads/test9/ai_plastic_waste_management_training/PET Plastic/shampoo_bottles/0100_a05b00c2d1e0f0g0h2.jpg,2,PET Plastic,2,PET Plastic,0.9997513890266418,1.4666261449747253e-05,6.436348030547379e-06,0.9997513890266418,0.00021915997785981745,8.368107046408113e-06
"/Users/aswanathjs/Downloads/test9/ai_plastic_waste_management_training/HDPE Plastic/milk_bottles/HDPEM1,004.JPG",0,HDPE Plastic,0,HDPE Plastic,0.9965835213661194,0.9965835213661194,0.00038661673897877336,0.0006127274828031659,0.00010964298417093232,0.0023074615746736526
"/Users/aswanathjs/Downloads/test9/ai_plastic_waste_management_training/HDPE Plastic/milk_bottles_grey/HDPEM1,004.JPG",0,HDPE Plastic,0,HDPE Plastic,0.99673992395401,0.99673992395401,0.00034316969686187804,0.0005646403296850622,9.540362952975556e-05,0.0022568379063159227
/Users/aswanathjs/Downloads/test9/ai_plastic_waste_management_training/LDPE Plastic/black_white__plastic_bags/0005_jpg.rf.3c08b63b37ea52926895eb6508d6d17b.jpg,1,LDPE Plastic,1,LDPE Plastic,0.9993345141410828,0.00014920101966708899,0.9993345141410828,5.7867018767865375e-06,7.096241461113095e-05,0.00043942834599874914
/Users/aswanathjs/Downloads/test9/ai_plastic_waste_management_training/LDPE Plastic/plastic_bags/plasticbag (196).jpg,1,LDPE Plastic,1,LDPE Plastic,0.9974341988563538,2.627375943120569e-05,0.9974341988563538,0.00017598261183593422,0.0021407913882285357,0.00022283273574430496
/Users/aswanathjs/Downloads/test9/ai_plastic_waste_management_training/PS Plastic/foam_containers/styrofoam-152-_jpg.rf.85bd94b3d2d7b7228c3d1fb1b6f98ada.jpg,4,PS Plastic,4,PS Plastic,0.9970486760139465,0.0009441891452297568,0.000752375228330493,0.00044220496783964336,0.0008125806925818324,0.9970486760139465
/Users/aswanathjs/Downloads/test9/ai_plastic_waste_management_training/HDPE Plastic/milk_bottles/HDPEM110.jpg,0,HDPE Plastic,0,HDPE Plastic,0.9997439980506897,0.9997439980506897,2.7336191124049947e-05,4.364347114460543e-05,0.0001422233326593414,4.2781168303918093e-05
/Users/aswanathjs/Downloads/test9/ai_plastic_waste_management_training/LDPE Plastic/bubble_wrap/train_LDPE-75_jpg.rf.774086413daadb20a94091c69cb92c3b.jpg,1,LDPE Plastic,1,LDPE Plastic,0.9942885637283325,0.0008123646839521825,0.9942885637283325,0.001153599820099771,0.0018630609847605228,0.0018824180588126183
/Users/aswanathjs/Downloads/test9/ai_plastic_waste_management_training/PET Plastic/black_white_plastic_bottles/ayods_jpg.rf.a1eafc0f28f24cda0021d54322d0b0ff.jpg,2,PET Plastic,2,PET Plastic,0.9673754572868347,0.0024444677401334047,0.0027011516503989697,0.9673754572868347,0.021557439118623734,0.005921445786952972
/Users/aswanathjs/Downloads/test9/ai_plastic_waste_management_training/HDPE Plastic/shampoo_bottles/0063_a02b01c2d1e0f1g1h3.jpg,0,HDPE Plastic,0,HDPE Plastic,0.99993896484375,0.99993896484375,4.994399205315858e-06,4.78131951240357e-05,9.080430913854798e-07,7.262969575094758e-06
/Users/aswanathjs/Downloads/test9/ai_plastic_waste_management_training/PS Plastic/foam_sheets/PS-755_jpg.rf.5cbd0650fb21aaba6e85354b463a4a92.jpg,4,PS Plastic,4,PS Plastic,0.9989645481109619,0.0001560627279104665,0.00027353918994776905,0.00023511209292337298,0.0003707675787154585,0.9989645481109619
/Users/aswanathjs/Downloads/test9/ai_plastic_waste_management_training/HDPE Plastic/detergent_bottles/0039_a02b01c2d0e0f1g0h4.jpg,0,HDPE Plastic,0,HDPE Plastic,0.9999158382415771,0.9999158382415771,2.6602327125146985e-05,3.10859722958412e-05,1.5282928870874457e-05,1.1212773642910179e-05
/Users/aswanathjs/Downloads/test9/ai_plastic_waste_management_training/LDPE Plastic/plastic_bags/train_LDPE-36_jpg.rf.29e7ce23f14b4a6abe4e217fd79e2234.jpg,1,LDPE Plastic,1,LDPE Plastic,0.999842643737793,3.0783787224208936e-05,0.999842643737793,1.901268115034327e-05,7.382204057648778e-05,3.372906212462112e-05
"/Users/aswanathjs/Downloads/test9/ai_plastic_waste_management_training/PET Plastic/plastic_bottles/PET1,648.jpg",2,PET Plastic,2,PET Plastic,0.999970555305481,1.4248074876377359e-05,3.751557414943818e-06,0.999970555305481,2.8555807602970162e-06,8.642091415822506e-06
/Users/aswanathjs/Downloads/test9/ai_plastic_waste_management_training/PET Plastic/plastic_bottles/PET454.jpg,2,PET Plastic,2,PET Plastic,0.9990034699440002,0.0008595630060881376,2.188904727518093e-05,0.9990034699440002,4.1678460547700524e-05,7.342243770835921e-05
/Users/aswanathjs/Downloads/test9/ai_plastic_waste_management_training/HDPE Plastic/milk_bottles/HDPEM438.jpg,0,HDPE Plastic,0,HDPE Plastic,0.9940726161003113,0.9940726161003113,6.839571869932115e-05,0.0016113014426082373,0.0026072096079587936,0.0016405771020799875
/Users/aswanathjs/Downloads/test9/ai_plastic_waste_management_training/LDPE Plastic/bin_bags/Image_76.png,1,LDPE Plastic,1,LDPE Plastic,0.9953938722610474,0.0026246686466038227,0.9953938722610474,0.0006442589219659567,0.0007757169660180807,0.0005615182453766465
/Users/aswanathjs/Downloads/test9/ai_plastic_waste_management_training/PP Plastic/square_containers/Image_76.png,1,LDPE Plastic,1,LDPE Plastic,0.5738185048103333,0.004963550716638565,0.5738185048103333,0.0005434855702333152,0.41886207461357117,0.0018123710760846734
/Users/aswanathjs/Downloads/test9/ai_plastic_waste_management_training/PS Plastic/foam_containers/Image_76.png,1,LDPE Plastic,4,PS Plastic,0.46467939019203186,0.01703711412847042,0.25405600666999817,0.002050242619588971,0.2621772587299347,0.46467939019203186
/Users/aswanathjs/Downloads/test9/ai_plastic_waste_management_training/PET Plastic/plastic_bottles/PET673.jpg,2,PET Plastic,2,PET Plastic,0.9997743964195251,1.3334823051991407e-05,2.321096690138802e-05,0.9997743964195251,0.00010038365871878341,8.864573464961722e-05
/Users/aswanathjs/Downloads/test9/ai_plastic_waste_management_training/PP Plastic/round_containers/IMG_20220210_105844.jpg,3,PP Plastic,3,PP Plastic,0.9856023192405701,0.005376454908400774,0.002772573148831725,0.0037910067476332188,0.9856023192405701,0.0024576736614108086
/Users/aswanathjs/Downloads/test9/ai_plastic_waste_management_training/PS Plastic/foam_containers/Image_122.png,4,PS Plastic,4,PS Plastic,0.6774355173110962,0.013661465607583523,0.019605791196227074,0.001733988057821989,0.2875632345676422,0.6774355173110962
/Users/aswanathjs/Downloads/test9/ai_plastic_waste_management_training/PP Plastic/square_containers_grey/Image_203.png,3,PP Plastic,3,PP Plastic,0.9761568903923035,0.0040605817921459675,0.015650976449251175,0.0010634037898853421,0.9761568903923035,0.0030680797062814236
/Users/aswanathjs/Downloads/test9/ai_plastic_waste_management_training/PP Plastic/square_containers/Image_203.png,3,PP Plastic,3,PP Plastic,0.9169226288795471,0.011247667483985424,0.06443850696086884,0.0022651711478829384,0.9169226288795471,0.005126016680151224
/Users/aswanathjs/Downloads/test9/ai_plastic_waste_management_training/PS Plastic/foam_containers/Image_203.png,3,PP Plastic,3,PP Plastic,0.8751721978187561,0.004616627003997564,0.0537533275783062,0.006487301085144281,0.8751721978187561,0.059970490634441376
/Users/aswanathjs/Downloads/test9/ai_plastic_waste_management_training/PET Plastic/black_white_plastic_bottles/apkre_jpg.rf.ea93618a937a0de3528ee57319afe542.jpg,2,PET Plastic,2,PET Plastic,0.9965261816978455,0.00022397599241230637,0.0011891084723174572,0.9965261816978455,0.001787857385352254,0.0002728837134782225
/Users/aswanathjs/Downloads/test9/ai_plastic_waste_management_training/HDPE Plastic/milk_bottles/HDPEM128.jpg,0,HDPE Plastic,0,HDPE Plastic,0.9994993209838867,0.9994993209838867,5.5184686061693355e-05,6.367827154463157e-05,0.00027498038252815604,0.00010688550537452102
/Users/aswanathjs/Downloads/test9/ai_plastic_waste_management_training/PP Plastic/round_containers/cream.jpg,3,PP Plastic,3,PP Plastic,0.9992151260375977,0.0003308284212835133,0.0003686215204652399,2.253414277220145e-05,0.9992151260375977,6.286968709900975e-05
/Users/aswanathjs/Downloads/test9/ai_plastic_waste_management_training/PS Plastic/foam_containers/plastic-23-_jpg.rf.84b851e52b8b9f1cd0d2c523b1f636af.jpg,4,PS Plastic,4,PS Plastic,0.9934159517288208,0.0016778374556452036,0.001747988280840218,0.000618280260823667,0.0025399557780474424,0.9934159517288208
/Users/aswanathjs/Downloads/test9/ai_plastic_waste_management_training/HDPE Plastic/detergent_bottles/0098_a02b03c2d3e0f0g0h0.jpg,0,HDPE Plastic,0,HDPE Plastic,0.9788534641265869,0.9788534641265869,0.001947678392753005,0.000467921607196331,0.018114296719431877,0.0006165818776935339
/Users/aswanathjs/Downloads/test9/ai_plastic_waste_management_training/HDPE Plastic/detergent_botteles_grey/0098_a02b03c2d3e0f0g0h0.jpg,0,HDPE Plastic,0,HDPE Plastic,0.9961431622505188,0.9961431622505188,0.0003091446415055543,4.7305573389166966e-05,0.003377448068931699,0.00012296781642362475
/Users/aswanathjs/Downloads/test9/ai_plastic_waste_management_training/PET Plastic/black_white_plastic_bottles/dafyh_jpg.rf.076c73290a94ca01aef23325419a693c.jpg,2,PET Plastic,2,PET Plastic,0.9998351335525513,4.38241331721656e-05,2.675545147212688e-05,0.9998351335525513,3.971042679040693e-05,5.446968134492636e-05
/Users/aswanathjs/Downloads/test9/ai_plastic_waste_management_training/LDPE Plastic/black_white__plastic_bags/0181_jpg.rf.d1a2b529ab43e74fdd4400ead4a2e147.jpg,1,LDPE Plastic,1,LDPE Plastic,0.998279333114624,0.0003606061218306422,0.998279333114624,0.0007264775922521949,6.692420720355585e-05,0.0005667544319294393
/Users/aswanathjs/Downloads/test9/ai_plastic_waste_management_training/PS Plastic/foam_containers/0058_a06b01c1d0e0f0g0h2.jpg,4,PS Plastic,4,PS Plastic,0.9995494484901428,0.000122989687952213,1.834075192164164e-05,3.490232120384462e-05,0.0002742767974268645,0.9995494484901428
/Users/aswanathjs/Downloads/test9/ai_plastic_waste_management_training/HDPE Plastic/shampoo_bottles/0065_a02b03c1d3e0f1g0h1.jpg,0,HDPE Plastic,0,HDPE Plastic,0.9983610510826111,0.9983610510826111,0.0001665799500187859,8.12254729680717e-05,0.0011642843019217253,0.00022692994389217347
/Users/aswanathjs/Downloads/test9/ai_plastic_waste_management_training/PET Plastic/black_white_plastic_bottles/axjwn_jpg.rf.930c442321a753724f00d9eeac68df83.jpg,2,PET Plastic,2,PET Plastic,0.9999054670333862,2.5093781914620195e-06,3.124829163425602e-05,0.9999054670333862,1.190259717986919e-05,4.8833186156116426e-05
/Users/aswanathjs/Downloads/test9/ai_plastic_waste_management_training/HDPE Plastic/shampoo_bottles/0099_a02b01c2d0e0f1g0h1.jpg,0,HDPE Plastic,0,HDPE Plastic,0.9996135830879211,0.9996135830879211,1.62947726494167e-05,0.0002714301517698914,5.466183938551694e-05,4.4064876419724897e-05
/Users/aswanathjs/Downloads/test9/ai_plastic_waste_management_training/PET Plastic/black_white_plastic_bottles/dlqim_jpg.rf.49aecf04ac43203ab00f4ba6060dd26a.jpg,2,PET Plastic,2,PET Plastic,0.999729573726654,5.031578621128574e-05,8.085638546617702e-05,0.999729573726654,1.9010531104868278e-05,0.00012022040755255148
/Users/aswanathjs/Downloads/test9/ai_plastic_waste_management_training/HDPE Plastic/milk_bottles/HDPEM411.jpg,0,HDPE Plastic,0,HDPE Plastic,0.999925971031189,0.999925971031189,3.50029336004809e-06,1.4405323781829793e-05,3.216063851141371e-05,2.401330493739806e-05
/Users/aswanathjs/Downloads/test9/ai_plastic_waste_management_training/PS Plastic/foam_sheets/PS-831_jpg.rf.85802094eda0cff845692991503fa453.jpg,4,PS Plastic,4,PS Plastic,0.9999109506607056,7.85564861871535e-06,1.535298906674143e-05,3.778814789257012e-05,2.7987096473225392e-05,0.9999109506607056
/Users/aswanathjs/Downloads/test9/ai_plastic_waste_management_training/PS Plastic/foam_sheets/PS-707_jpg.rf.94f9902175998b011ca94b428c05fc69.jpg,4,PS Plastic,4,PS Plastic,0.9988572597503662,0.0001491899456596002,8.648658695165068e-05,0.00030331010930240154,0.0006037794519215822,0.9988572597503662
/Users/aswanathjs/Downloads/test9/ai_plastic_waste_management_training/PET Plastic/shampoo_bottles/IMG_20220209_220416.jpg,2,PET Plastic,2,PET Plastic,0.9079263210296631,0.04622974246740341,0.006582464091479778,0.9079263210296631,0.020870206877589226,0.018391232937574387
/Users/aswanathjs/Downloads/test9/ai_plastic_waste_management_training/HDPE Plastic/shampoo_bottles/0065_a02b03c2d2e0f1g0h1.jpg,0,HDPE Plastic,0,HDPE Plastic,0.99898761510849,0.99898761510849,0.00015981854812707752,0.0003031990199815482,0.000434115034295246,0.00011526215530466288
/Users/aswanathjs/Downloads/test9/ai_plastic_waste_management_training/PP Plastic/square_containers_grey/0011_a05b00c2d3e0f0g0h1.jpg,3,PP Plastic,3,PP Plastic,0.9926120638847351,0.004218280781060457,0.0004175761132501066,0.0026137789245694876,0.9926120638847351,0.0001382910559186712
/Users/aswanathjs/Downloads/test9/ai_plastic_waste_management_training/PP Plastic/rectangle_containers/0011_a05b00c2d3e0f0g0h1.jpg,3,PP Plastic,3,PP Plastic,0.9957461953163147,0.0019995381589978933,0.00018095555424224585,0.0019374487455934286,0.9957461953163147,0.0001359475718345493
/Users/aswanathjs/Downloads/test9/ai_plastic_waste_management_training/PP Plastic/square_containers/0011_a05b00c2d3e0f0g0h1.jpg,3,PP Plastic,3,PP Plastic,0.9957461953163147,0.0019995381589978933,0.00018095555424224585,0.0019374487455934286,0.9957461953163147,0.0001359475718345493
/Users/aswanathjs/Downloads/test9/ai_plastic_waste_management_training/PET Plastic/black_white_plastic_bottles/bwstv_jpg.rf.aa64a9e9449fb51bac43ffbe4a3b5e5a.jpg,2,PET Plastic,2,PET Plastic,0.9998722076416016,1.2388079994707368e-05,3.877484778058715e-05,0.9998722076416016,2.636554927448742e-05,5.022113327868283e-05
/Users/aswanathjs/Downloads/test9/ai_plastic_waste_management_training/HDPE Plastic/milk_bottles/HDPEM272.jpg,0,HDPE Plastic,0,HDPE Plastic,0.999271810054779,0.999271810054779,5.6990338634932414e-05,8.418891957262531e-05,0.0004978170618414879,8.920099935494363e-05
/Users/aswanathjs/Downloads/test9/ai_plastic_waste_management_training/LDPE Plastic/plastic_bags/plasticbag (56).jpg,1,LDPE Plastic,1,LDPE Plastic,0.9983931183815002,5.1073762733722106e-05,0.9983931183815002,8.27945550554432e-05,0.0012042887974530458,0.0002686016960069537
/Users/aswanathjs/Downloads/test9/ai_plastic_waste_management_training/LDPE Plastic/plastic_bags_grey/LDPE-594_jpg.rf.b89035ec3ef6f06c7fa939db6fa7491c.jpg,1,LDPE Plastic,1,LDPE Plastic,0.9999269247055054,1.260324916074751e-05,0.9999269247055054,5.765292826254154e-06,4.414362592797261e-06,5.032370245316997e-05
/Users/aswanathjs/Downloads/test9/ai_plastic_waste_management_training/LDPE Plastic/plastic_bags/LDPE-594_jpg.rf.b89035ec3ef6f06c7fa939db6fa7491c.jpg,1,LDPE Plastic,1,LDPE Plastic,0.9997091889381409,6.338376988423988e-05,0.9997091889381409,1.0397821824881248e-05,1.632705425436143e-05,0.00020065190619789064
/Users/aswanathjs/Downloads/test9/ai_plastic_waste_management_training/PP Plastic/square_containers/IMG_20220209_173832.jpg,3,PP Plastic,3,PP Plastic,0.9878498911857605,0.0021025557070970535,0.0018617664463818073,0.0032616285607218742,0.9878498911857605,0.004924137145280838
/Users/aswanathjs/Downloads/test9/ai_plastic_waste_management_training/PET Plastic/black_white_plastic_bottles/adfmq_jpg.rf.3240fe07a40fdb2eecf27c4d47cc6306.jpg,2,PET Plastic,2,PET Plastic,0.9996508359909058,0.0002105349994963035,8.596173756814096e-06,0.9996508359909058,2.562090776336845e-05,0.00010440960613777861
/Users/aswanathjs/Downloads/test9/ai_plastic_waste_management_training/LDPE Plastic/plastic_bags/LDPE-67_jpg.rf.cf77b7d764d46a171a85693acb521d0e.jpg,1,LDPE Plastic,1,LDPE Plastic,0.9991748929023743,0.00014440709492191672,0.9991748929023743,0.00016685205628164113,0.0002925288281403482,0.0002212936378782615
/Users/aswanathjs/Downloads/test9/ai_plastic_waste_management_training/PET Plastic/plastic_bottles/PET846.jpg,2,PET Plastic,2,PET Plastic,0.9996393918991089,7.624737918376923e-05,6.390629278030246e-05,0.9996393918991089,5.733113721362315e-05,0.00016319710994139314
/Users/aswanathjs/Downloads/test9/ai_plastic_waste_management_training/LDPE Plastic/black_white__plastic_bags/0296_jpg.rf.4db10543b11aae0afd69dbd7096d9149.jpg,1,LDPE Plastic,1,LDPE Plastic,0.9995375871658325,3.468522845651023e-05,0.9995375871658325,3.055658453376964e-05,0.00012366593000479043,0.000273496494628489
/Users/aswanathjs/Downloads/test9/ai_plastic_waste_management_training/LDPE Plastic/black_white__plastic_bags/0136_jpg.rf.db95282b34819b780bbbcb1a06e489aa.jpg,1,LDPE Plastic,1,LDPE Plastic,0.9999862909317017,1.8185647832069662e-06,0.9999862909317017,2.772083689706051e-06,7.302471658476861e-06,1.8116613773599965e-06
/Users/aswanathjs/Downloads/test9/ai_plastic_waste_management_training/PP Plastic/irregular_containers/valid_PP-79_jpg.rf.760ad3fd57bfa59090e9a557a7d90c2a.jpg,3,PP Plastic,3,PP Plastic,0.9997323155403137,1.3878852769266814e-05,0.00019860290922224522,3.0253899240051396e-05,0.9997323155403137,2.4979934096336365e-05
/Users/aswanathjs/Downloads/test9/ai_plastic_waste_management_training/PP Plastic/round_containers/0009_a06b01c2d0e0f0g0h1.jpg,3,PP Plastic,3,PP Plastic,0.9977307915687561,0.00019567283743526787,5.5830074416007847e-05,0.0014348274562507868,0.9977307915687561,0.0005829239962622523
"/Users/aswanathjs/Downloads/test9/ai_plastic_waste_management_training/HDPE Plastic/milk_bottles/HDPEM1,026.JPG",0,HDPE Plastic,0,HDPE Plastic,0.9992386102676392,0.9992386102676392,1.4396299775398802e-05,0.0006760002579540014,2.60745709965704e-05,4.486630859901197e-05
/Users/aswanathjs/Downloads/test9/ai_plastic_waste_management_training/HDPE Plastic/milk_bottles/HDPEM119.jpg,0,HDPE Plastic,0,HDPE Plastic,0.9994956254959106,0.9994956254959106,3.626317993621342e-05,0.00011316276504658163,0.00026368757244199514,9.131467231782153e-05
/Users/aswanathjs/Downloads/test9/ai_plastic_waste_management_training/LDPE Plastic/black_white__plastic_bags/0142_jpg.rf.dfab9f74fd01fafc1030c55c45a76b64.jpg,1,LDPE Plastic,1,LDPE Plastic,0.9978585839271545,0.00018231102149002254,0.9978585839271545,0.0003111785335931927,0.0003362890565767884,0.001311679370701313
/Users/aswanathjs/Downloads/test9/ai_plastic_waste_management_training/PET Plastic/plastic_bottles/PET859.jpg,2,PET Plastic,2,PET Plastic,0.9997348189353943,5.088916441309266e-05,0.0001274360838579014,0.9997348189353943,3.3174197596963495e-05,5.3603060223395005e-05
/Users/aswanathjs/Downloads/test9/ai_plastic_waste_management_training/PP Plastic/round_containers/0035_a06b01c1d3e0f0g0h4.jpg,3,PP Plastic,3,PP Plastic,0.996006190776825,0.0009844443993642926,0.0004985287669114769,0.0022796685807406902,0.996006190776825,0.00023115865769796073
/Users/aswanathjs/Downloads/test9/ai_plastic_waste_management_training/PP Plastic/round_containers_grey/0035_a06b01c1d3e0f0g0h4.jpg,3,PP Plastic,3,PP Plastic,0.9911679029464722,0.0028063140343874693,0.0008519798284396529,0.004483798984438181,0.9911679029464722,0.0006899016443639994
/Users/aswanathjs/Downloads/test9/ai_plastic_waste_management_training/PP Plastic/round_containers/IMG_20220209_174641.jpg,3,PP Plastic,3,PP Plastic,0.9996421337127686,6.870445213280618e-05,0.00014430277224164456,7.767775969114155e-05,0.9996421337127686,6.713205220876262e-05
/Users/aswanathjs/Downloads/test9/ai_plastic_waste_management_training/LDPE Plastic/plastic_bags/LDPE-373_jpg.rf.5bbeb3f948cb4fa84774488ae303496c.jpg,1,LDPE Plastic,1,LDPE Plastic,0.9990943670272827,7.157943764468655e-05,0.9990943670272827,6.829044286860153e-05,0.00020610347564797848,0.0005596815026365221
/Users/aswanathjs/Downloads/test9/ai_plastic_waste_management_training/HDPE Plastic/shampoo_bottles/0063_a02b01c2d2e0f1g1h1.jpg,0,HDPE Plastic,0,HDPE Plastic,0.9987793564796448,0.9987793564796448,3.403990558581427e-05,0.00018577263108454645,0.0009040741715580225,9.677647176431492e-05
"/Users/aswanathjs/Downloads/test9/ai_plastic_waste_management_training/HDPE Plastic/milk_bottles/HDPEM1,012.JPG",0,HDPE Plastic,0,HDPE Plastic,0.9997205138206482,0.9997205138206482,3.7597872051264858e-06,0.00014830628060735762,1.509582216385752e-05,0.00011233813711442053
/Users/aswanathjs/Downloads/test9/ai_plastic_waste_management_training/HDPE Plastic/shampoo_bottles/0061_a02b01c1d2e0f1g0h3.jpg,0,HDPE Plastic,0,HDPE Plastic,0.9990704655647278,0.9990704655647278,0.00010240029951091856,6.827227480243891e-05,0.0006218549679033458,0.00013705587480217218
/Users/aswanathjs/Downloads/test9/ai_plastic_waste_management_training/LDPE Plastic/bin_bags/LDPE252-Photoroom_0_8871_jpg.rf.a6c1dae810868b40bac8d448e9130ad4.jpg,1,LDPE Plastic,1,LDPE Plastic,0.9963266253471375,0.001411150791682303,0.9963266253471375,0.0006937470752745867,0.0009770296746864915,0.0005914280191063881
/Users/aswanathjs/Downloads/test9/ai_plastic_waste_management_training/LDPE Plastic/bin_bags/LDPE252-Photoroom_0_8871_jpg.rf.ed69737cc822f338040688cc60f7c004.jpg,1,LDPE Plastic,1,LDPE Plastic,0.9794977903366089,0.006203123833984137,0.9794977903366089,0.003276837756857276,0.004971287678927183,0.006050933618098497
"/Users/aswanathjs/Downloads/test9/ai_plastic_waste_management_training/PET Plastic/plastic_bottles/PET1,757.jpg",2,PET Plastic,2,PET Plastic,0.9867156147956848,0.002505792770534754,0.0035469892900437117,0.9867156147956848,0.00470828777179122,0.0025233416818082333
/Users/aswanathjs/Downloads/test9/ai_plastic_waste_management_training/PP Plastic/round_containers/0095_a05b01c1d1e0f0g0h4.jpg,3,PP Plastic,3,PP Plastic,0.9921384453773499,0.0061280084773898125,1.9591550881159492e-05,0.0015954315895214677,0.9921384453773499,0.0001184458305942826
/Users/aswanathjs/Downloads/test9/ai_plastic_waste_management_training/PS Plastic/foam_sheets/PS-639_jpg.rf.dca9e30e205b052860e04ea7ba640d16.jpg,4,PS Plastic,4,PS Plastic,0.9998385906219482,3.995180668425746e-05,4.082714440301061e-05,4.4199561671121046e-05,3.642677256721072e-05,0.9998385906219482
/Users/aswanathjs/Downloads/test9/ai_plastic_waste_management_training/LDPE Plastic/plastic_bags/plasticbag (205) 17.43.56.jpg,1,LDPE Plastic,1,LDPE Plastic,0.9996621608734131,0.00011387682025087997,0.9996621608734131,2.7575069907470606e-05,0.00010697563993744552,8.941431588027626e-05
/Users/aswanathjs/Downloads/test9/ai_plastic_waste_management_training/LDPE Plastic/bin_bags/Image_35.png,1,LDPE Plastic,1,LDPE Plastic,0.9972662925720215,0.0016742527950555086,0.9972662925720215,0.0005712987040169537,0.0001433587895007804,0.0003448423813097179
/Users/aswanathjs/Downloads/test9/ai_plastic_waste_management_training/LDPE Plastic/bin_bags_grey/Image_35.png,1,LDPE Plastic,1,LDPE Plastic,0.9936872124671936,0.004000190179795027,0.9936872124671936,0.0010910042328760028,0.0003260779194533825,0.000895475153811276
/Users/aswanathjs/Downloads/test9/ai_plastic_waste_management_training/PP Plastic/square_containers/Image_35.png,1,LDPE Plastic,3,PP Plastic,0.7508325576782227,0.008828632533550262,0.21858908236026764,0.006397886201739311,0.7508325576782227,0.01535180862993002
/Users/aswanathjs/Downloads/test9/ai_plastic_waste_management_training/PS Plastic/foam_containers/Image_35.png,1,LDPE Plastic,1,LDPE Plastic,0.6365906596183777,0.018481267616152763,0.6365906596183777,0.0046770004555583,0.10731266438961029,0.23293833434581757
/Users/aswanathjs/Downloads/test9/ai_plastic_waste_management_training/LDPE Plastic/black_white__plastic_bags/0288_jpg.rf.eb988942aef4f64be141c15b0730883c.jpg,1,LDPE Plastic,1,LDPE Plastic,0.9997398257255554,4.846352749154903e-05,0.9997398257255554,9.053385292645544e-05,1.0779880540212616e-05,0.00011042367259506136
/Users/aswanathjs/Downloads/test9/ai_plastic_waste_management_training/PP Plastic/square_containers/Image_81.png,3,PP Plastic,3,PP Plastic,0.9976333379745483,0.0001127764699049294,0.0003828619373962283,2.935344491561409e-05,0.9976333379745483,0.001841713790781796
/Users/aswanathjs/Downloads/test9/ai_plastic_waste_management_training/PS Plastic/foam_containers/Image_81.png,3,PP Plastic,3,PP Plastic,0.49740299582481384,0.12147960066795349,0.15628385543823242,0.011354794725775719,0.49740299582481384,0.21347872912883759
/Users/aswanathjs/Downloads/test9/ai_plastic_waste_management_training/LDPE Plastic/plastic_bags/LDPE-720_jpg.rf.eddaa6e2078e036d7189603785b0e98d.jpg,1,LDPE Plastic,1,LDPE Plastic,0.9987950325012207,0.00011905757855856791,0.9987950325012207,0.00017510898760519922,0.000587329501286149,0.0003234592732042074
/Users/aswanathjs/Downloads/test9/ai_plastic_waste_management_training/PS Plastic/foam_containers/0058_a06b01c1d1e0f0g0h3.jpg,4,PS Plastic,4,PS Plastic,0.9997379183769226,6.283014954533428e-05,8.385257387999445e-06,3.3148240618174896e-05,0.00015771895414218307,0.9997379183769226
/Users/aswanathjs/Downloads/test9/ai_plastic_waste_management_training/PET Plastic/plastic_bottles/PET980.jpg,2,PET Plastic,2,PET Plastic,0.9993360638618469,0.0001088451681425795,4.2215870053041726e-05,0.9993360638618469,0.00019376695854589343,0.00031908132950775325
/Users/aswanathjs/Downloads/test9/ai_plastic_waste_management_training/PET Plastic/plastic_bottles/PET597.jpg,2,PET Plastic,2,PET Plastic,0.9999812841415405,7.808940608811099e-06,1.0735220712376758e-06,0.9999812841415405,4.153305326326517e-06,5.678801244357601e-06
/Users/aswanathjs/Downloads/test9/ai_plastic_waste_management_training/HDPE Plastic/shampoo_bottles/0099_a02b01c1d3e0f1g0h3.jpg,0,HDPE Plastic,0,HDPE Plastic,0.9998201727867126,0.9998201727867126,5.05535354022868e-05,1.4623539755120873e-05,7.781572639942169e-05,3.68850160157308e-05
/Users/aswanathjs/Downloads/test9/ai_plastic_waste_management_training/PS Plastic/foam_containers/Image_231.png,4,PS Plastic,4,PS Plastic,0.4426666796207428,0.064634308218956,0.17224401235580444,0.0057457853108644485,0.3147091269493103,0.4426666796207428
/Users/aswanathjs/Downloads/test9/ai_plastic_waste_management_training/PET Plastic/plastic_bottles/PET345.jpg,2,PET Plastic,2,PET Plastic,0.9998329877853394,0.00011800080392276868,2.492821113264654e-05,0.9998329877853394,1.2232899280206766e-05,1.1758565960917622e-05
/Users/aswanathjs/Downloads/test9/ai_plastic_waste_management_training/PET Plastic/black_white_plastic_bottles/bsagu_jpg.rf.e7fc2809e4f1e5c278e8eeb0e20335e7.jpg,2,PET Plastic,2,PET Plastic,0.9995007514953613,1.256457017007051e-05,0.00011977866233792156,0.9995007514953613,7.182741683209315e-05,0.00029512838227674365
/Users/aswanathjs/Downloads/test9/ai_plastic_waste_management_training/LDPE Plastic/plastic_bags/plasticbag (124) 17.43.56.jpg,1,LDPE Plastic,1,LDPE Plastic,0.9963088631629944,0.0005804291577078402,0.9963088631629944,0.0005330578424036503,0.0018958209548145533,0.0006818397669121623
/Users/aswanathjs/Downloads/test9/ai_plastic_waste_management_training/LDPE Plastic/plastic_bags/plasticbag (76).jpg,1,LDPE Plastic,1,LDPE Plastic,0.9919499158859253,0.0016516593750566244,0.9919499158859253,0.0005736621678806841,0.0029068489093333483,0.0029179989360272884
/Users/aswanathjs/Downloads/test9/ai_plastic_waste_management_training/PET Plastic/plastic_bottles/PET918.jpg,2,PET Plastic,2,PET Plastic,0.9983758926391602,0.0012091463431715965,0.00011417977657401934,0.9983758926391602,0.000208841564017348,9.195976599585265e-05
/Users/aswanathjs/Downloads/test9/ai_plastic_waste_management_training/PET Plastic/plastic_bottles/PET641.jpg,2,PET Plastic,2,PET Plastic,0.9986305236816406,0.0010367257054895163,5.289365435601212e-05,0.9986305236816406,0.00021570228273048997,6.418341217795387e-05
/Users/aswanathjs/Downloads/test9/ai_plastic_waste_management_training/PET Plastic/black_white_plastic_bottles/bmgvp_jpg.rf.727f4623eba05871250143f70b1d3a2f.jpg,2,PET Plastic,2,PET Plastic,0.9994283318519592,9.092193795368075e-05,0.00022974956664256752,0.9994283318519592,2.1604193534585647e-05,0.00022935507877264172
/Users/aswanathjs/Downloads/test9/ai_plastic_waste_management_training/PS Plastic/foam_containers/Image_206.png,4,PS Plastic,4,PS Plastic,0.7756386399269104,0.12090293318033218,0.009505152702331543,0.01625451259315014,0.07769875973463058,0.7756386399269104
/Users/aswanathjs/Downloads/test9/ai_plastic_waste_management_training/PP Plastic/round_containers/0043_a06b01c2d2e0f0g0h4.jpg,3,PP Plastic,3,PP Plastic,0.9993981122970581,0.00037552518188022077,7.518869824707508e-05,9.08051515580155e-05,0.9993981122970581,6.0399230278562754e-05
/Users/aswanathjs/Downloads/test9/ai_plastic_waste_management_training/HDPE Plastic/shampoo_bottles/0099_a02b01c2d3e0f1g0h1.jpg,0,HDPE Plastic,0,HDPE Plastic,0.9981581568717957,0.9981581568717957,0.00014042682596482337,0.0003610177373047918,0.0012387827737256885,0.00010166933498112485
/Users/aswanathjs/Downloads/test9/ai_plastic_waste_management_training/LDPE Plastic/plastic_bags/LDPE-378_jpg.rf.8a91c4aa5f84d7394018793dc121b7b6.jpg,1,LDPE Plastic,1,LDPE Plastic,0.9992838501930237,7.501237996621057e-05,0.9992838501930237,7.33075721655041e-05,0.00019529566634446383,0.0003726684080902487
/Users/aswanathjs/Downloads/test9/ai_plastic_waste_management_training/PS Plastic/foam_sheets/PS-640_jpg.rf.3c405ab3ce363ce4062d8548c785c29d.jpg,4,PS Plastic,4,PS Plastic,0.9982985854148865,0.00021886090689804405,0.0006343183340504766,0.00046453310642391443,0.00038376502925530076,0.9982985854148865
/Users/aswanathjs/Downloads/test9/ai_plastic_waste_management_training/HDPE Plastic/shampoo_bottles/0078_a02b07c1d1e0f1g0h4.jpg,0,HDPE Plastic,0,HDPE Plastic,0.9997840523719788,0.9997840523719788,7.099399954313412e-05,9.87480379990302e-05,2.5164938051602803e-05,2.097346259688493e-05
/Users/aswanathjs/Downloads/test9/ai_plastic_waste_management_training/LDPE Plastic/plastic_bags/plasticbag (136).jpg,1,LDPE Plastic,1,LDPE Plastic,0.994371771812439,0.0014703870983794332,0.994371771812439,0.00021976303833071142,0.0025797116104513407,0.0013583590043708682
/Users/aswanathjs/Downloads/test9/ai_plastic_waste_management_training/PET Plastic/black_white_plastic_bottles/amcip_jpg.rf.07ca697a8a4cf55090b0845e49e5dee3.jpg,2,PET Plastic,2,PET Plastic,0.9997153878211975,1.073793009709334e-05,0.00012178553151898086,0.9997153878211975,9.917621355270967e-05,5.287819658406079e-05
/Users/aswanathjs/Downloads/test9/ai_plastic_waste_management_training/HDPE Plastic/detergent_bottles/0096_a02b04c1d0e0f0g0h1.jpg,0,HDPE Plastic,0,HDPE Plastic,0.998289167881012,0.998289167881012,6.580106855835766e-05,0.0005639835144393146,0.0007197541417554021,0.00036128106876276433
/Users/aswanathjs/Downloads/test9/ai_plastic_waste_management_training/PET Plastic/black_white_plastic_bottles/bgohi_jpg.rf.cf847f578fcd94148a6c31a83fbfe20f.jpg,2,PET Plastic,2,PET Plastic,0.999320387840271,0.00047644562437199056,2.7510071959113702e-05,0.999320387840271,3.7137764593353495e-05,0.00013853838026989251
/Users/aswanathjs/Downloads/test9/ai_plastic_waste_management_training/LDPE Plastic/black_white__plastic_bags/0157_jpg.rf.7f3e73c17f516b83e16707a2c6852456.jpg,1,LDPE Plastic,1,LDPE Plastic,0.9967694282531738,1.4491368347080424e-05,0.9967694282531738,0.0001583836565259844,9.625757957110181e-05,0.0029614665545523167
/Users/aswanathjs/Downloads/test9/ai_plastic_waste_management_training/PS Plastic/foam_containers/Image_159.png,4,PS Plastic,4,PS Plastic,0.5544010400772095,0.06827013194561005,0.17537681758403778,0.008136861026287079,0.19381514191627502,0.5544010400772095
/Users/aswanathjs/Downloads/test9/ai_plastic_waste_management_training/PS Plastic/foam_containers/Image_157.png,4,PS Plastic,4,PS Plastic,0.7947881817817688,0.022522171959280968,0.10314440727233887,0.005669313948601484,0.07387581467628479,0.7947881817817688
/Users/aswanathjs/Downloads/test9/ai_plastic_waste_management_training/HDPE Plastic/detergent_bottles/0096_a02b04c1d1e0f0g0h3.jpg,0,HDPE Plastic,0,HDPE Plastic,0.9994276165962219,0.9994276165962219,2.0704104827018455e-05,2.160275835194625e-05,0.0004815868742298335,4.853978316532448e-05
/Users/aswanathjs/Downloads/test9/ai_plastic_waste_management_training/HDPE Plastic/detergent_botteles_grey/0096_a02b04c1d1e0f0g0h3.jpg,0,HDPE Plastic,0,HDPE Plastic,0.9988740086555481,0.9988740086555481,0.0005092754727229476,3.0112401873338968e-05,0.0005155645194463432,7.093242311384529e-05
/Users/aswanathjs/Downloads/test9/ai_plastic_waste_management_training/LDPE Plastic/plastic_bags/plasticbag (108).jpg,1,LDPE Plastic,1,LDPE Plastic,0.9359328746795654,0.011825584806501865,0.9359328746795654,0.017279526218771935,0.004676999989897013,0.030285075306892395
/Users/aswanathjs/Downloads/test9/ai_plastic_waste_management_training/LDPE Plastic/black_white__plastic_bags/0098_jpg.rf.5b705dd9b706e7b8b8e109c0fbc07f06.jpg,1,LDPE Plastic,1,LDPE Plastic,0.9970654845237732,0.00029989235918037593,0.9970654845237732,7.962636300362647e-05,0.0022975835017859936,0.0002574931422714144
/Users/aswanathjs/Downloads/test9/ai_plastic_waste_management_training/LDPE Plastic/black_white__plastic_bags/0241_jpg.rf.62b35e16b1e00c19df5a1d505eefbf4f.jpg,1,LDPE Plastic,1,LDPE Plastic,0.9994207620620728,6.31386719760485e-05,0.9994207620620728,0.00014991922944318503,5.318873445503414e-05,0.0003130239783786237
/Users/aswanathjs/Downloads/test9/ai_plastic_waste_management_training/PET Plastic/black_white_plastic_bottles/cfklg_jpg.rf.bb2bd11c0ad56a75e50c389e2a8ead15.jpg,2,PET Plastic,2,PET Plastic,0.9985400438308716,0.00015554569836240262,0.0002745716192293912,0.9985400438308716,0.0005285956431180239,0.0005013454356230795
/Users/aswanathjs/Downloads/test9/ai_plastic_waste_management_training/PET Plastic/shampoo_bottles/0015_a05b00c1d3e1f1g0h2.jpg,2,PET Plastic,2,PET Plastic,0.9961590766906738,0.0006603189394809306,0.00013335380936041474,0.9961590766906738,0.002203192561864853,0.0008440096280537546
/Users/aswanathjs/Downloads/test9/ai_plastic_waste_management_training/HDPE Plastic/milk_bottles/HDPEM229.jpg,0,HDPE Plastic,0,HDPE Plastic,0.9994638562202454,0.9994638562202454,5.636752030113712e-05,8.28714037197642e-05,0.00033555671689100564,6.14035889157094e-05
/Users/aswanathjs/Downloads/test9/ai_plastic_waste_management_training/HDPE Plastic/milk_bottles_grey/HDPEM229.jpg,0,HDPE Plastic,0,HDPE Plastic,0.9977789521217346,0.9977789521217346,0.00023268579388968647,0.00011356824688846245,0.0016108631389215589,0.00026390678249299526
/Users/aswanathjs/Downloads/test9/ai_plastic_waste_management_training/PP Plastic/round_containers/IMG_20220209_174703.jpg,3,PP Plastic,3,PP Plastic,0.9957113265991211,0.0010952692246064544,0.0018195791635662317,0.000649971654638648,0.9957113265991211,0.0007239322294481099
"/Users/aswanathjs/Downloads/test9/ai_plastic_waste_management_training/PET Plastic/plastic_bottles/PET1,633.jpg",2,PET Plastic,2,PET Plastic,0.9980300068855286,0.00018727841961663216,0.0002913961070589721,0.9980300068855286,0.0009294081246480346,0.0005618979339487851
/Users/aswanathjs/Downloads/test9/ai_plastic_waste_management_training/PET Plastic/plastic_bottles/PET998.jpg,2,PET Plastic,2,PET Plastic,0.999622106552124,0.00019640885875560343,8.036011422518641e-05,0.999622106552124,3.7881964090047404e-05,6.33056988590397e-05
/Users/aswanathjs/Downloads/test9/ai_plastic_waste_management_training/LDPE Plastic/black_white__plastic_bags/0261_jpg.rf.f37ca61bfe06d11a4b818dbe14bcce94.jpg,1,LDPE Plastic,1,LDPE Plastic,0.9940871000289917,0.0011109275510534644,0.9940871000289917,0.0015945745399221778,0.0020290834363549948,0.0011783797526732087
/Users/aswanathjs/Downloads/test9/ai_plastic_waste_management_training/LDPE Plastic/black_white__plastic_bags/0238_jpg.rf.90501b6479a5078099f052c36ce27707.jpg,1,LDPE Plastic,1,LDPE Plastic,0.9997681975364685,2.3182416043709964e-05,0.9997681975364685,1.4642259884567466e-05,9.231460717273876e-05,0.00010159566591028124
/Users/aswanathjs/Downloads/test9/ai_plastic_waste_management_training/PET Plastic/plastic_bottles/PET697.jpg,2,PET Plastic,2,PET Plastic,0.9997028708457947,2.3413878807332367e-05,8.346100366907194e-05,0.9997028708457947,6.53881361358799e-05,0.00012486659397836775
/Users/aswanathjs/Downloads/test9/ai_plastic_waste_management_training/HDPE Plastic/milk_bottles/HDPEM386.jpg,0,HDPE Plastic,0,HDPE Plastic,0.9992522597312927,0.9992522597312927,5.929667531745508e-05,0.00045727132237516344,8.785194950178266e-05,0.00014335522428154945
/Users/aswanathjs/Downloads/test9/ai_plastic_waste_management_training/HDPE Plastic/milk_bottles/HDPEM131.jpg,0,HDPE Plastic,0,HDPE Plastic,0.9985800981521606,0.9985800981521606,0.00017366318206768483,0.00014231145905796438,0.0007847277447581291,0.000319250684697181
/Users/aswanathjs/Downloads/test9/ai_plastic_waste_management_training/PS Plastic/foam_sheets/PS-516_jpg.rf.3facb79a8b04a6d852f51994a02adf8d.jpg,4,PS Plastic,4,PS Plastic,0.9997580647468567,3.0114058972685598e-05,0.00010228477185592055,5.4649775847792625e-05,5.482061897055246e-05,0.9997580647468567
/Users/aswanathjs/Downloads/test9/ai_plastic_waste_management_training/HDPE Plastic/milk_bottles/HDPEM22.jpg,0,HDPE Plastic,0,HDPE Plastic,0.9018385410308838,0.9018385410308838,0.007157670799642801,0.0007397369481623173,0.010786590166389942,0.07947739958763123
/Users/aswanathjs/Downloads/test9/ai_plastic_waste_management_training/PS Plastic/foam_sheets/PS-553_jpg.rf.2b55405fe1c5400324d71fefd8fa7800.jpg,4,PS Plastic,4,PS Plastic,0.9997120499610901,2.6572184651740827e-05,0.00012375864025671035,3.678495704662055e-05,0.00010074220335809514,0.9997120499610901
"/Users/aswanathjs/Downloads/test9/ai_plastic_waste_management_training/PET Plastic/plastic_bottles/PET1,246.jpg",2,PET Plastic,2,PET Plastic,0.9993545413017273,0.0005641201278194785,1.2784916179953143e-05,0.9993545413017273,3.7947636883473024e-05,3.056258356082253e-05
/Users/aswanathjs/Downloads/test9/ai_plastic_waste_management_training/PS Plastic/foam_sheets/PS-745_jpg.rf.fa2e8c9df1912a705ad9bb778658360b.jpg,4,PS Plastic,4,PS Plastic,0.9991934895515442,0.00011482900299597532,7.408751116599888e-05,0.00021805455617140979,0.0003994549624621868,0.9991934895515442
/Users/aswanathjs/Downloads/test9/ai_plastic_waste_management_training/LDPE Plastic/plastic_bags_grey/LDPE-587_jpg.rf.71633c7f379410ab207a7f5f645cec75.jpg,1,LDPE Plastic,1,LDPE Plastic,0.9993048906326294,0.00010612130427034572,0.9993048906326294,0.0003180885105393827,6.587958341697231e-05,0.00020501545805018395
/Users/aswanathjs/Downloads/test9/ai_plastic_waste_management_training/LDPE Plastic/plastic_bags/LDPE-587_jpg.rf.71633c7f379410ab207a7f5f645cec75.jpg,1,LDPE Plastic,1,LDPE Plastic,0.9993662238121033,0.00013864955690223724,0.9993662238121033,0.00018740865925792605,0.00010711626237025484,0.0002006092545343563
/Users/aswanathjs/Downloads/test9/ai_plastic_waste_management_training/PET Plastic/plastic_bottles/PET315.jpg,2,PET Plastic,2,PET Plastic,0.9732251167297363,0.020880039781332016,0.002975758630782366,0.9732251167297363,0.0017313009593635798,0.0011878047371283174
/Users/aswanathjs/Downloads/test9/ai_plastic_waste_management_training/LDPE Plastic/black_white__plastic_bags/0190_jpg.rf.978a839afed93a8942f10bfa53782ca3.jpg,1,LDPE Plastic,1,LDPE Plastic,0.9998700618743896,0.00010818442387972027,0.9998700618743896,1.0338335414417088e-05,4.216898105369182e-06,7.192118118837243e-06
/Users/aswanathjs/Downloads/test9/ai_plastic_waste_management_training/HDPE Plastic/detergent_bottles/0039_a02b01c2d2e0f1g0h2.jpg,0,HDPE Plastic,0,HDPE Plastic,0.9999291896820068,0.9999291896820068,2.7410635539126815e-06,4.6503409976139665e-05,8.021382200240623e-06,1.35692043841118e-05
/Users/aswanathjs/Downloads/test9/ai_plastic_waste_management_training/PET Plastic/black_white_plastic_bottles/arbgx_jpg.rf.18ab2d8a97f0ed6065c96264854b42ef.jpg,2,PET Plastic,2,PET Plastic,0.9996358156204224,0.00010054103040602058,1.9735927708097734e-05,0.9996358156204224,0.0001223574363393709,0.0001215980519191362
/Users/aswanathjs/Downloads/test9/ai_plastic_waste_management_training/HDPE Plastic/milk_bottles/HDPEM209.jpg,0,HDPE Plastic,0,HDPE Plastic,0.9983475208282471,0.9983475208282471,0.00018945519695989788,0.0005076082888990641,0.0005578558775596321,0.000397667899960652
/Users/aswanathjs/Downloads/test9/ai_plastic_waste_management_training/LDPE Plastic/plastic_bags/LDPE-471_jpg.rf.c31a2c365dd4102deb4f27a80bad3d4e.jpg,1,LDPE Plastic,1,LDPE Plastic,0.9950319528579712,0.0010376105783507228,0.9950319528579712,0.002030703006312251,0.0003665895201265812,0.0015331036411225796
/Users/aswanathjs/Downloads/test9/ai_plastic_waste_management_training/PET Plastic/shampoo_bottles/0080_a05b00c1d2e0f1g0h3.jpg,2,PET Plastic,2,PET Plastic,0.9967041611671448,0.0003681590605992824,0.00030202773632481694,0.9967041611671448,0.002189433667808771,0.0004362842009868473
/Users/aswanathjs/Downloads/test9/ai_plastic_waste_management_training/PET Plastic/plastic_bottles/PET301.jpg,2,PET Plastic,2,PET Plastic,0.9999762773513794,7.283980721695116e-06,2.325255536561599e-06,0.9999762773513794,4.5200836211733986e-06,9.603884791431483e-06
/Users/aswanathjs/Downloads/test9/ai_plastic_waste_management_training/PET Plastic/plastic_bottles/PET566.jpg,2,PET Plastic,2,PET Plastic,0.9998039603233337,6.27635745331645e-05,1.1398680726415478e-05,0.9998039603233337,7.544755499111488e-05,4.6450870286207646e-05
/Users/aswanathjs/Downloads/test9/ai_plastic_waste_management_training/LDPE Plastic/plastic_bags/LDPE-483_jpg.rf.6953799daaa8663a1b0f83270c56396d.jpg,1,LDPE Plastic,1,LDPE Plastic,0.9998360872268677,1.5771061953273602e-05,0.9998360872268677,8.19279084680602e-05,3.991138146375306e-05,2.6305977371521294e-05
/Users/aswanathjs/Downloads/test9/ai_plastic_waste_management_training/HDPE Plastic/shampoo_bottles/0099_a02b01c2d2e0f1g0h1.jpg,0,HDPE Plastic,0,HDPE Plastic,0.9986372590065002,0.9986372590065002,9.260110527975485e-05,0.0003313286870252341,0.0008301640045829117,0.00010868050594581291
/Users/aswanathjs/Downloads/test9/ai_plastic_waste_management_training/LDPE Plastic/plastic_bags/LDPE-31_jpg.rf.11403c96c374608d8e1d3b7e6780402c.jpg,1,LDPE Plastic,1,LDPE Plastic,0.9915667176246643,0.0006602728390134871,0.9915667176246643,0.0030853881035000086,0.0007644236902706325,0.0039231544360518456
/Users/aswanathjs/Downloads/test9/ai_plastic_waste_management_training/HDPE Plastic/shampoo_bottles/0077_a02b01c2d3e0f1g0h1.jpg,0,HDPE Plastic,0,HDPE Plastic,0.9999154806137085,0.9999154806137085,5.253660674497951e-06,3.827227919828147e-05,2.6027992134913802e-05,1.5017056284705177e-05
/Users/aswanathjs/Downloads/test9/ai_plastic_waste_management_training/HDPE Plastic/milk_bottles/HDPEM360.jpg,0,HDPE Plastic,0,HDPE Plastic,0.9993818998336792,0.9993818998336792,9.353838322567753e-06,6.830625352449715e-05,0.0005113060469739139,2.9159455152694136e-05
/Users/aswanathjs/Downloads/test9/ai_plastic_waste_management_training/PS Plastic/foam_containers/styrofoam-155-_jpg.rf.8112fc6e200813cb30aa96a85bb1e9b8.jpg,4,PS Plastic,4,PS Plastic,0.9952927827835083,0.0017612312221899629,0.0003284157137386501,2.2804742911830544e-05,0.002594810212031007,0.9952927827835083
/Users/aswanathjs/Downloads/test9/ai_plastic_waste_management_training/HDPE Plastic/detergent_bottles/0098_a02b03c1d1e0f0g0h4.jpg,0,HDPE Plastic,0,HDPE Plastic,0.9973612427711487,0.9973612427711487,0.0003630814317148179,9.583810606272891e-05,0.0019271087367087603,0.0002527156029827893
/Users/aswanathjs/Downloads/test9/ai_plastic_waste_management_training/PET Plastic/black_white_plastic_bottles/dpomr_jpg.rf.ab8a28a7730fb63c0b7ae72fc5b64c7a.jpg,2,PET Plastic,2,PET Plastic,0.9999626874923706,1.440800247110019e-06,5.323460300132865e-06,0.9999626874923706,9.538464837532956e-06,2.0972569473087788e-05
/Users/aswanathjs/Downloads/test9/ai_plastic_waste_management_training/PET Plastic/black_white_plastic_bottles/cqkau_jpg.rf.2182440ea8e7e4e637da1f4d7699d4f4.jpg,2,PET Plastic,2,PET Plastic,0.9945711493492126,0.00011771195568144321,0.0035887386184185743,0.9945711493492126,0.0007197763188742101,0.0010025694500654936
/Users/aswanathjs/Downloads/test9/ai_plastic_waste_management_training/HDPE Plastic/shampoo_bottles/0061_a02b01c2d3e0f1g0h0.jpg,0,HDPE Plastic,0,HDPE Plastic,0.9992173910140991,0.9992173910140991,0.00011252128751948476,6.684147228952497e-05,0.0003794498334173113,0.00022382609313353896
/Users/aswanathjs/Downloads/test9/ai_plastic_waste_management_training/PP Plastic/square_containers_grey/IMG_20220209_173111.jpg,3,PP Plastic,3,PP Plastic,0.9892442226409912,0.002009632298722863,0.0005223437328822911,0.0007023951038718224,0.9892442226409912,0.007521391846239567
/Users/aswanathjs/Downloads/test9/ai_plastic_waste_management_training/PP Plastic/square_containers/IMG_20220209_173111.jpg,3,PP Plastic,3,PP Plastic,0.9979724287986755,0.0014154621167108417,0.00015037549019325525,3.165338057442568e-05,0.9979724287986755,0.0004301248409319669
/Users/aswanathjs/Downloads/test9/ai_plastic_waste_management_training/PET Plastic/shampoo_bottles/0015_a05b00c1d2e1f1g0h3.jpg,2,PET Plastic,2,PET Plastic,0.9975128173828125,0.001901251613162458,1.3813073564961087e-05,0.9975128173828125,0.0005124433082528412,5.967831384623423e-05
/Users/aswanathjs/Downloads/test9/ai_plastic_waste_management_training/LDPE Plastic/plastic_bags/train_LDPE-6_jpg.rf.e4dbd04b7817daefe90e70465425a44a.jpg,1,LDPE Plastic,1,LDPE Plastic,0.9898803234100342,0.0011206556810066104,0.9898803234100342,0.0016942566726356745,0.002361861988902092,0.004942964296787977
/Users/aswanathjs/Downloads/test9/ai_plastic_waste_management_training/HDPE Plastic/shampoo_bottles/0063_a02b01c2d2e0f1g1h2.jpg,0,HDPE Plastic,0,HDPE Plastic,0.9875645041465759,0.9875645041465759,0.0016264149453490973,0.001103131682612002,0.008570494130253792,0.0011354725575074553
/Users/aswanathjs/Downloads/test9/ai_plastic_waste_management_training/HDPE Plastic/milk_bottles/P_W (1066).jpg,0,HDPE Plastic,0,HDPE Plastic,0.9969714879989624,0.9969714879989624,9.996961307479069e-05,0.0008118490222841501,0.0011314578587189317,0.0009852172806859016
/Users/aswanathjs/Downloads/test9/ai_plastic_waste_management_training/PP Plastic/rectangle_containers/0011_a05b00c1d2e0f0g0h0.jpg,3,PP Plastic,3,PP Plastic,0.9988304972648621,0.0004136137431487441,0.0001746312336763367,0.0002681779442355037,0.9988304972648621,0.00031305727316066623
/Users/aswanathjs/Downloads/test9/ai_plastic_waste_management_training/PP Plastic/square_containers/0011_a05b00c1d2e0f0g0h0.jpg,3,PP Plastic,3,PP Plastic,0.9988304972648621,0.0004136137431487441,0.0001746312336763367,0.0002681779442355037,0.9988304972648621,0.00031305727316066623
/Users/aswanathjs/Downloads/test9/ai_plastic_waste_management_training/LDPE Plastic/plastic_bags/train_LDPE-71_jpg.rf.02a70bcaf7f2d9df1c71fb6ca68860e6.jpg,1,LDPE Plastic,1,LDPE Plastic,0.9986238479614258,0.00016723065346013755,0.9986238479614258,0.0006948868976905942,0.0001571891625644639,0.0003569591499399394
/Users/aswanathjs/Downloads/test9/ai_plastic_waste_management_training/HDPE Plastic/shampoo_bottles/0061_a02b01c1d3e0f1g0h0.jpg,0,HDPE Plastic,0,HDPE Plastic,0.9997128844261169,0.9997128844261169,6.667052366537973e-05,2.8058404495823197e-05,9.653410234022886e-05,9.590680565452203e-05
/Users/aswanathjs/Downloads/test9/ai_plastic_waste_management_training/PS Plastic/foam_sheets/PS-596_jpg.rf.d5ef4bfb65cddfd280ac731f411a2f78.jpg,4,PS Plastic,4,PS Plastic,0.9986540079116821,0.00035752885742112994,0.0005316691240295768,0.00018665476818569005,0.0002701405028346926,0.9986540079116821
/Users/aswanathjs/Downloads/test9/ai_plastic_waste_management_training/PET Plastic/plastic_bottles/PET318.jpg,2,PET Plastic,2,PET Plastic,0.993310809135437,0.0012710909359157085,0.0013136714696884155,0.993310809135437,0.0018800406251102686,0.002224393654614687
/Users/aswanathjs/Downloads/test9/ai_plastic_waste_management_training/HDPE Plastic/shampoo_bottles/0099_a02b01c1d3e0f1g0h1.jpg,0,HDPE Plastic,0,HDPE Plastic,0.998213529586792,0.998213529586792,0.00012414118100423366,0.00021175995061639696,0.0013589158188551664,9.157831664197147e-05
/Users/aswanathjs/Downloads/test9/ai_plastic_waste_management_training/PET Plastic/plastic_bottles/PET590.jpg,2,PET Plastic,2,PET Plastic,0.9996520280838013,0.00026660814182832837,3.96665018342901e-06,0.9996520280838013,3.57530007022433e-05,4.166513099335134e-05
/Users/aswanathjs/Downloads/test9/ai_plastic_waste_management_training/LDPE Plastic/black_white__plastic_bags/0231_jpg.rf.8f1ada47c955efa6f7a8ff3805caa693.jpg,1,LDPE Plastic,1,LDPE Plastic,0.9998674392700195,9.066027814697009e-06,0.9998674392700195,4.700620047515258e-05,1.1884972082043532e-05,6.452660454669967e-05
/Users/aswanathjs/Downloads/test9/ai_plastic_waste_management_training/PP Plastic/round_containers/IMG20220210150831.jpg,3,PP Plastic,3,PP Plastic,0.97775799036026,0.0020865406841039658,0.006768201012164354,0.002091567497700453,0.97775799036026,0.011295718140900135
/Users/aswanathjs/Downloads/test9/ai_plastic_waste_management_training/LDPE Plastic/bin_bags/Image_58.png,1,LDPE Plastic,1,LDPE Plastic,0.9993360638618469,0.0004461559874471277,0.9993360638618469,1.4522172932629474e-05,6.535473221447319e-05,0.0001378257729811594
/Users/aswanathjs/Downloads/test9/ai_plastic_waste_management_training/PS Plastic/form_containers_grey/Image_58.png,1,LDPE Plastic,1,LDPE Plastic,0.4701583683490753,0.025884440168738365,0.4701583683490753,0.0033320272341370583,0.06871497631072998,0.4319101870059967
/Users/aswanathjs/Downloads/test9/ai_plastic_waste_management_training/PS Plastic/foam_containers/Image_58.png,1,LDPE Plastic,1,LDPE Plastic,0.4693681299686432,0.025939971208572388,0.4693681299686432,0.003334192093461752,0.06875932961702347,0.43259838223457336
/Users/aswanathjs/Downloads/test9/ai_plastic_waste_management_training/HDPE Plastic/shampoo_bottles/0075_a02b01c1d0e0f0g0h1.jpg,0,HDPE Plastic,0,HDPE Plastic,0.9988532066345215,0.9988532066345215,0.00020899959781672806,0.000645645777694881,0.0002113416703650728,8.081440319074318e-05
/Users/aswanathjs/Downloads/test9/ai_plastic_waste_management_training/HDPE Plastic/milk_bottles/HDPEM80.jpg,0,HDPE Plastic,0,HDPE Plastic,0.999371349811554,0.999371349811554,0.000154107779962942,8.142204751493409e-05,0.0002449813182465732,0.0001482048537582159
/Users/aswanathjs/Downloads/test9/ai_plastic_waste_management_training/LDPE Plastic/bin_bags/Image_60.png,1,LDPE Plastic,1,LDPE Plastic,0.9147160053253174,0.07043085992336273,0.9147160053253174,0.0036692116409540176,0.005901882890611887,0.005281999707221985
/Users/aswanathjs/Downloads/test9/ai_plastic_waste_management_training/PS Plastic/foam_containers/Image_60.png,1,LDPE Plastic,1,LDPE Plastic,0.7121532559394836,0.03134309500455856,0.7121532559394836,0.009012991562485695,0.09054197371006012,0.15694865584373474
/Users/aswanathjs/Downloads/test9/ai_plastic_waste_management_training/HDPE Plastic/shampoo_bottles/0023_a02b01c1d3e0f1g0h0.jpg,0,HDPE Plastic,0,HDPE Plastic,0.9930258989334106,0.9930258989334106,6.275592022575438e-05,0.0006284512928687036,0.006110495422035456,0.00017239857697859406
/Users/aswanathjs/Downloads/test9/ai_plastic_waste_management_training/PET Plastic/black_white_plastic_bottles/bxqtf_jpg.rf.8953710a25c45ea6d46dd60a14bd9685.jpg,2,PET Plastic,2,PET Plastic,0.9998199343681335,3.4863689506892115e-05,1.318660633842228e-05,0.9998199343681335,1.2112508557038382e-05,0.00011997355613857508
/Users/aswanathjs/Downloads/test9/ai_plastic_waste_management_training/HDPE Plastic/detergent_bottles/0096_a02b04c2d2e0f0g0h3.jpg,0,HDPE Plastic,0,HDPE Plastic,0.9994345307350159,0.9994345307350159,7.370245293714106e-05,5.901157419430092e-05,0.0003965890791732818,3.6218450986780226e-05
/Users/aswanathjs/Downloads/test9/ai_plastic_waste_management_training/HDPE Plastic/detergent_botteles_grey/0096_a02b04c2d2e0f0g0h3.jpg,0,HDPE Plastic,0,HDPE Plastic,0.9963921904563904,0.9963921904563904,0.0015990990214049816,0.0002854829072020948,0.0013824024936184287,0.00034086318919435143
/Users/aswanathjs/Downloads/test9/ai_plastic_waste_management_training/LDPE Plastic/plastic_bags/LDPE-62_jpg.rf.c42e94513945b3935fa53a486ff698f9.jpg,1,LDPE Plastic,1,LDPE Plastic,0.9988073110580444,0.0003995799634139985,0.9988073110580444,0.0003124806098639965,0.00013698033581022173,0.00034368838532827795
/Users/aswanathjs/Downloads/test9/ai_plastic_waste_management_training/LDPE Plastic/plastic_bags/LDPE-126_jpg.rf.afd7529378d3973e56c85621c07344fd.jpg,1,LDPE Plastic,1,LDPE Plastic,0.9993177652359009,0.00010579627269180492,0.9993177652359009,0.0002558240375947207,8.842509851092473e-05,0.00023220297589432448
/Users/aswanathjs/Downloads/test9/ai_plastic_waste_management_training/HDPE Plastic/shampoo_bottles/0078_a02b07c2d2e0f1g0h2.jpg,0,HDPE Plastic,0,HDPE Plastic,0.9974505305290222,0.9974505305290222,0.0011362992227077484,8.387982961721718e-05,0.0012331277830526233,9.620153286959976e-05
/Users/aswanathjs/Downloads/test9/ai_plastic_waste_management_training/PP Plastic/rectangle_containers/0011_a05b00c1d1e0f0g0h2.jpg,3,PP Plastic,3,PP Plastic,0.9993661046028137,4.425828592502512e-05,5.3937252232572064e-05,0.0005076657980680466,0.9993661046028137,2.7975287594017573e-05
/Users/aswanathjs/Downloads/test9/ai_plastic_waste_management_training/PP Plastic/square_containers/0011_a05b00c1d1e0f0g0h2.jpg,3,PP Plastic,3,PP Plastic,0.9993661046028137,4.425828592502512e-05,5.3937252232572064e-05,0.0005076657980680466,0.9993661046028137,2.7975287594017573e-05
/Users/aswanathjs/Downloads/test9/ai_plastic_waste_management_training/LDPE Plastic/plastic_bags/plasticbag (110).jpg,1,LDPE Plastic,1,LDPE Plastic,0.9995889067649841,2.5362389351357706e-05,0.9995889067649841,0.00016787603090051562,0.00010876270971493796,0.0001091003287001513
/Users/aswanathjs/Downloads/test9/ai_plastic_waste_management_training/PP Plastic/irregular_containers/valid_PP-99_jpg.rf.5722276814f4225b80e324036bebfad4.jpg,3,PP Plastic,3,PP Plastic,0.999159574508667,9.100660099647939e-05,0.0003200555802322924,0.00012127798981964588,0.999159574508667,0.00030810164753347635
/Users/aswanathjs/Downloads/test9/ai_plastic_waste_management_training/PP Plastic/irregular_containers_grey/valid_PP-99_jpg.rf.5722276814f4225b80e324036bebfad4.jpg,3,PP Plastic,3,PP Plastic,0.9988642930984497,0.0001786962093319744,0.00033611265826039016,0.00021350168390199542,0.9988642930984497,0.0004073441668879241
/Users/aswanathjs/Downloads/test9/ai_plastic_waste_management_training/PS Plastic/foam_containers/img_-_1_jpeg.rf.aae6e0cb2d96a114b2a2151b2c2fcc75.jpg,4,PS Plastic,4,PS Plastic,0.9945058226585388,0.00025399343576282263,0.005029399413615465,0.00010466614185133949,0.00010617527732392773,0.9945058226585388
/Users/aswanathjs/Downloads/test9/ai_plastic_waste_management_training/HDPE Plastic/milk_bottles/HDPEM24.jpg,0,HDPE Plastic,0,HDPE Plastic,0.9954022169113159,0.9954022169113159,7.748790812911466e-05,0.0040448373183608055,9.698347275843844e-05,0.00037856452399864793
/Users/aswanathjs/Downloads/test9/ai_plastic_waste_management_training/HDPE Plastic/milk_bottles_grey/HDPEM24.jpg,0,HDPE Plastic,0,HDPE Plastic,0.9345407485961914,0.9345407485961914,0.003351405495777726,0.04724324122071266,0.0042625917121768,0.010601898655295372
/Users/aswanathjs/Downloads/test9/ai_plastic_waste_management_training/PET Plastic/black_white_plastic_bottles/bcqux_jpg.rf.f3976177316a74e116b0044901dcfca4.jpg,2,PET Plastic,2,PET Plastic,0.9998704195022583,2.9633241865667515e-05,1.2353692000033334e-05,0.9998704195022583,2.061484156001825e-05,6.692509487038478e-05
/Users/aswanathjs/Downloads/test9/ai_plastic_waste_management_training/PET Plastic/shampoo_bottles/0015_a05b00c1d2e1f1g0h1.jpg,2,PET Plastic,2,PET Plastic,0.9987419247627258,7.023796206340194e-05,6.1796586123819e-06,0.9987419247627258,0.0009841884020715952,0.00019749136117752641
/Users/aswanathjs/Downloads/test9/ai_plastic_waste_management_training/HDPE Plastic/shampoo_bottles/0099_a02b01c2d3e0f1g0h4.jpg,0,HDPE Plastic,0,HDPE Plastic,0.9943385720252991,0.9943385720252991,0.0009565628133714199,0.0006892742239870131,0.002855740487575531,0.001159914187155664
"/Users/aswanathjs/Downloads/test9/ai_plastic_waste_management_training/PET Plastic/plastic_bottles/PET1,442.jpg",2,PET Plastic,2,PET Plastic,0.9997565150260925,0.00015356131189037114,1.2989280548936222e-05,0.9997565150260925,4.207547681289725e-05,3.489670416456647e-05
/Users/aswanathjs/Downloads/test9/ai_plastic_waste_management_training/LDPE Plastic/plastic_bags/LDPE-51_jpg.rf.ce5a2bd661d9d7eae064df3df00d5257.jpg,1,LDPE Plastic,1,LDPE Plastic,0.9995505213737488,8.476409129798412e-05,0.9995505213737488,3.3741529477993026e-05,0.00017565907910466194,0.00015532328689005226
/Users/aswanathjs/Downloads/test9/ai_plastic_waste_management_training/PET Plastic/shampoo_bottles/0080_a05b00c2d0e0f1g0h0.jpg,2,PET Plastic,2,PET Plastic,0.9980103373527527,0.0017075187060981989,1.4169123460305855e-05,0.9980103373527527,8.729888941161335e-05,0.00018071594240609556
/Users/aswanathjs/Downloads/test9/ai_plastic_waste_management_training/HDPE Plastic/shampoo_bottles/0061_a02b01c1d3e0f1g0h2(1).jpg,0,HDPE Plastic,0,HDPE Plastic,0.9994076490402222,0.9994076490402222,5.623302422463894e-05,0.0002572553639765829,0.00016516381583642215,0.00011381135118426755
"/Users/aswanathjs/Downloads/test9/ai_plastic_waste_management_training/PET Plastic/plastic_bottles/PET1,300.jpg",2,PET Plastic,2,PET Plastic,0.9994626641273499,0.0003447722992859781,6.482497701654211e-05,0.9994626641273499,2.96188700303901e-05,9.804115688893944e-05
/Users/aswanathjs/Downloads/test9/ai_plastic_waste_management_training/PET Plastic/plastic_bottles/PET732.jpg,2,PET Plastic,2,PET Plastic,0.9997928738594055,0.00010499843483557925,2.096242860716302e-05,0.9997928738594055,1.7785136151360348e-05,6.345373549265787e-05
/Users/aswanathjs/Downloads/test9/ai_plastic_waste_management_training/HDPE Plastic/shampoo_bottles/0061_a02b01c2d1e0f1g0h3.jpg,0,HDPE Plastic,0,HDPE Plastic,0.9992000460624695,0.9992000460624695,6.958429730730131e-05,0.00017383745580445975,0.0003812427166849375,0.00017531821504235268
/Users/aswanathjs/Downloads/test9/ai_plastic_waste_management_training/HDPE Plastic/detergent_bottles/P_W (488).jpg,0,HDPE Plastic,0,HDPE Plastic,0.9997633099555969,0.9997633099555969,1.9547482224879786e-05,0.00012433509982656687,6.645399116678163e-05,2.631028473842889e-05
/Users/aswanathjs/Downloads/test9/ai_plastic_waste_management_training/PS Plastic/foam_sheets/PS-880_jpg.rf.a916936ed34d0cd3ee2b75c9c82b5aa2.jpg,4,PS Plastic,4,PS Plastic,0.9999626874923706,3.2814750738907605e-06,5.098016117699444e-06,1.7671707610134035e-05,1.1238007573410869e-05,0.9999626874923706
/Users/aswanathjs/Downloads/test9/ai_plastic_waste_management_training/HDPE Plastic/milk_bottles/HDPEM27.jpg,0,HDPE Plastic,0,HDPE Plastic,0.9998428821563721,0.9998428821563721,3.28649184666574e-05,4.136775169172324e-05,1.4853513675916474e-05,6.800586561439559e-05
/Users/aswanathjs/Downloads/test9/ai_plastic_waste_management_training/HDPE Plastic/milk_bottles_grey/HDPEM27.jpg,0,HDPE Plastic,0,HDPE Plastic,0.9994801878929138,0.9994801878929138,7.200790423667058e-05,0.00020151655189692974,7.521080260630697e-05,0.00017109861073549837
/Users/aswanathjs/Downloads/test9/ai_plastic_waste_management_training/PP Plastic/square_containers_grey/Image_13.png,3,PP Plastic,3,PP Plastic,0.9348757266998291,0.0011196425184607506,0.06261201202869415,0.00022356734552886337,0.9348757266998291,0.001169161288999021
/Users/aswanathjs/Downloads/test9/ai_plastic_waste_management_training/PP Plastic/square_containers/Image_13.png,3,PP Plastic,3,PP Plastic,0.9633864760398865,0.0016946133691817522,0.033843062818050385,0.00016140317893587053,0.9633864760398865,0.0009143915958702564
/Users/aswanathjs/Downloads/test9/ai_plastic_waste_management_training/PS Plastic/foam_containers/Image_13.png,3,PP Plastic,4,PS Plastic,0.6875406503677368,0.01797671802341938,0.10390125215053558,0.005864754784852266,0.18471659719944,0.6875406503677368
/Users/aswanathjs/Downloads/test9/ai_plastic_waste_management_training/HDPE Plastic/shampoo_bottles/0063_a02b01c2d3e0f1g1h3.jpg,0,HDPE Plastic,0,HDPE Plastic,0.9986141920089722,0.9986141920089722,0.00018683416419662535,0.0002957929391413927,0.0005409170407801867,0.0003622669028118253
"/Users/aswanathjs/Downloads/test9/ai_plastic_waste_management_training/PET Plastic/plastic_bottles/PET1,242.jpg",2,PET Plastic,2,PET Plastic,0.9987035989761353,0.000639042176771909,6.483915785793215e-05,0.9987035989761353,0.00029010052094236016,0.0003024907782673836
/Users/aswanathjs/Downloads/test9/ai_plastic_waste_management_training/HDPE Plastic/shampoo_bottles/0063_a02b01c1d3e0f1g1h4.jpg,0,HDPE Plastic,0,HDPE Plastic,0.9995015859603882,0.9995015859603882,7.542193634435534e-05,0.00016296669491566718,0.00014332386490423232,0.00011667659418890253
/Users/aswanathjs/Downloads/test9/ai_plastic_waste_management_training/HDPE Plastic/milk_bottles/HDPEM36.jpg,0,HDPE Plastic,0,HDPE Plastic,0.9995848536491394,0.9995848536491394,4.334885034040781e-06,0.00013392692198976874,1.339179198112106e-05,0.00026352176791988313
/Users/aswanathjs/Downloads/test9/ai_plastic_waste_management_training/LDPE Plastic/plastic_bags/plasticbag (45).jpg,1,LDPE Plastic,1,LDPE Plastic,0.9967832565307617,0.0016385630005970597,0.9967832565307617,0.0002332995500182733,0.0007669703918509185,0.0005778978229500353
/Users/aswanathjs/Downloads/test9/ai_plastic_waste_management_training/HDPE Plastic/shampoo_bottles/0065_a02b03c1d2e0f1g0h0.jpg,0,HDPE Plastic,0,HDPE Plastic,0.9844537377357483,0.9844537377357483,0.001988356001675129,0.0014728400856256485,0.009599467739462852,0.0024856040254235268
"/Users/aswanathjs/Downloads/test9/ai_plastic_waste_management_training/PET Plastic/plastic_bottles/PET1,332.jpg",2,PET Plastic,2,PET Plastic,0.9826638102531433,0.016272490844130516,4.48564205726143e-05,0.9826638102531433,0.0004628223832696676,0.0005559618584811687
/Users/aswanathjs/Downloads/test9/ai_plastic_waste_management_training/LDPE Plastic/plastic_bags/plasticbag (182).jpg,1,LDPE Plastic,1,LDPE Plastic,0.9977083206176758,0.00012243683158885688,0.9977083206176758,0.00011405034456402063,0.0008696880540810525,0.0011855204356834292
/Users/aswanathjs/Downloads/test9/ai_plastic_waste_management_training/LDPE Plastic/plastic_bags/train_LDPE-38_jpg.rf.dd7b92b1dfdcc37993b6847f2dcbbf0c.jpg,1,LDPE Plastic,1,LDPE Plastic,0.9997302889823914,0.00022947974503040314,0.9997302889823914,1.2563261407194659e-05,8.41867131384788e-06,1.918941779877059e-05
"/Users/aswanathjs/Downloads/test9/ai_plastic_waste_management_training/PET Plastic/plastic_bottles/PET1,066.jpg",2,PET Plastic,2,PET Plastic,0.9998419284820557,1.2448672350728884e-05,6.522321200463921e-05,0.9998419284820557,1.390603938489221e-05,6.641581421718001e-05
/Users/aswanathjs/Downloads/test9/ai_plastic_waste_management_training/PP Plastic/round_containers/0043_a06b01c2d3e0f0g0h1.jpg,3,PP Plastic,3,PP Plastic,0.9974921941757202,0.000857396749779582,0.0006470337975770235,0.00010271241626469418,0.9974921941757202,0.0009006640175357461
/Users/aswanathjs/Downloads/test9/ai_plastic_waste_management_training/PS Plastic/foam_sheets/PS-527_jpg.rf.1ab717892253dd8aef80e9d9c9967b72.jpg,4,PS Plastic,4,PS Plastic,0.9990242719650269,0.0003089717065449804,0.00035740414750762284,0.00011929189349757507,0.0001900396018754691,0.9990242719650269
/Users/aswanathjs/Downloads/test9/ai_plastic_waste_management_training/LDPE Plastic/plastic_bags/plasticbag (116).jpg,1,LDPE Plastic,1,LDPE Plastic,0.998833954334259,0.00016347809287253767,0.998833954334259,4.828966484637931e-05,0.0005155536928214133,0.0004386548534967005
/Users/aswanathjs/Downloads/test9/ai_plastic_waste_management_training/HDPE Plastic/milk_bottles/HDPEM145.jpg,0,HDPE Plastic,0,HDPE Plastic,0.9766408801078796,0.9766408801078796,0.0009316131472587585,0.013738694600760937,0.007579623255878687,0.0011091887718066573
/Users/aswanathjs/Downloads/test9/ai_plastic_waste_management_training/PP Plastic/round_containers/Image_216.png,3,PP Plastic,3,PP Plastic,0.6258673071861267,0.058284368366003036,0.27373507618904114,0.004995481576770544,0.6258673071861267,0.03711772337555885
/Users/aswanathjs/Downloads/test9/ai_plastic_waste_management_training/PS Plastic/foam_containers/Image_216.png,3,PP Plastic,4,PS Plastic,0.5092517137527466,0.045245274901390076,0.20939479768276215,0.008393433876335621,0.22771483659744263,0.5092517137527466
/Users/aswanathjs/Downloads/test9/ai_plastic_waste_management_training/LDPE Plastic/plastic_bags/LDPE-593_jpg.rf.ad93dd8a1bb5cebd09f0d26f2ae840bf.jpg,1,LDPE Plastic,1,LDPE Plastic,0.9972647428512573,0.0003974840510636568,0.9972647428512573,0.00023788469843566418,0.000946993357501924,0.0011528651230037212
/Users/aswanathjs/Downloads/test9/ai_plastic_waste_management_training/PET Plastic/plastic_bottles/PET292.jpg,2,PET Plastic,2,PET Plastic,0.99925297498703,0.0006507218931801617,3.4519964628998423e-06,0.99925297498703,7.753511454211548e-05,1.5223966329358518e-05
/Users/aswanathjs/Downloads/test9/ai_plastic_waste_management_training/PET Plastic/black_white_plastic_bottles/cltka_jpg.rf.9d65e5c02ad8651d6b3ce4e4872928a2.jpg,2,PET Plastic,2,PET Plastic,0.9999946355819702,4.213034969779983e-07,1.333804675596184e-06,0.9999946355819702,2.83307008430711e-06,8.00864938810264e-07
/Users/aswanathjs/Downloads/test9/ai_plastic_waste_management_training/PP Plastic/round_containers/0043_a06b01c1d0e0f0g0h1.jpg,3,PP Plastic,3,PP Plastic,0.9974731802940369,0.00016663206042721868,0.0001137432482209988,0.0011541611747816205,0.9974731802940369,0.0010921680368483067
/Users/aswanathjs/Downloads/test9/ai_plastic_waste_management_training/PP Plastic/round_containers_grey/0043_a06b01c1d0e0f0g0h1.jpg,3,PP Plastic,3,PP Plastic,0.9975195527076721,0.0005587199702858925,0.000263353023910895,0.0008357003098353744,0.9975195527076721,0.0008226576610468328
/Users/aswanathjs/Downloads/test9/ai_plastic_waste_management_training/PP Plastic/round_containers/0009_a06b01c2d0e0f0g0h0.jpg,3,PP Plastic,3,PP Plastic,0.9782727956771851,0.000761440780479461,0.0006906777853146195,0.01995110884308815,0.9782727956771851,0.00032392123830504715
/Users/aswanathjs/Downloads/test9/ai_plastic_waste_management_training/HDPE Plastic/detergent_bottles/Image_245.png,0,HDPE Plastic,0,HDPE Plastic,0.9965761303901672,0.9965761303901672,0.0017586199101060629,0.0005243751220405102,0.000588212045840919,0.0005526291206479073
/Users/aswanathjs/Downloads/test9/ai_plastic_waste_management_training/PS Plastic/foam_containers/Image_245.png,0,HDPE Plastic,0,HDPE Plastic,0.6261329650878906,0.6261329650878906,0.1357666552066803,0.00801471434533596,0.0899202898144722,0.14016541838645935
/Users/aswanathjs/Downloads/test9/ai_plastic_waste_management_training/PP Plastic/round_containers/0043_a06b01c1d0e0f0g0h3.jpg,3,PP Plastic,3,PP Plastic,0.9606849551200867,0.006583000533282757,0.0005814909818582237,0.031664278358221054,0.9606849551200867,0.0004862312343902886
"/Users/aswanathjs/Downloads/test9/ai_plastic_waste_management_training/PET Plastic/plastic_bottles/PET1,309.jpg",2,PET Plastic,2,PET Plastic,0.9993901252746582,0.00029949448071420193,0.00011437580542406067,0.9993901252746582,0.00012038549175485969,7.554878538940102e-05
/Users/aswanathjs/Downloads/test9/ai_plastic_waste_management_training/LDPE Plastic/plastic_bags/plasticbag (171).jpg,1,LDPE Plastic,1,LDPE Plastic,0.9076523184776306,0.003909234423190355,0.9076523184776306,0.0011290673865005374,0.0778404101729393,0.009469044394791126
/Users/aswanathjs/Downloads/test9/ai_plastic_waste_management_training/LDPE Plastic/plastic_bags/plasticbag (113).jpg,1,LDPE Plastic,1,LDPE Plastic,0.9963160157203674,0.0006157251191325486,0.9963160157203674,0.00034281183616258204,0.0017687424551695585,0.000956691219471395
/Users/aswanathjs/Downloads/test9/ai_plastic_waste_management_training/PS Plastic/foam_sheets/PS-685_jpg.rf.9eef114ced0976930f55ec95b2871d87.jpg,4,PS Plastic,4,PS Plastic,0.9997140765190125,6.47479755571112e-05,6.101286635384895e-05,6.89355656504631e-05,9.134385618381202e-05,0.9997140765190125
/Users/aswanathjs/Downloads/test9/ai_plastic_waste_management_training/PET Plastic/shampoo_bottles/IMG_20220209_220437.jpg,2,PET Plastic,2,PET Plastic,0.9836971163749695,0.005703347269445658,0.0033411087933927774,0.9836971163749695,0.0023710441309958696,0.0048874556086957455
/Users/aswanathjs/Downloads/test9/ai_plastic_waste_management_training/HDPE Plastic/milk_bottles/milk.JPG,0,HDPE Plastic,0,HDPE Plastic,0.9956121444702148,0.9956121444702148,8.620149310445413e-05,0.0021883053705096245,7.252963405335322e-05,0.0020407852716743946
/Users/aswanathjs/Downloads/test9/ai_plastic_waste_management_training/PET Plastic/plastic_bottles/PET789.jpg,2,PET Plastic,2,PET Plastic,0.9989349246025085,0.00044236177927814424,0.00014987050963100046,0.9989349246025085,0.00020018011855427176,0.0002726575476117432
/Users/aswanathjs/Downloads/test9/ai_plastic_waste_management_training/PET Plastic/shampoo_bottles/0050_a05b00c2d3e1f1g0h4.jpg,2,PET Plastic,2,PET Plastic,0.9994754195213318,0.00047333567636087537,2.7078042421635473e-06,0.9994754195213318,4.107889981241897e-05,7.470999207725981e-06
/Users/aswanathjs/Downloads/test9/ai_plastic_waste_management_training/HDPE Plastic/milk_bottles/HDPEM282.jpg,0,HDPE Plastic,0,HDPE Plastic,0.9999830722808838,0.9999830722808838,6.825858690717723e-06,1.0035367949967622e-06,3.9628239392186515e-06,5.121125013829442e-06
/Users/aswanathjs/Downloads/test9/ai_plastic_waste_management_training/LDPE Plastic/plastic_bags/LDPE-766_jpg.rf.46cb6df95c0d853c8ce793e6211684d2.jpg,1,LDPE Plastic,1,LDPE Plastic,0.9986279010772705,7.334250403800979e-05,0.9986279010772705,0.00019374767725821584,0.0004581415269058198,0.0006469583604484797
/Users/aswanathjs/Downloads/test9/ai_plastic_waste_management_training/PS Plastic/form_containers_grey/styrofoam-4-_jpg.rf.3aec867512b18a5a9b59e9feb2bf10d0.jpg,4,PS Plastic,4,PS Plastic,0.9860198497772217,0.00043239325168542564,0.0004998781951144338,3.2471103622810915e-05,0.01301538571715355,0.9860198497772217
/Users/aswanathjs/Downloads/test9/ai_plastic_waste_management_training/PS Plastic/foam_containers/styrofoam-4-_jpg.rf.3aec867512b18a5a9b59e9feb2bf10d0.jpg,4,PS Plastic,4,PS Plastic,0.988824188709259,0.0005586901097558439,0.00020114608923904598,6.809912883909419e-05,0.01034777145832777,0.988824188709259
/Users/aswanathjs/Downloads/test9/ai_plastic_waste_management_training/PET Plastic/shampoo_bottles/0100_a05b00c1d2e0f0g0h3.jpg,2,PET Plastic,2,PET Plastic,0.9999548196792603,7.37300206310465e-06,3.8877642509760335e-06,0.9999548196792603,2.7548625439521857e-05,6.303841473709326e-06
/Users/aswanathjs/Downloads/test9/ai_plastic_waste_management_training/PET Plastic/black_white_plastic_bottles/corew_jpg.rf.47f45a139299ce3a0724a2796e576123.jpg,2,PET Plastic,2,PET Plastic,0.9999209642410278,4.715817340184003e-06,3.882432065438479e-05,0.9999209642410278,1.3484698683896568e-05,2.1952757379040122e-05
/Users/aswanathjs/Downloads/test9/ai_plastic_waste_management_training/PET Plastic/black_white_plastic_bottles/bqkyr_jpg.rf.59ac8694ceb4aab37594c7e7bf52e73b.jpg,2,PET Plastic,2,PET Plastic,0.999479353427887,0.00010911844583461061,2.195388515247032e-05,0.999479353427887,7.915961759863421e-05,0.0003103897615801543
/Users/aswanathjs/Downloads/test9/ai_plastic_waste_management_training/PS Plastic/foam_containers/Image_21.png,4,PS Plastic,4,PS Plastic,0.7039023041725159,0.0783221572637558,0.08038511127233505,0.01323422696441412,0.12415620684623718,0.7039023041725159
"/Users/aswanathjs/Downloads/test9/ai_plastic_waste_management_training/PET Plastic/plastic_bottles/PET1,777.jpg",2,PET Plastic,2,PET Plastic,0.9993025064468384,0.0004030088894069195,2.4382085030083545e-05,0.9993025064468384,0.00019212228653486818,7.799841841915622e-05
/Users/aswanathjs/Downloads/test9/ai_plastic_waste_management_training/PP Plastic/round_containers/0095_a05b01c2d3e0f0g0h1.jpg,3,PP Plastic,3,PP Plastic,0.9923883080482483,0.003376844571903348,0.0015045558102428913,0.0014534732326865196,0.9923883080482483,0.0012767945881932974
/Users/aswanathjs/Downloads/test9/ai_plastic_waste_management_training/PP Plastic/round_containers_grey/0095_a05b01c2d3e0f0g0h1.jpg,3,PP Plastic,3,PP Plastic,0.9937154650688171,0.004009040538221598,0.0007535224431194365,0.0008321267669089139,0.9937154650688171,0.0006898007704876363
"/Users/aswanathjs/Downloads/test9/ai_plastic_waste_management_training/PET Plastic/plastic_bottles/PET1,702.jpg",2,PET Plastic,2,PET Plastic,0.9998966455459595,5.215564669924788e-05,1.6743493688409217e-05,0.9998966455459595,2.1998686861479655e-05,1.2434628843038809e-05
/Users/aswanathjs/Downloads/test9/ai_plastic_waste_management_training/LDPE Plastic/black_white__plastic_bags/0272_jpg.rf.26d2856c0f890cd1ac5db1ca7a86e546.jpg,1,LDPE Plastic,1,LDPE Plastic,0.9986613988876343,0.0009087391663342714,0.9986613988876343,0.00026050052838400006,3.109764293185435e-05,0.00013827088696416467
/Users/aswanathjs/Downloads/test9/ai_plastic_waste_management_training/PET Plastic/black_white_plastic_bottles/dqlxt_jpg.rf.2384d14ec357475cf833b123d11ef5fa.jpg,2,PET Plastic,2,PET Plastic,0.9942004680633545,0.00036172528052702546,0.0008086850284598768,0.9942004680633545,0.0030173042323440313,0.0016118184430524707
/Users/aswanathjs/Downloads/test9/ai_plastic_waste_management_training/PP Plastic/round_containers/Image_126.png,3,PP Plastic,3,PP Plastic,0.9325301051139832,0.006968568544834852,0.05568220838904381,0.0017989141633734107,0.9325301051139832,0.0030202071648091078
/Users/aswanathjs/Downloads/test9/ai_plastic_waste_management_training/PS Plastic/foam_containers/Image_126.png,3,PP Plastic,3,PP Plastic,0.43177497386932373,0.3355811536312103,0.07802737504243851,0.021240437403321266,0.43177497386932373,0.1333760768175125
"/Users/aswanathjs/Downloads/test9/ai_plastic_waste_management_training/PET Plastic/plastic_bottles/PET1,376.jpg",2,PET Plastic,2,PET Plastic,0.9976327419281006,0.0023203594610095024,5.141436304256786e-06,0.9976327419281006,2.5564551833667792e-05,1.6217800293816254e-05
/Users/aswanathjs/Downloads/test9/ai_plastic_waste_management_training/LDPE Plastic/plastic_bags/LDPE-571_jpg.rf.d57d81eb5c26e21d8cafd2208957dc3c.jpg,1,LDPE Plastic,1,LDPE Plastic,0.9994688630104065,8.230136154452339e-05,0.9994688630104065,8.213990804506466e-05,0.00018386304145678878,0.00018285997794009745
/Users/aswanathjs/Downloads/test9/ai_plastic_waste_management_training/LDPE Plastic/plastic_bags/LDPE-72_jpg.rf.3dae5ebb0480b992b63239f9a82e0a8c.jpg,1,LDPE Plastic,1,LDPE Plastic,0.9971101880073547,0.0004498230991885066,0.9971101880073547,0.0009444864699617028,0.0006631023134104908,0.00083240179810673
/Users/aswanathjs/Downloads/test9/ai_plastic_waste_management_training/LDPE Plastic/plastic_bags/LDPE-72_jpg.rf.1b0bdc39a4d34c33d7ce7acc305db1de.jpg,1,LDPE Plastic,1,LDPE Plastic,0.9930399656295776,0.0015036173863336444,0.9930399656295776,0.0017015158664435148,0.001595575944520533,0.0021593908313661814
/Users/aswanathjs/Downloads/test9/ai_plastic_waste_management_training/HDPE Plastic/detergent_bottles/0039_a02b01c2d3e0f1g0h3.jpg,0,HDPE Plastic,0,HDPE Plastic,0.9958325028419495,0.9958325028419495,0.0016860454343259335,0.000126644954434596,0.0021619736216962337,0.00019278275431133807
/Users/aswanathjs/Downloads/test9/ai_plastic_waste_management_training/LDPE Plastic/black_white__plastic_bags/0239_jpg.rf.604826f1a1dfce456b0fa3b2bc7bd19b.jpg,1,LDPE Plastic,1,LDPE Plastic,0.9984607696533203,0.00034802104346454144,0.9984607696533203,0.0003155381418764591,0.0002845260896719992,0.0005912409396842122
/Users/aswanathjs/Downloads/test9/ai_plastic_waste_management_training/PP Plastic/round_containers/IMG_20220209_174645.jpg,3,PP Plastic,3,PP Plastic,0.9992521405220032,5.010595850762911e-05,0.0006026800838299096,2.5082876163651235e-05,0.9992521405220032,7.00261807651259e-05
/Users/aswanathjs/Downloads/test9/ai_plastic_waste_management_training/HDPE Plastic/milk_bottles/HDPEM28.jpg,0,HDPE Plastic,0,HDPE Plastic,0.9984544515609741,0.9984544515609741,0.0006100917817093432,5.016872091800906e-05,0.00015698785136919469,0.0007283606100827456
/Users/aswanathjs/Downloads/test9/ai_plastic_waste_management_training/LDPE Plastic/plastic_bags/plasticbag (204).jpg,1,LDPE Plastic,1,LDPE Plastic,0.9955564141273499,0.0022738687694072723,0.9955564141273499,0.00025945299421437085,0.0012367620365694165,0.0006734870257787406
/Users/aswanathjs/Downloads/test9/ai_plastic_waste_management_training/PET Plastic/black_white_plastic_bottles/azkfu_jpg.rf.8a64cada2bcb4cf189a6632506e5ca72.jpg,2,PET Plastic,2,PET Plastic,0.999903678894043,3.037099668290466e-05,2.2819383502792334e-06,0.999903678894043,2.849735574272927e-05,3.524377825669944e-05
/Users/aswanathjs/Downloads/test9/ai_plastic_waste_management_training/LDPE Plastic/plastic_bags/LDPE-44_jpg.rf.e8eec4dc28eec1f2c4df017f874700c1.jpg,1,LDPE Plastic,1,LDPE Plastic,0.9983664155006409,0.00030062661971896887,0.9983664155006409,0.0001449544943170622,0.0008190151420421898,0.0003689250152092427
/Users/aswanathjs/Downloads/test9/ai_plastic_waste_management_training/LDPE Plastic/black_white__plastic_bags/0242_jpg.rf.136587477251768593ccc5a7f7d8915f.jpg,1,LDPE Plastic,1,LDPE Plastic,0.9996458292007446,2.5311834178864956e-05,0.9996458292007446,9.925069025484845e-05,6.462166493292898e-05,0.00016501311620231718
/Users/aswanathjs/Downloads/test9/ai_plastic_waste_management_training/PET Plastic/black_white_plastic_bottles/bdspr_jpg.rf.c8895c268de492b4b5be760c1bc3f8d6.jpg,2,PET Plastic,2,PET Plastic,0.9994534850120544,3.688330252771266e-05,8.605839684605598e-05,0.9994534850120544,0.00016335250984411687,0.0002603203465696424
/Users/aswanathjs/Downloads/test9/ai_plastic_waste_management_training/HDPE Plastic/shampoo_bottles/0078_a02b07c2d3e0f1g0h3.jpg,0,HDPE Plastic,0,HDPE Plastic,0.9969272017478943,0.9969272017478943,0.0011736033484339714,0.00011057392839575186,0.0015980721218511462,0.00019063783111050725
/Users/aswanathjs/Downloads/test9/ai_plastic_waste_management_training/HDPE Plastic/milk_bottles/HDPEM222.jpg,0,HDPE Plastic,0,HDPE Plastic,0.9996778964996338,0.9996778964996338,2.351466173422523e-05,8.824715769151226e-05,0.00016667151066940278,4.358314618002623e-05
/Users/aswanathjs/Downloads/test9/ai_plastic_waste_management_training/HDPE Plastic/milk_bottles/HDPEM368.jpg,0,HDPE Plastic,0,HDPE Plastic,0.9955658316612244,0.9955658316612244,0.0007323097088374197,7.316224946407601e-05,0.0025933138094842434,0.0010353922843933105
/Users/aswanathjs/Downloads/test9/ai_plastic_waste_management_training/PS Plastic/foam_containers/Image_237.png,4,PS Plastic,4,PS Plastic,0.4411207437515259,0.16210424900054932,0.10022648423910141,0.016274111345410347,0.28027448058128357,0.4411207437515259
/Users/aswanathjs/Downloads/test9/ai_plastic_waste_management_training/HDPE Plastic/milk_bottles/HDPEM295.jpg,0,HDPE Plastic,0,HDPE Plastic,0.9997602105140686,0.9997602105140686,1.7398526324541308e-05,3.7760011764476076e-05,4.3615178583422676e-05,0.0001409691321896389
/Users/aswanathjs/Downloads/test9/ai_plastic_waste_management_training/PET Plastic/black_white_plastic_bottles/dglcy_jpg.rf.b875417d36c5bf8d5e77f5596d46088d.jpg,2,PET Plastic,2,PET Plastic,0.9969336986541748,0.0003263931430410594,0.0010302745504304767,0.9969336986541748,0.0011995488312095404,0.0005100849666632712
/Users/aswanathjs/Downloads/test9/ai_plastic_waste_management_training/PET Plastic/black_white_plastic_bottles/btkay_jpg.rf.cb759ab24ba2f19ce9be482f703ffbcb.jpg,2,PET Plastic,2,PET Plastic,0.9929090738296509,0.0010892030550166965,0.003963638562709093,0.9929090738296509,0.0005944122676737607,0.0014436953933909535
/Users/aswanathjs/Downloads/test9/ai_plastic_waste_management_training/PP Plastic/square_containers/IMG_20220209_175355.jpg,3,PP Plastic,3,PP Plastic,0.9995697140693665,0.00018877597176469862,0.0001283859455725178,5.023747235100018e-06,0.9995697140693665,0.00010812376422109082
/Users/aswanathjs/Downloads/test9/ai_plastic_waste_management_training/LDPE Plastic/plastic_bags/P_W (1386).jpg,1,LDPE Plastic,1,LDPE Plastic,0.9977370500564575,0.0013518930645659566,0.9977370500564575,0.00017435757035855204,0.0004327032947912812,0.00030401480034925044
/Users/aswanathjs/Downloads/test9/ai_plastic_waste_management_training/HDPE Plastic/shampoo_bottles/0077_a02b01c1d0e0f1g0h0.jpg,0,HDPE Plastic,0,HDPE Plastic,0.9934859871864319,0.9934859871864319,0.0015847653849050403,0.0024906075559556484,0.0011050006141886115,0.001333673601038754
/Users/aswanathjs/Downloads/test9/ai_plastic_waste_management_training/LDPE Plastic/black_white__plastic_bags/0177_jpg.rf.64924e1d5329253cb34911140edc0779.jpg,1,LDPE Plastic,1,LDPE Plastic,0.9724551439285278,0.006999135483056307,0.9724551439285278,0.011087868362665176,0.003685607807710767,0.0057721869088709354
/Users/aswanathjs/Downloads/test9/ai_plastic_waste_management_training/PP Plastic/round_containers/0035_a06b01c2d2e0f0g0h4.jpg,3,PP Plastic,3,PP Plastic,0.9903078675270081,0.0038072664756327868,0.00017485095304436982,0.005146321374922991,0.9903078675270081,0.0005636757123284042
/Users/aswanathjs/Downloads/test9/ai_plastic_waste_management_training/HDPE Plastic/detergent_bottles/0062_a02b05c1d0e0f1g1h4.jpg,0,HDPE Plastic,0,HDPE Plastic,0.9998494386672974,0.9998494386672974,3.234101677662693e-05,7.603608537465334e-05,1.8803655621013604e-05,2.3309916286962107e-05
/Users/aswanathjs/Downloads/test9/ai_plastic_waste_management_training/HDPE Plastic/detergent_botteles_grey/0062_a02b05c1d0e0f1g1h4.jpg,0,HDPE Plastic,0,HDPE Plastic,0.9985744953155518,0.9985744953155518,6.139741162769496e-05,0.0011437225621193647,6.709566514473408e-05,0.00015327140863519162
/Users/aswanathjs/Downloads/test9/ai_plastic_waste_management_training/LDPE Plastic/plastic_bags/plasticbag (152) 17.43.56.jpg,1,LDPE Plastic,1,LDPE Plastic,0.9980939030647278,0.00041569594759494066,0.9980939030647278,5.492780837812461e-05,0.0011534771183505654,0.0002819265646394342
/Users/aswanathjs/Downloads/test9/ai_plastic_waste_management_training/PP Plastic/square_containers/IMG_20220209_173121.jpg,3,PP Plastic,3,PP Plastic,0.9756469130516052,0.0032831577118486166,0.0071494500152766705,0.00027386550209484994,0.9756469130516052,0.013646616600453854
/Users/aswanathjs/Downloads/test9/ai_plastic_waste_management_training/PP Plastic/round_containers/Image_235.png,3,PP Plastic,3,PP Plastic,0.9479510188102722,0.002495433436706662,0.033272918313741684,0.0007399921887554228,0.9479510188102722,0.015540611930191517
/Users/aswanathjs/Downloads/test9/ai_plastic_waste_management_training/PS Plastic/foam_containers/Image_235.png,3,PP Plastic,3,PP Plastic,0.8514638543128967,0.011174213141202927,0.040156032890081406,0.0008610935183241963,0.8514638543128967,0.09634477645158768
/Users/aswanathjs/Downloads/test9/ai_plastic_waste_management_training/PP Plastic/rectangle_containers/0011_a05b00c2d1e0f0g0h1.jpg,3,PP Plastic,3,PP Plastic,0.9984763264656067,8.950709161581472e-05,4.78515648865141e-05,0.0012300466187298298,0.9984763264656067,0.00015624969091732055
/Users/aswanathjs/Downloads/test9/ai_plastic_waste_management_training/PP Plastic/square_containers/0011_a05b00c2d1e0f0g0h1.jpg,3,PP Plastic,3,PP Plastic,0.9984763264656067,8.950709161581472e-05,4.78515648865141e-05,0.0012300466187298298,0.9984763264656067,0.00015624969091732055
"/Users/aswanathjs/Downloads/test9/ai_plastic_waste_management_training/PET Plastic/plastic_bottles/PET1,165.jpg",2,PET Plastic,2,PET Plastic,0.9999053478240967,4.082007762917783e-06,3.531334368744865e-05,0.9999053478240967,2.500566370144952e-05,3.0282748411991633e-05
/Users/aswanathjs/Downloads/test9/ai_plastic_waste_management_training/HDPE Plastic/shampoo_bottles/0021_a02b01c1d3e1f0g0h3.jpg,0,HDPE Plastic,0,HDPE Plastic,0.999722421169281,0.999722421169281,1.3362619938561693e-05,3.758255115826614e-05,0.0001952502498170361,3.1447067158296704e-05
/Users/aswanathjs/Downloads/test9/ai_plastic_waste_management_training/HDPE Plastic/milk_bottles/HDPEM188.jpg,0,HDPE Plastic,0,HDPE Plastic,0.9987154006958008,0.9987154006958008,3.363777432241477e-05,0.0002581232110969722,0.0008569394703954458,0.0001359578309347853
/Users/aswanathjs/Downloads/test9/ai_plastic_waste_management_training/PET Plastic/shampoo_bottles/IMG_20220209_220630.jpg,2,PET Plastic,2,PET Plastic,0.8861083388328552,0.0645546168088913,0.007822338491678238,0.8861083388328552,0.020666420459747314,0.02084832824766636
/Users/aswanathjs/Downloads/test9/ai_plastic_waste_management_training/HDPE Plastic/milk_bottles/HDPEM82.jpg,0,HDPE Plastic,0,HDPE Plastic,0.9976716637611389,0.9976716637611389,0.0013002767227590084,0.00010888255928875878,0.0005140408757142723,0.00040508227539248765
/Users/aswanathjs/Downloads/test9/ai_plastic_waste_management_training/HDPE Plastic/shampoo_bottles/0065_a02b03c2d1e0f1g0h1.jpg,0,HDPE Plastic,0,HDPE Plastic,0.9970904588699341,0.9970904588699341,0.000383708014851436,0.0004834093269892037,0.0014797637704759836,0.0005625576595775783
/Users/aswanathjs/Downloads/test9/ai_plastic_waste_management_training/PET Plastic/plastic_bottles/PET915.jpg,2,PET Plastic,2,PET Plastic,0.9999313354492188,3.149464464513585e-05,1.2990015420655254e-05,0.9999313354492188,1.1343662663421128e-05,1.2888164746982511e-05
/Users/aswanathjs/Downloads/test9/ai_plastic_waste_management_training/HDPE Plastic/shampoo_bottles/0078_a02b07c1d1e0f1g0h2.jpg,0,HDPE Plastic,0,HDPE Plastic,0.9954728484153748,0.9954728484153748,0.0007552521419711411,0.0002981362631544471,0.0029229633510112762,0.000550916010979563
/Users/aswanathjs/Downloads/test9/ai_plastic_waste_management_training/PET Plastic/plastic_bottles/PET515.jpg,2,PET Plastic,2,PET Plastic,0.9998651742935181,6.95454073138535e-05,1.0789667612698395e-05,0.9998651742935181,2.44967159233056e-05,2.9942815672256984e-05
/Users/aswanathjs/Downloads/test9/ai_plastic_waste_management_training/PET Plastic/plastic_bottles/PET316.jpg,2,PET Plastic,2,PET Plastic,0.9933419823646545,0.004560471512377262,0.00024653790751472116,0.9933419823646545,0.0016732999356463552,0.0001777319994289428
/Users/aswanathjs/Downloads/test9/ai_plastic_waste_management_training/PET Plastic/plastic_bottles/PET437.jpg,2,PET Plastic,2,PET Plastic,0.9996378421783447,0.00017068976012524217,5.217020589043386e-05,0.9996378421783447,5.5945911299204454e-05,8.339431224158034e-05
/Users/aswanathjs/Downloads/test9/ai_plastic_waste_management_training/LDPE Plastic/plastic_bags/plasticbag (203) 17.43.56.jpg,1,LDPE Plastic,1,LDPE Plastic,0.9989919066429138,0.0003612769360188395,0.9989919066429138,0.00015705678379163146,0.00010520507203182206,0.00038458642666228116
/Users/aswanathjs/Downloads/test9/ai_plastic_waste_management_training/PET Plastic/plastic_bottles/PET404.jpg,2,PET Plastic,2,PET Plastic,0.9991123080253601,0.0007387633668258786,2.738219700404443e-05,0.9991123080253601,4.260280911694281e-05,7.887625542934984e-05
/Users/aswanathjs/Downloads/test9/ai_plastic_waste_management_training/PET Plastic/black_white_plastic_bottles/aozvf_jpg.rf.12e5d8d5eaf34b60713e818bf51ba5b6.jpg,2,PET Plastic,2,PET Plastic,0.999957799911499,5.4883134907868225e-06,3.0066707950027194e-06,0.999957799911499,1.0101813131768722e-05,2.3612743461853825e-05
/Users/aswanathjs/Downloads/test9/ai_plastic_waste_management_training/PS Plastic/foam_sheets/PS-512_jpg.rf.e5fcb33ae46eaac9678218c5ee5b841b.jpg,4,PS Plastic,4,PS Plastic,0.9990857839584351,0.00010938079503830522,0.00028947682585567236,0.00012872411753050983,0.0003866429324261844,0.9990857839584351
/Users/aswanathjs/Downloads/test9/ai_plastic_waste_management_training/PET Plastic/black_white_plastic_bottles/dagml_jpg.rf.a8e7001b533c67265b30cd7ac97562fb.jpg,2,PET Plastic,2,PET Plastic,0.9997708201408386,9.595441042620223e-06,0.0001267245243070647,0.9997708201408386,5.494647120940499e-05,3.8009744457667693e-05
/Users/aswanathjs/Downloads/test9/ai_plastic_waste_management_training/PP Plastic/round_containers/IMG_20220209_173643.jpg,3,PP Plastic,3,PP Plastic,0.9992824196815491,0.0001818343880586326,0.00020181859144940972,7.630924665136263e-05,0.9992824196815491,0.00025764023303054273
/Users/aswanathjs/Downloads/test9/ai_plastic_waste_management_training/LDPE Plastic/plastic_bags/plasticbag (183).jpg,1,LDPE Plastic,1,LDPE Plastic,0.9925678968429565,0.003552141133695841,0.9925678968429565,0.00014670990640297532,0.0031880459282547235,0.0005451495526358485
"/Users/aswanathjs/Downloads/test9/ai_plastic_waste_management_training/PET Plastic/plastic_bottles/PET1,341.jpg",2,PET Plastic,2,PET Plastic,0.9998539686203003,3.7004294426878914e-05,7.935799658298492e-06,0.9998539686203003,8.752064604777843e-05,1.348009300272679e-05
"/Users/aswanathjs/Downloads/test9/ai_plastic_waste_management_training/PET Plastic/plastic_bottles/PET1,445.jpg",2,PET Plastic,2,PET Plastic,0.9999057054519653,2.3772883650963195e-05,3.945635398849845e-06,0.9999057054519653,2.1606270820484497e-05,4.501613511820324e-05
/Users/aswanathjs/Downloads/test9/ai_plastic_waste_management_training/LDPE Plastic/plastic_bags/plasticbag (159).jpg,1,LDPE Plastic,1,LDPE Plastic,0.9984918832778931,0.00020172663789708167,0.9984918832778931,0.0001386038347845897,0.0007334558758884668,0.00043431049562059343
/Users/aswanathjs/Downloads/test9/ai_plastic_waste_management_training/LDPE Plastic/plastic_bags/LDPE-66_jpg.rf.cd4c70aedcc1562962304e3187a39c61.jpg,1,LDPE Plastic,1,LDPE Plastic,0.9925307631492615,0.0012608933029696345,0.9925307631492615,0.001693173311650753,0.0017190916696563363,0.002796111162751913
/Users/aswanathjs/Downloads/test9/ai_plastic_waste_management_training/LDPE Plastic/plastic_bags/LDPE-66_jpg.rf.7d36831c3d3388a7f9a94b6df5407773.jpg,1,LDPE Plastic,1,LDPE Plastic,0.9997386336326599,2.5806002668105066e-05,0.9997386336326599,6.477309943875298e-05,5.0879698392236605e-05,0.00011987151083303615
/Users/aswanathjs/Downloads/test9/ai_plastic_waste_management_training/PP Plastic/square_containers/IMG_20220209_173808.jpg,3,PP Plastic,3,PP Plastic,0.9992719292640686,8.088799950201064e-05,0.00025400728918612003,2.0512437913566828e-05,0.9992719292640686,0.00037274768692441285
/Users/aswanathjs/Downloads/test9/ai_plastic_waste_management_training/PS Plastic/foam_sheets/IMG_9370_JPG.rf.702ceb3fee1655a5b35754507e40284d.jpg,4,PS Plastic,4,PS Plastic,0.999461829662323,8.884386625140905e-05,0.00026633808738552034,8.917772356653586e-05,9.379443508805707e-05,0.999461829662323
/Users/aswanathjs/Downloads/test9/ai_plastic_waste_management_training/PS Plastic/foam_sheets/IMG_9370_JPG.rf.a1c344ba4e35e73f30fb053ec8df95e0.jpg,4,PS Plastic,4,PS Plastic,0.9995638728141785,0.00010293211380485445,0.00011276444274699315,0.0001258934789802879,9.439296991331503e-05,0.9995638728141785
/Users/aswanathjs/Downloads/test9/ai_plastic_waste_management_training/PS Plastic/foam_sheets/IMG_9370_JPG.rf.3aed904c44d464c3da11dd53783ed5fd.jpg,4,PS Plastic,4,PS Plastic,0.9981472492218018,7.860665209591389e-05,0.0005117918481118977,0.00047919785720296204,0.0007831554394215345,0.9981472492218018
/Users/aswanathjs/Downloads/test9/ai_plastic_waste_management_training/PET Plastic/black_white_plastic_bottles/bxzay_jpg.rf.c1dbbfc0deb2e96335a04e1e250f0a8d.jpg,2,PET Plastic,2,PET Plastic,0.9975970387458801,8.573915692977607e-06,0.0021459488198161125,0.9975970387458801,0.00012619252083823085,0.00012222869554534554
/Users/aswanathjs/Downloads/test9/ai_plastic_waste_management_training/HDPE Plastic/shampoo_bottles/0075_a02b01c2d0e0f0g0h4.jpg,0,HDPE Plastic,0,HDPE Plastic,0.9966850876808167,0.9966850876808167,0.0004154489724896848,0.0014030913589522243,0.001203519175760448,0.0002928196336142719
/Users/aswanathjs/Downloads/test9/ai_plastic_waste_management_training/HDPE Plastic/milk_bottles/HDPEM561.JPG,0,HDPE Plastic,0,HDPE Plastic,0.9994602799415588,0.9994602799415588,2.768476952041965e-05,0.00027664622757583857,0.00012431283539626747,0.00011100066330982372
/Users/aswanathjs/Downloads/test9/ai_plastic_waste_management_training/LDPE Plastic/bubble_wrap/LDPE-84_jpg.rf.a924f90fbd2087c2d694641dd44d80af.jpg,1,LDPE Plastic,1,LDPE Plastic,0.999019980430603,0.0001933007879415527,0.999019980430603,8.031032484723255e-05,6.354021024890244e-05,0.0006428429624065757
/Users/aswanathjs/Downloads/test9/ai_plastic_waste_management_training/LDPE Plastic/bubble_wrap/LDPE-84_jpg.rf.6d4b4769279b2132c86811339dd8235f.jpg,1,LDPE Plastic,1,LDPE Plastic,0.9996649026870728,5.930198676651344e-05,0.9996649026870728,7.314142567338422e-05,2.9524848287110217e-05,0.00017307218513451517
/Users/aswanathjs/Downloads/test9/ai_plastic_waste_management_training/PET Plastic/plastic_bottles/PET908.jpg,2,PET Plastic,2,PET Plastic,0.9997747540473938,9.16481003514491e-05,6.708943692501634e-05,0.9997747540473938,1.9756334950216115e-05,4.668756082537584e-05
/Users/aswanathjs/Downloads/test9/ai_plastic_waste_management_training/PS Plastic/form_containers_grey/0058_a06b01c1d0e0f0g0h0.jpg,4,PS Plastic,4,PS Plastic,0.9982256293296814,0.00017922415281645954,0.00013605142885353416,9.409925405634567e-05,0.0013649876927956939,0.9982256293296814
/Users/aswanathjs/Downloads/test9/ai_plastic_waste_management_training/PS Plastic/foam_containers/0058_a06b01c1d0e0f0g0h0.jpg,4,PS Plastic,4,PS Plastic,0.999627947807312,6.144079088699073e-05,2.3660486476728693e-05,3.2160805858438835e-05,0.0002546657342463732,0.999627947807312
/Users/aswanathjs/Downloads/test9/ai_plastic_waste_management_training/PET Plastic/plastic_bottles/PET468.jpg,2,PET Plastic,2,PET Plastic,0.9992085099220276,0.00014715493307448924,3.216334880562499e-05,0.9992085099220276,0.0005256439326331019,8.657560829306021e-05
/Users/aswanathjs/Downloads/test9/ai_plastic_waste_management_training/LDPE Plastic/plastic_bags/plasticbag (194).jpg,1,LDPE Plastic,1,LDPE Plastic,0.9926733374595642,0.0007732859230600297,0.9926733374595642,0.0008843094110488892,0.00425473228096962,0.0014143419684842229
/Users/aswanathjs/Downloads/test9/ai_plastic_waste_management_training/PET Plastic/black_white_plastic_bottles/bdlsc_jpg.rf.d4c7c10c83024eec3d7edd6677a580be.jpg,2,PET Plastic,2,PET Plastic,0.9999665021896362,4.237009761709487e-06,3.380819862286444e-06,0.9999665021896362,1.825887375161983e-05,7.5312905210012104e-06
/Users/aswanathjs/Downloads/test9/ai_plastic_waste_management_training/PET Plastic/shampoo_bottles/0080_a05b00c2d2e0f1g0h4.jpg,2,PET Plastic,2,PET Plastic,0.9999212026596069,1.4092534911469556e-05,4.997092219127808e-06,0.9999212026596069,5.086749297333881e-05,8.741762940189801e-06
/Users/aswanathjs/Downloads/test9/ai_plastic_waste_management_training/HDPE Plastic/detergent_bottles/0062_a02b05c2d0e0f1g1h3.jpg,0,HDPE Plastic,0,HDPE Plastic,0.999250590801239,0.999250590801239,8.616689592599869e-05,0.00033682180219329894,0.0002453002380207181,8.099904516711831e-05
/Users/aswanathjs/Downloads/test9/ai_plastic_waste_management_training/PET Plastic/shampoo_bottles/0080_a05b00c2d2e0f1g0h2.jpg,2,PET Plastic,2,PET Plastic,0.9923727512359619,7.349992188210308e-07,1.9981245714006945e-05,0.9923727512359619,0.0075841969810426235,2.2329009880195372e-05
/Users/aswanathjs/Downloads/test9/ai_plastic_waste_management_training/HDPE Plastic/shampoo_bottles/0099_a02b01c1d3e0f1g0h0.jpg,0,HDPE Plastic,0,HDPE Plastic,0.9985210299491882,0.9985210299491882,0.0001288955972995609,0.0001847712992457673,0.0009419036796316504,0.00022342514421325177
/Users/aswanathjs/Downloads/test9/ai_plastic_waste_management_training/PS Plastic/foam_containers/Image_188.png,4,PS Plastic,3,PP Plastic,0.44775617122650146,0.15647083520889282,0.22103182971477509,0.014180141501128674,0.44775617122650146,0.1605609804391861
/Users/aswanathjs/Downloads/test9/ai_plastic_waste_management_training/PP Plastic/round_containers/IMG_20220209_173628.jpg,3,PP Plastic,3,PP Plastic,0.9931858777999878,0.0005638269940391183,0.005470378324389458,0.00040339172119274735,0.9931858777999878,0.0003765132278203964
/Users/aswanathjs/Downloads/test9/ai_plastic_waste_management_training/HDPE Plastic/shampoo_bottles/0063_a02b01c2d0e0f1g1h0.jpg,0,HDPE Plastic,0,HDPE Plastic,0.9966744184494019,0.9966744184494019,4.7724002797622234e-05,0.00225014123134315,0.0008742978097870946,0.00015338703815359622
/Users/aswanathjs/Downloads/test9/ai_plastic_waste_management_training/HDPE Plastic/milk_bottles/HDPEM477.jpg,0,HDPE Plastic,0,HDPE Plastic,0.9994500279426575,0.9994500279426575,1.5273510143742897e-05,0.00013322279846761376,0.00023098639212548733,0.0001705376198515296
/Users/aswanathjs/Downloads/test9/ai_plastic_waste_management_training/LDPE Plastic/black_white__plastic_bags/0246_jpg.rf.28f96f8c99015a44e99a90ad80757b4e.jpg,1,LDPE Plastic,1,LDPE Plastic,0.999354898929596,0.0005372737068682909,0.999354898929596,1.008572507998906e-05,2.635766395542305e-05,7.137163629522547e-05
/Users/aswanathjs/Downloads/test9/ai_plastic_waste_management_training/HDPE Plastic/detergent_bottles/HDPEM14.jpg,0,HDPE Plastic,0,HDPE Plastic,0.9978216886520386,0.9978216886520386,0.000224675823119469,0.0005836791242472827,0.00043285454739816487,0.0009371216292493045
/Users/aswanathjs/Downloads/test9/ai_plastic_waste_management_training/PET Plastic/plastic_bottles/PET390.jpg,2,PET Plastic,2,PET Plastic,0.9998750686645508,5.048433013143949e-05,1.9212833649362437e-05,0.9998750686645508,1.837309537222609e-05,3.688939614221454e-05
/Users/aswanathjs/Downloads/test9/ai_plastic_waste_management_training/PET Plastic/plastic_bottles/PET895.jpg,2,PET Plastic,2,PET Plastic,0.9989287257194519,0.00034431152744218707,0.0001415739970980212,0.9989287257194519,2.3178949049906805e-05,0.00056214549113065
/Users/aswanathjs/Downloads/test9/ai_plastic_waste_management_training/HDPE Plastic/milk_bottles/HDPEM138.jpg,0,HDPE Plastic,0,HDPE Plastic,0.9978768825531006,0.9978768825531006,0.00021778509835712612,0.00023336960293818265,0.0013470988487824798,0.0003248350985813886
/Users/aswanathjs/Downloads/test9/ai_plastic_waste_management_training/PS Plastic/foam_containers/0058_a06b01c2d3e0f0g0h3.jpg,4,PS Plastic,4,PS Plastic,0.9989405274391174,5.7330955314682797e-05,1.4857851965643931e-05,2.2957578039495274e-05,0.0009643308003433049,0.9989405274391174
"/Users/aswanathjs/Downloads/test9/ai_plastic_waste_management_training/PET Plastic/plastic_bottles/PET1,163.jpg",2,PET Plastic,2,PET Plastic,0.9996671676635742,1.751192939991597e-05,0.00014913429913576692,0.9996671676635742,7.787382492097095e-05,8.829116995912045e-05
/Users/aswanathjs/Downloads/test9/ai_plastic_waste_management_training/LDPE Plastic/plastic_bags/plasticbag (17).jpg,1,LDPE Plastic,1,LDPE Plastic,0.9993392825126648,3.390340134501457e-05,0.9993392825126648,3.911080057150684e-05,0.00015989065286703408,0.00042784842662513256
/Users/aswanathjs/Downloads/test9/ai_plastic_waste_management_training/HDPE Plastic/milk_bottles/HDPEM74.jpg,0,HDPE Plastic,0,HDPE Plastic,0.99989914894104,0.99989914894104,3.056970672332682e-05,2.1201993149588816e-05,2.280786975461524e-05,2.6177098334301263e-05
/Users/aswanathjs/Downloads/test9/ai_plastic_waste_management_training/HDPE Plastic/milk_bottles_grey/HDPEM74.jpg,0,HDPE Plastic,0,HDPE Plastic,0.9999240636825562,0.9999240636825562,1.7309481336269528e-05,1.4842215932731051e-05,2.7407817469793372e-05,1.6309055354213342e-05
"/Users/aswanathjs/Downloads/test9/ai_plastic_waste_management_training/PET Plastic/plastic_bottles/PET1,250.jpg",2,PET Plastic,2,PET Plastic,0.9980727434158325,0.001471474301069975,3.8060905353631824e-05,0.9980727434158325,0.00028553660376928747,0.00013211282202973962
/Users/aswanathjs/Downloads/test9/ai_plastic_waste_management_training/PET Plastic/black_white_plastic_bottles/bvsaq_jpg.rf.48d7ed6e9789e4a08a7f98ef57c0fb0d.jpg,2,PET Plastic,2,PET Plastic,0.9998695850372314,6.224805838428438e-05,8.268604688055348e-06,0.9998695850372314,3.806820677709766e-05,2.178025897592306e-05
"/Users/aswanathjs/Downloads/test9/ai_plastic_waste_management_training/HDPE Plastic/milk_bottles/HDPEM1,013.JPG",0,HDPE Plastic,0,HDPE Plastic,0.9995712637901306,0.9995712637901306,2.3213176973513328e-05,0.00022417436412069947,8.852145401760936e-05,9.277853678213432e-05
/Users/aswanathjs/Downloads/test9/ai_plastic_waste_management_training/PS Plastic/form_containers_grey/styrofoam-133-_jpg.rf.0385a8c46aba6f0d72fd0875b00e582e.jpg,4,PS Plastic,4,PS Plastic,0.9998002648353577,6.365074659697711e-05,6.610474520130083e-05,2.6752935809781775e-05,4.334655750426464e-05,0.9998002648353577
/Users/aswanathjs/Downloads/test9/ai_plastic_waste_management_training/PS Plastic/foam_containers/styrofoam-133-_jpg.rf.0385a8c46aba6f0d72fd0875b00e582e.jpg,4,PS Plastic,4,PS Plastic,0.9999830722808838,6.6383363446220756e-06,4.824083134735702e-06,2.6456596060597803e-06,2.749384975686553e-06,0.9999830722808838
/Users/aswanathjs/Downloads/test9/ai_plastic_waste_management_training/LDPE Plastic/plastic_bags/LDPE-300_jpg.rf.0cf91204d7b95144c61221065a50fc5d.jpg,1,LDPE Plastic,1,LDPE Plastic,0.9975360631942749,0.00042095285607501864,0.9975360631942749,0.000598926329985261,0.0005902442499063909,0.0008537833928130567
/Users/aswanathjs/Downloads/test9/ai_plastic_waste_management_training/LDPE Plastic/black_white__plastic_bags/0274_jpg.rf.37a314e0e94111fefd7a3e3b841fc38e.jpg,1,LDPE Plastic,1,LDPE Plastic,0.9998857975006104,6.551234400831163e-05,0.9998857975006104,2.5287601602030918e-05,6.02578757025185e-06,1.733559838612564e-05
/Users/aswanathjs/Downloads/test9/ai_plastic_waste_management_training/PP Plastic/square_containers/0011_a05b00c1d0e0f0g0h0.jpg,3,PP Plastic,3,PP Plastic,0.9971975088119507,0.00023551032063551247,0.0001055550019373186,0.00040648510912433267,0.9971975088119507,0.0020549532491713762
"/Users/aswanathjs/Downloads/test9/ai_plastic_waste_management_training/PET Plastic/plastic_bottles/PET1,589.jpg",2,PET Plastic,2,PET Plastic,0.9976376295089722,0.0014641620218753815,0.000779099587816745,0.9976376295089722,8.012129546841606e-05,3.894260953529738e-05
/Users/aswanathjs/Downloads/test9/ai_plastic_waste_management_training/PP Plastic/round_containers/0044_a06b01c2d0e0f0g0h0.jpg,3,PP Plastic,3,PP Plastic,0.9809592366218567,5.6854176364140585e-05,0.001091832877136767,0.004314431920647621,0.9809592366218567,0.01357763260602951
/Users/aswanathjs/Downloads/test9/ai_plastic_waste_management_training/PS Plastic/foam_containers/styrofoam-119-_jpg.rf.4830073696e2704015ac4956d72e719c.jpg,4,PS Plastic,4,PS Plastic,0.9999697208404541,9.436382242711261e-06,2.6241773412039038e-06,1.343794610875193e-05,4.727497980638873e-06,0.9999697208404541
/Users/aswanathjs/Downloads/test9/ai_plastic_waste_management_training/PET Plastic/plastic_bottles/PET576.jpg,2,PET Plastic,2,PET Plastic,0.9983789920806885,0.00047116176574490964,8.124723535729572e-05,0.9983789920806885,0.000808347191195935,0.00026018486823886633
/Users/aswanathjs/Downloads/test9/ai_plastic_waste_management_training/PS Plastic/foam_sheets/PS-690_jpg.rf.9036746e09ea5bba865eb13252721bc2.jpg,4,PS Plastic,4,PS Plastic,0.9994025230407715,7.468506373697892e-05,0.00023243959003593773,0.00015918399731162935,0.00013114363537169993,0.9994025230407715
/Users/aswanathjs/Downloads/test9/ai_plastic_waste_management_training/HDPE Plastic/milk_bottles/HDPEM92.jpg,0,HDPE Plastic,0,HDPE Plastic,0.9979076385498047,0.9979076385498047,6.3712039263919e-05,0.0006431528017856181,0.000981842982582748,0.00040370007627643645
/Users/aswanathjs/Downloads/test9/ai_plastic_waste_management_training/LDPE Plastic/plastic_bags/plasticbag (199).jpg,1,LDPE Plastic,1,LDPE Plastic,0.9963197708129883,0.001720728469081223,0.9963197708129883,3.111314072157256e-05,0.001318476046435535,0.0006099671591073275
/Users/aswanathjs/Downloads/test9/ai_plastic_waste_management_training/PP Plastic/round_containers/0044_a06b01c1d3e0f0g0h1.jpg,3,PP Plastic,3,PP Plastic,0.9986250400543213,0.0002762360963970423,0.0009536476572975516,5.000407691113651e-05,0.9986250400543213,9.509326628176495e-05
/Users/aswanathjs/Downloads/test9/ai_plastic_waste_management_training/PET Plastic/black_white_plastic_bottles/abhno_jpg.rf.a216ee1333beabbc6932645b75194dc4.jpg,2,PET Plastic,2,PET Plastic,0.9982049465179443,0.000213117542443797,0.0008211826789192855,0.9982049465179443,0.0002522679278627038,0.0005084974691271782
/Users/aswanathjs/Downloads/test9/ai_plastic_waste_management_training/PET Plastic/shampoo_bottles/0015_a05b00c2d0e1f1g0h0.jpg,2,PET Plastic,2,PET Plastic,0.999761164188385,4.0923267079051584e-05,6.314767688309075e-06,0.999761164188385,0.00017635415133554488,1.5265066394931637e-05
/Users/aswanathjs/Downloads/test9/ai_plastic_waste_management_training/LDPE Plastic/plastic_bags/train_LDPE-64_jpg.rf.b4d0c1b714d1ab1bc000ebc5b1ae7398.jpg,1,LDPE Plastic,1,LDPE Plastic,0.998602569103241,0.00014439623919315636,0.998602569103241,0.0001426054077455774,0.00018878208356909454,0.0009216298349201679
/Users/aswanathjs/Downloads/test9/ai_plastic_waste_management_training/PS Plastic/foam_sheets/PS-779_jpg.rf.33709a1c396d238c2338e554ccbe79c3.jpg,4,PS Plastic,4,PS Plastic,0.9981368780136108,0.00037444266490638256,0.00017586792819201946,0.00041488686110824347,0.0008978939149528742,0.9981368780136108
"/Users/aswanathjs/Downloads/test9/ai_plastic_waste_management_training/PET Plastic/plastic_bottles/PET1,353.jpg",2,PET Plastic,2,PET Plastic,0.9998067021369934,6.676236080238596e-05,1.7039970771293156e-05,0.9998067021369934,6.884853064548224e-05,4.068363341502845e-05
/Users/aswanathjs/Downloads/test9/ai_plastic_waste_management_training/LDPE Plastic/black_white__plastic_bags/0170_jpg.rf.07afc1a6fc3d2703a8dae4b685cb723e.jpg,1,LDPE Plastic,1,LDPE Plastic,0.9998890161514282,2.8545760869747028e-05,0.9998890161514282,1.818153032218106e-05,1.3879320249543525e-05,5.04528361489065e-05
/Users/aswanathjs/Downloads/test9/ai_plastic_waste_management_training/PS Plastic/foam_containers/styrofoam-143-_jpg.rf.73dc94a54d8a1d27900dc3eb4d6333b0.jpg,4,PS Plastic,4,PS Plastic,0.9955623149871826,0.0034238642547279596,0.0008419653167948127,6.428714550565928e-05,0.00010765239858301356,0.9955623149871826
"/Users/aswanathjs/Downloads/test9/ai_plastic_waste_management_training/PET Plastic/plastic_bottles/PET1,440.jpg",2,PET Plastic,2,PET Plastic,0.9998284578323364,7.125185948098078e-05,7.649542567378376e-06,0.9998284578323364,4.175112917437218e-05,5.094690277474001e-05
/Users/aswanathjs/Downloads/test9/ai_plastic_waste_management_training/PET Plastic/black_white_plastic_bottles/dfmpc_jpg.rf.4bff585f608375a17b5024ebbdd5a387.jpg,2,PET Plastic,2,PET Plastic,0.999891996383667,1.490737577114487e-05,1.1658283256110735e-05,0.999891996383667,6.983558705542237e-05,1.1541871572262608e-05
/Users/aswanathjs/Downloads/test9/ai_plastic_waste_management_training/HDPE Plastic/shampoo_bottles/0023_a02b01c1d2e0f1g0h0.jpg,0,HDPE Plastic,0,HDPE Plastic,0.9933892488479614,0.9933892488479614,0.00015836040256544948,0.003683473914861679,0.001770109636709094,0.0009987609228119254
/Users/aswanathjs/Downloads/test9/ai_plastic_waste_management_training/PP Plastic/square_containers/mixedcontainer.png,3,PP Plastic,1,LDPE Plastic,0.8745911717414856,0.0023901837412267923,0.8745911717414856,0.00014421877858694643,0.12245762348175049,0.0004167362058069557
"/Users/aswanathjs/Downloads/test9/ai_plastic_waste_management_training/PET Plastic/plastic_bottles/PET1,761.jpg",2,PET Plastic,2,PET Plastic,0.9994638562202454,0.00047026024549268186,1.885462916106917e-05,0.9994638562202454,2.630503695399966e-05,2.077029785141349e-05
/Users/aswanathjs/Downloads/test9/ai_plastic_waste_management_training/PET Plastic/black_white_plastic_bottles/bokpl_jpg.rf.2b28346b836baed6ca15c1685081a158.jpg,2,PET Plastic,2,PET Plastic,0.9990115165710449,5.2175470045767725e-05,0.0007083591772243381,0.9990115165710449,0.00017041046521626413,5.7527275203028694e-05
"/Users/aswanathjs/Downloads/test9/ai_plastic_waste_management_training/PET Plastic/plastic_bottles/PET1,507.jpg",2,PET Plastic,2,PET Plastic,0.9983333945274353,0.0010377849685028195,5.547342516365461e-05,0.9983333945274353,0.0001333384425379336,0.0004399382451083511
/Users/aswanathjs/Downloads/test9/ai_plastic_waste_management_training/PS Plastic/foam_sheets/IMG_9352_JPG.rf.fcd77c76e4f3ad63144539f2a0a439c6.jpg,4,PS Plastic,4,PS Plastic,0.999754011631012,9.719719673739746e-05,9.43841805565171e-05,3.8166566810104996e-05,1.6181869796128012e-05,0.999754011631012
/Users/aswanathjs/Downloads/test9/ai_plastic_waste_management_training/PS Plastic/foam_sheets/IMG_9352_JPG.rf.7faa030cbe1134f6bb37e21f8b766655.jpg,4,PS Plastic,4,PS Plastic,0.9969393014907837,0.00038577523082494736,0.002121872268617153,0.0003522150800563395,0.0002007659204537049,0.9969393014907837
/Users/aswanathjs/Downloads/test9/ai_plastic_waste_management_training/PS Plastic/foam_sheets/IMG_9352_JPG.rf.5c08cd7564fa60b669c27a4bf45e8a96.jpg,4,PS Plastic,4,PS Plastic,0.9993740916252136,0.0002033150231000036,0.0001491904113208875,0.0001917779736686498,8.152568625519052e-05,0.9993740916252136
/Users/aswanathjs/Downloads/test9/ai_plastic_waste_management_training/HDPE Plastic/shampoo_bottles/0099_a02b01c1d2e0f1g0h4.jpg,0,HDPE Plastic,0,HDPE Plastic,0.9904186129570007,0.9904186129570007,0.0006631442229263484,0.0027585856150835752,0.0036729422863572836,0.0024866394232958555
/Users/aswanathjs/Downloads/test9/ai_plastic_waste_management_training/HDPE Plastic/shampoo_bottles/0061_a02b01c2d2e0f1g0h2.jpg,0,HDPE Plastic,0,HDPE Plastic,0.9993454813957214,0.9993454813957214,6.572988058906049e-05,0.0003913984983228147,0.00010012894199462608,9.736682841321453e-05
/Users/aswanathjs/Downloads/test9/ai_plastic_waste_management_training/PET Plastic/black_white_plastic_bottles/bshya_jpg.rf.d680f8c9e1ab7a0d58370c8ca0a7bee8.jpg,2,PET Plastic,2,PET Plastic,0.9756483435630798,0.0014911381294950843,0.007467660121619701,0.9756483435630798,0.011394653469324112,0.003998125903308392
/Users/aswanathjs/Downloads/test9/ai_plastic_waste_management_training/PET Plastic/plastic_bottles/PET614.jpg,2,PET Plastic,2,PET Plastic,0.9998310804367065,8.626242924947292e-05,1.039319067785982e-05,0.9998310804367065,5.712990605388768e-05,1.509462708781939e-05
/Users/aswanathjs/Downloads/test9/ai_plastic_waste_management_training/PP Plastic/round_containers/IMG20220210154515.jpg,3,PP Plastic,3,PP Plastic,0.9913758635520935,0.000351924158167094,0.00797454733401537,5.1873503252863884e-05,0.9913758635520935,0.00024589794338680804
/Users/aswanathjs/Downloads/test9/ai_plastic_waste_management_training/HDPE Plastic/milk_bottles/HDPEM91.jpg,0,HDPE Plastic,0,HDPE Plastic,0.9998383522033691,0.9998383522033691,3.546238303897553e-06,3.594727604649961e-05,8.964329026639462e-05,3.244024628656916e-05
/Users/aswanathjs/Downloads/test9/ai_plastic_waste_management_training/HDPE Plastic/detergent_bottles/0098_a02b03c2d0e0f0g0h2.jpg,0,HDPE Plastic,0,HDPE Plastic,0.9975433349609375,0.9975433349609375,0.0007490229327231646,1.6585636331001297e-05,0.0016321043949574232,5.901106487726793e-05
/Users/aswanathjs/Downloads/test9/ai_plastic_waste_management_training/LDPE Plastic/bubble_wrap/train_LDPE-99_jpg.rf.bb2dc10956e69c18e1ff310e36773a34.jpg,1,LDPE Plastic,1,LDPE Plastic,0.9996891021728516,1.6200938262045383e-05,0.9996891021728516,3.698044747579843e-05,8.40084467199631e-05,0.0001737378624966368
/Users/aswanathjs/Downloads/test9/ai_plastic_waste_management_training/LDPE Plastic/plastic_bags/plasticbag (27).jpg,1,LDPE Plastic,1,LDPE Plastic,0.9989140033721924,0.00030096396221779287,0.9989140033721924,0.00019201444229111075,0.00028473889688029885,0.00030831422191113234
/Users/aswanathjs/Downloads/test9/ai_plastic_waste_management_training/HDPE Plastic/detergent_bottles/0096_a02b04c1d2e0f0g0h2.jpg,0,HDPE Plastic,0,HDPE Plastic,0.9963094592094421,0.9963094592094421,8.495917427353561e-05,0.00017661679885350168,0.003198652295395732,0.00023029504518490285
/Users/aswanathjs/Downloads/test9/ai_plastic_waste_management_training/PET Plastic/black_white_plastic_bottles/cumet_jpg.rf.31e35770c6dce5027564585d54ec6e9f.jpg,2,PET Plastic,2,PET Plastic,0.9948856234550476,0.0007576937205158174,0.001813395763747394,0.9948856234550476,0.0015517942374572158,0.0009915678529068828
/Users/aswanathjs/Downloads/test9/ai_plastic_waste_management_training/HDPE Plastic/detergent_bottles/0098_a02b03c1d1e0f0g0h0.jpg,0,HDPE Plastic,0,HDPE Plastic,0.994802713394165,0.994802713394165,0.0005461490363813937,0.00017252794350497425,0.004348657093942165,0.00012992402480449528
/Users/aswanathjs/Downloads/test9/ai_plastic_waste_management_training/PET Plastic/plastic_bottles/PET834.jpg,2,PET Plastic,2,PET Plastic,0.9993947744369507,9.353357017971575e-05,0.00036119433934800327,0.9993947744369507,6.066885907785036e-05,8.983470615930855e-05
/Users/aswanathjs/Downloads/test9/ai_plastic_waste_management_training/PS Plastic/foam_sheets/PS-843_jpg.rf.872e19b12be437a02865cb3a99b3b746.jpg,4,PS Plastic,4,PS Plastic,0.9998975992202759,1.6443933418486267e-05,3.862381345243193e-05,2.3045105990604497e-05,2.4265411411761306e-05,0.9998975992202759
/Users/aswanathjs/Downloads/test9/ai_plastic_waste_management_training/PET Plastic/black_white_plastic_bottles/cigbo_jpg.rf.ff89cb2b2e7d7250f967e160ce76f47d.jpg,2,PET Plastic,2,PET Plastic,0.9998873472213745,3.5368368571653264e-06,1.6949217751971446e-05,0.9998873472213745,1.797281402105e-05,7.420410838676617e-05
/Users/aswanathjs/Downloads/test9/ai_plastic_waste_management_training/PP Plastic/round_containers/0032_a05b01c1d1e0f0g0h1.jpg,3,PP Plastic,3,PP Plastic,0.9986036419868469,0.0010189767926931381,6.387539906427264e-05,0.00021071797527838498,0.9986036419868469,0.0001027268881443888
/Users/aswanathjs/Downloads/test9/ai_plastic_waste_management_training/PP Plastic/round_containers_grey/0032_a05b01c1d1e0f0g0h1.jpg,3,PP Plastic,3,PP Plastic,0.9993996620178223,0.00021637174359057099,0.00011769078992074355,0.00022728543262928724,0.9993996620178223,3.893935354426503e-05
/Users/aswanathjs/Downloads/test9/ai_plastic_waste_management_training/LDPE Plastic/plastic_bags/LDPE-29_jpg.rf.81e5e7255851ff24b2dda8df50c974ae.jpg,1,LDPE Plastic,1,LDPE Plastic,0.9982428550720215,0.0005649093072861433,0.9982428550720215,0.00029171130154281855,0.0002290989796165377,0.0006714945193380117
/Users/aswanathjs/Downloads/test9/ai_plastic_waste_management_training/LDPE Plastic/plastic_bags/LDPE-29_jpg.rf.f2f04c6bf85df5b5951f72ed4ed079e6.jpg,1,LDPE Plastic,1,LDPE Plastic,0.9998564720153809,1.750185401760973e-05,0.9998564720153809,9.994910942623392e-05,9.685889381216839e-06,1.6433379641966894e-05
/Users/aswanathjs/Downloads/test9/ai_plastic_waste_management_training/HDPE Plastic/detergent_bottles/Image_176.png,0,HDPE Plastic,0,HDPE Plastic,0.9985594153404236,0.9985594153404236,0.0006468109786510468,6.727360596414655e-05,0.0005876525538042188,0.00013897045573685318
/Users/aswanathjs/Downloads/test9/ai_plastic_waste_management_training/HDPE Plastic/detergent_botteles_grey/Image_176.png,0,HDPE Plastic,0,HDPE Plastic,0.9973602890968323,0.9973602890968323,0.0005639269948005676,0.0003573799622245133,0.0008209707448258996,0.0008974302327260375
/Users/aswanathjs/Downloads/test9/ai_plastic_waste_management_training/PP Plastic/round_containers/Image_176.png,0,HDPE Plastic,0,HDPE Plastic,0.42441868782043457,0.42441868782043457,0.19672469794750214,0.031377777457237244,0.24524132907390594,0.1022375151515007
/Users/aswanathjs/Downloads/test9/ai_plastic_waste_management_training/PS Plastic/foam_containers/Image_176.png,0,HDPE Plastic,3,PP Plastic,0.43177497386932373,0.3355811536312103,0.07802737504243851,0.021240437403321266,0.43177497386932373,0.1333760768175125
/Users/aswanathjs/Downloads/test9/ai_plastic_waste_management_training/PS Plastic/foam_sheets/PS-851_jpg.rf.ac36c6ad3097250ed2ba43fbcb22f028.jpg,4,PS Plastic,4,PS Plastic,0.9999511241912842,9.579458492225967e-06,1.9088382032350637e-05,8.44129863253329e-06,1.1816436199296732e-05,0.9999511241912842
/Users/aswanathjs/Downloads/test9/ai_plastic_waste_management_training/HDPE Plastic/milk_bottles/HDPEM13.jpg,0,HDPE Plastic,0,HDPE Plastic,0.9990360736846924,0.9990360736846924,0.0002308226830791682,1.8841472410713322e-05,0.0001395389117533341,0.0005747056566178799
/Users/aswanathjs/Downloads/test9/ai_plastic_waste_management_training/LDPE Plastic/plastic_bags/LDPE-238_jpg.rf.39ddc8a03e6c076e2457c169ba2a4d7f.jpg,1,LDPE Plastic,1,LDPE Plastic,0.9979191422462463,0.00032720190938562155,0.9979191422462463,0.0005925394943915308,0.0005888853338547051,0.0005722306668758392
/Users/aswanathjs/Downloads/test9/ai_plastic_waste_management_training/HDPE Plastic/shampoo_bottles/0075_a02b01c1d3e0f0g0h1.jpg,0,HDPE Plastic,0,HDPE Plastic,0.9963072538375854,0.9963072538375854,0.0005284641520120203,0.00015819536929484457,0.0028235120698809624,0.00018259369244333357
/Users/aswanathjs/Downloads/test9/ai_plastic_waste_management_training/LDPE Plastic/plastic_bags/LDPE-494_jpg.rf.b4a3c24b11da018231133eafbcd48faf.jpg,1,LDPE Plastic,1,LDPE Plastic,0.9986093044281006,0.0005484917783178389,0.9986093044281006,0.00032917430507950485,0.0002242796472273767,0.00028869821107946336
/Users/aswanathjs/Downloads/test9/ai_plastic_waste_management_training/PET Plastic/plastic_bottles/PET522.jpg,2,PET Plastic,2,PET Plastic,0.9978419542312622,0.001605070079676807,0.00013144381227903068,0.9978419542312622,0.00030935421818867326,0.00011212458048248664
/Users/aswanathjs/Downloads/test9/ai_plastic_waste_management_training/HDPE Plastic/milk_bottles/HDPEM124.jpg,0,HDPE Plastic,0,HDPE Plastic,0.9983355402946472,0.9983355402946472,0.0004060440114699304,0.00016024363867472857,0.0009327578591182828,0.0001655208907322958
/Users/aswanathjs/Downloads/test9/ai_plastic_waste_management_training/PS Plastic/foam_sheets/PS-832_jpg.rf.8d2941d3aaeb1e4107d76677c159b278.jpg,4,PS Plastic,4,PS Plastic,0.9998094439506531,3.57587996404618e-05,3.119854591204785e-05,6.553201092174277e-05,5.812146991956979e-05,0.9998094439506531
/Users/aswanathjs/Downloads/test9/ai_plastic_waste_management_training/PS Plastic/foam_containers/Image_1.png,4,PS Plastic,4,PS Plastic,0.5510277152061462,0.04148483648896217,0.25665345788002014,0.005494360812008381,0.14533966779708862,0.5510277152061462
/Users/aswanathjs/Downloads/test9/ai_plastic_waste_management_training/HDPE Plastic/shampoo_bottles/0065_a02b03c2d1e0f1g0h0.jpg,0,HDPE Plastic,0,HDPE Plastic,0.9926881790161133,0.9926881790161133,0.0014217327116057277,0.001634975546039641,0.0033922481816262007,0.0008628905052319169
/Users/aswanathjs/Downloads/test9/ai_plastic_waste_management_training/HDPE Plastic/shampoo_bottles/0099_a02b01c1d2e0f1g0h0.jpg,0,HDPE Plastic,0,HDPE Plastic,0.9980180263519287,0.9980180263519287,0.00021371911861933768,0.0005167064955458045,0.0008140610298141837,0.0004374913696665317
/Users/aswanathjs/Downloads/test9/ai_plastic_waste_management_training/LDPE Plastic/plastic_bags/P_W (1408).jpg,1,LDPE Plastic,1,LDPE Plastic,0.9892927408218384,0.0031188635621219873,0.9892927408218384,0.0010135945631191134,0.003972974140197039,0.002601820742711425
/Users/aswanathjs/Downloads/test9/ai_plastic_waste_management_training/PET Plastic/black_white_plastic_bottles/afkrz_jpg.rf.7f8943cef102f1e7b0185e3fd79cc4b9.jpg,2,PET Plastic,2,PET Plastic,0.9999240636825562,7.968693353177514e-06,2.6470554530533263e-06,0.9999240636825562,2.9842603908036835e-05,3.544288847479038e-05
"/Users/aswanathjs/Downloads/test9/ai_plastic_waste_management_training/PET Plastic/plastic_bottles/PET1,471.jpg",2,PET Plastic,2,PET Plastic,0.9999645948410034,1.6604231859673746e-05,2.2568481199414236e-06,0.9999645948410034,4.13598309023655e-06,1.2308390978432726e-05
/Users/aswanathjs/Downloads/test9/ai_plastic_waste_management_training/LDPE Plastic/plastic_bags/plasticbag (137) 17.43.56.jpg,1,LDPE Plastic,1,LDPE Plastic,0.9980918765068054,0.00019750589854083955,0.9980918765068054,0.0010454918956384063,0.0005236193537712097,0.00014143313455861062
/Users/aswanathjs/Downloads/test9/ai_plastic_waste_management_training/HDPE Plastic/detergent_bottles/Image_161.png,0,HDPE Plastic,0,HDPE Plastic,0.9715808629989624,0.9715808629989624,0.0018249594140797853,0.007931236177682877,0.017270304262638092,0.0013926344690844417
/Users/aswanathjs/Downloads/test9/ai_plastic_waste_management_training/PS Plastic/foam_containers/Image_161.png,0,HDPE Plastic,4,PS Plastic,0.36661696434020996,0.21482688188552856,0.1268433779478073,0.023428846150636673,0.2682839334011078,0.36661696434020996
/Users/aswanathjs/Downloads/test9/ai_plastic_waste_management_training/HDPE Plastic/milk_bottles/HDPEM408.jpg,0,HDPE Plastic,0,HDPE Plastic,0.9973776340484619,0.9973776340484619,0.0005440774839371443,0.0005069899489171803,0.0006767351878806949,0.0008945841109380126
/Users/aswanathjs/Downloads/test9/ai_plastic_waste_management_training/HDPE Plastic/shampoo_bottiles_grey/0065_a02b03c2d2e0f1g0h0.jpg,0,HDPE Plastic,0,HDPE Plastic,0.9980179071426392,0.9980179071426392,4.620809340849519e-05,8.846164564602077e-05,0.0017178207635879517,0.00012956488353665918
/Users/aswanathjs/Downloads/test9/ai_plastic_waste_management_training/HDPE Plastic/shampoo_bottles/0065_a02b03c2d2e0f1g0h0.jpg,0,HDPE Plastic,0,HDPE Plastic,0.9807629585266113,0.9807629585266113,0.002495720051229,0.001423529931344092,0.012197923846542835,0.003119776491075754
/Users/aswanathjs/Downloads/test9/ai_plastic_waste_management_training/PET Plastic/black_white_plastic_bottles/azdgf_jpg.rf.41d05dbd8ae8ea78e2a69ff45617dead.jpg,2,PET Plastic,2,PET Plastic,0.9979485869407654,8.772060391493142e-05,0.00016582068928983063,0.9979485869407654,0.0016843053745105863,0.00011352257570251822
/Users/aswanathjs/Downloads/test9/ai_plastic_waste_management_training/PP Plastic/round_containers/IMG_20220210_105638.jpg,3,PP Plastic,3,PP Plastic,0.9990620017051697,0.0003827253822237253,0.0004473642911761999,2.0634292013710365e-05,0.9990620017051697,8.7279113358818e-05
/Users/aswanathjs/Downloads/test9/ai_plastic_waste_management_training/PP Plastic/irregular_containers/valid_PP-66_jpg.rf.ee23cdc54f12850194f8ad6ecc589277.jpg,3,PP Plastic,3,PP Plastic,0.9959553480148315,0.00014332156570162624,0.002029509749263525,0.00015503288886975497,0.9959553480148315,0.0017167492769658566
/Users/aswanathjs/Downloads/test9/ai_plastic_waste_management_training/PP Plastic/square_containers/Image_84.png,3,PP Plastic,3,PP Plastic,0.7498857378959656,0.008896457962691784,0.21929305791854858,0.006459174212068319,0.7498857378959656,0.015465617179870605
/Users/aswanathjs/Downloads/test9/ai_plastic_waste_management_training/PS Plastic/foam_containers/Image_84.png,3,PP Plastic,4,PS Plastic,0.6681878566741943,0.0220707505941391,0.03907066211104393,0.004559706896543503,0.26611098647117615,0.6681878566741943
/Users/aswanathjs/Downloads/test9/ai_plastic_waste_management_training/LDPE Plastic/plastic_bags/plasticbag (48).jpg,1,LDPE Plastic,1,LDPE Plastic,0.9969828724861145,0.0007979870424605906,0.9969828724861145,0.0001323538599535823,0.00141274300403893,0.0006739899981766939
/Users/aswanathjs/Downloads/test9/ai_plastic_waste_management_training/HDPE Plastic/detergent_bottles/0010_a02b01c2d1e0f1g0h1.jpg,0,HDPE Plastic,0,HDPE Plastic,0.9989035129547119,0.9989035129547119,0.00012281507952138782,0.00042420305544510484,0.00045120922732166946,9.826189489103854e-05
/Users/aswanathjs/Downloads/test9/ai_plastic_waste_management_training/HDPE Plastic/detergent_botteles_grey/0010_a02b01c2d1e0f1g0h1.jpg,0,HDPE Plastic,0,HDPE Plastic,0.9970101118087769,0.9970101118087769,0.0010707423789426684,0.0004895068123005331,0.0011615129187703133,0.0002680069301277399
/Users/aswanathjs/Downloads/test9/ai_plastic_waste_management_training/PP Plastic/round_containers/0035_a06b01c1d0e0f0g0h1.jpg,3,PP Plastic,3,PP Plastic,0.9975548386573792,7.983428076840937e-05,0.0003512517723720521,0.0010080456268042326,0.9975548386573792,0.001006012549623847
/Users/aswanathjs/Downloads/test9/ai_plastic_waste_management_training/PS Plastic/foam_sheets/PS-735_jpg.rf.74d2eecc3489f63511117471833b1c0a.jpg,4,PS Plastic,4,PS Plastic,0.9972822666168213,0.0006209216662682593,0.0006537894369103014,0.000558561529032886,0.0008844711701385677,0.9972822666168213
/Users/aswanathjs/Downloads/test9/ai_plastic_waste_management_training/LDPE Plastic/black_white__plastic_bags/0038_jpg.rf.5659dea18108cb7d43df04810d60ee75.jpg,1,LDPE Plastic,1,LDPE Plastic,0.9982230067253113,0.0009112025727517903,0.9982230067253113,7.532861491199583e-05,0.000356331147486344,0.0004341633175499737
/Users/aswanathjs/Downloads/test9/ai_plastic_waste_management_training/PET Plastic/black_white_plastic_bottles/anqur_jpg.rf.7899d90c7d54b3a351a27f197d61e5bb.jpg,2,PET Plastic,2,PET Plastic,0.992115318775177,0.004997384734451771,0.00022778869606554508,0.992115318775177,0.0020699521992355585,0.0005895724752917886
/Users/aswanathjs/Downloads/test9/ai_plastic_waste_management_training/LDPE Plastic/plastic_bags/LDPE-655_jpg.rf.c358d1c206d03cb2b09291eb684f3d85.jpg,1,LDPE Plastic,1,LDPE Plastic,0.9989269375801086,0.00026556369266472757,0.9989269375801086,7.772040407871827e-05,0.00030738080386072397,0.0004224088625051081
/Users/aswanathjs/Downloads/test9/ai_plastic_waste_management_training/PET Plastic/shampoo_bottles/0100_a05b00c2d2e0f0g0h3.jpg,2,PET Plastic,2,PET Plastic,0.9999877214431763,6.8658068812510464e-06,7.832458663870057e-07,0.9999877214431763,3.532148866725038e-06,1.0753876722446876e-06
/Users/aswanathjs/Downloads/test9/ai_plastic_waste_management_training/PET Plastic/black_white_plastic_bottles/axhyi_jpg.rf.a86a0e1e6836cc96f67cf1531f5fce00.jpg,2,PET Plastic,2,PET Plastic,0.999743640422821,9.21451355679892e-05,5.517501995200291e-05,0.999743640422821,2.935584598162677e-05,7.974619074957445e-05
/Users/aswanathjs/Downloads/test9/ai_plastic_waste_management_training/HDPE Plastic/shampoo_bottles/0063_a02b01c2d1e0f1g1h1.jpg,0,HDPE Plastic,0,HDPE Plastic,0.9986365437507629,0.9986365437507629,6.352709169732407e-05,0.00017522936104796827,0.0009633604786358774,0.0001613348285900429
/Users/aswanathjs/Downloads/test9/ai_plastic_waste_management_training/PP Plastic/round_containers/IMG_20220209_174841.jpg,3,PP Plastic,3,PP Plastic,0.9795279502868652,0.0007934511522762477,0.013716722838580608,0.000780233705881983,0.9795279502868652,0.005181600339710712
/Users/aswanathjs/Downloads/test9/ai_plastic_waste_management_training/PS Plastic/foam_sheets/PS-667_jpg.rf.0887ea8d8aa6587212e19a43b64b7914.jpg,4,PS Plastic,4,PS Plastic,0.9997190833091736,3.6019133403897285e-05,0.0001242942817043513,7.768625800963491e-05,4.290148353902623e-05,0.9997190833091736
/Users/aswanathjs/Downloads/test9/ai_plastic_waste_management_training/LDPE Plastic/plastic_bags/plasticbag (91).jpg,1,LDPE Plastic,1,LDPE Plastic,0.9826765060424805,0.00542262801900506,0.9826765060424805,0.00021183158969506621,0.008941453881561756,0.0027475557290017605
/Users/aswanathjs/Downloads/test9/ai_plastic_waste_management_training/PET Plastic/shampoo_bottles/0050_a05b00c1d0e1f1g0h4.jpg,2,PET Plastic,2,PET Plastic,0.9994526505470276,0.0004298099665902555,2.258356471429579e-05,0.9994526505470276,3.181162537657656e-05,6.314044730970636e-05
/Users/aswanathjs/Downloads/test9/ai_plastic_waste_management_training/PP Plastic/rectangle_containers/0011_a05b00c1d2e0f0g0h1.jpg,3,PP Plastic,3,PP Plastic,0.9993799924850464,5.928050813963637e-05,7.099130743881688e-05,0.0003735955397132784,0.9993799924850464,0.00011606582120293751
/Users/aswanathjs/Downloads/test9/ai_plastic_waste_management_training/PP Plastic/square_containers/0011_a05b00c1d2e0f0g0h1.jpg,3,PP Plastic,3,PP Plastic,0.9993799924850464,5.928050813963637e-05,7.099130743881688e-05,0.0003735955397132784,0.9993799924850464,0.00011606582120293751
/Users/aswanathjs/Downloads/test9/ai_plastic_waste_management_training/LDPE Plastic/plastic_bags/plasticbag (137).jpg,1,LDPE Plastic,1,LDPE Plastic,0.9980918765068054,0.00019750589854083955,0.9980918765068054,0.0010454918956384063,0.0005236193537712097,0.00014143313455861062
/Users/aswanathjs/Downloads/test9/ai_plastic_waste_management_training/HDPE Plastic/milk_bottles/HDPEM57.jpg,0,HDPE Plastic,0,HDPE Plastic,0.9996703863143921,0.9996703863143921,0.0001075442269211635,3.701564128277823e-05,0.00011307531531201676,7.193991768872365e-05
"/Users/aswanathjs/Downloads/test9/ai_plastic_waste_management_training/PET Plastic/plastic_bottles/PET1,780.jpg",2,PET Plastic,2,PET Plastic,0.9998877048492432,8.279790199594572e-05,1.0666045454854611e-05,0.9998877048492432,9.834356205828954e-06,8.984289706859272e-06
/Users/aswanathjs/Downloads/test9/ai_plastic_waste_management_training/PS Plastic/form_containers_grey/0058_a06b01c2d0e0f0g0h3.jpg,4,PS Plastic,4,PS Plastic,0.9993075132369995,9.584068175172433e-05,4.518808054854162e-05,2.326821777387522e-05,0.0005281296907924116,0.9993075132369995
/Users/aswanathjs/Downloads/test9/ai_plastic_waste_management_training/PS Plastic/foam_containers/0058_a06b01c2d0e0f0g0h3.jpg,4,PS Plastic,4,PS Plastic,0.9997319579124451,2.075202610285487e-05,6.668351943517337e-06,5.272701400826918e-06,0.00023543412680737674,0.9997319579124451
/Users/aswanathjs/Downloads/test9/ai_plastic_waste_management_training/PS Plastic/foam_sheets/PS-766_jpg.rf.d8043d9fbcebff2f5e67595b5aad510c.jpg,4,PS Plastic,4,PS Plastic,0.9994571805000305,0.00013283186126500368,0.00010914339509326965,9.37334552872926e-05,0.00020708973170258105,0.9994571805000305
/Users/aswanathjs/Downloads/test9/ai_plastic_waste_management_training/PET Plastic/black_white_plastic_bottles/awkxc_jpg.rf.83d9f92faa46b6a5e708b2515e5efd11.jpg,2,PET Plastic,2,PET Plastic,0.999553382396698,0.00011851234012283385,0.00011977378017036244,0.999553382396698,7.483245281036943e-05,0.00013355181727092713
/Users/aswanathjs/Downloads/test9/ai_plastic_waste_management_training/LDPE Plastic/plastic_bags/LDPE-600_jpg.rf.dc852cae2c8dc2a869b59cafee35ba42.jpg,1,LDPE Plastic,1,LDPE Plastic,0.9996433258056641,0.00010013653081841767,0.9996433258056641,2.0315839719842188e-05,4.005765003967099e-05,0.00019617752695921808
/Users/aswanathjs/Downloads/test9/ai_plastic_waste_management_training/PS Plastic/foam_containers/0058_a06b01c2d1e0f0g0h1.jpg,4,PS Plastic,4,PS Plastic,0.99896240234375,0.00021381955593824387,4.406541120260954e-05,0.00010479291813680902,0.0006748205632902682,0.99896240234375
"/Users/aswanathjs/Downloads/test9/ai_plastic_waste_management_training/PET Plastic/plastic_bottles/PET1,204.jpg",2,PET Plastic,2,PET Plastic,0.9996305704116821,0.00021779301459901035,5.856293500983156e-05,0.9996305704116821,1.12666994027677e-05,8.175646507879719e-05
/Users/aswanathjs/Downloads/test9/ai_plastic_waste_management_training/PET Plastic/black_white_plastic_bottles/amqph_jpg.rf.2fe950f511d559a62dd4647fd866da2d.jpg,2,PET Plastic,2,PET Plastic,0.9999698400497437,9.698689609649591e-06,1.662387944634247e-06,0.9999698400497437,5.439678261609515e-06,1.328379767073784e-05
/Users/aswanathjs/Downloads/test9/ai_plastic_waste_management_training/PP Plastic/round_containers/0022_a05b00c2d0e0f0g0h3.jpg,3,PP Plastic,3,PP Plastic,0.9949136972427368,0.0005013592890463769,0.00239842408336699,0.0011829298455268145,0.9949136972427368,0.0010035838931798935
/Users/aswanathjs/Downloads/test9/ai_plastic_waste_management_training/HDPE Plastic/detergent_bottles/0098_a02b03c1d2e0f0g0h3.jpg,0,HDPE Plastic,0,HDPE Plastic,0.9988958835601807,0.9988958835601807,0.0001327422069152817,9.720133675727993e-05,0.0007915510213933885,8.259462629212067e-05
/Users/aswanathjs/Downloads/test9/ai_plastic_waste_management_training/LDPE Plastic/black_white__plastic_bags/0007_jpg.rf.0e0bd85ebe663ccd675b6a08c21be77a.jpg,1,LDPE Plastic,1,LDPE Plastic,0.9953939914703369,6.63056198391132e-05,0.9953939914703369,0.003678587032482028,0.0003965449286624789,0.0004645814769901335
/Users/aswanathjs/Downloads/test9/ai_plastic_waste_management_training/PP Plastic/round_containers/0032_a05b01c2d2e0f0g0h1.jpg,3,PP Plastic,3,PP Plastic,0.999002993106842,0.000497377070132643,6.850217323517427e-05,0.0003322637057863176,0.999002993106842,9.884870087262243e-05
/Users/aswanathjs/Downloads/test9/ai_plastic_waste_management_training/LDPE Plastic/bubble_wrap_grey/LDPE-94_jpg.rf.7e0c943462765e42beffe94456407b6d.jpg,1,LDPE Plastic,1,LDPE Plastic,0.9984833598136902,0.0004539949295576662,0.9984833598136902,0.00021765701239928603,0.0005092790815979242,0.0003357437381055206
/Users/aswanathjs/Downloads/test9/ai_plastic_waste_management_training/LDPE Plastic/bubble_wrap/LDPE-94_jpg.rf.7e0c943462765e42beffe94456407b6d.jpg,1,LDPE Plastic,1,LDPE Plastic,0.9997122883796692,5.7807050325209275e-05,0.9997122883796692,3.132184792775661e-05,8.134774543577805e-05,0.00011712779087247327
/Users/aswanathjs/Downloads/test9/ai_plastic_waste_management_training/LDPE Plastic/plastic_bags/plasticbag (160).jpg,1,LDPE Plastic,1,LDPE Plastic,0.9914543628692627,0.0010157681535929441,0.9914543628692627,0.0018949196673929691,0.004122925456613302,0.0015120257157832384
/Users/aswanathjs/Downloads/test9/ai_plastic_waste_management_training/PS Plastic/foam_sheets/PS-888_jpg.rf.26284a6d81a66c1248aa80fbf2be7fe5.jpg,4,PS Plastic,4,PS Plastic,0.9998325109481812,3.029408799193334e-05,3.0371615139301866e-05,6.398993718903512e-05,4.281136716599576e-05,0.9998325109481812
/Users/aswanathjs/Downloads/test9/ai_plastic_waste_management_training/HDPE Plastic/detergent_bottles/0010_a02b01c2d2e0f1g0h4.jpg,0,HDPE Plastic,0,HDPE Plastic,0.9984214305877686,0.9984214305877686,6.080191451474093e-05,0.0007904977537691593,0.0006449111388064921,8.231442916439846e-05
/Users/aswanathjs/Downloads/test9/ai_plastic_waste_management_training/HDPE Plastic/detergent_botteles_grey/0010_a02b01c2d2e0f1g0h4.jpg,0,HDPE Plastic,0,HDPE Plastic,0.9979566335678101,0.9979566335678101,0.00010468053369550034,0.0014525166479870677,0.00041930892621167004,6.675318581983447e-05
"/Users/aswanathjs/Downloads/test9/ai_plastic_waste_management_training/HDPE Plastic/milk_bottles/HDPEM1,021.JPG",0,HDPE Plastic,0,HDPE Plastic,0.9994634985923767,0.9994634985923767,6.950361421331763e-05,0.0002242308109998703,4.2575455154292285e-05,0.00020021649834234267
/Users/aswanathjs/Downloads/test9/ai_plastic_waste_management_training/PS Plastic/foam_sheets/PS-902_jpg.rf.3e405abf1c38efc9697085217bdb30a3.jpg,4,PS Plastic,4,PS Plastic,0.9998880624771118,2.647067594807595e-05,2.819267137965653e-05,2.8585835025296547e-05,2.8702861527563073e-05,0.9998880624771118
/Users/aswanathjs/Downloads/test9/ai_plastic_waste_management_training/PS Plastic/form_sheets_grey/PS-902_jpg.rf.3e405abf1c38efc9697085217bdb30a3.jpg,4,PS Plastic,4,PS Plastic,0.9996340274810791,5.513036376214586e-05,7.064803503453732e-05,0.00012570040416903794,0.00011437633656896651,0.9996340274810791
/Users/aswanathjs/Downloads/test9/ai_plastic_waste_management_training/PP Plastic/round_containers/0022_a05b00c1d2e0f0g0h3.jpg,3,PP Plastic,3,PP Plastic,0.9961307048797607,0.00023530572070740163,0.0023021597880870104,0.0006412219954654574,0.9961307048797607,0.0006906258640810847
/Users/aswanathjs/Downloads/test9/ai_plastic_waste_management_training/HDPE Plastic/milk_bottles/HDPEM499.jpg,0,HDPE Plastic,0,HDPE Plastic,0.9997521042823792,0.9997521042823792,5.068854443379678e-05,1.3992746062285732e-05,0.00011169377830810845,7.166332216002047e-05
/Users/aswanathjs/Downloads/test9/ai_plastic_waste_management_training/PET Plastic/plastic_bottles/PET360.jpg,2,PET Plastic,2,PET Plastic,0.9999302625656128,3.835835377685726e-05,9.437026164960116e-06,0.9999302625656128,2.816568212438142e-06,1.9132488887407817e-05
/Users/aswanathjs/Downloads/test9/ai_plastic_waste_management_training/LDPE Plastic/plastic_bags/plasticbag (42).jpg,1,LDPE Plastic,1,LDPE Plastic,0.9994194507598877,8.338053885381669e-05,0.9994194507598877,2.580831824161578e-05,0.00031777838012203574,0.00015362552949227393
/Users/aswanathjs/Downloads/test9/ai_plastic_waste_management_training/LDPE Plastic/plastic_bags/plasticbag (156).jpg,1,LDPE Plastic,1,LDPE Plastic,0.9998699426651001,2.3824481104384176e-05,0.9998699426651001,1.8378714230493642e-05,4.3418011046014726e-05,4.445425292942673e-05
"/Users/aswanathjs/Downloads/test9/ai_plastic_waste_management_training/PET Plastic/plastic_bottles/PET1,508.jpg",2,PET Plastic,2,PET Plastic,0.9990936517715454,0.0008333968580700457,4.819572041014908e-06,0.9990936517715454,3.389966150280088e-05,3.420459688641131e-05
/Users/aswanathjs/Downloads/test9/ai_plastic_waste_management_training/LDPE Plastic/plastic_bags/LDPE-545_jpg.rf.98a9d3aa0408925d1e5afe27dcba453b.jpg,1,LDPE Plastic,1,LDPE Plastic,0.9996585845947266,6.878923886688426e-05,0.9996585845947266,8.228793740272522e-05,3.714179547387175e-05,0.00015314250777009875
/Users/aswanathjs/Downloads/test9/ai_plastic_waste_management_training/HDPE Plastic/detergent_bottles/0098_a02b03c1d1e0f0g0h2.jpg,0,HDPE Plastic,0,HDPE Plastic,0.9987461566925049,0.9987461566925049,0.00015652325237169862,7.391527469735593e-05,0.000969575485214591,5.3815601859241724e-05
/Users/aswanathjs/Downloads/test9/ai_plastic_waste_management_training/PP Plastic/round_containers/Image_89.png,3,PP Plastic,3,PP Plastic,0.869255006313324,0.00952144805341959,0.08740896731615067,0.0028117389883846045,0.869255006313324,0.03100290708243847
/Users/aswanathjs/Downloads/test9/ai_plastic_waste_management_training/PS Plastic/foam_containers/Image_89.png,3,PP Plastic,4,PS Plastic,0.5756999254226685,0.04009580612182617,0.16233983635902405,0.00418067118152976,0.2176838517189026,0.5756999254226685
/Users/aswanathjs/Downloads/test9/ai_plastic_waste_management_training/HDPE Plastic/shampoo_bottles/0065_a02b03c1d0e0f1g0h2.jpg,0,HDPE Plastic,0,HDPE Plastic,0.9993771910667419,0.9993771910667419,0.00010228707105852664,5.9968308050883934e-05,0.000197733286768198,0.00026289807283319533
/Users/aswanathjs/Downloads/test9/ai_plastic_waste_management_training/PP Plastic/round_containers/0044_a06b01c1d3e0f0g0h2.jpg,3,PP Plastic,3,PP Plastic,0.9993583559989929,1.2811243323085364e-05,0.000492304505314678,1.89594484254485e-05,0.9993583559989929,0.00011759706103475764
/Users/aswanathjs/Downloads/test9/ai_plastic_waste_management_training/PS Plastic/foam_containers/Image_144.png,4,PS Plastic,4,PS Plastic,0.4618571102619171,0.05291987583041191,0.16950203478336334,0.007037309464067221,0.30868369340896606,0.4618571102619171
/Users/aswanathjs/Downloads/test9/ai_plastic_waste_management_training/PP Plastic/round_containers/0095_a05b01c1d2e0f0g0h0.jpg,3,PP Plastic,3,PP Plastic,0.9830621480941772,0.003059006528928876,0.00041345885256305337,0.010637491010129452,0.9830621480941772,0.0028279046528041363
/Users/aswanathjs/Downloads/test9/ai_plastic_waste_management_training/PS Plastic/foam_containers/Image_208.png,4,PS Plastic,4,PS Plastic,0.5602283477783203,0.024943264201283455,0.24976252019405365,0.005917931441217661,0.15914806723594666,0.5602283477783203
/Users/aswanathjs/Downloads/test9/ai_plastic_waste_management_training/PP Plastic/square_containers/Image_246.png,3,PP Plastic,3,PP Plastic,0.992966890335083,4.260908463038504e-05,0.006808542646467686,0.00012399944534990937,0.992966890335083,5.7990644563687965e-05
/Users/aswanathjs/Downloads/test9/ai_plastic_waste_management_training/PS Plastic/foam_containers/Image_246.png,3,PP Plastic,4,PS Plastic,0.4021851420402527,0.0683896616101265,0.1319776028394699,0.006044242065399885,0.39140334725379944,0.4021851420402527
/Users/aswanathjs/Downloads/test9/ai_plastic_waste_management_training/PP Plastic/round_containers/0035_a06b01c2d0e0f0g0h2.jpg,3,PP Plastic,3,PP Plastic,0.9999222755432129,1.02252270153258e-05,1.3326776752364822e-05,3.4645083360373974e-05,0.9999222755432129,1.9498063920764253e-05
/Users/aswanathjs/Downloads/test9/ai_plastic_waste_management_training/PP Plastic/round_containers_grey/0035_a06b01c2d0e0f0g0h2.jpg,3,PP Plastic,3,PP Plastic,0.9997894167900085,3.290446329629049e-05,3.9284859667532146e-05,9.729542216518894e-05,0.9997894167900085,4.103607716388069e-05
/Users/aswanathjs/Downloads/test9/ai_plastic_waste_management_training/HDPE Plastic/shampoo_bottles/0065_a02b03c1d2e0f1g0h2.jpg,0,HDPE Plastic,0,HDPE Plastic,0.9998204112052917,0.9998204112052917,5.4638170695398e-05,1.4204016224539373e-05,8.120058191707358e-05,2.9561449991888367e-05
/Users/aswanathjs/Downloads/test9/ai_plastic_waste_management_training/HDPE Plastic/milk_bottles/HDPEM198.jpg,0,HDPE Plastic,0,HDPE Plastic,0.9998214840888977,0.9998214840888977,7.037715113256127e-05,1.746176349115558e-05,5.397320637712255e-05,3.670494334073737e-05
/Users/aswanathjs/Downloads/test9/ai_plastic_waste_management_training/HDPE Plastic/milk_bottles_grey/HDPEM198.jpg,0,HDPE Plastic,0,HDPE Plastic,0.9997532963752747,0.9997532963752747,8.054137288127095e-05,1.2583564057422336e-05,0.00010532783926464617,4.818108936888166e-05
/Users/aswanathjs/Downloads/test9/ai_plastic_waste_management_training/PS Plastic/form_containers_grey/Image_120.png,4,PS Plastic,4,PS Plastic,0.7281760573387146,0.019001154229044914,0.11303893476724625,0.006303532514721155,0.1334802657365799,0.7281760573387146
/Users/aswanathjs/Downloads/test9/ai_plastic_waste_management_training/PS Plastic/foam_containers/Image_120.png,4,PS Plastic,4,PS Plastic,0.6945816278457642,0.01659409888088703,0.10902493447065353,0.005368868820369244,0.17443056404590607,0.6945816278457642
/Users/aswanathjs/Downloads/test9/ai_plastic_waste_management_training/PS Plastic/foam_sheets/PS-666_jpg.rf.e3a34e2cf55d3b20ac51d4554ab1ec15.jpg,4,PS Plastic,4,PS Plastic,0.9997149109840393,6.047510396456346e-05,7.741332956356928e-05,6.42255981802009e-05,8.302695641759783e-05,0.9997149109840393
/Users/aswanathjs/Downloads/test9/ai_plastic_waste_management_training/LDPE Plastic/black_white__plastic_bags/0095_jpg.rf.09c6ac8f16cd24bde4f0f6bb505e3633.jpg,1,LDPE Plastic,1,LDPE Plastic,0.9993959665298462,0.0002510195772629231,0.9993959665298462,0.00010007491073338315,5.576747207669541e-05,0.00019719144620466977
/Users/aswanathjs/Downloads/test9/ai_plastic_waste_management_training/PP Plastic/round_containers/0035_a06b01c2d2e0f0g0h1.jpg,3,PP Plastic,3,PP Plastic,0.9990553259849548,0.00017319078324362636,0.00020369686535559595,0.0004924664390273392,0.9990553259849548,7.533277675975114e-05
/Users/aswanathjs/Downloads/test9/ai_plastic_waste_management_training/PP Plastic/round_containers_grey/0035_a06b01c2d2e0f0g0h1.jpg,3,PP Plastic,3,PP Plastic,0.9972748160362244,0.0015900712460279465,0.00021799313253723085,0.0006269409786909819,0.9972748160362244,0.0002901765692513436
/Users/aswanathjs/Downloads/test9/ai_plastic_waste_management_training/PET Plastic/black_white_plastic_bottles/dpaml_jpg.rf.4d5a9e8d3863f8e7c4fc1d9e8cc658a9.jpg,2,PET Plastic,2,PET Plastic,0.9984980821609497,0.00011671929678414017,0.00104221748188138,0.9984980821609497,0.00010653756908141077,0.00023649155627936125
/Users/aswanathjs/Downloads/test9/ai_plastic_waste_management_training/PET Plastic/plastic_bottles/PET843.jpg,2,PET Plastic,2,PET Plastic,0.9997875094413757,2.5091263523790985e-05,1.0079781532112975e-05,0.9997875094413757,4.1398099710932e-05,0.0001359194575343281
"/Users/aswanathjs/Downloads/test9/ai_plastic_waste_management_training/PET Plastic/plastic_bottles/PET1,710.jpg",2,PET Plastic,2,PET Plastic,0.9992339611053467,0.0001873679575510323,5.763696026406251e-05,0.9992339611053467,0.0004061440413352102,0.00011497019295347854
"/Users/aswanathjs/Downloads/test9/ai_plastic_waste_management_training/PET Plastic/plastic_bottles/PET1,428.jpg",2,PET Plastic,2,PET Plastic,0.9998142123222351,6.642207881668583e-05,1.528981556475628e-05,0.9998142123222351,4.388393790577538e-05,6.0318958276184276e-05
"/Users/aswanathjs/Downloads/test9/ai_plastic_waste_management_training/PET Plastic/plastic_bottles/PET1,615.jpg",2,PET Plastic,2,PET Plastic,0.9996814727783203,0.000152855776832439,3.153461148031056e-05,0.9996814727783203,8.541525312466547e-05,4.874501973972656e-05
/Users/aswanathjs/Downloads/test9/ai_plastic_waste_management_training/HDPE Plastic/milk_bottles/HDPEM234.jpg,0,HDPE Plastic,0,HDPE Plastic,0.99834144115448,0.99834144115448,6.420768477255479e-05,0.00015423510922119021,0.0012616828316822648,0.00017840300279203802
/Users/aswanathjs/Downloads/test9/ai_plastic_waste_management_training/PET Plastic/black_white_plastic_bottles/dmslo_jpg.rf.41d409832e3d933647d869b28eaaae55.jpg,2,PET Plastic,2,PET Plastic,0.9995228052139282,3.130653567495756e-05,0.00025557074695825577,0.9995228052139282,5.609889194602147e-05,0.0001342078176094219
/Users/aswanathjs/Downloads/test9/ai_plastic_waste_management_training/PP Plastic/round_containers/0009_a06b01c1d1e0f0g0h1.jpg,3,PP Plastic,3,PP Plastic,0.9991059899330139,0.0002876912767533213,5.270227120490745e-05,0.00043184799142181873,0.9991059899330139,0.00012174322182545438
/Users/aswanathjs/Downloads/test9/ai_plastic_waste_management_training/PET Plastic/plastic_bottles/PET893.jpg,2,PET Plastic,2,PET Plastic,0.9993337988853455,7.900269702076912e-05,0.0005125915631651878,0.9993337988853455,2.3601314751431346e-05,5.0959057261934504e-05
/Users/aswanathjs/Downloads/test9/ai_plastic_waste_management_training/HDPE Plastic/milk_bottles/HDPEM193.jpg,0,HDPE Plastic,0,HDPE Plastic,0.9990882873535156,0.9990882873535156,0.00015400463598780334,0.00013344678154680878,0.00024758907966315746,0.0003767032758332789
/Users/aswanathjs/Downloads/test9/ai_plastic_waste_management_training/LDPE Plastic/plastic_bags/plasticbag (115) 17.43.56.jpg,1,LDPE Plastic,1,LDPE Plastic,0.9989834427833557,3.544708670233376e-05,0.9989834427833557,0.00015578477177768946,0.000797923537902534,2.7431538910605013e-05
/Users/aswanathjs/Downloads/test9/ai_plastic_waste_management_training/PS Plastic/foam_containers/0058_a06b01c1d1e0f0g0h4.jpg,4,PS Plastic,4,PS Plastic,0.9983396530151367,6.662575469817966e-05,4.107873610337265e-05,3.793984433286823e-05,0.001514660194516182,0.9983396530151367
/Users/aswanathjs/Downloads/test9/ai_plastic_waste_management_training/HDPE Plastic/milk_bottles/HDPEM284.jpg,0,HDPE Plastic,0,HDPE Plastic,0.9999525547027588,0.9999525547027588,1.283979418076342e-05,5.238800440565683e-06,1.6076675819931552e-05,1.3201492038206197e-05
/Users/aswanathjs/Downloads/test9/ai_plastic_waste_management_training/PP Plastic/round_containers/0031_a05b01c1d2e0f0g0h3.jpg,3,PP Plastic,3,PP Plastic,0.9896928668022156,0.009975062683224678,0.00010981164814438671,0.0001498344208812341,0.9896928668022156,7.241139974212274e-05
/Users/aswanathjs/Downloads/test9/ai_plastic_waste_management_training/PET Plastic/plastic_bottles/PET817.jpg,2,PET Plastic,2,PET Plastic,0.9992682337760925,0.0003486015775706619,0.00013423673226498067,0.9992682337760925,4.317904313211329e-05,0.00020581562421284616
/Users/aswanathjs/Downloads/test9/ai_plastic_waste_management_training/PET Plastic/plastic_bottles/PET295.jpg,2,PET Plastic,2,PET Plastic,0.9963406920433044,0.0023474078625440598,0.0001654083316680044,0.9963406920433044,0.0006893042591400445,0.0004571454192046076
/Users/aswanathjs/Downloads/test9/ai_plastic_waste_management_training/PP Plastic/rectangle_containers/0011_a05b00c2d2e0f0g0h1.jpg,3,PP Plastic,3,PP Plastic,0.999311089515686,0.00020819285418838263,7.241431740112603e-05,0.00033472292125225067,0.999311089515686,7.360000745393336e-05
/Users/aswanathjs/Downloads/test9/ai_plastic_waste_management_training/PP Plastic/square_containers/0011_a05b00c2d2e0f0g0h1.jpg,3,PP Plastic,3,PP Plastic,0.999311089515686,0.00020819285418838263,7.241431740112603e-05,0.00033472292125225067,0.999311089515686,7.360000745393336e-05
/Users/aswanathjs/Downloads/test9/ai_plastic_waste_management_training/HDPE Plastic/shampoo_bottles/0076_a02b06c2d1e0f1g0h3.jpg,0,HDPE Plastic,0,HDPE Plastic,0.9977280497550964,0.9977280497550964,0.00021016289247199893,0.000760322785936296,0.0007766082417219877,0.000524846138432622
/Users/aswanathjs/Downloads/test9/ai_plastic_waste_management_training/PP Plastic/round_containers/0035_a06b01c2d1e0f0g0h0.jpg,3,PP Plastic,3,PP Plastic,0.9995833039283752,1.7050595488399267e-05,0.00015672424342483282,0.0002198490547016263,0.9995833039283752,2.31000994972419e-05
/Users/aswanathjs/Downloads/test9/ai_plastic_waste_management_training/PET Plastic/black_white_plastic_bottles/cbtik_jpg.rf.f2bd33af751ae09c8501f0dcb45e5a8e.jpg,2,PET Plastic,2,PET Plastic,0.9998738765716553,1.5632542272214778e-05,3.7522072489082348e-06,0.9998738765716553,4.033322329632938e-05,6.642223888775334e-05
/Users/aswanathjs/Downloads/test9/ai_plastic_waste_management_training/PET Plastic/plastic_bottles/PET362.jpg,2,PET Plastic,2,PET Plastic,0.9997193217277527,0.00012111792602809146,9.31137110455893e-05,0.9997193217277527,3.0559287552023306e-05,3.585036029107869e-05
/Users/aswanathjs/Downloads/test9/ai_plastic_waste_management_training/PET Plastic/black_white_plastic_bottles/cvxfi_jpg.rf.c2ee4cdf5923b61892ec5e7996caf401.jpg,2,PET Plastic,2,PET Plastic,0.9999532699584961,7.663999895157758e-06,6.949196176719852e-06,0.9999532699584961,1.1439415175118484e-05,2.0729954485432245e-05
/Users/aswanathjs/Downloads/test9/ai_plastic_waste_management_training/PET Plastic/plastic_bottles/PET447.jpg,2,PET Plastic,2,PET Plastic,0.998458743095398,0.0005685276119038463,0.00019743724260479212,0.998458743095398,0.00033466299646534026,0.0004407019296195358
/Users/aswanathjs/Downloads/test9/ai_plastic_waste_management_training/PET Plastic/plastic_bottles/PET487.jpg,2,PET Plastic,2,PET Plastic,0.9999772310256958,9.478943866270129e-06,9.574936257195077e-07,0.9999772310256958,7.488792562071467e-06,4.8467613851244096e-06
/Users/aswanathjs/Downloads/test9/ai_plastic_waste_management_training/PET Plastic/black_white_plastic_bottles/ahptq_jpg.rf.dbe2d1ffb9f82f2932f4d32992cb52ba.jpg,2,PET Plastic,2,PET Plastic,0.9985001087188721,1.9606803107308224e-05,0.0004961032536812127,0.9985001087188721,0.0007170622702687979,0.0002670896355994046
/Users/aswanathjs/Downloads/test9/ai_plastic_waste_management_training/HDPE Plastic/shampoo_bottles/0063_a02b01c2d3e0f1g1h1.jpg,0,HDPE Plastic,0,HDPE Plastic,0.9994507431983948,0.9994507431983948,4.1445891838520765e-05,0.0002581253938842565,0.00011274834832875058,0.0001369210658594966
/Users/aswanathjs/Downloads/test9/ai_plastic_waste_management_training/LDPE Plastic/plastic_bags_grey/plasticbag (3).jpg,1,LDPE Plastic,1,LDPE Plastic,0.9994217157363892,4.491466370382113e-06,0.9994217157363892,2.176892667193897e-05,0.0005303779034875333,2.1674442905350588e-05
/Users/aswanathjs/Downloads/test9/ai_plastic_waste_management_training/LDPE Plastic/plastic_bags/plasticbag (3).png,1,LDPE Plastic,1,LDPE Plastic,0.9829051494598389,0.0023562870919704437,0.9829051494598389,0.0027937395498156548,0.00528971990570426,0.006655099801719189
/Users/aswanathjs/Downloads/test9/ai_plastic_waste_management_training/LDPE Plastic/plastic_bags/plasticbag (3).jpg,1,LDPE Plastic,1,LDPE Plastic,0.9992004036903381,4.3089953578601126e-06,0.9992004036903381,5.229229645919986e-05,0.0007263401057571173,1.6675330698490143e-05
"/Users/aswanathjs/Downloads/test9/ai_plastic_waste_management_training/PET Plastic/plastic_bottles/PET1,617.jpg",2,PET Plastic,2,PET Plastic,0.9997736811637878,6.94179252604954e-05,1.8895147150033154e-05,0.9997736811637878,0.00010587453289190307,3.211139846825972e-05
/Users/aswanathjs/Downloads/test9/ai_plastic_waste_management_training/HDPE Plastic/shampoo_bottles/0065_a02b03c1d0e0f1g0h4.jpg,0,HDPE Plastic,0,HDPE Plastic,0.9987207055091858,0.9987207055091858,0.00019498950859997422,0.00022474060824606568,0.0007026327075436711,0.00015691145381424576
"/Users/aswanathjs/Downloads/test9/ai_plastic_waste_management_training/PET Plastic/plastic_bottles/PET1,476.jpg",2,PET Plastic,2,PET Plastic,0.9999464750289917,1.878854163805954e-05,3.2222035315498943e-06,0.9999464750289917,8.485248145007063e-06,2.3083603082341142e-05
/Users/aswanathjs/Downloads/test9/ai_plastic_waste_management_training/PS Plastic/foam_sheets/PS-622_jpg.rf.d7d94ec6cc0c23ffb7637a72ff78e1ff.jpg,4,PS Plastic,4,PS Plastic,0.9997320771217346,5.9724505263147876e-05,8.661138417664915e-05,4.5248554670251906e-05,7.635479414602742e-05,0.9997320771217346
/Users/aswanathjs/Downloads/test9/ai_plastic_waste_management_training/LDPE Plastic/plastic_bags/test_LDPE-19_jpg.rf.21132858ab560a67930a1364f9826754.jpg,1,LDPE Plastic,1,LDPE Plastic,0.9983308911323547,0.00020339779439382255,0.9983308911323547,0.00070422631688416,8.094681106740609e-05,0.000680616416502744
"/Users/aswanathjs/Downloads/test9/ai_plastic_waste_management_training/PET Plastic/plastic_bottles/PET1,282.jpg",2,PET Plastic,2,PET Plastic,0.9999350309371948,3.7362340663094074e-05,7.082688625814626e-06,0.9999350309371948,1.0579818990663625e-05,9.929071893566288e-06
/Users/aswanathjs/Downloads/test9/ai_plastic_waste_management_training/PET Plastic/black_white_plastic_bottles/cvpiu_jpg.rf.c4bcb69e2914fc43a8e2b30c6a0830fc.jpg,2,PET Plastic,2,PET Plastic,0.9992460012435913,0.00011062868725275621,0.00021631598065141588,0.9992460012435913,0.00014014093903824687,0.00028699112590402365
/Users/aswanathjs/Downloads/test9/ai_plastic_waste_management_training/HDPE Plastic/shampoo_bottles/0078_a02b07c1d1e0f1g0h3.jpg,0,HDPE Plastic,0,HDPE Plastic,0.9996896982192993,0.9996896982192993,0.00012191940913908184,5.503756256075576e-05,5.9827430959558114e-05,7.35424182494171e-05
/Users/aswanathjs/Downloads/test9/ai_plastic_waste_management_training/HDPE Plastic/milk_bottles/P_W (1371).jpg,0,HDPE Plastic,0,HDPE Plastic,0.9931123852729797,0.9931123852729797,0.0006319399108178914,0.0022901094052940607,0.0019732883665710688,0.001992283621802926
/Users/aswanathjs/Downloads/test9/ai_plastic_waste_management_training/HDPE Plastic/milk_bottles_grey/P_W (1371).jpg,0,HDPE Plastic,0,HDPE Plastic,0.9940574169158936,0.9940574169158936,0.0006854266976006329,0.0008358671911992133,0.0014500219840556383,0.0029712142422795296
"/Users/aswanathjs/Downloads/test9/ai_plastic_waste_management_training/PET Plastic/plastic_bottles/PET1,245.jpg",2,PET Plastic,2,PET Plastic,0.9557222127914429,0.043515440076589584,0.00010880662011913955,0.9557222127914429,0.0003756485239136964,0.00027787633007392287
/Users/aswanathjs/Downloads/test9/ai_plastic_waste_management_training/PS Plastic/foam_sheets/PS-865_jpg.rf.e109b98ff9dec196e9e2a0047b6ed3ea.jpg,4,PS Plastic,4,PS Plastic,0.9996978044509888,4.909118069917895e-05,6.913287506904453e-05,0.00010972328163916245,7.428732351399958e-05,0.9996978044509888
/Users/aswanathjs/Downloads/test9/ai_plastic_waste_management_training/LDPE Plastic/plastic_bags/plasticbag (202).jpg,1,LDPE Plastic,1,LDPE Plastic,0.997892439365387,5.494699871633202e-05,0.997892439365387,6.344912981148809e-05,0.0013732402585446835,0.0006158800097182393
/Users/aswanathjs/Downloads/test9/ai_plastic_waste_management_training/LDPE Plastic/plastic_bags/test_LDPE-3_jpg.rf.c2e0d498a2dd821a25dc896fde6a06d3.jpg,1,LDPE Plastic,1,LDPE Plastic,0.9927680492401123,0.003417392959818244,0.9927680492401123,0.0012940808665007353,0.0005950344493612647,0.0019254431826993823
/Users/aswanathjs/Downloads/test9/ai_plastic_waste_management_training/HDPE Plastic/milk_bottles/P_W (1077).jpg,0,HDPE Plastic,0,HDPE Plastic,0.9932969212532043,0.9932969212532043,0.0007718304987065494,0.002556041581556201,0.0017921302933245897,0.0015831580385565758
/Users/aswanathjs/Downloads/test9/ai_plastic_waste_management_training/PET Plastic/black_white_plastic_bottles/dhpri_jpg.rf.f81dc58e4ced62a8ae353540bcf5b08d.jpg,2,PET Plastic,2,PET Plastic,0.9998798370361328,1.4976418242440559e-05,7.977789209689945e-05,0.9998798370361328,1.1241385436733253e-05,1.4130589079286437e-05
/Users/aswanathjs/Downloads/test9/ai_plastic_waste_management_training/PET Plastic/shampoo_bottles/0100_a05b00c2d0e0f0g0h2.jpg,2,PET Plastic,2,PET Plastic,0.9999551773071289,1.3455742191581521e-05,1.4859183465887327e-06,0.9999551773071289,2.6505267669563182e-05,3.3016724501067074e-06
/Users/aswanathjs/Downloads/test9/ai_plastic_waste_management_training/PET Plastic/plastic_bottles/PET785.jpg,2,PET Plastic,2,PET Plastic,0.9980341792106628,0.0006543444469571114,0.0004735690599773079,0.9980341792106628,0.0005625965422950685,0.00027531280647963285
/Users/aswanathjs/Downloads/test9/ai_plastic_waste_management_training/PS Plastic/foam_sheets/IMG_9349_JPG.rf.ecc1c4f2cd983955ec66e0272704c1a1.jpg,4,PS Plastic,4,PS Plastic,0.9999356269836426,9.175078957923688e-06,2.173268876504153e-05,1.9628811060101725e-05,1.3823178960592486e-05,0.9999356269836426
/Users/aswanathjs/Downloads/test9/ai_plastic_waste_management_training/PS Plastic/foam_sheets/IMG_9349_JPG.rf.121fcc0fa8d7f74c4fc2bf5e9f474b71.jpg,4,PS Plastic,4,PS Plastic,0.9997724890708923,3.9077636756701395e-05,7.303665188373998e-05,3.41753511747811e-05,8.117369725368917e-05,0.9997724890708923
/Users/aswanathjs/Downloads/test9/ai_plastic_waste_management_training/PS Plastic/foam_sheets/IMG_9349_JPG.rf.b937c1d1fd6403d6d97223f6dc800b14.jpg,4,PS Plastic,4,PS Plastic,0.9997187256813049,1.61146617756458e-05,0.00013994127220939845,6.446184852393344e-05,6.0726040828740224e-05,0.9997187256813049
/Users/aswanathjs/Downloads/test9/ai_plastic_waste_management_training/PS Plastic/foam_containers/Image_71.png,4,PS Plastic,4,PS Plastic,0.6454057097434998,0.044650208204984665,0.1427745223045349,0.015318614430725574,0.15185102820396423,0.6454057097434998
"/Users/aswanathjs/Downloads/test9/ai_plastic_waste_management_training/PET Plastic/plastic_bottles/PET1,755.jpg",2,PET Plastic,2,PET Plastic,0.9960390329360962,0.0017292589182034135,0.00026050873566418886,0.9960390329360962,0.0012908793287351727,0.0006802926654927433
/Users/aswanathjs/Downloads/test9/ai_plastic_waste_management_training/LDPE Plastic/plastic_bags/plasticbag.png,1,LDPE Plastic,1,LDPE Plastic,0.9993239641189575,8.996397082228214e-05,0.9993239641189575,1.6817815776448697e-05,0.00035004341043531895,0.00021922637824900448
/Users/aswanathjs/Downloads/test9/ai_plastic_waste_management_training/PET Plastic/plastic_bottles/PET368.jpg,2,PET Plastic,2,PET Plastic,0.9999275207519531,1.8203241779701784e-05,1.4576068679161835e-05,0.9999275207519531,8.13900442153681e-06,3.1547515391139314e-05
/Users/aswanathjs/Downloads/test9/ai_plastic_waste_management_training/PP Plastic/square_containers/Image_218.png,3,PP Plastic,3,PP Plastic,0.9706084728240967,0.0025405019987374544,0.025194399058818817,0.0005000803503207862,0.9706084728240967,0.001156471436843276
/Users/aswanathjs/Downloads/test9/ai_plastic_waste_management_training/PS Plastic/foam_containers/Image_218.png,3,PP Plastic,3,PP Plastic,0.3453686833381653,0.07220843434333801,0.228636234998703,0.008521572686731815,0.3453686833381653,0.34526509046554565
/Users/aswanathjs/Downloads/test9/ai_plastic_waste_management_training/LDPE Plastic/plastic_bags/plasticbag (178) 17.43.56.jpg,1,LDPE Plastic,1,LDPE Plastic,0.9990455508232117,0.00044538042857311666,0.9990455508232117,0.00010884113726206124,0.0003103695926256478,8.98130820132792e-05
/Users/aswanathjs/Downloads/test9/ai_plastic_waste_management_training/HDPE Plastic/detergent_bottles/0039_a02b01c2d1e0f1g0h2.jpg,0,HDPE Plastic,0,HDPE Plastic,0.999546468257904,0.999546468257904,0.00015079534205142409,6.928561924723908e-05,0.0001541300880489871,7.935050234664232e-05
/Users/aswanathjs/Downloads/test9/ai_plastic_waste_management_training/PET Plastic/shampoo_bottles/0015_a05b00c2d3e1f1g0h1.jpg,2,PET Plastic,2,PET Plastic,0.9198664426803589,0.012500937096774578,0.00321266264654696,0.9198664426803589,0.05182003974914551,0.012599926441907883
/Users/aswanathjs/Downloads/test9/ai_plastic_waste_management_training/HDPE Plastic/shampoo_bottles/0077_a02b01c2d2e0f1g0h0.jpg,0,HDPE Plastic,0,HDPE Plastic,0.997379720211029,0.997379720211029,0.00028032102272845805,0.0006185686797834933,0.001533449743874371,0.0001878935581771657
/Users/aswanathjs/Downloads/test9/ai_plastic_waste_management_training/PP Plastic/round_containers/0043_a06b01c2d2e0f0g0h3.jpg,3,PP Plastic,3,PP Plastic,0.9939566850662231,0.0017195793334394693,0.0035782810300588608,0.0001104942275560461,0.9939566850662231,0.000634915370028466
/Users/aswanathjs/Downloads/test9/ai_plastic_waste_management_training/LDPE Plastic/plastic_bags/LDPE-71_jpg.rf.a71ad898f1fda611ef5996a9ae77ccc9.jpg,1,LDPE Plastic,1,LDPE Plastic,0.9982489347457886,9.908695210469887e-05,0.9982489347457886,0.00048342617810703814,0.0005925462464801967,0.0005761308129876852
/Users/aswanathjs/Downloads/test9/ai_plastic_waste_management_training/LDPE Plastic/plastic_bags/LDPE-71_jpg.rf.fb19519ffcf7a5e910688db4dbfd2eb7.jpg,1,LDPE Plastic,1,LDPE Plastic,0.9966453909873962,0.0004517842025961727,0.9966453909873962,0.000651099719107151,0.0008111664210446179,0.001440569176338613
/Users/aswanathjs/Downloads/test9/ai_plastic_waste_management_training/HDPE Plastic/shampoo_bottles/0061_a02b01c1d0e0f1g0h0(1).jpg,0,HDPE Plastic,0,HDPE Plastic,0.9943875670433044,0.9943875670433044,0.0009027104824781418,0.0020257392898201942,0.0016835075803101063,0.0010004929499700665
/Users/aswanathjs/Downloads/test9/ai_plastic_waste_management_training/PET Plastic/plastic_bottles/PET900.jpg,2,PET Plastic,2,PET Plastic,0.9998574256896973,7.462015491910279e-05,3.359645779710263e-05,0.9998574256896973,1.2414378034009133e-05,2.1883495719521306e-05
/Users/aswanathjs/Downloads/test9/ai_plastic_waste_management_training/PS Plastic/foam_sheets/IMG_9384_JPG.rf.ec19f5a3cc6b04ab6954a583d499f874.jpg,4,PS Plastic,4,PS Plastic,0.9968913197517395,5.700915426132269e-05,0.0027363442350178957,7.520502549596131e-05,0.00024005986051633954,0.9968913197517395
/Users/aswanathjs/Downloads/test9/ai_plastic_waste_management_training/PS Plastic/foam_sheets/IMG_9384_JPG.rf.f65a6b899d2ca6abe3b10e2b56d66cb8.jpg,4,PS Plastic,4,PS Plastic,0.9951543807983398,0.0002557211846578866,0.004122436512261629,0.00013188742741476744,0.00033546105260029435,0.9951543807983398
/Users/aswanathjs/Downloads/test9/ai_plastic_waste_management_training/PS Plastic/foam_sheets/IMG_9384_JPG.rf.46ad34425888597716abe96e79e09225.jpg,4,PS Plastic,4,PS Plastic,0.9968144297599792,0.00032864627428352833,0.002200782299041748,0.0003588847757782787,0.0002972165239043534,0.9968144297599792
/Users/aswanathjs/Downloads/test9/ai_plastic_waste_management_training/LDPE Plastic/plastic_bags/LDPE-322_jpg.rf.c2955913084b3d9a440be2bfb645b150.jpg,1,LDPE Plastic,1,LDPE Plastic,0.9985873699188232,0.000289567862637341,0.9985873699188232,0.00016092734585981816,0.00029869674472138286,0.0006635133177042007
/Users/aswanathjs/Downloads/test9/ai_plastic_waste_management_training/LDPE Plastic/plastic_bags/plasticbag (191).jpg,1,LDPE Plastic,1,LDPE Plastic,0.9943963289260864,0.0005455577047541738,0.9943963289260864,0.0013805124908685684,0.0011474784696474671,0.002530128927901387
/Users/aswanathjs/Downloads/test9/ai_plastic_waste_management_training/PET Plastic/plastic_bottles/PET927.jpg,2,PET Plastic,2,PET Plastic,0.9991838335990906,0.0002800650254357606,0.00016751153452787548,0.9991838335990906,0.00017136447422672063,0.00019726601021829993
/Users/aswanathjs/Downloads/test9/ai_plastic_waste_management_training/PS Plastic/foam_sheets/PS-540_jpg.rf.1e99cb1d9db3f3babe66278cc7b93de0.jpg,4,PS Plastic,4,PS Plastic,0.9997182488441467,3.868079511448741e-05,0.00011507770250318572,4.79814552818425e-05,7.987506978679448e-05,0.9997182488441467
/Users/aswanathjs/Downloads/test9/ai_plastic_waste_management_training/PP Plastic/irregular_containers/train_PP-61_jpg.rf.7f34d189081b6370d7a8dfd056c49de6.jpg,3,PP Plastic,3,PP Plastic,0.999041736125946,0.00028380469302646816,0.0001264858292415738,0.00026499482919462025,0.999041736125946,0.0002829042496159673
/Users/aswanathjs/Downloads/test9/ai_plastic_waste_management_training/PP Plastic/irregular_containers_grey/train_PP-61_jpg.rf.7f34d189081b6370d7a8dfd056c49de6.jpg,3,PP Plastic,3,PP Plastic,0.9987978935241699,0.00035048607969656587,0.00011051740148104727,0.0004262993752490729,0.9987978935241699,0.0003148182586301118
/Users/aswanathjs/Downloads/test9/ai_plastic_waste_management_training/PET Plastic/plastic_bottles/PET897.jpg,2,PET Plastic,2,PET Plastic,0.9986617565155029,0.0007317336276173592,0.00036419948446564376,0.9986617565155029,5.6787364883348346e-05,0.00018558537703938782
"/Users/aswanathjs/Downloads/test9/ai_plastic_waste_management_training/PET Plastic/plastic_bottles/PET1,234.jpg",2,PET Plastic,2,PET Plastic,0.9998587369918823,0.00010196217044722289,3.2724465199862607e-06,0.9998587369918823,2.261017834825907e-05,1.3414406566880643e-05
/Users/aswanathjs/Downloads/test9/ai_plastic_waste_management_training/HDPE Plastic/shampoo_bottles/0065_a02b03c1d1e0f1g0h2.jpg,0,HDPE Plastic,0,HDPE Plastic,0.9991948008537292,0.9991948008537292,5.879404125153087e-05,6.352653872454539e-05,0.0005153625970706344,0.00016760063590481877
/Users/aswanathjs/Downloads/test9/ai_plastic_waste_management_training/LDPE Plastic/black_white__plastic_bags/0071_jpg.rf.170d70685a25d34ae8bc2f483f99a07a.jpg,1,LDPE Plastic,1,LDPE Plastic,0.994857668876648,0.0018349168822169304,0.994857668876648,0.0008322585490532219,0.0005316806491464376,0.0019435110734775662
/Users/aswanathjs/Downloads/test9/ai_plastic_waste_management_training/HDPE Plastic/milk_bottles/HDPEM51.jpg,0,HDPE Plastic,0,HDPE Plastic,0.9986245632171631,0.9986245632171631,9.821496496442705e-05,0.00041662537842057645,0.0007362579926848412,0.00012424218584783375
/Users/aswanathjs/Downloads/test9/ai_plastic_waste_management_training/LDPE Plastic/plastic_bags/plasticbag (40).jpg,1,LDPE Plastic,1,LDPE Plastic,0.9998708963394165,5.247147328191204e-06,0.9998708963394165,1.5323250408982858e-05,5.005151979275979e-05,5.850533125340007e-05
/Users/aswanathjs/Downloads/test9/ai_plastic_waste_management_training/LDPE Plastic/plastic_bags/P_W (1388).jpg,1,LDPE Plastic,1,LDPE Plastic,0.9995290040969849,4.260399873601273e-05,0.9995290040969849,1.7031794413924217e-05,0.00038670137291774154,2.4665980163263157e-05
/Users/aswanathjs/Downloads/test9/ai_plastic_waste_management_training/PP Plastic/irregular_containers/train_PP-2_jpg.rf.92287825373efbbb08c318fd5ccfc97f.jpg,3,PP Plastic,3,PP Plastic,0.9970690608024597,0.00012494779366534203,0.0011598907876759768,0.00022080724011175334,0.9970690608024597,0.0014253436820581555
/Users/aswanathjs/Downloads/test9/ai_plastic_waste_management_training/PP Plastic/irregular_containers_grey/train_PP-2_jpg.rf.92287825373efbbb08c318fd5ccfc97f.jpg,3,PP Plastic,3,PP Plastic,0.9823818802833557,0.0006931262323632836,0.005237398203462362,0.0025502752978354692,0.9823818802833557,0.0091373510658741
/Users/aswanathjs/Downloads/test9/ai_plastic_waste_management_training/PET Plastic/black_white_plastic_bottles/aiwro_jpg.rf.b28dd5745b41c57fc71024dedba51892.jpg,2,PET Plastic,2,PET Plastic,0.9997404217720032,6.198210758157074e-05,8.872095349943265e-05,0.9997404217720032,8.985090971691534e-06,9.982463234337047e-05
/Users/aswanathjs/Downloads/test9/ai_plastic_waste_management_training/LDPE Plastic/plastic_bags/LDPE-598_jpg.rf.3ba5b9eee0295b3992c757691e731153.jpg,1,LDPE Plastic,1,LDPE Plastic,0.997414231300354,0.0004960760707035661,0.997414231300354,0.0005780938663519919,0.0005629048682749271,0.0009486707858741283
/Users/aswanathjs/Downloads/test9/ai_plastic_waste_management_training/HDPE Plastic/milk_bottles/HDPEM487.jpg,0,HDPE Plastic,0,HDPE Plastic,0.9968030452728271,0.9968030452728271,5.1348462875466794e-05,0.0011115362867712975,0.0018279670039191842,0.0002061478007817641
/Users/aswanathjs/Downloads/test9/ai_plastic_waste_management_training/HDPE Plastic/milk_bottles/HDPEM298.jpg,0,HDPE Plastic,0,HDPE Plastic,0.9991130232810974,0.9991130232810974,4.454799636732787e-05,0.0006022660527378321,0.00014958933752495795,9.057559509528801e-05
/Users/aswanathjs/Downloads/test9/ai_plastic_waste_management_training/HDPE Plastic/milk_bottles/HDPEM23.jpg,0,HDPE Plastic,0,HDPE Plastic,0.9997765421867371,0.9997765421867371,0.00011875389463966712,2.2354452084982768e-05,3.4682008845265955e-05,4.769554652739316e-05
/Users/aswanathjs/Downloads/test9/ai_plastic_waste_management_training/HDPE Plastic/shampoo_bottles/0078_a02b07c2d1e0f1g0h2.jpg,0,HDPE Plastic,0,HDPE Plastic,0.9946008920669556,0.9946008920669556,0.002017047954723239,0.001283379620872438,0.0015552905388176441,0.0005433690384961665
/Users/aswanathjs/Downloads/test9/ai_plastic_waste_management_training/HDPE Plastic/milk_bottles/HDPEM52.jpg,0,HDPE Plastic,0,HDPE Plastic,0.9986165761947632,0.9986165761947632,7.204702706076205e-05,9.795320511329919e-05,0.0009952046675607562,0.0002181517775170505
/Users/aswanathjs/Downloads/test9/ai_plastic_waste_management_training/PP Plastic/round_containers/0095_a05b01c2d2e0f0g0h2.jpg,3,PP Plastic,3,PP Plastic,0.9995458722114563,9.955026325769722e-05,0.00016577831411268562,0.00013286063040141016,0.9995458722114563,5.595559559878893e-05
/Users/aswanathjs/Downloads/test9/ai_plastic_waste_management_training/HDPE Plastic/detergent_bottles/0039_a02b01c1d1e0f1g0h0.jpg,0,HDPE Plastic,0,HDPE Plastic,0.9997981190681458,0.9997981190681458,4.1040311771212146e-05,3.721321627381258e-05,7.170449680415913e-05,5.196057463763282e-05
/Users/aswanathjs/Downloads/test9/ai_plastic_waste_management_training/PP Plastic/round_containers/0022_a05b00c2d0e0f0g0h1.jpg,3,PP Plastic,3,PP Plastic,0.9952875375747681,0.0005471595795825124,0.0022882651537656784,0.0009324556449428201,0.9952875375747681,0.0009445959585718811
"/Users/aswanathjs/Downloads/test9/ai_plastic_waste_management_training/PET Plastic/plastic_bottles/PET1,330.jpg",2,PET Plastic,2,PET Plastic,0.9990905523300171,0.0007964398828335106,4.351717871031724e-05,0.9990905523300171,1.3897762073611375e-05,5.556247924687341e-05
/Users/aswanathjs/Downloads/test9/ai_plastic_waste_management_training/HDPE Plastic/shampoo_bottles/0061_a02b01c2d1e0f1g0h0.jpg,0,HDPE Plastic,0,HDPE Plastic,0.9995336532592773,0.9995336532592773,9.105838398681954e-05,0.00011051973706344143,0.00016613936168141663,9.854608651949093e-05
/Users/aswanathjs/Downloads/test9/ai_plastic_waste_management_training/LDPE Plastic/bin_bags/Image_24.png,1,LDPE Plastic,1,LDPE Plastic,0.9206808805465698,0.06576591730117798,0.9206808805465698,0.003384253941476345,0.005488724447786808,0.004680228885263205
/Users/aswanathjs/Downloads/test9/ai_plastic_waste_management_training/PS Plastic/foam_containers/Image_24.png,1,LDPE Plastic,4,PS Plastic,0.6728481650352478,0.031020110473036766,0.2153184860944748,0.0033923746086657047,0.07742087543010712,0.6728481650352478
/Users/aswanathjs/Downloads/test9/ai_plastic_waste_management_training/PP Plastic/square_containers/IMG_20220209_175307.jpg,3,PP Plastic,3,PP Plastic,0.9987267851829529,5.6681703426875174e-05,0.0004886615788564086,2.301665153936483e-05,0.9987267851829529,0.0007049347623251379
/Users/aswanathjs/Downloads/test9/ai_plastic_waste_management_training/HDPE Plastic/shampoo_bottles/0075_a02b01c1d0e0f0g0h3.jpg,0,HDPE Plastic,0,HDPE Plastic,0.9991679191589355,0.9991679191589355,4.0618997445562854e-05,0.000763400923460722,1.3706996469409205e-05,1.4464693776972126e-05
/Users/aswanathjs/Downloads/test9/ai_plastic_waste_management_training/LDPE Plastic/plastic_bags/LDPE-413_jpg.rf.a64d1e5215eef21c7e395b525e6ef390.jpg,1,LDPE Plastic,1,LDPE Plastic,0.9984025359153748,0.0005375690525397658,0.9984025359153748,0.000174867149326019,0.0007393351988866925,0.00014574681699741632
/Users/aswanathjs/Downloads/test9/ai_plastic_waste_management_training/LDPE Plastic/bin_bags/Image_137.png,1,LDPE Plastic,1,LDPE Plastic,0.9936291575431824,0.002957393182441592,0.9936291575431824,0.0017384217353537679,0.0009250575094483793,0.0007498771301470697
/Users/aswanathjs/Downloads/test9/ai_plastic_waste_management_training/LDPE Plastic/bin_bags_grey/Image_137.png,1,LDPE Plastic,1,LDPE Plastic,0.9936291575431824,0.002957393182441592,0.9936291575431824,0.0017384217353537679,0.0009250575094483793,0.0007498771301470697
/Users/aswanathjs/Downloads/test9/ai_plastic_waste_management_training/PP Plastic/round_containers/Image_137.png,1,LDPE Plastic,1,LDPE Plastic,0.9722342491149902,0.00016349711222574115,0.9722342491149902,0.00021840767294634134,0.026795122772455215,0.0005887308507226408
/Users/aswanathjs/Downloads/test9/ai_plastic_waste_management_training/PP Plastic/round_containers_grey/Image_137.png,1,LDPE Plastic,1,LDPE Plastic,0.9674959778785706,6.206812395248562e-05,0.9674959778785706,0.00017077551456168294,0.03173967823386192,0.0005315318121574819
/Users/aswanathjs/Downloads/test9/ai_plastic_waste_management_training/PS Plastic/foam_containers/Image_137.png,1,LDPE Plastic,3,PP Plastic,0.3652099072933197,0.11132752150297165,0.35849934816360474,0.01425530482083559,0.3652099072933197,0.1507079303264618
/Users/aswanathjs/Downloads/test9/ai_plastic_waste_management_training/HDPE Plastic/shampoo_bottles/0065_a02b03c1d1e0f1g0h0.jpg,0,HDPE Plastic,0,HDPE Plastic,0.995359480381012,0.995359480381012,0.0006721129757352173,0.0010949072893708944,0.0023146735038608313,0.0005586985498666763
/Users/aswanathjs/Downloads/test9/ai_plastic_waste_management_training/PET Plastic/black_white_plastic_bottles/cukvq_jpg.rf.9655df3fd824b4d510853a85f46cfb93.jpg,2,PET Plastic,2,PET Plastic,0.999311089515686,1.4224209735402837e-05,4.4315573177300394e-05,0.999311089515686,0.00043317044037394226,0.00019726422033272684
"/Users/aswanathjs/Downloads/test9/ai_plastic_waste_management_training/HDPE Plastic/milk_bottles/HDPEM1,008.JPG",0,HDPE Plastic,0,HDPE Plastic,0.9992696642875671,0.9992696642875671,2.08068795473082e-05,0.0005509982001967728,2.4054688765318133e-05,0.00013444575597532094
/Users/aswanathjs/Downloads/test9/ai_plastic_waste_management_training/PET Plastic/plastic_bottles/PET649.jpg,2,PET Plastic,2,PET Plastic,0.9993822574615479,1.882082324300427e-05,3.266574640292674e-05,0.9993822574615479,0.0004615310754161328,0.00010475901217432693
/Users/aswanathjs/Downloads/test9/ai_plastic_waste_management_training/HDPE Plastic/shampoo_bottles/0063_a02b01c2d3e0f1g1h2.jpg,0,HDPE Plastic,0,HDPE Plastic,0.9987396597862244,0.9987396597862244,0.00011067411833209917,0.0006608222029171884,0.0002698382013477385,0.0002190726954722777
/Users/aswanathjs/Downloads/test9/ai_plastic_waste_management_training/HDPE Plastic/shampoo_bottles/0077_a02b01c2d1e0f1g0h1.jpg,0,HDPE Plastic,0,HDPE Plastic,0.9994955062866211,0.9994955062866211,0.00010962170199491084,0.00017961532284971327,5.3859057516092435e-05,0.00016148776921909302
/Users/aswanathjs/Downloads/test9/ai_plastic_waste_management_training/PET Plastic/black_white_plastic_bottles/aiejc_jpg.rf.971a219c201257a70bc22ccb862396dc.jpg,2,PET Plastic,2,PET Plastic,0.9999898672103882,5.927647066528152e-07,2.5330095922981855e-06,0.9999898672103882,4.182484190096147e-06,2.910983539550216e-06
"/Users/aswanathjs/Downloads/test9/ai_plastic_waste_management_training/PET Plastic/plastic_bottles/PET1,314.jpg",2,PET Plastic,2,PET Plastic,0.9971410036087036,0.0011228135554119945,7.323217869270593e-05,0.9971410036087036,0.0014891206519678235,0.00017378026677761227
/Users/aswanathjs/Downloads/test9/ai_plastic_waste_management_training/PET Plastic/black_white_plastic_bottles/bphik_jpg.rf.bbc19cde3cb6f66a2f65c778f45bec29.jpg,2,PET Plastic,2,PET Plastic,0.9993945360183716,0.00012488533684518188,0.00041982741095125675,0.9993945360183716,2.6421150323585607e-05,3.431999357417226e-05
/Users/aswanathjs/Downloads/test9/ai_plastic_waste_management_training/HDPE Plastic/shampoo_bottles/0099_a02b01c2d1e0f1g0h2.jpg,0,HDPE Plastic,0,HDPE Plastic,0.9997472167015076,0.9997472167015076,1.874267400125973e-05,5.135343235451728e-05,0.00012663430243264884,5.6031596614047885e-05
/Users/aswanathjs/Downloads/test9/ai_plastic_waste_management_training/PP Plastic/round_containers/pinkbowl.jpg,3,PP Plastic,3,PP Plastic,0.9919773936271667,0.005608373787254095,0.001851242734119296,0.00022382753377314657,0.9919773936271667,0.0003392075013834983
/Users/aswanathjs/Downloads/test9/ai_plastic_waste_management_training/LDPE Plastic/plastic_bags/LDPE-363_jpg.rf.f58cfd1370673dadec035fc1190ded87.jpg,1,LDPE Plastic,1,LDPE Plastic,0.998798131942749,8.501736738253385e-05,0.998798131942749,0.00012241111835464835,0.0005168313509784639,0.0004775001434609294
/Users/aswanathjs/Downloads/test9/ai_plastic_waste_management_training/HDPE Plastic/detergent_bottles/0039_a02b01c1d1e0f1g0h4.jpg,0,HDPE Plastic,0,HDPE Plastic,0.9997736811637878,0.9997736811637878,8.028350566746667e-05,2.3253998733707704e-05,9.131150727625936e-05,3.14921053359285e-05
/Users/aswanathjs/Downloads/test9/ai_plastic_waste_management_training/PP Plastic/irregular_containers/train_PP-90_jpg.rf.66887877c30083ca48a73bc09c1b65e6.jpg,3,PP Plastic,3,PP Plastic,0.9996856451034546,3.5091154131805524e-05,0.00022680430265609175,3.799081241595559e-05,0.9996856451034546,1.4546259080816526e-05
/Users/aswanathjs/Downloads/test9/ai_plastic_waste_management_training/PS Plastic/foam_sheets/PS-836_jpg.rf.12ea34b3982e990003a609514a76ba6d.jpg,4,PS Plastic,4,PS Plastic,0.9999165534973145,1.4167811059451196e-05,2.4592873160145245e-05,2.7882981157745235e-05,1.6770323782111518e-05,0.9999165534973145
/Users/aswanathjs/Downloads/test9/ai_plastic_waste_management_training/HDPE Plastic/shampoo_bottles/0099_a02b01c1d0e0f1g0h4.jpg,0,HDPE Plastic,0,HDPE Plastic,0.9994509816169739,0.9994509816169739,1.8417518731439486e-05,0.0004267659387551248,3.85930179618299e-05,6.519833550555632e-05
/Users/aswanathjs/Downloads/test9/ai_plastic_waste_management_training/PP Plastic/square_containers_grey/IMG_20220209_173141.jpg,3,PP Plastic,3,PP Plastic,0.9978575110435486,0.0008468410815112293,5.212986434344202e-05,0.000903822248801589,0.9978575110435486,0.00033971405355259776
/Users/aswanathjs/Downloads/test9/ai_plastic_waste_management_training/PP Plastic/square_containers/IMG_20220209_173141.jpg,3,PP Plastic,3,PP Plastic,0.9977454543113708,0.001957816304638982,5.858878284925595e-05,9.44262501434423e-05,0.9977454543113708,0.0001436142047168687
/Users/aswanathjs/Downloads/test9/ai_plastic_waste_management_training/LDPE Plastic/bin_bags/Image_46.png,1,LDPE Plastic,1,LDPE Plastic,0.9994850158691406,0.0003526885702740401,0.9994850158691406,2.769485581666231e-05,4.877463652519509e-05,8.590170909883454e-05
/Users/aswanathjs/Downloads/test9/ai_plastic_waste_management_training/LDPE Plastic/bin_bags_grey/Image_46.png,1,LDPE Plastic,1,LDPE Plastic,0.9985256791114807,0.000725871417671442,0.9985256791114807,0.0004006725794170052,0.0001124608752434142,0.00023535352374892682
/Users/aswanathjs/Downloads/test9/ai_plastic_waste_management_training/PS Plastic/foam_containers/Image_46.png,1,LDPE Plastic,1,LDPE Plastic,0.8447020649909973,0.014504960738122463,0.8447020649909973,0.005924822762608528,0.0728272870182991,0.06204082444310188
/Users/aswanathjs/Downloads/test9/ai_plastic_waste_management_training/PET Plastic/plastic_bottles/PET533.jpg,2,PET Plastic,2,PET Plastic,0.999749481678009,9.692157618701458e-05,3.257736534578726e-05,0.999749481678009,5.843990220455453e-05,6.259230576688424e-05
/Users/aswanathjs/Downloads/test9/ai_plastic_waste_management_training/PP Plastic/round_containers/IMG_20220209_174805.jpg,3,PP Plastic,3,PP Plastic,0.9963853359222412,0.00030884137959219515,0.002364147687330842,8.933863864513114e-05,0.9963853359222412,0.0008522668504156172
/Users/aswanathjs/Downloads/test9/ai_plastic_waste_management_training/PET Plastic/shampoo_bottles/0015_a05b00c1d1e1f1g0h2.jpg,2,PET Plastic,2,PET Plastic,0.9990198612213135,0.00023468736617360264,2.0225557818775997e-05,0.9990198612213135,0.0006151783163659275,0.00011011709284503013
/Users/aswanathjs/Downloads/test9/ai_plastic_waste_management_training/HDPE Plastic/detergent_bottles/0096_a02b04c1d0e0f0g0h3.jpg,0,HDPE Plastic,0,HDPE Plastic,0.9964908957481384,0.9964908957481384,0.00016733290976844728,0.000307100621284917,0.0027811594773083925,0.00025355027173645794
/Users/aswanathjs/Downloads/test9/ai_plastic_waste_management_training/HDPE Plastic/milk_bottles/HDPEM323.jpg,0,HDPE Plastic,0,HDPE Plastic,0.9981904625892639,0.9981904625892639,4.536032065516338e-05,0.0015246407128870487,0.00012662513472605497,0.00011292664567008615
/Users/aswanathjs/Downloads/test9/ai_plastic_waste_management_training/PP Plastic/round_containers/Image_124.png,3,PP Plastic,3,PP Plastic,0.8355995416641235,0.01616889052093029,0.1132715493440628,0.003787717781960964,0.8355995416641235,0.031172312796115875
/Users/aswanathjs/Downloads/test9/ai_plastic_waste_management_training/PS Plastic/foam_containers/Image_124.png,3,PP Plastic,3,PP Plastic,0.6134642958641052,0.01666117273271084,0.11646605283021927,0.0009494476835243404,0.6134642958641052,0.2524590790271759
/Users/aswanathjs/Downloads/test9/ai_plastic_waste_management_training/PET Plastic/plastic_bottles/PET588.jpg,2,PET Plastic,2,PET Plastic,0.9998713731765747,4.093021743756253e-06,8.169318789441604e-06,0.9998713731765747,8.761319622863084e-05,2.865514761651866e-05
/Users/aswanathjs/Downloads/test9/ai_plastic_waste_management_training/PS Plastic/foam_containers/Image_215.png,4,PS Plastic,3,PP Plastic,0.3593502640724182,0.2227592170238495,0.08440802246332169,0.0255357027053833,0.3593502640724182,0.3079468011856079
/Users/aswanathjs/Downloads/test9/ai_plastic_waste_management_training/HDPE Plastic/milk_bottles/HDPEM88.jpg,0,HDPE Plastic,0,HDPE Plastic,0.9991672039031982,0.9991672039031982,1.7927131921169348e-05,0.0002668623346835375,0.0004256332467775792,0.00012245155812706798
/Users/aswanathjs/Downloads/test9/ai_plastic_waste_management_training/LDPE Plastic/plastic_bags/LDPE-244_jpg.rf.77fcf0073ec3b7909b8ec01bc9b72506.jpg,1,LDPE Plastic,1,LDPE Plastic,0.998633086681366,0.0002513010986149311,0.998633086681366,0.000221135895117186,0.0003397983673494309,0.0005547243636101484
/Users/aswanathjs/Downloads/test9/ai_plastic_waste_management_training/LDPE Plastic/plastic_bags/plasticbag (176).jpg,1,LDPE Plastic,1,LDPE Plastic,0.9998769760131836,2.2891172193340026e-05,0.9998769760131836,4.306882601667894e-06,6.518197187688202e-05,3.0618481105193496e-05
/Users/aswanathjs/Downloads/test9/ai_plastic_waste_management_training/PET Plastic/plastic_bottles/PET320.jpg,2,PET Plastic,2,PET Plastic,0.995704710483551,0.0019123343518003821,0.0006428920314647257,0.995704710483551,0.001202420680783689,0.000537676562089473
/Users/aswanathjs/Downloads/test9/ai_plastic_waste_management_training/PP Plastic/round_containers/IMG_20220209_174251.jpg,3,PP Plastic,3,PP Plastic,0.9874847531318665,0.006170128006488085,0.0025149285793304443,0.0005917295929975808,0.9874847531318665,0.0032384470105171204
/Users/aswanathjs/Downloads/test9/ai_plastic_waste_management_training/PP Plastic/rectangle_containers/0011_a05b00c2d0e0f0g0h4.jpg,3,PP Plastic,3,PP Plastic,0.9994385838508606,8.948097820393741e-05,0.00030581385362893343,0.00012505341146606952,0.9994385838508606,4.099008219782263e-05
/Users/aswanathjs/Downloads/test9/ai_plastic_waste_management_training/PP Plastic/square_containers/0011_a05b00c2d0e0f0g0h4.jpg,3,PP Plastic,3,PP Plastic,0.9994385838508606,8.948097820393741e-05,0.00030581385362893343,0.00012505341146606952,0.9994385838508606,4.099008219782263e-05
/Users/aswanathjs/Downloads/test9/ai_plastic_waste_management_training/PET Plastic/black_white_plastic_bottles/csvro_jpg.rf.c2e4f469716521a4c9aebc64cb816761.jpg,2,PET Plastic,2,PET Plastic,0.9999648332595825,3.967709290009225e-06,2.7193834739591694e-06,0.9999648332595825,1.4708125490869861e-05,1.3817703802487813e-05
/Users/aswanathjs/Downloads/test9/ai_plastic_waste_management_training/PS Plastic/foam_sheets/PS-894_jpg.rf.587d199173e494fb5b6c552a69b22e4e.jpg,4,PS Plastic,4,PS Plastic,0.9998815059661865,2.7781248718383722e-05,3.497440047794953e-05,2.6728968805400655e-05,2.904173197748605e-05,0.9998815059661865
/Users/aswanathjs/Downloads/test9/ai_plastic_waste_management_training/PS Plastic/foam_sheets/PS-626_jpg.rf.f05c771b66590b7222eda1a9af293cab.jpg,4,PS Plastic,4,PS Plastic,0.9995660185813904,3.575418668333441e-05,0.0002512841019779444,5.991098078084178e-05,8.705547952558845e-05,0.9995660185813904
/Users/aswanathjs/Downloads/test9/ai_plastic_waste_management_training/PP Plastic/square_containers/Image_179.png,3,PP Plastic,3,PP Plastic,0.9987173080444336,0.00019232883641961962,0.000733961584046483,9.017503907671198e-05,0.9987173080444336,0.0002662534243427217
/Users/aswanathjs/Downloads/test9/ai_plastic_waste_management_training/PS Plastic/foam_containers/Image_179.png,3,PP Plastic,1,LDPE Plastic,0.40773719549179077,0.17390091717243195,0.40773719549179077,0.0229269377887249,0.17008037865161896,0.22535459697246552
/Users/aswanathjs/Downloads/test9/ai_plastic_waste_management_training/LDPE Plastic/plastic_bags_grey/plasticbag (166).jpg,1,LDPE Plastic,1,LDPE Plastic,0.9990593791007996,3.7769702885270817e-06,0.9990593791007996,0.00037768285255879164,0.00039290296263061464,0.00016631156904622912
/Users/aswanathjs/Downloads/test9/ai_plastic_waste_management_training/LDPE Plastic/plastic_bags/plasticbag (166).jpg,1,LDPE Plastic,1,LDPE Plastic,0.9980675578117371,3.942773037124425e-05,0.9980675578117371,0.00011906053259735927,0.0010762476595118642,0.0006977145094424486
/Users/aswanathjs/Downloads/test9/ai_plastic_waste_management_training/LDPE Plastic/bin_bags/LDPE256-Photoroom_0_9606_jpg.rf.14b4f74f05798c27f3104ef60cb014ef.jpg,1,LDPE Plastic,1,LDPE Plastic,0.9921147227287292,0.004508349113166332,0.9921147227287292,0.0007233563810586929,0.0021243165247142315,0.000529233948327601
/Users/aswanathjs/Downloads/test9/ai_plastic_waste_management_training/LDPE Plastic/bin_bags/LDPE256-Photoroom_0_9606_jpg.rf.3fe500898222ea198e0459b907365021.jpg,1,LDPE Plastic,1,LDPE Plastic,0.9898583292961121,0.005795231554657221,0.9898583292961121,0.0010841668117791414,0.0015708748251199722,0.0016914898296818137
/Users/aswanathjs/Downloads/test9/ai_plastic_waste_management_training/LDPE Plastic/bin_bags_grey/LDPE256-Photoroom_0_9606_jpg.rf.14b4f74f05798c27f3104ef60cb014ef.jpg,1,LDPE Plastic,1,LDPE Plastic,0.98614501953125,0.006577698048204184,0.98614501953125,0.0012396536767482758,0.0047985888086259365,0.0012390041956678033
/Users/aswanathjs/Downloads/test9/ai_plastic_waste_management_training/LDPE Plastic/plastic_bags/LDPE-294_jpg.rf.577a262b887e6b6bab1762bc740401f2.jpg,1,LDPE Plastic,1,LDPE Plastic,0.9971175193786621,0.00027106990455649793,0.9971175193786621,0.0011257641017436981,0.0004734793910756707,0.0010121838422492146
/Users/aswanathjs/Downloads/test9/ai_plastic_waste_management_training/PET Plastic/plastic_bottles/PET540.jpg,2,PET Plastic,2,PET Plastic,0.9998413324356079,3.8452875742223114e-05,1.2893618077214342e-05,0.9998413324356079,3.922931864508428e-05,6.80621451465413e-05
/Users/aswanathjs/Downloads/test9/ai_plastic_waste_management_training/LDPE Plastic/plastic_bags/plasticbag (205).jpg,1,LDPE Plastic,1,LDPE Plastic,0.9996621608734131,0.00011387682025087997,0.9996621608734131,2.7575069907470606e-05,0.00010697563993744552,8.941431588027626e-05
/Users/aswanathjs/Downloads/test9/ai_plastic_waste_management_training/HDPE Plastic/milk_bottles/HDPEM204.jpg,0,HDPE Plastic,0,HDPE Plastic,0.9998082518577576,0.9998082518577576,1.383476410410367e-05,2.124909224221483e-05,0.00010936952457996085,4.729749707621522e-05
/Users/aswanathjs/Downloads/test9/ai_plastic_waste_management_training/HDPE Plastic/milk_bottles/HDPEM292.jpg,0,HDPE Plastic,0,HDPE Plastic,0.9919180274009705,0.9919180274009705,0.00018724675464909524,0.0028836079873144627,0.004729466047137976,0.0002816227497532964
/Users/aswanathjs/Downloads/test9/ai_plastic_waste_management_training/PET Plastic/plastic_bottles/PET847.jpg,2,PET Plastic,2,PET Plastic,0.9996970891952515,7.714031380601227e-05,3.749585448531434e-05,0.9996970891952515,6.519423914141953e-05,0.00012308437726460397
/Users/aswanathjs/Downloads/test9/ai_plastic_waste_management_training/PP Plastic/round_containers/IMG_20220209_174356.jpg,3,PP Plastic,3,PP Plastic,0.9990690350532532,9.132646664511412e-05,0.0005310034030117095,9.083742770599201e-05,0.9990690350532532,0.00021778300288133323
/Users/aswanathjs/Downloads/test9/ai_plastic_waste_management_training/PP Plastic/round_containers/0044_a06b01c1d0e0f0g0h4.jpg,3,PP Plastic,3,PP Plastic,0.9630513787269592,0.011737496592104435,0.003843934740871191,0.017291290685534477,0.9630513787269592,0.004075917880982161
/Users/aswanathjs/Downloads/test9/ai_plastic_waste_management_training/HDPE Plastic/shampoo_bottles/0065_a02b03c1d1e0f1g0h3.jpg,0,HDPE Plastic,0,HDPE Plastic,0.9995123147964478,0.9995123147964478,6.089993621571921e-05,4.0688257286092266e-05,0.00025532784638926387,0.00013077184848953038
/Users/aswanathjs/Downloads/test9/ai_plastic_waste_management_training/PS Plastic/foam_sheets/PS-750_jpg.rf.a83b96b3cdc323c2f17212bcca8e8ac6.jpg,4,PS Plastic,4,PS Plastic,0.9993995428085327,0.00011982468276983127,0.00015110337699297816,0.00011925569560844451,0.00021027038746979088,0.9993995428085327
/Users/aswanathjs/Downloads/test9/ai_plastic_waste_management_training/LDPE Plastic/plastic_bags/plasticbag (26).jpg,1,LDPE Plastic,1,LDPE Plastic,0.9994845390319824,5.2983337809564546e-05,0.9994845390319824,3.914667831850238e-05,0.00011965968587901443,0.00030372501350939274
/Users/aswanathjs/Downloads/test9/ai_plastic_waste_management_training/LDPE Plastic/plastic_bags/LDPE-68_jpg.rf.fa587dd4862cb9c0ef6618636e7f9cd8.jpg,1,LDPE Plastic,1,LDPE Plastic,0.9993815422058105,0.00014955808001104742,0.9993815422058105,0.00019841890025418252,8.057764352997765e-05,0.00018996493599843234
/Users/aswanathjs/Downloads/test9/ai_plastic_waste_management_training/LDPE Plastic/plastic_bags/LDPE-68_jpg.rf.bab23514005b35e67614029f4e48a73a.jpg,1,LDPE Plastic,1,LDPE Plastic,0.997241735458374,0.00021297666535247117,0.997241735458374,0.0008257466251961887,0.0006382944993674755,0.0010812361724674702
"/Users/aswanathjs/Downloads/test9/ai_plastic_waste_management_training/PET Plastic/plastic_bottles/PET1,357.jpg",2,PET Plastic,2,PET Plastic,0.9996724128723145,0.00022611301392316818,2.1927950001554564e-05,0.9996724128723145,4.305559923523106e-05,3.649421705631539e-05
/Users/aswanathjs/Downloads/test9/ai_plastic_waste_management_training/HDPE Plastic/shampoo_bottles/0099_a02b01c2d2e0f1g0h3.jpg,0,HDPE Plastic,0,HDPE Plastic,0.9950535893440247,0.9950535893440247,0.0008464207057841122,0.0003827328619081527,0.0026376161258667707,0.00107963674236089
/Users/aswanathjs/Downloads/test9/ai_plastic_waste_management_training/LDPE Plastic/plastic_bags/LDPE-52_jpg.rf.b5507c8199364780355006e92e1b0f1b.jpg,1,LDPE Plastic,1,LDPE Plastic,0.9960402250289917,0.0013915052404627204,0.9960402250289917,0.0003148989926557988,0.0015559445600956678,0.0006974772550165653
/Users/aswanathjs/Downloads/test9/ai_plastic_waste_management_training/LDPE Plastic/plastic_bags/LDPE-52_jpg.rf.30a88492708fea24fd79e398b613ee19.jpg,1,LDPE Plastic,1,LDPE Plastic,0.9850621223449707,0.0017137787071987987,0.9850621223449707,0.003927604295313358,0.004949255380779505,0.0043472484685480595
/Users/aswanathjs/Downloads/test9/ai_plastic_waste_management_training/LDPE Plastic/plastic_bags/plasticbag (134).jpg,1,LDPE Plastic,1,LDPE Plastic,0.9621651768684387,0.010943061672151089,0.9621651768684387,0.0029350968543440104,0.017610007897019386,0.006346672307699919
/Users/aswanathjs/Downloads/test9/ai_plastic_waste_management_training/PS Plastic/foam_sheets/PS-505_jpg.rf.ea1f2db3cc1b57ba0a1742051464aeec.jpg,4,PS Plastic,4,PS Plastic,0.9988391995429993,0.00039859156822785735,0.000345241540344432,0.0001613886415725574,0.0002556103572715074,0.9988391995429993
"/Users/aswanathjs/Downloads/test9/ai_plastic_waste_management_training/PET Plastic/plastic_bottles/PET1,058.jpg",2,PET Plastic,2,PET Plastic,0.9972672462463379,0.00032229465432465076,0.0009266347042284906,0.9972672462463379,0.000987668288871646,0.0004962480161339045
/Users/aswanathjs/Downloads/test9/ai_plastic_waste_management_training/PS Plastic/foam_containers/Image_6.png,4,PS Plastic,4,PS Plastic,0.7346662878990173,0.0508202388882637,0.10204033553600311,0.005522019229829311,0.10695113986730576,0.7346662878990173
/Users/aswanathjs/Downloads/test9/ai_plastic_waste_management_training/HDPE Plastic/shampoo_bottles/0078_a02b07c2d1e0f1g0h1.jpg,0,HDPE Plastic,0,HDPE Plastic,0.9986273050308228,0.9986273050308228,0.00030844920547679067,0.0003375222149770707,0.00042737805051729083,0.00029942288529127836
/Users/aswanathjs/Downloads/test9/ai_plastic_waste_management_training/PP Plastic/round_containers/0095_a05b01c2d1e0f0g0h3.jpg,3,PP Plastic,3,PP Plastic,0.9970747232437134,0.001091402256861329,0.00016168411821126938,0.001581421121954918,0.9970747232437134,9.082190081244335e-05
/Users/aswanathjs/Downloads/test9/ai_plastic_waste_management_training/PS Plastic/foam_containers/styrofoam-63-_jpg.rf.192a817bf8aec5e5e8590fa960ff4ca8.jpg,4,PS Plastic,4,PS Plastic,0.9938164353370667,0.0033116138074547052,0.0006475176778621972,4.00676581193693e-05,0.0021843272261321545,0.9938164353370667
/Users/aswanathjs/Downloads/test9/ai_plastic_waste_management_training/PP Plastic/square_containers/Image_207.png,3,PP Plastic,3,PP Plastic,0.9947177767753601,0.00012169741239631549,0.00499742990359664,1.396635616401909e-05,0.9947177767753601,0.0001491887087468058
/Users/aswanathjs/Downloads/test9/ai_plastic_waste_management_training/PS Plastic/foam_containers/Image_207.png,3,PP Plastic,3,PP Plastic,0.6230928897857666,0.030826067551970482,0.11613456904888153,0.006229071412235498,0.6230928897857666,0.22371737658977509
/Users/aswanathjs/Downloads/test9/ai_plastic_waste_management_training/PS Plastic/foam_containers/Image_121.png,4,PS Plastic,3,PP Plastic,0.4356907308101654,0.023035120218992233,0.16722099483013153,0.0132968844845891,0.4356907308101654,0.3607562482357025
/Users/aswanathjs/Downloads/test9/ai_plastic_waste_management_training/PET Plastic/black_white_plastic_bottles/bftlq_jpg.rf.0b388b8d728f0f3f82b960995fd1f15a.jpg,2,PET Plastic,2,PET Plastic,0.9996100068092346,3.9603466575499624e-05,0.0001039279013639316,0.9996100068092346,5.395916377892718e-05,0.0001925332471728325
/Users/aswanathjs/Downloads/test9/ai_plastic_waste_management_training/LDPE Plastic/plastic_bags/train_LDPE-11_jpg.rf.54c3b09f961c1ccf895add7400657f05.jpg,1,LDPE Plastic,1,LDPE Plastic,0.9990222454071045,0.0002548398042563349,0.9990222454071045,0.00020710623357445002,5.8753117627929896e-05,0.0004570862802211195
/Users/aswanathjs/Downloads/test9/ai_plastic_waste_management_training/HDPE Plastic/milk_bottles/HDPEM78.jpg,0,HDPE Plastic,0,HDPE Plastic,0.9980168342590332,0.9980168342590332,0.00033029241603799164,0.0001442067150492221,0.0011450317688286304,0.00036355771590024233
/Users/aswanathjs/Downloads/test9/ai_plastic_waste_management_training/PS Plastic/foam_containers/Image_63.png,4,PS Plastic,4,PS Plastic,0.5067546963691711,0.057238996028900146,0.3267909586429596,0.007885904982686043,0.10132954269647598,0.5067546963691711
/Users/aswanathjs/Downloads/test9/ai_plastic_waste_management_training/PP Plastic/round_containers/0022_a05b00c1d2e0f0g0h2.jpg,3,PP Plastic,3,PP Plastic,0.9919758439064026,0.0010303505696356297,0.0038233622908592224,0.0022349869832396507,0.9919758439064026,0.0009354208596050739
/Users/aswanathjs/Downloads/test9/ai_plastic_waste_management_training/LDPE Plastic/plastic_bags/train_LDPE-20_jpg.rf.5e4f85dee74ddcdd87f6fc4ecd270f62.jpg,1,LDPE Plastic,1,LDPE Plastic,0.9996103644371033,5.9352500102249905e-05,0.9996103644371033,0.00016691315977368504,9.692827916296665e-06,0.00015379780961666256
/Users/aswanathjs/Downloads/test9/ai_plastic_waste_management_training/LDPE Plastic/black_white__plastic_bags/0243_jpg.rf.b3f171135eadcd3fce708c2615f56df5.jpg,1,LDPE Plastic,1,LDPE Plastic,0.9997742772102356,1.0408271919004619e-05,0.9997742772102356,1.9591947420849465e-05,2.7715370379155502e-05,0.00016801815945655107
"/Users/aswanathjs/Downloads/test9/ai_plastic_waste_management_training/PET Plastic/plastic_bottles/PET1,133.jpg",2,PET Plastic,2,PET Plastic,0.9999233484268188,2.3111815607990138e-05,2.1039173589088023e-05,0.9999233484268188,2.6975829314324073e-05,5.489286195370369e-06
/Users/aswanathjs/Downloads/test9/ai_plastic_waste_management_training/LDPE Plastic/plastic_bags/plasticbag (146).jpg,1,LDPE Plastic,1,LDPE Plastic,0.9999762773513794,1.076923012988118e-06,0.9999762773513794,4.424902272148756e-06,1.2456378499337006e-05,5.767645234300289e-06
/Users/aswanathjs/Downloads/test9/ai_plastic_waste_management_training/PET Plastic/black_white_plastic_bottles/afbns_jpg.rf.8355bb9d48346b529afc5884c8c8c171.jpg,2,PET Plastic,2,PET Plastic,0.9996470212936401,8.871164754964411e-05,1.0923279660346452e-05,0.9996470212936401,0.00017336146265733987,7.99950139480643e-05
/Users/aswanathjs/Downloads/test9/ai_plastic_waste_management_training/PET Plastic/shampoo_bottles/0050_a05b00c1d3e1f1g0h3.jpg,2,PET Plastic,2,PET Plastic,0.9946704506874084,0.005249435547739267,1.1554679076652974e-05,0.9946704506874084,5.516241435543634e-05,1.3394347661233041e-05
/Users/aswanathjs/Downloads/test9/ai_plastic_waste_management_training/PP Plastic/round_containers/0031_a05b01c2d0e0f0g0h0.jpg,3,PP Plastic,3,PP Plastic,0.9980193376541138,0.0014911810867488384,0.00013295449025463313,5.7526671298546717e-05,0.9980193376541138,0.00029894482577219605
/Users/aswanathjs/Downloads/test9/ai_plastic_waste_management_training/PP Plastic/round_containers_grey/0031_a05b01c2d0e0f0g0h0.jpg,3,PP Plastic,3,PP Plastic,0.997531533241272,0.0012142346240580082,0.00022444219212047756,0.00036718041519634426,0.997531533241272,0.0006625915411859751
/Users/aswanathjs/Downloads/test9/ai_plastic_waste_management_training/PET Plastic/plastic_bottles/PET343.jpg,2,PET Plastic,2,PET Plastic,0.9983568787574768,0.00014590201317332685,0.0010355616686865687,0.9983568787574768,0.0003136052400805056,0.0001480475184507668
/Users/aswanathjs/Downloads/test9/ai_plastic_waste_management_training/LDPE Plastic/plastic_bags/LDPE-204_jpg.rf.19572998f43cf7f675bfd568cf658c55.jpg,1,LDPE Plastic,1,LDPE Plastic,0.9982107877731323,0.0002653715491760522,0.9982107877731323,0.0007406838703900576,0.0004074901808053255,0.00037574549787677824
/Users/aswanathjs/Downloads/test9/ai_plastic_waste_management_training/LDPE Plastic/bubble_wrap/test_LDPE-73_jpg.rf.13066b3e71ab4d3c938ea5f2585cb2f5.jpg,1,LDPE Plastic,1,LDPE Plastic,0.9998278617858887,4.0391907532466576e-05,0.9998278617858887,3.824499071924947e-05,2.328910522919614e-05,7.025086233625188e-05
/Users/aswanathjs/Downloads/test9/ai_plastic_waste_management_training/PP Plastic/round_containers/0032_a05b01c2d3e0f0g0h1.jpg,3,PP Plastic,3,PP Plastic,0.998830258846283,0.0003697423671837896,0.00014737501624040306,0.00041138980304822326,0.998830258846283,0.0002411784080322832
/Users/aswanathjs/Downloads/test9/ai_plastic_waste_management_training/PET Plastic/plastic_bottles/PET857.jpg,2,PET Plastic,2,PET Plastic,0.999636173248291,6.269080131460214e-06,0.0003342463751323521,0.999636173248291,1.597321534063667e-05,7.3327228164998814e-06
/Users/aswanathjs/Downloads/test9/ai_plastic_waste_management_training/PP Plastic/round_containers/IMG_20220209_173358.jpg,3,PP Plastic,3,PP Plastic,0.9997391104698181,2.1423093130579218e-05,7.334299152716994e-05,5.745267844758928e-05,0.9997391104698181,0.00010871827544178814
/Users/aswanathjs/Downloads/test9/ai_plastic_waste_management_training/LDPE Plastic/bubble_wrap/LDPE-92_jpg.rf.02d5d90f1edb1da1849c6ee37a1d3e93.jpg,1,LDPE Plastic,1,LDPE Plastic,0.9998369216918945,3.932623803848401e-05,0.9998369216918945,2.5952629584935494e-05,3.6911253118887544e-05,6.080658931750804e-05
/Users/aswanathjs/Downloads/test9/ai_plastic_waste_management_training/LDPE Plastic/bubble_wrap/LDPE-92_jpg.rf.d573c4bf002d71badbb12a9df5865050.jpg,1,LDPE Plastic,1,LDPE Plastic,0.9987043142318726,0.00034628319554030895,0.9987043142318726,0.00011446443386375904,0.0005891910404898226,0.00024567311629652977
/Users/aswanathjs/Downloads/test9/ai_plastic_waste_management_training/PP Plastic/round_containers/IMG_20220209_174114.jpg,3,PP Plastic,3,PP Plastic,0.9594716429710388,0.008361678570508957,0.004594545811414719,0.01859072409570217,0.9594716429710388,0.008981377817690372
/Users/aswanathjs/Downloads/test9/ai_plastic_waste_management_training/HDPE Plastic/detergent_bottles/0098_a02b03c1d1e0f0g0h3.jpg,0,HDPE Plastic,0,HDPE Plastic,0.998482882976532,0.998482882976532,0.00028732928331010044,0.00011565856402739882,0.0008262750343419611,0.0002878070226870477
/Users/aswanathjs/Downloads/test9/ai_plastic_waste_management_training/HDPE Plastic/detergent_botteles_grey/0098_a02b03c1d1e0f0g0h3.jpg,0,HDPE Plastic,0,HDPE Plastic,0.9981884360313416,0.9981884360313416,0.00019183052063453943,0.0003788595786318183,0.0009853066876530647,0.0002556051476858556
/Users/aswanathjs/Downloads/test9/ai_plastic_waste_management_training/HDPE Plastic/detergent_bottles/IMG_20220209_182135.jpg,0,HDPE Plastic,0,HDPE Plastic,0.9973183274269104,0.9973183274269104,0.00015347312728408724,0.0012766371946781874,0.0010384139604866505,0.00021322633256204426
/Users/aswanathjs/Downloads/test9/ai_plastic_waste_management_training/PP Plastic/round_containers/0009_a06b01c2d1e0f0g0h2.jpg,3,PP Plastic,3,PP Plastic,0.9979395270347595,0.0015095366397872567,0.00018126631039194763,0.0002635264827404171,0.9979395270347595,0.00010607853619148955
/Users/aswanathjs/Downloads/test9/ai_plastic_waste_management_training/LDPE Plastic/plastic_bags/plasticbag (41).jpg,1,LDPE Plastic,1,LDPE Plastic,0.9991564750671387,7.350136729655787e-05,0.9991564750671387,0.0003483910986687988,0.00020869573927484453,0.0002129732893081382
/Users/aswanathjs/Downloads/test9/ai_plastic_waste_management_training/PP Plastic/irregular_containers/train_PP-70_jpg.rf.73ca74c241a9196b80947d922f8c8789.jpg,3,PP Plastic,3,PP Plastic,0.9972918629646301,0.0001272107765544206,0.001815704395994544,0.00043960835319012403,0.9972918629646301,0.0003255313204135746
/Users/aswanathjs/Downloads/test9/ai_plastic_waste_management_training/PS Plastic/foam_sheets/PS-599_jpg.rf.518bc33058b75c11e511991cddea74c5.jpg,4,PS Plastic,4,PS Plastic,0.9986898303031921,0.00039350424776785076,0.0004888024413958192,0.00017063248378690332,0.0002573104575276375,0.9986898303031921
/Users/aswanathjs/Downloads/test9/ai_plastic_waste_management_training/PP Plastic/round_containers/0031_a05b01c1d3e0f0g0h1.jpg,3,PP Plastic,3,PP Plastic,0.9995777010917664,0.0002821970556396991,6.314972415566444e-05,2.303070323250722e-05,0.9995777010917664,5.391755621531047e-05
/Users/aswanathjs/Downloads/test9/ai_plastic_waste_management_training/HDPE Plastic/milk_bottles/HDPEM257.jpg,0,HDPE Plastic,0,HDPE Plastic,0.9993733763694763,0.9993733763694763,4.8199355660472065e-05,0.00029050110606476665,0.00021036637190263718,7.766057387925684e-05
/Users/aswanathjs/Downloads/test9/ai_plastic_waste_management_training/HDPE Plastic/detergent_bottles/0098_a02b03c1d2e0f0g0h0.jpg,0,HDPE Plastic,0,HDPE Plastic,0.999404788017273,0.999404788017273,6.441156438086182e-05,6.947395741008222e-05,0.00041269478970207274,4.857849489781074e-05
/Users/aswanathjs/Downloads/test9/ai_plastic_waste_management_training/PP Plastic/rectangle_containers/0011_a05b00c2d1e0f0g0h2.jpg,3,PP Plastic,3,PP Plastic,0.9992502331733704,0.00010742175800260156,3.555864532245323e-05,0.0005697653396055102,0.9992502331733704,3.699383887578733e-05
/Users/aswanathjs/Downloads/test9/ai_plastic_waste_management_training/PP Plastic/square_containers/0011_a05b00c2d1e0f0g0h2.jpg,3,PP Plastic,3,PP Plastic,0.9992502331733704,0.00010742175800260156,3.555864532245323e-05,0.0005697653396055102,0.9992502331733704,3.699383887578733e-05
/Users/aswanathjs/Downloads/test9/ai_plastic_waste_management_training/PET Plastic/plastic_bottles/PET964.jpg,2,PET Plastic,2,PET Plastic,0.9999183416366577,3.114457513220259e-06,5.715797215088969e-06,0.9999183416366577,2.990456960105803e-05,4.288029595045373e-05
/Users/aswanathjs/Downloads/test9/ai_plastic_waste_management_training/HDPE Plastic/milk_bottles/HDPEM388.jpg,0,HDPE Plastic,0,HDPE Plastic,0.9941049814224243,0.9941049814224243,0.0012397487880662084,0.0004391553229652345,0.0012027877382934093,0.0030132445972412825
/Users/aswanathjs/Downloads/test9/ai_plastic_waste_management_training/PET Plastic/plastic_bottles/PET984.jpg,2,PET Plastic,2,PET Plastic,0.9998965263366699,3.266566636739299e-05,9.396037057740614e-06,0.9998965263366699,1.5172007806540933e-05,4.6202228986658156e-05
/Users/aswanathjs/Downloads/test9/ai_plastic_waste_management_training/LDPE Plastic/black_white__plastic_bags/0283_jpg.rf.37620826a664c461407a154e42787357.jpg,1,LDPE Plastic,1,LDPE Plastic,0.9994169473648071,0.00023314959253184497,0.9994169473648071,5.366773984860629e-05,0.0001785464701242745,0.00011761023779399693
/Users/aswanathjs/Downloads/test9/ai_plastic_waste_management_training/PP Plastic/irregular_containers/train_PP-76_jpg.rf.3814f40c819ebb410cfa752673e60d72.jpg,3,PP Plastic,3,PP Plastic,0.9992863535881042,4.085572436451912e-05,0.00044694848475046456,0.0001555383496452123,0.9992863535881042,7.03727564541623e-05
/Users/aswanathjs/Downloads/test9/ai_plastic_waste_management_training/LDPE Plastic/plastic_bags/plasticbag (181).jpg,1,LDPE Plastic,1,LDPE Plastic,0.982585072517395,0.00499208178371191,0.982585072517395,0.0007030878914520144,0.009347227402031422,0.0023724623024463654
/Users/aswanathjs/Downloads/test9/ai_plastic_waste_management_training/LDPE Plastic/black_white__plastic_bags/0262_jpg.rf.f5566c2100d936ba4cd566805ac80730.jpg,1,LDPE Plastic,1,LDPE Plastic,0.9962999224662781,0.0017514150822535157,0.9962999224662781,0.0007529575377702713,0.0009650631109252572,0.00023065418645273894
/Users/aswanathjs/Downloads/test9/ai_plastic_waste_management_training/PS Plastic/foam_sheets/PS-652_jpg.rf.2c1909f53de7a59439116026bf6915cd.jpg,4,PS Plastic,4,PS Plastic,0.999873161315918,2.9172315407777205e-05,2.874281199183315e-05,4.277225525584072e-05,2.6037612769869156e-05,0.999873161315918
/Users/aswanathjs/Downloads/test9/ai_plastic_waste_management_training/LDPE Plastic/plastic_bags/plasticbag (12).jpg,1,LDPE Plastic,1,LDPE Plastic,0.9148820042610168,0.00076122279278934,0.9148820042610168,0.001289226463995874,0.07682756334543228,0.006239954847842455
/Users/aswanathjs/Downloads/test9/ai_plastic_waste_management_training/PP Plastic/irregular_containers/train_PP-88_jpg.rf.edc1eeb626fc8068aacb88b94d00a5b1.jpg,3,PP Plastic,3,PP Plastic,0.9994091987609863,6.986820517340675e-05,0.0003274658811278641,9.159545152215287e-05,0.9994091987609863,0.00010183384438278154
/Users/aswanathjs/Downloads/test9/ai_plastic_waste_management_training/HDPE Plastic/shampoo_bottles/0077_a02b01c1d2e0f1g0h3.jpg,0,HDPE Plastic,0,HDPE Plastic,0.9998654127120972,0.9998654127120972,1.884566154330969e-05,4.6816861868137494e-05,4.269391865818761e-05,2.6212310331175104e-05
/Users/aswanathjs/Downloads/test9/ai_plastic_waste_management_training/HDPE Plastic/shampoo_bottles/0061_a02b01c2d3e0f1g0h4.jpg,0,HDPE Plastic,0,HDPE Plastic,0.9940778017044067,0.9940778017044067,0.0005059046670794487,0.0009343158453702927,0.0029039476066827774,0.0015781103866174817
/Users/aswanathjs/Downloads/test9/ai_plastic_waste_management_training/PP Plastic/round_containers/IMG_20220209_174620.jpg,3,PP Plastic,3,PP Plastic,0.9986993074417114,0.0010357539867982268,7.797632133588195e-05,5.702655471395701e-05,0.9986993074417114,0.00012990804680157453
/Users/aswanathjs/Downloads/test9/ai_plastic_waste_management_training/PS Plastic/foam_sheets/IMG_9365_JPG.rf.dd7f155f018bf708e40a4ccd76bc12bb.jpg,4,PS Plastic,4,PS Plastic,0.9990397095680237,0.00014635031402576715,0.00019483761570882052,0.000360151898348704,0.0002589159703347832,0.9990397095680237
/Users/aswanathjs/Downloads/test9/ai_plastic_waste_management_training/PS Plastic/foam_sheets/IMG_9365_JPG.rf.76775a900a45ba91c83236f2f03aaca6.jpg,4,PS Plastic,4,PS Plastic,0.9998325109481812,3.0342462196131237e-05,5.27089687238913e-05,4.18741547036916e-05,4.253264705766924e-05,0.9998325109481812
/Users/aswanathjs/Downloads/test9/ai_plastic_waste_management_training/PS Plastic/foam_sheets/IMG_9365_JPG.rf.dee467d12c869c0afc8939779ab15579.jpg,4,PS Plastic,4,PS Plastic,0.9997808337211609,2.287044480908662e-05,5.811736627947539e-05,8.878098742570728e-05,4.942749728797935e-05,0.9997808337211609
/Users/aswanathjs/Downloads/test9/ai_plastic_waste_management_training/PS Plastic/form_sheets_grey/IMG_9365_JPG.rf.dd7f155f018bf708e40a4ccd76bc12bb.jpg,4,PS Plastic,4,PS Plastic,0.9990121126174927,0.00010239451512461528,0.0002576688420958817,0.00044353530392982066,0.00018427004397381097,0.9990121126174927
/Users/aswanathjs/Downloads/test9/ai_plastic_waste_management_training/PP Plastic/round_containers/0035_a06b01c2d0e0f0g0h0.jpg,3,PP Plastic,3,PP Plastic,0.9989511966705322,0.00011805841495515779,0.0005502652493305504,0.00022852896654512733,0.9989511966705322,0.00015184638323262334
/Users/aswanathjs/Downloads/test9/ai_plastic_waste_management_training/PS Plastic/foam_containers/styrofoam-109-_jpg.rf.084c9ce4657426fb31988e0cef71ddeb.jpg,4,PS Plastic,4,PS Plastic,0.9994321465492249,0.0004340274608694017,6.0589653003262356e-05,7.977445420692675e-06,6.526745710289106e-05,0.9994321465492249
/Users/aswanathjs/Downloads/test9/ai_plastic_waste_management_training/PS Plastic/foam_sheets/PS-552_jpg.rf.7bad9fad655747ea45716921a1d5977e.jpg,4,PS Plastic,4,PS Plastic,0.9991208910942078,0.00025013595586642623,0.0002909267204813659,0.00013108167331665754,0.00020695687271654606,0.9991208910942078
/Users/aswanathjs/Downloads/test9/ai_plastic_waste_management_training/LDPE Plastic/bin_bags/Image_47.png,1,LDPE Plastic,1,LDPE Plastic,0.9981611371040344,0.0008926077280193567,0.9981611371040344,0.00045178961590863764,0.00033938957494683564,0.0001551223249407485
/Users/aswanathjs/Downloads/test9/ai_plastic_waste_management_training/LDPE Plastic/bin_bags_grey/Image_47.png,1,LDPE Plastic,1,LDPE Plastic,0.968511700630188,0.012827065773308277,0.968511700630188,0.009594947099685669,0.006108378060162067,0.002957854187116027
/Users/aswanathjs/Downloads/test9/ai_plastic_waste_management_training/PP Plastic/round_containers/Image_47.png,1,LDPE Plastic,1,LDPE Plastic,0.7709033489227295,0.019572682678699493,0.7709033489227295,0.006106937304139137,0.16532275080680847,0.038094282150268555
/Users/aswanathjs/Downloads/test9/ai_plastic_waste_management_training/PS Plastic/foam_containers/Image_47.png,1,LDPE Plastic,4,PS Plastic,0.5889155268669128,0.04391203448176384,0.23248198628425598,0.004657043609768152,0.13003337383270264,0.5889155268669128
/Users/aswanathjs/Downloads/test9/ai_plastic_waste_management_training/PS Plastic/foam_sheets/PS-584_jpg.rf.992546102d4e30110544c8111f9149c4.jpg,4,PS Plastic,4,PS Plastic,0.9993334412574768,0.0001785995118552819,0.0002558239211793989,9.01942839846015e-05,0.00014198702410794795,0.9993334412574768
/Users/aswanathjs/Downloads/test9/ai_plastic_waste_management_training/PET Plastic/black_white_plastic_bottles/bowrq_jpg.rf.485b1ea75fc030697de1f760237ac1fb.jpg,2,PET Plastic,2,PET Plastic,0.9999613761901855,4.692692073149374e-06,5.630784471577499e-06,0.9999613761901855,4.576765149977291e-06,2.3722001060377806e-05
"/Users/aswanathjs/Downloads/test9/ai_plastic_waste_management_training/PET Plastic/plastic_bottles/PET1,047.jpg",2,PET Plastic,2,PET Plastic,0.9974675178527832,0.0006024542381055653,0.00031755512463860214,0.9974675178527832,0.0004678130499087274,0.0011446570279076695
"/Users/aswanathjs/Downloads/test9/ai_plastic_waste_management_training/PET Plastic/plastic_bottles/PET1,492.jpg",2,PET Plastic,2,PET Plastic,0.9989860653877258,0.0007449541590176523,6.0481226682895795e-05,0.9989860653877258,3.342866330058314e-05,0.00017500306421425194
/Users/aswanathjs/Downloads/test9/ai_plastic_waste_management_training/LDPE Plastic/plastic_bags/plasticbag (161).jpg,1,LDPE Plastic,1,LDPE Plastic,0.9960361123085022,0.0024045018944889307,0.9960361123085022,0.0002869463060051203,0.00019782563322223723,0.0010746350744739175
/Users/aswanathjs/Downloads/test9/ai_plastic_waste_management_training/PP Plastic/round_containers/0032_a05b01c1d1e0f0g0h3.jpg,3,PP Plastic,3,PP Plastic,0.9981831908226013,0.0010745268082246184,0.00017149040650110692,0.00025119647034443915,0.9981831908226013,0.0003195620374754071
/Users/aswanathjs/Downloads/test9/ai_plastic_waste_management_training/PP Plastic/round_containers/0044_a06b01c1d1e0f0g0h3.jpg,3,PP Plastic,3,PP Plastic,0.9985584616661072,9.835594937612768e-06,9.607153333490714e-05,0.0007007497479207814,0.9985584616661072,0.0006349469185806811
"/Users/aswanathjs/Downloads/test9/ai_plastic_waste_management_training/PET Plastic/plastic_bottles/PET1,467.jpg",2,PET Plastic,2,PET Plastic,0.9964687824249268,0.0024539614096283913,0.0002913211937993765,0.9964687824249268,0.000312253920128569,0.0004737502022180706
/Users/aswanathjs/Downloads/test9/ai_plastic_waste_management_training/HDPE Plastic/shampoo_bottles/0099_a02b01c1d3e0f1g0h4.jpg,0,HDPE Plastic,0,HDPE Plastic,0.9993719458580017,0.9993719458580017,5.191762465983629e-05,0.00013697543181478977,0.00033999947481788695,9.908619540510699e-05
/Users/aswanathjs/Downloads/test9/ai_plastic_waste_management_training/PET Plastic/plastic_bottles/PET639.jpg,2,PET Plastic,2,PET Plastic,0.9997158646583557,5.258002056507394e-05,2.133581983798649e-05,0.9997158646583557,0.00018719765648711473,2.294340629305225e-05
/Users/aswanathjs/Downloads/test9/ai_plastic_waste_management_training/LDPE Plastic/plastic_bags/LDPE-47_jpg.rf.ecc1032e8fe7ba4db2fa914736103a2c.jpg,1,LDPE Plastic,1,LDPE Plastic,0.999512791633606,0.00029494904447346926,0.999512791633606,2.8360222131595947e-05,8.386900299228728e-05,8.004752453416586e-05
/Users/aswanathjs/Downloads/test9/ai_plastic_waste_management_training/LDPE Plastic/plastic_bags/LDPE-47_jpg.rf.30a4a5fd0c833392bf1d4c46d02d6397.jpg,1,LDPE Plastic,1,LDPE Plastic,0.9991901516914368,0.0002190848026657477,0.9991901516914368,2.2073812942835502e-05,0.0004788856313098222,8.989532943814993e-05
/Users/aswanathjs/Downloads/test9/ai_plastic_waste_management_training/HDPE Plastic/milk_bottles/HDPEM25.jpg,0,HDPE Plastic,0,HDPE Plastic,0.9999213218688965,0.9999213218688965,1.2807023267669138e-05,7.80932077759644e-06,3.250974623369984e-05,2.5467377781751566e-05
/Users/aswanathjs/Downloads/test9/ai_plastic_waste_management_training/HDPE Plastic/milk_bottles_grey/HDPEM25.jpg,0,HDPE Plastic,0,HDPE Plastic,0.9998891353607178,0.9998891353607178,3.913440741598606e-05,1.1119670489279088e-05,3.598093462642282e-05,2.461415897414554e-05
/Users/aswanathjs/Downloads/test9/ai_plastic_waste_management_training/PS Plastic/foam_sheets/PS-638_jpg.rf.2a30edae550448f61538e3aa459cd0ac.jpg,4,PS Plastic,4,PS Plastic,0.9994897842407227,3.6611010727938265e-05,0.00028572799055837095,8.444042032351717e-05,0.00010344978363718837,0.9994897842407227
/Users/aswanathjs/Downloads/test9/ai_plastic_waste_management_training/PS Plastic/form_sheets_grey/PS-638_jpg.rf.2a30edae550448f61538e3aa459cd0ac.jpg,4,PS Plastic,4,PS Plastic,0.9992555975914001,4.5256285375216976e-05,0.0003188661066815257,0.00018685539544094354,0.00019330267969053239,0.9992555975914001
/Users/aswanathjs/Downloads/test9/ai_plastic_waste_management_training/PS Plastic/foam_sheets/PS-712_jpg.rf.b51acb2d02d4ee2fdf7ba9226a78778c.jpg,4,PS Plastic,4,PS Plastic,0.9990538954734802,0.00016225942817982286,0.0002562215959187597,0.00017061413382180035,0.0003570423577912152,0.9990538954734802
/Users/aswanathjs/Downloads/test9/ai_plastic_waste_management_training/PP Plastic/square_containers_grey/square.png,3,PP Plastic,3,PP Plastic,0.9877951145172119,0.0017308051465079188,0.007852919399738312,0.0007568022119812667,0.9877951145172119,0.0018643158255144954
/Users/aswanathjs/Downloads/test9/ai_plastic_waste_management_training/PP Plastic/square_containers/square.png,3,PP Plastic,3,PP Plastic,0.9809255003929138,0.004185969475656748,0.006038348190486431,0.0012233045417815447,0.9809255003929138,0.007626875303685665
/Users/aswanathjs/Downloads/test9/ai_plastic_waste_management_training/PP Plastic/irregular_containers/valid_PP-75-_jpg.rf.99d559140a790606b9da4d31a532ab0e.jpg,3,PP Plastic,3,PP Plastic,0.9998175501823425,6.150379340397194e-05,1.2115669051127043e-05,4.751675805891864e-05,0.9998175501823425,6.130172550911084e-05
/Users/aswanathjs/Downloads/test9/ai_plastic_waste_management_training/PP Plastic/irregular_containers_grey/valid_PP-75-_jpg.rf.99d559140a790606b9da4d31a532ab0e.jpg,3,PP Plastic,3,PP Plastic,0.9998145699501038,6.44280225969851e-05,9.231734111381229e-06,3.996163286501542e-05,0.9998145699501038,7.185387948993593e-05
/Users/aswanathjs/Downloads/test9/ai_plastic_waste_management_training/PET Plastic/black_white_plastic_bottles/dpzof_jpg.rf.28976b527e116f95ea6741a205c74956.jpg,2,PET Plastic,2,PET Plastic,0.9978755712509155,1.4052617189008743e-05,0.0019129975698888302,0.9978755712509155,9.645395766710863e-05,0.00010094993194798008
/Users/aswanathjs/Downloads/test9/ai_plastic_waste_management_training/PP Plastic/rectangle_containers/0011_a05b00c2d0e0f0g0h0.jpg,3,PP Plastic,3,PP Plastic,0.9992782473564148,0.00010945132817141712,3.88139123970177e-05,0.00021063521853648126,0.9992782473564148,0.00036279228515923023
/Users/aswanathjs/Downloads/test9/ai_plastic_waste_management_training/PP Plastic/square_containers/0011_a05b00c2d0e0f0g0h0.jpg,3,PP Plastic,3,PP Plastic,0.9992782473564148,0.00010945132817141712,3.88139123970177e-05,0.00021063521853648126,0.9992782473564148,0.00036279228515923023
/Users/aswanathjs/Downloads/test9/ai_plastic_waste_management_training/PET Plastic/black_white_plastic_bottles/brfya_jpg.rf.2ba1709a570ca49febead16780844fbe.jpg,2,PET Plastic,2,PET Plastic,0.9997518658638,1.673720544204116e-05,3.361643757671118e-05,0.9997518658638,0.00012617210450116545,7.152872422011569e-05
/Users/aswanathjs/Downloads/test9/ai_plastic_waste_management_training/HDPE Plastic/shampoo_bottles/0061_a02b01c1d1e0f1g0h3(1).jpg,0,HDPE Plastic,0,HDPE Plastic,0.9988942742347717,0.9988942742347717,0.00011812139564426616,0.00031013056286610663,0.0004859146138187498,0.00019159488147124648
/Users/aswanathjs/Downloads/test9/ai_plastic_waste_management_training/PP Plastic/square_containers/Image_16.png,3,PP Plastic,3,PP Plastic,0.9946464896202087,0.0004688580520451069,0.00459590507671237,8.233617700170726e-05,0.9946464896202087,0.0002063021674985066
/Users/aswanathjs/Downloads/test9/ai_plastic_waste_management_training/PS Plastic/foam_containers/Image_16.png,3,PP Plastic,3,PP Plastic,0.6393707990646362,0.020941978320479393,0.06868211179971695,0.003935260232537985,0.6393707990646362,0.26706984639167786
/Users/aswanathjs/Downloads/test9/ai_plastic_waste_management_training/LDPE Plastic/plastic_bags/plasticbag (80).jpg,1,LDPE Plastic,1,LDPE Plastic,0.9996711015701294,0.0001004566001938656,0.9996711015701294,5.302175850374624e-06,0.00016572604363318533,5.736741513828747e-05
/Users/aswanathjs/Downloads/test9/ai_plastic_waste_management_training/LDPE Plastic/bin_bags/Image_139.png,1,LDPE Plastic,1,LDPE Plastic,0.9969574213027954,0.0018286145059391856,0.9969574213027954,0.0006468457286246121,0.0001760177983669564,0.0003910860978066921
/Users/aswanathjs/Downloads/test9/ai_plastic_waste_management_training/PP Plastic/round_containers/Image_139.png,1,LDPE Plastic,1,LDPE Plastic,0.7130817770957947,0.07492554932832718,0.7130817770957947,0.006898685358464718,0.1850890964269638,0.020004812628030777
/Users/aswanathjs/Downloads/test9/ai_plastic_waste_management_training/PP Plastic/round_containers_grey/Image_139.png,1,LDPE Plastic,1,LDPE Plastic,0.7786697149276733,0.05425231531262398,0.7786697149276733,0.0050344159826636314,0.14284689724445343,0.01919657737016678
/Users/aswanathjs/Downloads/test9/ai_plastic_waste_management_training/PS Plastic/foam_containers/Image_139.png,1,LDPE Plastic,3,PP Plastic,0.40224775671958923,0.11666487902402878,0.3590521216392517,0.012532046064734459,0.40224775671958923,0.10950317233800888
/Users/aswanathjs/Downloads/test9/ai_plastic_waste_management_training/PS Plastic/foam_sheets/PS-529_jpg.rf.4c99e4b2dd1f410d9ebbf6be0a49fe79.jpg,4,PS Plastic,4,PS Plastic,0.9998470544815063,1.6729112758184783e-05,5.811495429952629e-05,2.8409724109224044e-05,4.97368564538192e-05,0.9998470544815063
/Users/aswanathjs/Downloads/test9/ai_plastic_waste_management_training/PP Plastic/round_containers/IMG_20220209_172657.jpg,3,PP Plastic,3,PP Plastic,0.9984727501869202,0.000588220835197717,3.7171965232118964e-05,0.0008174671093001962,0.9984727501869202,8.444665581919253e-05
"/Users/aswanathjs/Downloads/test9/ai_plastic_waste_management_training/PET Plastic/plastic_bottles/PET1,096.jpg",2,PET Plastic,2,PET Plastic,0.9924867153167725,0.00551470834761858,0.0013164388947188854,0.9924867153167725,0.000328905793139711,0.0003532310656737536
/Users/aswanathjs/Downloads/test9/ai_plastic_waste_management_training/LDPE Plastic/plastic_bags/plasticbag (125).jpg,1,LDPE Plastic,1,LDPE Plastic,0.9917159676551819,0.0020633551757782698,0.9917159676551819,0.0020331491250544786,0.0008860845700837672,0.003301461460068822
/Users/aswanathjs/Downloads/test9/ai_plastic_waste_management_training/PET Plastic/black_white_plastic_bottles/cybdg_jpg.rf.3e32fdb9cb34c7691a349c4e5ac99d51.jpg,2,PET Plastic,2,PET Plastic,0.999834418296814,2.004173984460067e-05,2.0424693502718583e-05,0.999834418296814,2.1657600882463157e-05,0.00010348299110773951
/Users/aswanathjs/Downloads/test9/ai_plastic_waste_management_training/LDPE Plastic/plastic_bags/plasticbag (60).jpg,1,LDPE Plastic,1,LDPE Plastic,0.9338779449462891,0.0024388274177908897,0.9338779449462891,0.0008492376655340195,0.06113631650805473,0.001697711762972176
/Users/aswanathjs/Downloads/test9/ai_plastic_waste_management_training/PP Plastic/square_containers/Image_212.png,3,PP Plastic,3,PP Plastic,0.9057109355926514,0.0011754792649298906,0.08290629833936691,0.0006244971300475299,0.9057109355926514,0.009582831524312496
/Users/aswanathjs/Downloads/test9/ai_plastic_waste_management_training/PS Plastic/foam_containers/Image_212.png,3,PP Plastic,3,PP Plastic,0.8406825661659241,0.02245868556201458,0.027713725343346596,0.006666760426014662,0.8406825661659241,0.10247824341058731
/Users/aswanathjs/Downloads/test9/ai_plastic_waste_management_training/PP Plastic/round_containers/IMG_20220209_173518.jpg,3,PP Plastic,3,PP Plastic,0.9997953772544861,6.109131209086627e-05,3.96381328755524e-05,1.6406555005232804e-05,0.9997953772544861,8.746212552068755e-05
/Users/aswanathjs/Downloads/test9/ai_plastic_waste_management_training/PET Plastic/black_white_plastic_bottles/cbxqt_jpg.rf.52531406b5668ed489f722eda1234b82.jpg,2,PET Plastic,2,PET Plastic,0.9876940250396729,0.0014479276724159718,0.0018649199046194553,0.9876940250396729,0.0068382518365979195,0.002154892310500145
/Users/aswanathjs/Downloads/test9/ai_plastic_waste_management_training/LDPE Plastic/plastic_bags_grey/LDPE-709_jpg.rf.e0c041e2a581709b14418365e47f31c8.jpg,1,LDPE Plastic,1,LDPE Plastic,0.9997664093971252,4.6999790356494486e-05,0.9997664093971252,2.3937980586197227e-05,9.40745958359912e-05,6.866850890219212e-05
/Users/aswanathjs/Downloads/test9/ai_plastic_waste_management_training/LDPE Plastic/plastic_bags/LDPE-709_jpg.rf.e0c041e2a581709b14418365e47f31c8.jpg,1,LDPE Plastic,1,LDPE Plastic,0.9996975660324097,2.0787521862075664e-05,0.9996975660324097,1.803551822376903e-05,0.0001208833564305678,0.000142790493555367
/Users/aswanathjs/Downloads/test9/ai_plastic_waste_management_training/PP Plastic/round_containers/0032_a05b01c2d2e0f0g0h4.jpg,3,PP Plastic,3,PP Plastic,0.9942190647125244,0.0035812025889754295,0.0010671820491552353,0.0001663209986872971,0.9942190647125244,0.000966286810580641
/Users/aswanathjs/Downloads/test9/ai_plastic_waste_management_training/HDPE Plastic/milk_bottles/HDPEM268.jpg,0,HDPE Plastic,0,HDPE Plastic,0.9938533306121826,0.9938533306121826,0.00025501521304249763,0.0013915672898292542,0.003970540128648281,0.00052948686061427
/Users/aswanathjs/Downloads/test9/ai_plastic_waste_management_training/HDPE Plastic/milk_bottles/HDPEM107.jpg,0,HDPE Plastic,0,HDPE Plastic,0.9987136125564575,0.9987136125564575,3.335656219860539e-05,0.0001935042964760214,0.000942255137488246,0.00011721863847924396
/Users/aswanathjs/Downloads/test9/ai_plastic_waste_management_training/PET Plastic/plastic_bottles/PET783.jpg,2,PET Plastic,2,PET Plastic,0.9998273253440857,4.194476059637964e-05,4.90349302708637e-05,0.9998273253440857,4.242247814545408e-05,3.9359478250844404e-05
"/Users/aswanathjs/Downloads/test9/ai_plastic_waste_management_training/PET Plastic/plastic_bottles/PET1,570.jpg",2,PET Plastic,2,PET Plastic,0.9999809265136719,2.3424265691573964e-06,3.6959736462449655e-06,0.9999809265136719,9.330694410891738e-06,3.7152831282583065e-06
/Users/aswanathjs/Downloads/test9/ai_plastic_waste_management_training/PS Plastic/foam_sheets/PS-821_jpg.rf.0e9beff389d1f2c533e116ce4700cb8f.jpg,4,PS Plastic,4,PS Plastic,0.9998973608016968,2.4268043489428237e-05,3.0709674319950864e-05,2.7206799131818116e-05,2.0467728973017074e-05,0.9998973608016968
/Users/aswanathjs/Downloads/test9/ai_plastic_waste_management_training/HDPE Plastic/milk_bottles/P_W (1063).jpg,0,HDPE Plastic,0,HDPE Plastic,0.9999748468399048,0.9999748468399048,5.793016953248298e-06,3.935572749469429e-06,6.035468686604872e-06,9.357835551782046e-06
/Users/aswanathjs/Downloads/test9/ai_plastic_waste_management_training/HDPE Plastic/milk_bottles_grey/P_W (1063).jpg,0,HDPE Plastic,0,HDPE Plastic,0.9998008608818054,0.9998008608818054,9.947930811904371e-05,1.3675425179826561e-05,5.0184560677735135e-05,3.578769974410534e-05
/Users/aswanathjs/Downloads/test9/ai_plastic_waste_management_training/PET Plastic/plastic_bottles/PET786.jpg,2,PET Plastic,2,PET Plastic,0.9988068342208862,0.0005559156415984035,0.0002020459942286834,0.9988068342208862,0.00019810424419119954,0.00023712778056506068
/Users/aswanathjs/Downloads/test9/ai_plastic_waste_management_training/PS Plastic/foam_sheets/PS-761_jpg.rf.a42344405350083224374a55aa540b72.jpg,4,PS Plastic,4,PS Plastic,0.9995077848434448,7.699878187850118e-05,0.00013278097321745008,0.00015230863937176764,0.00013013466377742589,0.9995077848434448
/Users/aswanathjs/Downloads/test9/ai_plastic_waste_management_training/LDPE Plastic/plastic_bags/LDPE-225_jpg.rf.c28a869289439016d8b409f48fd5ecdf.jpg,1,LDPE Plastic,1,LDPE Plastic,0.9897652864456177,0.0022115521132946014,0.9897652864456177,0.002506456570699811,0.0018487771740183234,0.0036679874174296856
/Users/aswanathjs/Downloads/test9/ai_plastic_waste_management_training/LDPE Plastic/plastic_bags/plasticbag (18).jpg,1,LDPE Plastic,1,LDPE Plastic,0.9991620779037476,0.00013413098349701613,0.9991620779037476,2.3204249373520724e-05,0.00032498620566911995,0.0003556587325874716
/Users/aswanathjs/Downloads/test9/ai_plastic_waste_management_training/PS Plastic/foam_containers/styrofoam-5-_jpg.rf.df3780f823c7514ba9fc7d643c034625.jpg,4,PS Plastic,4,PS Plastic,0.9969794750213623,0.0013565520057454705,0.0009493354009464383,0.0005223190528340638,0.00019235578656662256,0.9969794750213623
"/Users/aswanathjs/Downloads/test9/ai_plastic_waste_management_training/PET Plastic/plastic_bottles/PET1,383.jpg",2,PET Plastic,2,PET Plastic,0.9974790215492249,0.0018485892796888947,6.820564885856584e-05,0.9974790215492249,0.000367521948646754,0.00023675225384067744
/Users/aswanathjs/Downloads/test9/ai_plastic_waste_management_training/PET Plastic/black_white_plastic_bottles/beirz_jpg.rf.178f44e894411750e7f2fc42ab9f4d6e.jpg,2,PET Plastic,2,PET Plastic,0.999517560005188,0.0001172111151390709,0.000171485313330777,0.999517560005188,0.00012723026156891137,6.656353798462078e-05
/Users/aswanathjs/Downloads/test9/ai_plastic_waste_management_training/PP Plastic/round_containers/0022_a05b00c2d1e0f0g0h0.jpg,3,PP Plastic,3,PP Plastic,0.9971321821212769,0.00034328410401940346,0.0009825327433645725,0.0012506796047091484,0.9971321821212769,0.0002913083881139755
/Users/aswanathjs/Downloads/test9/ai_plastic_waste_management_training/PET Plastic/plastic_bottles/PET433.jpg,2,PET Plastic,2,PET Plastic,0.9996490478515625,0.0001796173892216757,2.424693593638949e-05,0.9996490478515625,5.2066905482206494e-05,9.50971370912157e-05
/Users/aswanathjs/Downloads/test9/ai_plastic_waste_management_training/HDPE Plastic/milk_bottles/HDPEM389.jpg,0,HDPE Plastic,0,HDPE Plastic,0.9994613528251648,0.9994613528251648,0.00029662204906344414,4.347877256805077e-05,0.00010142229439225048,9.709269943414256e-05
/Users/aswanathjs/Downloads/test9/ai_plastic_waste_management_training/PET Plastic/black_white_plastic_bottles/ctpsz_jpg.rf.ff4ad7b6ac7ba952bf067e75b2b3f4d1.jpg,2,PET Plastic,2,PET Plastic,0.9929342269897461,6.292456964729354e-05,0.00011026704305550084,0.9929342269897461,0.006368355359882116,0.000524236704222858
/Users/aswanathjs/Downloads/test9/ai_plastic_waste_management_training/LDPE Plastic/bin_bags/Image_143.png,1,LDPE Plastic,1,LDPE Plastic,0.9979215264320374,0.0010427164379507303,0.9979215264320374,0.0002889751922339201,0.00020339916227385402,0.0005433430778793991
/Users/aswanathjs/Downloads/test9/ai_plastic_waste_management_training/PP Plastic/round_containers/Image_143.png,1,LDPE Plastic,3,PP Plastic,0.7655969858169556,0.00414807116612792,0.21806788444519043,0.0008466755389235914,0.7655969858169556,0.011340336874127388
/Users/aswanathjs/Downloads/test9/ai_plastic_waste_management_training/PS Plastic/foam_containers/Image_143.png,1,LDPE Plastic,1,LDPE Plastic,0.6908405423164368,0.017187483608722687,0.6908405423164368,0.0027853508945554495,0.10328034311532974,0.1859062910079956
/Users/aswanathjs/Downloads/test9/ai_plastic_waste_management_training/PP Plastic/round_containers/IMG_20220209_173653.jpg,3,PP Plastic,3,PP Plastic,0.9933542013168335,0.003096270840615034,0.0008251041872426867,0.00014474484487436712,0.9933542013168335,0.002579635242000222
/Users/aswanathjs/Downloads/test9/ai_plastic_waste_management_training/HDPE Plastic/shampoo_bottles/0076_a02b06c1d3e0f1g0h4.jpg,0,HDPE Plastic,0,HDPE Plastic,0.9991976618766785,0.9991976618766785,0.0001483801897848025,6.71960151521489e-05,0.0004332945973146707,0.000153504908666946
/Users/aswanathjs/Downloads/test9/ai_plastic_waste_management_training/HDPE Plastic/milk_bottles/HDPEM251.jpg,0,HDPE Plastic,0,HDPE Plastic,0.9996172189712524,0.9996172189712524,8.943784632720053e-05,0.00013019409379921854,7.571577589260414e-05,8.732561400393024e-05
/Users/aswanathjs/Downloads/test9/ai_plastic_waste_management_training/PET Plastic/black_white_plastic_bottles/dojvf_jpg.rf.688bc5642b8f8491c0bc897182556fc9.jpg,2,PET Plastic,2,PET Plastic,0.9999746084213257,5.674150997947436e-06,6.6902616708830465e-06,0.9999746084213257,3.974758328695316e-06,9.074742592929397e-06
/Users/aswanathjs/Downloads/test9/ai_plastic_waste_management_training/PET Plastic/black_white_plastic_bottles/bcxos_jpg.rf.2188d116bc1129d44ce87e6c7b169a57.jpg,2,PET Plastic,2,PET Plastic,0.9998145699501038,6.251992545003304e-06,9.50492722040508e-06,0.9998145699501038,0.00011966074089286849,5.00397763971705e-05
/Users/aswanathjs/Downloads/test9/ai_plastic_waste_management_training/PP Plastic/round_containers/Image_180.png,3,PP Plastic,3,PP Plastic,0.6500877141952515,0.04152042418718338,0.2387930303812027,0.008659064769744873,0.6500877141952515,0.0609397254884243
/Users/aswanathjs/Downloads/test9/ai_plastic_waste_management_training/PS Plastic/foam_containers/Image_180.png,3,PP Plastic,4,PS Plastic,0.48140662908554077,0.06848189234733582,0.1297413855791092,0.008572012186050415,0.3117980659008026,0.48140662908554077
/Users/aswanathjs/Downloads/test9/ai_plastic_waste_management_training/HDPE Plastic/milk_bottles/HDPEM191.jpg,0,HDPE Plastic,0,HDPE Plastic,0.9998565912246704,0.9998565912246704,1.9991062799817882e-05,2.216545180999674e-05,4.2750707507366315e-05,5.858248914591968e-05
/Users/aswanathjs/Downloads/test9/ai_plastic_waste_management_training/HDPE Plastic/milk_bottles/HDPEM454.jpg,0,HDPE Plastic,0,HDPE Plastic,0.9990234375,0.9990234375,6.441446657845518e-06,0.0006028151838108897,0.0003348439931869507,3.2432239095214754e-05
/Users/aswanathjs/Downloads/test9/ai_plastic_waste_management_training/LDPE Plastic/plastic_bags/LDPE-169_jpg.rf.701027552a8ac65a60f254c0bb0d1284.jpg,1,LDPE Plastic,1,LDPE Plastic,0.9940225481987,0.0008757158066146076,0.9940225481987,0.002443100092932582,0.0009798763785511255,0.0016787811182439327
/Users/aswanathjs/Downloads/test9/ai_plastic_waste_management_training/LDPE Plastic/bubble_wrap/train_LDPE-86_jpg.rf.de19a5a093d2f44f002d55af708ec34a.jpg,1,LDPE Plastic,1,LDPE Plastic,0.9997456669807434,2.521360329410527e-05,0.9997456669807434,2.185412449762225e-05,0.0001324428740190342,7.488161645596847e-05
/Users/aswanathjs/Downloads/test9/ai_plastic_waste_management_training/LDPE Plastic/black_white__plastic_bags/0106_jpg.rf.173cad6f9c322e959de8745ce71d09bd.jpg,1,LDPE Plastic,1,LDPE Plastic,0.998421311378479,0.00022993652964942157,0.998421311378479,0.00011284176434855908,0.0011545507004484534,8.140782301779836e-05
/Users/aswanathjs/Downloads/test9/ai_plastic_waste_management_training/HDPE Plastic/milk_bottles/HDPEM71.jpg,0,HDPE Plastic,0,HDPE Plastic,0.9995573163032532,0.9995573163032532,2.444078381813597e-05,0.00014354704762808979,0.00022448677918873727,5.0115097110392526e-05
/Users/aswanathjs/Downloads/test9/ai_plastic_waste_management_training/HDPE Plastic/detergent_bottles/0098_a02b03c1d0e0f0g0h4.jpg,0,HDPE Plastic,0,HDPE Plastic,0.9996892213821411,0.9996892213821411,4.5123240852262825e-05,4.176060247118585e-05,0.00019694592629093677,2.7006421078112908e-05
/Users/aswanathjs/Downloads/test9/ai_plastic_waste_management_training/LDPE Plastic/plastic_bags/train_LDPE-88_jpg.rf.8472ac42ef276d2bcb8c165830aa2622.jpg,1,LDPE Plastic,1,LDPE Plastic,0.9910147786140442,0.0006009560311213136,0.9910147786140442,0.0006622237269766629,0.0014809778658673167,0.006241095717996359
/Users/aswanathjs/Downloads/test9/ai_plastic_waste_management_training/HDPE Plastic/milk_bottles/HDPEM99.jpg,0,HDPE Plastic,0,HDPE Plastic,0.9998714923858643,0.9998714923858643,1.5926043488434516e-05,4.807125515071675e-05,6.777941052860115e-06,5.7818022469291463e-05
/Users/aswanathjs/Downloads/test9/ai_plastic_waste_management_training/PP Plastic/round_containers/0032_a05b01c2d1e0f0g0h1.jpg,3,PP Plastic,3,PP Plastic,0.9995765089988708,0.00021290499716997147,3.95263014070224e-05,0.00012474117102101445,0.9995765089988708,4.6237768401624635e-05
/Users/aswanathjs/Downloads/test9/ai_plastic_waste_management_training/HDPE Plastic/milk_bottles/HDPEM34.jpg,0,HDPE Plastic,0,HDPE Plastic,0.9969817996025085,0.9969817996025085,3.563135760487057e-05,0.002276483690366149,0.0002555892278905958,0.00045059056719765067
/Users/aswanathjs/Downloads/test9/ai_plastic_waste_management_training/PET Plastic/black_white_plastic_bottles/bhwyv_jpg.rf.09ee027258fb5748a6867d5b22e43213.jpg,2,PET Plastic,2,PET Plastic,0.9986690282821655,0.00027993752155452967,0.00020715230493806303,0.9986690282821655,0.0003353879146743566,0.0005085146985948086
/Users/aswanathjs/Downloads/test9/ai_plastic_waste_management_training/LDPE Plastic/bubble_wrap_grey/train_LDPE-97_jpg.rf.f27ded9af5bc8d452667e73298f9fcd5.jpg,1,LDPE Plastic,1,LDPE Plastic,0.9975540041923523,6.2257306126412e-05,0.9975540041923523,0.0013151565799489617,0.0005551145877689123,0.0005134930252097547
/Users/aswanathjs/Downloads/test9/ai_plastic_waste_management_training/LDPE Plastic/bubble_wrap/train_LDPE-97_jpg.rf.f27ded9af5bc8d452667e73298f9fcd5.jpg,1,LDPE Plastic,1,LDPE Plastic,0.9974575638771057,0.00023548569879494607,0.9974575638771057,0.0010851988336071372,0.0008207893697544932,0.000400912162149325
/Users/aswanathjs/Downloads/test9/ai_plastic_waste_management_training/HDPE Plastic/detergent_bottles/0098_a02b03c2d3e0f0g0h3.jpg,0,HDPE Plastic,0,HDPE Plastic,0.9977321624755859,0.9977321624755859,0.0004728033090941608,0.00010207993909716606,0.0016085478710010648,8.446123683825135e-05
/Users/aswanathjs/Downloads/test9/ai_plastic_waste_management_training/HDPE Plastic/shampoo_bottles/0077_a02b01c1d1e0f1g0h4.jpg,0,HDPE Plastic,0,HDPE Plastic,0.9993137121200562,0.9993137121200562,7.594304042868316e-05,0.0002968363114632666,0.00021774413471575826,9.580975165590644e-05
/Users/aswanathjs/Downloads/test9/ai_plastic_waste_management_training/LDPE Plastic/plastic_bags/plasticbag (179).jpg,1,LDPE Plastic,1,LDPE Plastic,0.993113100528717,0.0014721142360940576,0.993113100528717,0.000491358689032495,0.004216985777020454,0.0007064203964546323
/Users/aswanathjs/Downloads/test9/ai_plastic_waste_management_training/HDPE Plastic/detergent_bottles/0062_a02b05c2d0e0f1g1h0.jpg,0,HDPE Plastic,0,HDPE Plastic,0.9994982481002808,0.9994982481002808,3.1927873351378366e-05,0.00040486507350578904,3.0380637326743454e-05,3.4602624509716406e-05
/Users/aswanathjs/Downloads/test9/ai_plastic_waste_management_training/HDPE Plastic/detergent_botteles_grey/0062_a02b05c2d0e0f1g1h0.jpg,0,HDPE Plastic,0,HDPE Plastic,0.9987626075744629,0.9987626075744629,9.300935198552907e-05,0.0007264699088409543,5.9322752349544317e-05,0.00035864487290382385
/Users/aswanathjs/Downloads/test9/ai_plastic_waste_management_training/HDPE Plastic/milk_bottles/HDPEM369.jpg,0,HDPE Plastic,0,HDPE Plastic,0.9921877384185791,0.9921877384185791,0.0035990916658192873,0.00028096098685637116,0.001695535727776587,0.0022367716301232576
/Users/aswanathjs/Downloads/test9/ai_plastic_waste_management_training/LDPE Plastic/plastic_bags/plasticbag (92).jpg,1,LDPE Plastic,1,LDPE Plastic,0.9795692563056946,0.0014632141683250666,0.9795692563056946,0.0004484762030187994,0.008791840635240078,0.009727190248668194
/Users/aswanathjs/Downloads/test9/ai_plastic_waste_management_training/HDPE Plastic/milk_bottles/HDPEM197.jpg,0,HDPE Plastic,0,HDPE Plastic,0.9997408986091614,0.9997408986091614,0.00011958529648836702,2.738080183917191e-05,7.343845936702564e-05,3.860652941511944e-05
/Users/aswanathjs/Downloads/test9/ai_plastic_waste_management_training/HDPE Plastic/shampoo_bottles/0061_a02b01c1d1e0f1g0h2.jpg,0,HDPE Plastic,0,HDPE Plastic,0.9990938901901245,0.9990938901901245,6.535441934829578e-05,0.00010716114775277674,0.00030763569520786405,0.0004259422712493688
/Users/aswanathjs/Downloads/test9/ai_plastic_waste_management_training/PET Plastic/black_white_plastic_bottles/ckxtz_jpg.rf.e56142e9a641cda544fee935b4b14a09.jpg,2,PET Plastic,2,PET Plastic,0.9985851049423218,0.00026097524096257985,0.00026634972891770303,0.9985851049423218,0.00041091933962889016,0.00047677295515313745
/Users/aswanathjs/Downloads/test9/ai_plastic_waste_management_training/PET Plastic/shampoo_bottles/0080_a05b00c2d0e0f1g0h1.jpg,2,PET Plastic,2,PET Plastic,0.9994192123413086,0.0002831005258485675,9.768187737790868e-05,0.9994192123413086,0.00013919666525907815,6.0856295021949336e-05
/Users/aswanathjs/Downloads/test9/ai_plastic_waste_management_training/HDPE Plastic/detergent_bottles/0010_a02b01c2d2e0f1g0h0.jpg,0,HDPE Plastic,0,HDPE Plastic,0.9928268194198608,0.9928268194198608,0.0005850045708939433,0.0029841421637684107,0.0028819935396313667,0.0007220233092084527
/Users/aswanathjs/Downloads/test9/ai_plastic_waste_management_training/PP Plastic/round_containers/0032_a05b01c1d0e0f0g0h0.jpg,3,PP Plastic,3,PP Plastic,0.998588502407074,0.0004780619638040662,0.00014564901357516646,0.0006090092356316745,0.998588502407074,0.00017870361625682563
/Users/aswanathjs/Downloads/test9/ai_plastic_waste_management_training/PET Plastic/black_white_plastic_bottles/bfody_jpg.rf.8de89c7efe09fb3d1bfa0057258f0b54.jpg,2,PET Plastic,2,PET Plastic,0.9999923706054688,2.169444087485317e-06,3.7628061022587644e-07,0.9999923706054688,7.663447831873782e-07,4.278186224837555e-06
/Users/aswanathjs/Downloads/test9/ai_plastic_waste_management_training/PS Plastic/foam_sheets/PS-537_jpg.rf.36f7c05a257c73ccf0dddda9a2cc276f.jpg,4,PS Plastic,4,PS Plastic,0.9996832609176636,3.501171522657387e-05,9.261715604225174e-05,6.190678686834872e-05,0.00012722125393338501,0.9996832609176636
/Users/aswanathjs/Downloads/test9/ai_plastic_waste_management_training/PET Plastic/shampoo_bottles/0100_a05b00c1d3e0f0g0h3.jpg,2,PET Plastic,2,PET Plastic,0.9998726844787598,5.4635688684356865e-06,1.7714255591272376e-05,0.9998726844787598,9.153827704722062e-05,1.2564212738652714e-05
/Users/aswanathjs/Downloads/test9/ai_plastic_waste_management_training/PET Plastic/plastic_bottles/PET367.jpg,2,PET Plastic,2,PET Plastic,0.9996806383132935,9.182186477119103e-05,3.3179425372509286e-05,0.9996806383132935,4.8503476136829704e-05,0.0001458820333937183
/Users/aswanathjs/Downloads/test9/ai_plastic_waste_management_training/HDPE Plastic/milk_bottles/HDPEM225.jpg,0,HDPE Plastic,0,HDPE Plastic,0.9997491240501404,0.9997491240501404,2.4666942408657633e-05,0.00010632076737238094,9.164015500573441e-05,2.8202142857480794e-05
/Users/aswanathjs/Downloads/test9/ai_plastic_waste_management_training/PET Plastic/plastic_bottles/PET306.jpg,2,PET Plastic,2,PET Plastic,0.9995940327644348,0.00022760989668313414,3.035287772945594e-05,0.9995940327644348,4.5457858504960313e-05,0.00010257372196065262
/Users/aswanathjs/Downloads/test9/ai_plastic_waste_management_training/LDPE Plastic/plastic_bags/plasticbag (19).jpg,1,LDPE Plastic,1,LDPE Plastic,0.9931733012199402,0.0006261738017201424,0.9931733012199402,0.0001327994978055358,0.005440006963908672,0.0006276448839344084
/Users/aswanathjs/Downloads/test9/ai_plastic_waste_management_training/HDPE Plastic/milk_bottles/HDPEM357.jpg,0,HDPE Plastic,0,HDPE Plastic,0.9997312426567078,0.9997312426567078,5.527793473447673e-05,0.00012753336341120303,1.3380628843151499e-05,7.258424739120528e-05
/Users/aswanathjs/Downloads/test9/ai_plastic_waste_management_training/HDPE Plastic/milk_bottles_grey/HDPEM357.jpg,0,HDPE Plastic,0,HDPE Plastic,0.9994090795516968,0.9994090795516968,0.00013494999438989908,0.00030756054911762476,4.446623279363848e-05,0.00010384460620116442
/Users/aswanathjs/Downloads/test9/ai_plastic_waste_management_training/PET Plastic/black_white_plastic_bottles/ctvun_jpg.rf.8cc404ae0b3222c021bd955bec2fec1f.jpg,2,PET Plastic,2,PET Plastic,0.9975122213363647,2.978874181280844e-05,0.0022938356269150972,0.9975122213363647,9.45826104725711e-05,6.960974133107811e-05
/Users/aswanathjs/Downloads/test9/ai_plastic_waste_management_training/PET Plastic/shampoo_bottles/0100_a05b00c2d1e0f0g0h4.jpg,2,PET Plastic,2,PET Plastic,0.9999244213104248,6.4534069679211825e-06,4.462081960809883e-06,0.9999244213104248,5.7100380217889324e-05,7.603609446960036e-06
/Users/aswanathjs/Downloads/test9/ai_plastic_waste_management_training/PP Plastic/irregular_containers/0036_a05b00c2d0e0f0g0h0.jpg,3,PP Plastic,3,PP Plastic,0.9977433681488037,0.00020387957920320332,0.0005373468738980591,0.0008870519232004881,0.9977433681488037,0.000628357520326972
/Users/aswanathjs/Downloads/test9/ai_plastic_waste_management_training/PP Plastic/irregular_containers_grey/0036_a05b00c2d0e0f0g0h0.jpg,3,PP Plastic,3,PP Plastic,0.9895490407943726,0.0018082207534462214,0.003537587122991681,0.0027528132777661085,0.9895490407943726,0.002352288458496332
/Users/aswanathjs/Downloads/test9/ai_plastic_waste_management_training/PP Plastic/rectangle_containers/test_PP-3-_JPG.rf.3be7e153a1e1a597107483aaff0eda84.jpg,3,PP Plastic,3,PP Plastic,0.9975128173828125,0.000380950077669695,0.0017653616378083825,2.0398148990352638e-05,0.9975128173828125,0.00032042371458373964
/Users/aswanathjs/Downloads/test9/ai_plastic_waste_management_training/PET Plastic/plastic_bottles/PET584.jpg,2,PET Plastic,2,PET Plastic,0.9999901056289673,7.569577746835421e-07,8.266167128567758e-07,0.9999901056289673,3.301305923741893e-06,5.0002972784568556e-06
/Users/aswanathjs/Downloads/test9/ai_plastic_waste_management_training/HDPE Plastic/shampoo_bottles/0065_a02b03c1d0e0f1g0h0.jpg,0,HDPE Plastic,0,HDPE Plastic,0.9983501434326172,0.9983501434326172,0.0003180219791829586,0.0005027389852330089,0.0005135593237355351,0.00031556939939036965
/Users/aswanathjs/Downloads/test9/ai_plastic_waste_management_training/HDPE Plastic/milk_bottles/HDPEM297.jpg,0,HDPE Plastic,0,HDPE Plastic,0.9976059198379517,0.9976059198379517,4.373296906123869e-05,0.00013073621084913611,0.00018859239935409278,0.002030925825238228
/Users/aswanathjs/Downloads/test9/ai_plastic_waste_management_training/PP Plastic/rectangle_containers/0011_a05b00c2d3e0f0g0h3.jpg,3,PP Plastic,3,PP Plastic,0.9925750494003296,0.000704427482560277,0.00017874749028123915,0.006289647426456213,0.9925750494003296,0.00025214458582922816
/Users/aswanathjs/Downloads/test9/ai_plastic_waste_management_training/PP Plastic/square_containers/0011_a05b00c2d3e0f0g0h3.jpg,3,PP Plastic,3,PP Plastic,0.9925750494003296,0.000704427482560277,0.00017874749028123915,0.006289647426456213,0.9925750494003296,0.00025214458582922816
/Users/aswanathjs/Downloads/test9/ai_plastic_waste_management_training/HDPE Plastic/milk_bottles/HDPEM336.jpg,0,HDPE Plastic,0,HDPE Plastic,0.9997771382331848,0.9997771382331848,1.1297533092147205e-05,0.00013720149581786245,6.749224667146336e-06,6.774184294044971e-05
/Users/aswanathjs/Downloads/test9/ai_plastic_waste_management_training/HDPE Plastic/milk_bottles/HDPEM483.jpg,0,HDPE Plastic,0,HDPE Plastic,0.998424768447876,0.998424768447876,3.135895894956775e-05,0.0004280787834431976,0.0008742343634366989,0.0002415179624222219
/Users/aswanathjs/Downloads/test9/ai_plastic_waste_management_training/HDPE Plastic/shampoo_bottles/0077_a02b01c1d0e0f1g0h2.jpg,0,HDPE Plastic,0,HDPE Plastic,0.9988767504692078,0.9988767504692078,0.0001251946232514456,0.0006426769541576505,0.00011247798829572275,0.00024292257148772478
"/Users/aswanathjs/Downloads/test9/ai_plastic_waste_management_training/PET Plastic/plastic_bottles/PET1,551.jpg",2,PET Plastic,2,PET Plastic,0.9984574317932129,0.000332718132995069,0.0008527354220859706,0.9984574317932129,0.00010456150630488992,0.00025254813954234123
/Users/aswanathjs/Downloads/test9/ai_plastic_waste_management_training/PET Plastic/shampoo_bottles/0015_a05b00c1d2e1f1g0h2.jpg,2,PET Plastic,2,PET Plastic,0.9993745684623718,0.00029841839568689466,2.2860965600557392e-06,0.9993745684623718,0.0003110900579486042,1.3708641745324712e-05
/Users/aswanathjs/Downloads/test9/ai_plastic_waste_management_training/HDPE Plastic/shampoo_bottles/0063_a02b01c1d2e0f1g1h3.jpg,0,HDPE Plastic,0,HDPE Plastic,0.9997348189353943,0.9997348189353943,1.2988590242457576e-05,6.662246596533805e-05,0.00013491739809978753,5.064993092673831e-05
/Users/aswanathjs/Downloads/test9/ai_plastic_waste_management_training/PS Plastic/foam_containers/Image_134.png,4,PS Plastic,4,PS Plastic,0.9743155837059021,0.0015007603215053678,0.008538887836039066,0.0008679312886670232,0.01477684173732996,0.9743155837059021
/Users/aswanathjs/Downloads/test9/ai_plastic_waste_management_training/HDPE Plastic/detergent_bottles/0039_a02b01c1d0e0f1g0h0.jpg,0,HDPE Plastic,0,HDPE Plastic,0.9998341798782349,0.9998341798782349,2.2208649170352146e-05,5.801934821647592e-05,6.400633719749749e-05,2.1620904590236023e-05
/Users/aswanathjs/Downloads/test9/ai_plastic_waste_management_training/HDPE Plastic/detergent_bottles/P_W (367).jpg,0,HDPE Plastic,0,HDPE Plastic,0.9987371563911438,0.9987371563911438,0.00026685153716243804,8.941177657106891e-05,0.00028866910724900663,0.0006179054616950452
/Users/aswanathjs/Downloads/test9/ai_plastic_waste_management_training/PP Plastic/square_containers_grey/Image_225.png,3,PP Plastic,3,PP Plastic,0.9814811944961548,0.001335281995125115,0.014651406556367874,0.0004592821351252496,0.9814811944961548,0.002072855131700635
/Users/aswanathjs/Downloads/test9/ai_plastic_waste_management_training/PP Plastic/square_containers/Image_225.png,3,PP Plastic,3,PP Plastic,0.9701454639434814,0.0019124748650938272,0.024218056350946426,0.00044113706098869443,0.9701454639434814,0.0032828482799232006
/Users/aswanathjs/Downloads/test9/ai_plastic_waste_management_training/PS Plastic/foam_containers/Image_225.png,3,PP Plastic,3,PP Plastic,0.9536164402961731,0.01622554287314415,0.014579292386770248,0.005326534621417522,0.9536164402961731,0.010252189822494984
/Users/aswanathjs/Downloads/test9/ai_plastic_waste_management_training/PS Plastic/foam_sheets/PS-890_jpg.rf.e6f1115fb7950a098e7a9592176873b3.jpg,4,PS Plastic,4,PS Plastic,0.9999674558639526,3.0404942208406283e-06,5.524374046217417e-06,1.4493950402538758e-05,9.38898119784426e-06,0.9999674558639526
/Users/aswanathjs/Downloads/test9/ai_plastic_waste_management_training/LDPE Plastic/plastic_bags/plasticbag (135).jpg,1,LDPE Plastic,1,LDPE Plastic,0.9680487513542175,3.182448563165963e-05,0.9680487513542175,7.411703700199723e-05,0.031224481761455536,0.0006208555423654616
/Users/aswanathjs/Downloads/test9/ai_plastic_waste_management_training/PP Plastic/irregular_containers/train_PP-83_jpg.rf.7046174ce8dbe58e860b73a6f32cfcb6.jpg,3,PP Plastic,3,PP Plastic,0.998648464679718,0.00012755741772707552,0.0007136942585930228,0.0003704656264744699,0.998648464679718,0.00013984946417622268
/Users/aswanathjs/Downloads/test9/ai_plastic_waste_management_training/PET Plastic/plastic_bottles/PET684.jpg,2,PET Plastic,2,PET Plastic,0.9990328550338745,4.00002536480315e-05,0.0002950478810817003,0.9990328550338745,0.0002888051967602223,0.0003434098034631461
/Users/aswanathjs/Downloads/test9/ai_plastic_waste_management_training/HDPE Plastic/milk_bottles/HDPEM286.jpg,0,HDPE Plastic,0,HDPE Plastic,0.9936513304710388,0.9936513304710388,0.0005058672977611423,0.003401342546567321,0.0016341039445251226,0.0008073235512711108
/Users/aswanathjs/Downloads/test9/ai_plastic_waste_management_training/PET Plastic/shampoo_bottles/IMG_20220209_220427.jpg,2,PET Plastic,2,PET Plastic,0.9263075590133667,0.026885902509093285,0.01783384196460247,0.9263075590133667,0.008958263322710991,0.020014408975839615
/Users/aswanathjs/Downloads/test9/ai_plastic_waste_management_training/PET Plastic/plastic_bottles/PET852.jpg,2,PET Plastic,2,PET Plastic,0.9998300075531006,1.9144972611684352e-05,3.7414461985463277e-05,0.9998300075531006,5.8889792853733525e-05,5.451503238873556e-05
/Users/aswanathjs/Downloads/test9/ai_plastic_waste_management_training/LDPE Plastic/plastic_bags/plasticbag (58).jpg,1,LDPE Plastic,1,LDPE Plastic,0.9996029734611511,3.715180719154887e-05,0.9996029734611511,2.792638770188205e-05,5.979047273285687e-05,0.0002721125492826104
/Users/aswanathjs/Downloads/test9/ai_plastic_waste_management_training/PET Plastic/plastic_bottles/PET591.jpg,2,PET Plastic,2,PET Plastic,0.9999104738235474,3.7664220144506544e-05,1.4341545693241642e-06,0.9999104738235474,1.508175137132639e-05,3.522697807056829e-05
/Users/aswanathjs/Downloads/test9/ai_plastic_waste_management_training/HDPE Plastic/shampoo_bottles/0065_a02b03c2d2e0f1g0h3.jpg,0,HDPE Plastic,0,HDPE Plastic,0.9997701048851013,0.9997701048851013,3.4075033909175545e-05,5.213508120505139e-05,0.00010429278336232528,3.943442789022811e-05
/Users/aswanathjs/Downloads/test9/ai_plastic_waste_management_training/PET Plastic/black_white_plastic_bottles/cklog_jpg.rf.4aae70a1f9111e87f9a9bf5e5f43a287.jpg,2,PET Plastic,2,PET Plastic,0.9984058737754822,0.00011661617463687435,0.00029150917544029653,0.9984058737754822,0.00044203223660588264,0.0007439845358021557
/Users/aswanathjs/Downloads/test9/ai_plastic_waste_management_training/HDPE Plastic/milk_bottles/HDPEM45.jpg,0,HDPE Plastic,0,HDPE Plastic,0.9990032315254211,0.9990032315254211,5.440707900561392e-05,0.00029457948403432965,0.0004160758398938924,0.00023160029377322644
/Users/aswanathjs/Downloads/test9/ai_plastic_waste_management_training/HDPE Plastic/shampoo_bottiles_grey/0099_a02b01c2d0e0f1g0h0.jpg,0,HDPE Plastic,0,HDPE Plastic,0.9994931221008301,0.9994931221008301,4.598699524649419e-05,0.0002638906880747527,4.877805258729495e-05,0.00014819917851127684
/Users/aswanathjs/Downloads/test9/ai_plastic_waste_management_training/HDPE Plastic/shampoo_bottles/0099_a02b01c2d0e0f1g0h0.jpg,0,HDPE Plastic,0,HDPE Plastic,0.9998236298561096,0.9998236298561096,9.664781828178093e-06,0.00010685392771847546,2.6094390705111437e-05,3.3783435355871916e-05
/Users/aswanathjs/Downloads/test9/ai_plastic_waste_management_training/HDPE Plastic/detergent_bottles/0098_a02b03c2d0e0f0g0h0.jpg,0,HDPE Plastic,0,HDPE Plastic,0.9975065588951111,0.9975065588951111,0.0005010532331652939,4.776480272994377e-05,0.0018722608219832182,7.230244227685034e-05
/Users/aswanathjs/Downloads/test9/ai_plastic_waste_management_training/HDPE Plastic/detergent_bottles/0098_a02b03c1d1e0f0g0h1.jpg,0,HDPE Plastic,0,HDPE Plastic,0.9968035221099854,0.9968035221099854,0.0011543772416189313,9.014982788357884e-05,0.0017139413394033909,0.00023805219097994268
/Users/aswanathjs/Downloads/test9/ai_plastic_waste_management_training/LDPE Plastic/black_white__plastic_bags/0225_jpg.rf.5ddaa7f9d7e6346d2a23c5c816e9975c.jpg,1,LDPE Plastic,1,LDPE Plastic,0.9978424310684204,0.0012067998759448528,0.9978424310684204,0.00026802305364981294,0.0003713004698511213,0.0003115306899417192
/Users/aswanathjs/Downloads/test9/ai_plastic_waste_management_training/LDPE Plastic/plastic_bags/LDPE-288_jpg.rf.ec558a77e98e22bdf9ec9f3c753dceb0.jpg,1,LDPE Plastic,1,LDPE Plastic,0.9973011612892151,0.00043817784171551466,0.9973011612892151,0.0008380510844290257,0.0008846220443956554,0.0005380412912927568
/Users/aswanathjs/Downloads/test9/ai_plastic_waste_management_training/PS Plastic/foam_sheets/PS-576_jpg.rf.288ea43fde0368c034919c6d30e20589.jpg,4,PS Plastic,4,PS Plastic,0.9988019466400146,0.0003293558838777244,0.00043889539665542543,0.00016397469153162092,0.0002658299636095762,0.9988019466400146
/Users/aswanathjs/Downloads/test9/ai_plastic_waste_management_training/PET Plastic/plastic_bottles/PET364.jpg,2,PET Plastic,2,PET Plastic,0.999332845211029,3.7656249332940206e-05,0.0003310659376438707,0.999332845211029,0.00024086685152724385,5.751011485699564e-05
/Users/aswanathjs/Downloads/test9/ai_plastic_waste_management_training/PP Plastic/round_containers/0022_a05b00c2d2e0f0g0h0.jpg,3,PP Plastic,3,PP Plastic,0.9950683116912842,0.00044363780762068927,0.0024949621874839067,0.0013373673427850008,0.9950683116912842,0.0006556692533195019
/Users/aswanathjs/Downloads/test9/ai_plastic_waste_management_training/PET Plastic/plastic_bottles/PET901.jpg,2,PET Plastic,2,PET Plastic,0.9997625946998596,8.815697947284207e-05,5.8788358728634194e-05,0.9997625946998596,3.0851624615024775e-05,5.967457400402054e-05
"/Users/aswanathjs/Downloads/test9/ai_plastic_waste_management_training/PET Plastic/plastic_bottles/PET1,676.jpg",2,PET Plastic,2,PET Plastic,0.9964900612831116,0.0011434665648266673,0.001648853998631239,0.9964900612831116,0.00020114335347898304,0.0005163894966244698
/Users/aswanathjs/Downloads/test9/ai_plastic_waste_management_training/HDPE Plastic/shampoo_bottles/0021_a02b01c1d3e1f0g0h0.jpg,0,HDPE Plastic,0,HDPE Plastic,0.9990205764770508,0.9990205764770508,1.7435666450182907e-05,0.00028249388560652733,0.0006158091709949076,6.367734749801457e-05
/Users/aswanathjs/Downloads/test9/ai_plastic_waste_management_training/PET Plastic/shampoo_bottles/0015_a05b00c2d2e1f1g0h0.jpg,2,PET Plastic,2,PET Plastic,0.9996052384376526,0.0002201362804044038,9.4816996352165e-06,0.9996052384376526,0.00014482713595498353,2.0328303435235284e-05
/Users/aswanathjs/Downloads/test9/ai_plastic_waste_management_training/HDPE Plastic/shampoo_bottles/0078_a02b07c2d3e0f1g0h0.jpg,0,HDPE Plastic,0,HDPE Plastic,0.9958456158638,0.9958456158638,0.0003229485300835222,0.0003067080397158861,0.003325915662571788,0.0001987312571145594
/Users/aswanathjs/Downloads/test9/ai_plastic_waste_management_training/PS Plastic/foam_containers/Image_146.png,4,PS Plastic,4,PS Plastic,0.6000936031341553,0.018047234043478966,0.22296357154846191,0.004404002800583839,0.1544916033744812,0.6000936031341553
/Users/aswanathjs/Downloads/test9/ai_plastic_waste_management_training/PET Plastic/plastic_bottles/PET405.jpg,2,PET Plastic,2,PET Plastic,0.9988297820091248,0.0009807466994971037,3.2537838706048205e-05,0.9988297820091248,3.4601387596921995e-05,0.0001223471772391349
/Users/aswanathjs/Downloads/test9/ai_plastic_waste_management_training/LDPE Plastic/bin_bags/LDPE13w-Photoroom_0_1426_jpg.rf.59d412bfab4775ac1d16d6633402f8d1.jpg,1,LDPE Plastic,1,LDPE Plastic,0.9899647831916809,0.0014970210613682866,0.9899647831916809,0.0008112859795801342,0.006904028356075287,0.0008229145314544439
/Users/aswanathjs/Downloads/test9/ai_plastic_waste_management_training/LDPE Plastic/bin_bags/LDPE13w-Photoroom_0_1426_jpg.rf.8dfa7f49717efb95792b559165023396.jpg,1,LDPE Plastic,1,LDPE Plastic,0.9919319748878479,0.00047068431740626693,0.9919319748878479,0.00010033736180048436,0.00706051429733634,0.00043648123391903937
/Users/aswanathjs/Downloads/test9/ai_plastic_waste_management_training/PP Plastic/rectangle_containers/0011_a05b00c1d1e0f0g0h4.jpg,3,PP Plastic,3,PP Plastic,0.9939627051353455,9.723161201691255e-05,0.00015410729974973947,0.0053622969426214695,0.9939627051353455,0.0004235573287587613
/Users/aswanathjs/Downloads/test9/ai_plastic_waste_management_training/PP Plastic/square_containers/0011_a05b00c1d1e0f0g0h4.jpg,3,PP Plastic,3,PP Plastic,0.9939627051353455,9.723161201691255e-05,0.00015410729974973947,0.0053622969426214695,0.9939627051353455,0.0004235573287587613
/Users/aswanathjs/Downloads/test9/ai_plastic_waste_management_training/PP Plastic/rectangle_containers_grey/0011_a05b00c1d1e0f0g0h4.jpg,3,PP Plastic,3,PP Plastic,0.9892973303794861,0.004797658417373896,0.00042838772060349584,0.003974628169089556,0.9892973303794861,0.0015021082945168018
/Users/aswanathjs/Downloads/test9/ai_plastic_waste_management_training/LDPE Plastic/plastic_bags/plasticbag (111).jpg,1,LDPE Plastic,1,LDPE Plastic,0.9996084570884705,1.4527751773130149e-05,0.9996084570884705,2.1586996808764525e-05,0.000262345711234957,9.305154526373371e-05
/Users/aswanathjs/Downloads/test9/ai_plastic_waste_management_training/LDPE Plastic/plastic_bags/plasticbag (114).jpg,1,LDPE Plastic,1,LDPE Plastic,0.9999057054519653,9.942680662788916e-06,0.9999057054519653,2.1052430383861065e-05,4.885788803221658e-05,1.4474395356955938e-05
/Users/aswanathjs/Downloads/test9/ai_plastic_waste_management_training/PP Plastic/round_containers/0032_a05b01c1d0e0f0g0h3.jpg,3,PP Plastic,3,PP Plastic,0.9807521104812622,0.009580213576555252,0.00027371864416636527,0.0022026896476745605,0.9807521104812622,0.007191258482635021
/Users/aswanathjs/Downloads/test9/ai_plastic_waste_management_training/PET Plastic/plastic_bottles/PET772.jpg,2,PET Plastic,2,PET Plastic,0.9985355138778687,0.0007819038000889122,0.00017702981131151319,0.9985355138778687,0.0002823685936164111,0.00022328268096316606
/Users/aswanathjs/Downloads/test9/ai_plastic_waste_management_training/PET Plastic/shampoo_bottles/0050_a05b00c2d0e1f1g0h1.jpg,2,PET Plastic,2,PET Plastic,0.9985760450363159,0.0013814590638503432,3.8043165204726392e-06,0.9985760450363159,2.1979732991894707e-05,1.663969123910647e-05
"/Users/aswanathjs/Downloads/test9/ai_plastic_waste_management_training/PET Plastic/plastic_bottles/PET1,148.jpg",2,PET Plastic,2,PET Plastic,0.999811589717865,4.301480657886714e-05,3.614824890973978e-05,0.999811589717865,2.4247363398899324e-05,8.504107245244086e-05
"/Users/aswanathjs/Downloads/test9/ai_plastic_waste_management_training/PET Plastic/plastic_bottles/PET1,565.jpg",2,PET Plastic,2,PET Plastic,0.999872088432312,4.432569403434172e-05,4.2582913010846823e-05,0.999872088432312,3.127852323814295e-05,9.65845993050607e-06
/Users/aswanathjs/Downloads/test9/ai_plastic_waste_management_training/HDPE Plastic/milk_bottles/HDPEM264.jpg,0,HDPE Plastic,0,HDPE Plastic,0.9989719390869141,0.9989719390869141,4.840054316446185e-05,0.0002727282408159226,0.0006108947563916445,9.604672231944278e-05
/Users/aswanathjs/Downloads/test9/ai_plastic_waste_management_training/PET Plastic/shampoo_bottles/0080_a05b00c1d0e0f1g0h2.jpg,2,PET Plastic,2,PET Plastic,0.9985001087188721,9.189413685817271e-05,6.570764071511803e-06,0.9985001087188721,0.0013272587675601244,7.413968705805019e-05
/Users/aswanathjs/Downloads/test9/ai_plastic_waste_management_training/LDPE Plastic/plastic_bags/plasticbag (118) 17.43.56.jpg,1,LDPE Plastic,1,LDPE Plastic,0.9994897842407227,4.438296673470177e-05,0.9994897842407227,0.00026560589321888983,0.00015835705562494695,4.1869661799864843e-05
/Users/aswanathjs/Downloads/test9/ai_plastic_waste_management_training/LDPE Plastic/plastic_bags/LDPE-377_jpg.rf.7c281f7d4ab04cda5775eb575536e268.jpg,1,LDPE Plastic,1,LDPE Plastic,0.9987666606903076,0.00011574893142096698,0.9987666606903076,0.00017935411597136408,0.00033530982909724116,0.000602956220973283
/Users/aswanathjs/Downloads/test9/ai_plastic_waste_management_training/PP Plastic/round_containers/IMG_20220210_105850.jpg,3,PP Plastic,3,PP Plastic,0.9567364454269409,0.009581762365996838,0.01595517247915268,0.012714285403490067,0.9567364454269409,0.00501226307824254
/Users/aswanathjs/Downloads/test9/ai_plastic_waste_management_training/PET Plastic/plastic_bottles/PET302.jpg,2,PET Plastic,2,PET Plastic,0.9947336912155151,0.0025295899249613285,0.000593636475969106,0.9947336912155151,0.0008913919446058571,0.001251714420504868
/Users/aswanathjs/Downloads/test9/ai_plastic_waste_management_training/HDPE Plastic/detergent_bottles/0010_a02b01c1d2e0f1g0h0.jpg,0,HDPE Plastic,0,HDPE Plastic,0.9990143775939941,0.9990143775939941,0.00011082963465014473,0.0004869416879955679,0.00030279133352451026,8.503269054926932e-05
/Users/aswanathjs/Downloads/test9/ai_plastic_waste_management_training/PET Plastic/plastic_bottles/PET324.jpg,2,PET Plastic,2,PET Plastic,0.9991014003753662,0.00022193654149305075,0.00015391696069855243,0.9991014003753662,0.00040505759534426033,0.00011778836051234975
/Users/aswanathjs/Downloads/test9/ai_plastic_waste_management_training/HDPE Plastic/milk_bottles/HDPEM30.jpg,0,HDPE Plastic,0,HDPE Plastic,0.9969714879989624,0.9969714879989624,9.996961307479069e-05,0.0008118490222841501,0.0011314578587189317,0.0009852172806859016
/Users/aswanathjs/Downloads/test9/ai_plastic_waste_management_training/PS Plastic/foam_containers/Image_39.png,4,PS Plastic,4,PS Plastic,0.595420777797699,0.030448300763964653,0.19729720056056976,0.0026070214807987213,0.1742267608642578,0.595420777797699
/Users/aswanathjs/Downloads/test9/ai_plastic_waste_management_training/HDPE Plastic/milk_bottles/HDPEM280.jpg,0,HDPE Plastic,0,HDPE Plastic,0.9999715089797974,0.9999715089797974,9.284643965656869e-06,8.3030017776764e-06,5.268782388156978e-06,5.56888744540629e-06
/Users/aswanathjs/Downloads/test9/ai_plastic_waste_management_training/LDPE Plastic/plastic_bags/LDPE-568_jpg.rf.65f4ca9651e5106181591696f8e2a905.jpg,1,LDPE Plastic,1,LDPE Plastic,0.9993504881858826,7.710774661973119e-05,0.9993504881858826,7.464962982339785e-05,0.0003382169234100729,0.00015957513824105263
/Users/aswanathjs/Downloads/test9/ai_plastic_waste_management_training/PP Plastic/square_containers/IMG_20220209_175331.jpg,3,PP Plastic,3,PP Plastic,0.9999089241027832,9.274267540604342e-06,2.9994239412189927e-06,3.819871835730737e-06,0.9999089241027832,7.496466423617676e-05
/Users/aswanathjs/Downloads/test9/ai_plastic_waste_management_training/LDPE Plastic/plastic_bags/plasticbag (49).jpg,1,LDPE Plastic,1,LDPE Plastic,0.9967544674873352,8.148913912009448e-05,0.9967544674873352,7.653531793039292e-05,0.0015565096400678158,0.0015310370363295078
/Users/aswanathjs/Downloads/test9/ai_plastic_waste_management_training/PP Plastic/round_containers/0043_a06b01c1d3e0f0g0h0.jpg,3,PP Plastic,3,PP Plastic,0.9994732737541199,7.2496484790463e-05,2.308500734216068e-05,6.318487430689856e-05,0.9994732737541199,0.0003680072841234505
/Users/aswanathjs/Downloads/test9/ai_plastic_waste_management_training/PP Plastic/round_containers_grey/0043_a06b01c1d3e0f0g0h0.jpg,3,PP Plastic,3,PP Plastic,0.9908508658409119,0.0034373037051409483,0.0018630801932886243,0.0017707118531689048,0.9908508658409119,0.0020779939368367195
/Users/aswanathjs/Downloads/test9/ai_plastic_waste_management_training/PS Plastic/foam_containers/Image_145.png,4,PS Plastic,4,PS Plastic,0.8291746377944946,0.009310638532042503,0.09785279631614685,0.0014447309076786041,0.06221717223525047,0.8291746377944946
/Users/aswanathjs/Downloads/test9/ai_plastic_waste_management_training/PET Plastic/plastic_bottles/PET479.jpg,2,PET Plastic,2,PET Plastic,0.9996440410614014,8.519922994310036e-05,1.2320977475610562e-05,0.9996440410614014,0.00019046204397454858,6.792720523662865e-05
/Users/aswanathjs/Downloads/test9/ai_plastic_waste_management_training/HDPE Plastic/milk_bottles/HDPEM208.jpg,0,HDPE Plastic,0,HDPE Plastic,0.9994307160377502,0.9994307160377502,2.429378218948841e-05,9.179585322272032e-05,0.0003342528943903744,0.00011906804866157472
/Users/aswanathjs/Downloads/test9/ai_plastic_waste_management_training/PP Plastic/square_containers/Image_228.png,3,PP Plastic,3,PP Plastic,0.9434581398963928,0.017956366762518883,0.030948547646403313,0.0006616159807890654,0.9434581398963928,0.006975363474339247
/Users/aswanathjs/Downloads/test9/ai_plastic_waste_management_training/PS Plastic/foam_containers/Image_228.png,3,PP Plastic,4,PS Plastic,0.45071545243263245,0.03889154642820358,0.12616881728172302,0.0030976152047514915,0.38112664222717285,0.45071545243263245
/Users/aswanathjs/Downloads/test9/ai_plastic_waste_management_training/PS Plastic/foam_sheets/foamsheet.jpg,4,PS Plastic,4,PS Plastic,0.9993627667427063,6.70245717628859e-05,0.0003190858697053045,6.0208869399502873e-05,0.00019091284775640815,0.9993627667427063
/Users/aswanathjs/Downloads/test9/ai_plastic_waste_management_training/PS Plastic/form_sheets_grey/foamsheet.jpg,4,PS Plastic,4,PS Plastic,0.9985997080802917,0.00016919297922868282,0.0003139182226732373,0.0001680262212175876,0.0007492125732824206,0.9985997080802917
/Users/aswanathjs/Downloads/test9/ai_plastic_waste_management_training/LDPE Plastic/plastic_bags/plasticbag (71).jpg,1,LDPE Plastic,1,LDPE Plastic,0.9924615025520325,0.0001284427271457389,0.9924615025520325,0.005384583957493305,0.0012755189090967178,0.0007499672938138247
/Users/aswanathjs/Downloads/test9/ai_plastic_waste_management_training/PP Plastic/irregular_containers/0036_a05b00c2d0e0f0g0h1.jpg,3,PP Plastic,3,PP Plastic,0.9921512603759766,0.0002243870112579316,0.0034081395715475082,0.002282100962474942,0.9921512603759766,0.0019341164734214544
/Users/aswanathjs/Downloads/test9/ai_plastic_waste_management_training/LDPE Plastic/black_white__plastic_bags/0105_jpg.rf.21aeef1d5208ba0839bf05b506762f44.jpg,1,LDPE Plastic,1,LDPE Plastic,0.9974088072776794,5.6883498473325744e-05,0.9974088072776794,0.001133227488026023,0.00012787694868166,0.0012732851319015026
/Users/aswanathjs/Downloads/test9/ai_plastic_waste_management_training/PP Plastic/round_containers/0035_a06b01c1d3e0f0g0h2.jpg,3,PP Plastic,3,PP Plastic,0.998139500617981,0.0008334271842613816,0.0003848971682600677,0.00039450940676033497,0.998139500617981,0.00024762985412962735
/Users/aswanathjs/Downloads/test9/ai_plastic_waste_management_training/PS Plastic/foam_sheets/PS-882_jpg.rf.74953b48021aa966c3893e148b2753d4.jpg,4,PS Plastic,4,PS Plastic,0.9998453855514526,2.6198666091659106e-05,2.6908850486506708e-05,5.1089111366309226e-05,5.033889101468958e-05,0.9998453855514526
/Users/aswanathjs/Downloads/test9/ai_plastic_waste_management_training/LDPE Plastic/black_white__plastic_bags/0160_jpg.rf.4123771222164c2fe026e8c6719c7bcd.jpg,1,LDPE Plastic,1,LDPE Plastic,0.999638557434082,0.00011588844063226134,0.999638557434082,3.158421168336645e-05,2.648775262059644e-05,0.00018752517644315958
/Users/aswanathjs/Downloads/test9/ai_plastic_waste_management_training/PET Plastic/black_white_plastic_bottles/bhanr_jpg.rf.ee884277ff9f91fb1c596021193171db.jpg,2,PET Plastic,2,PET Plastic,0.99992835521698,1.421679826307809e-05,6.4900195866357535e-06,0.99992835521698,1.875023554021027e-05,3.2118474337039515e-05
/Users/aswanathjs/Downloads/test9/ai_plastic_waste_management_training/HDPE Plastic/shampoo_bottles/0075_a02b01c2d0e0f0g0h3.jpg,0,HDPE Plastic,0,HDPE Plastic,0.9987910389900208,0.9987910389900208,0.00043412233935669065,0.0006185302045196295,8.142686419887468e-05,7.484486559405923e-05
/Users/aswanathjs/Downloads/test9/ai_plastic_waste_management_training/PS Plastic/foam_sheets/IMG_9378_JPG.rf.c86604c3ffa09370e2ba29c94a19d6db.jpg,4,PS Plastic,4,PS Plastic,0.9999744892120361,9.005069614431704e-07,6.921584372321377e-06,4.572200396069093e-06,1.3055867384537123e-05,0.9999744892120361
/Users/aswanathjs/Downloads/test9/ai_plastic_waste_management_training/PS Plastic/foam_sheets/IMG_9378_JPG.rf.edd19613d2311e1102cceca4b7efd0e4.jpg,4,PS Plastic,4,PS Plastic,0.9998359680175781,7.867234671721235e-06,3.6196975997881964e-05,2.758686059678439e-05,9.242146188626066e-05,0.9998359680175781
/Users/aswanathjs/Downloads/test9/ai_plastic_waste_management_training/PS Plastic/foam_sheets/IMG_9378_JPG.rf.aa353879abc9669517550c2fdc7f44c2.jpg,4,PS Plastic,4,PS Plastic,0.9997960925102234,1.205921307700919e-05,4.9160145863424987e-05,2.9723447369178757e-05,0.00011302688653813675,0.9997960925102234
/Users/aswanathjs/Downloads/test9/ai_plastic_waste_management_training/LDPE Plastic/plastic_bags/plasticbag (24).jpg,1,LDPE Plastic,1,LDPE Plastic,0.9959824085235596,0.0033049434423446655,0.9959824085235596,5.534289812203497e-05,0.0004764181503560394,0.00018081165035255253
/Users/aswanathjs/Downloads/test9/ai_plastic_waste_management_training/LDPE Plastic/plastic_bags/plasticbag (85).jpg,1,LDPE Plastic,1,LDPE Plastic,0.9992257356643677,7.512148295063525e-05,0.9992257356643677,0.00013074695016257465,0.0002911156916525215,0.0002773052256088704
/Users/aswanathjs/Downloads/test9/ai_plastic_waste_management_training/PET Plastic/black_white_plastic_bottles/achnp_jpg.rf.cf9480750ee414a409b6c70bb12ebe17.jpg,2,PET Plastic,2,PET Plastic,0.9998620748519897,4.9183954615728e-06,7.642935088369995e-05,0.9998620748519897,2.704619873838965e-05,2.954112278530374e-05
/Users/aswanathjs/Downloads/test9/ai_plastic_waste_management_training/PP Plastic/round_containers/IMG_20220209_174420.jpg,3,PP Plastic,3,PP Plastic,0.9998488426208496,5.191066156839952e-05,5.532335853786208e-05,2.389193014096236e-06,0.9998488426208496,4.151363827986643e-05
/Users/aswanathjs/Downloads/test9/ai_plastic_waste_management_training/PET Plastic/shampoo_bottles/0015_a05b00c2d0e1f1g0h2.jpg,2,PET Plastic,2,PET Plastic,0.9995664954185486,0.00030586463981308043,7.775492122163996e-06,0.9995664954185486,8.537888061255217e-05,3.4406060876790434e-05
/Users/aswanathjs/Downloads/test9/ai_plastic_waste_management_training/HDPE Plastic/shampoo_bottiles_grey/0063_a02b01c1d2e0f1g1h1.jpg,0,HDPE Plastic,0,HDPE Plastic,0.9996304512023926,0.9996304512023926,3.744850982911885e-05,4.9817121180240065e-05,0.0002600798034109175,2.2121967049315572e-05
/Users/aswanathjs/Downloads/test9/ai_plastic_waste_management_training/HDPE Plastic/shampoo_bottles/0063_a02b01c1d2e0f1g1h1.jpg,0,HDPE Plastic,0,HDPE Plastic,0.9996556043624878,0.9996556043624878,1.1350315617164597e-05,3.047517930099275e-05,0.0002797521301545203,2.278585816384293e-05
/Users/aswanathjs/Downloads/test9/ai_plastic_waste_management_training/HDPE Plastic/milk_bottles/P_W (1036).jpg,0,HDPE Plastic,0,HDPE Plastic,0.9966294169425964,0.9966294169425964,0.0004999216180294752,0.0001127433788497001,0.0011378596536815166,0.001620092079974711
/Users/aswanathjs/Downloads/test9/ai_plastic_waste_management_training/PET Plastic/black_white_plastic_bottles/aljsh_jpg.rf.a71869b0fd1d06684b543f2d84022ff6.jpg,2,PET Plastic,2,PET Plastic,0.998759388923645,6.50855217827484e-05,0.00021655713499058038,0.998759388923645,0.0006273571052588522,0.0003316676302347332
/Users/aswanathjs/Downloads/test9/ai_plastic_waste_management_training/PS Plastic/foam_sheets/PS-515_jpg.rf.7172808d5bae73f679d487c029560e9d.jpg,4,PS Plastic,4,PS Plastic,0.9987087249755859,0.00039585214108228683,0.00037137127947062254,0.00018706794071476907,0.00033704115776345134,0.9987087249755859
/Users/aswanathjs/Downloads/test9/ai_plastic_waste_management_training/PP Plastic/rectangle_containers/0011_a05b00c2d0e0f0g0h1.jpg,3,PP Plastic,3,PP Plastic,0.9992535710334778,4.838778477278538e-05,0.0005054368521086872,5.8116198488278314e-05,0.9992535710334778,0.00013443217903841287
/Users/aswanathjs/Downloads/test9/ai_plastic_waste_management_training/PP Plastic/square_containers/0011_a05b00c2d0e0f0g0h1.jpg,3,PP Plastic,3,PP Plastic,0.9992535710334778,4.838778477278538e-05,0.0005054368521086872,5.8116198488278314e-05,0.9992535710334778,0.00013443217903841287
/Users/aswanathjs/Downloads/test9/ai_plastic_waste_management_training/PP Plastic/round_containers/IMG_20220209_174505.jpg,3,PP Plastic,3,PP Plastic,0.998999297618866,0.00041471797158010304,0.00019266315212007612,0.00012095592683181167,0.998999297618866,0.00027238999609835446
/Users/aswanathjs/Downloads/test9/ai_plastic_waste_management_training/PET Plastic/black_white_plastic_bottles/byvnf_jpg.rf.caefe86d601fcef65caa30cf82d6aee0.jpg,2,PET Plastic,2,PET Plastic,0.9997394680976868,0.00011336592433508486,7.930638275865931e-06,0.9997394680976868,0.00010688753536669537,3.234661926398985e-05
/Users/aswanathjs/Downloads/test9/ai_plastic_waste_management_training/LDPE Plastic/bubble_wrap/train_LDPE-92_jpg.rf.70dbf389d730d4d2c1a55cd094ab60d9.jpg,1,LDPE Plastic,1,LDPE Plastic,0.9998348951339722,4.16655202570837e-05,0.9998348951339722,6.658083293586969e-06,4.6166740503394976e-05,7.064519013511017e-05
/Users/aswanathjs/Downloads/test9/ai_plastic_waste_management_training/LDPE Plastic/bin_bags/Image_219.png,1,LDPE Plastic,1,LDPE Plastic,0.9202966690063477,0.06610043346881866,0.9202966690063477,0.003411094192415476,0.005506775341928005,0.004685073159635067
/Users/aswanathjs/Downloads/test9/ai_plastic_waste_management_training/PP Plastic/square_containers/Image_219.png,1,LDPE Plastic,1,LDPE Plastic,0.9466692805290222,0.004182861652225256,0.9466692805290222,0.0001949174766195938,0.04179500415921211,0.007157964166253805
/Users/aswanathjs/Downloads/test9/ai_plastic_waste_management_training/PS Plastic/foam_containers/Image_219.png,1,LDPE Plastic,1,LDPE Plastic,0.535961389541626,0.10747972875833511,0.535961389541626,0.010945890098810196,0.12242642790079117,0.22318658232688904
/Users/aswanathjs/Downloads/test9/ai_plastic_waste_management_training/HDPE Plastic/detergent_bottles/0096_a02b04c2d1e0f0g0h4.jpg,0,HDPE Plastic,0,HDPE Plastic,0.9996134638786316,0.9996134638786316,0.00011614386312430725,9.483836038270965e-05,0.00013204738206695765,4.3469925003591925e-05
/Users/aswanathjs/Downloads/test9/ai_plastic_waste_management_training/HDPE Plastic/milk_bottles/HDPEM31.jpg,0,HDPE Plastic,0,HDPE Plastic,0.9991082549095154,0.9991082549095154,0.0002375160256633535,9.151994163403288e-05,0.00014339624613057822,0.00041931046871468425
/Users/aswanathjs/Downloads/test9/ai_plastic_waste_management_training/PS Plastic/foam_sheets/Plastic_370_jpg.rf.29b9ad62cb808ae80031277f13245cd5.jpg,4,PS Plastic,4,PS Plastic,0.9991371035575867,9.038104326464236e-05,0.0004687453620135784,0.0001285904727410525,0.00017516009393148124,0.9991371035575867
/Users/aswanathjs/Downloads/test9/ai_plastic_waste_management_training/HDPE Plastic/milk_bottles/HDPEM123.jpg,0,HDPE Plastic,0,HDPE Plastic,0.9995900988578796,0.9995900988578796,9.724513802211732e-05,5.82351531193126e-05,0.00019942164362873882,5.4876527428859845e-05
/Users/aswanathjs/Downloads/test9/ai_plastic_waste_management_training/HDPE Plastic/detergent_bottles/0096_a02b04c2d3e0f0g0h3.jpg,0,HDPE Plastic,0,HDPE Plastic,0.9997356534004211,0.9997356534004211,5.0723636377369985e-05,5.1880433602491394e-05,0.00013572887110058218,2.6148916731472127e-05
/Users/aswanathjs/Downloads/test9/ai_plastic_waste_management_training/PET Plastic/plastic_bottles/PET461.jpg,2,PET Plastic,2,PET Plastic,0.998916745185852,0.0008963414584286511,7.114870186342159e-06,0.998916745185852,0.00011712838022504002,6.27850677119568e-05
/Users/aswanathjs/Downloads/test9/ai_plastic_waste_management_training/PET Plastic/plastic_bottles/PET346.jpg,2,PET Plastic,2,PET Plastic,0.9991863369941711,0.0005363693926483393,0.00014065582945477217,0.9991863369941711,4.046640242449939e-05,9.616568422643468e-05
"/Users/aswanathjs/Downloads/test9/ai_plastic_waste_management_training/PET Plastic/plastic_bottles/PET1,375.jpg",2,PET Plastic,2,PET Plastic,0.9986855387687683,0.0011973280925303698,1.432224871678045e-05,0.9986855387687683,6.460356235038489e-05,3.818661571131088e-05
/Users/aswanathjs/Downloads/test9/ai_plastic_waste_management_training/LDPE Plastic/plastic_bags/train_LDPE-58_jpg.rf.dc6a91c8a627a6c867d948465df5c5c4.jpg,1,LDPE Plastic,1,LDPE Plastic,0.9987437129020691,0.00014313463179860264,0.9987437129020691,0.0003678256762214005,0.00013018856407143176,0.000615212949924171
/Users/aswanathjs/Downloads/test9/ai_plastic_waste_management_training/PP Plastic/rectangle_containers/train_PP-80-_jpg.rf.009061e32bd8418b0d380afb048674bc.jpg,3,PP Plastic,3,PP Plastic,0.994433581829071,0.0005119980778545141,0.0020000222139060497,0.00023822659568395466,0.994433581829071,0.00281623681075871
/Users/aswanathjs/Downloads/test9/ai_plastic_waste_management_training/HDPE Plastic/shampoo_bottles/0075_a02b01c2d1e0f0g0h0.jpg,0,HDPE Plastic,0,HDPE Plastic,0.9977765679359436,0.9977765679359436,0.00013521971413865685,0.0015396528178825974,0.00042602838948369026,0.00012251411681063473
"/Users/aswanathjs/Downloads/test9/ai_plastic_waste_management_training/PET Plastic/plastic_bottles/PET1,614.jpg",2,PET Plastic,2,PET Plastic,0.9978398084640503,0.00017283183115068823,0.0010563100222498178,0.9978398084640503,0.0008661773754283786,6.47799315629527e-05
/Users/aswanathjs/Downloads/test9/ai_plastic_waste_management_training/HDPE Plastic/shampoo_bottiles_grey/0075_a02b01c1d2e0f0g0h4.jpg,0,HDPE Plastic,0,HDPE Plastic,0.9966337084770203,0.9966337084770203,9.132958803093061e-05,0.0003279767988715321,0.002764131873846054,0.0001828422537073493
/Users/aswanathjs/Downloads/test9/ai_plastic_waste_management_training/HDPE Plastic/shampoo_bottles/0075_a02b01c1d2e0f0g0h4.jpg,0,HDPE Plastic,0,HDPE Plastic,0.9954234957695007,0.9954234957695007,8.346193499164656e-05,0.00037366501055657864,0.00397622911259532,0.0001430862321285531
/Users/aswanathjs/Downloads/test9/ai_plastic_waste_management_training/LDPE Plastic/plastic_bags/LDPE-220_jpg.rf.75bbbbc4b0c7b5ee4ea92b27daaa4ed0.jpg,1,LDPE Plastic,1,LDPE Plastic,0.9967851638793945,0.0009639690979383886,0.9967851638793945,0.0005181184387765825,0.0009207384428009391,0.0008119745180010796
"/Users/aswanathjs/Downloads/test9/ai_plastic_waste_management_training/PET Plastic/plastic_bottles/PET1,653.jpg",2,PET Plastic,2,PET Plastic,0.9998975992202759,6.096793367760256e-05,1.1338433068885934e-05,0.9998975992202759,1.7257812942261808e-05,1.2824942132283468e-05
/Users/aswanathjs/Downloads/test9/ai_plastic_waste_management_training/HDPE Plastic/shampoo_bottles/0099_a02b01c1d2e0f1g0h1.jpg,0,HDPE Plastic,0,HDPE Plastic,0.9993917942047119,0.9993917942047119,6.73590911901556e-05,0.00010000275506172329,0.00031341725843958557,0.0001275238610105589
/Users/aswanathjs/Downloads/test9/ai_plastic_waste_management_training/PET Plastic/black_white_plastic_bottles/airgu_jpg.rf.44b78e02a39e62eeb61c11fe3098a245.jpg,2,PET Plastic,2,PET Plastic,0.9998632669448853,2.1039753846707754e-05,5.624127879855223e-05,0.9998632669448853,2.625128036015667e-05,3.3209424145752564e-05
/Users/aswanathjs/Downloads/test9/ai_plastic_waste_management_training/HDPE Plastic/milk_bottles/HDPEM140.jpg,0,HDPE Plastic,0,HDPE Plastic,0.9977757334709167,0.9977757334709167,0.00034934128052555025,0.00041663245065137744,0.0012112335534766316,0.00024710092111490667
/Users/aswanathjs/Downloads/test9/ai_plastic_waste_management_training/PS Plastic/foam_containers/Image_223.png,4,PS Plastic,4,PS Plastic,0.6736424565315247,0.020379001274704933,0.04060319438576698,0.004523671232163906,0.26085165143013,0.6736424565315247
/Users/aswanathjs/Downloads/test9/ai_plastic_waste_management_training/HDPE Plastic/detergent_bottles/0039_a02b01c1d2e0f1g0h3.jpg,0,HDPE Plastic,0,HDPE Plastic,0.9994507431983948,0.9994507431983948,0.00014048429147806019,0.0001649758778512478,0.00015595994773320854,8.783681550994515e-05
/Users/aswanathjs/Downloads/test9/ai_plastic_waste_management_training/PET Plastic/plastic_bottles/PET296.jpg,2,PET Plastic,2,PET Plastic,0.9997078776359558,0.00013235124060884118,2.5058538085431792e-05,0.9997078776359558,5.626579877571203e-05,7.847648521419615e-05
/Users/aswanathjs/Downloads/test9/ai_plastic_waste_management_training/PP Plastic/round_containers/0022_a05b00c1d0e0f0g0h3.jpg,3,PP Plastic,3,PP Plastic,0.9946593642234802,0.0006742168334312737,0.0023409719578921795,0.0015501206507906318,0.9946593642234802,0.0007753605023026466
/Users/aswanathjs/Downloads/test9/ai_plastic_waste_management_training/LDPE Plastic/plastic_bags_grey/LDPE-768_jpg.rf.1c59b3b55f7c92e5e286990b75fe78a3.jpg,1,LDPE Plastic,1,LDPE Plastic,0.9985746145248413,8.167026680894196e-05,0.9985746145248413,0.00033581271418370306,0.00041337942820973694,0.0005945257726125419
/Users/aswanathjs/Downloads/test9/ai_plastic_waste_management_training/LDPE Plastic/plastic_bags/LDPE-768_jpg.rf.1c59b3b55f7c92e5e286990b75fe78a3.jpg,1,LDPE Plastic,1,LDPE Plastic,0.9990405440330505,4.8985923058353364e-05,0.9990405440330505,0.0001200491315103136,0.0002516672539059073,0.0005387773853726685
/Users/aswanathjs/Downloads/test9/ai_plastic_waste_management_training/PP Plastic/irregular_containers/0036_a05b00c1d0e0f0g0h2.jpg,3,PP Plastic,3,PP Plastic,0.9918838739395142,0.0016825221246108413,0.000636506243608892,0.0026253843680024147,0.9918838739395142,0.003171687014400959
/Users/aswanathjs/Downloads/test9/ai_plastic_waste_management_training/LDPE Plastic/black_white__plastic_bags/0265_jpg.rf.8d220bb1d146aed3a954f2359b4b5923.jpg,1,LDPE Plastic,1,LDPE Plastic,0.99687260389328,0.0013149151345714927,0.99687260389328,0.0013472995487973094,0.00010639263928169385,0.00035882939118891954
/Users/aswanathjs/Downloads/test9/ai_plastic_waste_management_training/PP Plastic/round_containers/IMG_20220209_175540.jpg,3,PP Plastic,3,PP Plastic,0.9965301156044006,0.002581300213932991,4.254164741723798e-05,0.00021981137979310006,0.9965301156044006,0.00062628707382828
/Users/aswanathjs/Downloads/test9/ai_plastic_waste_management_training/PP Plastic/round_containers/0022_a05b00c2d1e0f0g0h4.jpg,3,PP Plastic,3,PP Plastic,0.9982590079307556,0.00015183772484306246,0.0009681414230726659,0.0004024046065751463,0.9982590079307556,0.0002185291814384982
/Users/aswanathjs/Downloads/test9/ai_plastic_waste_management_training/PET Plastic/black_white_plastic_bottles/cypqz_jpg.rf.efe25dbb56844f1b8bd4b1430ae86d94.jpg,2,PET Plastic,2,PET Plastic,0.9889808893203735,0.0015192583668977022,0.00876561924815178,0.9889808893203735,0.0002307612303411588,0.0005035186186432838
/Users/aswanathjs/Downloads/test9/ai_plastic_waste_management_training/PET Plastic/black_white_plastic_bottles/diqoz_jpg.rf.0f4bd51b84d81c843ad2f8848e17e0e4.jpg,2,PET Plastic,2,PET Plastic,0.9957630634307861,0.001042707939632237,0.001008600927889347,0.9957630634307861,0.0010928683914244175,0.0010927406838163733
/Users/aswanathjs/Downloads/test9/ai_plastic_waste_management_training/HDPE Plastic/detergent_bottles/0010_a02b01c2d0e0f1g0h3.jpg,0,HDPE Plastic,0,HDPE Plastic,0.9974888563156128,0.9974888563156128,0.00010424044012324885,0.0015077517600730062,0.0007756164995953441,0.00012357556261122227
/Users/aswanathjs/Downloads/test9/ai_plastic_waste_management_training/LDPE Plastic/plastic_bags/plasticbag (62).jpg,1,LDPE Plastic,1,LDPE Plastic,0.9984756112098694,0.00014237883442547172,0.9984756112098694,2.5981489670812152e-05,0.0009697095374576747,0.00038632642826996744
/Users/aswanathjs/Downloads/test9/ai_plastic_waste_management_training/PP Plastic/round_containers/0031_a05b01c1d2e0f0g0h1.jpg,3,PP Plastic,3,PP Plastic,0.9993935823440552,0.0002742593933362514,0.00012769849854521453,8.284155774163082e-05,0.9993935823440552,0.00012160823825979605
/Users/aswanathjs/Downloads/test9/ai_plastic_waste_management_training/PP Plastic/round_containers_grey/0031_a05b01c1d2e0f0g0h1.jpg,3,PP Plastic,3,PP Plastic,0.998046875,0.0002407244173809886,0.001602283213287592,5.777021942776628e-05,0.998046875,5.2338335081003606e-05
/Users/aswanathjs/Downloads/test9/ai_plastic_waste_management_training/PET Plastic/black_white_plastic_bottles/cyfjr_jpg.rf.2f0dda5c36837a619a85df9366e7734f.jpg,2,PET Plastic,2,PET Plastic,0.9999402761459351,1.0121974810317624e-05,1.651687125558965e-05,0.9999402761459351,9.639554264140315e-06,2.349429087189492e-05
/Users/aswanathjs/Downloads/test9/ai_plastic_waste_management_training/PET Plastic/shampoo_bottles/0100_a05b00c2d1e0f0g0h0.jpg,2,PET Plastic,2,PET Plastic,0.9994217157363892,0.00016475679876748472,1.3307789231475908e-05,0.9994217157363892,0.00036807445576414466,3.2189727789955214e-05
/Users/aswanathjs/Downloads/test9/ai_plastic_waste_management_training/LDPE Plastic/plastic_bags/LDPE-160_jpg.rf.713715b3764d477f13b79c1c156717e6.jpg,1,LDPE Plastic,1,LDPE Plastic,0.9985864162445068,0.00015803131100255996,0.9985864162445068,0.0006142446654848754,0.00018939049914479256,0.00045190236414782703
/Users/aswanathjs/Downloads/test9/ai_plastic_waste_management_training/PET Plastic/plastic_bottles/PET963.jpg,2,PET Plastic,2,PET Plastic,0.9999562501907349,3.0084929676377214e-06,2.7838079859066056e-06,0.9999562501907349,1.663097100390587e-05,2.1277463019941933e-05
/Users/aswanathjs/Downloads/test9/ai_plastic_waste_management_training/PET Plastic/shampoo_bottles/IMG_20220209_182844.jpg,2,PET Plastic,2,PET Plastic,0.9337867498397827,0.0656437873840332,0.00021863052097614855,0.9337867498397827,0.000143899887916632,0.00020687385404016823
/Users/aswanathjs/Downloads/test9/ai_plastic_waste_management_training/PS Plastic/foam_sheets/PS-558_jpg.rf.08ae2d5e10696cea9901327ee6745750.jpg,4,PS Plastic,4,PS Plastic,0.9997437596321106,3.0554987461073324e-05,0.00010282789298798889,4.208160316920839e-05,8.081613486865535e-05,0.9997437596321106
/Users/aswanathjs/Downloads/test9/ai_plastic_waste_management_training/PET Plastic/black_white_plastic_bottles/dbhgm_jpg.rf.49dbfa6e1676f82a0db14455f3ad4348.jpg,2,PET Plastic,2,PET Plastic,0.9981940388679504,0.0002911320480052382,0.0008413884206674993,0.9981940388679504,0.0005248324014246464,0.00014872022438794374
/Users/aswanathjs/Downloads/test9/ai_plastic_waste_management_training/LDPE Plastic/plastic_bags/LDPE-243_jpg.rf.c7a544f891b9f058c66a8eef607bf96d.jpg,1,LDPE Plastic,1,LDPE Plastic,0.9976468682289124,0.0003454888937994838,0.9976468682289124,0.0008144640014506876,0.00038010816206224263,0.0008131100912578404
"/Users/aswanathjs/Downloads/test9/ai_plastic_waste_management_training/PET Plastic/plastic_bottles/PET1,331.jpg",2,PET Plastic,2,PET Plastic,0.9812555909156799,0.01687372662127018,0.0003958221059292555,0.9812555909156799,0.0010011406848207116,0.00047369636013172567
/Users/aswanathjs/Downloads/test9/ai_plastic_waste_management_training/PET Plastic/plastic_bottles/PET344.jpg,2,PET Plastic,2,PET Plastic,0.9999969005584717,1.0021428806794574e-06,1.1439930176493363e-06,0.9999969005584717,4.3587942855083384e-07,5.566015488511766e-07
/Users/aswanathjs/Downloads/test9/ai_plastic_waste_management_training/HDPE Plastic/shampoo_bottles/0061_a02b01c2d1e0f1g0h4(1).jpg,0,HDPE Plastic,0,HDPE Plastic,0.9984103441238403,0.9984103441238403,0.00027223877259530127,0.0006477340357378125,0.0003613388689700514,0.0003083883784711361
/Users/aswanathjs/Downloads/test9/ai_plastic_waste_management_training/HDPE Plastic/milk_bottles/HDPEM115.jpg,0,HDPE Plastic,0,HDPE Plastic,0.9995070695877075,0.9995070695877075,8.42099470901303e-05,0.0001143055415013805,0.00020017713541164994,9.429368219571188e-05
/Users/aswanathjs/Downloads/test9/ai_plastic_waste_management_training/LDPE Plastic/plastic_bags/LDPE-649_jpg.rf.c30dfafb621c96e4c215f72083db871b.jpg,1,LDPE Plastic,1,LDPE Plastic,0.9946503043174744,0.001028173603117466,0.9946503043174744,0.0007465861272066832,0.0016616288339719176,0.0019132966408506036
/Users/aswanathjs/Downloads/test9/ai_plastic_waste_management_training/HDPE Plastic/milk_bottles/HDPEM273.jpg,0,HDPE Plastic,0,HDPE Plastic,0.9982372522354126,0.9982372522354126,5.233913179836236e-05,0.0002123287704307586,0.001258521806448698,0.00023956946097314358
"/Users/aswanathjs/Downloads/test9/ai_plastic_waste_management_training/PET Plastic/plastic_bottles/PET1,318.jpg",2,PET Plastic,2,PET Plastic,0.9971877932548523,0.0012728669680655003,0.0001589630701346323,0.9971877932548523,0.0010597488144412637,0.0003206674591638148
/Users/aswanathjs/Downloads/test9/ai_plastic_waste_management_training/LDPE Plastic/black_white__plastic_bags/0138_jpg.rf.c08eb75ce148d02891df48bd547959c1.jpg,1,LDPE Plastic,1,LDPE Plastic,0.9999716281890869,1.7769115174814942e-06,0.9999716281890869,3.0202711513993563e-06,2.101682548527606e-05,2.537532964197453e-06
"/Users/aswanathjs/Downloads/test9/ai_plastic_waste_management_training/PET Plastic/plastic_bottles/PET1,719.jpg",2,PET Plastic,2,PET Plastic,0.9991424083709717,0.0006617465987801552,4.423180143930949e-05,0.9991424083709717,7.808862574165687e-05,7.353132241405547e-05
/Users/aswanathjs/Downloads/test9/ai_plastic_waste_management_training/HDPE Plastic/detergent_bottles/0096_a02b04c2d0e0f0g0h2.jpg,0,HDPE Plastic,0,HDPE Plastic,0.9976158142089844,0.9976158142089844,0.00011747881217161193,0.0003854059614241123,0.0016292805084958673,0.0002520286070648581
/Users/aswanathjs/Downloads/test9/ai_plastic_waste_management_training/PS Plastic/form_containers_grey/0058_a06b01c1d3e0f0g0h1.jpg,4,PS Plastic,4,PS Plastic,0.9931384921073914,0.000445668789325282,1.6317238987539895e-05,3.543917409842834e-05,0.006364127621054649,0.9931384921073914
/Users/aswanathjs/Downloads/test9/ai_plastic_waste_management_training/PS Plastic/foam_containers/0058_a06b01c1d3e0f0g0h1.jpg,4,PS Plastic,4,PS Plastic,0.999485969543457,4.370837632450275e-05,1.7176990922962432e-06,3.7798481571371667e-06,0.0004646956513170153,0.999485969543457
/Users/aswanathjs/Downloads/test9/ai_plastic_waste_management_training/HDPE Plastic/shampoo_bottles/0061_a02b01c2d0e0f1g0h4(1).jpg,0,HDPE Plastic,0,HDPE Plastic,0.9970853924751282,0.9970853924751282,0.00013320719881448895,0.0004829723038710654,0.0011081667616963387,0.001190332928672433
/Users/aswanathjs/Downloads/test9/ai_plastic_waste_management_training/PET Plastic/black_white_plastic_bottles/anthl_jpg.rf.618a418691ec4f2a10752d5a5af9eaa2.jpg,2,PET Plastic,2,PET Plastic,0.9997779726982117,6.049310468370095e-05,1.399350912834052e-05,0.9997779726982117,5.53752324776724e-05,9.215603495249525e-05
/Users/aswanathjs/Downloads/test9/ai_plastic_waste_management_training/HDPE Plastic/shampoo_bottles/0023_a02b01c2d0e0f1g0h4.jpg,0,HDPE Plastic,0,HDPE Plastic,0.9968871474266052,0.9968871474266052,7.671219645999372e-05,0.0025824110489338636,0.00025763496523723006,0.000196249719010666
/Users/aswanathjs/Downloads/test9/ai_plastic_waste_management_training/HDPE Plastic/detergent_bottles/0010_a02b01c2d1e0f1g0h0.jpg,0,HDPE Plastic,0,HDPE Plastic,0.9997535347938538,0.9997535347938538,3.308083250885829e-05,0.0001461579668102786,3.423933230806142e-05,3.304904748802073e-05
/Users/aswanathjs/Downloads/test9/ai_plastic_waste_management_training/LDPE Plastic/plastic_bags/LDPE-76_jpg.rf.b94a99e43f4a65c63957fe768a3063e3.jpg,1,LDPE Plastic,1,LDPE Plastic,0.9935176372528076,0.0014353732112795115,0.9935176372528076,0.001594472792930901,0.0014801227953284979,0.001972449943423271
/Users/aswanathjs/Downloads/test9/ai_plastic_waste_management_training/PS Plastic/foam_containers/Image_160.png,4,PS Plastic,3,PP Plastic,0.44557830691337585,0.03819796442985535,0.3182917833328247,0.01245182752609253,0.44557830691337585,0.18548010289669037
/Users/aswanathjs/Downloads/test9/ai_plastic_waste_management_training/PS Plastic/foam_containers/0058_a06b01c1d1e0f0g0h0.jpg,4,PS Plastic,4,PS Plastic,0.9997883439064026,2.9992555937496945e-05,7.793017175572459e-06,1.4661698514828458e-05,0.00015912567323539406,0.9997883439064026
/Users/aswanathjs/Downloads/test9/ai_plastic_waste_management_training/PET Plastic/shampoo_bottles/0015_a05b00c1d1e1f1g0h3.jpg,2,PET Plastic,2,PET Plastic,0.9997512698173523,9.393601067131385e-05,4.382348379294854e-06,0.9997512698173523,0.00011111009371234104,3.925673081539571e-05
"/Users/aswanathjs/Downloads/test9/ai_plastic_waste_management_training/PET Plastic/plastic_bottles/PET1,775.jpg",2,PET Plastic,2,PET Plastic,0.9999969005584717,1.856965354818385e-06,5.458177270156739e-07,0.9999969005584717,1.209824631587253e-07,5.826940423503402e-07
/Users/aswanathjs/Downloads/test9/ai_plastic_waste_management_training/HDPE Plastic/detergent_bottles/0096_a02b04c2d3e0f0g0h4.jpg,0,HDPE Plastic,0,HDPE Plastic,0.9940783977508545,0.9940783977508545,0.0004001381457783282,0.00015875071403570473,0.004971166141331196,0.0003915147390216589
"/Users/aswanathjs/Downloads/test9/ai_plastic_waste_management_training/PET Plastic/plastic_bottles/PET1,594.jpg",2,PET Plastic,2,PET Plastic,0.9998594522476196,0.00011088657629443333,1.29341742649558e-05,0.9998594522476196,1.3220306755101774e-05,3.4963172765856143e-06
/Users/aswanathjs/Downloads/test9/ai_plastic_waste_management_training/PET Plastic/black_white_plastic_bottles/aqotb_jpg.rf.c0dc5bb2a5cf4ffb31fa0e859e5a519a.jpg,2,PET Plastic,2,PET Plastic,0.9998090863227844,2.4460327040287666e-05,2.820378176693339e-05,0.9998090863227844,4.046745743835345e-05,9.779670654097572e-05
/Users/aswanathjs/Downloads/test9/ai_plastic_waste_management_training/LDPE Plastic/plastic_bags/LDPE-295_jpg.rf.58c0c43d8113f93491fb12d4a19f641e.jpg,1,LDPE Plastic,1,LDPE Plastic,0.9976791739463806,0.0002449990715831518,0.9976791739463806,0.0012471184600144625,0.0004166362341493368,0.00041216949466615915
/Users/aswanathjs/Downloads/test9/ai_plastic_waste_management_training/PET Plastic/black_white_plastic_bottles/bipvn_jpg.rf.8753400b8d72c671b7b06e9f5ba20116.jpg,2,PET Plastic,2,PET Plastic,0.9999184608459473,7.433458449668251e-06,2.563099224062171e-05,0.9999184608459473,1.0214555004495196e-05,3.82226389774587e-05
/Users/aswanathjs/Downloads/test9/ai_plastic_waste_management_training/PET Plastic/plastic_bottles/PET959.jpg,2,PET Plastic,2,PET Plastic,0.9990352392196655,0.00022967693803366274,9.337062510894611e-05,0.9990352392196655,0.00027883643633686006,0.0003628799458965659
/Users/aswanathjs/Downloads/test9/ai_plastic_waste_management_training/PET Plastic/plastic_bottles/PET503.jpg,2,PET Plastic,2,PET Plastic,0.9699888229370117,0.008833683095872402,0.0023172188084572554,0.9699888229370117,0.013829984702169895,0.005030286964029074
/Users/aswanathjs/Downloads/test9/ai_plastic_waste_management_training/PP Plastic/round_containers/Image_196.png,3,PP Plastic,3,PP Plastic,0.5406073331832886,0.0076874736696481705,0.4326285421848297,0.0035062299575656652,0.5406073331832886,0.015570413321256638
/Users/aswanathjs/Downloads/test9/ai_plastic_waste_management_training/PP Plastic/round_containers_grey/Image_196.png,3,PP Plastic,1,LDPE Plastic,0.5697890520095825,0.008131003007292747,0.5697890520095825,0.0031387789640575647,0.38512253761291504,0.03381858393549919
/Users/aswanathjs/Downloads/test9/ai_plastic_waste_management_training/PS Plastic/foam_containers/Image_196.png,3,PP Plastic,3,PP Plastic,0.46019110083580017,0.09994305670261383,0.0882265567779541,0.013117469847202301,0.46019110083580017,0.338521808385849
/Users/aswanathjs/Downloads/test9/ai_plastic_waste_management_training/PET Plastic/black_white_plastic_bottles/cmhqi_jpg.rf.e22d22662bb044b652113e15ccb216ea.jpg,2,PET Plastic,2,PET Plastic,0.999870777130127,1.686927498667501e-05,1.195373715745518e-05,0.999870777130127,2.2505058950628154e-05,7.79308466007933e-05
/Users/aswanathjs/Downloads/test9/ai_plastic_waste_management_training/PP Plastic/square_containers_grey/Image_226.png,3,PP Plastic,3,PP Plastic,0.9211361408233643,0.011105666868388653,0.03912277892231941,0.011644011363387108,0.9211361408233643,0.01699136756360531
/Users/aswanathjs/Downloads/test9/ai_plastic_waste_management_training/PP Plastic/square_containers/Image_226.png,3,PP Plastic,3,PP Plastic,0.9230995178222656,0.010357924737036228,0.037182483822107315,0.010115760378539562,0.9230995178222656,0.019244369119405746
/Users/aswanathjs/Downloads/test9/ai_plastic_waste_management_training/PS Plastic/foam_containers/Image_226.png,3,PP Plastic,3,PP Plastic,0.5446686744689941,0.05179187282919884,0.08112671971321106,0.0073861777782440186,0.5446686744689941,0.31502655148506165
/Users/aswanathjs/Downloads/test9/ai_plastic_waste_management_training/PET Plastic/black_white_plastic_bottles/drcax_jpg.rf.d16711fd73cf97a79c16a50a61b0fe80.jpg,2,PET Plastic,2,PET Plastic,0.9998155236244202,7.363969052676111e-05,7.331905180762988e-06,0.9998155236244202,5.177815546630882e-05,5.178733772481792e-05
"/Users/aswanathjs/Downloads/test9/ai_plastic_waste_management_training/PET Plastic/plastic_bottles/PET1,550.jpg",2,PET Plastic,2,PET Plastic,0.9957418441772461,0.0019862614572048187,0.0004906805697828531,0.9957418441772461,0.000978511176072061,0.0008027840522117913
/Users/aswanathjs/Downloads/test9/ai_plastic_waste_management_training/PS Plastic/foam_sheets/PS-586_jpg.rf.0241f484a2d521baaba25ddc7646ba94.jpg,4,PS Plastic,4,PS Plastic,0.9994319081306458,7.03281257301569e-05,0.00024247230612672865,0.00010528916754992679,0.0001499412173870951,0.9994319081306458
/Users/aswanathjs/Downloads/test9/ai_plastic_waste_management_training/PP Plastic/round_containers/IMG_20220209_174635.jpg,3,PP Plastic,3,PP Plastic,0.9941529631614685,0.00296829198487103,0.0007322750170715153,0.0015810499899089336,0.9941529631614685,0.000565411988645792
/Users/aswanathjs/Downloads/test9/ai_plastic_waste_management_training/LDPE Plastic/plastic_bags/plasticbag (194) 17.43.56.jpg,1,LDPE Plastic,1,LDPE Plastic,0.9926733374595642,0.0007732859230600297,0.9926733374595642,0.0008843094110488892,0.00425473228096962,0.0014143419684842229
/Users/aswanathjs/Downloads/test9/ai_plastic_waste_management_training/LDPE Plastic/black_white__plastic_bags/0153_jpg.rf.a5d1ea2820218e501628141291f77051.jpg,1,LDPE Plastic,1,LDPE Plastic,0.996915340423584,0.00021717222989536822,0.996915340423584,0.0019688564352691174,0.0001636957167647779,0.000734941044356674
/Users/aswanathjs/Downloads/test9/ai_plastic_waste_management_training/PET Plastic/plastic_bottles/PET282.jpg,2,PET Plastic,2,PET Plastic,0.996454119682312,0.0019274522783234715,0.00021535807172767818,0.996454119682312,0.0009177667670883238,0.00048530715866945684
/Users/aswanathjs/Downloads/test9/ai_plastic_waste_management_training/HDPE Plastic/milk_bottles/HDPEM448.jpg,0,HDPE Plastic,0,HDPE Plastic,0.9994078874588013,0.9994078874588013,0.00010182701225858182,0.00016968458658084273,6.223604577826336e-05,0.0002583830209914595
/Users/aswanathjs/Downloads/test9/ai_plastic_waste_management_training/HDPE Plastic/shampoo_bottles/0076_a02b06c2d1e0f1g0h2.jpg,0,HDPE Plastic,0,HDPE Plastic,0.9994389414787292,0.9994389414787292,0.00017491666949354112,9.522715117782354e-05,0.00012104171037208289,0.00016993812459986657
/Users/aswanathjs/Downloads/test9/ai_plastic_waste_management_training/HDPE Plastic/detergent_bottles/0096_a02b04c2d2e0f0g0h1.jpg,0,HDPE Plastic,0,HDPE Plastic,0.9992582201957703,0.9992582201957703,0.00021325860871002078,0.00031084593501873314,0.0001284271274926141,8.926642476581037e-05
/Users/aswanathjs/Downloads/test9/ai_plastic_waste_management_training/LDPE Plastic/plastic_bags/plasticbag (84).jpg,1,LDPE Plastic,1,LDPE Plastic,0.9992504715919495,0.00010704279702622443,0.9992504715919495,3.505634958855808e-05,0.00023499397502746433,0.0003723764093592763
/Users/aswanathjs/Downloads/test9/ai_plastic_waste_management_training/LDPE Plastic/plastic_bags/plasticbag (176) 17.43.56.jpg,1,LDPE Plastic,1,LDPE Plastic,0.9998769760131836,2.2891172193340026e-05,0.9998769760131836,4.306882601667894e-06,6.518197187688202e-05,3.0618481105193496e-05
/Users/aswanathjs/Downloads/test9/ai_plastic_waste_management_training/PET Plastic/black_white_plastic_bottles/cudqi_jpg.rf.ab2014716ce77e9d9072c34381cceb53.jpg,2,PET Plastic,2,PET Plastic,0.9988852143287659,0.0002815506304614246,0.0003374043444637209,0.9988852143287659,0.00022819743026047945,0.00026768489624373615
/Users/aswanathjs/Downloads/test9/ai_plastic_waste_management_training/LDPE Plastic/bin_bags/Image_52.png,1,LDPE Plastic,1,LDPE Plastic,0.9939297437667847,0.002071710769087076,0.9939297437667847,0.0010907205287367105,0.001531125046312809,0.0013767292257398367
/Users/aswanathjs/Downloads/test9/ai_plastic_waste_management_training/PS Plastic/form_containers_grey/Image_52.png,1,LDPE Plastic,1,LDPE Plastic,0.691463828086853,0.052224867045879364,0.691463828086853,0.00584960775449872,0.08639522641897202,0.16406644880771637
/Users/aswanathjs/Downloads/test9/ai_plastic_waste_management_training/PS Plastic/foam_containers/Image_52.png,1,LDPE Plastic,1,LDPE Plastic,0.6884703636169434,0.04622763767838478,0.6884703636169434,0.004851843696087599,0.09962088614702225,0.16082923114299774
/Users/aswanathjs/Downloads/test9/ai_plastic_waste_management_training/PET Plastic/shampoo_bottles/0050_a05b00c1d2e1f1g0h2.jpg,2,PET Plastic,2,PET Plastic,0.9931788444519043,0.003704584203660488,0.00014427900896407664,0.9931788444519043,0.002185310935601592,0.0007869853870943189
/Users/aswanathjs/Downloads/test9/ai_plastic_waste_management_training/LDPE Plastic/black_white__plastic_bags/0023_jpg.rf.2e4a394f5d6d99485f595d6757c9a969.jpg,1,LDPE Plastic,1,LDPE Plastic,0.9990537762641907,0.00025290678604505956,0.9990537762641907,0.00034958714968524873,6.720809324178845e-06,0.0003370661288499832
/Users/aswanathjs/Downloads/test9/ai_plastic_waste_management_training/PET Plastic/plastic_bottles/PET853.jpg,2,PET Plastic,2,PET Plastic,0.9992838501930237,6.831296923337504e-05,0.00035192666109651327,0.9992838501930237,0.0001626438315724954,0.00013321690494194627
/Users/aswanathjs/Downloads/test9/ai_plastic_waste_management_training/PS Plastic/foam_containers/Image_107.png,4,PS Plastic,1,LDPE Plastic,0.3770216405391693,0.03799831494688988,0.3770216405391693,0.0033747460693120956,0.20970343053340912,0.37190181016921997
/Users/aswanathjs/Downloads/test9/ai_plastic_waste_management_training/LDPE Plastic/plastic_bags/plasticbag (149).jpg,1,LDPE Plastic,1,LDPE Plastic,0.9964694976806641,0.00031026118085719645,0.9964694976806641,0.00021031736105214804,0.0014140126295387745,0.0015958857256919146
"/Users/aswanathjs/Downloads/test9/ai_plastic_waste_management_training/PET Plastic/plastic_bottles/PET1,350.jpg",2,PET Plastic,2,PET Plastic,0.9996045231819153,0.00023682766186539084,1.7910982933244668e-05,0.9996045231819153,9.451102232560515e-05,4.6289278543554246e-05
/Users/aswanathjs/Downloads/test9/ai_plastic_waste_management_training/HDPE Plastic/detergent_bottles/IMG_20220209_182235.jpg,0,HDPE Plastic,0,HDPE Plastic,0.9955066442489624,0.9955066442489624,0.0002044154825853184,0.0037676335778087378,0.0003000332217197865,0.0002211504615843296
/Users/aswanathjs/Downloads/test9/ai_plastic_waste_management_training/HDPE Plastic/detergent_botteles_grey/IMG_20220209_182235.jpg,0,HDPE Plastic,0,HDPE Plastic,0.9888297915458679,0.9888297915458679,6.0577345720957965e-05,0.010421139188110828,0.0003413587110117078,0.00034712409251369536
/Users/aswanathjs/Downloads/test9/ai_plastic_waste_management_training/LDPE Plastic/plastic_bags/LDPE-16_jpg.rf.845d2d87d44b85c3b68f1aead2680d86.jpg,1,LDPE Plastic,1,LDPE Plastic,0.9991742968559265,0.00014640689187217504,0.9991742968559265,0.00016817903087940067,0.0002921319683082402,0.00021886643662583083
/Users/aswanathjs/Downloads/test9/ai_plastic_waste_management_training/LDPE Plastic/plastic_bags/LDPE-16_jpg.rf.2102b8148a5cd895e99a4d7b8e0ad4c5.jpg,1,LDPE Plastic,1,LDPE Plastic,0.9985952973365784,7.555574848083779e-05,0.9985952973365784,0.00018776605429593474,9.424378367839381e-05,0.0010471036657691002
/Users/aswanathjs/Downloads/test9/ai_plastic_waste_management_training/PET Plastic/black_white_plastic_bottles/aiewg_jpg.rf.53e6602ad5bf281c6de4096da1fe6cb6.jpg,2,PET Plastic,2,PET Plastic,0.9994930028915405,4.922451626043767e-05,0.00013945343380328268,0.9994930028915405,0.00013862602645531297,0.00017961915000341833
/Users/aswanathjs/Downloads/test9/ai_plastic_waste_management_training/LDPE Plastic/black_white__plastic_bags/0185_jpg.rf.46bff0f04cd5c707db59170b971055fa.jpg,1,LDPE Plastic,1,LDPE Plastic,0.9990109205245972,0.00010848917008843273,0.9990109205245972,0.00021483232558239251,7.132795144570991e-05,0.0005944002186879516
/Users/aswanathjs/Downloads/test9/ai_plastic_waste_management_training/PET Plastic/plastic_bottles/PET305.jpg,2,PET Plastic,2,PET Plastic,0.9996846914291382,4.265812458470464e-05,4.2943647713400424e-05,0.9996846914291382,0.00012953259283676744,0.00010022264905273914
/Users/aswanathjs/Downloads/test9/ai_plastic_waste_management_training/PS Plastic/foam_containers/Image_15.png,4,PS Plastic,4,PS Plastic,0.5968466401100159,0.03197985514998436,0.24133743345737457,0.006840289104729891,0.12299581617116928,0.5968466401100159
/Users/aswanathjs/Downloads/test9/ai_plastic_waste_management_training/PET Plastic/black_white_plastic_bottles/byutk_jpg.rf.76f747bf2b37e8313e893ebf15683241.jpg,2,PET Plastic,2,PET Plastic,0.9992693066596985,2.1338884835131466e-05,0.0005139194545336068,0.9992693066596985,0.0001700439752312377,2.5320232452941127e-05
/Users/aswanathjs/Downloads/test9/ai_plastic_waste_management_training/HDPE Plastic/milk_bottles/HDPEM270.jpg,0,HDPE Plastic,0,HDPE Plastic,0.9993211030960083,0.9993211030960083,9.40910103963688e-05,0.0002653102274052799,0.00018982161418534815,0.00012978950690012425
/Users/aswanathjs/Downloads/test9/ai_plastic_waste_management_training/PP Plastic/rectangle_containers/0011_a05b00c1d0e0f0g0h1.jpg,3,PP Plastic,3,PP Plastic,0.9982749223709106,0.00011301560880383477,0.0007807587389834225,0.0003604664816521108,0.9982749223709106,0.00047086516860872507
/Users/aswanathjs/Downloads/test9/ai_plastic_waste_management_training/PP Plastic/square_containers/0011_a05b00c1d0e0f0g0h1.jpg,3,PP Plastic,3,PP Plastic,0.9982749223709106,0.00011301560880383477,0.0007807587389834225,0.0003604664816521108,0.9982749223709106,0.00047086516860872507
/Users/aswanathjs/Downloads/test9/ai_plastic_waste_management_training/LDPE Plastic/plastic_bags/LDPE-273_jpg.rf.46f79d73feef80e3872b14db1ed5fd17.jpg,1,LDPE Plastic,1,LDPE Plastic,0.9975003600120544,0.0004032248689327389,0.9975003600120544,0.0005948384059593081,0.0006197199691087008,0.0008818540954962373
/Users/aswanathjs/Downloads/test9/ai_plastic_waste_management_training/PET Plastic/black_white_plastic_bottles/dpacg_jpg.rf.33909cd6979777d753c545164ea5477b.jpg,2,PET Plastic,2,PET Plastic,0.9982428550720215,7.042911602184176e-05,0.0005742627545259893,0.9982428550720215,0.0006213010055944324,0.0004911423893645406
/Users/aswanathjs/Downloads/test9/ai_plastic_waste_management_training/PET Plastic/black_white_plastic_bottles/bompe_jpg.rf.b337c58e6b7559d31a26dc524d3bd41d.jpg,2,PET Plastic,2,PET Plastic,0.9987325072288513,3.090569589403458e-05,0.0011106131132692099,0.9987325072288513,2.680857687664684e-05,9.917598799802363e-05
/Users/aswanathjs/Downloads/test9/ai_plastic_waste_management_training/PS Plastic/foam_containers/styrofoam-127-_jpg.rf.ceefe41576d517b7e5577b842405c917.jpg,4,PS Plastic,4,PS Plastic,0.9998457431793213,0.0001336385466856882,1.1533471479197033e-05,7.215424375317525e-06,1.8476587229088182e-06,0.9998457431793213
/Users/aswanathjs/Downloads/test9/ai_plastic_waste_management_training/HDPE Plastic/milk_bottles/HDPEM291.jpg,0,HDPE Plastic,0,HDPE Plastic,0.9994055032730103,0.9994055032730103,2.065369517367799e-05,0.0003628289559856057,0.00014960914268158376,6.150596163934097e-05
/Users/aswanathjs/Downloads/test9/ai_plastic_waste_management_training/HDPE Plastic/milk_bottles/HDPEM83.jpg,0,HDPE Plastic,0,HDPE Plastic,0.9992188215255737,0.9992188215255737,0.00016448003589175642,0.0001003097859211266,0.0003164297668263316,0.0001999747910303995
/Users/aswanathjs/Downloads/test9/ai_plastic_waste_management_training/LDPE Plastic/plastic_bags/plasticbag (201).jpg,1,LDPE Plastic,1,LDPE Plastic,0.9966608285903931,0.0005600236472673714,0.9966608285903931,0.0018036644905805588,0.0005152831436134875,0.0004601998662110418
/Users/aswanathjs/Downloads/test9/ai_plastic_waste_management_training/LDPE Plastic/plastic_bags/LDPE-297_jpg.rf.8c4a7d4e980cc6a2ba9e1b2c48366280.jpg,1,LDPE Plastic,1,LDPE Plastic,0.9975224137306213,0.0003625146928243339,0.9975224137306213,0.0008367825648747385,0.0004151074099354446,0.0008631580276414752
/Users/aswanathjs/Downloads/test9/ai_plastic_waste_management_training/LDPE Plastic/plastic_bags/LDPE-202_jpg.rf.8ece211624afdeefd2fc79ae3bf49c35.jpg,1,LDPE Plastic,1,LDPE Plastic,0.9961369633674622,0.0007904295925982296,0.9961369633674622,0.001404648064635694,0.0005931428750045598,0.001074804225936532
/Users/aswanathjs/Downloads/test9/ai_plastic_waste_management_training/PET Plastic/shampoo_bottles/0050_a05b00c2d0e1f1g0h2.jpg,2,PET Plastic,2,PET Plastic,0.9891730546951294,0.006249148398637772,0.00031731449416838586,0.9891730546951294,0.0025873954873532057,0.001673098187893629
/Users/aswanathjs/Downloads/test9/ai_plastic_waste_management_training/PET Plastic/plastic_bottles/PET926.jpg,2,PET Plastic,2,PET Plastic,0.9992522597312927,0.0001244563318323344,0.00016560954099986702,0.9992522597312927,0.0002177174319513142,0.00023992011847440153
/Users/aswanathjs/Downloads/test9/ai_plastic_waste_management_training/HDPE Plastic/detergent_bottles/IMG_20220209_182154.jpg,0,HDPE Plastic,0,HDPE Plastic,0.9988258481025696,0.9988258481025696,2.9105180146871135e-05,0.0007182264234870672,0.00038478756323456764,4.207092206343077e-05
/Users/aswanathjs/Downloads/test9/ai_plastic_waste_management_training/HDPE Plastic/shampoo_bottles/0075_a02b01c1d2e0f0g0h2.jpg,0,HDPE Plastic,0,HDPE Plastic,0.9958095550537109,0.9958095550537109,0.0006949870730750263,7.741515582893044e-05,0.003327462589368224,9.059669537236914e-05
/Users/aswanathjs/Downloads/test9/ai_plastic_waste_management_training/PET Plastic/plastic_bottles/PET375.jpg,2,PET Plastic,2,PET Plastic,0.9997479319572449,8.071887714322656e-05,4.1455248720012605e-05,0.9997479319572449,6.280310481088236e-05,6.700534140691161e-05
/Users/aswanathjs/Downloads/test9/ai_plastic_waste_management_training/PET Plastic/black_white_plastic_bottles/bxfwn_jpg.rf.0c6547d324a916a7ee885acbf1395e17.jpg,2,PET Plastic,2,PET Plastic,0.9979769587516785,0.0012978160521015525,4.702501610154286e-05,0.9979769587516785,0.00033949172939173877,0.00033870249171741307
/Users/aswanathjs/Downloads/test9/ai_plastic_waste_management_training/HDPE Plastic/shampoo_bottiles_grey/0021_a02b01c2d3e1f0g0h2.jpg,0,HDPE Plastic,0,HDPE Plastic,0.9990611672401428,0.9990611672401428,1.1256459401920438e-05,0.0002467575832270086,0.0006200838251970708,6.069327355362475e-05
/Users/aswanathjs/Downloads/test9/ai_plastic_waste_management_training/HDPE Plastic/shampoo_bottles/0021_a02b01c2d3e1f0g0h2.jpg,0,HDPE Plastic,0,HDPE Plastic,0.9998652935028076,0.9998652935028076,5.107826837047469e-06,4.518959394772537e-05,6.293699698289856e-05,2.1461011783685535e-05
/Users/aswanathjs/Downloads/test9/ai_plastic_waste_management_training/LDPE Plastic/plastic_bags/plasticbag (75).jpg,1,LDPE Plastic,1,LDPE Plastic,0.9993066787719727,4.509780410444364e-05,0.9993066787719727,6.069854407542152e-06,0.00037847014027647674,0.000263664114754647
"/Users/aswanathjs/Downloads/test9/ai_plastic_waste_management_training/HDPE Plastic/milk_bottles/HDPEM1,020.JPG",0,HDPE Plastic,0,HDPE Plastic,0.9995577931404114,0.9995577931404114,1.1047239240724593e-05,0.00035225588362663984,2.5809711132751545e-06,7.638270471943542e-05
/Users/aswanathjs/Downloads/test9/ai_plastic_waste_management_training/PP Plastic/square_containers/IMG_20220209_175325.jpg,3,PP Plastic,3,PP Plastic,0.9997343420982361,6.613850473513594e-06,3.8167490856722e-05,6.845853931736201e-06,0.9997343420982361,0.00021399375691544265
/Users/aswanathjs/Downloads/test9/ai_plastic_waste_management_training/PS Plastic/foam_containers/Image_163.png,4,PS Plastic,4,PS Plastic,0.9581995606422424,0.005806916859000921,0.013342306017875671,0.0017814069287851453,0.02086987905204296,0.9581995606422424
"/Users/aswanathjs/Downloads/test9/ai_plastic_waste_management_training/PET Plastic/plastic_bottles/PET1,266.jpg",2,PET Plastic,2,PET Plastic,0.9989575147628784,0.0007737523410469294,7.897159230196849e-05,0.9989575147628784,0.0001495379547122866,4.013529178337194e-05
/Users/aswanathjs/Downloads/test9/ai_plastic_waste_management_training/LDPE Plastic/bubble_wrap/LDPE-93_jpg.rf.acd78e25e55014c37816b6ef602acbec.jpg,1,LDPE Plastic,1,LDPE Plastic,0.9997078776359558,2.6596513635013252e-05,0.9997078776359558,2.8721702619805e-05,0.00011135274689877406,0.00012546536163426936
/Users/aswanathjs/Downloads/test9/ai_plastic_waste_management_training/LDPE Plastic/black_white__plastic_bags/0167_jpg.rf.bfb27df2cd9cef80f5c4a029956180ca.jpg,1,LDPE Plastic,1,LDPE Plastic,0.9843999147415161,0.00017948028107639402,0.9843999147415161,0.003394085681065917,0.007444466929882765,0.004582109395414591
/Users/aswanathjs/Downloads/test9/ai_plastic_waste_management_training/PS Plastic/foam_sheets/IMG_9371_JPG.rf.195f115fb87b77a4f429c91951b50871.jpg,4,PS Plastic,4,PS Plastic,0.9998574256896973,1.6233083442784846e-05,6.384438165696338e-05,8.658140359329991e-06,5.374928150558844e-05,0.9998574256896973
/Users/aswanathjs/Downloads/test9/ai_plastic_waste_management_training/PS Plastic/foam_sheets/IMG_9371_JPG.rf.afceb9594b3446cfff27f10dabf23181.jpg,4,PS Plastic,4,PS Plastic,0.9978494644165039,0.0002887659065891057,0.000594624609220773,0.0003978859167546034,0.000869154348038137,0.9978494644165039
/Users/aswanathjs/Downloads/test9/ai_plastic_waste_management_training/PS Plastic/foam_sheets/IMG_9371_JPG.rf.4bf300e0974a4706b87efc110356229e.jpg,4,PS Plastic,4,PS Plastic,0.9908456206321716,0.000683775229845196,0.001275055343285203,0.0021813553757965565,0.005014149006456137,0.9908456206321716
/Users/aswanathjs/Downloads/test9/ai_plastic_waste_management_training/PET Plastic/plastic_bottles/PET739.jpg,2,PET Plastic,2,PET Plastic,0.9985750913619995,0.0003061385068576783,0.0005481354310177267,0.9985750913619995,0.00015116314170882106,0.00041934879845939577
/Users/aswanathjs/Downloads/test9/ai_plastic_waste_management_training/HDPE Plastic/shampoo_bottles/0061_a02b01c1d3e0f1g0h1(1).jpg,0,HDPE Plastic,0,HDPE Plastic,0.9998828172683716,0.9998828172683716,1.6076703104772605e-05,3.113600178039633e-05,4.6162440412444994e-05,2.389829205640126e-05
/Users/aswanathjs/Downloads/test9/ai_plastic_waste_management_training/PET Plastic/plastic_bottles/PET778.jpg,2,PET Plastic,2,PET Plastic,0.9996324777603149,0.00022103844094090164,6.855691026430577e-05,0.9996324777603149,1.516752308816649e-05,6.269915320444852e-05
/Users/aswanathjs/Downloads/test9/ai_plastic_waste_management_training/PP Plastic/round_containers/0095_a05b01c1d0e0f0g0h0.jpg,3,PP Plastic,3,PP Plastic,0.9919142723083496,0.002387120621278882,0.0022068931721150875,0.0018045123433694243,0.9919142723083496,0.0016871588304638863
/Users/aswanathjs/Downloads/test9/ai_plastic_waste_management_training/LDPE Plastic/plastic_bags/train_LDPE-68_jpg.rf.fc5826b6c915e1b0aab072f246864480.jpg,1,LDPE Plastic,1,LDPE Plastic,0.9981476068496704,0.0002470954495947808,0.9981476068496704,0.000572824152186513,0.00042927556205540895,0.000603241438511759
/Users/aswanathjs/Downloads/test9/ai_plastic_waste_management_training/PET Plastic/plastic_bottles/PET386.jpg,2,PET Plastic,2,PET Plastic,0.9997820258140564,2.6921441531158052e-05,2.6201279979432002e-05,0.9997820258140564,0.00010658985411282629,5.823827814310789e-05
/Users/aswanathjs/Downloads/test9/ai_plastic_waste_management_training/HDPE Plastic/milk_bottles/P_W (500).jpg,0,HDPE Plastic,0,HDPE Plastic,0.9957142472267151,0.9957142472267151,4.36587433796376e-05,0.0033780455123633146,0.00010108744754688814,0.0007630109903402627
/Users/aswanathjs/Downloads/test9/ai_plastic_waste_management_training/HDPE Plastic/milk_bottles/HDPEM469.jpg,0,HDPE Plastic,0,HDPE Plastic,0.9989467263221741,0.9989467263221741,5.9829282690770924e-05,0.0006488788640126586,0.00021163576457183808,0.0001329388760495931
/Users/aswanathjs/Downloads/test9/ai_plastic_waste_management_training/LDPE Plastic/bin_bags/greenbin.png,1,LDPE Plastic,1,LDPE Plastic,0.9994939565658569,0.00034796976251527667,0.9994939565658569,2.6775160222314298e-05,4.7043387894518673e-05,8.415769843850285e-05
/Users/aswanathjs/Downloads/test9/ai_plastic_waste_management_training/LDPE Plastic/bin_bags_grey/greenbin.png,1,LDPE Plastic,1,LDPE Plastic,0.9985345602035522,0.000718357739970088,0.9985345602035522,0.0003974307037424296,0.00011099487892352045,0.00023869767028372735
/Users/aswanathjs/Downloads/test9/ai_plastic_waste_management_training/PP Plastic/round_containers/IMG_20220210_105854.jpg,3,PP Plastic,3,PP Plastic,0.9879342317581177,0.006334054749459028,0.0012002477888017893,0.0033708522096276283,0.9879342317581177,0.0011606481857597828
/Users/aswanathjs/Downloads/test9/ai_plastic_waste_management_training/HDPE Plastic/detergent_bottles/0096_a02b04c2d0e0f0g0h1.jpg,0,HDPE Plastic,0,HDPE Plastic,0.9993281364440918,0.9993281364440918,3.459112485870719e-05,0.00017754345026332885,0.00034074121504090726,0.00011901892139576375
/Users/aswanathjs/Downloads/test9/ai_plastic_waste_management_training/PET Plastic/plastic_bottles/PET504.jpg,2,PET Plastic,2,PET Plastic,0.9994301199913025,0.00018379822722636163,0.00011177125998074189,0.9994301199913025,6.04151064180769e-05,0.00021390110487118363
/Users/aswanathjs/Downloads/test9/ai_plastic_waste_management_training/LDPE Plastic/bin_bags/Image_69.png,1,LDPE Plastic,1,LDPE Plastic,0.9122309684753418,0.07280339300632477,0.9122309684753418,0.003719504689797759,0.005990042816847563,0.005256005562841892
/Users/aswanathjs/Downloads/test9/ai_plastic_waste_management_training/PP Plastic/square_containers_grey/Image_69.png,1,LDPE Plastic,1,LDPE Plastic,0.7508821487426758,0.004904123488813639,0.7508821487426758,0.002366686938330531,0.22525034844875336,0.016596663743257523
/Users/aswanathjs/Downloads/test9/ai_plastic_waste_management_training/PP Plastic/square_containers/Image_69.png,1,LDPE Plastic,1,LDPE Plastic,0.8030473589897156,0.0035635142121464014,0.8030473589897156,0.0030751300510019064,0.1802341639995575,0.010079892352223396
/Users/aswanathjs/Downloads/test9/ai_plastic_waste_management_training/PS Plastic/foam_containers/Image_69.png,1,LDPE Plastic,1,LDPE Plastic,0.8178673982620239,0.0046544489450752735,0.8178673982620239,0.002576382365077734,0.052738744765520096,0.1221630647778511
/Users/aswanathjs/Downloads/test9/ai_plastic_waste_management_training/PET Plastic/black_white_plastic_bottles/arnfl_jpg.rf.3f7c86239864c3296cf7b468b4096163.jpg,2,PET Plastic,2,PET Plastic,0.99893718957901,0.00012876169057562947,0.00041052239248529077,0.99893718957901,0.00011440402158768848,0.00040912223630584776
/Users/aswanathjs/Downloads/test9/ai_plastic_waste_management_training/HDPE Plastic/milk_bottles/HDPEM68.jpg,0,HDPE Plastic,0,HDPE Plastic,0.9983282685279846,0.9983282685279846,0.0003492770192679018,0.00019425930804573,0.0007851058035157621,0.0003431075601838529
/Users/aswanathjs/Downloads/test9/ai_plastic_waste_management_training/PET Plastic/plastic_bottles/PET321.jpg,2,PET Plastic,2,PET Plastic,0.971794605255127,0.001820713747292757,0.007260399870574474,0.971794605255127,0.016507133841514587,0.002617182210087776
/Users/aswanathjs/Downloads/test9/ai_plastic_waste_management_training/PS Plastic/foam_containers/Image_168.png,4,PS Plastic,4,PS Plastic,0.49655038118362427,0.09529867023229599,0.1858462393283844,0.006827635690569878,0.2154770791530609,0.49655038118362427
/Users/aswanathjs/Downloads/test9/ai_plastic_waste_management_training/HDPE Plastic/milk_bottles/HDPEM196.jpg,0,HDPE Plastic,0,HDPE Plastic,0.999519944190979,0.999519944190979,0.00013821801985614002,1.4312223356682807e-05,0.00028598555945791304,4.162170080235228e-05
/Users/aswanathjs/Downloads/test9/ai_plastic_waste_management_training/PP Plastic/round_containers/0095_a05b01c1d1e0f0g0h3.jpg,3,PP Plastic,3,PP Plastic,0.99433434009552,0.003430758835747838,0.0001240988349309191,0.0019437368027865887,0.99433434009552,0.0001670967903919518
/Users/aswanathjs/Downloads/test9/ai_plastic_waste_management_training/HDPE Plastic/detergent_bottles/0010_a02b01c1d1e0f1g0h4.jpg,0,HDPE Plastic,0,HDPE Plastic,0.999062716960907,0.999062716960907,7.675903179915622e-05,0.0004160982498433441,0.00030015400261618197,0.00014426287089008838
/Users/aswanathjs/Downloads/test9/ai_plastic_waste_management_training/LDPE Plastic/plastic_bags/LDPE-267_jpg.rf.08f5f7fdd6295e5a9f6e699deb3ab5f1.jpg,1,LDPE Plastic,1,LDPE Plastic,0.995810866355896,0.0009521921747364104,0.995810866355896,0.0008293220889754593,0.0016363213071599603,0.0007713562226854265
"/Users/aswanathjs/Downloads/test9/ai_plastic_waste_management_training/PET Plastic/plastic_bottles/PET1,682.jpg",2,PET Plastic,2,PET Plastic,0.9682245850563049,0.0008577072876505554,0.019093887880444527,0.9682245850563049,0.010336008854210377,0.001487775589339435
/Users/aswanathjs/Downloads/test9/ai_plastic_waste_management_training/PP Plastic/round_containers/IMG_20220210_105901.jpg,3,PP Plastic,3,PP Plastic,0.9813458323478699,0.009080794639885426,0.0009139016037806869,0.007672999054193497,0.9813458323478699,0.0009864609455689788
/Users/aswanathjs/Downloads/test9/ai_plastic_waste_management_training/HDPE Plastic/detergent_bottles/P_W (498).jpg,0,HDPE Plastic,0,HDPE Plastic,0.9997075200080872,0.9997075200080872,3.383490184205584e-05,0.00016110893920995295,3.8588197639910504e-05,5.892645276617259e-05
/Users/aswanathjs/Downloads/test9/ai_plastic_waste_management_training/HDPE Plastic/detergent_botteles_grey/P_W (498).jpg,0,HDPE Plastic,0,HDPE Plastic,0.9909946322441101,0.9909946322441101,0.0024743364192545414,0.002956298179924488,0.0016068094410002232,0.0019679307006299496
/Users/aswanathjs/Downloads/test9/ai_plastic_waste_management_training/PP Plastic/round_containers/0035_a06b01c1d0e0f0g0h4.jpg,3,PP Plastic,3,PP Plastic,0.9984194040298462,0.0002019608800765127,0.0009641246870160103,0.00020279950695112348,0.9984194040298462,0.0002117991680279374
/Users/aswanathjs/Downloads/test9/ai_plastic_waste_management_training/PET Plastic/black_white_plastic_bottles/aukjz_jpg.rf.d404c4389f3e6f61d76bf3cef52ebd77.jpg,2,PET Plastic,2,PET Plastic,0.9995445609092712,1.6890748156583868e-05,0.0002528376062400639,0.9995445609092712,4.4952306780032814e-05,0.00014075296348892152
/Users/aswanathjs/Downloads/test9/ai_plastic_waste_management_training/PET Plastic/shampoo_bottles/0050_a05b00c1d0e1f1g0h0.jpg,2,PET Plastic,2,PET Plastic,0.9979777932167053,0.0016667281743139029,0.00010052773723145947,0.9979777932167053,0.00022670312318950891,2.8212432880536653e-05
/Users/aswanathjs/Downloads/test9/ai_plastic_waste_management_training/PET Plastic/plastic_bottles/PET988.jpg,2,PET Plastic,2,PET Plastic,0.9997554421424866,0.00016419416351709515,3.50510272255633e-05,0.9997554421424866,5.206502464716323e-06,4.012871431768872e-05
/Users/aswanathjs/Downloads/test9/ai_plastic_waste_management_training/HDPE Plastic/shampoo_bottles/0078_a02b07c2d3e0f1g0h2.jpg,0,HDPE Plastic,0,HDPE Plastic,0.9989480376243591,0.9989480376243591,0.0002945019514299929,3.711900717462413e-05,0.0006178903277032077,0.00010240327537758276
/Users/aswanathjs/Downloads/test9/ai_plastic_waste_management_training/HDPE Plastic/milk_bottles/HDPEM189.jpg,0,HDPE Plastic,0,HDPE Plastic,0.9986893534660339,0.9986893534660339,0.00012843076547142118,0.00013332000526133925,0.0008942208951339126,0.00015460433496627957
/Users/aswanathjs/Downloads/test9/ai_plastic_waste_management_training/PP Plastic/square_containers/Image_178.png,3,PP Plastic,3,PP Plastic,0.994881272315979,0.0001917809568112716,0.0038883842062205076,1.779854210326448e-05,0.994881272315979,0.001020788331516087
/Users/aswanathjs/Downloads/test9/ai_plastic_waste_management_training/PS Plastic/foam_containers/Image_178.png,3,PP Plastic,1,LDPE Plastic,0.40705767273902893,0.10771843045949936,0.40705767273902893,0.015431521460413933,0.3691929280757904,0.10059947520494461
/Users/aswanathjs/Downloads/test9/ai_plastic_waste_management_training/PP Plastic/round_containers/0032_a05b01c2d2e0f0g0h0.jpg,3,PP Plastic,3,PP Plastic,0.9959553480148315,0.002791402628645301,0.0002733437577262521,0.0006388170295394957,0.9959553480148315,0.00034110326669178903
/Users/aswanathjs/Downloads/test9/ai_plastic_waste_management_training/PP Plastic/round_containers/IMG_20220209_173243.jpg,3,PP Plastic,3,PP Plastic,0.97700434923172,0.0030958016868680716,0.005025696009397507,0.0031410977244377136,0.97700434923172,0.011733087711036205
/Users/aswanathjs/Downloads/test9/ai_plastic_waste_management_training/PP Plastic/square_containers_grey/IMG_20220209_173137.jpg,3,PP Plastic,3,PP Plastic,0.9421380758285522,0.04042810574173927,0.002820266643539071,0.00844128429889679,0.9421380758285522,0.006172242574393749
/Users/aswanathjs/Downloads/test9/ai_plastic_waste_management_training/PP Plastic/square_containers/IMG_20220209_173137.jpg,3,PP Plastic,3,PP Plastic,0.9917730689048767,0.006640435662120581,0.0005693233688361943,0.0001832616690080613,0.9917730689048767,0.0008339511114172637
/Users/aswanathjs/Downloads/test9/ai_plastic_waste_management_training/HDPE Plastic/milk_bottles/HDPEM69.jpg,0,HDPE Plastic,0,HDPE Plastic,0.998683750629425,0.998683750629425,0.00019504199735820293,0.00012807681923732162,0.0007611428736709058,0.00023191738000605255
/Users/aswanathjs/Downloads/test9/ai_plastic_waste_management_training/PP Plastic/round_containers/IMG_20220209_172725.jpg,3,PP Plastic,3,PP Plastic,0.9949883818626404,0.0018909299978986382,0.00139988970477134,0.0016267943428829312,0.9949883818626404,9.404900629306212e-05
/Users/aswanathjs/Downloads/test9/ai_plastic_waste_management_training/LDPE Plastic/plastic_bags/LDPE-304_jpg.rf.6a4737fb686649f07f91cdd5603931d4.jpg,1,LDPE Plastic,1,LDPE Plastic,0.9987885355949402,0.00010400503379059955,0.9987885355949402,9.253655298380181e-05,0.00012013176456093788,0.0008947750902734697
/Users/aswanathjs/Downloads/test9/ai_plastic_waste_management_training/HDPE Plastic/shampoo_bottles/0076_a02b06c1d1e0f1g0h2.jpg,0,HDPE Plastic,0,HDPE Plastic,0.9995805621147156,0.9995805621147156,9.240006329491735e-05,0.00012405906454659998,6.792211206629872e-05,0.00013517873594537377
/Users/aswanathjs/Downloads/test9/ai_plastic_waste_management_training/PET Plastic/plastic_bottles/PET929.jpg,2,PET Plastic,2,PET Plastic,0.9994750618934631,0.0002939780824817717,7.767077477183193e-05,0.9994750618934631,1.9233923012507148e-05,0.0001341439492534846
/Users/aswanathjs/Downloads/test9/ai_plastic_waste_management_training/PP Plastic/round_containers/0032_a05b01c2d3e0f0g0h0.jpg,3,PP Plastic,3,PP Plastic,0.9979525804519653,0.0018495525000616908,8.076040103333071e-05,4.289540811441839e-05,0.9979525804519653,7.41304102120921e-05
/Users/aswanathjs/Downloads/test9/ai_plastic_waste_management_training/HDPE Plastic/detergent_bottles/P_W (497).jpg,0,HDPE Plastic,0,HDPE Plastic,0.9993914365768433,0.9993914365768433,0.00012607802636921406,0.00013539608335122466,0.0002062646672129631,0.00014086111332289875
/Users/aswanathjs/Downloads/test9/ai_plastic_waste_management_training/HDPE Plastic/shampoo_bottles/0061_a02b01c1d0e0f1g0h1.jpg,0,HDPE Plastic,0,HDPE Plastic,0.9991620779037476,0.9991620779037476,3.320069663459435e-05,0.00042225210927426815,0.0002942778228316456,8.827156125335023e-05
/Users/aswanathjs/Downloads/test9/ai_plastic_waste_management_training/HDPE Plastic/shampoo_bottles/0075_a02b01c2d2e0f0g0h2.jpg,0,HDPE Plastic,0,HDPE Plastic,0.9989526271820068,0.9989526271820068,0.0005156267434358597,2.45568899117643e-05,0.00046847359044477344,3.866687620757148e-05
/Users/aswanathjs/Downloads/test9/ai_plastic_waste_management_training/LDPE Plastic/plastic_bags/LDPE-540_jpg.rf.422bc66460f31f2bfe56acaf6490d8be.jpg,1,LDPE Plastic,1,LDPE Plastic,0.9979530572891235,0.0004123775870539248,0.9979530572891235,0.0005936917732469738,0.0005955745000392199,0.00044529623119160533
/Users/aswanathjs/Downloads/test9/ai_plastic_waste_management_training/PET Plastic/shampoo_bottles/0050_a05b00c2d3e1f1g0h3.jpg,2,PET Plastic,2,PET Plastic,0.9937432408332825,0.00601812032982707,2.7717707780539058e-05,0.9937432408332825,0.00017139613919425756,3.950533573515713e-05
"/Users/aswanathjs/Downloads/test9/ai_plastic_waste_management_training/PET Plastic/plastic_bottles/PET1,019.jpg",2,PET Plastic,2,PET Plastic,0.9980254173278809,0.0005554839153774083,0.0007370210951194167,0.9980254173278809,0.00019893657008651644,0.00048314881860278547
/Users/aswanathjs/Downloads/test9/ai_plastic_waste_management_training/HDPE Plastic/milk_bottles/HDPEM363.jpg,0,HDPE Plastic,0,HDPE Plastic,0.9936509728431702,0.9936509728431702,0.00015302021347451955,0.0005072589265182614,0.0055359904654324055,0.00015276622434612364
/Users/aswanathjs/Downloads/test9/ai_plastic_waste_management_training/PS Plastic/foam_sheets/PS-757_jpg.rf.9e920e626766a1795cd9085be3b44eda.jpg,4,PS Plastic,4,PS Plastic,0.9995359182357788,0.00010840414324775338,0.00011542873835423961,9.736765059642494e-05,0.00014294985157903284,0.9995359182357788
/Users/aswanathjs/Downloads/test9/ai_plastic_waste_management_training/LDPE Plastic/plastic_bags/LDPE-382_jpg.rf.81219eceeb06ef2a9b2549721bc03643.jpg,1,LDPE Plastic,1,LDPE Plastic,0.9988131523132324,9.532475814921781e-05,0.9988131523132324,6.175965972943231e-05,0.0005140990251675248,0.0005156683619134128
/Users/aswanathjs/Downloads/test9/ai_plastic_waste_management_training/PP Plastic/irregular_containers/train_PP-55_jpg.rf.8c2c94bed4bde80d5205e6898c5ba4ce.jpg,3,PP Plastic,3,PP Plastic,0.9994320273399353,0.00015490991063416004,6.839462002972141e-05,0.00011263747728662565,0.9994320273399353,0.00023200616124086082
/Users/aswanathjs/Downloads/test9/ai_plastic_waste_management_training/PET Plastic/plastic_bottles/PET962.jpg,2,PET Plastic,2,PET Plastic,0.9999533891677856,4.329784587753238e-06,4.7217035898938775e-06,0.9999533891677856,2.3641885491088033e-05,1.3853131349605974e-05
/Users/aswanathjs/Downloads/test9/ai_plastic_waste_management_training/PET Plastic/black_white_plastic_bottles/covrq_jpg.rf.bc93fdb5afb3d0650a66d76e971b8ac5.jpg,2,PET Plastic,2,PET Plastic,0.9988771080970764,6.29550704616122e-05,0.0004600779211614281,0.9988771080970764,0.00017932726768776774,0.0004204863216727972
/Users/aswanathjs/Downloads/test9/ai_plastic_waste_management_training/LDPE Plastic/black_white__plastic_bags/0145_jpg.rf.17daf4d0b51d83ccf09f95bde89f1452.jpg,1,LDPE Plastic,1,LDPE Plastic,0.9971032738685608,0.00013121704978402704,0.9971032738685608,0.00017635946278460324,0.0013469366822391748,0.0012421900173649192
/Users/aswanathjs/Downloads/test9/ai_plastic_waste_management_training/PET Plastic/plastic_bottles/PET790.jpg,2,PET Plastic,2,PET Plastic,0.9993894100189209,0.00021730359003413469,0.00014047218428459018,0.9993894100189209,9.506382048130035e-05,0.00015776911459397525
"/Users/aswanathjs/Downloads/test9/ai_plastic_waste_management_training/PET Plastic/plastic_bottles/PET1,270.jpg",2,PET Plastic,2,PET Plastic,0.9987885355949402,0.0007728773634880781,8.257196168415248e-05,0.9987885355949402,0.00018452668155077845,0.00017151833162643015
/Users/aswanathjs/Downloads/test9/ai_plastic_waste_management_training/PP Plastic/round_containers/IMG_20220209_173451.jpg,3,PP Plastic,3,PP Plastic,0.9995006322860718,7.693117368035018e-06,0.00040242873365059495,5.782554580946453e-06,0.9995006322860718,8.337928738910705e-05
/Users/aswanathjs/Downloads/test9/ai_plastic_waste_management_training/LDPE Plastic/plastic_bags/LDPE-399_jpg.rf.55d36afa8afe74c2e3877698b625e26e.jpg,1,LDPE Plastic,1,LDPE Plastic,0.9987885355949402,6.492647662525997e-05,0.9987885355949402,0.00012754416093230247,0.00024347929866053164,0.000775536464061588
"/Users/aswanathjs/Downloads/test9/ai_plastic_waste_management_training/PET Plastic/plastic_bottles/PET1,718.jpg",2,PET Plastic,2,PET Plastic,0.9966378211975098,0.00036216145963408053,0.0010686346795409918,0.9966378211975098,0.0017313944408670068,0.0001999479136429727
/Users/aswanathjs/Downloads/test9/ai_plastic_waste_management_training/PET Plastic/plastic_bottles/PET833.jpg,2,PET Plastic,2,PET Plastic,0.9990923404693604,7.228690810734406e-05,0.0007183488341979682,0.9990923404693604,3.4805208997568116e-05,8.221859025070444e-05
/Users/aswanathjs/Downloads/test9/ai_plastic_waste_management_training/PP Plastic/round_containers/0031_a05b01c1d0e0f0g0h0.jpg,3,PP Plastic,3,PP Plastic,0.9990763664245605,0.00048819294897839427,7.51478728489019e-05,0.0001504684769315645,0.9990763664245605,0.0002098460536217317
/Users/aswanathjs/Downloads/test9/ai_plastic_waste_management_training/HDPE Plastic/milk_bottles/P_W (1042).jpg,0,HDPE Plastic,0,HDPE Plastic,0.9997814297676086,0.9997814297676086,2.8499496693257242e-05,4.029062620247714e-05,3.121251575066708e-05,0.00011860541417263448
/Users/aswanathjs/Downloads/test9/ai_plastic_waste_management_training/HDPE Plastic/shampoo_bottles/0077_a02b01c2d0e0f1g0h3.jpg,0,HDPE Plastic,0,HDPE Plastic,0.9621355533599854,0.9621355533599854,0.002026773290708661,0.034580081701278687,0.00029700479353778064,0.0009605506784282625
/Users/aswanathjs/Downloads/test9/ai_plastic_waste_management_training/HDPE Plastic/detergent_bottles/finish.jpg,0,HDPE Plastic,0,HDPE Plastic,0.9834543466567993,0.9834543466567993,0.006003424525260925,0.0005606915801763535,0.004823820665478706,0.005157641600817442
/Users/aswanathjs/Downloads/test9/ai_plastic_waste_management_training/PP Plastic/square_containers_grey/0011_a05b00c2d3e0f0g0h2.jpg,3,PP Plastic,3,PP Plastic,0.9965483546257019,0.0016758179990574718,0.00046499117161147296,0.0004868237301707268,0.9965483546257019,0.0008240424795076251
/Users/aswanathjs/Downloads/test9/ai_plastic_waste_management_training/PP Plastic/rectangle_containers/0011_a05b00c2d3e0f0g0h2.jpg,3,PP Plastic,3,PP Plastic,0.9980809688568115,0.0007198874955065548,0.00023261355818249285,0.00042694550938904285,0.9980809688568115,0.0005396098713390529
/Users/aswanathjs/Downloads/test9/ai_plastic_waste_management_training/PP Plastic/square_containers/0011_a05b00c2d3e0f0g0h2.jpg,3,PP Plastic,3,PP Plastic,0.9980809688568115,0.0007198874955065548,0.00023261355818249285,0.00042694550938904285,0.9980809688568115,0.0005396098713390529
/Users/aswanathjs/Downloads/test9/ai_plastic_waste_management_training/PET Plastic/shampoo_bottles/0050_a05b00c1d1e1f1g0h2.jpg,2,PET Plastic,2,PET Plastic,0.9996849298477173,0.00015644256200175732,8.08864388091024e-06,0.9996849298477173,0.00012239741045050323,2.8124835807830095e-05
/Users/aswanathjs/Downloads/test9/ai_plastic_waste_management_training/HDPE Plastic/milk_bottles/HDPEM58.jpg,0,HDPE Plastic,0,HDPE Plastic,0.9932363629341125,0.9932363629341125,0.00018192987772636116,0.000792920880485326,0.005115138832479715,0.0006736463401466608
/Users/aswanathjs/Downloads/test9/ai_plastic_waste_management_training/HDPE Plastic/milk_bottles_grey/HDPEM58.jpg,0,HDPE Plastic,0,HDPE Plastic,0.9918463826179504,0.9918463826179504,0.0008721984922885895,0.00012690479343291372,0.006794454529881477,0.0003602048964239657
/Users/aswanathjs/Downloads/test9/ai_plastic_waste_management_training/HDPE Plastic/milk_bottles/HDPEM144.jpg,0,HDPE Plastic,0,HDPE Plastic,0.9982579350471497,0.9982579350471497,8.926581358537078e-05,0.000704006350133568,0.0007614545756950974,0.00018728045688476413
/Users/aswanathjs/Downloads/test9/ai_plastic_waste_management_training/PET Plastic/black_white_plastic_bottles/crhvi_jpg.rf.48f9aed63469779d4cfbf4b3b4b1ce1c.jpg,2,PET Plastic,2,PET Plastic,0.9997695088386536,4.988181535736658e-05,1.1455826097517274e-05,0.9997695088386536,6.751861656084657e-05,0.00010165074490942061
"/Users/aswanathjs/Downloads/test9/ai_plastic_waste_management_training/PET Plastic/plastic_bottles/PET1,134.jpg",2,PET Plastic,2,PET Plastic,0.9996187686920166,0.00011550560157047585,0.00018381309928372502,0.9996187686920166,6.744092388544232e-05,1.444968074792996e-05
/Users/aswanathjs/Downloads/test9/ai_plastic_waste_management_training/HDPE Plastic/milk_bottles/HDPEM289.jpg,0,HDPE Plastic,0,HDPE Plastic,0.9925450682640076,0.9925450682640076,4.6543649659724906e-05,0.004426963161677122,0.0018190185073763132,0.0011623635655269027
/Users/aswanathjs/Downloads/test9/ai_plastic_waste_management_training/HDPE Plastic/shampoo_bottles/0061_a02b01c1d2e0f1g0h0.jpg,0,HDPE Plastic,0,HDPE Plastic,0.9983250498771667,0.9983250498771667,0.00019552683806978166,0.00048322128714062274,0.0006467988714575768,0.00034945629886351526
/Users/aswanathjs/Downloads/test9/ai_plastic_waste_management_training/HDPE Plastic/shampoo_bottles/0065_a02b03c2d1e0f1g0h4.jpg,0,HDPE Plastic,0,HDPE Plastic,0.9991744160652161,0.9991744160652161,8.329977572429925e-05,0.0002537338878028095,0.00037763500586152077,0.00011091506166849285
"/Users/aswanathjs/Downloads/test9/ai_plastic_waste_management_training/PET Plastic/plastic_bottles/PET1,253.jpg",2,PET Plastic,2,PET Plastic,0.9999488592147827,2.041452898993157e-05,3.134609869448468e-06,0.9999488592147827,2.268812204420101e-05,4.8340407374780625e-06
"/Users/aswanathjs/Downloads/test9/ai_plastic_waste_management_training/PET Plastic/plastic_bottles/PET1,502.jpg",2,PET Plastic,2,PET Plastic,0.9999700784683228,9.594241419108585e-06,9.23030893318355e-06,0.9999700784683228,6.893401405250188e-07,1.0380290405009873e-05
/Users/aswanathjs/Downloads/test9/ai_plastic_waste_management_training/PET Plastic/black_white_plastic_bottles/aznsw_jpg.rf.7864545913a69ecd6256c025d2b5853e.jpg,2,PET Plastic,2,PET Plastic,0.9999809265136719,2.395471767613344e-07,6.973767085582949e-06,0.9999809265136719,3.321122221677797e-06,8.638431609142572e-06
/Users/aswanathjs/Downloads/test9/ai_plastic_waste_management_training/HDPE Plastic/milk_bottles/HDPEM130.jpg,0,HDPE Plastic,0,HDPE Plastic,0.998367965221405,0.998367965221405,0.0002909609756898135,0.0002328729024156928,0.0008498715469613671,0.0002582953602541238
/Users/aswanathjs/Downloads/test9/ai_plastic_waste_management_training/PET Plastic/shampoo_bottles/IMG_20220209_220305.jpg,2,PET Plastic,2,PET Plastic,0.9717162847518921,0.0268428735435009,0.00011435351188993081,0.9717162847518921,0.0007981574744917452,0.000528304313775152
/Users/aswanathjs/Downloads/test9/ai_plastic_waste_management_training/HDPE Plastic/milk_bottles/HDPEM266.jpg,0,HDPE Plastic,0,HDPE Plastic,0.9995602965354919,0.9995602965354919,0.00016977457562461495,4.0879320295061916e-05,0.00019351160153746605,3.555374496500008e-05
/Users/aswanathjs/Downloads/test9/ai_plastic_waste_management_training/HDPE Plastic/milk_bottles/HDPEM11.jpg,0,HDPE Plastic,0,HDPE Plastic,0.997753918170929,0.997753918170929,4.261266076355241e-05,0.0011006253771483898,0.000184859789442271,0.0009180638589896262
/Users/aswanathjs/Downloads/test9/ai_plastic_waste_management_training/HDPE Plastic/shampoo_bottles/0078_a02b07c2d2e0f1g0h1.jpg,0,HDPE Plastic,0,HDPE Plastic,0.9983781576156616,0.9983781576156616,0.00016089362907223403,0.0003243310493417084,0.0009441358270123601,0.00019244385475758463
/Users/aswanathjs/Downloads/test9/ai_plastic_waste_management_training/LDPE Plastic/black_white__plastic_bags/0129_jpg.rf.ae6a8d268dbd6910c95e855cf06cd7f9.jpg,1,LDPE Plastic,1,LDPE Plastic,0.9913188815116882,0.002386028179898858,0.9913188815116882,0.0022116610780358315,0.0015063933096826077,0.0025770210195332766
/Users/aswanathjs/Downloads/test9/ai_plastic_waste_management_training/PET Plastic/black_white_plastic_bottles/amyit_jpg.rf.5a1bf148fd2170f04ec49c8ee841b105.jpg,2,PET Plastic,2,PET Plastic,0.9934481978416443,0.0029379853513091803,0.001429988187737763,0.9934481978416443,0.0009187691030092537,0.001265034545212984
/Users/aswanathjs/Downloads/test9/ai_plastic_waste_management_training/HDPE Plastic/shampoo_bottles/0063_a02b01c1d1e0f1g1h4.jpg,0,HDPE Plastic,0,HDPE Plastic,0.9998869895935059,0.9998869895935059,1.7093022961489623e-06,7.783331966493279e-05,1.686544783296995e-05,1.662514296185691e-05
/Users/aswanathjs/Downloads/test9/ai_plastic_waste_management_training/HDPE Plastic/shampoo_bottles/0063_a02b01c1d1e0f1g1h2.jpg,0,HDPE Plastic,0,HDPE Plastic,0.9995678067207336,0.9995678067207336,1.5763249393785372e-05,0.00022775353863835335,0.0001303182216361165,5.8390396588947624e-05
"/Users/aswanathjs/Downloads/test9/ai_plastic_waste_management_training/PET Plastic/plastic_bottles/PET1,203.jpg",2,PET Plastic,2,PET Plastic,0.9992920160293579,0.00033069332130253315,0.00017305661458522081,0.9992920160293579,2.120982389897108e-05,0.0001830317487474531
/Users/aswanathjs/Downloads/test9/ai_plastic_waste_management_training/PP Plastic/round_containers/0043_a06b01c1d1e0f0g0h4.jpg,3,PP Plastic,3,PP Plastic,0.977766752243042,0.018693653866648674,0.0005955445813015103,0.0012096146820113063,0.977766752243042,0.00173449597787112
/Users/aswanathjs/Downloads/test9/ai_plastic_waste_management_training/HDPE Plastic/shampoo_bottles/0061_a02b01c1d0e0f1g0h3.jpg,0,HDPE Plastic,0,HDPE Plastic,0.9973504543304443,0.9973504543304443,0.00018630556587595493,0.0010974551551043987,0.001049233484081924,0.00031644347473047674
/Users/aswanathjs/Downloads/test9/ai_plastic_waste_management_training/LDPE Plastic/plastic_bags/LDPE-14_jpg.rf.ab69978daed73af447299f1983365e66.jpg,1,LDPE Plastic,1,LDPE Plastic,0.9999831914901733,1.5901209735602606e-06,0.9999831914901733,8.378577149414923e-06,1.5603840211042552e-06,5.27279462403385e-06
/Users/aswanathjs/Downloads/test9/ai_plastic_waste_management_training/HDPE Plastic/shampoo_bottles/0061_a02b01c2d1e0f1g0h1(1).jpg,0,HDPE Plastic,0,HDPE Plastic,0.9996194839477539,0.9996194839477539,8.140848512994125e-05,0.00012164605141151696,8.94481927389279e-05,8.791407890385017e-05
/Users/aswanathjs/Downloads/test9/ai_plastic_waste_management_training/PP Plastic/round_containers/0044_a06b01c1d2e0f0g0h4.jpg,3,PP Plastic,3,PP Plastic,0.9998061060905457,1.1888188055309001e-05,4.314332181820646e-05,6.801601557526737e-05,0.9998061060905457,7.08309598849155e-05
/Users/aswanathjs/Downloads/test9/ai_plastic_waste_management_training/PS Plastic/foam_sheets/PS-738_jpg.rf.16d2cdfe8999d6e332e483dac5beca65.jpg,4,PS Plastic,4,PS Plastic,0.9990383386611938,0.00014595231914427131,0.00020589135237969458,0.000285873917164281,0.00032401143107563257,0.9990383386611938
/Users/aswanathjs/Downloads/test9/ai_plastic_waste_management_training/LDPE Plastic/plastic_bags/plasticbag (120).jpg,1,LDPE Plastic,1,LDPE Plastic,0.9837496280670166,0.0007367440848611295,0.9837496280670166,0.0004071470466442406,0.002498320071026683,0.012608136050403118
/Users/aswanathjs/Downloads/test9/ai_plastic_waste_management_training/HDPE Plastic/detergent_bottles/0096_a02b04c1d1e0f0g0h4.jpg,0,HDPE Plastic,0,HDPE Plastic,0.9990866184234619,0.9990866184234619,0.0003666158299893141,0.00010626165749272332,0.00031572446459904313,0.00012480400619097054
/Users/aswanathjs/Downloads/test9/ai_plastic_waste_management_training/HDPE Plastic/milk_bottles/HDPEM387.jpg,0,HDPE Plastic,0,HDPE Plastic,0.9999041557312012,0.9999041557312012,1.1807162081822753e-05,4.533044375421014e-06,3.0695886380271986e-05,4.8801652155816555e-05
/Users/aswanathjs/Downloads/test9/ai_plastic_waste_management_training/HDPE Plastic/milk_bottles/HDPEM97.jpg,0,HDPE Plastic,0,HDPE Plastic,0.9995818734169006,0.9995818734169006,8.266296390502248e-06,0.00018036398978438228,0.0001561075187055394,7.345941412495449e-05
/Users/aswanathjs/Downloads/test9/ai_plastic_waste_management_training/PP Plastic/irregular_containers/train_PP-77_jpg.rf.4b2f1cf2391ee884d4caa557cc60d005.jpg,3,PP Plastic,3,PP Plastic,0.9968470931053162,5.715720180887729e-05,0.0018403948051854968,0.00026085367426276207,0.9968470931053162,0.0009944725316017866
/Users/aswanathjs/Downloads/test9/ai_plastic_waste_management_training/PS Plastic/foam_containers/Image_23.png,4,PS Plastic,4,PS Plastic,0.42846450209617615,0.14995454251766205,0.2256447821855545,0.010762927122414112,0.18517327308654785,0.42846450209617615
/Users/aswanathjs/Downloads/test9/ai_plastic_waste_management_training/LDPE Plastic/plastic_bags/plasticbag (32).jpg,1,LDPE Plastic,1,LDPE Plastic,0.9986370205879211,0.0005773067241534591,0.9986370205879211,0.0001990970195038244,0.000260888016782701,0.0003257168282289058
/Users/aswanathjs/Downloads/test9/ai_plastic_waste_management_training/LDPE Plastic/plastic_bags/LDPE-316_jpg.rf.83ca2f22ad905e488516a44d976149f5.jpg,1,LDPE Plastic,1,LDPE Plastic,0.9959002137184143,0.00020913666230626404,0.9959002137184143,0.00031158034107647836,0.0006229009595699608,0.0029560821130871773
/Users/aswanathjs/Downloads/test9/ai_plastic_waste_management_training/PS Plastic/foam_containers/0058_a06b01c1d1e0f0g0h2.jpg,4,PS Plastic,4,PS Plastic,0.9992218017578125,0.00010041939094662666,6.154810398584232e-05,0.0001301779702771455,0.0004860039334744215,0.9992218017578125
"/Users/aswanathjs/Downloads/test9/ai_plastic_waste_management_training/PET Plastic/plastic_bottles/PET1,347.jpg",2,PET Plastic,2,PET Plastic,0.9996411800384521,0.00016948464326560497,3.4273212804691866e-05,0.9996411800384521,0.0001244726008735597,3.061859024455771e-05
/Users/aswanathjs/Downloads/test9/ai_plastic_waste_management_training/HDPE Plastic/shampoo_bottles/0077_a02b01c1d0e0f1g0h4.jpg,0,HDPE Plastic,0,HDPE Plastic,0.9821388721466064,0.9821388721466064,0.0005004025297239423,0.016993559896945953,6.267705612117425e-05,0.0003045381745323539
/Users/aswanathjs/Downloads/test9/ai_plastic_waste_management_training/PP Plastic/rectangle_containers/train_PP-34-_jpg.rf.f55235ecaa1a8ecd391b63c35e33b0e1.jpg,3,PP Plastic,3,PP Plastic,0.997809112071991,0.0003136394952889532,0.0009054891997948289,0.00010018899774877355,0.997809112071991,0.00087163713760674
/Users/aswanathjs/Downloads/test9/ai_plastic_waste_management_training/PP Plastic/rectangle_containers_grey/train_PP-34-_jpg.rf.f55235ecaa1a8ecd391b63c35e33b0e1.jpg,3,PP Plastic,3,PP Plastic,0.9978862404823303,0.00023821351351216435,0.0008964152075350285,0.0001926045515574515,0.9978862404823303,0.0007865289808250964
/Users/aswanathjs/Downloads/test9/ai_plastic_waste_management_training/LDPE Plastic/plastic_bags/plasticbag (43).jpg,1,LDPE Plastic,1,LDPE Plastic,0.995345413684845,0.0010015979642048478,0.995345413684845,0.00026444176910445094,0.0013858249876648188,0.0020027116406708956
/Users/aswanathjs/Downloads/test9/ai_plastic_waste_management_training/PET Plastic/plastic_bottles/PET287.jpg,2,PET Plastic,2,PET Plastic,0.991489052772522,0.004423568956553936,0.00020192161900922656,0.991489052772522,0.003309187712147832,0.0005762940854765475
"/Users/aswanathjs/Downloads/test9/ai_plastic_waste_management_training/PET Plastic/plastic_bottles/PET1,285.jpg",2,PET Plastic,2,PET Plastic,0.9996483325958252,8.985493332147598e-05,7.23823977750726e-05,0.9996483325958252,0.00014525237202178687,4.419228571350686e-05
/Users/aswanathjs/Downloads/test9/ai_plastic_waste_management_training/PET Plastic/black_white_plastic_bottles/dbeav_jpg.rf.94dea5a2435a077ef60c927ecc8f40c4.jpg,2,PET Plastic,2,PET Plastic,0.9967650175094604,0.00043560820631682873,0.0008989176130853593,0.9967650175094604,0.00034263223642483354,0.0015577400336042047
/Users/aswanathjs/Downloads/test9/ai_plastic_waste_management_training/PET Plastic/black_white_plastic_bottles/cjdyf_jpg.rf.256e5435b5cf40af12fda51f80f22b06.jpg,2,PET Plastic,2,PET Plastic,0.9989475607872009,0.0001000581614789553,0.00019763111777137965,0.9989475607872009,0.0002510828780941665,0.0005036374204792082
/Users/aswanathjs/Downloads/test9/ai_plastic_waste_management_training/LDPE Plastic/plastic_bags/plasticbag (63).jpg,1,LDPE Plastic,1,LDPE Plastic,0.9997301697731018,2.78653678833507e-05,0.9997301697731018,8.509723556926474e-06,4.504481330513954e-05,0.00018841467681340873
/Users/aswanathjs/Downloads/test9/ai_plastic_waste_management_training/PP Plastic/rectangle_containers/0011_a05b00c2d3e0f0g0h0.jpg,3,PP Plastic,3,PP Plastic,0.9977660179138184,3.400115019758232e-05,4.7375138819916174e-05,0.0021367156878113747,0.9977660179138184,1.592819535289891e-05
/Users/aswanathjs/Downloads/test9/ai_plastic_waste_management_training/PP Plastic/square_containers/0011_a05b00c2d3e0f0g0h0.jpg,3,PP Plastic,3,PP Plastic,0.9977660179138184,3.400115019758232e-05,4.7375138819916174e-05,0.0021367156878113747,0.9977660179138184,1.592819535289891e-05
/Users/aswanathjs/Downloads/test9/ai_plastic_waste_management_training/PET Plastic/shampoo_bottles/0080_a05b00c1d3e0f1g0h4.jpg,2,PET Plastic,2,PET Plastic,0.9986088871955872,0.0007094194297678769,0.00018331980390939862,0.9986088871955872,0.00040901527972891927,8.939100371208042e-05
/Users/aswanathjs/Downloads/test9/ai_plastic_waste_management_training/LDPE Plastic/plastic_bags/plasticbag (67).jpg,1,LDPE Plastic,1,LDPE Plastic,0.9853734374046326,0.0017434197943657637,0.9853734374046326,0.000675338669680059,0.01004328578710556,0.0021644788794219494
/Users/aswanathjs/Downloads/test9/ai_plastic_waste_management_training/HDPE Plastic/milk_bottles/HDPEM118.jpg,0,HDPE Plastic,0,HDPE Plastic,0.9998065829277039,0.9998065829277039,6.996951015025843e-06,5.9403962950455025e-05,8.883163536665961e-05,3.824760642601177e-05
/Users/aswanathjs/Downloads/test9/ai_plastic_waste_management_training/HDPE Plastic/shampoo_bottles/0076_a02b06c2d3e0f1g0h1.jpg,0,HDPE Plastic,0,HDPE Plastic,0.9928414821624756,0.9928414821624756,0.0013772757956758142,0.00017646874766796827,0.00511067034676671,0.0004941446823067963
/Users/aswanathjs/Downloads/test9/ai_plastic_waste_management_training/LDPE Plastic/plastic_bags/LDPE-550_jpg.rf.3fd6e176828d49db1ae5409b73cc46dc.jpg,1,LDPE Plastic,1,LDPE Plastic,0.9987233281135559,8.9698274678085e-05,0.9987233281135559,0.00015872031508479267,0.000757584988605231,0.0002707158273551613
/Users/aswanathjs/Downloads/test9/ai_plastic_waste_management_training/LDPE Plastic/plastic_bags/train_LDPE-35_jpg.rf.83dfa5eda3f82cf88195daaaa429e567.jpg,1,LDPE Plastic,1,LDPE Plastic,0.9981427192687988,0.00048081387649290264,0.9981427192687988,0.00018561244360171258,0.0005239475285634398,0.0006669515278190374
/Users/aswanathjs/Downloads/test9/ai_plastic_waste_management_training/PS Plastic/foam_containers/Image_95.png,4,PS Plastic,4,PS Plastic,0.6312112212181091,0.03384026512503624,0.20745277404785156,0.003679003333672881,0.12381669878959656,0.6312112212181091
"/Users/aswanathjs/Downloads/test9/ai_plastic_waste_management_training/PET Plastic/plastic_bottles/PET1,453.jpg",2,PET Plastic,2,PET Plastic,0.9974797368049622,0.0008039819658733904,9.838739060796797e-05,0.9974797368049622,0.00022845428611617535,0.0013894463190808892
"/Users/aswanathjs/Downloads/test9/ai_plastic_waste_management_training/PET Plastic/plastic_bottles/PET1,060.jpg",2,PET Plastic,2,PET Plastic,0.9999096393585205,2.3829041310818866e-05,5.934420187259093e-06,0.9999096393585205,1.750401861499995e-05,4.303334208088927e-05
/Users/aswanathjs/Downloads/test9/ai_plastic_waste_management_training/LDPE Plastic/plastic_bags/plasticbag (203).jpg,1,LDPE Plastic,1,LDPE Plastic,0.9989919066429138,0.0003612769360188395,0.9989919066429138,0.00015705678379163146,0.00010520507203182206,0.00038458642666228116
"/Users/aswanathjs/Downloads/test9/ai_plastic_waste_management_training/PET Plastic/plastic_bottles/PET1,170.jpg",2,PET Plastic,2,PET Plastic,0.9985963702201843,0.0001140628446592018,0.0007533810567110777,0.9985963702201843,0.00026273223920725286,0.00027345347916707397
/Users/aswanathjs/Downloads/test9/ai_plastic_waste_management_training/HDPE Plastic/detergent_bottles/0098_a02b03c1d3e0f0g0h2.jpg,0,HDPE Plastic,0,HDPE Plastic,0.999240517616272,0.999240517616272,0.0001521049125585705,8.414663170697168e-05,0.00045205585774965584,7.126369746401906e-05
/Users/aswanathjs/Downloads/test9/ai_plastic_waste_management_training/HDPE Plastic/detergent_bottles/0096_a02b04c1d1e0f0g0h0.jpg,0,HDPE Plastic,0,HDPE Plastic,0.9992997646331787,0.9992997646331787,7.531514711445197e-05,0.00024709466379135847,0.00031838883296586573,5.945011434960179e-05
/Users/aswanathjs/Downloads/test9/ai_plastic_waste_management_training/PS Plastic/foam_containers/Image_158.png,4,PS Plastic,4,PS Plastic,0.880728542804718,0.03460219129920006,0.025377076119184494,0.0035104071721434593,0.055781830102205276,0.880728542804718
/Users/aswanathjs/Downloads/test9/ai_plastic_waste_management_training/PET Plastic/plastic_bottles/PET812.jpg,2,PET Plastic,2,PET Plastic,0.9999639987945557,1.472237090638373e-05,7.123572231648723e-06,0.9999639987945557,3.222533678126638e-06,1.0892213140323292e-05
/Users/aswanathjs/Downloads/test9/ai_plastic_waste_management_training/LDPE Plastic/black_white__plastic_bags/0300_jpg.rf.3e144ddad01220b31b104cefe54d3b4f.jpg,1,LDPE Plastic,1,LDPE Plastic,0.9958586096763611,0.0015095744747668505,0.9958586096763611,0.0006039717700332403,0.0012878569541499019,0.0007400382892228663
"/Users/aswanathjs/Downloads/test9/ai_plastic_waste_management_training/PET Plastic/plastic_bottles/PET1,464.jpg",2,PET Plastic,2,PET Plastic,0.9999648332595825,2.5789500796236098e-05,1.2709953125522588e-06,0.9999648332595825,3.6441358588490402e-06,4.491123036132194e-06
/Users/aswanathjs/Downloads/test9/ai_plastic_waste_management_training/PS Plastic/foam_containers/Image_210.png,4,PS Plastic,4,PS Plastic,0.971099853515625,0.0008876684005372226,0.022087423130869865,0.0007338743307627738,0.0051912046037614346,0.971099853515625
/Users/aswanathjs/Downloads/test9/ai_plastic_waste_management_training/PET Plastic/black_white_plastic_bottles/bgptc_jpg.rf.dab44768825d858df269e2ea67e18976.jpg,2,PET Plastic,2,PET Plastic,0.9993870258331299,4.732105298899114e-05,0.00024551188107579947,0.9993870258331299,0.00016098894411697984,0.00015910777437966317
/Users/aswanathjs/Downloads/test9/ai_plastic_waste_management_training/PP Plastic/round_containers/0095_a05b01c1d3e0f0g0h2.jpg,3,PP Plastic,3,PP Plastic,0.9966705441474915,0.00038678396958857775,0.0006974752177484334,0.001905382378026843,0.9966705441474915,0.0003399268025532365
/Users/aswanathjs/Downloads/test9/ai_plastic_waste_management_training/PP Plastic/round_containers_grey/0095_a05b01c1d3e0f0g0h2.jpg,3,PP Plastic,3,PP Plastic,0.9785078763961792,0.0015071603702381253,0.009353113360702991,0.009110142476856709,0.9785078763961792,0.0015217242762446404
/Users/aswanathjs/Downloads/test9/ai_plastic_waste_management_training/HDPE Plastic/detergent_bottles/0096_a02b04c1d3e0f0g0h4.jpg,0,HDPE Plastic,0,HDPE Plastic,0.9963745474815369,0.9963745474815369,0.001315445639193058,0.00010772091627586633,0.0018221278442069888,0.00038006657268851995
/Users/aswanathjs/Downloads/test9/ai_plastic_waste_management_training/HDPE Plastic/milk_bottles/HDPEM254.jpg,0,HDPE Plastic,0,HDPE Plastic,0.998185932636261,0.998185932636261,0.00010380815365351737,0.0014487819280475378,0.00014789063425268978,0.0001136535793193616
/Users/aswanathjs/Downloads/test9/ai_plastic_waste_management_training/PET Plastic/plastic_bottles/PET541.jpg,2,PET Plastic,2,PET Plastic,0.9994596838951111,8.661999891046435e-05,5.183095345273614e-05,0.9994596838951111,0.00010282416769769043,0.000299010454909876
/Users/aswanathjs/Downloads/test9/ai_plastic_waste_management_training/PS Plastic/foam_containers/0058_a06b01c2d1e0f0g0h0.jpg,4,PS Plastic,4,PS Plastic,0.9998749494552612,1.9126633560517803e-05,5.654776487062918e-06,1.0878775356104597e-05,8.94737895578146e-05,0.9998749494552612
/Users/aswanathjs/Downloads/test9/ai_plastic_waste_management_training/PS Plastic/foam_sheets/PS-673_jpg.rf.fddd5ce6f1abf3a0d5b4704101b89be3.jpg,4,PS Plastic,4,PS Plastic,0.9998766183853149,2.0774732547579333e-05,4.135045310249552e-05,2.5870776880765334e-05,3.538521195878275e-05,0.9998766183853149
"/Users/aswanathjs/Downloads/test9/ai_plastic_waste_management_training/PET Plastic/plastic_bottles/PET1,558.jpg",2,PET Plastic,2,PET Plastic,0.9997658133506775,1.685967254161369e-05,5.613072789856233e-05,0.9997658133506775,0.00010539437062107027,5.5889020586619154e-05
/Users/aswanathjs/Downloads/test9/ai_plastic_waste_management_training/LDPE Plastic/black_white__plastic_bags/0000_jpg.rf.d30b3fb31177b9d3bf0d1d6bf0d253ed.jpg,1,LDPE Plastic,1,LDPE Plastic,0.998690664768219,3.222630039090291e-05,0.998690664768219,6.12589719821699e-05,0.0004224672447890043,0.0007933096494525671
/Users/aswanathjs/Downloads/test9/ai_plastic_waste_management_training/PET Plastic/shampoo_bottles/0050_a05b00c1d2e1f1g0h0.jpg,2,PET Plastic,2,PET Plastic,0.9897101521492004,0.00040103672654367983,0.0001763840700732544,0.9897101521492004,0.009407141245901585,0.00030526641057804227
"/Users/aswanathjs/Downloads/test9/ai_plastic_waste_management_training/PET Plastic/plastic_bottles/PET1,441.jpg",2,PET Plastic,2,PET Plastic,0.9994182586669922,0.0004911058349534869,1.0413986274215858e-05,0.9994182586669922,3.394332088646479e-05,4.6363969886442646e-05
/Users/aswanathjs/Downloads/test9/ai_plastic_waste_management_training/LDPE Plastic/plastic_bags/P_W (1375).jpg,1,LDPE Plastic,1,LDPE Plastic,0.9991185069084167,0.00021992229449097067,0.9991185069084167,4.362369509181008e-05,0.0003651342703960836,0.00025280212867073715
/Users/aswanathjs/Downloads/test9/ai_plastic_waste_management_training/HDPE Plastic/detergent_bottles/0039_a02b01c2d1e0f1g0h1.jpg,0,HDPE Plastic,0,HDPE Plastic,0.9991495609283447,0.9991495609283447,0.0003003074671141803,0.00015112769324332476,0.0002583578461781144,0.00014061684487387538
/Users/aswanathjs/Downloads/test9/ai_plastic_waste_management_training/HDPE Plastic/detergent_botteles_grey/0039_a02b01c2d1e0f1g0h1.jpg,0,HDPE Plastic,0,HDPE Plastic,0.9977947473526001,0.9977947473526001,0.0011683825869113207,0.00042428169399499893,0.000384919490898028,0.00022762376465834677
/Users/aswanathjs/Downloads/test9/ai_plastic_waste_management_training/HDPE Plastic/shampoo_bottles/0077_a02b01c2d0e0f1g0h1.jpg,0,HDPE Plastic,0,HDPE Plastic,0.9964237809181213,0.9964237809181213,0.0009518550941720605,0.0017152716172859073,0.0002100101119140163,0.0006992036360315979
/Users/aswanathjs/Downloads/test9/ai_plastic_waste_management_training/HDPE Plastic/milk_bottles/HDPEM1-003_jpg.rf.02cead67f36887e93c67c41f5f1bfa44.jpg,0,HDPE Plastic,0,HDPE Plastic,0.998040497303009,0.998040497303009,0.000866706483066082,0.00024107070930767804,0.0001650886406423524,0.0006867782794870436
/Users/aswanathjs/Downloads/test9/ai_plastic_waste_management_training/PET Plastic/plastic_bottles/PET808.jpg,2,PET Plastic,2,PET Plastic,0.9998514652252197,7.928066770546138e-05,2.4263921659439802e-05,0.9998514652252197,9.613380825612694e-06,3.541075420798734e-05
/Users/aswanathjs/Downloads/test9/ai_plastic_waste_management_training/HDPE Plastic/milk_bottles/HDPEM19.jpg,0,HDPE Plastic,0,HDPE Plastic,0.9995566010475159,0.9995566010475159,4.7422745410585776e-05,0.00011354500747984275,0.00020824540115427226,7.405572250718251e-05
/Users/aswanathjs/Downloads/test9/ai_plastic_waste_management_training/HDPE Plastic/shampoo_bottles/0061_a02b01c2d2e0f1g0h3.jpg,0,HDPE Plastic,0,HDPE Plastic,0.9972859621047974,0.9972859621047974,0.00036469267797656357,0.0001959242217708379,0.0016498153563588858,0.0005035771173425019
/Users/aswanathjs/Downloads/test9/ai_plastic_waste_management_training/LDPE Plastic/bin_bags/Image_162.png,1,LDPE Plastic,1,LDPE Plastic,0.9966649413108826,0.0014537215465679765,0.9966649413108826,0.00012998351303394884,0.0010738847777247429,0.0006774402572773397
/Users/aswanathjs/Downloads/test9/ai_plastic_waste_management_training/PP Plastic/round_containers/Image_162.png,1,LDPE Plastic,1,LDPE Plastic,0.5136311650276184,0.008665649220347404,0.5136311650276184,0.0030295883771032095,0.46262305974960327,0.012050491757690907
/Users/aswanathjs/Downloads/test9/ai_plastic_waste_management_training/PS Plastic/foam_containers/Image_162.png,1,LDPE Plastic,1,LDPE Plastic,0.7242196798324585,0.036277346312999725,0.7242196798324585,0.004650171380490065,0.11264371126890182,0.1222090944647789
/Users/aswanathjs/Downloads/test9/ai_plastic_waste_management_training/HDPE Plastic/milk_bottles/HDPEM206.jpg,0,HDPE Plastic,0,HDPE Plastic,0.9995641112327576,0.9995641112327576,1.965050796570722e-05,5.9958936617476866e-05,0.0002890751347877085,6.722437683492899e-05
/Users/aswanathjs/Downloads/test9/ai_plastic_waste_management_training/PP Plastic/round_containers/0035_a06b01c1d1e0f0g0h4.jpg,3,PP Plastic,3,PP Plastic,0.9998795986175537,1.657961001910735e-05,2.4181024855352007e-05,5.747714021708816e-05,0.9998795986175537,2.2171119780978188e-05
/Users/aswanathjs/Downloads/test9/ai_plastic_waste_management_training/PET Plastic/black_white_plastic_bottles/anclz_jpg.rf.92ecae87db87c10f1c8d75dea103471d.jpg,2,PET Plastic,2,PET Plastic,0.9996893405914307,1.2764988241542596e-05,0.00018106847710441798,0.9996893405914307,3.352101703057997e-05,8.325818635057658e-05
/Users/aswanathjs/Downloads/test9/ai_plastic_waste_management_training/LDPE Plastic/plastic_bags_grey/LDPE-61_jpg.rf.3a5a2fda5a32c4e56371b068fd24c573.jpg,1,LDPE Plastic,1,LDPE Plastic,0.9992831349372864,1.4869894584990107e-05,0.9992831349372864,0.00024139917513821274,8.278470340883359e-05,0.00037784792948514223
/Users/aswanathjs/Downloads/test9/ai_plastic_waste_management_training/LDPE Plastic/plastic_bags/LDPE-61_jpg.rf.3a5a2fda5a32c4e56371b068fd24c573.jpg,1,LDPE Plastic,1,LDPE Plastic,0.9992109537124634,0.0001486334076616913,0.9992109537124634,0.0002598390565253794,0.0001505589607404545,0.00022996854386292398
/Users/aswanathjs/Downloads/test9/ai_plastic_waste_management_training/LDPE Plastic/plastic_bags/LDPE-61_jpg.rf.4814fa8f010b9ef2e752d3f3d967b1c8.jpg,1,LDPE Plastic,1,LDPE Plastic,0.9972555041313171,0.0012180368648841977,0.9972555041313171,0.00019854136917274445,0.00033853622153401375,0.0009893950773403049
"/Users/aswanathjs/Downloads/test9/ai_plastic_waste_management_training/PET Plastic/plastic_bottles/PET1,660.jpg",2,PET Plastic,2,PET Plastic,0.999883770942688,9.814805525820702e-05,5.2956015679228585e-06,0.999883770942688,4.025574526167475e-06,8.775145943218376e-06
/Users/aswanathjs/Downloads/test9/ai_plastic_waste_management_training/HDPE Plastic/milk_bottles/HDPEM437.jpg,0,HDPE Plastic,0,HDPE Plastic,0.9963357448577881,0.9963357448577881,2.7995345590170473e-05,0.002774537308141589,0.00013739927089773118,0.0007242404390126467
/Users/aswanathjs/Downloads/test9/ai_plastic_waste_management_training/LDPE Plastic/bin_bags/Image_152.png,1,LDPE Plastic,1,LDPE Plastic,0.7497208118438721,0.17609745264053345,0.7497208118438721,0.01571250893175602,0.03170831874012947,0.02676086314022541
/Users/aswanathjs/Downloads/test9/ai_plastic_waste_management_training/PP Plastic/square_containers/Image_152.png,1,LDPE Plastic,1,LDPE Plastic,0.6108564138412476,0.0004970633308403194,0.6108564138412476,0.00026136665837839246,0.3784518241882324,0.0099332919344306
/Users/aswanathjs/Downloads/test9/ai_plastic_waste_management_training/PS Plastic/foam_containers/Image_152.png,1,LDPE Plastic,1,LDPE Plastic,0.7490829825401306,0.013954888097941875,0.7490829825401306,0.006419581361114979,0.1853504329919815,0.045192185789346695
/Users/aswanathjs/Downloads/test9/ai_plastic_waste_management_training/PP Plastic/irregular_containers/0036_a05b00c2d1e0f0g0h0.jpg,3,PP Plastic,3,PP Plastic,0.9947383999824524,0.00032910602749325335,0.0029103243723511696,0.0014788919361308217,0.9947383999824524,0.000543235510122031
"/Users/aswanathjs/Downloads/test9/ai_plastic_waste_management_training/HDPE Plastic/milk_bottles/HDPEM1,014.JPG",0,HDPE Plastic,0,HDPE Plastic,0.9990315437316895,0.9990315437316895,9.534782293485478e-06,0.0008105477318167686,2.782099909381941e-05,0.0001205512453452684
/Users/aswanathjs/Downloads/test9/ai_plastic_waste_management_training/LDPE Plastic/plastic_bags/LDPE-5_jpg.rf.c7e9902a1147d1b10e321ad8b4f666c2.jpg,1,LDPE Plastic,1,LDPE Plastic,0.9939765930175781,0.0006047211936675012,0.9939765930175781,0.0018983810441568494,0.00046209845459088683,0.003058213507756591
/Users/aswanathjs/Downloads/test9/ai_plastic_waste_management_training/HDPE Plastic/detergent_bottles/P_W (1078).jpg,0,HDPE Plastic,0,HDPE Plastic,0.9975308775901794,0.9975308775901794,0.000357094599166885,0.000440612668171525,0.0013701216084882617,0.00030127703212201595
/Users/aswanathjs/Downloads/test9/ai_plastic_waste_management_training/PP Plastic/round_containers/0044_a06b01c1d0e0f0g0h1.jpg,3,PP Plastic,3,PP Plastic,0.9957980513572693,0.00015062576858326793,0.0024124637711793184,0.0009109610691666603,0.9957980513572693,0.0007277749828062952
/Users/aswanathjs/Downloads/test9/ai_plastic_waste_management_training/PP Plastic/round_containers/0009_a06b01c1d0e0f0g0h2.jpg,3,PP Plastic,3,PP Plastic,0.9982354640960693,0.00038012120057828724,0.0007106622215360403,0.0005207975045777857,0.9982354640960693,0.0001529829896753654
/Users/aswanathjs/Downloads/test9/ai_plastic_waste_management_training/PET Plastic/shampoo_bottles/0015_a05b00c2d1e1f1g0h3.jpg,2,PET Plastic,2,PET Plastic,0.9997739195823669,2.193201544287149e-05,5.005914772482356e-06,0.9997739195823669,0.000148865015944466,5.024364509154111e-05
/Users/aswanathjs/Downloads/test9/ai_plastic_waste_management_training/HDPE Plastic/milk_bottles/HDPEM258.jpg,0,HDPE Plastic,0,HDPE Plastic,0.9987607002258301,0.9987607002258301,0.00010460334306117147,0.0008030024473555386,0.0001932259474415332,0.00013853104610461742
/Users/aswanathjs/Downloads/test9/ai_plastic_waste_management_training/LDPE Plastic/plastic_bags/plasticbag (109).jpg,1,LDPE Plastic,1,LDPE Plastic,0.9991645812988281,5.69929488847265e-06,0.9991645812988281,1.4468247172771953e-05,0.0007849957910366356,3.023838871740736e-05
/Users/aswanathjs/Downloads/test9/ai_plastic_waste_management_training/LDPE Plastic/plastic_bags/LDPE-583_jpg.rf.4c1a14d59ab4ba0936b3f23635a42c15.jpg,1,LDPE Plastic,1,LDPE Plastic,0.9994328618049622,0.00012691167648881674,0.9994328618049622,0.0001345721393590793,0.00014748713874723762,0.0001581878896104172
/Users/aswanathjs/Downloads/test9/ai_plastic_waste_management_training/HDPE Plastic/detergent_bottles/0096_a02b04c1d2e0f0g0h0.jpg,0,HDPE Plastic,0,HDPE Plastic,0.9974415302276611,0.9974415302276611,8.906386938178912e-05,0.00014633513637818396,0.002219520742073655,0.00010352932440582663
/Users/aswanathjs/Downloads/test9/ai_plastic_waste_management_training/HDPE Plastic/milk_bottles/HDPEM359.jpg,0,HDPE Plastic,0,HDPE Plastic,0.9995548129081726,0.9995548129081726,1.5417524991789833e-05,0.00024093965475913137,0.00014641432790085673,4.245956370141357e-05
/Users/aswanathjs/Downloads/test9/ai_plastic_waste_management_training/PP Plastic/round_containers/IMG_20220209_173657.jpg,3,PP Plastic,3,PP Plastic,0.9998928308486938,1.785055428626947e-05,2.0274721464375034e-05,1.4047855984244961e-05,0.9998928308486938,5.498074824572541e-05
/Users/aswanathjs/Downloads/test9/ai_plastic_waste_management_training/LDPE Plastic/plastic_bags/LDPE-272_jpg.rf.4e7f25c6f9db130c4596ba89621123d2.jpg,1,LDPE Plastic,1,LDPE Plastic,0.9994495511054993,6.960094469832256e-05,0.9994495511054993,0.00013959013449493796,0.00016542595403734595,0.00017593368829693645
/Users/aswanathjs/Downloads/test9/ai_plastic_waste_management_training/HDPE Plastic/shampoo_bottles/0075_a02b01c1d0e0f0g0h4.jpg,0,HDPE Plastic,0,HDPE Plastic,0.9944971203804016,0.9944971203804016,0.0002752078289631754,0.003172268159687519,0.0015160138718783855,0.0005393907194957137
"/Users/aswanathjs/Downloads/test9/ai_plastic_waste_management_training/PET Plastic/plastic_bottles/PET1,103.jpg",2,PET Plastic,2,PET Plastic,0.9963889122009277,0.0009978594025596976,0.0016117808409035206,0.9963889122009277,0.0005191313684917986,0.000482412229757756
/Users/aswanathjs/Downloads/test9/ai_plastic_waste_management_training/LDPE Plastic/plastic_bags/LDPE-270_jpg.rf.f6d5e2bcb00709b3f700d5fbcf849dce.jpg,1,LDPE Plastic,1,LDPE Plastic,0.9985034465789795,0.00022257459932006896,0.9985034465789795,0.00024246962857432663,0.0005325261736288667,0.0004989655571989715
/Users/aswanathjs/Downloads/test9/ai_plastic_waste_management_training/PET Plastic/plastic_bottles/PET514.jpg,2,PET Plastic,2,PET Plastic,0.9998024106025696,8.327212708536536e-05,1.4525583537761122e-05,0.9998024106025696,3.525012289173901e-05,6.447087798733264e-05
/Users/aswanathjs/Downloads/test9/ai_plastic_waste_management_training/LDPE Plastic/plastic_bags/plasticbag (7).jpg,1,LDPE Plastic,1,LDPE Plastic,0.9994958639144897,4.585661372402683e-05,0.9994958639144897,0.00022319561685435474,0.00016124543617479503,7.391286635538563e-05
/Users/aswanathjs/Downloads/test9/ai_plastic_waste_management_training/LDPE Plastic/plastic_bags/plasticbag (7).png,1,LDPE Plastic,1,LDPE Plastic,0.9986384510993958,0.00017129657499026507,0.9986384510993958,0.00020957693050149828,0.0006673164898529649,0.0003134427824988961
"/Users/aswanathjs/Downloads/test9/ai_plastic_waste_management_training/PET Plastic/plastic_bottles/PET1,670.jpg",2,PET Plastic,2,PET Plastic,0.9847361445426941,0.0007794313132762909,0.011990695260465145,0.9847361445426941,0.0010388517985120416,0.0014548395993188024
/Users/aswanathjs/Downloads/test9/ai_plastic_waste_management_training/PS Plastic/foam_containers/styrofoam-148-_jpg.rf.26d009aa3b832ec97a774c06610da1e6.jpg,4,PS Plastic,4,PS Plastic,0.996840238571167,0.0009794126963242888,0.0007316999253816903,0.00026447823620401323,0.0011841219384223223,0.996840238571167
/Users/aswanathjs/Downloads/test9/ai_plastic_waste_management_training/PS Plastic/foam_sheets/PS-508_jpg.rf.6ac5540d7e7275188eca3a373dcca6b2.jpg,4,PS Plastic,4,PS Plastic,0.9989006519317627,0.00035224563907831907,0.00033045283635146916,0.00020871195010840893,0.0002078770485240966,0.9989006519317627
/Users/aswanathjs/Downloads/test9/ai_plastic_waste_management_training/PS Plastic/foam_sheets/PS-763_jpg.rf.118ef12ce4c6fbb53c807d751ea31f6e.jpg,4,PS Plastic,4,PS Plastic,0.9991482496261597,0.0002470548788551241,0.00015056916163302958,0.00019632979820016772,0.0002577985869720578,0.9991482496261597
"/Users/aswanathjs/Downloads/test9/ai_plastic_waste_management_training/PET Plastic/plastic_bottles/PET1,778.jpg",2,PET Plastic,2,PET Plastic,0.9989870190620422,0.0005812197923660278,8.447782602161169e-05,0.9989870190620422,0.0001739536237437278,0.00017338023462798446
/Users/aswanathjs/Downloads/test9/ai_plastic_waste_management_training/LDPE Plastic/plastic_bags/LDPE-279_jpg.rf.b51bf1ea5a10af9f8523007699e5e630.jpg,1,LDPE Plastic,1,LDPE Plastic,0.9985087513923645,0.0001777143479557708,0.9985087513923645,0.00042905323789454997,0.00031033362029120326,0.0005741859786212444
/Users/aswanathjs/Downloads/test9/ai_plastic_waste_management_training/PET Plastic/shampoo_bottles/0050_a05b00c2d2e1f1g0h0.jpg,2,PET Plastic,2,PET Plastic,0.998668909072876,4.526561315287836e-05,3.388107870705426e-05,0.998668909072876,0.0011664206394925714,8.55750113260001e-05
/Users/aswanathjs/Downloads/test9/ai_plastic_waste_management_training/HDPE Plastic/shampoo_bottles/0061_a02b01c2d0e0f1g0h4.jpg,0,HDPE Plastic,0,HDPE Plastic,0.9970853924751282,0.9970853924751282,0.00013320719881448895,0.0004829723038710654,0.0011081667616963387,0.001190332928672433
/Users/aswanathjs/Downloads/test9/ai_plastic_waste_management_training/PET Plastic/black_white_plastic_bottles/cmsfy_jpg.rf.74b37563b2371c3d80c6f8ebbb569889.jpg,2,PET Plastic,2,PET Plastic,0.9999234676361084,5.1101094868499786e-05,1.2077248356945347e-06,0.9999234676361084,3.3128337690868648e-06,2.091334681608714e-05
/Users/aswanathjs/Downloads/test9/ai_plastic_waste_management_training/HDPE Plastic/shampoo_bottles/0061_a02b01c1d1e0f1g0h1.jpg,0,HDPE Plastic,0,HDPE Plastic,0.9996687173843384,0.9996687173843384,5.334835441317409e-05,8.481560507789254e-05,0.00010825478238984942,8.487208106089383e-05
/Users/aswanathjs/Downloads/test9/ai_plastic_waste_management_training/PS Plastic/foam_containers/Image_239.png,4,PS Plastic,4,PS Plastic,0.725348174571991,0.020838260650634766,0.10863149911165237,0.005874490365386009,0.13930758833885193,0.725348174571991
/Users/aswanathjs/Downloads/test9/ai_plastic_waste_management_training/LDPE Plastic/black_white__plastic_bags/0229_jpg.rf.43db647d7481373438f83d562fe10e22.jpg,1,LDPE Plastic,1,LDPE Plastic,0.9996782541275024,2.3838505512685515e-05,0.9996782541275024,0.00010219899559160694,1.883683398773428e-05,0.00017683632904663682
/Users/aswanathjs/Downloads/test9/ai_plastic_waste_management_training/HDPE Plastic/shampoo_bottles/0061_a02b01c1d0e0f1g0h4.jpg,0,HDPE Plastic,0,HDPE Plastic,0.9990761280059814,0.9990761280059814,0.00011039542005164549,0.0002020378306042403,0.0003296637733001262,0.0002817868662532419
/Users/aswanathjs/Downloads/test9/ai_plastic_waste_management_training/PET Plastic/black_white_plastic_bottles/abwiq_jpg.rf.35d594d23a6a3437c12a43c047569fe9.jpg,2,PET Plastic,2,PET Plastic,0.9991282820701599,0.00013221673725638539,0.00013357907300814986,0.9991282820701599,0.00018146130605600774,0.00042451402987353504
/Users/aswanathjs/Downloads/test9/ai_plastic_waste_management_training/PET Plastic/black_white_plastic_bottles/bcihj_jpg.rf.d1246403448e2310d052ea8a6885953e.jpg,2,PET Plastic,2,PET Plastic,0.9993570446968079,0.00047731693484820426,9.920432785293087e-05,0.9993570446968079,7.086024197633378e-06,5.939180846326053e-05
/Users/aswanathjs/Downloads/test9/ai_plastic_waste_management_training/PP Plastic/round_containers/Image_247.png,3,PP Plastic,3,PP Plastic,0.8878560662269592,0.00419623265042901,0.08327407389879227,0.013442974537611008,0.8878560662269592,0.011230616830289364
/Users/aswanathjs/Downloads/test9/ai_plastic_waste_management_training/PS Plastic/foam_containers/Image_247.png,3,PP Plastic,3,PP Plastic,0.9130761027336121,0.004221498966217041,0.018921611830592155,0.001150309108197689,0.9130761027336121,0.06263043731451035
/Users/aswanathjs/Downloads/test9/ai_plastic_waste_management_training/PS Plastic/foam_containers/styrofoam-116-_jpg.rf.77c495a5bd456678ba051f8397934c93.jpg,4,PS Plastic,4,PS Plastic,0.9999908208847046,4.887372142547974e-06,2.0435400074347854e-06,1.1879044450324727e-06,1.0323921060262364e-06,0.9999908208847046
/Users/aswanathjs/Downloads/test9/ai_plastic_waste_management_training/LDPE Plastic/plastic_bags/plasticbag (83).jpg,1,LDPE Plastic,1,LDPE Plastic,0.9980629086494446,1.799081019271398e-06,0.9980629086494446,1.6500111087225378e-05,0.0018879264825955033,3.0797709769103676e-05
/Users/aswanathjs/Downloads/test9/ai_plastic_waste_management_training/PET Plastic/black_white_plastic_bottles/akdtr_jpg.rf.0a33803a2791f55c373c4a4e035193be.jpg,2,PET Plastic,2,PET Plastic,0.999330997467041,4.6808218030491844e-05,6.827209290349856e-05,0.999330997467041,0.000395733310142532,0.00015817282837815583
/Users/aswanathjs/Downloads/test9/ai_plastic_waste_management_training/HDPE Plastic/shampoo_bottles/0076_a02b06c2d2e0f1g0h4.jpg,0,HDPE Plastic,0,HDPE Plastic,0.9920235872268677,0.9920235872268677,0.0012780232354998589,0.0025152117013931274,0.003350290935486555,0.0008329057600349188
/Users/aswanathjs/Downloads/test9/ai_plastic_waste_management_training/LDPE Plastic/black_white__plastic_bags/0159_jpg.rf.79c071387355e4cc8c4989f0fad18fce.jpg,1,LDPE Plastic,1,LDPE Plastic,0.9996401071548462,8.168616477632895e-05,0.9996401071548462,7.191030454123393e-05,3.153066063532606e-05,0.00017468695295974612
/Users/aswanathjs/Downloads/test9/ai_plastic_waste_management_training/LDPE Plastic/plastic_bags/train_LDPE-39_jpg.rf.0a43040e9739e0163aae726e4ae5a364.jpg,1,LDPE Plastic,1,LDPE Plastic,0.9968752861022949,0.0024665070232003927,0.9968752861022949,0.000288857554551214,0.00021518747962545604,0.00015416390669997782
/Users/aswanathjs/Downloads/test9/ai_plastic_waste_management_training/HDPE Plastic/shampoo_bottles/0075_a02b01c2d0e0f0g0h2.jpg,0,HDPE Plastic,0,HDPE Plastic,0.9953585267066956,0.9953585267066956,0.00024287999258376658,0.003979282919317484,0.0003568322863429785,6.253708124859259e-05
/Users/aswanathjs/Downloads/test9/ai_plastic_waste_management_training/PET Plastic/black_white_plastic_bottles/cjliy_jpg.rf.d3fbe741b445c6580f00d43d48f619af.jpg,2,PET Plastic,2,PET Plastic,0.9996919631958008,9.384099394083023e-05,7.930212450446561e-05,0.9996919631958008,2.209741433034651e-05,0.00011275222641415894
/Users/aswanathjs/Downloads/test9/ai_plastic_waste_management_training/PET Plastic/black_white_plastic_bottles/bvwxn_jpg.rf.347921633e39044edb3dfe6a06c4b3e8.jpg,2,PET Plastic,2,PET Plastic,0.9997822642326355,1.641914241190534e-05,0.00014091699267737567,0.9997822642326355,2.0727475202875212e-05,3.9676866435911506e-05
/Users/aswanathjs/Downloads/test9/ai_plastic_waste_management_training/PS Plastic/foam_sheets/PS-550_jpg.rf.b077ebd012550a3ddea244d0c60a8813.jpg,4,PS Plastic,4,PS Plastic,0.9991263747215271,0.0002776115434244275,0.00025244441349059343,0.00014421566447708756,0.00019937437900807709,0.9991263747215271
/Users/aswanathjs/Downloads/test9/ai_plastic_waste_management_training/PET Plastic/black_white_plastic_bottles/ahwmb_jpg.rf.19aebb854d5c32d1e7b0528307c4b015.jpg,2,PET Plastic,2,PET Plastic,0.999243974685669,9.421088179806247e-05,0.00017854162433650345,0.999243974685669,0.00016882133786566556,0.0003145008231513202
/Users/aswanathjs/Downloads/test9/ai_plastic_waste_management_training/HDPE Plastic/shampoo_bottles/0023_a02b01c2d1e0f1g0h2.jpg,0,HDPE Plastic,0,HDPE Plastic,0.9996485710144043,0.9996485710144043,3.8320489693433046e-05,0.0001566156861372292,8.49975403980352e-05,7.14712223270908e-05
/Users/aswanathjs/Downloads/test9/ai_plastic_waste_management_training/PET Plastic/black_white_plastic_bottles/azqbf_jpg.rf.a75cc54cead79edf1d23d3eefe7c0b9f.jpg,2,PET Plastic,2,PET Plastic,0.999194324016571,8.60666114022024e-05,0.00012141076877014711,0.999194324016571,0.00021172799461055547,0.0003864508180413395
/Users/aswanathjs/Downloads/test9/ai_plastic_waste_management_training/HDPE Plastic/milk_bottles/HDPEM577.JPG,0,HDPE Plastic,0,HDPE Plastic,0.9990197420120239,0.9990197420120239,6.776641384931281e-05,0.00044095708290115,0.0003034014080185443,0.0001680183777352795
"/Users/aswanathjs/Downloads/test9/ai_plastic_waste_management_training/PET Plastic/plastic_bottles/PET1,289.jpg",2,PET Plastic,2,PET Plastic,0.9999816417694092,6.246088560146745e-06,1.5509255035794922e-06,0.9999816417694092,4.675601303461008e-06,5.86631404075888e-06
/Users/aswanathjs/Downloads/test9/ai_plastic_waste_management_training/PET Plastic/plastic_bottles/PET734.jpg,2,PET Plastic,2,PET Plastic,0.9989591836929321,0.0007321920711547136,5.812301969854161e-05,0.9989591836929321,2.5868741431622766e-05,0.00022470191470347345
/Users/aswanathjs/Downloads/test9/ai_plastic_waste_management_training/PET Plastic/plastic_bottles/PET716.jpg,2,PET Plastic,2,PET Plastic,0.9999444484710693,6.574084181920625e-06,1.3371936802286655e-05,0.9999444484710693,5.504626187757822e-06,3.0119412258500233e-05
/Users/aswanathjs/Downloads/test9/ai_plastic_waste_management_training/HDPE Plastic/shampoo_bottles/0023_a02b01c1d0e0f1g0h4.jpg,0,HDPE Plastic,0,HDPE Plastic,0.9976195693016052,0.9976195693016052,9.137843881035224e-05,0.0006579818436875939,0.0013836737489327788,0.00024736428167670965
/Users/aswanathjs/Downloads/test9/ai_plastic_waste_management_training/PS Plastic/foam_sheets/PS-699_jpg.rf.e92e566dab8cb8b7087970879c1b7aed.jpg,4,PS Plastic,4,PS Plastic,0.9995324611663818,7.240121340146288e-05,0.00016858334129210562,9.804117871681228e-05,0.00012843406875617802,0.9995324611663818
/Users/aswanathjs/Downloads/test9/ai_plastic_waste_management_training/HDPE Plastic/milk_bottles/HDPEM112.jpg,0,HDPE Plastic,0,HDPE Plastic,0.9993996620178223,0.9993996620178223,0.00013452097482513636,7.726849435130134e-05,0.0002916902885772288,9.691797458799556e-05
/Users/aswanathjs/Downloads/test9/ai_plastic_waste_management_training/PET Plastic/plastic_bottles/PET444.jpg,2,PET Plastic,2,PET Plastic,0.9984320998191833,0.0005620495649054646,0.00016974830941762775,0.9984320998191833,0.00032961121178232133,0.0005064356373623013
/Users/aswanathjs/Downloads/test9/ai_plastic_waste_management_training/PET Plastic/shampoo_bottles/0080_a05b00c2d3e0f1g0h3.jpg,2,PET Plastic,2,PET Plastic,0.9996187686920166,0.00015572310076095164,1.873551263997797e-05,0.9996187686920166,0.00018748908769339323,1.926696495502256e-05
/Users/aswanathjs/Downloads/test9/ai_plastic_waste_management_training/PS Plastic/foam_containers/Image_94.png,4,PS Plastic,4,PS Plastic,0.5429596900939941,0.09328392893075943,0.17743724584579468,0.009474333375692368,0.17684486508369446,0.5429596900939941
/Users/aswanathjs/Downloads/test9/ai_plastic_waste_management_training/LDPE Plastic/black_white__plastic_bags/0175_jpg.rf.ec534cdf954bd3dbf1a5ae488d2c504b.jpg,1,LDPE Plastic,1,LDPE Plastic,0.9990432858467102,0.00027401690022088587,0.9990432858467102,0.0002583774330560118,0.0002801060036290437,0.00014419254148378968
/Users/aswanathjs/Downloads/test9/ai_plastic_waste_management_training/PP Plastic/round_containers/0043_a06b01c2d2e0f0g0h0.jpg,3,PP Plastic,3,PP Plastic,0.9885702729225159,0.00168179243337363,0.007263496983796358,0.0008603499154560268,0.9885702729225159,0.001624114578589797
/Users/aswanathjs/Downloads/test9/ai_plastic_waste_management_training/PP Plastic/round_containers_grey/0043_a06b01c2d2e0f0g0h0.jpg,3,PP Plastic,3,PP Plastic,0.9949980974197388,0.0012644269736483693,0.003238437697291374,7.875916344346479e-05,0.9949980974197388,0.0004202710697427392
/Users/aswanathjs/Downloads/test9/ai_plastic_waste_management_training/PET Plastic/plastic_bottles/PET848.jpg,2,PET Plastic,2,PET Plastic,0.9990365505218506,0.00014380636275745928,0.00016031012637540698,0.9990365505218506,0.00024530268274247646,0.0004140073142480105
/Users/aswanathjs/Downloads/test9/ai_plastic_waste_management_training/PET Plastic/black_white_plastic_bottles/cihfy_jpg.rf.dc7e528302e8d065d63e7346bb517b11.jpg,2,PET Plastic,2,PET Plastic,0.9990032315254211,0.00014730413386132568,0.0005786711699329317,0.9990032315254211,0.00019717993563972414,7.356448622886091e-05
/Users/aswanathjs/Downloads/test9/ai_plastic_waste_management_training/PS Plastic/foam_sheets/PS-695_jpg.rf.3c1624021898952566beda2b041641a0.jpg,4,PS Plastic,4,PS Plastic,0.9994995594024658,7.201595144579187e-05,0.000228022676310502,8.795301255304366e-05,0.00011251657269895077,0.9994995594024658
/Users/aswanathjs/Downloads/test9/ai_plastic_waste_management_training/PET Plastic/black_white_plastic_bottles/birhd_jpg.rf.782360e5be41e7c1f52a890a2b11471d.jpg,2,PET Plastic,2,PET Plastic,0.9994518160820007,8.953815267886966e-05,8.857572538545355e-05,0.9994518160820007,0.0002602179010864347,0.00010996065248036757
/Users/aswanathjs/Downloads/test9/ai_plastic_waste_management_training/PP Plastic/round_containers/0095_a05b01c2d2e0f0g0h0.jpg,3,PP Plastic,3,PP Plastic,0.995893120765686,0.0017108898609876633,0.00047120731323957443,0.0009235585457645357,0.995893120765686,0.001001256867311895
/Users/aswanathjs/Downloads/test9/ai_plastic_waste_management_training/PP Plastic/round_containers/IMG20220210150824.jpg,3,PP Plastic,3,PP Plastic,0.9973324537277222,0.00024800372193567455,0.0015990860993042588,0.00027305944240652025,0.9973324537277222,0.0005474603967741132
/Users/aswanathjs/Downloads/test9/ai_plastic_waste_management_training/PS Plastic/form_containers_grey/styrofoam-128-_jpg.rf.dc796508c08c39ffc4c8b684e09c48ee.jpg,4,PS Plastic,4,PS Plastic,0.9983505010604858,5.437453728518449e-05,0.00015058631834108382,0.0001433269790140912,0.0013012768467888236,0.9983505010604858
/Users/aswanathjs/Downloads/test9/ai_plastic_waste_management_training/PS Plastic/foam_containers/styrofoam-128-_jpg.rf.dc796508c08c39ffc4c8b684e09c48ee.jpg,4,PS Plastic,4,PS Plastic,0.9997698664665222,5.241371127340244e-06,9.672072337707505e-06,7.47680041968124e-06,0.00020767078967764974,0.9997698664665222
"/Users/aswanathjs/Downloads/test9/ai_plastic_waste_management_training/PET Plastic/plastic_bottles/PET1,537.jpg",2,PET Plastic,2,PET Plastic,0.99994957447052,1.5017697478469927e-05,1.2153573152318131e-05,0.99994957447052,1.962884380191099e-05,3.601391881602467e-06
/Users/aswanathjs/Downloads/test9/ai_plastic_waste_management_training/PET Plastic/shampoo_bottles/0050_a05b00c1d3e1f1g0h1.jpg,2,PET Plastic,2,PET Plastic,0.9959250688552856,0.002931345719844103,2.7391772164264694e-05,0.9959250688552856,0.0006973806885071099,0.0004187763261143118
/Users/aswanathjs/Downloads/test9/ai_plastic_waste_management_training/PP Plastic/round_containers/0035_a06b01c2d2e0f0g0h3.jpg,3,PP Plastic,3,PP Plastic,0.9998366832733154,3.8764963392168283e-05,3.650188591564074e-05,6.262756505748257e-05,0.9998366832733154,2.5428966182516888e-05
/Users/aswanathjs/Downloads/test9/ai_plastic_waste_management_training/PS Plastic/foam_sheets/PS-794_jpg.rf.504af203eb7fd15f4f5b87fa8fa3b980.jpg,4,PS Plastic,4,PS Plastic,0.9981042146682739,0.00035229252534918487,0.00023214536486193538,0.0005321797216311097,0.0007791510433889925,0.9981042146682739
/Users/aswanathjs/Downloads/test9/ai_plastic_waste_management_training/PP Plastic/rectangle_containers/0011_a05b00c1d2e0f0g0h2.jpg,3,PP Plastic,3,PP Plastic,0.9962100982666016,0.00025468505918979645,9.181200584862381e-05,0.003196136560291052,0.9962100982666016,0.00024723279057070613
/Users/aswanathjs/Downloads/test9/ai_plastic_waste_management_training/PP Plastic/square_containers/0011_a05b00c1d2e0f0g0h2.jpg,3,PP Plastic,3,PP Plastic,0.9962100982666016,0.00025468505918979645,9.181200584862381e-05,0.003196136560291052,0.9962100982666016,0.00024723279057070613
/Users/aswanathjs/Downloads/test9/ai_plastic_waste_management_training/PET Plastic/plastic_bottles/PET696.jpg,2,PET Plastic,2,PET Plastic,0.9991480112075806,6.695178308291361e-05,0.00026320398319512606,0.9991480112075806,0.0001777252327883616,0.00034404126927256584
/Users/aswanathjs/Downloads/test9/ai_plastic_waste_management_training/LDPE Plastic/plastic_bags/LDPE-704_jpg.rf.34532ea5cacded7ae668174a99844c8a.jpg,1,LDPE Plastic,1,LDPE Plastic,0.9988799691200256,0.0001900862844195217,0.9988799691200256,0.00015643380174878985,0.0005461865221150219,0.00022732350043952465
/Users/aswanathjs/Downloads/test9/ai_plastic_waste_management_training/PS Plastic/foam_containers/Image_248.png,4,PS Plastic,4,PS Plastic,0.9308926463127136,0.0024230286944657564,0.03978688642382622,0.00027231176500208676,0.026625046506524086,0.9308926463127136
/Users/aswanathjs/Downloads/test9/ai_plastic_waste_management_training/LDPE Plastic/plastic_bags/LDPE-551_jpg.rf.a76ec903626d6b99a03ba76012eb391a.jpg,1,LDPE Plastic,1,LDPE Plastic,0.9998223185539246,3.449445284786634e-05,0.9998223185539246,2.772291554720141e-05,5.9614088968373835e-05,5.5909560614963993e-05
/Users/aswanathjs/Downloads/test9/ai_plastic_waste_management_training/PS Plastic/foam_sheets/PS-595_jpg.rf.09c5947aeb8f35f92f048f22770baf29.jpg,4,PS Plastic,4,PS Plastic,0.9986662864685059,0.0003872798988595605,0.0005446433206088841,0.0001560548262204975,0.00024578653392381966,0.9986662864685059
/Users/aswanathjs/Downloads/test9/ai_plastic_waste_management_training/LDPE Plastic/plastic_bags/P_W (1389).jpg,1,LDPE Plastic,1,LDPE Plastic,0.9734219908714294,0.00021218664187472314,0.9734219908714294,0.0004446043458301574,0.02458084374666214,0.0013403359334915876
/Users/aswanathjs/Downloads/test9/ai_plastic_waste_management_training/PS Plastic/foam_sheets/PS-657_jpg.rf.b74f772b0d3b3293dd98a5fe246afc9a.jpg,4,PS Plastic,4,PS Plastic,0.9992294311523438,0.0001020425115711987,0.00034755453816615045,0.00012605160009115934,0.0001949486177181825,0.9992294311523438
/Users/aswanathjs/Downloads/test9/ai_plastic_waste_management_training/PS Plastic/foam_sheets/Plastic_373_jpg.rf.57c2ab317eb755eb7c0af504646ad545.jpg,4,PS Plastic,4,PS Plastic,0.9997082352638245,4.695754250860773e-05,9.892906382447109e-05,6.374919757945463e-05,8.210647501982749e-05,0.9997082352638245
/Users/aswanathjs/Downloads/test9/ai_plastic_waste_management_training/HDPE Plastic/milk_bottles/HDPEM562.JPG,0,HDPE Plastic,0,HDPE Plastic,0.9989432692527771,0.9989432692527771,3.5000648495042697e-05,0.0009430107893422246,2.7722404411179014e-05,5.0946822739206254e-05
/Users/aswanathjs/Downloads/test9/ai_plastic_waste_management_training/HDPE Plastic/shampoo_bottles/0078_a02b07c1d3e0f1g0h4.jpg,0,HDPE Plastic,0,HDPE Plastic,0.9922415018081665,0.9922415018081665,0.0002498355752322823,0.0017723600612953305,0.005371651146560907,0.0003646175900939852
/Users/aswanathjs/Downloads/test9/ai_plastic_waste_management_training/LDPE Plastic/plastic_bags/train_LDPE-57_jpg.rf.c0097a45e2a6be95f291d98eb9e696d4.jpg,1,LDPE Plastic,1,LDPE Plastic,0.9984097480773926,0.0004235587257426232,0.9984097480773926,0.0003063141484744847,0.00030106399208307266,0.0005592251545749605
/Users/aswanathjs/Downloads/test9/ai_plastic_waste_management_training/LDPE Plastic/plastic_bags/plasticbag (162).jpg,1,LDPE Plastic,1,LDPE Plastic,0.9927471280097961,0.0007349986117333174,0.9927471280097961,0.00037998362677171826,0.005307516548782587,0.0008303579525090754
/Users/aswanathjs/Downloads/test9/ai_plastic_waste_management_training/HDPE Plastic/shampoo_bottles/0063_a02b01c1d3e0f1g1h2.jpg,0,HDPE Plastic,0,HDPE Plastic,0.998913049697876,0.998913049697876,0.0002620734740048647,0.00022146638366393745,0.00041245296597480774,0.0001910387072712183
/Users/aswanathjs/Downloads/test9/ai_plastic_waste_management_training/HDPE Plastic/milk_bottles/HDPEM50.jpg,0,HDPE Plastic,0,HDPE Plastic,0.9850034117698669,0.9850034117698669,0.0005214275442995131,0.009590397588908672,0.004259854555130005,0.0006248740828596056
/Users/aswanathjs/Downloads/test9/ai_plastic_waste_management_training/HDPE Plastic/detergent_bottles/IMG_20220209_220237.jpg,0,HDPE Plastic,0,HDPE Plastic,0.9384771585464478,0.9384771585464478,0.004889950156211853,0.05300264433026314,0.002598205814138055,0.0010320806177332997
/Users/aswanathjs/Downloads/test9/ai_plastic_waste_management_training/LDPE Plastic/bin_bags/LDPE209-Photoroom_0_9487_jpg.rf.e4c28eea566645d81b5773905e0b7a00.jpg,1,LDPE Plastic,1,LDPE Plastic,0.9978262782096863,0.00035041439696215093,0.9978262782096863,1.0938567356788553e-05,0.0007453027064912021,0.0010670415358617902
/Users/aswanathjs/Downloads/test9/ai_plastic_waste_management_training/LDPE Plastic/bin_bags/LDPE209-Photoroom_0_9487_jpg.rf.8eac7da1abbe68883aae72ef4c2c4355.jpg,1,LDPE Plastic,1,LDPE Plastic,0.9974289536476135,0.000258684711297974,0.9974289536476135,1.192953914141981e-05,0.002077199053019285,0.00022321696451399475
/Users/aswanathjs/Downloads/test9/ai_plastic_waste_management_training/LDPE Plastic/bin_bags_grey/LDPE209-Photoroom_0_9487_jpg.rf.8eac7da1abbe68883aae72ef4c2c4355.jpg,1,LDPE Plastic,1,LDPE Plastic,0.9962857961654663,0.00018980084860231727,0.9962857961654663,0.00018020626157522202,0.0015300712548196316,0.0018141382606700063
/Users/aswanathjs/Downloads/test9/ai_plastic_waste_management_training/LDPE Plastic/plastic_bags/LDPE-284_jpg.rf.b1f03d66dd220fb47fc66de07bab4a54.jpg,1,LDPE Plastic,1,LDPE Plastic,0.9993745684623718,9.561685874359682e-05,0.9993745684623718,0.0002011926262639463,0.00011311734124319628,0.0002155601978302002
/Users/aswanathjs/Downloads/test9/ai_plastic_waste_management_training/HDPE Plastic/shampoo_bottles/0023_a02b01c2d0e0f1g0h0.jpg,0,HDPE Plastic,0,HDPE Plastic,0.9941051006317139,0.9941051006317139,0.0005399638321250677,0.0007179609383456409,0.004172630608081818,0.0004643397987820208
/Users/aswanathjs/Downloads/test9/ai_plastic_waste_management_training/PS Plastic/foam_sheets/PS-708_jpg.rf.b5d5e8af61a901af1bf72380443a96d6.jpg,4,PS Plastic,4,PS Plastic,0.9993046522140503,0.00023270625388249755,0.00011738962348317727,0.00018481635197531432,0.00016053124272730201,0.9993046522140503
/Users/aswanathjs/Downloads/test9/ai_plastic_waste_management_training/LDPE Plastic/black_white__plastic_bags/0270_jpg.rf.09bcedb78cbe5e175c675d01e5d99e1f.jpg,1,LDPE Plastic,1,LDPE Plastic,0.9971389770507812,0.0009698944049887359,0.9971389770507812,0.0012306035496294498,0.00033377151703462005,0.00032676683622412384
"/Users/aswanathjs/Downloads/test9/ai_plastic_waste_management_training/PET Plastic/plastic_bottles/PET1,741.jpg",2,PET Plastic,2,PET Plastic,0.9989118576049805,0.0009497605497017503,3.8097445212770253e-05,0.9989118576049805,5.980893911328167e-05,4.053194061270915e-05
/Users/aswanathjs/Downloads/test9/ai_plastic_waste_management_training/LDPE Plastic/plastic_bags_grey/LDPE-486_jpg.rf.bc1031eb3c1002b9e60695a48b68d0c7.jpg,1,LDPE Plastic,1,LDPE Plastic,0.9984632730484009,0.00033682805951684713,0.9984632730484009,0.000660414807498455,0.000270616146735847,0.0002688579261302948
/Users/aswanathjs/Downloads/test9/ai_plastic_waste_management_training/LDPE Plastic/plastic_bags/LDPE-486_jpg.rf.bc1031eb3c1002b9e60695a48b68d0c7.jpg,1,LDPE Plastic,1,LDPE Plastic,0.9997300505638123,2.622681495267898e-05,0.9997300505638123,0.00014214040129445493,5.007315849070437e-05,5.1573009841376916e-05
/Users/aswanathjs/Downloads/test9/ai_plastic_waste_management_training/PS Plastic/foam_containers/styrofoam-8-_jpg.rf.014c7bfb4fbb9cfb65165b099a2e620a.jpg,4,PS Plastic,4,PS Plastic,0.9652868509292603,0.0018219547346234322,0.006669977679848671,0.0004963345709256828,0.025724953040480614,0.9652868509292603
/Users/aswanathjs/Downloads/test9/ai_plastic_waste_management_training/PP Plastic/square_containers/Image_154.png,3,PP Plastic,3,PP Plastic,0.9429301023483276,0.010505042970180511,0.029645944014191628,0.006172146648168564,0.9429301023483276,0.010746777057647705
/Users/aswanathjs/Downloads/test9/ai_plastic_waste_management_training/PS Plastic/foam_containers/Image_154.png,3,PP Plastic,3,PP Plastic,0.6919156312942505,0.005215879064053297,0.023043479770421982,0.005394371692091227,0.6919156312942505,0.27443066239356995
"/Users/aswanathjs/Downloads/test9/ai_plastic_waste_management_training/PET Plastic/plastic_bottles/PET1,505.jpg",2,PET Plastic,2,PET Plastic,0.9997891783714294,8.793772576609626e-05,1.6980800864985213e-05,0.9997891783714294,7.686371827730909e-05,2.9134640499250963e-05
/Users/aswanathjs/Downloads/test9/ai_plastic_waste_management_training/PP Plastic/round_containers/IMG_20220210_105626.jpg,3,PP Plastic,3,PP Plastic,0.9976261258125305,0.0005296221934258938,8.821894880384207e-05,0.00015138849266804755,0.9976261258125305,0.0016045889351516962
/Users/aswanathjs/Downloads/test9/ai_plastic_waste_management_training/PP Plastic/square_containers/IMG20220210150448.jpg,3,PP Plastic,3,PP Plastic,0.9840096831321716,0.0060944524593651295,0.005051411688327789,0.0009818081744015217,0.9840096831321716,0.0038625553715974092
/Users/aswanathjs/Downloads/test9/ai_plastic_waste_management_training/PP Plastic/irregular_containers/valid_PP-73-_jpg.rf.7edbb04a95e51deadc234f1d5848eb89.jpg,3,PP Plastic,3,PP Plastic,0.9902770519256592,0.00291061750613153,0.0027035523671656847,0.001466764253564179,0.9902770519256592,0.002642039442434907
/Users/aswanathjs/Downloads/test9/ai_plastic_waste_management_training/PP Plastic/irregular_containers_grey/valid_PP-73-_jpg.rf.7edbb04a95e51deadc234f1d5848eb89.jpg,3,PP Plastic,3,PP Plastic,0.9902039766311646,0.0025629806332290173,0.0034757168032228947,0.001114065875299275,0.9902039766311646,0.002643217798322439
/Users/aswanathjs/Downloads/test9/ai_plastic_waste_management_training/HDPE Plastic/shampoo_bottles/0023_a02b01c1d0e0f1g0h0.jpg,0,HDPE Plastic,0,HDPE Plastic,0.9980818033218384,0.9980818033218384,0.00012393767246976495,0.0004105976549908519,0.0012738574296236038,0.00010983265383401886
/Users/aswanathjs/Downloads/test9/ai_plastic_waste_management_training/HDPE Plastic/detergent_bottles/0039_a02b01c2d1e0f1g0h0.jpg,0,HDPE Plastic,0,HDPE Plastic,0.9998409748077393,0.9998409748077393,3.5424094676272944e-05,3.9237162127392367e-05,4.9367059546057135e-05,3.499096419545822e-05
/Users/aswanathjs/Downloads/test9/ai_plastic_waste_management_training/LDPE Plastic/plastic_bags/LDPE-648_jpg.rf.ca2ff2c8cb1057efd133fef3d3b151be.jpg,1,LDPE Plastic,1,LDPE Plastic,0.9944708347320557,0.0011376207694411278,0.9944708347320557,0.001022311276756227,0.0017668622313067317,0.00160236528608948
/Users/aswanathjs/Downloads/test9/ai_plastic_waste_management_training/PET Plastic/shampoo_bottles/0050_a05b00c1d0e1f1g0h2.jpg,2,PET Plastic,2,PET Plastic,0.9970957040786743,0.0020327307283878326,5.809138383483514e-05,0.9970957040786743,0.0002617848222143948,0.0005516787059605122
/Users/aswanathjs/Downloads/test9/ai_plastic_waste_management_training/LDPE Plastic/plastic_bags/plasticbag (96).jpg,1,LDPE Plastic,1,LDPE Plastic,0.9970176219940186,0.0004262517613824457,0.9970176219940186,0.0007472316501662135,0.0008854249608702958,0.0009234135504812002
"/Users/aswanathjs/Downloads/test9/ai_plastic_waste_management_training/PET Plastic/plastic_bottles/PET1,087.jpg",2,PET Plastic,2,PET Plastic,0.9990359544754028,0.0002899348037317395,0.0002888025192078203,0.9990359544754028,0.00011877325596287847,0.0002665510983206332
"/Users/aswanathjs/Downloads/test9/ai_plastic_waste_management_training/PET Plastic/plastic_bottles/PET1,323.jpg",2,PET Plastic,2,PET Plastic,0.9997177720069885,0.00010982388630509377,1.0668372851796448e-05,0.9997177720069885,3.823538645519875e-05,0.0001235251984326169
/Users/aswanathjs/Downloads/test9/ai_plastic_waste_management_training/PET Plastic/black_white_plastic_bottles/cwfhv_jpg.rf.15e8353c25daaaf591a6f2b7f36c06a1.jpg,2,PET Plastic,2,PET Plastic,0.9989495873451233,0.00025409276713617146,0.00028170549194328487,0.9989495873451233,0.00012528305524028838,0.00038928166031837463
/Users/aswanathjs/Downloads/test9/ai_plastic_waste_management_training/PP Plastic/round_containers/0031_a05b01c1d2e0f0g0h2.jpg,3,PP Plastic,3,PP Plastic,0.9945551156997681,0.0037002521567046642,0.0003127025265712291,0.0006659437785856426,0.9945551156997681,0.000766086217481643
"/Users/aswanathjs/Downloads/test9/ai_plastic_waste_management_training/PET Plastic/plastic_bottles/PET1,438.jpg",2,PET Plastic,2,PET Plastic,0.9989166259765625,0.00047669067862443626,4.741828888654709e-05,0.9989166259765625,0.0003568595857359469,0.0002023734850808978
/Users/aswanathjs/Downloads/test9/ai_plastic_waste_management_training/LDPE Plastic/black_white__plastic_bags/0087_jpg.rf.3559b8e0d49b0752aae11d7f9a50ce15.jpg,1,LDPE Plastic,1,LDPE Plastic,0.9979308843612671,0.0001689503842499107,0.9979308843612671,0.0007763680187053978,0.0008061917615123093,0.00031761176069267094
/Users/aswanathjs/Downloads/test9/ai_plastic_waste_management_training/HDPE Plastic/shampoo_bottles/0061_a02b01c1d3e0f1g0h0(1).jpg,0,HDPE Plastic,0,HDPE Plastic,0.9997128844261169,0.9997128844261169,6.667052366537973e-05,2.8058404495823197e-05,9.653410234022886e-05,9.590680565452203e-05
/Users/aswanathjs/Downloads/test9/ai_plastic_waste_management_training/LDPE Plastic/plastic_bags/LDPE-461_jpg.rf.3cc1c5434d59d363f6ee298032099ae3.jpg,1,LDPE Plastic,1,LDPE Plastic,0.9984365105628967,0.0006000467110425234,0.9984365105628967,0.00010338306310586631,0.000673971138894558,0.00018605063087306917
/Users/aswanathjs/Downloads/test9/ai_plastic_waste_management_training/LDPE Plastic/plastic_bags/plasticbag (38).jpg,1,LDPE Plastic,1,LDPE Plastic,0.999605119228363,9.026079351315275e-05,0.999605119228363,2.1022508008172736e-05,0.0002596288686618209,2.3965156287886202e-05
/Users/aswanathjs/Downloads/test9/ai_plastic_waste_management_training/PET Plastic/black_white_plastic_bottles/bofnj_jpg.rf.bf1a0b0e5b4ef201d8c440d009d8288f.jpg,2,PET Plastic,2,PET Plastic,0.9974017143249512,0.00012643809895962477,0.0010530356084927917,0.9974017143249512,0.000759607763029635,0.0006592848803848028
/Users/aswanathjs/Downloads/test9/ai_plastic_waste_management_training/HDPE Plastic/milk_bottles/HDPEM378.jpg,0,HDPE Plastic,0,HDPE Plastic,0.997129499912262,0.997129499912262,0.0009390073828399181,0.0006029268261045218,0.0009046576451510191,0.00042402796680107713
/Users/aswanathjs/Downloads/test9/ai_plastic_waste_management_training/PS Plastic/foam_sheets/PS-526_jpg.rf.e957c443cff44bdeb1ef2423588cd6d2.jpg,4,PS Plastic,4,PS Plastic,0.9997033476829529,2.7731884983950295e-05,8.969172631623223e-05,4.518223067861982e-05,0.0001339867594651878,0.9997033476829529
/Users/aswanathjs/Downloads/test9/ai_plastic_waste_management_training/PET Plastic/shampoo_bottles/0015_a05b00c2d0e1f1g0h3.jpg,2,PET Plastic,2,PET Plastic,0.9996846914291382,2.8869655579910614e-05,4.507810899667675e-06,0.9996846914291382,0.00021336630743462592,6.863337330287322e-05
/Users/aswanathjs/Downloads/test9/ai_plastic_waste_management_training/HDPE Plastic/shampoo_bottles/0078_a02b07c1d2e0f1g0h2.jpg,0,HDPE Plastic,0,HDPE Plastic,0.9990124702453613,0.9990124702453613,0.00023478166258428246,3.216494951630011e-05,0.0006709261215291917,4.963494939147495e-05
/Users/aswanathjs/Downloads/test9/ai_plastic_waste_management_training/HDPE Plastic/milk_bottles/HDPEM279.jpg,0,HDPE Plastic,0,HDPE Plastic,0.999764621257782,0.999764621257782,7.517469202866778e-05,2.0024637706228532e-05,0.00010931752331089228,3.0867136956658214e-05
/Users/aswanathjs/Downloads/test9/ai_plastic_waste_management_training/PET Plastic/plastic_bottles/PET359.jpg,2,PET Plastic,2,PET Plastic,0.9997571110725403,3.588575418689288e-05,0.0001238836266566068,0.9997571110725403,3.75521085516084e-05,4.550388257484883e-05
/Users/aswanathjs/Downloads/test9/ai_plastic_waste_management_training/HDPE Plastic/shampoo_bottles/0099_a02b01c2d0e0f1g0h2.jpg,0,HDPE Plastic,0,HDPE Plastic,0.999477207660675,0.999477207660675,1.305737896473147e-05,0.0004288184572942555,2.5768886189325713e-05,5.51941484445706e-05
/Users/aswanathjs/Downloads/test9/ai_plastic_waste_management_training/PET Plastic/black_white_plastic_bottles/bypgz_jpg.rf.6b5039bb8ba06ded671996e3de7c9c8f.jpg,2,PET Plastic,2,PET Plastic,0.9997554421424866,0.00011451892351033166,4.235624510329217e-05,0.9997554421424866,3.991573612438515e-05,4.781258394359611e-05
/Users/aswanathjs/Downloads/test9/ai_plastic_waste_management_training/LDPE Plastic/plastic_bags/train_LDPE-67_jpg.rf.371818905ea21870f8305b35e5a20d8f.jpg,1,LDPE Plastic,1,LDPE Plastic,0.9976007342338562,0.0003162136417813599,0.9976007342338562,0.0006949880043976009,0.0005122177535668015,0.0008758593467064202
"/Users/aswanathjs/Downloads/test9/ai_plastic_waste_management_training/PET Plastic/plastic_bottles/PET1,534.jpg",2,PET Plastic,2,PET Plastic,0.9999946355819702,4.431216893863166e-06,3.8069185848144116e-07,0.9999946355819702,3.166954911648645e-07,2.586598100151605e-07
/Users/aswanathjs/Downloads/test9/ai_plastic_waste_management_training/HDPE Plastic/milk_bottles/HDPEM55.jpg,0,HDPE Plastic,0,HDPE Plastic,0.993380069732666,0.993380069732666,0.0005481208791024983,0.0008954720688052475,0.004165487829595804,0.0010107815032824874
/Users/aswanathjs/Downloads/test9/ai_plastic_waste_management_training/PP Plastic/square_containers/Image_99.png,3,PP Plastic,3,PP Plastic,0.7687872052192688,0.01009196974337101,0.19848620891571045,0.006924245972186327,0.7687872052192688,0.01571030169725418
/Users/aswanathjs/Downloads/test9/ai_plastic_waste_management_training/PS Plastic/foam_containers/Image_99.png,3,PP Plastic,3,PP Plastic,0.8911436796188354,0.008870303630828857,0.0725957378745079,0.0045853788033127785,0.8911436796188354,0.022804904729127884
/Users/aswanathjs/Downloads/test9/ai_plastic_waste_management_training/PET Plastic/black_white_plastic_bottles/agrfh_jpg.rf.e212b78d5d7b9a9e205dfb3c0431323e.jpg,2,PET Plastic,2,PET Plastic,0.9995388984680176,5.5545660870848224e-05,9.946226055035368e-05,0.9995388984680176,6.14794553257525e-05,0.0002445827703922987
/Users/aswanathjs/Downloads/test9/ai_plastic_waste_management_training/PS Plastic/foam_sheets/PS-582_jpg.rf.c7df3018db463471aea3bd9af3949550.jpg,4,PS Plastic,4,PS Plastic,0.9998050332069397,2.8977485271752812e-05,6.504216435132548e-05,4.3330561311449856e-05,5.76252605242189e-05,0.9998050332069397
/Users/aswanathjs/Downloads/test9/ai_plastic_waste_management_training/HDPE Plastic/shampoo_bottles/0065_a02b03c1d1e0f1g0h1.jpg,0,HDPE Plastic,0,HDPE Plastic,0.9967803955078125,0.9967803955078125,0.0006792794447392225,0.0003636897017713636,0.0015045399777591228,0.0006720903911627829
/Users/aswanathjs/Downloads/test9/ai_plastic_waste_management_training/LDPE Plastic/bubble_wrap/LDPE-99_jpg.rf.3d7ba029688b7036c8fa6f12db518e20.jpg,1,LDPE Plastic,1,LDPE Plastic,0.9998118281364441,1.6507978216395713e-05,0.9998118281364441,3.190185088897124e-05,7.114902837201953e-05,6.859387212898582e-05
/Users/aswanathjs/Downloads/test9/ai_plastic_waste_management_training/LDPE Plastic/bubble_wrap/LDPE-99_jpg.rf.c4d2980e5e5103a668d39b9de1b680c6.jpg,1,LDPE Plastic,1,LDPE Plastic,0.9987809062004089,7.246623135870323e-05,0.9987809062004089,0.00014882655523251742,0.0007196668302640319,0.00027819949900731444
/Users/aswanathjs/Downloads/test9/ai_plastic_waste_management_training/HDPE Plastic/detergent_bottles/0010_a02b01c2d0e0f1g0h2.jpg,0,HDPE Plastic,0,HDPE Plastic,0.9982271790504456,0.9982271790504456,4.808502126252279e-05,0.001401553745381534,0.00019505938689690083,0.00012821472773794085
/Users/aswanathjs/Downloads/test9/ai_plastic_waste_management_training/HDPE Plastic/milk_bottles/HDPEM558.JPG,0,HDPE Plastic,0,HDPE Plastic,0.9995513558387756,0.9995513558387756,3.676045889733359e-05,3.630122228059918e-05,0.00015959776646923274,0.00021593866404145956
/Users/aswanathjs/Downloads/test9/ai_plastic_waste_management_training/PS Plastic/foam_containers/styrofoam-123-_jpg.rf.1b0a7d0c0d6721e571b69c9b9545d4d8.jpg,4,PS Plastic,4,PS Plastic,0.9999343156814575,8.191606866603252e-06,1.716640872473363e-05,1.861934106273111e-05,2.163404496968724e-05,0.9999343156814575
/Users/aswanathjs/Downloads/test9/ai_plastic_waste_management_training/PET Plastic/plastic_bottles/PET528.jpg,2,PET Plastic,2,PET Plastic,0.999424934387207,9.661891817813739e-05,8.415197225986049e-05,0.999424934387207,0.00022252774215303361,0.00017178530106320977
/Users/aswanathjs/Downloads/test9/ai_plastic_waste_management_training/PET Plastic/black_white_plastic_bottles/bhnvi_jpg.rf.5feba821cab0a965022c48101bc4e810.jpg,2,PET Plastic,2,PET Plastic,0.9997956156730652,5.7252615079050884e-05,1.823384991439525e-05,0.9997956156730652,6.407502223737538e-05,6.479613512055948e-05
/Users/aswanathjs/Downloads/test9/ai_plastic_waste_management_training/LDPE Plastic/black_white__plastic_bags/0260_jpg.rf.5cc83009a56d0bd1362da63c51f3debb.jpg,1,LDPE Plastic,1,LDPE Plastic,0.9976939558982849,0.000278864405117929,0.9976939558982849,0.0010788212530314922,0.0004188480961602181,0.000529497570823878
/Users/aswanathjs/Downloads/test9/ai_plastic_waste_management_training/LDPE Plastic/plastic_bags/LDPE-174_jpg.rf.ba724e61131407fce8f435d26f554207.jpg,1,LDPE Plastic,1,LDPE Plastic,0.9948874115943909,0.00038494839100167155,0.9948874115943909,0.0027642319910228252,0.0007696115644648671,0.0011938856914639473
/Users/aswanathjs/Downloads/test9/ai_plastic_waste_management_training/LDPE Plastic/plastic_bags/plasticbag (158).jpg,1,LDPE Plastic,1,LDPE Plastic,0.9966744184494019,0.0005977340042591095,0.9966744184494019,1.948010321939364e-05,0.002380303107202053,0.00032808847026899457
/Users/aswanathjs/Downloads/test9/ai_plastic_waste_management_training/LDPE Plastic/plastic_bags/LDPE-321_jpg.rf.502d5cceb8ba6da485ebb716c8e9db1a.jpg,1,LDPE Plastic,1,LDPE Plastic,0.9989957213401794,0.00012492625683080405,0.9989957213401794,0.00014753259893041104,0.00023077617515809834,0.0005010662134736776
/Users/aswanathjs/Downloads/test9/ai_plastic_waste_management_training/PS Plastic/foam_sheets/PS-711_jpg.rf.4515a1f0aca07d8e446de37def458a12.jpg,4,PS Plastic,4,PS Plastic,0.9982442855834961,0.0005186137277632952,0.00022150117729324847,0.0003516427241265774,0.0006639811908826232,0.9982442855834961
/Users/aswanathjs/Downloads/test9/ai_plastic_waste_management_training/PET Plastic/plastic_bottles/PET972.jpg,2,PET Plastic,2,PET Plastic,0.9998445510864258,3.347526217112318e-05,8.786265425442252e-06,0.9998445510864258,1.872988104878459e-05,9.437824337510392e-05
/Users/aswanathjs/Downloads/test9/ai_plastic_waste_management_training/PET Plastic/plastic_bottles/PET484.jpg,2,PET Plastic,2,PET Plastic,0.999390721321106,0.00033712032018229365,1.2454108400561381e-05,0.999390721321106,9.071090607903898e-05,0.0001689418131718412
/Users/aswanathjs/Downloads/test9/ai_plastic_waste_management_training/LDPE Plastic/plastic_bags/LDPE-541_jpg.rf.f283c7032a3dd4169b2b8e248f851d19.jpg,1,LDPE Plastic,1,LDPE Plastic,0.994608998298645,0.0010830124374479055,0.994608998298645,0.0010567638091742992,0.0017238063737750053,0.0015274218749254942
/Users/aswanathjs/Downloads/test9/ai_plastic_waste_management_training/PET Plastic/black_white_plastic_bottles/cgfux_jpg.rf.8a8f634efa0ee9baf3012ae5b0c3f48a.jpg,2,PET Plastic,2,PET Plastic,0.9997276663780212,0.00010307158663636073,2.2788241039961576e-05,0.9997276663780212,7.322377496166155e-05,7.319165160879493e-05
/Users/aswanathjs/Downloads/test9/ai_plastic_waste_management_training/PET Plastic/black_white_plastic_bottles/cqzaj_jpg.rf.4140f06e0b046b6ccdb459bdb4c2f9f6.jpg,2,PET Plastic,2,PET Plastic,0.9989013671875,2.705814222281333e-05,0.0005379679496400058,0.9989013671875,0.00039015841321088374,0.00014348608965519816
/Users/aswanathjs/Downloads/test9/ai_plastic_waste_management_training/PET Plastic/shampoo_bottles/0050_a05b00c1d2e1f1g0h1.jpg,2,PET Plastic,2,PET Plastic,0.9996316432952881,0.00020749005489051342,6.546137683471898e-06,0.9996316432952881,8.114561933325604e-05,7.317436393350363e-05
/Users/aswanathjs/Downloads/test9/ai_plastic_waste_management_training/PP Plastic/round_containers/IMG20220210154502.jpg,3,PP Plastic,3,PP Plastic,0.9719232320785522,0.0019669837784022093,0.02419452741742134,0.000434183661127463,0.9719232320785522,0.001481116283684969
/Users/aswanathjs/Downloads/test9/ai_plastic_waste_management_training/HDPE Plastic/shampoo_bottles/0078_a02b07c1d2e0f1g0h4.jpg,0,HDPE Plastic,0,HDPE Plastic,0.9855982661247253,0.9855982661247253,0.002276522573083639,0.0047340416349470615,0.006121422164142132,0.0012698333011940122
/Users/aswanathjs/Downloads/test9/ai_plastic_waste_management_training/LDPE Plastic/plastic_bags/LDPE-434_jpg.rf.e846e651da896157c4e625e39fec91f4.jpg,1,LDPE Plastic,1,LDPE Plastic,0.9990992546081543,0.00011984489538008347,0.9990992546081543,0.00020258023869246244,0.0003656380868051201,0.0002127506013493985
/Users/aswanathjs/Downloads/test9/ai_plastic_waste_management_training/PET Plastic/plastic_bottles/PET485.jpg,2,PET Plastic,2,PET Plastic,0.9999427795410156,2.3188500563264824e-05,2.7784262783825397e-06,0.9999427795410156,1.0472069334355183e-05,2.0838891941821203e-05
/Users/aswanathjs/Downloads/test9/ai_plastic_waste_management_training/HDPE Plastic/milk_bottles/HDPEM230.jpg,0,HDPE Plastic,0,HDPE Plastic,0.9995761513710022,0.9995761513710022,4.7239325795089826e-05,0.00019473784777801484,0.00012945469643455,5.248686284176074e-05
"/Users/aswanathjs/Downloads/test9/ai_plastic_waste_management_training/PET Plastic/plastic_bottles/PET1,362.jpg",2,PET Plastic,2,PET Plastic,0.9637963771820068,0.023760484531521797,0.0006661114748567343,0.9637963771820068,0.010914834216237068,0.0008622725144959986
/Users/aswanathjs/Downloads/test9/ai_plastic_waste_management_training/LDPE Plastic/bin_bags/Image_109.png,1,LDPE Plastic,1,LDPE Plastic,0.9994811415672302,0.00035506594576872885,0.9994811415672302,2.8313681468716823e-05,4.776770219905302e-05,8.770170097704977e-05
/Users/aswanathjs/Downloads/test9/ai_plastic_waste_management_training/LDPE Plastic/bin_bags_grey/Image_109.png,1,LDPE Plastic,1,LDPE Plastic,0.9985378980636597,0.0007195737562142313,0.9985378980636597,0.00039712514262646437,0.0001108615324483253,0.0002345511020394042
/Users/aswanathjs/Downloads/test9/ai_plastic_waste_management_training/PS Plastic/foam_containers/Image_109.png,1,LDPE Plastic,1,LDPE Plastic,0.39323195815086365,0.04921480640769005,0.39323195815086365,0.004609463270753622,0.372629851102829,0.18031400442123413
/Users/aswanathjs/Downloads/test9/ai_plastic_waste_management_training/LDPE Plastic/black_white__plastic_bags/0277_jpg.rf.ad7666dc0042d3ba64fd197c26c10a5a.jpg,1,LDPE Plastic,1,LDPE Plastic,0.9996335506439209,0.00027356811915524304,0.9996335506439209,4.182178599876352e-06,2.477191446814686e-05,6.387179018929601e-05
/Users/aswanathjs/Downloads/test9/ai_plastic_waste_management_training/PET Plastic/shampoo_bottles/0050_a05b00c1d3e1f1g0h0.jpg,2,PET Plastic,2,PET Plastic,0.9990236759185791,0.0004601807740982622,1.4054999155632686e-05,0.9990236759185791,0.000294021621812135,0.000208028985070996
/Users/aswanathjs/Downloads/test9/ai_plastic_waste_management_training/LDPE Plastic/plastic_bags_grey/LDPE-60_jpg.rf.e1653fc8d489b27598b545ecb081111a.jpg,1,LDPE Plastic,1,LDPE Plastic,0.9952433705329895,0.0008722518687136471,0.9952433705329895,0.0005012557376176119,0.0005128417978994548,0.0028702435083687305
/Users/aswanathjs/Downloads/test9/ai_plastic_waste_management_training/LDPE Plastic/plastic_bags/LDPE-60_jpg.rf.e1653fc8d489b27598b545ecb081111a.jpg,1,LDPE Plastic,1,LDPE Plastic,0.9995875954627991,0.00010007005039369687,0.9995875954627991,2.7551404855330475e-05,8.266096119768918e-05,0.0002021480177063495
/Users/aswanathjs/Downloads/test9/ai_plastic_waste_management_training/HDPE Plastic/milk_bottles/HDPEM66.jpg,0,HDPE Plastic,0,HDPE Plastic,0.9846522808074951,0.9846522808074951,0.0013173563638702035,0.00413600355386734,0.00928217452019453,0.0006122897029854357
/Users/aswanathjs/Downloads/test9/ai_plastic_waste_management_training/HDPE Plastic/shampoo_bottles/0061_a02b01c1d0e0f1g0h4(1).jpg,0,HDPE Plastic,0,HDPE Plastic,0.9990761280059814,0.9990761280059814,0.00011039542005164549,0.0002020378306042403,0.0003296637733001262,0.0002817868662532419
/Users/aswanathjs/Downloads/test9/ai_plastic_waste_management_training/LDPE Plastic/black_white__plastic_bags/0257_jpg.rf.a4ad02e2af3fe9aec7a4163d162916e1.jpg,1,LDPE Plastic,1,LDPE Plastic,0.999360978603363,0.00016680324915796518,0.999360978603363,0.0002713506983127445,6.357778329402208e-05,0.0001372963160974905
/Users/aswanathjs/Downloads/test9/ai_plastic_waste_management_training/LDPE Plastic/bin_bags/Image_36.png,1,LDPE Plastic,1,LDPE Plastic,0.9986371397972107,0.0003066265198867768,0.9986371397972107,0.0002884079294744879,0.0002810067671816796,0.0004868116811849177
/Users/aswanathjs/Downloads/test9/ai_plastic_waste_management_training/PS Plastic/foam_containers/Image_36.png,1,LDPE Plastic,4,PS Plastic,0.573746383190155,0.07363760471343994,0.12838564813137054,0.008547612465918064,0.215682715177536,0.573746383190155
/Users/aswanathjs/Downloads/test9/ai_plastic_waste_management_training/LDPE Plastic/bin_bags/Image_187.png,1,LDPE Plastic,1,LDPE Plastic,0.9453994631767273,0.04147374629974365,0.9453994631767273,0.0037932766135782003,0.005133367609232664,0.004200131632387638
/Users/aswanathjs/Downloads/test9/ai_plastic_waste_management_training/PS Plastic/foam_containers/Image_187.png,1,LDPE Plastic,4,PS Plastic,0.4623498320579529,0.024802887812256813,0.4067332148551941,0.0034746364690363407,0.10263948142528534,0.4623498320579529
/Users/aswanathjs/Downloads/test9/ai_plastic_waste_management_training/PET Plastic/plastic_bottles/PET595.jpg,2,PET Plastic,2,PET Plastic,0.9999611377716064,2.053739081020467e-05,6.509451964120672e-07,0.9999611377716064,3.7568245261354605e-06,1.3905814739700872e-05
/Users/aswanathjs/Downloads/test9/ai_plastic_waste_management_training/HDPE Plastic/milk_bottles/P_W (465).jpg,0,HDPE Plastic,0,HDPE Plastic,0.9998125433921814,0.9998125433921814,3.7119501939741895e-05,3.2469866710016504e-05,6.48351851850748e-05,5.3122577810427174e-05
/Users/aswanathjs/Downloads/test9/ai_plastic_waste_management_training/LDPE Plastic/black_white__plastic_bags/0219_jpg.rf.c16da776f5a092488537212c325f9d37.jpg,1,LDPE Plastic,1,LDPE Plastic,0.9993465542793274,0.00021343598200473934,0.9993465542793274,1.5596591765643097e-05,0.00019710742344614118,0.00022721548157278448
/Users/aswanathjs/Downloads/test9/ai_plastic_waste_management_training/PET Plastic/plastic_bottles/PET715.jpg,2,PET Plastic,2,PET Plastic,0.9998185038566589,8.95608463906683e-05,1.83698684850242e-05,0.9998185038566589,1.681465255387593e-05,5.68065261177253e-05
/Users/aswanathjs/Downloads/test9/ai_plastic_waste_management_training/LDPE Plastic/plastic_bags/LDPE-609_jpg.rf.1c18d32f62f5503b69dfd1fa82a8c207.jpg,1,LDPE Plastic,1,LDPE Plastic,0.9992221593856812,0.0001691422367002815,0.9992221593856812,0.00017661359743215144,0.00013822692562825978,0.0002938692341558635
/Users/aswanathjs/Downloads/test9/ai_plastic_waste_management_training/HDPE Plastic/detergent_bottles/0039_a02b01c1d3e0f1g0h2.jpg,0,HDPE Plastic,0,HDPE Plastic,0.9996441602706909,0.9996441602706909,3.609331542975269e-05,0.00022639748931396753,5.2794766816077754e-05,4.05006212531589e-05
"/Users/aswanathjs/Downloads/test9/ai_plastic_waste_management_training/PET Plastic/plastic_bottles/PET1,444.jpg",2,PET Plastic,2,PET Plastic,0.9998950958251953,2.283343746967148e-05,8.320129381900188e-06,0.9998950958251953,3.5670884244609624e-05,3.805074084084481e-05
/Users/aswanathjs/Downloads/test9/ai_plastic_waste_management_training/PP Plastic/square_containers_grey/0011_a05b00c1d0e0f0g0h2.jpg,3,PP Plastic,3,PP Plastic,0.9974798560142517,0.00042016812949441373,0.000635059957858175,0.0013034431030973792,0.9974798560142517,0.00016150272858794779
/Users/aswanathjs/Downloads/test9/ai_plastic_waste_management_training/PP Plastic/rectangle_containers/0011_a05b00c1d0e0f0g0h2.jpg,3,PP Plastic,3,PP Plastic,0.996975302696228,0.00039171744720079005,0.001123084919527173,0.0010186705039814115,0.996975302696228,0.0004911754513159394
/Users/aswanathjs/Downloads/test9/ai_plastic_waste_management_training/PP Plastic/square_containers/0011_a05b00c1d0e0f0g0h2.jpg,3,PP Plastic,3,PP Plastic,0.996975302696228,0.00039171744720079005,0.001123084919527173,0.0010186705039814115,0.996975302696228,0.0004911754513159394
/Users/aswanathjs/Downloads/test9/ai_plastic_waste_management_training/PP Plastic/rectangle_containers_grey/0011_a05b00c1d0e0f0g0h2.jpg,3,PP Plastic,3,PP Plastic,0.9974798560142517,0.00042016812949441373,0.000635059957858175,0.0013034431030973792,0.9974798560142517,0.00016150272858794779
/Users/aswanathjs/Downloads/test9/ai_plastic_waste_management_training/PS Plastic/foam_containers/0058_a06b01c1d2e0f0g0h0.jpg,4,PS Plastic,4,PS Plastic,0.9972020387649536,0.0003015421098098159,0.0003427575866226107,0.0002616005949676037,0.0018919487483799458,0.9972020387649536
/Users/aswanathjs/Downloads/test9/ai_plastic_waste_management_training/LDPE Plastic/black_white__plastic_bags/0174_jpg.rf.a7e0c8215ae5965190cb789c8c09f2f8.jpg,1,LDPE Plastic,1,LDPE Plastic,0.9992268085479736,0.000254734477493912,0.9992268085479736,0.00019096826144959778,0.000194287727936171,0.00013319026038516313
/Users/aswanathjs/Downloads/test9/ai_plastic_waste_management_training/PET Plastic/plastic_bottles/PET486.jpg,2,PET Plastic,2,PET Plastic,0.999966025352478,1.8855253074434586e-05,1.3164436722945538e-06,0.999966025352478,7.476983228116296e-06,6.3041889006854035e-06
/Users/aswanathjs/Downloads/test9/ai_plastic_waste_management_training/PP Plastic/rectangle_containers/0011_a05b00c1d1e0f0g0h3.jpg,3,PP Plastic,3,PP Plastic,0.9980962872505188,0.0004396718868520111,0.0002602520980872214,0.0005910676554776728,0.9980962872505188,0.0006127429660409689
/Users/aswanathjs/Downloads/test9/ai_plastic_waste_management_training/PP Plastic/square_containers/0011_a05b00c1d1e0f0g0h3.jpg,3,PP Plastic,3,PP Plastic,0.9980962872505188,0.0004396718868520111,0.0002602520980872214,0.0005910676554776728,0.9980962872505188,0.0006127429660409689
"/Users/aswanathjs/Downloads/test9/ai_plastic_waste_management_training/PET Plastic/plastic_bottles/PET1,321.jpg",2,PET Plastic,2,PET Plastic,0.9978089928627014,0.0007508142734877765,7.483483932446688e-05,0.9978089928627014,0.0007703383453190327,0.0005951334023848176
/Users/aswanathjs/Downloads/test9/ai_plastic_waste_management_training/LDPE Plastic/plastic_bags/plasticbag (61).jpg,1,LDPE Plastic,1,LDPE Plastic,0.9999861717224121,5.725325422645255e-07,0.9999861717224121,2.5247977646358777e-06,6.94731761541334e-06,3.8107207274151733e-06
/Users/aswanathjs/Downloads/test9/ai_plastic_waste_management_training/PP Plastic/round_containers/0095_a05b01c2d3e0f0g0h2.jpg,3,PP Plastic,3,PP Plastic,0.9990742206573486,0.00011678854934871197,0.0004523812676779926,0.00025805743644014,0.9990742206573486,9.854982636170462e-05
/Users/aswanathjs/Downloads/test9/ai_plastic_waste_management_training/HDPE Plastic/shampoo_bottles/0061_a02b01c2d3e0f1g0h1.jpg,0,HDPE Plastic,0,HDPE Plastic,0.9998444318771362,0.9998444318771362,3.3665652154013515e-05,6.525199569296092e-05,2.8450753234210424e-05,2.8287287932471372e-05
/Users/aswanathjs/Downloads/test9/ai_plastic_waste_management_training/PS Plastic/foam_sheets/PS-896_jpg.rf.f5a1226a916b53702567b35310788274.jpg,4,PS Plastic,4,PS Plastic,0.9997909665107727,3.5914632462663576e-05,5.8737008657772094e-05,7.17959483154118e-05,4.2709063563961536e-05,0.9997909665107727
/Users/aswanathjs/Downloads/test9/ai_plastic_waste_management_training/PET Plastic/black_white_plastic_bottles/bucmx_jpg.rf.ed05391c025208296e856dc329fac940.jpg,2,PET Plastic,2,PET Plastic,0.9998990297317505,2.7737246455217246e-06,5.9309542848495767e-05,0.9998990297317505,1.8721704691415653e-05,2.0110010154894553e-05
/Users/aswanathjs/Downloads/test9/ai_plastic_waste_management_training/PP Plastic/square_containers/Image_153.png,3,PP Plastic,3,PP Plastic,0.9911147356033325,0.0004903809167444706,0.00656643882393837,2.498451249266509e-05,0.9911147356033325,0.0018034550594165921
/Users/aswanathjs/Downloads/test9/ai_plastic_waste_management_training/PS Plastic/foam_containers/Image_153.png,3,PP Plastic,3,PP Plastic,0.5303497910499573,0.04942573606967926,0.32018157839775085,0.004784173332154751,0.5303497910499573,0.09525877982378006
/Users/aswanathjs/Downloads/test9/ai_plastic_waste_management_training/PET Plastic/black_white_plastic_bottles/cztuv_jpg.rf.5645345b7c029ab43e2ae98bc45b705f.jpg,2,PET Plastic,2,PET Plastic,0.9992165565490723,3.827650652965531e-05,0.00040143306250683963,0.9992165565490723,4.978357901563868e-05,0.00029390622512437403
/Users/aswanathjs/Downloads/test9/ai_plastic_waste_management_training/PP Plastic/irregular_containers/0036_a05b00c1d0e0f0g0h3.jpg,3,PP Plastic,3,PP Plastic,0.9980370402336121,6.601812492590398e-05,0.0006329449824988842,0.000989308231510222,0.9980370402336121,0.0002746990940067917
/Users/aswanathjs/Downloads/test9/ai_plastic_waste_management_training/PP Plastic/round_containers/IMG_20220210_105856.jpg,3,PP Plastic,3,PP Plastic,0.9906512498855591,0.0006374460062943399,0.006902042310684919,0.0010288957273587584,0.9906512498855591,0.0007803083281032741
/Users/aswanathjs/Downloads/test9/ai_plastic_waste_management_training/LDPE Plastic/plastic_bags/LDPE-57_jpg.rf.d8278d1b3a4868875159aed9c484a0ce.jpg,1,LDPE Plastic,1,LDPE Plastic,0.9996935129165649,0.00011721051851054654,0.9996935129165649,1.4243229998101015e-05,4.1880353819578886e-05,0.00013321636652108282
/Users/aswanathjs/Downloads/test9/ai_plastic_waste_management_training/LDPE Plastic/plastic_bags/LDPE-57_jpg.rf.fd80a8096bc6ffe477192da7ba92d797.jpg,1,LDPE Plastic,1,LDPE Plastic,0.9973087310791016,0.0007674497901462018,0.9973087310791016,0.0005151082295924425,0.0003788355679716915,0.00102994532790035
"/Users/aswanathjs/Downloads/test9/ai_plastic_waste_management_training/PET Plastic/plastic_bottles/PET1,235.jpg",2,PET Plastic,2,PET Plastic,0.9997476935386658,0.00015264128160197288,1.0730210306064691e-05,0.9997476935386658,5.13603154104203e-05,3.751324402401224e-05
"/Users/aswanathjs/Downloads/test9/ai_plastic_waste_management_training/PET Plastic/plastic_bottles/PET1,613.jpg",2,PET Plastic,2,PET Plastic,0.999265730381012,0.00011715656000887975,0.00018087666830979288,0.999265730381012,0.00040761849959380925,2.865008355001919e-05
/Users/aswanathjs/Downloads/test9/ai_plastic_waste_management_training/PET Plastic/black_white_plastic_bottles/bcaqx_jpg.rf.d79b0d79c7cf84ddaa330fa95b3b675e.jpg,2,PET Plastic,2,PET Plastic,0.9998987913131714,1.7359830962959677e-05,9.499655789113604e-06,0.9998987913131714,2.262611815240234e-05,5.1609811634989455e-05
/Users/aswanathjs/Downloads/test9/ai_plastic_waste_management_training/PET Plastic/plastic_bottles/PET784.jpg,2,PET Plastic,2,PET Plastic,0.9997362494468689,0.00011895948409801349,3.7163033994147554e-05,0.9997362494468689,2.73474524874473e-05,8.026204886846244e-05
/Users/aswanathjs/Downloads/test9/ai_plastic_waste_management_training/PP Plastic/square_containers_grey/Image_250.png,3,PP Plastic,3,PP Plastic,0.9950763583183289,7.515183824580163e-05,0.0007911162101663649,2.747156577243004e-05,0.9950763583183289,0.004029963165521622
/Users/aswanathjs/Downloads/test9/ai_plastic_waste_management_training/PP Plastic/square_containers/Image_250.png,3,PP Plastic,3,PP Plastic,0.9980375170707703,0.00028639892116189003,0.00076544180046767,4.858885222347453e-05,0.9980375170707703,0.0008620707085356116
/Users/aswanathjs/Downloads/test9/ai_plastic_waste_management_training/PS Plastic/foam_containers/Image_250.png,3,PP Plastic,4,PS Plastic,0.4369446337223053,0.044663429260253906,0.0807228833436966,0.0014726367080584168,0.436196506023407,0.4369446337223053
/Users/aswanathjs/Downloads/test9/ai_plastic_waste_management_training/LDPE Plastic/plastic_bags/LDPE-41_jpg.rf.20a5f7597f8f602a98886343f404a1e0.jpg,1,LDPE Plastic,1,LDPE Plastic,0.9996662139892578,0.00017446459969505668,0.9996662139892578,2.52321387961274e-05,3.4072145354002714e-05,9.996545850299299e-05
/Users/aswanathjs/Downloads/test9/ai_plastic_waste_management_training/PS Plastic/foam_sheets/PS-604_jpg.rf.2f88ab91a623f7eb67f048553e7594f7.jpg,4,PS Plastic,4,PS Plastic,0.9995574355125427,0.00012336528743617237,0.00010463628132129088,8.622788300272077e-05,0.00012835743837058544,0.9995574355125427
/Users/aswanathjs/Downloads/test9/ai_plastic_waste_management_training/PS Plastic/foam_sheets/PS-668_jpg.rf.8fe710f9d479a0e9f0ff7b163e677905.jpg,4,PS Plastic,4,PS Plastic,0.99958735704422,3.6797067878069356e-05,0.00022770890791434795,5.21385736647062e-05,9.597226016921923e-05,0.99958735704422
/Users/aswanathjs/Downloads/test9/ai_plastic_waste_management_training/HDPE Plastic/shampoo_bottles/0075_a02b01c2d2e0f0g0h1.jpg,0,HDPE Plastic,0,HDPE Plastic,0.986591637134552,0.986591637134552,0.0002752858854364604,0.0024501660373061895,0.010325156152248383,0.00035778808523900807
"/Users/aswanathjs/Downloads/test9/ai_plastic_waste_management_training/PET Plastic/plastic_bottles/PET1,608.jpg",2,PET Plastic,2,PET Plastic,0.9988179802894592,5.364022945286706e-05,0.00035279468283988535,0.9988179802894592,0.0006280443631112576,0.0001474741438869387
/Users/aswanathjs/Downloads/test9/ai_plastic_waste_management_training/PP Plastic/round_containers/0095_a05b01c2d1e0f0g0h4.jpg,3,PP Plastic,3,PP Plastic,0.9992695450782776,0.00025053060380741954,4.895535312243737e-05,0.0003763117711059749,0.9992695450782776,5.467096343636513e-05
/Users/aswanathjs/Downloads/test9/ai_plastic_waste_management_training/PET Plastic/black_white_plastic_bottles/dboqi_jpg.rf.57ac3d4796ea4575415d2239f7ac7ddb.jpg,2,PET Plastic,2,PET Plastic,0.999072790145874,4.401576006785035e-05,0.000559053267352283,0.999072790145874,0.00014224623737391084,0.00018195599841419607
/Users/aswanathjs/Downloads/test9/ai_plastic_waste_management_training/LDPE Plastic/plastic_bags/plasticbag (33).jpg,1,LDPE Plastic,1,LDPE Plastic,0.995175838470459,0.001094506005756557,0.995175838470459,0.0002965338935609907,0.0013977625640109181,0.002035376848652959
"/Users/aswanathjs/Downloads/test9/ai_plastic_waste_management_training/PET Plastic/plastic_bottles/PET1,475.jpg",2,PET Plastic,2,PET Plastic,0.9998514652252197,2.0993426005588844e-05,1.0482533980393782e-05,0.9998514652252197,3.722397013916634e-05,7.987908611539751e-05
/Users/aswanathjs/Downloads/test9/ai_plastic_waste_management_training/PET Plastic/shampoo_bottles/0015_a05b00c1d2e1f1g0h0.jpg,2,PET Plastic,2,PET Plastic,0.9995380640029907,0.00031441522878594697,4.687552518589655e-06,0.9995380640029907,0.00011179164721397683,3.1041763577377424e-05
/Users/aswanathjs/Downloads/test9/ai_plastic_waste_management_training/LDPE Plastic/plastic_bags/LDPE-19_jpg.rf.686c6c75b2213e4293817309e22c0b79.jpg,1,LDPE Plastic,1,LDPE Plastic,0.9991798996925354,0.00012480268196668476,0.9991798996925354,0.00017681458848528564,6.301314715528861e-05,0.0004554115002974868
/Users/aswanathjs/Downloads/test9/ai_plastic_waste_management_training/PET Plastic/black_white_plastic_bottles/chlqt_jpg.rf.efc7a16e9513b31941f4a0b6568c10c0.jpg,2,PET Plastic,2,PET Plastic,0.9996324777603149,4.1911476728273556e-05,0.00016137701459228992,0.9996324777603149,9.958176815416664e-05,6.463738827733323e-05
/Users/aswanathjs/Downloads/test9/ai_plastic_waste_management_training/PS Plastic/foam_containers/0058_a06b01c1d0e0f0g0h1.jpg,4,PS Plastic,4,PS Plastic,0.985416829586029,0.000800696958322078,0.0003179037885274738,0.00012814743968192488,0.01333647035062313,0.985416829586029
/Users/aswanathjs/Downloads/test9/ai_plastic_waste_management_training/PP Plastic/irregular_containers/train_PP-59_jpg.rf.d289ca64f9306da06780bc7b797a5ed9.jpg,3,PP Plastic,3,PP Plastic,0.9972955584526062,0.0008479266543872654,0.0004691832291428,0.0010453888680785894,0.9972955584526062,0.0003420164866838604
/Users/aswanathjs/Downloads/test9/ai_plastic_waste_management_training/PP Plastic/irregular_containers/0036_a05b00c2d0e0f0g0h2.jpg,3,PP Plastic,3,PP Plastic,0.9936136603355408,0.0001341545139439404,0.00023270855308510363,0.003141493769362569,0.9936136603355408,0.002878021216019988
/Users/aswanathjs/Downloads/test9/ai_plastic_waste_management_training/LDPE Plastic/black_white__plastic_bags/0222_jpg.rf.cd5ab015af2beb9b1e30cfa9e14a06d5.jpg,1,LDPE Plastic,1,LDPE Plastic,0.9990341663360596,0.00013739561836700886,0.9990341663360596,0.000308655813569203,4.459965566638857e-05,0.00047525440459139645
/Users/aswanathjs/Downloads/test9/ai_plastic_waste_management_training/LDPE Plastic/black_white__plastic_bags/0130_jpg.rf.5a3ea53d8834186f5060d887591f1a1a.jpg,1,LDPE Plastic,1,LDPE Plastic,0.9966590404510498,0.00041196346865035594,0.9966590404510498,0.00017826650582719594,0.0012067436473444104,0.001544029451906681
/Users/aswanathjs/Downloads/test9/ai_plastic_waste_management_training/PP Plastic/round_containers/0032_a05b01c1d2e0f0g0h2.jpg,3,PP Plastic,3,PP Plastic,0.9736976623535156,0.020524844527244568,0.000736260146368295,0.0014659096486866474,0.9736976623535156,0.003575278911739588
"/Users/aswanathjs/Downloads/test9/ai_plastic_waste_management_training/PET Plastic/plastic_bottles/PET1,169.jpg",2,PET Plastic,2,PET Plastic,0.999405026435852,5.3892406867817044e-05,0.00012230117863509804,0.999405026435852,6.279131775954738e-05,0.0003558935131877661
/Users/aswanathjs/Downloads/test9/ai_plastic_waste_management_training/PP Plastic/irregular_containers/0036_a05b00c1d1e0f0g0h0.jpg,3,PP Plastic,3,PP Plastic,0.9840404391288757,0.0020416746847331524,0.005254274234175682,0.005607523489743471,0.9840404391288757,0.003056052839383483
/Users/aswanathjs/Downloads/test9/ai_plastic_waste_management_training/PET Plastic/black_white_plastic_bottles/bgsqd_jpg.rf.57560a7c7191fb19bbc6d4af5c6ea22c.jpg,2,PET Plastic,2,PET Plastic,0.9943114519119263,0.0004678768164012581,0.002034785458818078,0.9943114519119263,0.0021038721315562725,0.0010820339666679502
/Users/aswanathjs/Downloads/test9/ai_plastic_waste_management_training/PP Plastic/square_containers/Image_177.png,3,PP Plastic,3,PP Plastic,0.9941377639770508,0.0006173335132189095,0.004518197383731604,0.0004282202571630478,0.9941377639770508,0.00029843460652045906
/Users/aswanathjs/Downloads/test9/ai_plastic_waste_management_training/PS Plastic/form_containers_grey/Image_177.png,3,PP Plastic,3,PP Plastic,0.4505678415298462,0.11362908035516739,0.22808708250522614,0.013872205279767513,0.4505678415298462,0.1938437819480896
/Users/aswanathjs/Downloads/test9/ai_plastic_waste_management_training/PS Plastic/foam_containers/Image_177.png,3,PP Plastic,3,PP Plastic,0.461373507976532,0.12720295786857605,0.232948437333107,0.01164967194199562,0.461373507976532,0.16682539880275726
/Users/aswanathjs/Downloads/test9/ai_plastic_waste_management_training/LDPE Plastic/black_white__plastic_bags/0049_jpg.rf.5091fd66f85c75101b69742c987ea664.jpg,1,LDPE Plastic,1,LDPE Plastic,0.999744713306427,1.3009606846026145e-05,0.999744713306427,0.00010647767339833081,1.8962564354296774e-05,0.00011679483577609062
/Users/aswanathjs/Downloads/test9/ai_plastic_waste_management_training/HDPE Plastic/milk_bottles/HDPEM190.jpg,0,HDPE Plastic,0,HDPE Plastic,0.9997205138206482,0.9997205138206482,2.4061937438091263e-05,6.708131695631891e-05,8.313122089020908e-05,0.00010529124119784683
/Users/aswanathjs/Downloads/test9/ai_plastic_waste_management_training/PET Plastic/black_white_plastic_bottles/cegwo_jpg.rf.be048a7a66c9930b0d37e9251bd6ea7d.jpg,2,PET Plastic,2,PET Plastic,0.9998325109481812,1.61690386448754e-05,3.1717187084723264e-05,0.9998325109481812,5.4760119382990524e-05,6.471107917604968e-05
/Users/aswanathjs/Downloads/test9/ai_plastic_waste_management_training/PET Plastic/shampoo_bottles/0100_a05b00c1d0e0f0g0h2.jpg,2,PET Plastic,2,PET Plastic,0.9999984502792358,4.0853265659279714e-07,5.0449475708091995e-08,0.9999984502792358,1.0593034858175088e-06,1.240954503600733e-07
/Users/aswanathjs/Downloads/test9/ai_plastic_waste_management_training/PP Plastic/round_containers/0095_a05b01c2d0e0f0g0h0.jpg,3,PP Plastic,3,PP Plastic,0.9981551766395569,0.000370558729628101,0.000962519203312695,0.0001882427604869008,0.9981551766395569,0.00032355953590013087
/Users/aswanathjs/Downloads/test9/ai_plastic_waste_management_training/HDPE Plastic/shampoo_bottles/0063_a02b01c1d0e0f1g1h4.jpg,0,HDPE Plastic,0,HDPE Plastic,0.9963272213935852,0.9963272213935852,0.00014558332622982562,0.0007739865686744452,0.0024681270588189363,0.00028502309578470886
/Users/aswanathjs/Downloads/test9/ai_plastic_waste_management_training/PET Plastic/plastic_bottles/PET399.jpg,2,PET Plastic,2,PET Plastic,0.9996030926704407,0.00019813611288554966,2.345355460420251e-05,0.9996030926704407,4.441531200427562e-05,0.00013091377331875265
/Users/aswanathjs/Downloads/test9/ai_plastic_waste_management_training/LDPE Plastic/plastic_bags/LDPE-37_jpg.rf.4e86f07473cf8d68dba1b25ef76a9979.jpg,1,LDPE Plastic,1,LDPE Plastic,0.995627760887146,0.00037085090298205614,0.995627760887146,0.0012639653868973255,0.001695280778221786,0.001042175106704235
/Users/aswanathjs/Downloads/test9/ai_plastic_waste_management_training/LDPE Plastic/plastic_bags/LDPE-37_jpg.rf.a1aee41d19fa68257bc725dfbaf86980.jpg,1,LDPE Plastic,1,LDPE Plastic,0.9932768940925598,0.0021770766470581293,0.9932768940925598,0.0008668369264341891,0.002403547754511237,0.0012755859643220901
"/Users/aswanathjs/Downloads/test9/ai_plastic_waste_management_training/PET Plastic/plastic_bottles/PET1,290.jpg",2,PET Plastic,2,PET Plastic,0.9984545707702637,0.0014372766017913818,1.5516916391788982e-05,0.9984545707702637,2.783188574539963e-05,6.476805720012635e-05
/Users/aswanathjs/Downloads/test9/ai_plastic_waste_management_training/PS Plastic/foam_containers/0058_a06b01c1d2e0f0g0h2.jpg,4,PS Plastic,4,PS Plastic,0.9994650483131409,0.00021256662148516625,1.3345159459277056e-05,2.3886255803517997e-05,0.0002852643374353647,0.9994650483131409
/Users/aswanathjs/Downloads/test9/ai_plastic_waste_management_training/HDPE Plastic/detergent_bottles/0039_a02b01c2d1e0f1g0h4.jpg,0,HDPE Plastic,0,HDPE Plastic,0.9995916485786438,0.9995916485786438,0.00010714379459386691,4.1478739149169996e-05,0.00019875439465977252,6.102582483435981e-05
/Users/aswanathjs/Downloads/test9/ai_plastic_waste_management_training/LDPE Plastic/black_white__plastic_bags/0027_jpg.rf.87b0ee62a4c3cd90fa7655125af6f3ae.jpg,1,LDPE Plastic,1,LDPE Plastic,0.999927282333374,1.839733886299655e-05,0.999927282333374,3.095839929301292e-05,1.4361475223267917e-05,9.01854582480155e-06
/Users/aswanathjs/Downloads/test9/ai_plastic_waste_management_training/LDPE Plastic/plastic_bags/LDPE-409_jpg.rf.8d15c530600d9b051829d588c619dfc8.jpg,1,LDPE Plastic,1,LDPE Plastic,0.9990549683570862,0.000271307973889634,0.9990549683570862,0.0005254980060271919,3.323552664369345e-05,0.00011498205276438966
"/Users/aswanathjs/Downloads/test9/ai_plastic_waste_management_training/PET Plastic/plastic_bottles/PET1,374.jpg",2,PET Plastic,2,PET Plastic,0.9997476935386658,3.847050902550109e-05,2.254873288620729e-05,0.9997476935386658,0.00012118804443161935,7.013610593276098e-05
/Users/aswanathjs/Downloads/test9/ai_plastic_waste_management_training/HDPE Plastic/milk_bottles/HDPEM202.jpg,0,HDPE Plastic,0,HDPE Plastic,0.9997193217277527,0.9997193217277527,2.1656947865267284e-05,5.018836600356735e-05,0.00014112114149611443,6.766315345885232e-05
/Users/aswanathjs/Downloads/test9/ai_plastic_waste_management_training/PP Plastic/round_containers/IMG_20220209_174040.jpg,3,PP Plastic,3,PP Plastic,0.9980443716049194,0.00030561682069674134,0.0011808783747255802,0.0003150220727548003,0.9980443716049194,0.00015408087347168475
/Users/aswanathjs/Downloads/test9/ai_plastic_waste_management_training/HDPE Plastic/milk_bottles/HDPEM569.JPG,0,HDPE Plastic,0,HDPE Plastic,0.974714994430542,0.974714994430542,0.0003134121070615947,0.007821074686944485,0.01551171112805605,0.0016388539224863052
/Users/aswanathjs/Downloads/test9/ai_plastic_waste_management_training/LDPE Plastic/plastic_bags/plasticbag (68).jpg,1,LDPE Plastic,1,LDPE Plastic,0.9945104122161865,0.0008768285624682903,0.9945104122161865,0.00016164292173925787,0.0035284452605992556,0.0009226510301232338
/Users/aswanathjs/Downloads/test9/ai_plastic_waste_management_training/HDPE Plastic/milk_bottles/HDPEM100.jpg,0,HDPE Plastic,0,HDPE Plastic,0.9928178787231445,0.9928178787231445,2.0655395928770304e-05,0.00642388267442584,0.00016079528722912073,0.0005768515984527767
/Users/aswanathjs/Downloads/test9/ai_plastic_waste_management_training/PP Plastic/round_containers/IMG_20220209_175545.jpg,3,PP Plastic,3,PP Plastic,0.9913216233253479,0.005143912974745035,0.0006557945162057877,0.0008248726953752339,0.9913216233253479,0.0020538982935249805
/Users/aswanathjs/Downloads/test9/ai_plastic_waste_management_training/HDPE Plastic/milk_bottles/HDPEM220.jpg,0,HDPE Plastic,0,HDPE Plastic,0.999491810798645,0.999491810798645,1.7472677427576855e-05,0.00010612182086333632,0.0003231313021387905,6.134442810434848e-05
"/Users/aswanathjs/Downloads/test9/ai_plastic_waste_management_training/PET Plastic/plastic_bottles/PET1,683.jpg",2,PET Plastic,2,PET Plastic,0.9856993556022644,0.002108960412442684,0.000361969752702862,0.9856993556022644,0.011351454071700573,0.0004782375181093812
"/Users/aswanathjs/Downloads/test9/ai_plastic_waste_management_training/HDPE Plastic/milk_bottles/HDPEM1,010.JPG",0,HDPE Plastic,0,HDPE Plastic,0.9995567202568054,0.9995567202568054,2.5828536308836192e-05,0.0002501670678611845,4.424824510351755e-05,0.00012311074533499777
/Users/aswanathjs/Downloads/test9/ai_plastic_waste_management_training/PP Plastic/round_containers/IMG_20220209_173404.jpg,3,PP Plastic,3,PP Plastic,0.9997891783714294,2.306412898178678e-05,4.305069160182029e-05,2.828899050655309e-05,0.9997891783714294,0.00011640471348073334
/Users/aswanathjs/Downloads/test9/ai_plastic_waste_management_training/HDPE Plastic/detergent_bottles/0098_a02b03c1d0e0f0g0h3.jpg,0,HDPE Plastic,0,HDPE Plastic,0.9996379613876343,0.9996379613876343,0.00011441879178164527,3.1800958822714165e-05,0.0001599303650436923,5.586849874816835e-05
/Users/aswanathjs/Downloads/test9/ai_plastic_waste_management_training/HDPE Plastic/shampoo_bottles/0076_a02b06c2d1e0f1g0h4.jpg,0,HDPE Plastic,0,HDPE Plastic,0.9991704225540161,0.9991704225540161,0.0003908231155946851,0.00012959481682628393,0.0001775494747562334,0.00013160739035811275
/Users/aswanathjs/Downloads/test9/ai_plastic_waste_management_training/HDPE Plastic/milk_bottles/HDPEM79.jpg,0,HDPE Plastic,0,HDPE Plastic,0.9994602799415588,0.9994602799415588,1.9859933672705665e-05,0.00015596472076140344,0.0003372901410330087,2.654905620147474e-05
/Users/aswanathjs/Downloads/test9/ai_plastic_waste_management_training/PP Plastic/round_containers/0043_a06b01c1d3e0f0g0h3.jpg,3,PP Plastic,3,PP Plastic,0.996543824672699,0.0011822499800473452,0.0013208732707425952,0.0002054203359875828,0.996543824672699,0.0007475385209545493
/Users/aswanathjs/Downloads/test9/ai_plastic_waste_management_training/PP Plastic/round_containers_grey/0043_a06b01c1d3e0f0g0h3.jpg,3,PP Plastic,3,PP Plastic,0.9983722567558289,0.00028598643257282674,0.0009150291443802416,4.9559261242393404e-05,0.9983722567558289,0.00037726815207861364
/Users/aswanathjs/Downloads/test9/ai_plastic_waste_management_training/PP Plastic/irregular_containers/train_PP-97_jpg.rf.cf900bbf6562c70df187cb016fe6acf0.jpg,3,PP Plastic,3,PP Plastic,0.998468816280365,0.00021436445240397006,0.0005807493580505252,0.00023829349083825946,0.998468816280365,0.0004977695643901825
/Users/aswanathjs/Downloads/test9/ai_plastic_waste_management_training/LDPE Plastic/plastic_bags/plasticbag (34).jpg,1,LDPE Plastic,1,LDPE Plastic,0.9992141723632812,0.00010810984531417489,0.9992141723632812,0.0002329483104404062,0.0003687118587549776,7.604229904245585e-05
/Users/aswanathjs/Downloads/test9/ai_plastic_waste_management_training/LDPE Plastic/plastic_bags/LDPE-107_jpg.rf.eff93aea63d9964797471e78334123e6.jpg,1,LDPE Plastic,1,LDPE Plastic,0.9964931607246399,0.0003192401200067252,0.9964931607246399,0.0018168967217206955,0.0005014206981286407,0.0008692341507412493
/Users/aswanathjs/Downloads/test9/ai_plastic_waste_management_training/PS Plastic/foam_sheets/PS-774_jpg.rf.595fa8490f5825f8bb10c28bb893831f.jpg,4,PS Plastic,4,PS Plastic,0.9998579025268555,3.471140735200606e-05,3.2172865758184344e-05,3.263183680246584e-05,4.250428901286796e-05,0.9998579025268555
/Users/aswanathjs/Downloads/test9/ai_plastic_waste_management_training/PET Plastic/shampoo_bottles/0015_a05b00c2d0e1f1g0h1.jpg,2,PET Plastic,2,PET Plastic,0.9996299743652344,0.0003493174153845757,2.663348823261913e-06,0.9996299743652344,1.3937355106463656e-05,4.161213382758433e-06
/Users/aswanathjs/Downloads/test9/ai_plastic_waste_management_training/HDPE Plastic/milk_bottles/HDPEM299.jpg,0,HDPE Plastic,0,HDPE Plastic,0.9985702037811279,0.9985702037811279,2.5722138161654584e-05,0.0010282641742378473,0.00017284572822973132,0.00020291234250180423
/Users/aswanathjs/Downloads/test9/ai_plastic_waste_management_training/PET Plastic/black_white_plastic_bottles/dkhzj_jpg.rf.bcbfdf5ca8a966cbd583c6cee011b114.jpg,2,PET Plastic,2,PET Plastic,0.9998779296875,5.715323641197756e-05,3.5155806017428404e-06,0.9998779296875,1.1848316717077978e-05,4.952860399498604e-05
/Users/aswanathjs/Downloads/test9/ai_plastic_waste_management_training/PS Plastic/foam_sheets/IMG_9369_JPG.rf.756e83ba1f473514cee207b13a0b6217.jpg,4,PS Plastic,4,PS Plastic,0.9979822635650635,0.0005403816467151046,0.0001336821005679667,0.001029127393849194,0.0003146340895909816,0.9979822635650635
/Users/aswanathjs/Downloads/test9/ai_plastic_waste_management_training/PS Plastic/foam_sheets/IMG_9369_JPG.rf.45272a68007313131b0e6c105f3f41fe.jpg,4,PS Plastic,4,PS Plastic,0.9995612502098083,4.7926496336003765e-05,0.0001262416917597875,0.0001799963356461376,8.452622569166124e-05,0.9995612502098083
/Users/aswanathjs/Downloads/test9/ai_plastic_waste_management_training/PS Plastic/foam_sheets/IMG_9369_JPG.rf.615a284429e7f320779dc625f92a7379.jpg,4,PS Plastic,4,PS Plastic,0.9985080361366272,0.00013538042549043894,0.00020821411453653127,0.0002866930444724858,0.0008615929400548339,0.9985080361366272
/Users/aswanathjs/Downloads/test9/ai_plastic_waste_management_training/LDPE Plastic/plastic_bags/train_LDPE-44_jpg.rf.cb0b81bc43bfa9aa3a0b11ae0cef4690.jpg,1,LDPE Plastic,1,LDPE Plastic,0.998978853225708,0.00026427509146742523,0.998978853225708,0.00011168904893565923,0.0003951591206714511,0.00025002696202136576
/Users/aswanathjs/Downloads/test9/ai_plastic_waste_management_training/HDPE Plastic/shampoo_bottles/0061_a02b01c1d3e0f1g0h3.jpg,0,HDPE Plastic,0,HDPE Plastic,0.9986342787742615,0.9986342787742615,0.00016009238606784493,0.0006108557572588325,0.0003884798497892916,0.00020627042977139354
/Users/aswanathjs/Downloads/test9/ai_plastic_waste_management_training/LDPE Plastic/plastic_bags/plasticbag (99).jpg,1,LDPE Plastic,1,LDPE Plastic,0.9941852688789368,0.0038002764340490103,0.9941852688789368,0.0007769301300868392,0.00013752555241808295,0.0011001125676557422
/Users/aswanathjs/Downloads/test9/ai_plastic_waste_management_training/PET Plastic/plastic_bottles/PET805.jpg,2,PET Plastic,2,PET Plastic,0.9999219179153442,1.2536548638308886e-05,3.01408890663879e-05,0.9999219179153442,6.206869784364244e-06,2.9208982596173882e-05
/Users/aswanathjs/Downloads/test9/ai_plastic_waste_management_training/HDPE Plastic/milk_bottles/HDPEM256.jpg,0,HDPE Plastic,0,HDPE Plastic,0.9925516843795776,0.9925516843795776,0.00029624172020703554,0.005754133220762014,0.0008958429680205882,0.000502209470141679
/Users/aswanathjs/Downloads/test9/ai_plastic_waste_management_training/PET Plastic/shampoo_bottles/0015_a05b00c1d3e1f1g0h4.jpg,2,PET Plastic,2,PET Plastic,0.9999679327011108,1.073372573046072e-06,2.4805072484923585e-07,0.9999679327011108,2.9627908588736318e-05,1.0597004802548327e-06
/Users/aswanathjs/Downloads/test9/ai_plastic_waste_management_training/PET Plastic/plastic_bottles/PET401.jpg,2,PET Plastic,2,PET Plastic,0.9983721375465393,0.000933860254008323,0.00013475585728883743,0.9983721375465393,0.00029295883723534644,0.0002662492624949664
/Users/aswanathjs/Downloads/test9/ai_plastic_waste_management_training/HDPE Plastic/shampoo_bottles/0078_a02b07c1d3e0f1g0h0.jpg,0,HDPE Plastic,0,HDPE Plastic,0.9967600703239441,0.9967600703239441,3.0010900445631705e-05,2.30979458137881e-05,0.0031387333292514086,4.8077992687467486e-05
/Users/aswanathjs/Downloads/test9/ai_plastic_waste_management_training/LDPE Plastic/plastic_bags/train_LDPE-34_jpg.rf.4ff566f02ea8201e9929cd77739494c6.jpg,1,LDPE Plastic,1,LDPE Plastic,0.9990863800048828,5.842041355208494e-05,0.9990863800048828,3.258800279581919e-05,8.822733070701361e-05,0.0007343321922235191
/Users/aswanathjs/Downloads/test9/ai_plastic_waste_management_training/LDPE Plastic/plastic_bags/P_W (1414).jpg,1,LDPE Plastic,1,LDPE Plastic,0.9960097074508667,0.002589315176010132,0.9960097074508667,0.0004101213125977665,0.0007069810526445508,0.00028385984478518367
/Users/aswanathjs/Downloads/test9/ai_plastic_waste_management_training/HDPE Plastic/milk_bottles/HDPEM457.jpg,0,HDPE Plastic,0,HDPE Plastic,0.9917919635772705,0.9917919635772705,0.00011457072832854465,0.0069494997151196,0.0008425037376582623,0.0003014799440279603
/Users/aswanathjs/Downloads/test9/ai_plastic_waste_management_training/LDPE Plastic/plastic_bags/LDPE-64_jpg.rf.490d762c6c43a47fd27ec5c2b18d9b14.jpg,1,LDPE Plastic,1,LDPE Plastic,0.9973427653312683,9.15175405680202e-05,0.9973427653312683,0.00021471406216733158,0.0001393407874274999,0.002211647341027856
/Users/aswanathjs/Downloads/test9/ai_plastic_waste_management_training/HDPE Plastic/detergent_bottles/0010_a02b01c1d2e0f1g0h2.jpg,0,HDPE Plastic,0,HDPE Plastic,0.9985376596450806,0.9985376596450806,0.00039965996984392405,0.0002765996614471078,0.0005450251628644764,0.0002410362649243325
/Users/aswanathjs/Downloads/test9/ai_plastic_waste_management_training/PS Plastic/form_containers_grey/styrofoam-149-_jpg.rf.24c814df2da6bcefac6ddd75adcd9d9e.jpg,4,PS Plastic,4,PS Plastic,0.9961802959442139,8.939669351093471e-05,0.0022747903130948544,5.380080619943328e-05,0.0014017323264852166,0.9961802959442139
/Users/aswanathjs/Downloads/test9/ai_plastic_waste_management_training/PS Plastic/foam_containers/styrofoam-149-_jpg.rf.24c814df2da6bcefac6ddd75adcd9d9e.jpg,4,PS Plastic,4,PS Plastic,0.9946297407150269,0.002184655051678419,0.0024664034135639668,3.583396028261632e-05,0.0006833416991867125,0.9946297407150269
/Users/aswanathjs/Downloads/test9/ai_plastic_waste_management_training/HDPE Plastic/shampoo_bottles/0078_a02b07c1d2e0f1g0h0.jpg,0,HDPE Plastic,0,HDPE Plastic,0.999441921710968,0.999441921710968,4.361792525742203e-05,3.3226846426259726e-05,0.0004306893970351666,5.0511043809819967e-05
/Users/aswanathjs/Downloads/test9/ai_plastic_waste_management_training/PET Plastic/shampoo_bottles/0080_a05b00c2d2e0f1g0h0.jpg,2,PET Plastic,2,PET Plastic,0.9990708827972412,2.083870094793383e-05,3.80267533728329e-06,0.9990708827972412,0.0008633646066300571,4.109647488803603e-05
"/Users/aswanathjs/Downloads/test9/ai_plastic_waste_management_training/PET Plastic/plastic_bottles/PET1,286.jpg",2,PET Plastic,2,PET Plastic,0.9998303651809692,0.00011462638940429315,9.704359399620444e-06,0.9998303651809692,2.5690549591672607e-05,1.9588151189964265e-05
/Users/aswanathjs/Downloads/test9/ai_plastic_waste_management_training/PP Plastic/round_containers/Image_56.png,3,PP Plastic,3,PP Plastic,0.9161601662635803,0.011184677481651306,0.042576976120471954,0.008713016286492348,0.9161601662635803,0.021365223452448845
/Users/aswanathjs/Downloads/test9/ai_plastic_waste_management_training/PS Plastic/foam_containers/Image_56.png,3,PP Plastic,4,PS Plastic,0.5227888822555542,0.0639147236943245,0.20989501476287842,0.006094921845942736,0.1973065286874771,0.5227888822555542
/Users/aswanathjs/Downloads/test9/ai_plastic_waste_management_training/HDPE Plastic/milk_bottles/HDPEM235.jpg,0,HDPE Plastic,0,HDPE Plastic,0.9995624423027039,0.9995624423027039,3.5305307392263785e-05,5.6587836297694594e-05,0.00025636202190071344,8.919818355934694e-05
/Users/aswanathjs/Downloads/test9/ai_plastic_waste_management_training/PP Plastic/round_containers/0022_a05b00c1d1e0f0g0h1.jpg,3,PP Plastic,3,PP Plastic,0.9956295490264893,0.000665340106934309,0.001765507273375988,0.0011476378422230482,0.9956295490264893,0.0007920219213701785
/Users/aswanathjs/Downloads/test9/ai_plastic_waste_management_training/PP Plastic/round_containers_grey/0022_a05b00c1d1e0f0g0h1.jpg,3,PP Plastic,3,PP Plastic,0.9951529502868652,0.001649346319027245,0.0017234657425433397,0.001036172267049551,0.9951529502868652,0.0004380204773042351
/Users/aswanathjs/Downloads/test9/ai_plastic_waste_management_training/LDPE Plastic/black_white__plastic_bags/0187_jpg.rf.c33494af3367fb49104d0d70fd81c3d5.jpg,1,LDPE Plastic,1,LDPE Plastic,0.9979320764541626,0.0005261384649202228,0.9979320764541626,0.00032557727536186576,0.0002995127870235592,0.0009166717063635588
/Users/aswanathjs/Downloads/test9/ai_plastic_waste_management_training/PET Plastic/black_white_plastic_bottles/adzfw_jpg.rf.de43f5641ac65eb0474f0776bd6f6666.jpg,2,PET Plastic,2,PET Plastic,0.99888676404953,3.757674858206883e-05,8.00502675701864e-05,0.99888676404953,0.0008497352246195078,0.0001459397899452597
/Users/aswanathjs/Downloads/test9/ai_plastic_waste_management_training/HDPE Plastic/shampoo_bottles/0063_a02b01c2d1e0f1g1h4.jpg,0,HDPE Plastic,0,HDPE Plastic,0.9997232556343079,0.9997232556343079,6.716672942275181e-06,0.00018397122039459646,5.21216461493168e-05,3.387459582882002e-05
/Users/aswanathjs/Downloads/test9/ai_plastic_waste_management_training/LDPE Plastic/plastic_bags/plasticbag (115).jpg,1,LDPE Plastic,1,LDPE Plastic,0.9989834427833557,3.544708670233376e-05,0.9989834427833557,0.00015578477177768946,0.000797923537902534,2.7431538910605013e-05
/Users/aswanathjs/Downloads/test9/ai_plastic_waste_management_training/PP Plastic/round_containers/IMG_20220209_172738.jpg,3,PP Plastic,3,PP Plastic,0.9563329219818115,0.026626495644450188,0.0033218858297914267,0.009653107263147831,0.9563329219818115,0.004065646789968014
/Users/aswanathjs/Downloads/test9/ai_plastic_waste_management_training/LDPE Plastic/plastic_bags_grey/plasticbag (30).jpg,1,LDPE Plastic,1,LDPE Plastic,0.9978932738304138,7.703846677031834e-06,0.9978932738304138,0.0006813841755501926,0.0007765258196741343,0.0006411596550606191
/Users/aswanathjs/Downloads/test9/ai_plastic_waste_management_training/LDPE Plastic/plastic_bags/plasticbag (30).jpg,1,LDPE Plastic,1,LDPE Plastic,0.9984921216964722,3.1246092930814484e-06,0.9984921216964722,0.00013726581528317183,0.0012166181113570929,0.00015090730448719114
/Users/aswanathjs/Downloads/test9/ai_plastic_waste_management_training/LDPE Plastic/bin_bags/Image_150.png,1,LDPE Plastic,1,LDPE Plastic,0.9939253926277161,0.001934060943312943,0.9939253926277161,0.0011232109973207116,0.001484023523516953,0.0015332743059843779
/Users/aswanathjs/Downloads/test9/ai_plastic_waste_management_training/PS Plastic/foam_containers/Image_150.png,1,LDPE Plastic,4,PS Plastic,0.5074437856674194,0.057304322719573975,0.3300296366214752,0.00799335353076458,0.09722886979579926,0.5074437856674194
/Users/aswanathjs/Downloads/test9/ai_plastic_waste_management_training/HDPE Plastic/milk_bottles/HDPEM203.jpg,0,HDPE Plastic,0,HDPE Plastic,0.9996789693832397,0.9996789693832397,1.5717820133431815e-05,3.43896281265188e-05,0.00023008348944131285,4.07416773668956e-05
"/Users/aswanathjs/Downloads/test9/ai_plastic_waste_management_training/PET Plastic/plastic_bottles/PET1,166.jpg",2,PET Plastic,2,PET Plastic,0.9986526966094971,6.071256211725995e-05,0.000370976107660681,0.9986526966094971,0.00029612923390232027,0.0006194394663907588
/Users/aswanathjs/Downloads/test9/ai_plastic_waste_management_training/PET Plastic/black_white_plastic_bottles/bsyrp_jpg.rf.96cef78e043b3d7a9fcc0ee428eabf13.jpg,2,PET Plastic,2,PET Plastic,0.9998194575309753,7.696815737290308e-05,4.5830664021195844e-05,0.9998194575309753,4.9197926273336634e-05,8.653279110149015e-06
/Users/aswanathjs/Downloads/test9/ai_plastic_waste_management_training/PS Plastic/foam_sheets/IMG_9366_JPG.rf.6d4913cb4a80277a0ec609f78707078b.jpg,4,PS Plastic,4,PS Plastic,0.9992789626121521,0.00045448710443452,8.457378135062754e-05,0.00014860340161249042,3.3463442377978936e-05,0.9992789626121521
/Users/aswanathjs/Downloads/test9/ai_plastic_waste_management_training/PS Plastic/foam_sheets/IMG_9366_JPG.rf.f79cb342a9788f70778a13954d3c3887.jpg,4,PS Plastic,4,PS Plastic,0.9996316432952881,0.00010621474211802706,8.87439600774087e-05,0.00015143019845709205,2.1926760382484645e-05,0.9996316432952881
/Users/aswanathjs/Downloads/test9/ai_plastic_waste_management_training/PS Plastic/foam_sheets/IMG_9366_JPG.rf.72ff362292b12a59f29b5b40df6175a8.jpg,4,PS Plastic,4,PS Plastic,0.9998377561569214,7.466138777090237e-05,3.992420170106925e-05,1.9851449906127527e-05,2.7820569812320173e-05,0.9998377561569214
/Users/aswanathjs/Downloads/test9/ai_plastic_waste_management_training/PS Plastic/form_sheets_grey/IMG_9366_JPG.rf.f79cb342a9788f70778a13954d3c3887.jpg,4,PS Plastic,4,PS Plastic,0.9996108412742615,5.069221151643433e-05,0.0001064351963577792,0.00011059510870836675,0.00012146891094744205,0.9996108412742615
/Users/aswanathjs/Downloads/test9/ai_plastic_waste_management_training/PS Plastic/form_sheets_grey/IMG_9366_JPG.rf.72ff362292b12a59f29b5b40df6175a8.jpg,4,PS Plastic,4,PS Plastic,0.9948360919952393,9.709558798931539e-05,0.003764469176530838,0.0005383407115004957,0.0007639810792170465,0.9948360919952393
"/Users/aswanathjs/Downloads/test9/ai_plastic_waste_management_training/PET Plastic/plastic_bottles/PET1,680.jpg",2,PET Plastic,2,PET Plastic,0.99930739402771,0.0004604769928846508,5.2381554269231856e-05,0.99930739402771,9.733554907143116e-05,8.232730760937557e-05
/Users/aswanathjs/Downloads/test9/ai_plastic_waste_management_training/PP Plastic/rectangle_containers/0011_a05b00c2d3e0f0g0h4.jpg,3,PP Plastic,3,PP Plastic,0.9964969754219055,3.525316424202174e-05,0.00017294459394179285,0.0031919130124151707,0.9964969754219055,0.00010295526590198278
/Users/aswanathjs/Downloads/test9/ai_plastic_waste_management_training/PP Plastic/square_containers/0011_a05b00c2d3e0f0g0h4.jpg,3,PP Plastic,3,PP Plastic,0.9964969754219055,3.525316424202174e-05,0.00017294459394179285,0.0031919130124151707,0.9964969754219055,0.00010295526590198278
/Users/aswanathjs/Downloads/test9/ai_plastic_waste_management_training/PP Plastic/round_containers/0022_a05b00c1d3e0f0g0h4.jpg,3,PP Plastic,3,PP Plastic,0.980516254901886,0.0025790275540202856,0.014022565446794033,0.0012462143786251545,0.980516254901886,0.0016359321307390928
/Users/aswanathjs/Downloads/test9/ai_plastic_waste_management_training/PP Plastic/round_containers/0009_a06b01c1d0e0f0g0h4.jpg,3,PP Plastic,3,PP Plastic,0.9962177872657776,0.0004413319402374327,0.00028984187520109117,0.002348140347748995,0.9962177872657776,0.0007028360269032419
/Users/aswanathjs/Downloads/test9/ai_plastic_waste_management_training/PP Plastic/round_containers_grey/0009_a06b01c1d0e0f0g0h4.jpg,3,PP Plastic,3,PP Plastic,0.9947145581245422,0.0017975091468542814,0.0007044334197416902,0.0014090805780142546,0.9947145581245422,0.0013743465533480048
/Users/aswanathjs/Downloads/test9/ai_plastic_waste_management_training/HDPE Plastic/shampoo_bottles/0078_a02b07c1d0e0f1g0h2.jpg,0,HDPE Plastic,0,HDPE Plastic,0.9996854066848755,0.9996854066848755,7.597592048114166e-05,6.857015250716358e-05,0.0001020318377413787,6.800462870160118e-05
/Users/aswanathjs/Downloads/test9/ai_plastic_waste_management_training/PP Plastic/round_containers/0022_a05b00c2d0e0f0g0h4.jpg,3,PP Plastic,3,PP Plastic,0.997825026512146,0.00043053465196862817,0.0012104480993002653,0.000318772392347455,0.997825026512146,0.00021524647308979183
/Users/aswanathjs/Downloads/test9/ai_plastic_waste_management_training/PP Plastic/round_containers_grey/0022_a05b00c2d0e0f0g0h4.jpg,3,PP Plastic,3,PP Plastic,0.9965019226074219,0.001268578926101327,0.0017414496978744864,0.00035086830030195415,0.9965019226074219,0.0001370836835121736
/Users/aswanathjs/Downloads/test9/ai_plastic_waste_management_training/LDPE Plastic/bubble_wrap/LDPE-79_jpg.rf.448b50fd197c3a8e149d9ed05e39ff93.jpg,1,LDPE Plastic,1,LDPE Plastic,0.9993513226509094,7.261176506290212e-05,0.9993513226509094,5.920671173953451e-05,0.00013043894432485104,0.00038636024692095816
/Users/aswanathjs/Downloads/test9/ai_plastic_waste_management_training/LDPE Plastic/bubble_wrap/LDPE-79_jpg.rf.626483978ba484915b4c90fd646087d7.jpg,1,LDPE Plastic,1,LDPE Plastic,0.9999135732650757,2.2216639990801923e-05,0.9999135732650757,4.717649062513374e-06,8.733321010367945e-06,5.07979748363141e-05
/Users/aswanathjs/Downloads/test9/ai_plastic_waste_management_training/LDPE Plastic/black_white__plastic_bags/0024_jpg.rf.bd2ebe371052315e5899152ca759ad35.jpg,1,LDPE Plastic,1,LDPE Plastic,0.9989737272262573,0.0003481766034383327,0.9989737272262573,0.0001223167491843924,7.329383515752852e-05,0.00048250227700918913
/Users/aswanathjs/Downloads/test9/ai_plastic_waste_management_training/PP Plastic/round_containers/0035_a06b01c1d3e0f0g0h0.jpg,3,PP Plastic,3,PP Plastic,0.9992864727973938,0.00013180934183765203,0.0003642577212303877,0.00014781499339733273,0.9992864727973938,6.96423085173592e-05
/Users/aswanathjs/Downloads/test9/ai_plastic_waste_management_training/PP Plastic/square_containers/Image_238.png,3,PP Plastic,3,PP Plastic,0.8222668766975403,0.009490538388490677,0.16310040652751923,0.0013282304862514138,0.8222668766975403,0.0038139130920171738
/Users/aswanathjs/Downloads/test9/ai_plastic_waste_management_training/PS Plastic/foam_containers/Image_238.png,3,PP Plastic,4,PS Plastic,0.4602488577365875,0.10033734887838364,0.17717207968235016,0.009628535248339176,0.25261321663856506,0.4602488577365875
/Users/aswanathjs/Downloads/test9/ai_plastic_waste_management_training/PP Plastic/round_containers/IMG_20220209_173559.jpg,3,PP Plastic,3,PP Plastic,0.9987068176269531,0.00021836279483977705,0.0004737888230010867,0.00021679946803487837,0.9987068176269531,0.00038421974750235677
/Users/aswanathjs/Downloads/test9/ai_plastic_waste_management_training/HDPE Plastic/milk_bottles/HDPEM137.jpg,0,HDPE Plastic,0,HDPE Plastic,0.9972911477088928,0.9972911477088928,0.00048438212252222,0.00017813236627262086,0.0015651017893105745,0.0004812736005987972
/Users/aswanathjs/Downloads/test9/ai_plastic_waste_management_training/PP Plastic/round_containers/Image_155.png,3,PP Plastic,3,PP Plastic,0.9502176642417908,0.001665054471231997,0.042854562401771545,0.0008176389965228736,0.9502176642417908,0.004445040598511696
/Users/aswanathjs/Downloads/test9/ai_plastic_waste_management_training/PS Plastic/foam_containers/Image_155.png,3,PP Plastic,3,PP Plastic,0.4118063449859619,0.0240015909075737,0.20356447994709015,0.013978262431919575,0.4118063449859619,0.3466493487358093
/Users/aswanathjs/Downloads/test9/ai_plastic_waste_management_training/PET Plastic/shampoo_bottles/0015_a05b00c1d1e1f1g0h1.jpg,2,PET Plastic,2,PET Plastic,0.9998655319213867,5.6745309848338366e-05,1.2577376082845149e-06,0.9998655319213867,6.952892726985738e-05,6.930261406523641e-06
/Users/aswanathjs/Downloads/test9/ai_plastic_waste_management_training/PP Plastic/square_containers_grey/IMG20220210150436.jpg,3,PP Plastic,3,PP Plastic,0.9749652743339539,0.013667679391801357,0.006248750723898411,0.0036937559489160776,0.9749652743339539,0.00142458186019212
/Users/aswanathjs/Downloads/test9/ai_plastic_waste_management_training/PP Plastic/square_containers/IMG20220210150436.jpg,3,PP Plastic,3,PP Plastic,0.9828932881355286,0.013090183027088642,0.0026967599987983704,0.0004902266664430499,0.9828932881355286,0.0008294715080410242
/Users/aswanathjs/Downloads/test9/ai_plastic_waste_management_training/PET Plastic/black_white_plastic_bottles/debgm_jpg.rf.ff3c67f531d7400abcfb47dbd5797607.jpg,2,PET Plastic,2,PET Plastic,0.9995914101600647,7.780430314596742e-05,2.8134141757618636e-05,0.9995914101600647,0.00022515868477057666,7.742768502794206e-05
/Users/aswanathjs/Downloads/test9/ai_plastic_waste_management_training/HDPE Plastic/milk_bottles/HDPEM114.jpg,0,HDPE Plastic,0,HDPE Plastic,0.9991620779037476,0.9991620779037476,0.00015603793144691736,0.00019484235963318497,0.00038180509000085294,0.00010511708387639374
/Users/aswanathjs/Downloads/test9/ai_plastic_waste_management_training/HDPE Plastic/shampoo_bottles/0078_a02b07c1d2e0f1g0h1.jpg,0,HDPE Plastic,0,HDPE Plastic,0.9971801042556763,0.9971801042556763,0.0003768904134631157,0.0002398293581791222,0.0018978271400555968,0.00030524004250764847
"/Users/aswanathjs/Downloads/test9/ai_plastic_waste_management_training/PET Plastic/plastic_bottles/PET1,271.jpg",2,PET Plastic,2,PET Plastic,0.9993477463722229,0.00017471317551098764,0.00024369974562432617,0.9993477463722229,0.000149556013639085,8.426504791714251e-05
/Users/aswanathjs/Downloads/test9/ai_plastic_waste_management_training/PET Plastic/plastic_bottles/PET459.jpg,2,PET Plastic,2,PET Plastic,0.9843975901603699,0.014009280130267143,0.00011324597289785743,0.9843975901603699,0.0011555986711755395,0.00032418404589407146
/Users/aswanathjs/Downloads/test9/ai_plastic_waste_management_training/LDPE Plastic/plastic_bags/LDPE-478_jpg.rf.1d7e0ffa518451dde73641348ac95bfc.jpg,1,LDPE Plastic,1,LDPE Plastic,0.9983441829681396,0.00029989032191224396,0.9983441829681396,0.0008671256946399808,8.01306523499079e-05,0.0004087329434696585
/Users/aswanathjs/Downloads/test9/ai_plastic_waste_management_training/HDPE Plastic/shampoo_bottles/0023_a02b01c2d2e0f1g0h0.jpg,0,HDPE Plastic,0,HDPE Plastic,0.9990078806877136,0.9990078806877136,4.0092782001011074e-05,0.00046568646212108433,0.000371425470802933,0.00011509896285133436
/Users/aswanathjs/Downloads/test9/ai_plastic_waste_management_training/LDPE Plastic/plastic_bags/plasticbag (21).jpg,1,LDPE Plastic,1,LDPE Plastic,0.9988524913787842,0.00031224035774357617,0.9988524913787842,3.3419888495700434e-05,0.0005287111271172762,0.00027319358196109533
/Users/aswanathjs/Downloads/test9/ai_plastic_waste_management_training/LDPE Plastic/black_white__plastic_bags/0146_jpg.rf.626715e0b56dee3eac40b8aed1dee4c8.jpg,1,LDPE Plastic,1,LDPE Plastic,0.9975484013557434,0.00021281311637721956,0.9975484013557434,0.0004763649485539645,0.0012151470873504877,0.0005473556811921299
/Users/aswanathjs/Downloads/test9/ai_plastic_waste_management_training/LDPE Plastic/plastic_bags/plasticbag (187).jpg,1,LDPE Plastic,1,LDPE Plastic,0.9975473284721375,0.0005441331886686385,0.9975473284721375,0.0003196238540112972,0.0005811290466226637,0.0010077853221446276
/Users/aswanathjs/Downloads/test9/ai_plastic_waste_management_training/HDPE Plastic/shampoo_bottiles_grey/0075_a02b01c2d3e0f0g0h3.jpg,0,HDPE Plastic,0,HDPE Plastic,0.9976089000701904,0.9976089000701904,2.0062267140019685e-05,0.0003738153027370572,0.0018083018949255347,0.00018896257097367197
/Users/aswanathjs/Downloads/test9/ai_plastic_waste_management_training/HDPE Plastic/shampoo_bottles/0075_a02b01c2d3e0f0g0h3.jpg,0,HDPE Plastic,0,HDPE Plastic,0.9993999004364014,0.9993999004364014,1.644799340283498e-05,0.00016225774015765637,0.00034932096605189145,7.202182314358652e-05
/Users/aswanathjs/Downloads/test9/ai_plastic_waste_management_training/PS Plastic/foam_sheets/PS-806_jpg.rf.fb18c19d3a0f4b108ea9a02aba7900c2.jpg,4,PS Plastic,4,PS Plastic,0.9997736811637878,3.654040119727142e-05,5.583373786066659e-05,7.36661022529006e-05,6.025482070981525e-05,0.9997736811637878
/Users/aswanathjs/Downloads/test9/ai_plastic_waste_management_training/LDPE Plastic/plastic_bags/plasticbag (123).jpg,1,LDPE Plastic,1,LDPE Plastic,0.9996249675750732,2.729374728005496e-06,0.9996249675750732,2.531427344365511e-05,0.00028673248016275465,6.0227994254091755e-05
/Users/aswanathjs/Downloads/test9/ai_plastic_waste_management_training/HDPE Plastic/shampoo_bottles/0077_a02b01c1d3e0f1g0h0.jpg,0,HDPE Plastic,0,HDPE Plastic,0.9998809099197388,0.9998809099197388,9.669715836935211e-06,1.4511478184431326e-05,8.177522249752656e-05,1.3150462109479122e-05
/Users/aswanathjs/Downloads/test9/ai_plastic_waste_management_training/LDPE Plastic/plastic_bags/train_LDPE-29_jpg.rf.7c8c2ffa44904c42cca5ba4f5ac463e7.jpg,1,LDPE Plastic,1,LDPE Plastic,0.9979082345962524,0.0004940810613334179,0.9979082345962524,0.0006599894259124994,0.00018685900431592017,0.0007508749840781093
/Users/aswanathjs/Downloads/test9/ai_plastic_waste_management_training/HDPE Plastic/shampoo_bottles/0078_a02b07c1d3e0f1g0h3.jpg,0,HDPE Plastic,0,HDPE Plastic,0.9973213076591492,0.9973213076591492,0.0007272399379871786,0.00013105601829010993,0.0016035068547353148,0.0002170039078919217
"/Users/aswanathjs/Downloads/test9/ai_plastic_waste_management_training/PET Plastic/plastic_bottles/PET1,252.jpg",2,PET Plastic,2,PET Plastic,0.9995865225791931,0.00035777874290943146,1.118915133702103e-05,0.9995865225791931,1.9737139155040495e-05,2.476607187418267e-05
/Users/aswanathjs/Downloads/test9/ai_plastic_waste_management_training/PET Plastic/black_white_plastic_bottles/ckieq_jpg.rf.9cac2fdbdedd98f7cecd39288bb4bc14.jpg,2,PET Plastic,2,PET Plastic,0.9997921586036682,8.492272900184616e-05,2.3012587917037308e-05,0.9997921586036682,1.1243262633797713e-05,8.868941222317517e-05
/Users/aswanathjs/Downloads/test9/ai_plastic_waste_management_training/PET Plastic/black_white_plastic_bottles/bzluk_jpg.rf.3da618d3cb0509010815e8aa929b279b.jpg,2,PET Plastic,2,PET Plastic,0.9990860223770142,5.8238099882146344e-05,9.110914106713608e-05,0.9990860223770142,0.0003825020103249699,0.00038206379394978285
/Users/aswanathjs/Downloads/test9/ai_plastic_waste_management_training/PS Plastic/foam_containers/Image_30.png,4,PS Plastic,4,PS Plastic,0.7182822227478027,0.05184370279312134,0.0867638885974884,0.004997026175260544,0.13811329007148743,0.7182822227478027
/Users/aswanathjs/Downloads/test9/ai_plastic_waste_management_training/HDPE Plastic/shampoo_bottles/0065_a02b03c2d0e0f1g0h2.jpg,0,HDPE Plastic,0,HDPE Plastic,0.998741090297699,0.998741090297699,0.00015257546328939497,0.00018285619444213808,0.0004309412033762783,0.0004925794783048332
/Users/aswanathjs/Downloads/test9/ai_plastic_waste_management_training/PET Plastic/plastic_bottles/PET851.jpg,2,PET Plastic,2,PET Plastic,0.9989058971405029,0.00025036060833372176,0.0003250820154789835,0.9989058971405029,0.00018315165652893484,0.00033550008083693683
/Users/aswanathjs/Downloads/test9/ai_plastic_waste_management_training/PS Plastic/foam_sheets/PS-838_jpg.rf.ce49b8d19e58d5f063f7f38ca0e36a38.jpg,4,PS Plastic,4,PS Plastic,0.9997721314430237,4.259892011759803e-05,4.5742086513200775e-05,7.163400732679293e-05,6.793973443564028e-05,0.9997721314430237
/Users/aswanathjs/Downloads/test9/ai_plastic_waste_management_training/PET Plastic/plastic_bottles/PET966.jpg,2,PET Plastic,2,PET Plastic,0.9999488592147827,3.27597035720828e-06,6.177963769005146e-06,0.9999488592147827,1.0292694241798017e-05,3.1444262276636437e-05
/Users/aswanathjs/Downloads/test9/ai_plastic_waste_management_training/HDPE Plastic/shampoo_bottles/0075_a02b01c1d1e0f0g0h2.jpg,0,HDPE Plastic,0,HDPE Plastic,0.9984297156333923,0.9984297156333923,3.759567698580213e-05,0.0010412256233394146,0.0003785029402934015,0.00011294089927105233
/Users/aswanathjs/Downloads/test9/ai_plastic_waste_management_training/PET Plastic/shampoo_bottles/0080_a05b00c1d1e0f1g0h4.jpg,2,PET Plastic,2,PET Plastic,0.999875545501709,1.9147086277371272e-05,7.049094620015239e-06,0.999875545501709,6.289671728154644e-05,3.537252268870361e-05
/Users/aswanathjs/Downloads/test9/ai_plastic_waste_management_training/PP Plastic/round_containers/0031_a05b01c1d2e0f0g0h0.jpg,3,PP Plastic,3,PP Plastic,0.9993665814399719,0.0002378159115323797,0.00013738720736000687,0.00019205693388357759,0.9993665814399719,6.622242653975263e-05
/Users/aswanathjs/Downloads/test9/ai_plastic_waste_management_training/PP Plastic/round_containers_grey/0031_a05b01c1d2e0f0g0h0.jpg,3,PP Plastic,3,PP Plastic,0.9991550445556641,0.00010732070950325578,0.0004459805495571345,0.00018545247439760715,0.9991550445556641,0.00010627593292156234
/Users/aswanathjs/Downloads/test9/ai_plastic_waste_management_training/PS Plastic/form_containers_grey/0058_a06b01c1d2e0f0g0h4.jpg,4,PS Plastic,4,PS Plastic,0.9991068243980408,0.0005526082240976393,5.415548002929427e-05,6.924154877196997e-05,0.00021711437148042023,0.9991068243980408
/Users/aswanathjs/Downloads/test9/ai_plastic_waste_management_training/PS Plastic/foam_containers/0058_a06b01c1d2e0f0g0h4.jpg,4,PS Plastic,4,PS Plastic,0.999882698059082,5.957102621323429e-05,2.4115638552757446e-06,4.671306669479236e-06,5.0606526201590896e-05,0.999882698059082
/Users/aswanathjs/Downloads/test9/ai_plastic_waste_management_training/LDPE Plastic/plastic_bags/LDPE-536_jpg.rf.f1d67d7e935321886cd0433a5bddd8f6.jpg,1,LDPE Plastic,1,LDPE Plastic,0.9995347261428833,0.00010357151040807366,0.9995347261428833,0.00012315009371377528,5.5979257012950256e-05,0.0001825747749535367
/Users/aswanathjs/Downloads/test9/ai_plastic_waste_management_training/LDPE Plastic/plastic_bags/LDPE-24_jpg.rf.7b4acfaa4b5b30ec9fb014546a613641.jpg,1,LDPE Plastic,1,LDPE Plastic,0.999625563621521,3.640779323177412e-05,0.999625563621521,0.00011988093319814652,2.669018977030646e-05,0.0001914743916131556
/Users/aswanathjs/Downloads/test9/ai_plastic_waste_management_training/HDPE Plastic/detergent_bottles/Image_241.png,0,HDPE Plastic,0,HDPE Plastic,0.9920365810394287,0.9920365810394287,0.0011592699447646737,0.0005060425028204918,0.004553318489342928,0.0017448471626266837
/Users/aswanathjs/Downloads/test9/ai_plastic_waste_management_training/HDPE Plastic/detergent_botteles_grey/Image_241.png,0,HDPE Plastic,0,HDPE Plastic,0.9900660514831543,0.9900660514831543,0.001941475085914135,0.0004934035241603851,0.0052055190317332745,0.0022935979068279266
/Users/aswanathjs/Downloads/test9/ai_plastic_waste_management_training/PP Plastic/square_containers/Image_241.png,0,HDPE Plastic,0,HDPE Plastic,0.809413731098175,0.809413731098175,0.09840968996286392,0.007457396946847439,0.06538540869951248,0.01933375559747219
/Users/aswanathjs/Downloads/test9/ai_plastic_waste_management_training/PS Plastic/foam_containers/Image_241.png,0,HDPE Plastic,4,PS Plastic,0.5315513610839844,0.06798621267080307,0.24134330451488495,0.007739049848169088,0.15137997269630432,0.5315513610839844
/Users/aswanathjs/Downloads/test9/ai_plastic_waste_management_training/HDPE Plastic/shampoo_bottles/0078_a02b07c2d0e0f1g0h3.jpg,0,HDPE Plastic,0,HDPE Plastic,0.9978525638580322,0.9978525638580322,0.0005472213961184025,0.0008970879134722054,0.0004054614983033389,0.00029766318039037287
/Users/aswanathjs/Downloads/test9/ai_plastic_waste_management_training/HDPE Plastic/shampoo_bottles/0063_a02b01c2d0e0f1g1h1.jpg,0,HDPE Plastic,0,HDPE Plastic,0.9899742007255554,0.9899742007255554,0.00013603383558802307,0.005707143805921078,0.0033938668202608824,0.0007886745152063668
/Users/aswanathjs/Downloads/test9/ai_plastic_waste_management_training/LDPE Plastic/plastic_bags/LDPE-305_jpg.rf.dc2050cf75e1d4a29e719c3d3810cc08.jpg,1,LDPE Plastic,1,LDPE Plastic,0.9990957975387573,0.0001355425629299134,0.9990957975387573,0.00011159852147102356,0.00018326703866478056,0.0004737543931696564
/Users/aswanathjs/Downloads/test9/ai_plastic_waste_management_training/PET Plastic/black_white_plastic_bottles/cgfky_jpg.rf.ad21f5c7da2e7c993f7567b0cab74947.jpg,2,PET Plastic,2,PET Plastic,0.9997939467430115,1.6067106116679497e-05,3.63387844117824e-05,0.9997939467430115,5.019690070184879e-05,0.0001035129462252371
/Users/aswanathjs/Downloads/test9/ai_plastic_waste_management_training/HDPE Plastic/milk_bottles/HDPEM460.jpg,0,HDPE Plastic,0,HDPE Plastic,0.9973753690719604,0.9973753690719604,3.7421370507217944e-05,6.447041232604533e-05,0.0022615438792854548,0.00026125586009584367
/Users/aswanathjs/Downloads/test9/ai_plastic_waste_management_training/PET Plastic/shampoo_bottles/0080_a05b00c1d2e0f1g0h4.jpg,2,PET Plastic,2,PET Plastic,0.9996805191040039,0.00013932138972450048,7.084776370902546e-06,0.9996805191040039,0.00016049288387876004,1.2592431630764622e-05
/Users/aswanathjs/Downloads/test9/ai_plastic_waste_management_training/HDPE Plastic/shampoo_bottles/0076_a02b06c1d0e0f1g0h2.jpg,0,HDPE Plastic,0,HDPE Plastic,0.9993703961372375,0.9993703961372375,0.00015182915376499295,0.00020261899044271559,0.0001778348087100312,9.73813293967396e-05
/Users/aswanathjs/Downloads/test9/ai_plastic_waste_management_training/LDPE Plastic/bubble_wrap/train_LDPE-81_jpg.rf.7030db36b88963ab80d9e399a6e4f698.jpg,1,LDPE Plastic,1,LDPE Plastic,0.993308424949646,0.001199577352963388,0.993308424949646,0.0012303380062803626,0.002662613755092025,0.001599088660441339
/Users/aswanathjs/Downloads/test9/ai_plastic_waste_management_training/HDPE Plastic/milk_bottles/HDPEM265.jpg,0,HDPE Plastic,0,HDPE Plastic,0.9993365406990051,0.9993365406990051,8.342659566551447e-05,6.654171011177823e-05,0.00044682217412628233,6.662584928562865e-05
/Users/aswanathjs/Downloads/test9/ai_plastic_waste_management_training/PET Plastic/plastic_bottles/PET860.jpg,2,PET Plastic,2,PET Plastic,0.9998782873153687,0.0001061180155375041,7.72191742726136e-06,0.9998782873153687,2.395163164692349e-06,5.4188735703064594e-06
/Users/aswanathjs/Downloads/test9/ai_plastic_waste_management_training/PET Plastic/black_white_plastic_bottles/cdgwx_jpg.rf.d8b215c8d13006d057bc6d86b1409398.jpg,2,PET Plastic,2,PET Plastic,0.9992731213569641,0.0004544277035165578,4.662605351768434e-05,0.9992731213569641,0.00016147414862643927,6.436598778236657e-05
/Users/aswanathjs/Downloads/test9/ai_plastic_waste_management_training/PP Plastic/square_containers/Image_213.png,3,PP Plastic,3,PP Plastic,0.8096677660942078,0.011485867202281952,0.05524229630827904,0.0031462199985980988,0.8096677660942078,0.12045791000127792
/Users/aswanathjs/Downloads/test9/ai_plastic_waste_management_training/PS Plastic/foam_containers/Image_213.png,3,PP Plastic,3,PP Plastic,0.6921511292457581,0.005171498749405146,0.022802123799920082,0.005459170788526535,0.6921511292457581,0.2744160592556
/Users/aswanathjs/Downloads/test9/ai_plastic_waste_management_training/LDPE Plastic/bubble_wrap/bubblewrap.jpg,1,LDPE Plastic,1,LDPE Plastic,0.9997994303703308,1.812149457691703e-05,0.9997994303703308,7.2682128120504785e-06,2.7976182536804117e-05,0.0001472145813750103
/Users/aswanathjs/Downloads/test9/ai_plastic_waste_management_training/PET Plastic/shampoo_bottles/0080_a05b00c1d0e0f1g0h4.jpg,2,PET Plastic,2,PET Plastic,0.9879641532897949,0.001847882871516049,8.806143159745261e-05,0.9879641532897949,0.009626993909478188,0.00047287982306443155
/Users/aswanathjs/Downloads/test9/ai_plastic_waste_management_training/PP Plastic/square_containers/IMG_20220209_175311.jpg,3,PP Plastic,3,PP Plastic,0.9989272952079773,4.3962241761619225e-05,0.00024231891438830644,1.7547898096381687e-05,0.9989272952079773,0.0007687858305871487
/Users/aswanathjs/Downloads/test9/ai_plastic_waste_management_training/HDPE Plastic/detergent_bottles/0010_a02b01c2d2e0f1g0h2.jpg,0,HDPE Plastic,0,HDPE Plastic,0.998406708240509,0.998406708240509,0.00039486950845457613,0.0005667686345987022,0.00048266295925714076,0.00014907117292750627
/Users/aswanathjs/Downloads/test9/ai_plastic_waste_management_training/PET Plastic/black_white_plastic_bottles/blurrybottle.jpg,2,PET Plastic,2,PET Plastic,0.9994575381278992,0.00011379792704246938,0.0003250956069678068,0.9994575381278992,4.918508784612641e-05,5.445248825708404e-05
/Users/aswanathjs/Downloads/test9/ai_plastic_waste_management_training/PET Plastic/plastic_bottles/PET735.jpg,2,PET Plastic,2,PET Plastic,0.9999213218688965,3.7312442145776004e-05,1.1723437637556344e-05,0.9999213218688965,3.564633061614586e-06,2.6077188522322103e-05
"/Users/aswanathjs/Downloads/test9/ai_plastic_waste_management_training/PET Plastic/plastic_bottles/PET1,545.jpg",2,PET Plastic,2,PET Plastic,0.9991266131401062,0.00010972628660965711,0.0007518272614106536,0.9991266131401062,4.103416813450167e-06,7.72826297179563e-06
/Users/aswanathjs/Downloads/test9/ai_plastic_waste_management_training/LDPE Plastic/plastic_bags/plasticbag (140).jpg,1,LDPE Plastic,1,LDPE Plastic,0.9999706745147705,3.4797274111042498e-06,0.9999706745147705,9.268424605579639e-07,1.2566008081194013e-05,1.2381623491819482e-05
/Users/aswanathjs/Downloads/test9/ai_plastic_waste_management_training/PP Plastic/irregular_containers/train_PP-52_jpg.rf.78d7499e101430d1f4e95a0578e2b50b.jpg,3,PP Plastic,3,PP Plastic,0.9997226595878601,7.849396206438541e-05,2.416724782960955e-05,4.886478927801363e-05,0.9997226595878601,0.00012572809646371752
/Users/aswanathjs/Downloads/test9/ai_plastic_waste_management_training/LDPE Plastic/plastic_bags/plasticbag (105).jpg,1,LDPE Plastic,1,LDPE Plastic,0.9996122717857361,4.70695122203324e-05,0.9996122717857361,6.636092439293861e-05,0.0001294733228860423,0.00014473799092229456
/Users/aswanathjs/Downloads/test9/ai_plastic_waste_management_training/PS Plastic/foam_containers/0058_a06b01c1d3e0f0g0h3.jpg,4,PS Plastic,4,PS Plastic,0.9994882345199585,3.9954993553692475e-05,3.529351033648709e-06,1.5179050933511462e-05,0.000453143788035959,0.9994882345199585
/Users/aswanathjs/Downloads/test9/ai_plastic_waste_management_training/LDPE Plastic/black_white__plastic_bags/0151_jpg.rf.1124bcc0a3aa7bc916774ebb5ba31838.jpg,1,LDPE Plastic,1,LDPE Plastic,0.9993066787719727,4.5758260966977105e-05,0.9993066787719727,0.0005550447967834771,2.9043476388324052e-05,6.341434345813468e-05
/Users/aswanathjs/Downloads/test9/ai_plastic_waste_management_training/LDPE Plastic/plastic_bags_grey/plasticbag (100).jpg,1,LDPE Plastic,1,LDPE Plastic,0.9951321482658386,0.0006618392071686685,0.9951321482658386,0.0006641248473897576,0.0005842705140821636,0.0029576411470770836
/Users/aswanathjs/Downloads/test9/ai_plastic_waste_management_training/LDPE Plastic/plastic_bags/plasticbag (100).jpg,1,LDPE Plastic,1,LDPE Plastic,0.9986228942871094,0.000289913616143167,0.9986228942871094,8.954634540714324e-05,0.00035278615541756153,0.0006449517677538097
/Users/aswanathjs/Downloads/test9/ai_plastic_waste_management_training/HDPE Plastic/milk_bottles/P_W (1357).jpg,0,HDPE Plastic,0,HDPE Plastic,0.9996590614318848,0.9996590614318848,5.014467751607299e-05,3.294256021035835e-05,0.00021098613797221333,4.691986760008149e-05
/Users/aswanathjs/Downloads/test9/ai_plastic_waste_management_training/LDPE Plastic/plastic_bags/plasticbag (207).jpg,1,LDPE Plastic,1,LDPE Plastic,0.9902369379997253,0.0023877385538071394,0.9902369379997253,0.000530076795257628,0.003932546358555555,0.0029126890003681183
/Users/aswanathjs/Downloads/test9/ai_plastic_waste_management_training/PET Plastic/plastic_bottles/PET326.jpg,2,PET Plastic,2,PET Plastic,0.9977285265922546,0.002185248304158449,4.4480028009274974e-05,0.9977285265922546,1.126204733736813e-05,3.0445366064668633e-05
/Users/aswanathjs/Downloads/test9/ai_plastic_waste_management_training/PS Plastic/foam_containers/styrofoam-136-_jpg.rf.8065ce48d031ee14fde2186f98ffcc0a.jpg,4,PS Plastic,4,PS Plastic,0.9998196959495544,5.022122786613181e-05,9.404544107383117e-05,9.048182619153522e-06,2.709823638724629e-05,0.9998196959495544
/Users/aswanathjs/Downloads/test9/ai_plastic_waste_management_training/LDPE Plastic/black_white__plastic_bags/0221_jpg.rf.b021e1b65a5dae4c8402399bcb04f1e3.jpg,1,LDPE Plastic,1,LDPE Plastic,0.9992945194244385,0.00012635553139261901,0.9992945194244385,0.0001563896657899022,3.913457112503238e-05,0.00038346744258888066
/Users/aswanathjs/Downloads/test9/ai_plastic_waste_management_training/LDPE Plastic/plastic_bags/LDPE-653_jpg.rf.6a7026dae6783a2439babd383ac6631b.jpg,1,LDPE Plastic,1,LDPE Plastic,0.9977675676345825,0.0005017522489652038,0.9977675676345825,0.0003784384753089398,0.0009675641776993871,0.00038463377859443426
/Users/aswanathjs/Downloads/test9/ai_plastic_waste_management_training/HDPE Plastic/milk_bottles/HDPEM12.jpg,0,HDPE Plastic,0,HDPE Plastic,0.9996590614318848,0.9996590614318848,5.014467751607299e-05,3.294256021035835e-05,0.00021098613797221333,4.691986760008149e-05
/Users/aswanathjs/Downloads/test9/ai_plastic_waste_management_training/PS Plastic/foam_sheets/PS-521_jpg.rf.020a0ca0b85e26252e1b59df6fec4bcb.jpg,4,PS Plastic,4,PS Plastic,0.9996147155761719,3.8922185922274366e-05,0.00012104809866286814,5.387462806538679e-05,0.0001714318204903975,0.9996147155761719
/Users/aswanathjs/Downloads/test9/ai_plastic_waste_management_training/LDPE Plastic/bin_bags/Image_26.png,1,LDPE Plastic,1,LDPE Plastic,0.9986420273780823,0.0005849105073139071,0.9986420273780823,0.0003378583933226764,0.0002429535088595003,0.00019225529104005545
/Users/aswanathjs/Downloads/test9/ai_plastic_waste_management_training/LDPE Plastic/bin_bags_grey/Image_26.png,1,LDPE Plastic,1,LDPE Plastic,0.9986420273780823,0.0005849105073139071,0.9986420273780823,0.0003378583933226764,0.0002429535088595003,0.00019225529104005545
/Users/aswanathjs/Downloads/test9/ai_plastic_waste_management_training/PP Plastic/square_containers/Image_26.png,1,LDPE Plastic,1,LDPE Plastic,0.8156918883323669,0.0006439617136493325,0.8156918883323669,5.449246600619517e-05,0.18346905708312988,0.00014059657405596226
/Users/aswanathjs/Downloads/test9/ai_plastic_waste_management_training/PS Plastic/foam_containers/Image_26.png,1,LDPE Plastic,1,LDPE Plastic,0.5709812641143799,0.015520744025707245,0.5709812641143799,0.0027928666677325964,0.04161664843559265,0.3690885007381439
/Users/aswanathjs/Downloads/test9/ai_plastic_waste_management_training/PET Plastic/plastic_bottles/PET527.jpg,2,PET Plastic,2,PET Plastic,0.9998922348022461,1.0205689250142314e-05,1.4073363672650885e-05,0.9998922348022461,2.891734584409278e-05,5.446333670988679e-05
/Users/aswanathjs/Downloads/test9/ai_plastic_waste_management_training/LDPE Plastic/plastic_bags/LDPE-36_jpg.rf.a7d0bb8af47b83da3576a9cdb758276f.jpg,1,LDPE Plastic,1,LDPE Plastic,0.998191773891449,0.00019825584604404867,0.998191773891449,0.0005175399710424244,0.000566260889172554,0.0005261850310489535
/Users/aswanathjs/Downloads/test9/ai_plastic_waste_management_training/LDPE Plastic/plastic_bags/LDPE-36_jpg.rf.f41c14cb7f30bf15d9010a1a109384fd.jpg,1,LDPE Plastic,1,LDPE Plastic,0.9994949102401733,8.99213773664087e-05,0.9994949102401733,4.170902684563771e-05,0.0002538273693062365,0.0001196875236928463
/Users/aswanathjs/Downloads/test9/ai_plastic_waste_management_training/PP Plastic/round_containers/0043_a06b01c1d1e0f0g0h0.jpg,3,PP Plastic,3,PP Plastic,0.9950836896896362,0.0026340261101722717,0.0014157461700960994,0.0004025951202493161,0.9950836896896362,0.00046393685624934733
/Users/aswanathjs/Downloads/test9/ai_plastic_waste_management_training/HDPE Plastic/detergent_bottles/0039_a02b01c1d2e0f1g0h0.jpg,0,HDPE Plastic,0,HDPE Plastic,0.9993771910667419,0.9993771910667419,0.00022832331887912005,9.400829731021076e-05,0.00022197621001396328,7.845995423849672e-05
"/Users/aswanathjs/Downloads/test9/ai_plastic_waste_management_training/PET Plastic/plastic_bottles/PET1,308.jpg",2,PET Plastic,2,PET Plastic,0.9994732737541199,0.00029006533441133797,3.4097000025212765e-05,0.9994732737541199,0.00012643563968595117,7.624967838637531e-05
/Users/aswanathjs/Downloads/test9/ai_plastic_waste_management_training/PS Plastic/foam_containers/Image_18.png,4,PS Plastic,4,PS Plastic,0.769527018070221,0.035413939505815506,0.07379232347011566,0.0063126301392912865,0.11495405435562134,0.769527018070221
/Users/aswanathjs/Downloads/test9/ai_plastic_waste_management_training/PP Plastic/round_containers/0035_a06b01c2d2e0f0g0h0.jpg,3,PP Plastic,3,PP Plastic,0.9997692704200745,0.00011315953452140093,7.146505231503397e-05,2.6755040380521677e-05,0.9997692704200745,1.9259394321125e-05
/Users/aswanathjs/Downloads/test9/ai_plastic_waste_management_training/LDPE Plastic/black_white__plastic_bags/0161_jpg.rf.5d94f4e0e2a10928f8bca1f62884ac23.jpg,1,LDPE Plastic,1,LDPE Plastic,0.9977704286575317,0.00033946678740903735,0.9977704286575317,0.00019167520804330707,0.0007689452613703907,0.0009294619667343795
/Users/aswanathjs/Downloads/test9/ai_plastic_waste_management_training/HDPE Plastic/milk_bottles/HDPEM324.jpg,0,HDPE Plastic,0,HDPE Plastic,0.9950534701347351,0.9950534701347351,0.00011329368135193363,0.004181788768619299,0.0003209915303159505,0.00033050726051442325
/Users/aswanathjs/Downloads/test9/ai_plastic_waste_management_training/LDPE Plastic/plastic_bags/LDPE-227_jpg.rf.6f3ec0ef7653eb548f826ec66c4b03eb.jpg,1,LDPE Plastic,1,LDPE Plastic,0.9922370314598083,0.00029476769850589335,0.9922370314598083,0.0038614533841609955,0.0008805657853372395,0.002726140199229121
/Users/aswanathjs/Downloads/test9/ai_plastic_waste_management_training/LDPE Plastic/plastic_bags/LDPE-362_jpg.rf.dac22e0e3525e77cbcd5544912213c7b.jpg,1,LDPE Plastic,1,LDPE Plastic,0.9882702827453613,0.0010261022252961993,0.9882702827453613,0.0016998639330267906,0.0034241334069520235,0.005579534452408552
/Users/aswanathjs/Downloads/test9/ai_plastic_waste_management_training/PET Plastic/black_white_plastic_bottles/ayrsl_jpg.rf.e56331d87434d3d162ba35ecccaa016f.jpg,2,PET Plastic,2,PET Plastic,0.9970279335975647,0.0002598652499727905,0.0015501324087381363,0.9970279335975647,0.0008153591770678759,0.00034671221510507166
/Users/aswanathjs/Downloads/test9/ai_plastic_waste_management_training/PP Plastic/round_containers/0095_a05b01c1d2e0f0g0h1.jpg,3,PP Plastic,3,PP Plastic,0.9993712306022644,0.00028965118690393865,0.00010835558350663632,0.00012546067591756582,0.9993712306022644,0.00010521672811591998
/Users/aswanathjs/Downloads/test9/ai_plastic_waste_management_training/PS Plastic/foam_containers/0058_a06b01c2d3e0f0g0h4.jpg,4,PS Plastic,4,PS Plastic,0.9998148083686829,3.521326289046556e-05,6.761152690160088e-06,2.9676331905648112e-05,0.00011357228504493833,0.9998148083686829
/Users/aswanathjs/Downloads/test9/ai_plastic_waste_management_training/PP Plastic/square_containers_grey/0011_a05b00c1d3e0f0g0h2.jpg,3,PP Plastic,3,PP Plastic,0.9637283682823181,0.007009787950664759,0.0070315878838300705,0.011237935163080692,0.9637283682823181,0.010992296040058136
/Users/aswanathjs/Downloads/test9/ai_plastic_waste_management_training/PP Plastic/rectangle_containers/0011_a05b00c1d3e0f0g0h2.jpg,3,PP Plastic,3,PP Plastic,0.9647819399833679,0.010271166451275349,0.004645233042538166,0.008275015279650688,0.9647819399833679,0.012026695534586906
/Users/aswanathjs/Downloads/test9/ai_plastic_waste_management_training/PP Plastic/square_containers/0011_a05b00c1d3e0f0g0h2.jpg,3,PP Plastic,3,PP Plastic,0.9647819399833679,0.010271166451275349,0.004645233042538166,0.008275015279650688,0.9647819399833679,0.012026695534586906
/Users/aswanathjs/Downloads/test9/ai_plastic_waste_management_training/PET Plastic/black_white_plastic_bottles/dkpxa_jpg.rf.57f87c778bd8087e275852c7ce823372.jpg,2,PET Plastic,2,PET Plastic,0.9883882403373718,0.0001870646810857579,0.003511039074510336,0.9883882403373718,0.0068642678670585155,0.0010493873851373792
/Users/aswanathjs/Downloads/test9/ai_plastic_waste_management_training/HDPE Plastic/milk_bottles/HDPEM117.jpg,0,HDPE Plastic,0,HDPE Plastic,0.9994799494743347,0.9994799494743347,6.308691808953881e-05,0.00016701062850188464,0.00015999645984265953,0.0001300361327594146
/Users/aswanathjs/Downloads/test9/ai_plastic_waste_management_training/PS Plastic/foam_sheets/PS-611_jpg.rf.1fb2289975761c9e5bfa79caa1cf43d6.jpg,4,PS Plastic,4,PS Plastic,0.9995834231376648,4.060226638102904e-05,0.0002115036331815645,6.492159445770085e-05,9.950937965186313e-05,0.9995834231376648
/Users/aswanathjs/Downloads/test9/ai_plastic_waste_management_training/HDPE Plastic/shampoo_bottles/0077_a02b01c1d0e0f1g0h1.jpg,0,HDPE Plastic,0,HDPE Plastic,0.9968114495277405,0.9968114495277405,0.0013585907872766256,0.0005424597766250372,0.0004983528633601964,0.0007891158456914127
/Users/aswanathjs/Downloads/test9/ai_plastic_waste_management_training/PP Plastic/round_containers/0009_a06b01c2d0e0f0g0h4.jpg,3,PP Plastic,3,PP Plastic,0.9974325299263,0.0004974822513759136,0.00022292992798611522,0.0012006188044324517,0.9974325299263,0.000646419997792691
/Users/aswanathjs/Downloads/test9/ai_plastic_waste_management_training/PS Plastic/foam_sheets/IMG_9354_JPG.rf.68c6a586b2c4e7d1e08fb0c5122694eb.jpg,4,PS Plastic,4,PS Plastic,0.9981175661087036,0.0008724721847102046,0.0005728150717914104,0.0002876674698200077,0.00014941251720301807,0.9981175661087036
/Users/aswanathjs/Downloads/test9/ai_plastic_waste_management_training/PS Plastic/foam_sheets/IMG_9354_JPG.rf.fbaf78a70778ea9a08ac1c810e3b4b42.jpg,4,PS Plastic,4,PS Plastic,0.9937175512313843,0.0029606379102915525,0.002250566380098462,0.0006053742836229503,0.0004658878897316754,0.9937175512313843
/Users/aswanathjs/Downloads/test9/ai_plastic_waste_management_training/PS Plastic/foam_sheets/IMG_9354_JPG.rf.660801d1c83e231558aecdd76bd825c0.jpg,4,PS Plastic,4,PS Plastic,0.9909889101982117,0.0018159111496061087,0.005103148519992828,0.0011362950317561626,0.0009557664743624628,0.9909889101982117
/Users/aswanathjs/Downloads/test9/ai_plastic_waste_management_training/PP Plastic/round_containers/IMG_20220209_175537.jpg,3,PP Plastic,3,PP Plastic,0.9981597065925598,0.0011282102204859257,0.00016631875769235194,0.0002590189687907696,0.9981597065925598,0.00028677782393060625
/Users/aswanathjs/Downloads/test9/ai_plastic_waste_management_training/HDPE Plastic/shampoo_bottles/0061_a02b01c1d0e0f1g0h0.jpg,0,HDPE Plastic,0,HDPE Plastic,0.9943875670433044,0.9943875670433044,0.0009027104824781418,0.0020257392898201942,0.0016835075803101063,0.0010004929499700665
/Users/aswanathjs/Downloads/test9/ai_plastic_waste_management_training/LDPE Plastic/plastic_bags/plasticbag (141).jpg,1,LDPE Plastic,1,LDPE Plastic,0.9997840523719788,2.046777262876276e-05,0.9997840523719788,2.2410160454455763e-05,0.00014040172391105443,3.2716205168981105e-05
/Users/aswanathjs/Downloads/test9/ai_plastic_waste_management_training/PP Plastic/round_containers/0035_a06b01c2d3e0f0g0h3.jpg,3,PP Plastic,3,PP Plastic,0.9861956834793091,0.005582754500210285,0.0024512624368071556,0.004995289258658886,0.9861956834793091,0.0007749160868115723
/Users/aswanathjs/Downloads/test9/ai_plastic_waste_management_training/LDPE Plastic/plastic_bags/train_LDPE-1_jpg.rf.57338725a1c50c623b5b34d9ebb9327a.jpg,1,LDPE Plastic,1,LDPE Plastic,0.9990440011024475,0.0001145579808508046,0.9990440011024475,0.00012646379764191806,8.216820424422622e-05,0.000632791081443429
/Users/aswanathjs/Downloads/test9/ai_plastic_waste_management_training/PP Plastic/round_containers/0032_a05b01c2d1e0f0g0h4.jpg,3,PP Plastic,3,PP Plastic,0.975782036781311,0.014669567346572876,0.004129014443606138,0.0009701481903903186,0.975782036781311,0.004449225030839443
/Users/aswanathjs/Downloads/test9/ai_plastic_waste_management_training/PP Plastic/irregular_containers/train_PP-33-_jpg.rf.84cee38be8920e77a2fcf7df2869971a.jpg,3,PP Plastic,3,PP Plastic,0.9953843951225281,0.0010065552778542042,0.003058234229683876,0.00014957399980630726,0.9953843951225281,0.00040130093111656606
/Users/aswanathjs/Downloads/test9/ai_plastic_waste_management_training/PP Plastic/irregular_containers_grey/train_PP-33-_jpg.rf.84cee38be8920e77a2fcf7df2869971a.jpg,3,PP Plastic,3,PP Plastic,0.9941436648368835,0.0010284336749464273,0.0037734205834567547,0.0004563753609545529,0.9941436648368835,0.0005981249851174653
/Users/aswanathjs/Downloads/test9/ai_plastic_waste_management_training/PET Plastic/plastic_bottles/PET529.jpg,2,PET Plastic,2,PET Plastic,0.9995272159576416,0.00018081377493217587,3.040519732167013e-05,0.9995272159576416,0.00014444506086874753,0.00011715983418980613
/Users/aswanathjs/Downloads/test9/ai_plastic_waste_management_training/PET Plastic/black_white_plastic_bottles/dohik_jpg.rf.2b00acdfd1fcfa5da8d88e36d6f4d7ab.jpg,2,PET Plastic,2,PET Plastic,0.9990828037261963,6.785456935176626e-05,4.063238884555176e-05,0.9990828037261963,0.000670169189106673,0.00013859081082046032
/Users/aswanathjs/Downloads/test9/ai_plastic_waste_management_training/HDPE Plastic/milk_bottles/HDPEM93.jpg,0,HDPE Plastic,0,HDPE Plastic,0.9991406202316284,0.9991406202316284,2.3569877157569863e-05,0.0001687827898422256,0.00034703678102232516,0.00031990092247724533
/Users/aswanathjs/Downloads/test9/ai_plastic_waste_management_training/HDPE Plastic/milk_bottles/HDPEM241.jpg,0,HDPE Plastic,0,HDPE Plastic,0.9982098340988159,0.9982098340988159,0.0002903655404224992,0.0010483784135431051,0.00015317043289542198,0.00029828702099621296
"/Users/aswanathjs/Downloads/test9/ai_plastic_waste_management_training/PET Plastic/plastic_bottles/PET1,426.jpg",2,PET Plastic,2,PET Plastic,0.9972520470619202,0.0006169898551888764,0.0008501948323100805,0.9972520470619202,0.0009365428704768419,0.00034417377901263535
/Users/aswanathjs/Downloads/test9/ai_plastic_waste_management_training/HDPE Plastic/detergent_bottles/P_W (489).jpg,0,HDPE Plastic,0,HDPE Plastic,0.9929688572883606,0.9929688572883606,0.0005126053583808243,0.0005341467331163585,0.00285875191912055,0.0031257516238838434
/Users/aswanathjs/Downloads/test9/ai_plastic_waste_management_training/HDPE Plastic/shampoo_bottles/0075_a02b01c2d3e0f0g0h0.jpg,0,HDPE Plastic,0,HDPE Plastic,0.9965936541557312,0.9965936541557312,0.00032145006116479635,0.0002170408988604322,0.0027604668866842985,0.00010743247548816726
"/Users/aswanathjs/Downloads/test9/ai_plastic_waste_management_training/PET Plastic/plastic_bottles/PET1,684.jpg",2,PET Plastic,2,PET Plastic,0.998992383480072,0.0002696651208680123,4.916956095257774e-05,0.998992383480072,0.0005819645011797547,0.00010672640928532928
/Users/aswanathjs/Downloads/test9/ai_plastic_waste_management_training/LDPE Plastic/plastic_bags/LDPE-130_jpg.rf.27c17ec4a630f5eb6ca1cf04f62bf247.jpg,1,LDPE Plastic,1,LDPE Plastic,0.9991315007209778,0.00016263889847323298,0.9991315007209778,0.00012934824917465448,0.0002870165335480124,0.0002894563658628613
/Users/aswanathjs/Downloads/test9/ai_plastic_waste_management_training/PET Plastic/black_white_plastic_bottles/atnku_jpg.rf.405bee56c262531232c62202d67378b2.jpg,2,PET Plastic,2,PET Plastic,0.9999867677688599,9.28228473640047e-07,1.495036940468708e-06,0.9999867677688599,4.171282398601761e-06,6.593003945454257e-06
/Users/aswanathjs/Downloads/test9/ai_plastic_waste_management_training/HDPE Plastic/shampoo_bottles/0065_a02b03c1d3e0f1g0h3.jpg,0,HDPE Plastic,0,HDPE Plastic,0.9983925223350525,0.9983925223350525,0.00011123975127702579,6.52287999400869e-05,0.0012045017210766673,0.0002264446229673922
/Users/aswanathjs/Downloads/test9/ai_plastic_waste_management_training/LDPE Plastic/black_white__plastic_bags/0021_jpg.rf.8fa5024e35a1c6b8a271e1c8748ad726.jpg,1,LDPE Plastic,1,LDPE Plastic,0.9982954859733582,0.00020209244394209236,0.9982954859733582,0.00012343087291810662,0.0004944819374941289,0.0008845021948218346
/Users/aswanathjs/Downloads/test9/ai_plastic_waste_management_training/PET Plastic/plastic_bottles/PET850.jpg,2,PET Plastic,2,PET Plastic,0.9997417330741882,5.600409713224508e-05,0.00011562980216694996,0.9997417330741882,2.6111994884558953e-05,6.060697705834173e-05
/Users/aswanathjs/Downloads/test9/ai_plastic_waste_management_training/HDPE Plastic/milk_bottles/HDPEM135.jpg,0,HDPE Plastic,0,HDPE Plastic,0.9989513158798218,0.9989513158798218,0.0002980403951369226,6.626887625316158e-05,0.0005355121684260666,0.0001488171546952799
/Users/aswanathjs/Downloads/test9/ai_plastic_waste_management_training/HDPE Plastic/shampoo_bottles/0078_a02b07c1d1e0f1g0h0.jpg,0,HDPE Plastic,0,HDPE Plastic,0.9993118047714233,0.9993118047714233,8.587568299844861e-05,0.0003543896018527448,0.0001259116834262386,0.00012197715841466561
/Users/aswanathjs/Downloads/test9/ai_plastic_waste_management_training/PS Plastic/foam_sheets/PS-825_jpg.rf.0c4057278f1d18b69408e292a8d02b01.jpg,4,PS Plastic,4,PS Plastic,0.999822199344635,3.064681004616432e-05,2.8684882636298425e-05,5.770026837126352e-05,6.085906352382153e-05,0.999822199344635
"/Users/aswanathjs/Downloads/test9/ai_plastic_waste_management_training/HDPE Plastic/milk_bottles/HDPEM1,017.JPG",0,HDPE Plastic,0,HDPE Plastic,0.9976995587348938,0.9976995587348938,1.4409262803383172e-05,0.002192587358877063,3.0662900826428086e-05,6.277563807088882e-05
/Users/aswanathjs/Downloads/test9/ai_plastic_waste_management_training/LDPE Plastic/bubble_wrap/LDPE-89_jpg.rf.aa556e5ac5e97bc0b155a3232196074c.jpg,1,LDPE Plastic,1,LDPE Plastic,0.998013973236084,9.880614379653707e-05,0.998013973236084,0.0003629016282502562,0.0006883750320412219,0.0008358972845599055
/Users/aswanathjs/Downloads/test9/ai_plastic_waste_management_training/LDPE Plastic/plastic_bags/LDPE-89_jpg.rf.e016c029cbbd2b9ff02ab895bb5dcac5.jpg,1,LDPE Plastic,1,LDPE Plastic,0.9985255599021912,0.00031787314219400287,0.9985255599021912,0.0003316469374112785,0.0003041587769985199,0.0005208138027228415
/Users/aswanathjs/Downloads/test9/ai_plastic_waste_management_training/PS Plastic/form_containers_grey/0058_a06b01c1d3e0f0g0h2.jpg,4,PS Plastic,4,PS Plastic,0.9909464120864868,0.0002336635661777109,0.0003473269462119788,0.0008621247252449393,0.007610510103404522,0.9909464120864868
/Users/aswanathjs/Downloads/test9/ai_plastic_waste_management_training/PS Plastic/foam_containers/0058_a06b01c1d3e0f0g0h2.jpg,4,PS Plastic,4,PS Plastic,0.9980783462524414,7.59045869926922e-05,9.117188164964318e-05,0.0002309586270712316,0.0015236549079418182,0.9980783462524414
/Users/aswanathjs/Downloads/test9/ai_plastic_waste_management_training/HDPE Plastic/milk_bottles/HDPEM294.jpg,0,HDPE Plastic,0,HDPE Plastic,0.9995717406272888,0.9995717406272888,8.840755981509574e-06,0.00011449569137766957,0.0001069460777216591,0.00019795028492808342
/Users/aswanathjs/Downloads/test9/ai_plastic_waste_management_training/LDPE Plastic/black_white__plastic_bags/0282_jpg.rf.3eef626651db77b0f81a1d50bd613295.jpg,1,LDPE Plastic,1,LDPE Plastic,0.999492883682251,0.00017734830908011645,0.999492883682251,4.3437288695713505e-05,0.0001785346685210243,0.00010779176955111325
/Users/aswanathjs/Downloads/test9/ai_plastic_waste_management_training/PP Plastic/rectangle_containers/train_PP-90-_jpg.rf.eccfb3c46b3b172bc695f4f3395ce58a.jpg,3,PP Plastic,3,PP Plastic,0.9913404583930969,0.0006729140295647085,0.0007676832610741258,0.0007920083589851856,0.9913404583930969,0.006426976528018713
/Users/aswanathjs/Downloads/test9/ai_plastic_waste_management_training/PP Plastic/rectangle_containers_grey/train_PP-90-_jpg.rf.eccfb3c46b3b172bc695f4f3395ce58a.jpg,3,PP Plastic,3,PP Plastic,0.9922985434532166,0.0005890288157388568,0.0008258313173428178,0.0005215341807343066,0.9922985434532166,0.0057651628740131855
/Users/aswanathjs/Downloads/test9/ai_plastic_waste_management_training/PS Plastic/foam_containers/Image_221.png,4,PS Plastic,4,PS Plastic,0.7769884467124939,0.014267591759562492,0.03025365062057972,0.0007128111319616437,0.177777498960495,0.7769884467124939
/Users/aswanathjs/Downloads/test9/ai_plastic_waste_management_training/LDPE Plastic/bubble_wrap/train_LDPE-93_jpg.rf.6342c616c65cd38f21f81b6405177b96.jpg,1,LDPE Plastic,1,LDPE Plastic,0.9990515112876892,0.00011608013301156461,0.9990515112876892,2.4664002921781503e-05,0.00026103787240572274,0.0005467383889481425
/Users/aswanathjs/Downloads/test9/ai_plastic_waste_management_training/PP Plastic/round_containers/IMG_20220209_174350.jpg,3,PP Plastic,3,PP Plastic,0.9909114241600037,0.0035475878976285458,0.0013129556318745017,0.0017752553103491664,0.9909114241600037,0.0024528363719582558
/Users/aswanathjs/Downloads/test9/ai_plastic_waste_management_training/HDPE Plastic/milk_bottles/HDPEM236.jpg,0,HDPE Plastic,0,HDPE Plastic,0.998206377029419,0.998206377029419,8.029092714423314e-05,0.0003809807531069964,0.0010709245689213276,0.00026148950564675033
/Users/aswanathjs/Downloads/test9/ai_plastic_waste_management_training/HDPE Plastic/shampoo_bottles/0065_a02b03c2d1e0f1g0h3.jpg,0,HDPE Plastic,0,HDPE Plastic,0.9976390600204468,0.9976390600204468,0.0003030546649824828,0.00016602840332780033,0.0013810470700263977,0.0005108171026222408
/Users/aswanathjs/Downloads/test9/ai_plastic_waste_management_training/PP Plastic/round_containers/IMG_20220210_105623.jpg,3,PP Plastic,3,PP Plastic,0.9963971972465515,0.0018198543693870306,0.0003371584170963615,4.0207163692684844e-05,0.9963971972465515,0.0014054934727028012
/Users/aswanathjs/Downloads/test9/ai_plastic_waste_management_training/LDPE Plastic/plastic_bags/plasticbag (177).jpg,1,LDPE Plastic,1,LDPE Plastic,0.9980873465538025,0.0013831837568432093,0.9980873465538025,0.00017212488455697894,0.00010161742829950526,0.00025568384444341063
/Users/aswanathjs/Downloads/test9/ai_plastic_waste_management_training/LDPE Plastic/black_white__plastic_bags/0292_jpg.rf.de37c499d5839998f433ed95c64d404a.jpg,1,LDPE Plastic,1,LDPE Plastic,0.9816793203353882,0.002359568141400814,0.9816793203353882,0.008588897064328194,0.002698608674108982,0.004673587158322334
/Users/aswanathjs/Downloads/test9/ai_plastic_waste_management_training/LDPE Plastic/plastic_bags/LDPE-255_jpg.rf.80232f6cd0c83108cee85e3ff7544e70.jpg,1,LDPE Plastic,1,LDPE Plastic,0.997883141040802,0.00024101545568555593,0.997883141040802,0.0008665492059662938,0.00012645377137232572,0.0008827656274661422
/Users/aswanathjs/Downloads/test9/ai_plastic_waste_management_training/PS Plastic/foam_sheets/PS-506_jpg.rf.db5e0d99075ca3ede74cc9b76b20cec6.jpg,4,PS Plastic,4,PS Plastic,0.9993007183074951,0.00010241872223559767,0.00030196213629096746,0.00013400075840763748,0.00016079140186775476,0.9993007183074951
/Users/aswanathjs/Downloads/test9/ai_plastic_waste_management_training/HDPE Plastic/milk_bottles/HDPEM418.jpg,0,HDPE Plastic,0,HDPE Plastic,0.9946664571762085,0.9946664571762085,0.000250083627179265,0.002538683358579874,0.0006127528613433242,0.0019320764113217592
/Users/aswanathjs/Downloads/test9/ai_plastic_waste_management_training/HDPE Plastic/shampoo_bottles/0023_a02b01c1d0e0f1g0h3.jpg,0,HDPE Plastic,0,HDPE Plastic,0.9991915822029114,0.9991915822029114,6.889704673085362e-05,0.00018584610370453447,0.0003871116496156901,0.00016663968563079834
"/Users/aswanathjs/Downloads/test9/ai_plastic_waste_management_training/PET Plastic/plastic_bottles/PET1,443.jpg",2,PET Plastic,2,PET Plastic,0.9997525811195374,0.00012258302012924105,1.2731448805425316e-05,0.9997525811195374,5.556415271712467e-05,5.655845598084852e-05
"/Users/aswanathjs/Downloads/test9/ai_plastic_waste_management_training/PET Plastic/plastic_bottles/PET1,355.jpg",2,PET Plastic,2,PET Plastic,0.9998295307159424,0.00013274900265969336,3.5231601032137405e-06,0.9998295307159424,2.8127456971560605e-05,6.028408279235009e-06
/Users/aswanathjs/Downloads/test9/ai_plastic_waste_management_training/PP Plastic/square_containers/Image_48.png,3,PP Plastic,3,PP Plastic,0.9773469567298889,0.002294939011335373,0.013840273953974247,0.0016230606706812978,0.9773469567298889,0.0048947399482131
/Users/aswanathjs/Downloads/test9/ai_plastic_waste_management_training/PS Plastic/foam_containers/Image_48.png,3,PP Plastic,3,PP Plastic,0.7696130275726318,0.02354433760046959,0.011061634868383408,0.004097079858183861,0.7696130275726318,0.19168393313884735
/Users/aswanathjs/Downloads/test9/ai_plastic_waste_management_training/LDPE Plastic/plastic_bags/plasticbag (186).jpg,1,LDPE Plastic,1,LDPE Plastic,0.9995803236961365,0.00012697206693701446,0.9995803236961365,6.982847844483331e-05,0.00015405434533022344,6.883720197947696e-05
/Users/aswanathjs/Downloads/test9/ai_plastic_waste_management_training/LDPE Plastic/plastic_bags/plasticbag (165).jpg,1,LDPE Plastic,1,LDPE Plastic,0.9988654851913452,5.389728175941855e-05,0.9988654851913452,0.00011198876018170267,0.0009272461757063866,4.137152063776739e-05
/Users/aswanathjs/Downloads/test9/ai_plastic_waste_management_training/PET Plastic/shampoo_bottles/0050_a05b00c2d1e1f1g0h2.jpg,2,PET Plastic,2,PET Plastic,0.9995896220207214,0.00020152055367361754,2.09780646400759e-05,0.9995896220207214,0.00014075702347327024,4.717189585790038e-05
/Users/aswanathjs/Downloads/test9/ai_plastic_waste_management_training/HDPE Plastic/detergent_bottles/IMG_20220209_182151.jpg,0,HDPE Plastic,0,HDPE Plastic,0.9987781643867493,0.9987781643867493,3.55568336090073e-05,0.0006480530719272792,0.0005054677021689713,3.2732103136368096e-05
/Users/aswanathjs/Downloads/test9/ai_plastic_waste_management_training/HDPE Plastic/milk_bottles/HDPEM86.jpg,0,HDPE Plastic,0,HDPE Plastic,0.9997110962867737,0.9997110962867737,2.9724051273660734e-06,0.00014524749713018537,9.727083670441061e-05,4.334703407948837e-05
/Users/aswanathjs/Downloads/test9/ai_plastic_waste_management_training/PP Plastic/round_containers/0031_a05b01c1d1e0f0g0h4.jpg,3,PP Plastic,3,PP Plastic,0.9985246062278748,0.0010764499893411994,0.00011486622679512948,0.00019251943740528077,0.9985246062278748,9.153157589025795e-05
/Users/aswanathjs/Downloads/test9/ai_plastic_waste_management_training/PET Plastic/plastic_bottles/PET494.jpg,2,PET Plastic,2,PET Plastic,0.9993744492530823,0.00025884839124046266,1.3906245840189513e-05,0.9993744492530823,0.00015369306493084878,0.00019906095985788852
"/Users/aswanathjs/Downloads/test9/ai_plastic_waste_management_training/PET Plastic/plastic_bottles/PET1,472.jpg",2,PET Plastic,2,PET Plastic,0.9997469782829285,3.57191456714645e-05,1.4494515198748559e-05,0.9997469782829285,9.777086961548775e-05,0.00010500143253011629
/Users/aswanathjs/Downloads/test9/ai_plastic_waste_management_training/PP Plastic/square_containers/Image_67.png,3,PP Plastic,3,PP Plastic,0.9929749965667725,8.06319440016523e-05,0.006807961501181126,5.687722295988351e-05,0.9929749965667725,7.963382813613862e-05
/Users/aswanathjs/Downloads/test9/ai_plastic_waste_management_training/PS Plastic/foam_containers/Image_67.png,3,PP Plastic,3,PP Plastic,0.43150797486305237,0.15424340963363647,0.2634774148464203,0.01638352870941162,0.43150797486305237,0.1343877613544464
/Users/aswanathjs/Downloads/test9/ai_plastic_waste_management_training/HDPE Plastic/detergent_bottles/0010_a02b01c1d0e0f1g0h3.jpg,0,HDPE Plastic,0,HDPE Plastic,0.9969455599784851,0.9969455599784851,8.058401726884767e-05,0.002311083022505045,0.0005045465077273548,0.00015830395568627864
/Users/aswanathjs/Downloads/test9/ai_plastic_waste_management_training/PET Plastic/shampoo_bottles/0050_a05b00c1d2e1f1g0h4.jpg,2,PET Plastic,2,PET Plastic,0.9831603169441223,0.0107402503490448,0.00012913958926219493,0.9831603169441223,0.005696598906069994,0.0002737302565947175
/Users/aswanathjs/Downloads/test9/ai_plastic_waste_management_training/PS Plastic/foam_containers/styrofoam-144-_jpg.rf.586e705faa5290a2629532c4d792c272.jpg,4,PS Plastic,4,PS Plastic,0.9898049831390381,0.00979000236839056,0.0001138803199864924,5.8617322792997584e-05,0.00023252818209584802,0.9898049831390381
/Users/aswanathjs/Downloads/test9/ai_plastic_waste_management_training/PP Plastic/round_containers/IMG_20220209_174035.jpg,3,PP Plastic,3,PP Plastic,0.9938545227050781,0.0025131928268820047,0.002998041920363903,0.00016876068548299372,0.9938545227050781,0.00046547333477064967
"/Users/aswanathjs/Downloads/test9/ai_plastic_waste_management_training/PET Plastic/plastic_bottles/PET1,292.jpg",2,PET Plastic,2,PET Plastic,0.998957633972168,0.0007525666151195765,8.490389154758304e-05,0.998957633972168,0.00011353780428180471,9.144219802692533e-05
/Users/aswanathjs/Downloads/test9/ai_plastic_waste_management_training/HDPE Plastic/shampoo_bottles/0075_a02b01c1d3e0f0g0h0.jpg,0,HDPE Plastic,0,HDPE Plastic,0.9926349520683289,0.9926349520683289,0.001137772691436112,0.0006775817018933594,0.005447205156087875,0.00010241687414236367
/Users/aswanathjs/Downloads/test9/ai_plastic_waste_management_training/PP Plastic/round_containers/IMG_20220210_105640.jpg,3,PP Plastic,3,PP Plastic,0.9959644079208374,0.0019927206449210644,0.001373177394270897,0.00016336856060661376,0.9959644079208374,0.00050624884897843
/Users/aswanathjs/Downloads/test9/ai_plastic_waste_management_training/PP Plastic/round_containers/0022_a05b00c1d0e0f0g0h1.jpg,3,PP Plastic,3,PP Plastic,0.9942242503166199,0.0004023885994683951,0.002948841080069542,0.0015661304350942373,0.9942242503166199,0.00085845758439973
/Users/aswanathjs/Downloads/test9/ai_plastic_waste_management_training/PP Plastic/round_containers_grey/0022_a05b00c1d0e0f0g0h1.jpg,3,PP Plastic,3,PP Plastic,0.9951263666152954,0.0008298172615468502,0.002641177037730813,0.0009856208926066756,0.9951263666152954,0.0004170220345258713
/Users/aswanathjs/Downloads/test9/ai_plastic_waste_management_training/PP Plastic/round_containers/0044_a06b01c1d1e0f0g0h1.jpg,3,PP Plastic,3,PP Plastic,0.999762237071991,5.394973049988039e-05,0.00011893251939909533,2.28498120122822e-05,0.999762237071991,4.2071667849086225e-05
/Users/aswanathjs/Downloads/test9/ai_plastic_waste_management_training/HDPE Plastic/detergent_bottles/0096_a02b04c1d0e0f0g0h2.jpg,0,HDPE Plastic,0,HDPE Plastic,0.9986805319786072,0.9986805319786072,0.00011550343333510682,0.00020336486340966076,0.00083836232079193,0.0001622734998818487
/Users/aswanathjs/Downloads/test9/ai_plastic_waste_management_training/PP Plastic/round_containers/0032_a05b01c2d1e0f0g0h3.jpg,3,PP Plastic,3,PP Plastic,0.9968757629394531,0.002144632628187537,0.000350208836607635,7.462686335202307e-05,0.9968757629394531,0.0005547085893340409
/Users/aswanathjs/Downloads/test9/ai_plastic_waste_management_training/PET Plastic/black_white_plastic_bottles/czjka_jpg.rf.63c1ea90026785055e7c7634445a3676.jpg,2,PET Plastic,2,PET Plastic,0.9988621473312378,0.00012620897905435413,0.0003156475140713155,0.9988621473312378,0.00016106362454593182,0.0005350555293262005
/Users/aswanathjs/Downloads/test9/ai_plastic_waste_management_training/PS Plastic/foam_containers/Image_234.png,4,PS Plastic,4,PS Plastic,0.7961676120758057,0.01244231965392828,0.056013546884059906,0.0021656083408743143,0.1332109570503235,0.7961676120758057
/Users/aswanathjs/Downloads/test9/ai_plastic_waste_management_training/PET Plastic/plastic_bottles/PET397.jpg,2,PET Plastic,2,PET Plastic,0.9996696710586548,0.0002719682815950364,4.935349352308549e-06,0.9996696710586548,2.223334740847349e-05,3.1228235457092524e-05
/Users/aswanathjs/Downloads/test9/ai_plastic_waste_management_training/LDPE Plastic/black_white__plastic_bags/0303_jpg.rf.27cc51852f1a997ccca3b1a8691ad242.jpg,1,LDPE Plastic,1,LDPE Plastic,0.9989573955535889,0.00015158660244196653,0.9989573955535889,8.279514440800995e-05,4.563172842608765e-05,0.0007626332808285952
/Users/aswanathjs/Downloads/test9/ai_plastic_waste_management_training/PP Plastic/irregular_containers/test_PP-4_jpg.rf.9d7ef7063a7c27f9e8d0dd5cd36f6c7b.jpg,3,PP Plastic,3,PP Plastic,0.9968987703323364,0.00014261729666031897,0.0017545991577208042,0.00021167493832763284,0.9968987703323364,0.0009923388715833426
/Users/aswanathjs/Downloads/test9/ai_plastic_waste_management_training/PP Plastic/irregular_containers_grey/test_PP-4_jpg.rf.9d7ef7063a7c27f9e8d0dd5cd36f6c7b.jpg,3,PP Plastic,3,PP Plastic,0.9951175451278687,0.0002540631394367665,0.002206947421655059,0.0004204839060548693,0.9951175451278687,0.0020009379368275404
/Users/aswanathjs/Downloads/test9/ai_plastic_waste_management_training/PP Plastic/round_containers/0044_a06b01c1d1e0f0g0h2.jpg,3,PP Plastic,3,PP Plastic,0.9995478987693787,5.916750160395168e-05,0.00022187358990777284,3.1580686481902376e-05,0.9995478987693787,0.0001394520659232512
/Users/aswanathjs/Downloads/test9/ai_plastic_waste_management_training/PS Plastic/foam_sheets/PS-670_jpg.rf.108eab608f2cbc3c438d79858c3311eb.jpg,4,PS Plastic,4,PS Plastic,0.9991750121116638,8.51720105856657e-05,0.00038930363371036947,0.00019863119814544916,0.0001518705830676481,0.9991750121116638
/Users/aswanathjs/Downloads/test9/ai_plastic_waste_management_training/PS Plastic/form_sheets_grey/PS-670_jpg.rf.108eab608f2cbc3c438d79858c3311eb.jpg,4,PS Plastic,4,PS Plastic,0.9993533492088318,6.483984179794788e-05,0.00031445277272723615,0.00013377096911426634,0.00013354572001844645,0.9993533492088318
/Users/aswanathjs/Downloads/test9/ai_plastic_waste_management_training/LDPE Plastic/bin_bags/Image_29.png,1,LDPE Plastic,1,LDPE Plastic,0.9986549615859985,0.0005942283314652741,0.9986549615859985,2.97040787700098e-05,0.00042111307266168296,0.00030003604479134083
/Users/aswanathjs/Downloads/test9/ai_plastic_waste_management_training/PP Plastic/round_containers/Image_29.png,1,LDPE Plastic,3,PP Plastic,0.528293788433075,0.007452739868313074,0.44539424777030945,0.0031696746591478586,0.528293788433075,0.01568962074816227
/Users/aswanathjs/Downloads/test9/ai_plastic_waste_management_training/PP Plastic/round_containers_grey/Image_29.png,1,LDPE Plastic,1,LDPE Plastic,0.5748435854911804,0.00797785259783268,0.5748435854911804,0.002989501692354679,0.3808184564113617,0.03337055817246437
/Users/aswanathjs/Downloads/test9/ai_plastic_waste_management_training/PS Plastic/foam_containers/Image_29.png,1,LDPE Plastic,1,LDPE Plastic,0.540860652923584,0.07626654952764511,0.540860652923584,0.006577255669981241,0.1507919579744339,0.22550362348556519
/Users/aswanathjs/Downloads/test9/ai_plastic_waste_management_training/PET Plastic/shampoo_bottles/0100_a05b00c1d3e0f0g0h1.jpg,2,PET Plastic,2,PET Plastic,0.9996596574783325,0.00010487886902410537,1.7189686332130805e-05,0.9996596574783325,0.00020611863874364644,1.2167037311883178e-05
/Users/aswanathjs/Downloads/test9/ai_plastic_waste_management_training/LDPE Plastic/plastic_bags/plasticbag (135) 17.43.56.jpg,1,LDPE Plastic,1,LDPE Plastic,0.9680487513542175,3.182448563165963e-05,0.9680487513542175,7.411703700199723e-05,0.031224481761455536,0.0006208555423654616
/Users/aswanathjs/Downloads/test9/ai_plastic_waste_management_training/HDPE Plastic/milk_bottles/HDPEM567.JPG,0,HDPE Plastic,0,HDPE Plastic,0.9996867179870605,0.9996867179870605,1.9857805455103517e-05,0.00023125825100578368,6.806398232583888e-06,5.526887980522588e-05
/Users/aswanathjs/Downloads/test9/ai_plastic_waste_management_training/LDPE Plastic/plastic_bags/plasticbag (59).jpg,1,LDPE Plastic,1,LDPE Plastic,0.999395489692688,0.0003528403176460415,0.999395489692688,7.802167965564877e-05,0.00010244142322335392,7.120904774637893e-05
/Users/aswanathjs/Downloads/test9/ai_plastic_waste_management_training/PP Plastic/irregular_containers/train_PP-87_jpg.rf.c2a1566abfd3e4f58a5b1dd9a1765f21.jpg,3,PP Plastic,3,PP Plastic,0.9995050430297852,3.491638562991284e-05,0.00028498779283836484,0.00010500334610696882,0.9995050430297852,7.001111225690693e-05
/Users/aswanathjs/Downloads/test9/ai_plastic_waste_management_training/LDPE Plastic/plastic_bags/train_LDPE-65_jpg.rf.bea0a717767184b5e0536c0ed6a0657c.jpg,1,LDPE Plastic,1,LDPE Plastic,0.9981105327606201,0.00010813306289492175,0.9981105327606201,0.0008656388963572681,0.0002084031148115173,0.0007071822765283287
/Users/aswanathjs/Downloads/test9/ai_plastic_waste_management_training/PP Plastic/square_containers_grey/Image_201.png,3,PP Plastic,3,PP Plastic,0.9963468909263611,4.600959437084384e-05,0.003529976587742567,1.7276863218285143e-05,0.9963468909263611,5.991855505271815e-05
/Users/aswanathjs/Downloads/test9/ai_plastic_waste_management_training/PP Plastic/square_containers/Image_201.png,3,PP Plastic,3,PP Plastic,0.9949512481689453,0.0001153110497398302,0.004768289625644684,1.3286397006595507e-05,0.9949512481689453,0.00015192620048765093
/Users/aswanathjs/Downloads/test9/ai_plastic_waste_management_training/PS Plastic/foam_containers/Image_201.png,3,PP Plastic,3,PP Plastic,0.8382222652435303,0.013917669653892517,0.06785351037979126,0.0036459944676607847,0.8382222652435303,0.07636053115129471
/Users/aswanathjs/Downloads/test9/ai_plastic_waste_management_training/LDPE Plastic/black_white__plastic_bags/0258_jpg.rf.841fa65a71394439dc028ee2feb0b4c2.jpg,1,LDPE Plastic,1,LDPE Plastic,0.9993199110031128,6.278022920014337e-05,0.9993199110031128,0.00026274085394106805,0.00019975083705503494,0.00015480865840800107
/Users/aswanathjs/Downloads/test9/ai_plastic_waste_management_training/PET Plastic/plastic_bottles/PET642.jpg,2,PET Plastic,2,PET Plastic,0.9996508359909058,0.00015690503641963005,4.662122228182852e-05,0.9996508359909058,7.683425064897165e-05,6.874194514239207e-05
/Users/aswanathjs/Downloads/test9/ai_plastic_waste_management_training/PP Plastic/irregular_containers/train_PP-91_jpg.rf.9b1868df755dd1f621d86d8b6803d0c4.jpg,3,PP Plastic,3,PP Plastic,0.9958702921867371,0.00038039861829020083,0.0024112691171467304,0.00041394945583306253,0.9958702921867371,0.0009241033694706857
/Users/aswanathjs/Downloads/test9/ai_plastic_waste_management_training/LDPE Plastic/plastic_bags/LDPE-480_jpg.rf.c07e815c4de47b488d06e0c83441bef2.jpg,1,LDPE Plastic,1,LDPE Plastic,0.9995211362838745,0.0001182095002150163,0.9995211362838745,0.00015270698349922895,9.093453991226852e-05,0.00011698529124259949
/Users/aswanathjs/Downloads/test9/ai_plastic_waste_management_training/LDPE Plastic/bubble_wrap_grey/LDPE-97_jpg.rf.405c9fc49d66acf1b0e3ec39512a4dc5.jpg,1,LDPE Plastic,1,LDPE Plastic,0.9992165565490723,8.479163079755381e-05,0.9992165565490723,0.00019866408547386527,0.00045608580694533885,4.3823380110552534e-05
/Users/aswanathjs/Downloads/test9/ai_plastic_waste_management_training/LDPE Plastic/bubble_wrap/LDPE-97_jpg.rf.405c9fc49d66acf1b0e3ec39512a4dc5.jpg,1,LDPE Plastic,1,LDPE Plastic,0.9990092515945435,5.145086834090762e-05,0.9990092515945435,0.00039125714101828635,0.00043881215970031917,0.00010918326734099537
"/Users/aswanathjs/Downloads/test9/ai_plastic_waste_management_training/PET Plastic/plastic_bottles/PET1,439.jpg",2,PET Plastic,2,PET Plastic,0.9994408488273621,0.00018304173136129975,2.2339721908792853e-05,0.9994408488273621,0.0002379161596763879,0.00011587656626943499
/Users/aswanathjs/Downloads/test9/ai_plastic_waste_management_training/LDPE Plastic/plastic_bags_grey/LDPE-296_jpg.rf.a1c6127d5816bbf2a0a084e34a0b442e.jpg,1,LDPE Plastic,1,LDPE Plastic,0.997444748878479,0.0005163757596164942,0.997444748878479,0.0009992183186113834,0.0006864622700959444,0.000353249633917585
/Users/aswanathjs/Downloads/test9/ai_plastic_waste_management_training/LDPE Plastic/plastic_bags/LDPE-296_jpg.rf.a1c6127d5816bbf2a0a084e34a0b442e.jpg,1,LDPE Plastic,1,LDPE Plastic,0.998071014881134,0.0003566030354704708,0.998071014881134,0.0006392802461050451,0.0006205894751474261,0.00031252941698767245
/Users/aswanathjs/Downloads/test9/ai_plastic_waste_management_training/PET Plastic/plastic_bottles/PET322.jpg,2,PET Plastic,2,PET Plastic,0.9992152452468872,0.00025040138280019164,2.0954952560714446e-05,0.9992152452468872,0.00034140219213441014,0.0001720371365081519
/Users/aswanathjs/Downloads/test9/ai_plastic_waste_management_training/PP Plastic/round_containers/Image_164.png,3,PP Plastic,3,PP Plastic,0.8690337538719177,0.025959709659218788,0.08716855943202972,0.005913994740694761,0.8690337538719177,0.011923912912607193
/Users/aswanathjs/Downloads/test9/ai_plastic_waste_management_training/PS Plastic/foam_containers/Image_164.png,3,PP Plastic,4,PS Plastic,0.4257751405239105,0.08897648751735687,0.27559375762939453,0.005925197619944811,0.2037295252084732,0.4257751405239105
/Users/aswanathjs/Downloads/test9/ai_plastic_waste_management_training/PS Plastic/foam_containers/styrofoam-101-_jpg.rf.ea16cdf2074dc5b964e3e2e8b0ea4353.jpg,4,PS Plastic,4,PS Plastic,0.9999560117721558,1.5813835716471658e-06,5.7777015172177926e-06,9.944768635250512e-07,3.5739631130127236e-05,0.9999560117721558
/Users/aswanathjs/Downloads/test9/ai_plastic_waste_management_training/HDPE Plastic/detergent_bottles/IMG_20220209_182745.jpg,0,HDPE Plastic,0,HDPE Plastic,0.9643586874008179,0.9643586874008179,0.0051310244016349316,0.023851953446865082,0.005464221350848675,0.001194054028019309
/Users/aswanathjs/Downloads/test9/ai_plastic_waste_management_training/HDPE Plastic/milk_bottles/HDPEM61.jpg,0,HDPE Plastic,0,HDPE Plastic,0.9873664379119873,0.9873664379119873,2.284834408783354e-05,0.009782909415662289,0.0027399612590670586,8.784698002273217e-05
/Users/aswanathjs/Downloads/test9/ai_plastic_waste_management_training/HDPE Plastic/milk_bottles/HDPEM459.jpg,0,HDPE Plastic,0,HDPE Plastic,0.998458981513977,0.998458981513977,9.21918690437451e-05,0.00017751038831193,0.0010835248976945877,0.00018778626690618694
/Users/aswanathjs/Downloads/test9/ai_plastic_waste_management_training/PP Plastic/irregular_containers/train_PP-53_jpg.rf.00d0539f9942f92acdb2fab0e3086ce4.jpg,3,PP Plastic,3,PP Plastic,0.9933017492294312,0.0021424051374197006,0.0010498202173039317,0.0007770684896968305,0.9933017492294312,0.0027289926074445248
"/Users/aswanathjs/Downloads/test9/ai_plastic_waste_management_training/PET Plastic/plastic_bottles/PET1,304.jpg",2,PET Plastic,2,PET Plastic,0.9999295473098755,3.7770583730889484e-05,4.3679656300810166e-06,0.9999295473098755,2.030824907706119e-05,7.997949978744145e-06
/Users/aswanathjs/Downloads/test9/ai_plastic_waste_management_training/PS Plastic/foam_sheets/PS-674_jpg.rf.548d353bc593e159d7aa53c7a7f6ccf2.jpg,4,PS Plastic,4,PS Plastic,0.9997535347938538,5.519551632460207e-05,6.434781971620396e-05,5.482983760884963e-05,7.208339229691774e-05,0.9997535347938538
/Users/aswanathjs/Downloads/test9/ai_plastic_waste_management_training/LDPE Plastic/black_white__plastic_bags/0148_jpg.rf.bf7d673ef84af08da1c08bb4e243899c.jpg,1,LDPE Plastic,1,LDPE Plastic,0.9985211491584778,7.321816519834101e-05,0.9985211491584778,0.0008945564040914178,0.00023980745754670352,0.00027123669860884547
/Users/aswanathjs/Downloads/test9/ai_plastic_waste_management_training/HDPE Plastic/detergent_bottles/0039_a02b01c1d2e0f1g0h4.jpg,0,HDPE Plastic,0,HDPE Plastic,0.9988927245140076,0.9988927245140076,0.00024790113093331456,0.0004474096349440515,0.00020737721933983266,0.00020475058408919722
/Users/aswanathjs/Downloads/test9/ai_plastic_waste_management_training/LDPE Plastic/bubble_wrap_grey/Screenshot 2026-05-13 at 10.34.45.png,1,LDPE Plastic,1,LDPE Plastic,0.9989738464355469,9.374657565786038e-07,0.9989738464355469,1.6878503856787574e-06,4.705353785539046e-05,0.0009764878777787089
/Users/aswanathjs/Downloads/test9/ai_plastic_waste_management_training/LDPE Plastic/bubble_wrap_grey/Screenshot 2026-05-13 at 10.35.00.png,1,LDPE Plastic,1,LDPE Plastic,0.9869453310966492,0.00027904476155526936,0.9869453310966492,0.007307989522814751,0.002735516522079706,0.00273203756660223
/Users/aswanathjs/Downloads/test9/ai_plastic_waste_management_training/LDPE Plastic/bubble_wrap_grey/Screenshot 2026-05-13 at 10.36.23.png,1,LDPE Plastic,1,LDPE Plastic,0.9800205230712891,0.0008798483177088201,0.9800205230712891,0.00047705063479952514,0.0004845748480875045,0.018138054758310318
/Users/aswanathjs/Downloads/test9/ai_plastic_waste_management_training/LDPE Plastic/bubble_wrap_grey/Screenshot 2026-05-13 at 10.35.59.png,1,LDPE Plastic,1,LDPE Plastic,0.9902209043502808,9.730592864798382e-05,0.9902209043502808,0.00015842798165977,0.004497147630900145,0.005026248283684254
/Users/aswanathjs/Downloads/test9/ai_plastic_waste_management_training/LDPE Plastic/bubble_wrap_grey/Screenshot 2026-05-13 at 10.32.55.png,1,LDPE Plastic,1,LDPE Plastic,0.9949563145637512,0.0007273952942341566,0.9949563145637512,2.9897739295847714e-05,0.0016230143373832107,0.0026633087545633316
/Users/aswanathjs/Downloads/test9/ai_plastic_waste_management_training/LDPE Plastic/bubble_wrap_grey/Screenshot 2026-05-13 at 10.35.41.png,1,LDPE Plastic,1,LDPE Plastic,0.9990993738174438,0.00012431548384483904,0.9990993738174438,2.4656859750393778e-05,0.0001934059546329081,0.0005582508747465909
/Users/aswanathjs/Downloads/test9/ai_plastic_waste_management_training/LDPE Plastic/bubble_wrap_grey/Screenshot 2026-05-13 at 10.33.22.png,1,LDPE Plastic,1,LDPE Plastic,0.9990573525428772,0.0001134407939389348,0.9990573525428772,0.0001053849991876632,0.0005358857451938093,0.0001879052579170093
/Users/aswanathjs/Downloads/test9/ai_plastic_waste_management_training/LDPE Plastic/bubble_wrap_grey/Screenshot 2026-05-13 at 10.33.36.png,1,LDPE Plastic,1,LDPE Plastic,0.9969454407691956,0.0016878299647942185,0.9969454407691956,0.00038252660306170583,0.0007209089817479253,0.0002632297982927412
/Users/aswanathjs/Downloads/test9/ai_plastic_waste_management_training/LDPE Plastic/bubble_wrap_grey/Screenshot 2026-05-13 at 10.34.03.png,1,LDPE Plastic,1,LDPE Plastic,0.9785526394844055,0.0046839225105941296,0.9785526394844055,0.00303881848230958,0.0055113122798502445,0.008213316090404987
/Users/aswanathjs/Downloads/test9/ai_plastic_waste_management_training/LDPE Plastic/bubble_wrap_grey/Screenshot 2026-05-13 at 10.35.18.png,1,LDPE Plastic,1,LDPE Plastic,0.999286949634552,7.221863779705018e-05,0.999286949634552,8.870873898558784e-06,0.0003485063789412379,0.00028337177354842424
/Users/aswanathjs/Downloads/test9/ai_plastic_waste_management_training/LDPE Plastic/bubble_wrap_grey/Screenshot 2026-05-13 at 10.33.50.png,1,LDPE Plastic,1,LDPE Plastic,0.9874173402786255,5.717195745091885e-05,0.9874173402786255,0.0018212520517408848,0.008749132044613361,0.0019551615696400404
/Users/aswanathjs/Downloads/test9/ai_plastic_waste_management_training/LDPE Plastic/bubble_wrap/Screenshot 2026-05-13 at 10.34.45.png,1,LDPE Plastic,1,LDPE Plastic,0.9937847852706909,9.446564217796549e-05,0.9937847852706909,9.072247485164553e-05,0.0024219632614403963,0.003608092200011015
/Users/aswanathjs/Downloads/test9/ai_plastic_waste_management_training/LDPE Plastic/bubble_wrap/Screenshot 2026-05-13 at 10.35.00.png,1,LDPE Plastic,1,LDPE Plastic,0.967041552066803,0.0013010016409680247,0.967041552066803,0.002757992362603545,0.016076546162366867,0.012822901830077171
/Users/aswanathjs/Downloads/test9/ai_plastic_waste_management_training/LDPE Plastic/bubble_wrap/Screenshot 2026-05-13 at 10.36.23.png,1,LDPE Plastic,1,LDPE Plastic,0.9862905144691467,0.0026879017241299152,0.9862905144691467,0.003013202454894781,0.0012696434278041124,0.006738660391420126
/Users/aswanathjs/Downloads/test9/ai_plastic_waste_management_training/LDPE Plastic/bubble_wrap/Screenshot 2026-05-13 at 10.35.59.png,1,LDPE Plastic,1,LDPE Plastic,0.998992383480072,2.044717621174641e-05,0.998992383480072,1.1258046470175032e-05,0.0006837600958533585,0.00029214590904302895
/Users/aswanathjs/Downloads/test9/ai_plastic_waste_management_training/LDPE Plastic/bubble_wrap/Screenshot 2026-05-13 at 10.32.55.png,1,LDPE Plastic,1,LDPE Plastic,0.9974806904792786,0.0002613883407320827,0.9974806904792786,1.858364703366533e-05,0.0007896365714259446,0.0014496420044451952
/Users/aswanathjs/Downloads/test9/ai_plastic_waste_management_training/LDPE Plastic/bubble_wrap/Screenshot 2026-05-13 at 10.35.41.png,1,LDPE Plastic,1,LDPE Plastic,0.9978978633880615,0.00018243071099277586,0.9978978633880615,5.903231431148015e-05,0.0006896021077409387,0.0011711062397807837
/Users/aswanathjs/Downloads/test9/ai_plastic_waste_management_training/LDPE Plastic/bubble_wrap/Screenshot 2026-05-13 at 10.33.22.png,1,LDPE Plastic,1,LDPE Plastic,0.996894121170044,0.0011093365028500557,0.996894121170044,0.0001428036339348182,0.0004337348509579897,0.0014200123259797692
/Users/aswanathjs/Downloads/test9/ai_plastic_waste_management_training/LDPE Plastic/bubble_wrap/Screenshot 2026-05-13 at 10.33.36.png,1,LDPE Plastic,1,LDPE Plastic,0.9958465695381165,0.001371329533867538,0.9958465695381165,0.0011766547104343772,0.0012581885093823075,0.000347302237059921
/Users/aswanathjs/Downloads/test9/ai_plastic_waste_management_training/LDPE Plastic/bubble_wrap/Screenshot 2026-05-13 at 10.34.03.png,1,LDPE Plastic,1,LDPE Plastic,0.9842864871025085,0.004961277358233929,0.9842864871025085,0.0027263970114290714,0.0029831950087100267,0.0050427112728357315
/Users/aswanathjs/Downloads/test9/ai_plastic_waste_management_training/LDPE Plastic/bubble_wrap/Screenshot 2026-05-13 at 10.35.18.png,1,LDPE Plastic,1,LDPE Plastic,0.9939709901809692,0.0024414618965238333,0.9939709901809692,4.335140693001449e-05,0.002513681538403034,0.001030618790537119
/Users/aswanathjs/Downloads/test9/ai_plastic_waste_management_training/LDPE Plastic/bubble_wrap/Screenshot 2026-05-13 at 10.33.50.png,1,LDPE Plastic,1,LDPE Plastic,0.9946808218955994,9.376206435263157e-05,0.9946808218955994,0.00023657629208173603,0.0025658204685896635,0.0024229984264820814
/Users/aswanathjs/Downloads/test9/ai_plastic_waste_management_training/HDPE Plastic/milk_bottles/HDPEM478.jpg,0,HDPE Plastic,0,HDPE Plastic,0.9984973669052124,0.9984973669052124,2.7426220185589045e-05,0.0002480058465152979,0.0008073632488958538,0.0004198004899080843
/Users/aswanathjs/Downloads/test9/ai_plastic_waste_management_training/PET Plastic/black_white_plastic_bottles/ctbax_jpg.rf.494790482aa35adac5d91d0e6b01934c.jpg,2,PET Plastic,2,PET Plastic,0.9993607401847839,0.00017955187649931759,0.00012381101259961724,0.9993607401847839,0.00022303160221781582,0.00011286501830909401
"/Users/aswanathjs/Downloads/test9/ai_plastic_waste_management_training/PET Plastic/plastic_bottles/PET1,261.jpg",2,PET Plastic,2,PET Plastic,0.9983421564102173,0.0013749292120337486,7.243979052873328e-05,0.9983421564102173,0.00015046089538373053,5.994723323965445e-05
/Users/aswanathjs/Downloads/test9/ai_plastic_waste_management_training/HDPE Plastic/shampoo_bottles/0061_a02b01c1d1e0f1g0h3.jpg,0,HDPE Plastic,0,HDPE Plastic,0.9988942742347717,0.9988942742347717,0.00011812139564426616,0.00031013056286610663,0.0004859146138187498,0.00019159488147124648
/Users/aswanathjs/Downloads/test9/ai_plastic_waste_management_training/HDPE Plastic/milk_bottles/HDPEM75.jpg,0,HDPE Plastic,0,HDPE Plastic,0.9991045594215393,0.9991045594215393,7.720287976553664e-05,0.00014051614562049508,0.0004077992052771151,0.00026989972684532404
/Users/aswanathjs/Downloads/test9/ai_plastic_waste_management_training/HDPE Plastic/milk_bottles_grey/HDPEM75.jpg,0,HDPE Plastic,0,HDPE Plastic,0.9995189905166626,0.9995189905166626,5.154604514245875e-05,7.14396737748757e-05,0.00026294460985809565,9.504894842393696e-05
/Users/aswanathjs/Downloads/test9/ai_plastic_waste_management_training/PP Plastic/rectangle_containers/0011_a05b00c2d1e0f0g0h3.jpg,3,PP Plastic,3,PP Plastic,0.9985275268554688,0.00019150534353684634,0.0007012159912846982,0.00027195928851142526,0.9985275268554688,0.00030770478770136833
"/Users/aswanathjs/Downloads/test9/ai_plastic_waste_management_training/PET Plastic/plastic_bottles/PET1,344.jpg",2,PET Plastic,2,PET Plastic,0.9998810291290283,4.9359103286406025e-05,5.2234299801057205e-06,0.9998810291290283,5.413881081040017e-05,1.0197557458013762e-05
/Users/aswanathjs/Downloads/test9/ai_plastic_waste_management_training/PET Plastic/plastic_bottles/PET365.jpg,2,PET Plastic,2,PET Plastic,0.999530553817749,0.00032562235719524324,2.705071892705746e-05,0.999530553817749,3.091413964284584e-05,8.597725536674261e-05
/Users/aswanathjs/Downloads/test9/ai_plastic_waste_management_training/PET Plastic/black_white_plastic_bottles/bjygh_jpg.rf.f4c4a7649c708339528a5684d04fca26.jpg,2,PET Plastic,2,PET Plastic,0.999737560749054,2.0371906430227682e-05,5.592017623712309e-05,0.999737560749054,2.0526045773294754e-05,0.00016568711725994945
/Users/aswanathjs/Downloads/test9/ai_plastic_waste_management_training/PP Plastic/round_containers/Image_42.png,3,PP Plastic,3,PP Plastic,0.7655969858169556,0.00414807116612792,0.21806788444519043,0.0008466755389235914,0.7655969858169556,0.011340336874127388
/Users/aswanathjs/Downloads/test9/ai_plastic_waste_management_training/PS Plastic/foam_containers/Image_42.png,3,PP Plastic,3,PP Plastic,0.5543520450592041,0.043554939329624176,0.09981483966112137,0.006776812020689249,0.5543520450592041,0.29550132155418396
/Users/aswanathjs/Downloads/test9/ai_plastic_waste_management_training/LDPE Plastic/plastic_bags/LDPE-360_jpg.rf.133d460a0281af37abf1062d4d7f50a7.jpg,1,LDPE Plastic,1,LDPE Plastic,0.9983842372894287,0.0002681099867913872,0.9983842372894287,0.00016239732212852687,0.0005952556384727359,0.000590080046094954
/Users/aswanathjs/Downloads/test9/ai_plastic_waste_management_training/LDPE Plastic/plastic_bags/plasticbag (37).jpg,1,LDPE Plastic,1,LDPE Plastic,0.9986165761947632,0.00028451051912270486,0.9986165761947632,0.00015818672545719892,0.00043452816316857934,0.0005061536212451756
/Users/aswanathjs/Downloads/test9/ai_plastic_waste_management_training/PS Plastic/foam_sheets/PS-504_jpg.rf.0d3e0747d1868ebce48c34f3e61f6f64.jpg,4,PS Plastic,4,PS Plastic,0.9994619488716125,5.88414550293237e-05,0.00017833939637057483,7.546736014774069e-05,0.00022541999351233244,0.9994619488716125
/Users/aswanathjs/Downloads/test9/ai_plastic_waste_management_training/HDPE Plastic/detergent_bottles/0010_a02b01c1d2e0f1g0h3.jpg,0,HDPE Plastic,0,HDPE Plastic,0.9979977011680603,0.9979977011680603,0.00030718123889528215,0.0008383429376408458,0.00036485548480413854,0.0004917682963423431
/Users/aswanathjs/Downloads/test9/ai_plastic_waste_management_training/HDPE Plastic/detergent_bottles/0039_a02b01c2d2e0f1g0h3.jpg,0,HDPE Plastic,0,HDPE Plastic,0.998945415019989,0.998945415019989,0.0003163102956023067,0.00020435679471120238,0.00031551491701975465,0.00021845725132152438
/Users/aswanathjs/Downloads/test9/ai_plastic_waste_management_training/PET Plastic/plastic_bottles/PET979.jpg,2,PET Plastic,2,PET Plastic,0.9999363422393799,2.3440821678377688e-05,2.0684960873040836e-06,0.9999363422393799,6.662366558884969e-06,3.1475312425754964e-05
/Users/aswanathjs/Downloads/test9/ai_plastic_waste_management_training/LDPE Plastic/plastic_bags/plasticbag (121).jpg,1,LDPE Plastic,1,LDPE Plastic,0.9954025745391846,0.0009542557527311146,0.9954025745391846,0.0005248846719041467,0.0023565059527754784,0.0007617537048645318
/Users/aswanathjs/Downloads/test9/ai_plastic_waste_management_training/PP Plastic/square_containers_grey/Image_224.png,3,PP Plastic,3,PP Plastic,0.8286644816398621,0.004930817522108555,0.10287632793188095,0.006357996258884668,0.8286644816398621,0.05717035382986069
/Users/aswanathjs/Downloads/test9/ai_plastic_waste_management_training/PP Plastic/square_containers/Image_224.png,3,PP Plastic,3,PP Plastic,0.9418710470199585,0.0013338939752429724,0.04514765366911888,0.0008474792703054845,0.9418710470199585,0.01079984474927187
/Users/aswanathjs/Downloads/test9/ai_plastic_waste_management_training/HDPE Plastic/milk_bottles/HDPEM129.jpg,0,HDPE Plastic,0,HDPE Plastic,0.9981563687324524,0.9981563687324524,0.00020119224791415036,0.00037512960261665285,0.0009763403213582933,0.0002908721216954291
/Users/aswanathjs/Downloads/test9/ai_plastic_waste_management_training/PET Plastic/plastic_bottles/PET317.jpg,2,PET Plastic,2,PET Plastic,0.9998014569282532,9.733260958455503e-05,4.623587301466614e-05,0.9998014569282532,3.1570416467729956e-05,2.3364947992376983e-05
/Users/aswanathjs/Downloads/test9/ai_plastic_waste_management_training/PET Plastic/plastic_bottles/PET855.jpg,2,PET Plastic,2,PET Plastic,0.9975293278694153,0.000788354140240699,0.0006555748987011611,0.9975293278694153,0.0001659851404838264,0.0008607427007518709
/Users/aswanathjs/Downloads/test9/ai_plastic_waste_management_training/PP Plastic/square_containers/IMG_20220209_173855.jpg,3,PP Plastic,3,PP Plastic,0.9961180686950684,0.0020148721523582935,0.00028579961508512497,0.00014415696205105633,0.9961180686950684,0.0014371400466188788
/Users/aswanathjs/Downloads/test9/ai_plastic_waste_management_training/HDPE Plastic/shampoo_bottles/0063_a02b01c2d0e0f1g1h2.jpg,0,HDPE Plastic,0,HDPE Plastic,0.9988948702812195,0.9988948702812195,3.85860403184779e-05,0.0009056454291567206,6.425443280022591e-05,9.654410678194836e-05
/Users/aswanathjs/Downloads/test9/ai_plastic_waste_management_training/PS Plastic/foam_containers/0058_a06b01c1d0e0f0g0h4.jpg,4,PS Plastic,4,PS Plastic,0.9994681477546692,0.0002479493268765509,1.6807189240353182e-05,3.988824755651876e-05,0.00022720021661370993,0.9994681477546692
/Users/aswanathjs/Downloads/test9/ai_plastic_waste_management_training/HDPE Plastic/detergent_bottles/0039_a02b01c2d3e0f1g0h4.jpg,0,HDPE Plastic,0,HDPE Plastic,0.9988362193107605,0.9988362193107605,0.0002741652715485543,0.00021943326282780617,0.00037786844768561423,0.0002923437859863043
/Users/aswanathjs/Downloads/test9/ai_plastic_waste_management_training/LDPE Plastic/plastic_bags/train_LDPE-2_jpg.rf.3d66a1ff0a58b9cc3026c1b1afcdf766.jpg,1,LDPE Plastic,1,LDPE Plastic,0.9933831095695496,0.0011366453254595399,0.9933831095695496,0.0005678023444488645,0.003162180073559284,0.0017502682749181986
/Users/aswanathjs/Downloads/test9/ai_plastic_waste_management_training/PS Plastic/foam_containers/Image_104.png,4,PS Plastic,4,PS Plastic,0.49690622091293335,0.21929705142974854,0.17694997787475586,0.01827298104763031,0.08857379108667374,0.49690622091293335
/Users/aswanathjs/Downloads/test9/ai_plastic_waste_management_training/PET Plastic/shampoo_bottles/0080_a05b00c2d0e0f1g0h2.jpg,2,PET Plastic,2,PET Plastic,0.998995840549469,0.0001395259751006961,1.621071351110004e-05,0.998995840549469,0.0007324218167923391,0.00011604433530010283
/Users/aswanathjs/Downloads/test9/ai_plastic_waste_management_training/HDPE Plastic/milk_bottles/HDPEM449.jpg,0,HDPE Plastic,0,HDPE Plastic,0.999161958694458,0.999161958694458,0.00012382050044834614,0.00021313905017450452,8.494782377965748e-05,0.0004162128025200218
/Users/aswanathjs/Downloads/test9/ai_plastic_waste_management_training/LDPE Plastic/plastic_bags/plasticbag (129).jpg,1,LDPE Plastic,1,LDPE Plastic,0.9943979382514954,0.0009583822684362531,0.9943979382514954,0.00016411632532253861,0.003377045039087534,0.0011025175917893648
/Users/aswanathjs/Downloads/test9/ai_plastic_waste_management_training/PET Plastic/black_white_plastic_bottles/bkeaw_jpg.rf.a39fd1736cd87dfcfb5ae4f3e9f3960c.jpg,2,PET Plastic,2,PET Plastic,0.9997794032096863,5.722016339859692e-06,2.1881098291487433e-05,0.9997794032096863,0.00014376129547599703,4.916903344565071e-05
/Users/aswanathjs/Downloads/test9/ai_plastic_waste_management_training/HDPE Plastic/milk_bottles/HDPEM337.jpg,0,HDPE Plastic,0,HDPE Plastic,0.9998121857643127,0.9998121857643127,3.1626321288058534e-05,9.86386148724705e-05,1.36137832669192e-05,4.3848249333677813e-05
/Users/aswanathjs/Downloads/test9/ai_plastic_waste_management_training/LDPE Plastic/plastic_bags/LDPE-116_jpg.rf.14f89047074294b24c86c813ff51a903.jpg,1,LDPE Plastic,1,LDPE Plastic,0.998502254486084,0.00013802909234073013,0.998502254486084,0.000673061003908515,0.0001959724468179047,0.0004907783004455268
/Users/aswanathjs/Downloads/test9/ai_plastic_waste_management_training/LDPE Plastic/plastic_bags/plasticbag (165) 17.43.56.jpg,1,LDPE Plastic,1,LDPE Plastic,0.9988654851913452,5.389728175941855e-05,0.9988654851913452,0.00011198876018170267,0.0009272461757063866,4.137152063776739e-05
/Users/aswanathjs/Downloads/test9/ai_plastic_waste_management_training/PET Plastic/plastic_bottles/PET841.jpg,2,PET Plastic,2,PET Plastic,0.9990620017051697,0.00025782917509786785,0.00019124476239085197,0.9990620017051697,7.735576218692586e-05,0.00041156375664286315
/Users/aswanathjs/Downloads/test9/ai_plastic_waste_management_training/LDPE Plastic/plastic_bags_grey/LDPE-1_jpg.rf.3c7a1957241b1cfd81c55b39fa5470d7.jpg,1,LDPE Plastic,1,LDPE Plastic,0.9985454082489014,3.143853973597288e-05,0.9985454082489014,0.0009663545060902834,0.00026685502962209284,0.00018989399541169405
/Users/aswanathjs/Downloads/test9/ai_plastic_waste_management_training/LDPE Plastic/plastic_bags/LDPE-1_jpg.rf.5401f4d6049eb10309b5376914be7dec.jpg,1,LDPE Plastic,1,LDPE Plastic,0.9993228912353516,8.992484799819067e-05,0.9993228912353516,0.0001080427537090145,5.3498559282161295e-05,0.0004257084510754794
/Users/aswanathjs/Downloads/test9/ai_plastic_waste_management_training/LDPE Plastic/plastic_bags/LDPE-1_jpg.rf.3c7a1957241b1cfd81c55b39fa5470d7.jpg,1,LDPE Plastic,1,LDPE Plastic,0.9994053840637207,4.674866431741975e-05,0.9994053840637207,0.00021726355771534145,0.00021482331794686615,0.00011575019016163424
/Users/aswanathjs/Downloads/test9/ai_plastic_waste_management_training/LDPE Plastic/plastic_bags/LDPE-1_jpg.rf.b398eae774835e4054e64f7f9dfb4eff.jpg,1,LDPE Plastic,1,LDPE Plastic,0.9979211688041687,8.826548582874238e-05,0.9979211688041687,0.0008215969428420067,0.0002237850712845102,0.0009452569647692144
/Users/aswanathjs/Downloads/test9/ai_plastic_waste_management_training/PET Plastic/black_white_plastic_bottles/broka_jpg.rf.1f203f8b54e8ab3cce1e8ea671361972.jpg,2,PET Plastic,2,PET Plastic,0.9993045330047607,0.00014739733887836337,8.614163380116224e-05,0.9993045330047607,8.877204527379945e-05,0.00037315234658308327
/Users/aswanathjs/Downloads/test9/ai_plastic_waste_management_training/LDPE Plastic/black_white__plastic_bags/0014_jpg.rf.c7306ceeb5d51273acc72690edb28340.jpg,1,LDPE Plastic,1,LDPE Plastic,0.9983580708503723,0.0004263665177859366,0.9983580708503723,0.00024198759638238698,0.0006982674822211266,0.0002753554144874215
"/Users/aswanathjs/Downloads/test9/ai_plastic_waste_management_training/PET Plastic/plastic_bottles/PET1,762.jpg",2,PET Plastic,2,PET Plastic,0.9999911785125732,5.566788331634598e-06,3.957607930260565e-07,0.9999911785125732,1.578617116138048e-06,1.2654795682465192e-06
/Users/aswanathjs/Downloads/test9/ai_plastic_waste_management_training/PP Plastic/round_containers/IMG_20220209_172758.jpg,3,PP Plastic,3,PP Plastic,0.994421660900116,0.004141571931540966,0.0004288207273930311,0.0006957511068321764,0.994421660900116,0.0003122038033325225
/Users/aswanathjs/Downloads/test9/ai_plastic_waste_management_training/PP Plastic/round_containers/Image_189.png,3,PP Plastic,3,PP Plastic,0.6099698543548584,0.030185574665665627,0.18094775080680847,0.006806697230786085,0.6099698543548584,0.172090083360672
/Users/aswanathjs/Downloads/test9/ai_plastic_waste_management_training/PS Plastic/foam_containers/Image_189.png,3,PP Plastic,3,PP Plastic,0.6705994606018066,0.05004193261265755,0.14721553027629852,0.01723957620561123,0.6705994606018066,0.11490347236394882
/Users/aswanathjs/Downloads/test9/ai_plastic_waste_management_training/HDPE Plastic/milk_bottles/HDPEM17.jpg,0,HDPE Plastic,0,HDPE Plastic,0.9973951578140259,0.9973951578140259,0.0005552596412599087,0.0002112844813382253,0.0013667922466993332,0.0004716118855867535
/Users/aswanathjs/Downloads/test9/ai_plastic_waste_management_training/PET Plastic/shampoo_bottles/0080_a05b00c1d0e0f1g0h3.jpg,2,PET Plastic,2,PET Plastic,0.9968535304069519,0.002827387535944581,2.5354205718031153e-05,0.9968535304069519,0.00022585138503927737,6.793891225242987e-05
/Users/aswanathjs/Downloads/test9/ai_plastic_waste_management_training/LDPE Plastic/black_white__plastic_bags/0141_jpg.rf.f690365a5a275f413817183933fca0a9.jpg,1,LDPE Plastic,1,LDPE Plastic,0.9984627962112427,6.132271664682776e-05,0.9984627962112427,0.00022954161977395415,0.00020135845988988876,0.0010449193650856614
/Users/aswanathjs/Downloads/test9/ai_plastic_waste_management_training/PET Plastic/black_white_plastic_bottles/bxotr_jpg.rf.1fd0e034f86b02d3a9239c3706ba00ea.jpg,2,PET Plastic,2,PET Plastic,0.9996939897537231,8.132081711664796e-05,0.00014694406127091497,0.9996939897537231,2.7759673685068265e-05,5.003020851290785e-05
/Users/aswanathjs/Downloads/test9/ai_plastic_waste_management_training/PET Plastic/shampoo_bottles/0100_a05b00c2d0e0f0g0h1.jpg,2,PET Plastic,2,PET Plastic,0.9999575614929199,1.232671183970524e-05,1.3655769635079196e-06,0.9999575614929199,2.365231375733856e-05,5.083566520625027e-06
/Users/aswanathjs/Downloads/test9/ai_plastic_waste_management_training/PET Plastic/plastic_bottles/PET840.jpg,2,PET Plastic,2,PET Plastic,0.9991719722747803,0.00036842492409050465,5.251209222478792e-05,0.9991719722747803,5.7970581110566854e-05,0.0003491562092676759
/Users/aswanathjs/Downloads/test9/ai_plastic_waste_management_training/LDPE Plastic/plastic_bags/train_LDPE-46_jpg.rf.2815d064de80b23c8d9e6dd61ec3dff0.jpg,1,LDPE Plastic,1,LDPE Plastic,0.9992029070854187,0.0004991665482521057,0.9992029070854187,3.066792487516068e-05,0.00020254078845027834,6.481555465143174e-05
"/Users/aswanathjs/Downloads/test9/ai_plastic_waste_management_training/PET Plastic/plastic_bottles/PET1,748.jpg",2,PET Plastic,2,PET Plastic,0.9984036087989807,0.001399467932060361,3.898243448929861e-05,0.9984036087989807,6.574620783794671e-05,9.2239526566118e-05
/Users/aswanathjs/Downloads/test9/ai_plastic_waste_management_training/PET Plastic/plastic_bottles/PET806.jpg,2,PET Plastic,2,PET Plastic,0.9998434782028198,8.811274892650545e-05,1.0237583410344087e-05,0.9998434782028198,4.377301138447365e-06,5.3684143495047465e-05
/Users/aswanathjs/Downloads/test9/ai_plastic_waste_management_training/LDPE Plastic/plastic_bags/P_W (1407).jpg,1,LDPE Plastic,1,LDPE Plastic,0.995674192905426,0.00322179333306849,0.995674192905426,0.00037397805135697126,0.0002521738933864981,0.00047776312567293644
/Users/aswanathjs/Downloads/test9/ai_plastic_waste_management_training/PS Plastic/foam_sheets/PS-592_jpg.rf.1f1c77c122f5f174fd8dddb4154b727a.jpg,4,PS Plastic,4,PS Plastic,0.9994851350784302,6.382085121003911e-05,0.00015709910076111555,0.00012088624498574063,0.00017296086298301816,0.9994851350784302
/Users/aswanathjs/Downloads/test9/ai_plastic_waste_management_training/PET Plastic/black_white_plastic_bottles/akuxw_jpg.rf.4b20810fe047b3e2d19f90e824e915ef.jpg,2,PET Plastic,2,PET Plastic,0.9996433258056641,3.4022416457446525e-06,0.00033557857386767864,0.9996433258056641,5.907252671022434e-06,1.1686883226502687e-05
/Users/aswanathjs/Downloads/test9/ai_plastic_waste_management_training/LDPE Plastic/plastic_bags/LDPE-299_jpg.rf.cfc6a5c96a7cba8381ad71939900b173.jpg,1,LDPE Plastic,1,LDPE Plastic,0.9842302203178406,0.0008604807080700994,0.9842302203178406,0.009466959163546562,0.002823923248797655,0.002618449507281184
/Users/aswanathjs/Downloads/test9/ai_plastic_waste_management_training/PET Plastic/black_white_plastic_bottles/dcztl_jpg.rf.fb178873eb2cc650ea45a2570c2f83ba.jpg,2,PET Plastic,2,PET Plastic,0.9999254941940308,1.7791957361623645e-05,5.196588062972296e-06,0.9999254941940308,2.4159615350072272e-05,2.743602090049535e-05
"/Users/aswanathjs/Downloads/test9/ai_plastic_waste_management_training/PET Plastic/plastic_bottles/PET1,315.jpg",2,PET Plastic,2,PET Plastic,0.998464822769165,0.001189331873320043,5.2700910600833595e-05,0.998464822769165,0.00010565618867985904,0.00018750836898107082
/Users/aswanathjs/Downloads/test9/ai_plastic_waste_management_training/PET Plastic/black_white_plastic_bottles/azont_jpg.rf.721f11a64d1b6da1113d9b06217d04fa.jpg,2,PET Plastic,2,PET Plastic,0.9999343156814575,2.468259663146455e-05,1.0065447895613033e-05,0.9999343156814575,3.210765726180398e-06,2.774501081148628e-05
/Users/aswanathjs/Downloads/test9/ai_plastic_waste_management_training/LDPE Plastic/bin_bags/Image_217.png,1,LDPE Plastic,1,LDPE Plastic,0.9935076236724854,0.002986869076266885,0.9935076236724854,0.001764224492944777,0.0009636235190555453,0.0007777396822348237
/Users/aswanathjs/Downloads/test9/ai_plastic_waste_management_training/PP Plastic/square_containers/Image_217.png,1,LDPE Plastic,1,LDPE Plastic,0.8543259501457214,0.00043176926556043327,0.8543259501457214,0.0002049620234174654,0.14326302707195282,0.0017742732306942344
/Users/aswanathjs/Downloads/test9/ai_plastic_waste_management_training/PS Plastic/foam_containers/Image_217.png,1,LDPE Plastic,1,LDPE Plastic,0.9358665347099304,0.008659708313643932,0.9358665347099304,0.0012349131284281611,0.02785891853272915,0.026379916816949844
/Users/aswanathjs/Downloads/test9/ai_plastic_waste_management_training/PET Plastic/shampoo_bottles/0100_a05b00c1d3e0f0g0h2.jpg,2,PET Plastic,2,PET Plastic,0.998775064945221,0.0005677458248101175,7.576649659313262e-05,0.998775064945221,0.000564546266105026,1.6905614756979048e-05
/Users/aswanathjs/Downloads/test9/ai_plastic_waste_management_training/HDPE Plastic/shampoo_bottles/0061_a02b01c1d1e0f1g0h4(1).jpg,0,HDPE Plastic,0,HDPE Plastic,0.9996320009231567,0.9996320009231567,4.70831073471345e-05,0.000163993303431198,7.723429007455707e-05,7.969805301399902e-05
/Users/aswanathjs/Downloads/test9/ai_plastic_waste_management_training/PET Plastic/black_white_plastic_bottles/bwdfj_jpg.rf.ad52ccaf38e06d6d80c40c7bdb1e49f7.jpg,2,PET Plastic,2,PET Plastic,0.9985257983207703,4.847378659178503e-05,0.0009846588363870978,0.9985257983207703,0.0002194673870690167,0.00022159934451337904
/Users/aswanathjs/Downloads/test9/ai_plastic_waste_management_training/HDPE Plastic/milk_bottles/HDPEM429.jpg,0,HDPE Plastic,0,HDPE Plastic,0.997253954410553,0.997253954410553,0.000285333109786734,0.0011013387702405453,0.0007833815179765224,0.0005759680643677711
/Users/aswanathjs/Downloads/test9/ai_plastic_waste_management_training/HDPE Plastic/detergent_bottles/0039_a02b01c1d3e0f1g0h1.jpg,0,HDPE Plastic,0,HDPE Plastic,0.9995036125183105,0.9995036125183105,8.777998300502077e-05,0.0001861049677245319,0.00018551469838712364,3.691231904667802e-05
/Users/aswanathjs/Downloads/test9/ai_plastic_waste_management_training/PET Plastic/plastic_bottles/PET493.jpg,2,PET Plastic,2,PET Plastic,0.9992701411247253,0.0003527839435264468,4.7694127715658396e-05,0.9992701411247253,0.00014643168833572417,0.00018293909670319408
/Users/aswanathjs/Downloads/test9/ai_plastic_waste_management_training/PP Plastic/round_containers/0044_a06b01c2d0e0f0g0h1.jpg,3,PP Plastic,3,PP Plastic,0.9988933205604553,0.0001409865217283368,0.0006445382023230195,0.00011799180356319994,0.9988933205604553,0.000203143383259885
/Users/aswanathjs/Downloads/test9/ai_plastic_waste_management_training/PP Plastic/round_containers_grey/0044_a06b01c2d0e0f0g0h1.jpg,3,PP Plastic,3,PP Plastic,0.9969876408576965,0.0007247634348459542,0.0015208283439278603,9.584176586940885e-05,0.9969876408576965,0.0006709322915412486
/Users/aswanathjs/Downloads/test9/ai_plastic_waste_management_training/LDPE Plastic/bubble_wrap/test_LDPE-96_jpg.rf.053c5b5b042253864496be02389f8056.jpg,1,LDPE Plastic,1,LDPE Plastic,0.9953032732009888,0.00036039151018485427,0.9953032732009888,0.0002403909747954458,0.0027979835867881775,0.0012979126768186688
/Users/aswanathjs/Downloads/test9/ai_plastic_waste_management_training/LDPE Plastic/black_white__plastic_bags/0073_jpg.rf.4b9e397f6e67f9c8ed31d7a998c2af00.jpg,1,LDPE Plastic,1,LDPE Plastic,0.9914408922195435,0.0021563719492405653,0.9914408922195435,0.003926590550690889,0.0011225466150790453,0.001353578525595367
/Users/aswanathjs/Downloads/test9/ai_plastic_waste_management_training/HDPE Plastic/shampoo_bottles/0075_a02b01c1d3e0f0g0h2.jpg,0,HDPE Plastic,0,HDPE Plastic,0.9988756775856018,0.9988756775856018,2.05060623557074e-05,0.0002012570039369166,0.0008157919510267675,8.680334576638415e-05
/Users/aswanathjs/Downloads/test9/ai_plastic_waste_management_training/PET Plastic/black_white_plastic_bottles/bfdtg_jpg.rf.e6500619f3e90d29b6e7c0b948202de0.jpg,2,PET Plastic,2,PET Plastic,0.9986625909805298,1.4831593034614343e-05,0.001247723470441997,0.9986625909805298,9.765378308657091e-06,6.504402699647471e-05
/Users/aswanathjs/Downloads/test9/ai_plastic_waste_management_training/LDPE Plastic/plastic_bags/LDPE-27_jpg.rf.28336321904e43e3ed3ff61b35db2fef.jpg,1,LDPE Plastic,1,LDPE Plastic,0.9998249411582947,5.155449980520643e-05,0.9998249411582947,3.719838787219487e-05,8.724805411475245e-06,7.760466542094946e-05
/Users/aswanathjs/Downloads/test9/ai_plastic_waste_management_training/LDPE Plastic/plastic_bags/LDPE-27_jpg.rf.c46681a49fbcbe585b23a8483ecde7ca.jpg,1,LDPE Plastic,1,LDPE Plastic,0.9981033802032471,0.000714080932084471,0.9981033802032471,0.0002031794865615666,0.0002147780469385907,0.0007646186277270317
/Users/aswanathjs/Downloads/test9/ai_plastic_waste_management_training/PET Plastic/black_white_plastic_bottles/bgqru_jpg.rf.6bfe21929cafc4abea4121bbe372e944.jpg,2,PET Plastic,2,PET Plastic,0.9998063445091248,4.703274316852912e-05,6.972985283937305e-05,0.9998063445091248,1.7090382243623026e-05,5.9919610066572204e-05
/Users/aswanathjs/Downloads/test9/ai_plastic_waste_management_training/HDPE Plastic/shampoo_bottles/0021_a02b01c2d3e1f0g0h3.jpg,0,HDPE Plastic,0,HDPE Plastic,0.9980553388595581,0.9980553388595581,0.00013595363998319954,0.00024719140492379665,0.0013827779330313206,0.00017874538025353104
/Users/aswanathjs/Downloads/test9/ai_plastic_waste_management_training/PET Plastic/black_white_plastic_bottles/czrms_jpg.rf.2894c21dc33491389d8ba9ab9d312a47.jpg,2,PET Plastic,2,PET Plastic,0.9998064637184143,2.1565878341789357e-05,3.203939922968857e-05,0.9998064637184143,3.842334626824595e-05,0.0001016129317576997
/Users/aswanathjs/Downloads/test9/ai_plastic_waste_management_training/HDPE Plastic/shampoo_bottles/0063_a02b01c2d3e0f1g1h0.jpg,0,HDPE Plastic,0,HDPE Plastic,0.9988487958908081,0.9988487958908081,4.29609244747553e-05,0.0003745521535165608,0.0003989271936006844,0.0003346756275277585
"/Users/aswanathjs/Downloads/test9/ai_plastic_waste_management_training/PET Plastic/plastic_bottles/PET1,312.jpg",2,PET Plastic,2,PET Plastic,0.9988322854042053,0.0005122464499436319,0.00028475819271989167,0.9988322854042053,0.00020921879331581295,0.00016148759459611028
/Users/aswanathjs/Downloads/test9/ai_plastic_waste_management_training/LDPE Plastic/bin_bags/Image_115.png,1,LDPE Plastic,1,LDPE Plastic,0.9167883396148682,0.06920184940099716,0.9167883396148682,0.004404149949550629,0.005022543016821146,0.004583173431456089
/Users/aswanathjs/Downloads/test9/ai_plastic_waste_management_training/PS Plastic/form_containers_grey/Image_115.png,1,LDPE Plastic,1,LDPE Plastic,0.8119128346443176,0.023043379187583923,0.8119128346443176,0.005936990957707167,0.07175567001104355,0.08735113590955734
/Users/aswanathjs/Downloads/test9/ai_plastic_waste_management_training/PS Plastic/foam_containers/Image_115.png,1,LDPE Plastic,1,LDPE Plastic,0.8119128346443176,0.023043379187583923,0.8119128346443176,0.005936990957707167,0.07175567001104355,0.08735113590955734
/Users/aswanathjs/Downloads/test9/ai_plastic_waste_management_training/PET Plastic/plastic_bottles/PET423.jpg,2,PET Plastic,2,PET Plastic,0.9998428821563721,7.995606574695557e-05,1.0875615771510638e-05,0.9998428821563721,6.816159839218017e-06,5.943938595009968e-05
"/Users/aswanathjs/Downloads/test9/ai_plastic_waste_management_training/PET Plastic/plastic_bottles/PET1,340.jpg",2,PET Plastic,2,PET Plastic,0.9979998469352722,0.00039240974001586437,0.00011947636085096747,0.9979998469352722,0.0013220389373600483,0.0001661990536376834
/Users/aswanathjs/Downloads/test9/ai_plastic_waste_management_training/PP Plastic/rectangle_containers/0011_a05b00c1d0e0f0g0h4.jpg,3,PP Plastic,3,PP Plastic,0.9979400038719177,0.00011609959619818255,0.0007882475038059056,0.0009156392770819366,0.9979400038719177,0.00024001463316380978
/Users/aswanathjs/Downloads/test9/ai_plastic_waste_management_training/PP Plastic/square_containers/0011_a05b00c1d0e0f0g0h4.jpg,3,PP Plastic,3,PP Plastic,0.9979400038719177,0.00011609959619818255,0.0007882475038059056,0.0009156392770819366,0.9979400038719177,0.00024001463316380978
/Users/aswanathjs/Downloads/test9/ai_plastic_waste_management_training/HDPE Plastic/shampoo_bottles/0023_a02b01c1d0e0f1g0h2.jpg,0,HDPE Plastic,0,HDPE Plastic,0.9975827932357788,0.9975827932357788,7.299311982933432e-05,0.0017176182009279728,0.00031558406772091985,0.00031097742612473667
/Users/aswanathjs/Downloads/test9/ai_plastic_waste_management_training/PET Plastic/black_white_plastic_bottles/cvwxm_jpg.rf.2364ac7238b0527fda488d562d238e85.jpg,2,PET Plastic,2,PET Plastic,0.9999560117721558,1.4917537782821455e-06,3.365049997228198e-05,0.9999560117721558,2.477365342201665e-06,6.411742106138263e-06
/Users/aswanathjs/Downloads/test9/ai_plastic_waste_management_training/HDPE Plastic/milk_bottles/HDPEM73.jpg,0,HDPE Plastic,0,HDPE Plastic,0.9983929991722107,0.9983929991722107,0.00043019550503231585,0.00015463099407497793,0.0006904952460899949,0.00033169021480716765
"/Users/aswanathjs/Downloads/test9/ai_plastic_waste_management_training/PET Plastic/plastic_bottles/PET1,582.jpg",2,PET Plastic,2,PET Plastic,0.9944688081741333,0.0002990902285091579,0.0015049970243126154,0.9944688081741333,0.0033311941660940647,0.0003957955341320485
/Users/aswanathjs/Downloads/test9/ai_plastic_waste_management_training/PET Plastic/plastic_bottles/PET933.jpg,2,PET Plastic,2,PET Plastic,0.9996333122253418,0.0002593882381916046,2.7963131287833676e-05,0.9996333122253418,3.447606286499649e-05,4.489948332775384e-05
/Users/aswanathjs/Downloads/test9/ai_plastic_waste_management_training/PP Plastic/round_containers/0031_a05b01c1d1e0f0g0h0.jpg,3,PP Plastic,3,PP Plastic,0.9979852437973022,0.001156063750386238,0.00045779734500683844,0.00020510470494627953,0.9979852437973022,0.00019579850777518004
/Users/aswanathjs/Downloads/test9/ai_plastic_waste_management_training/LDPE Plastic/plastic_bags/LDPE-63_jpg.rf.22b1f38ddde0601dd3318eb38f7cc4ec.jpg,1,LDPE Plastic,1,LDPE Plastic,0.9994814991950989,7.643428398296237e-05,0.9994814991950989,8.709246321814135e-05,9.173785656457767e-05,0.0002632247924339026
/Users/aswanathjs/Downloads/test9/ai_plastic_waste_management_training/LDPE Plastic/plastic_bags/LDPE-63_jpg.rf.9683ca46b06cc8e6d5ed9f9e8cfb50a9.jpg,1,LDPE Plastic,1,LDPE Plastic,0.9980964064598083,0.0002964798186440021,0.9980964064598083,0.0004678622935898602,0.0003509567759465426,0.0007882334757596254
/Users/aswanathjs/Downloads/test9/ai_plastic_waste_management_training/HDPE Plastic/milk_bottles/HDPEM18.jpg,0,HDPE Plastic,0,HDPE Plastic,0.9985857009887695,0.9985857009887695,5.984406016068533e-05,0.0006180094787850976,0.000381494959583506,0.0003549302346073091
/Users/aswanathjs/Downloads/test9/ai_plastic_waste_management_training/HDPE Plastic/milk_bottles_grey/HDPEM18.jpg,0,HDPE Plastic,0,HDPE Plastic,0.9996699094772339,0.9996699094772339,6.015986582497135e-05,0.00013292224321048707,2.699812284845393e-05,0.00011015217751264572
/Users/aswanathjs/Downloads/test9/ai_plastic_waste_management_training/HDPE Plastic/shampoo_bottles/0076_a02b06c2d1e0f1g0h1.jpg,0,HDPE Plastic,0,HDPE Plastic,0.9991450309753418,0.9991450309753418,0.00023615961254108697,0.000165602657943964,0.00030550427618436515,0.00014769332483410835
/Users/aswanathjs/Downloads/test9/ai_plastic_waste_management_training/HDPE Plastic/milk_bottles/HDPEM122.jpg,0,HDPE Plastic,0,HDPE Plastic,0.9992915391921997,0.9992915391921997,0.00011827706475742161,3.3161799365188926e-05,0.0004483164520934224,0.00010873221617657691
/Users/aswanathjs/Downloads/test9/ai_plastic_waste_management_training/HDPE Plastic/detergent_bottles/0096_a02b04c2d1e0f0g0h2.jpg,0,HDPE Plastic,0,HDPE Plastic,0.9992977380752563,0.9992977380752563,6.488850340247154e-05,0.00012054506805725396,0.00047372179687954485,4.3084182834718376e-05
/Users/aswanathjs/Downloads/test9/ai_plastic_waste_management_training/PET Plastic/plastic_bottles/PET788.jpg,2,PET Plastic,2,PET Plastic,0.9994179010391235,0.00025147077394649386,7.887894753366709e-05,0.9994179010391235,5.252035771263763e-05,0.0001992281904676929
/Users/aswanathjs/Downloads/test9/ai_plastic_waste_management_training/HDPE Plastic/shampoo_bottles/matrix.jpg,0,HDPE Plastic,0,HDPE Plastic,0.999406099319458,0.999406099319458,9.288044566346798e-06,0.0001258797274203971,0.0004278353590052575,3.088223820668645e-05
/Users/aswanathjs/Downloads/test9/ai_plastic_waste_management_training/PS Plastic/foam_containers/Image_90.png,4,PS Plastic,4,PS Plastic,0.5558955669403076,0.05204734578728676,0.24340367317199707,0.005704349372535944,0.14294907450675964,0.5558955669403076
/Users/aswanathjs/Downloads/test9/ai_plastic_waste_management_training/HDPE Plastic/shampoo_bottiles_grey/0075_a02b01c1d2e0f0g0h3.jpg,0,HDPE Plastic,0,HDPE Plastic,0.9994879961013794,0.9994879961013794,0.00023401694488711655,0.00011532902135513723,0.00010258387919748202,6.007244155625813e-05
/Users/aswanathjs/Downloads/test9/ai_plastic_waste_management_training/HDPE Plastic/shampoo_bottles/0075_a02b01c1d2e0f0g0h3.jpg,0,HDPE Plastic,0,HDPE Plastic,0.999946117401123,0.999946117401123,2.1091422240715474e-05,5.554722520173527e-06,2.064012733171694e-05,6.5622434703982435e-06
/Users/aswanathjs/Downloads/test9/ai_plastic_waste_management_training/PET Plastic/black_white_plastic_bottles/akcfy_jpg.rf.4e476acc2e904ad6d0fc0e5fe417eb76.jpg,2,PET Plastic,2,PET Plastic,0.9995051622390747,2.5234885470126756e-05,0.0003058251750189811,0.9995051622390747,0.00011112194624729455,5.2647057600552216e-05
/Users/aswanathjs/Downloads/test9/ai_plastic_waste_management_training/PP Plastic/round_containers/IMG_20220209_174659.jpg,3,PP Plastic,3,PP Plastic,0.9923290610313416,0.0019103476079180837,0.001372971455566585,0.003493070835247636,0.9923290610313416,0.0008946560556069016
/Users/aswanathjs/Downloads/test9/ai_plastic_waste_management_training/PET Plastic/plastic_bottles/PET974.jpg,2,PET Plastic,2,PET Plastic,0.9991604089736938,0.0005116331740282476,9.14166375878267e-05,0.9991604089736938,0.00013548487913794816,0.00010105659021064639
/Users/aswanathjs/Downloads/test9/ai_plastic_waste_management_training/HDPE Plastic/milk_bottles/HDPEM231.jpg,0,HDPE Plastic,0,HDPE Plastic,0.9996631145477295,0.9996631145477295,2.3942126063047908e-05,7.013158756308258e-05,0.00017586459580343217,6.682653474854305e-05
/Users/aswanathjs/Downloads/test9/ai_plastic_waste_management_training/HDPE Plastic/shampoo_bottles/0063_a02b01c2d1e0f1g1h0.jpg,0,HDPE Plastic,0,HDPE Plastic,0.9988237023353577,0.9988237023353577,5.452335608424619e-05,0.0004750321968458593,0.00040236429776996374,0.0002443315461277962
/Users/aswanathjs/Downloads/test9/ai_plastic_waste_management_training/PET Plastic/plastic_bottles/PET807.jpg,2,PET Plastic,2,PET Plastic,0.9996258020401001,0.00013950373977422714,0.00010182396363234147,0.9996258020401001,2.610649971757084e-05,0.0001067211851477623
/Users/aswanathjs/Downloads/test9/ai_plastic_waste_management_training/PP Plastic/square_containers/Image_172.png,3,PP Plastic,3,PP Plastic,0.9851133823394775,0.0012230549473315477,0.012519382871687412,0.00028030420071445405,0.9851133823394775,0.0008638654835522175
/Users/aswanathjs/Downloads/test9/ai_plastic_waste_management_training/PS Plastic/foam_containers/Image_172.png,3,PP Plastic,3,PP Plastic,0.4499530494213104,0.20610405504703522,0.10828541964292526,0.02508722059428692,0.4499530494213104,0.21057021617889404
/Users/aswanathjs/Downloads/test9/ai_plastic_waste_management_training/PS Plastic/foam_containers/0058_a06b01c2d0e0f0g0h0.jpg,4,PS Plastic,4,PS Plastic,0.9985588192939758,0.00020046975987497717,4.5199634769232944e-05,0.00011002974497387186,0.0010855502914637327,0.9985588192939758
/Users/aswanathjs/Downloads/test9/ai_plastic_waste_management_training/LDPE Plastic/black_white__plastic_bags/0276_jpg.rf.8a6da9d93df2243169d608f84712eab1.jpg,1,LDPE Plastic,1,LDPE Plastic,0.9997634291648865,3.030609877896495e-05,0.9997634291648865,3.7287854866008274e-06,7.222813292173669e-05,0.0001303122699027881
/Users/aswanathjs/Downloads/test9/ai_plastic_waste_management_training/HDPE Plastic/shampoo_bottles/0099_a02b01c2d0e0f1g0h4.jpg,0,HDPE Plastic,0,HDPE Plastic,0.9991329312324524,0.9991329312324524,7.293401722563431e-06,0.0007914346642792225,2.0079927708138712e-05,4.822531627723947e-05
/Users/aswanathjs/Downloads/test9/ai_plastic_waste_management_training/PET Plastic/black_white_plastic_bottles/aeixj_jpg.rf.a75d4de444d4c17d2f83a461914dc7be.jpg,2,PET Plastic,2,PET Plastic,0.9997032284736633,4.942528448736994e-06,5.861194949829951e-05,0.9997032284736633,0.00017378937627654523,5.938740287092514e-05
/Users/aswanathjs/Downloads/test9/ai_plastic_waste_management_training/PET Plastic/shampoo_bottles/0015_a05b00c1d0e1f1g0h2.jpg,2,PET Plastic,2,PET Plastic,0.9998916387557983,2.423256592010148e-05,1.1721920145646436e-06,0.9998916387557983,5.7621953601483256e-05,2.5326002287329175e-05
/Users/aswanathjs/Downloads/test9/ai_plastic_waste_management_training/PS Plastic/foam_sheets/PS-615_jpg.rf.e3578d58b90a1f458acd1e766e76ce50.jpg,4,PS Plastic,4,PS Plastic,0.9996441602706909,8.719157631276175e-05,7.63600182835944e-05,9.096498979488388e-05,0.0001013412547763437,0.9996441602706909
/Users/aswanathjs/Downloads/test9/ai_plastic_waste_management_training/PP Plastic/round_containers/IMG_20220209_174755.jpg,3,PP Plastic,3,PP Plastic,0.9864843487739563,0.0027410166803747416,0.0025395809207111597,0.0006815633387304842,0.9864843487739563,0.007553573697805405
/Users/aswanathjs/Downloads/test9/ai_plastic_waste_management_training/LDPE Plastic/bin_bags/Image_32.png,1,LDPE Plastic,1,LDPE Plastic,0.9413952231407166,0.036088425666093826,0.9413952231407166,0.012277696281671524,0.00622602878138423,0.004012611694633961
/Users/aswanathjs/Downloads/test9/ai_plastic_waste_management_training/LDPE Plastic/bin_bags_grey/Image_32.png,1,LDPE Plastic,1,LDPE Plastic,0.9430997371673584,0.027883926406502724,0.9430997371673584,0.015235588885843754,0.008954934775829315,0.00482581090182066
/Users/aswanathjs/Downloads/test9/ai_plastic_waste_management_training/PP Plastic/square_containers/Image_32.png,1,LDPE Plastic,1,LDPE Plastic,0.4348451495170593,0.32063907384872437,0.4348451495170593,0.021582994610071182,0.16532357037067413,0.0576091967523098
/Users/aswanathjs/Downloads/test9/ai_plastic_waste_management_training/PS Plastic/foam_containers/Image_32.png,1,LDPE Plastic,1,LDPE Plastic,0.7121532559394836,0.03134309500455856,0.7121532559394836,0.009012991562485695,0.09054197371006012,0.15694865584373474
/Users/aswanathjs/Downloads/test9/ai_plastic_waste_management_training/PET Plastic/shampoo_bottles/0015_a05b00c2d2e1f1g0h1.jpg,2,PET Plastic,2,PET Plastic,0.9992777705192566,5.8573314163368195e-05,3.820081110461615e-05,0.9992777705192566,0.00039357581408694386,0.00023185844474937767
/Users/aswanathjs/Downloads/test9/ai_plastic_waste_management_training/HDPE Plastic/shampoo_bottles/0099_a02b01c2d3e0f1g0h2.jpg,0,HDPE Plastic,0,HDPE Plastic,0.9984784722328186,0.9984784722328186,0.00012029414210701361,0.0011091722408309579,0.00021148026280570775,8.061376865953207e-05
/Users/aswanathjs/Downloads/test9/ai_plastic_waste_management_training/HDPE Plastic/shampoo_bottles/0061_a02b01c1d3e0f1g0h4.jpg,0,HDPE Plastic,0,HDPE Plastic,0.9961850047111511,0.9961850047111511,0.0003820774145424366,0.0003689926816150546,0.001937346183694899,0.0011266710935160518
/Users/aswanathjs/Downloads/test9/ai_plastic_waste_management_training/PP Plastic/irregular_containers/train_PP-72_jpg.rf.3714458bfe6778d89359dbecfe8a3bf1.jpg,3,PP Plastic,3,PP Plastic,0.9997668862342834,1.7242726244148798e-05,0.00015832211647648364,2.6649169740267098e-05,0.9997668862342834,3.08976013911888e-05
/Users/aswanathjs/Downloads/test9/ai_plastic_waste_management_training/HDPE Plastic/milk_bottles/HDPEM239.jpg,0,HDPE Plastic,0,HDPE Plastic,0.999184787273407,0.999184787273407,6.43237799522467e-05,0.00031184745603241026,0.0002919849066529423,0.00014711117546539754
/Users/aswanathjs/Downloads/test9/ai_plastic_waste_management_training/PP Plastic/round_containers/0022_a05b00c1d3e0f0g0h2.jpg,3,PP Plastic,3,PP Plastic,0.9913286566734314,0.0011270786635577679,0.005098590161651373,0.0021861442364752293,0.9913286566734314,0.00025961254141293466
/Users/aswanathjs/Downloads/test9/ai_plastic_waste_management_training/PP Plastic/round_containers/0035_a06b01c2d1e0f0g0h2.jpg,3,PP Plastic,3,PP Plastic,0.9999076128005981,2.80044387181988e-05,7.90946160122985e-06,1.3080604730930645e-05,0.9999076128005981,4.34080975537654e-05
/Users/aswanathjs/Downloads/test9/ai_plastic_waste_management_training/PS Plastic/foam_sheets/PS-528_jpg.rf.de642fd2470d8fe2a8c118e38d59977d.jpg,4,PS Plastic,4,PS Plastic,0.9998526573181152,1.5463931049453095e-05,5.659487214870751e-05,1.917060035339091e-05,5.610065636574291e-05,0.9998526573181152
/Users/aswanathjs/Downloads/test9/ai_plastic_waste_management_training/HDPE Plastic/shampoo_bottles/0099_a02b01c2d0e0f1g0h3.jpg,0,HDPE Plastic,0,HDPE Plastic,0.998502254486084,0.998502254486084,4.913863813271746e-05,0.001091044396162033,5.3610339818987995e-05,0.0003039939037989825
"/Users/aswanathjs/Downloads/test9/ai_plastic_waste_management_training/PET Plastic/plastic_bottles/PET1,269.jpg",2,PET Plastic,2,PET Plastic,0.9983111619949341,0.0006260913796722889,0.00019826764764729887,0.9983111619949341,0.00013601119280792773,0.0007284713792614639
/Users/aswanathjs/Downloads/test9/ai_plastic_waste_management_training/PS Plastic/foam_sheets/PS-686_jpg.rf.1db7784a61fe79c9d534317a5f958f40.jpg,4,PS Plastic,4,PS Plastic,0.9990108013153076,0.00015020569844637066,0.00038994482019916177,0.0002301747736055404,0.00021888947230763733,0.9990108013153076
/Users/aswanathjs/Downloads/test9/ai_plastic_waste_management_training/PP Plastic/irregular_containers/train_PP-50_jpg.rf.028ddc0872ec659b861d9e98d343d312.jpg,3,PP Plastic,3,PP Plastic,0.9974765181541443,0.0009321748511865735,0.0007070489227771759,0.000561308756005019,0.9974765181541443,0.00032292905962094665
/Users/aswanathjs/Downloads/test9/ai_plastic_waste_management_training/PP Plastic/irregular_containers_grey/train_PP-50_jpg.rf.028ddc0872ec659b861d9e98d343d312.jpg,3,PP Plastic,3,PP Plastic,0.9974104762077332,0.0011348370462656021,0.0007051186985336244,0.0004922773223370314,0.9974104762077332,0.0002573384263087064
/Users/aswanathjs/Downloads/test9/ai_plastic_waste_management_training/HDPE Plastic/milk_bottles/HDPEM125.jpg,0,HDPE Plastic,0,HDPE Plastic,0.9982355833053589,0.9982355833053589,0.00042138408753089607,0.0001514364848844707,0.0010214786743745208,0.0001700285356491804
/Users/aswanathjs/Downloads/test9/ai_plastic_waste_management_training/LDPE Plastic/plastic_bags/plasticbag (94).jpg,1,LDPE Plastic,1,LDPE Plastic,0.9684107303619385,0.0018267844570800662,0.9684107303619385,0.001541928737424314,0.02272307686507702,0.005497434176504612
/Users/aswanathjs/Downloads/test9/ai_plastic_waste_management_training/HDPE Plastic/detergent_bottles/0098_a02b03c2d2e0f0g0h1.jpg,0,HDPE Plastic,0,HDPE Plastic,0.9993817806243896,0.9993817806243896,0.00013310005306266248,4.973201794200577e-05,0.0003737974038813263,6.154141010483727e-05
/Users/aswanathjs/Downloads/test9/ai_plastic_waste_management_training/PS Plastic/foam_containers/Image_54.png,4,PS Plastic,4,PS Plastic,0.7534835338592529,0.015246526338160038,0.11376988887786865,0.0008837314089760184,0.11661632359027863,0.7534835338592529
/Users/aswanathjs/Downloads/test9/ai_plastic_waste_management_training/LDPE Plastic/plastic_bags/plasticbag (145).jpg,1,LDPE Plastic,1,LDPE Plastic,0.9920210242271423,0.002683955244719982,0.9920210242271423,0.003267072606831789,0.0009857489494606853,0.0010421398328617215
/Users/aswanathjs/Downloads/test9/ai_plastic_waste_management_training/PET Plastic/shampoo_bottles/0050_a05b00c2d1e1f1g0h3.jpg,2,PET Plastic,2,PET Plastic,0.9979314804077148,0.0011773394653573632,5.080220944364555e-05,0.9979314804077148,0.0004885041853412986,0.00035195957752875984
/Users/aswanathjs/Downloads/test9/ai_plastic_waste_management_training/PET Plastic/black_white_plastic_bottles/aqdvr_jpg.rf.e8a919143120add03a21c069ae96572f.jpg,2,PET Plastic,2,PET Plastic,0.9999562501907349,3.7258503198245307e-06,2.1208727048360743e-05,0.9999562501907349,4.743679710372817e-06,1.40538777486654e-05
/Users/aswanathjs/Downloads/test9/ai_plastic_waste_management_training/PET Plastic/plastic_bottles/volvic.jpg,2,PET Plastic,2,PET Plastic,0.998554527759552,0.00035733424010686576,0.0006481909658759832,0.998554527759552,9.50292669585906e-05,0.00034491100814193487
/Users/aswanathjs/Downloads/test9/ai_plastic_waste_management_training/LDPE Plastic/plastic_bags/plasticbag (153) 17.43.56.jpg,1,LDPE Plastic,1,LDPE Plastic,0.9923967719078064,0.00014996992831584066,0.9923967719078064,0.00047084648394957185,0.005224871914833784,0.001757565070874989
/Users/aswanathjs/Downloads/test9/ai_plastic_waste_management_training/LDPE Plastic/plastic_bags/LDPE-290_jpg.rf.92561c2c70a3b8bdb34fb86565d12131.jpg,1,LDPE Plastic,1,LDPE Plastic,0.999135434627533,0.00010010303230956197,0.999135434627533,0.00038075551856309175,7.146431016735733e-05,0.00031226087594404817
/Users/aswanathjs/Downloads/test9/ai_plastic_waste_management_training/HDPE Plastic/milk_bottles/HDPEM109.jpg,0,HDPE Plastic,0,HDPE Plastic,0.9996507167816162,0.9996507167816162,4.932688534609042e-05,3.388374170754105e-05,0.00019971599976997823,6.637619662797078e-05
/Users/aswanathjs/Downloads/test9/ai_plastic_waste_management_training/PP Plastic/rectangle_containers/0011_a05b00c1d1e0f0g0h1.jpg,3,PP Plastic,3,PP Plastic,0.9982547163963318,9.855984535533935e-05,6.539499008795246e-05,0.0013982539530843496,0.9982547163963318,0.00018295478366781026
/Users/aswanathjs/Downloads/test9/ai_plastic_waste_management_training/PP Plastic/square_containers/0011_a05b00c1d1e0f0g0h1.jpg,3,PP Plastic,3,PP Plastic,0.9982547163963318,9.855984535533935e-05,6.539499008795246e-05,0.0013982539530843496,0.9982547163963318,0.00018295478366781026
"/Users/aswanathjs/Downloads/test9/ai_plastic_waste_management_training/PET Plastic/plastic_bottles/PET1,313.jpg",2,PET Plastic,2,PET Plastic,0.9979963898658752,9.1489737314987e-06,0.00010800589370774105,0.9979963898658752,0.0018342703115195036,5.2174320444464684e-05
/Users/aswanathjs/Downloads/test9/ai_plastic_waste_management_training/PET Plastic/plastic_bottles/PET740.jpg,2,PET Plastic,2,PET Plastic,0.9998070597648621,0.00016439583851024508,6.59544730297057e-06,0.9998070597648621,2.8927747734996956e-06,1.9035880541196093e-05
/Users/aswanathjs/Downloads/test9/ai_plastic_waste_management_training/PET Plastic/plastic_bottles/PET496.jpg,2,PET Plastic,2,PET Plastic,0.9997794032096863,0.00013384151679929346,1.2771897672791965e-05,0.9997794032096863,2.658127596077975e-05,4.740084841614589e-05
/Users/aswanathjs/Downloads/test9/ai_plastic_waste_management_training/HDPE Plastic/milk_bottles/P_W (429).jpg,0,HDPE Plastic,0,HDPE Plastic,0.9981135129928589,0.9981135129928589,0.0002205910423072055,2.6444999093655497e-05,0.0006455705151893198,0.000993905938230455
"/Users/aswanathjs/Downloads/test9/ai_plastic_waste_management_training/PET Plastic/plastic_bottles/PET1,195.jpg",2,PET Plastic,2,PET Plastic,0.9986788630485535,0.0005816692137159407,0.00021151162218302488,0.9986788630485535,9.053900430444628e-05,0.00043741005356423557
/Users/aswanathjs/Downloads/test9/ai_plastic_waste_management_training/PP Plastic/round_containers/IMG_20220209_173637.jpg,3,PP Plastic,3,PP Plastic,0.9978408813476562,0.000214282757951878,0.001074481988325715,0.0003013137320522219,0.9978408813476562,0.0005689595709554851
/Users/aswanathjs/Downloads/test9/ai_plastic_waste_management_training/HDPE Plastic/detergent_bottles/0010_a02b01c1d1e0f1g0h3.jpg,0,HDPE Plastic,0,HDPE Plastic,0.9996902942657471,0.9996902942657471,6.126539665274322e-05,0.00010539525101194158,0.00011125928722321987,3.1805022445041686e-05
/Users/aswanathjs/Downloads/test9/ai_plastic_waste_management_training/PP Plastic/irregular_containers/train_PP-85_jpg.rf.549c4f084df1c4e31b1193a389d6df2c.jpg,3,PP Plastic,3,PP Plastic,0.9980630278587341,0.0001233368384419009,0.0011751388665288687,0.00044230627827346325,0.9980630278587341,0.00019623029220383614
/Users/aswanathjs/Downloads/test9/ai_plastic_waste_management_training/PP Plastic/round_containers/0032_a05b01c2d0e0f0g0h0.jpg,3,PP Plastic,3,PP Plastic,0.998867392539978,0.0003245286352466792,0.000396635354263708,0.00022982392692938447,0.998867392539978,0.000181624767719768
/Users/aswanathjs/Downloads/test9/ai_plastic_waste_management_training/PET Plastic/shampoo_bottles/0015_a05b00c1d3e1f1g0h3.jpg,2,PET Plastic,2,PET Plastic,0.9962756633758545,0.0001172609263448976,2.5187242499669082e-05,0.9962756633758545,0.0035159497056156397,6.597877654712647e-05
/Users/aswanathjs/Downloads/test9/ai_plastic_waste_management_training/PET Plastic/shampoo_bottles/shampoo1.jpg,2,PET Plastic,2,PET Plastic,0.9998607635498047,3.765739529626444e-05,3.854767328448361e-06,0.9998607635498047,8.606268966104835e-05,1.1632509995251894e-05
/Users/aswanathjs/Downloads/test9/ai_plastic_waste_management_training/HDPE Plastic/shampoo_bottles/0077_a02b01c2d3e0f1g0h0.jpg,0,HDPE Plastic,0,HDPE Plastic,0.9997089505195618,0.9997089505195618,4.2602361645549536e-05,2.6982497729477473e-05,0.00019573383906390518,2.573286292317789e-05
/Users/aswanathjs/Downloads/test9/ai_plastic_waste_management_training/PP Plastic/round_containers/0044_a06b01c1d0e0f0g0h3.jpg,3,PP Plastic,3,PP Plastic,0.9926295280456543,0.0026273580733686686,0.0013636092189699411,0.000799443747382611,0.9926295280456543,0.002580051776021719
/Users/aswanathjs/Downloads/test9/ai_plastic_waste_management_training/PET Plastic/black_white_plastic_bottles/dawik_jpg.rf.2cc5acf6a45d61b299f168ba8ba13df7.jpg,2,PET Plastic,2,PET Plastic,0.9994398951530457,6.60250134387752e-06,0.0003107184311375022,0.9994398951530457,0.00019986247934866697,4.2909672629320994e-05
/Users/aswanathjs/Downloads/test9/ai_plastic_waste_management_training/PET Plastic/black_white_plastic_bottles/cpwid_jpg.rf.fce65cce0991765771284ae03988e09c.jpg,2,PET Plastic,2,PET Plastic,0.9999182224273682,2.5597385047149146e-06,4.356436329544522e-05,0.9999182224273682,1.15365837700665e-05,2.4196309823310003e-05
/Users/aswanathjs/Downloads/test9/ai_plastic_waste_management_training/LDPE Plastic/black_white__plastic_bags/0237_jpg.rf.a092401360f6a52b87f56aba9c7b36f6.jpg,1,LDPE Plastic,1,LDPE Plastic,0.998703122138977,9.390565537614748e-05,0.998703122138977,2.423097066639457e-05,9.617731848265976e-05,0.0010824850760400295
/Users/aswanathjs/Downloads/test9/ai_plastic_waste_management_training/PS Plastic/foam_containers/Image_140.png,4,PS Plastic,4,PS Plastic,0.4869811534881592,0.034621693193912506,0.3916013538837433,0.004061753395944834,0.08273404091596603,0.4869811534881592
/Users/aswanathjs/Downloads/test9/ai_plastic_waste_management_training/HDPE Plastic/milk_bottles/HDPEM575.JPG,0,HDPE Plastic,0,HDPE Plastic,0.9996395111083984,0.9996395111083984,6.628481060033664e-05,5.977111140964553e-05,0.00010569820733508095,0.0001286778278881684
/Users/aswanathjs/Downloads/test9/ai_plastic_waste_management_training/HDPE Plastic/milk_bottles/HDPEM468.jpg,0,HDPE Plastic,0,HDPE Plastic,0.998006284236908,0.998006284236908,0.00015710573643445969,0.0015209934208542109,0.000148957667988725,0.0001665833406150341
/Users/aswanathjs/Downloads/test9/ai_plastic_waste_management_training/HDPE Plastic/shampoo_bottles/0099_a02b01c1d0e0f1g0h0.jpg,0,HDPE Plastic,0,HDPE Plastic,0.9999217987060547,0.9999217987060547,4.6171967369446065e-06,5.187613714952022e-05,9.341370059701148e-06,1.2341397450654767e-05
/Users/aswanathjs/Downloads/test9/ai_plastic_waste_management_training/LDPE Plastic/plastic_bags_grey/LDPE-339_jpg.rf.f99e0d539ba0adc5179e3926cfb8d92f.jpg,1,LDPE Plastic,1,LDPE Plastic,0.9991891980171204,9.186605166178197e-05,0.9991891980171204,0.00014415955229196697,0.0003428044728934765,0.0002319088816875592
/Users/aswanathjs/Downloads/test9/ai_plastic_waste_management_training/LDPE Plastic/plastic_bags/LDPE-339_jpg.rf.f99e0d539ba0adc5179e3926cfb8d92f.jpg,1,LDPE Plastic,1,LDPE Plastic,0.9982130527496338,0.0001903343654703349,0.9982130527496338,0.00031519794720225036,0.0006409148336388171,0.000640484387986362
/Users/aswanathjs/Downloads/test9/ai_plastic_waste_management_training/PP Plastic/irregular_containers/valid_PP-74-_jpg.rf.e6439fa2a00fd3130fb8cdb5e9c21888.jpg,3,PP Plastic,3,PP Plastic,0.9984787106513977,6.226202822290361e-05,0.00011997840920230374,0.0006151357083581388,0.9984787106513977,0.0007239289698190987
/Users/aswanathjs/Downloads/test9/ai_plastic_waste_management_training/PP Plastic/irregular_containers_grey/valid_PP-74-_jpg.rf.e6439fa2a00fd3130fb8cdb5e9c21888.jpg,3,PP Plastic,3,PP Plastic,0.9997649788856506,8.547923243895639e-06,2.631017741805408e-05,7.111969898687676e-05,0.9997649788856506,0.0001290340442210436
/Users/aswanathjs/Downloads/test9/ai_plastic_waste_management_training/LDPE Plastic/plastic_bags/LDPE-254_jpg.rf.55feea2a4763ad63f3cebf5306a3d8be.jpg,1,LDPE Plastic,1,LDPE Plastic,0.9966513514518738,0.00048692955169826746,0.9966513514518738,0.0005323328077793121,0.0005988484481349587,0.001730634830892086
/Users/aswanathjs/Downloads/test9/ai_plastic_waste_management_training/PP Plastic/irregular_containers/0036_a05b00c1d0e0f0g0h1.jpg,3,PP Plastic,3,PP Plastic,0.996187150478363,8.36397084640339e-05,0.001470169983804226,0.001106482814066112,0.996187150478363,0.0011526065645739436
/Users/aswanathjs/Downloads/test9/ai_plastic_waste_management_training/PP Plastic/irregular_containers_grey/0036_a05b00c1d0e0f0g0h1.jpg,3,PP Plastic,3,PP Plastic,0.9764338731765747,0.000723101373296231,0.00856438372284174,0.004086920525878668,0.9764338731765747,0.010191785171627998
/Users/aswanathjs/Downloads/test9/ai_plastic_waste_management_training/HDPE Plastic/shampoo_bottiles_grey/0078_a02b07c1d1e0f1g0h1.jpg,0,HDPE Plastic,0,HDPE Plastic,0.9992270469665527,0.9992270469665527,9.218706691171974e-05,0.0003164501686114818,0.0001641471462789923,0.00020009337458759546
/Users/aswanathjs/Downloads/test9/ai_plastic_waste_management_training/HDPE Plastic/shampoo_bottles/0078_a02b07c1d1e0f1g0h1.jpg,0,HDPE Plastic,0,HDPE Plastic,0.9991201758384705,0.9991201758384705,0.00019768789934460074,0.00024341409152839333,0.0002156796690542251,0.0002229254023404792
/Users/aswanathjs/Downloads/test9/ai_plastic_waste_management_training/PET Plastic/shampoo_bottles/0100_a05b00c2d2e0f0g0h0.jpg,2,PET Plastic,2,PET Plastic,0.9998712539672852,4.000413173343986e-05,7.3760920713539235e-06,0.9998712539672852,5.800302096758969e-05,2.329167000425514e-05
/Users/aswanathjs/Downloads/test9/ai_plastic_waste_management_training/HDPE Plastic/milk_bottles/HDPEM84.jpg,0,HDPE Plastic,0,HDPE Plastic,0.9995707869529724,0.9995707869529724,1.1211823220946826e-05,8.599909051554278e-05,0.0002585424517747015,7.341706077568233e-05
/Users/aswanathjs/Downloads/test9/ai_plastic_waste_management_training/LDPE Plastic/plastic_bags/plasticbag (74).jpg,1,LDPE Plastic,1,LDPE Plastic,0.9971893429756165,0.0015878560952842236,0.9971893429756165,0.0001974483602680266,0.0005647661746479571,0.0004606281581800431
/Users/aswanathjs/Downloads/test9/ai_plastic_waste_management_training/PS Plastic/foam_sheets/PS-590_jpg.rf.0be509342bfaefc8306934ac93590956.jpg,4,PS Plastic,4,PS Plastic,0.998405396938324,0.00047913327580317855,0.0005009658052586019,0.00027644963120110333,0.00033794555929489434,0.998405396938324
/Users/aswanathjs/Downloads/test9/ai_plastic_waste_management_training/HDPE Plastic/detergent_bottles/0098_a02b03c2d2e0f0g0h3.jpg,0,HDPE Plastic,0,HDPE Plastic,0.9870054721832275,0.9870054721832275,0.00048333429731428623,0.0001824917271733284,0.012051399797201157,0.00027727612177841365
/Users/aswanathjs/Downloads/test9/ai_plastic_waste_management_training/PET Plastic/shampoo_bottles/0080_a05b00c2d3e0f1g0h1.jpg,2,PET Plastic,2,PET Plastic,0.9999090433120728,9.179525477520656e-06,1.602712018211605e-06,0.9999090433120728,7.321638258872554e-05,6.863008366053691e-06
/Users/aswanathjs/Downloads/test9/ai_plastic_waste_management_training/LDPE Plastic/plastic_bags/LDPE-380_jpg.rf.0328cf22ea692abeb30496b41769fee9.jpg,1,LDPE Plastic,1,LDPE Plastic,0.9989163875579834,7.513282616855577e-05,0.9989163875579834,0.0001552348112454638,0.00033840726246125996,0.0005148729542270303
"/Users/aswanathjs/Downloads/test9/ai_plastic_waste_management_training/PET Plastic/plastic_bottles/PET1,296.jpg",2,PET Plastic,2,PET Plastic,0.9997844099998474,9.641293581807986e-05,1.70025959960185e-05,0.9997844099998474,2.6665271434467286e-05,7.551381713710725e-05
/Users/aswanathjs/Downloads/test9/ai_plastic_waste_management_training/HDPE Plastic/milk_bottles/HDPEM46.jpg,0,HDPE Plastic,0,HDPE Plastic,0.9946868419647217,0.9946868419647217,0.000108211264887359,0.0012286232085898519,0.003622467163950205,0.0003539680037647486
/Users/aswanathjs/Downloads/test9/ai_plastic_waste_management_training/HDPE Plastic/milk_bottles/HDPEM288.jpg,0,HDPE Plastic,0,HDPE Plastic,0.9907762408256531,0.9907762408256531,0.0003722860128618777,0.00597989559173584,0.0013503780355677009,0.0015211956342682242
/Users/aswanathjs/Downloads/test9/ai_plastic_waste_management_training/LDPE Plastic/black_white__plastic_bags/0084_jpg.rf.c3f9df8c34c504c8c209497c829f1eb4.jpg,1,LDPE Plastic,1,LDPE Plastic,0.9615366458892822,0.0033636651933193207,0.9615366458892822,0.00806900579482317,0.0263665858656168,0.0006640782812610269
/Users/aswanathjs/Downloads/test9/ai_plastic_waste_management_training/PET Plastic/shampoo_bottles/0080_a05b00c1d3e0f1g0h2.jpg,2,PET Plastic,2,PET Plastic,0.9993071556091309,0.0004130521265324205,1.9749431885429658e-05,0.9993071556091309,0.0002122023142874241,4.78005749755539e-05
/Users/aswanathjs/Downloads/test9/ai_plastic_waste_management_training/PS Plastic/foam_containers/Image_232.png,4,PS Plastic,4,PS Plastic,0.5283989906311035,0.04011915251612663,0.16890694200992584,0.005413403268903494,0.25716152787208557,0.5283989906311035
/Users/aswanathjs/Downloads/test9/ai_plastic_waste_management_training/LDPE Plastic/plastic_bags/P_W (1418).jpg,1,LDPE Plastic,1,LDPE Plastic,0.989586591720581,0.00467051612213254,0.989586591720581,0.00038774809218011796,0.003098796121776104,0.002256314968690276
/Users/aswanathjs/Downloads/test9/ai_plastic_waste_management_training/PET Plastic/plastic_bottles/PET469.jpg,2,PET Plastic,2,PET Plastic,0.9987452030181885,0.0001325222256127745,1.2991110452276189e-05,0.9987452030181885,0.0006112520932219923,0.0004980284720659256
"/Users/aswanathjs/Downloads/test9/ai_plastic_waste_management_training/PET Plastic/plastic_bottles/PET1,463.jpg",2,PET Plastic,2,PET Plastic,0.9325675368309021,0.058135468512773514,0.0029553063213825226,0.9325675368309021,0.0038601623382419348,0.0024816354271024466
/Users/aswanathjs/Downloads/test9/ai_plastic_waste_management_training/PP Plastic/round_containers/IMG_20220209_175626.jpg,3,PP Plastic,3,PP Plastic,0.9944155216217041,0.002455810084939003,0.00267114769667387,0.0002574510290287435,0.9944155216217041,0.00020006622071377933
/Users/aswanathjs/Downloads/test9/ai_plastic_waste_management_training/PET Plastic/shampoo_bottles/0080_a05b00c1d3e0f1g0h1.jpg,2,PET Plastic,2,PET Plastic,0.9999349117279053,2.0601480628101854e-06,3.3917621067303116e-07,0.9999349117279053,6.056558049749583e-05,2.1657579054590315e-06
/Users/aswanathjs/Downloads/test9/ai_plastic_waste_management_training/PET Plastic/plastic_bottles/PET311.jpg,2,PET Plastic,2,PET Plastic,0.9991031885147095,0.0005458198138512671,4.448468462214805e-05,0.9991031885147095,0.0001555034687044099,0.0001509957801317796
"/Users/aswanathjs/Downloads/test9/ai_plastic_waste_management_training/HDPE Plastic/milk_bottles/HDPEM1,027.JPG",0,HDPE Plastic,0,HDPE Plastic,0.9983527660369873,0.9983527660369873,1.4822100638411939e-05,0.001540130702778697,2.778958332783077e-05,6.446272891480476e-05
/Users/aswanathjs/Downloads/test9/ai_plastic_waste_management_training/LDPE Plastic/plastic_bags/LDPE-694_jpg.rf.aa7295ba4f6fc4c79c4215eb9c352a25.jpg,1,LDPE Plastic,1,LDPE Plastic,0.9997963309288025,4.352467294665985e-05,0.9997963309288025,3.9386195567203686e-05,4.768266444443725e-05,7.315124821616337e-05
/Users/aswanathjs/Downloads/test9/ai_plastic_waste_management_training/HDPE Plastic/shampoo_bottles/0076_a02b06c1d2e0f1g0h3.jpg,0,HDPE Plastic,0,HDPE Plastic,0.9958696961402893,0.9958696961402893,0.0013087305705994368,0.00010219525574939325,0.0012679952196776867,0.0014513118658214808
/Users/aswanathjs/Downloads/test9/ai_plastic_waste_management_training/HDPE Plastic/shampoo_bottiles_grey/0076_a02b06c2d2e0f1g0h0.jpg,0,HDPE Plastic,0,HDPE Plastic,0.9985164999961853,0.9985164999961853,0.00013041253259871155,0.0001203508218168281,0.0011002272367477417,0.00013246673916000873
/Users/aswanathjs/Downloads/test9/ai_plastic_waste_management_training/HDPE Plastic/shampoo_bottles/0076_a02b06c2d2e0f1g0h0.jpg,0,HDPE Plastic,0,HDPE Plastic,0.9992603659629822,0.9992603659629822,0.00019661264377646148,0.00012690684525296092,0.0003196022880729288,9.647660044720396e-05
/Users/aswanathjs/Downloads/test9/ai_plastic_waste_management_training/LDPE Plastic/plastic_bags/LDPE-45_jpg.rf.93d3974714605e44bdc6f78a59c3e1d5.jpg,1,LDPE Plastic,1,LDPE Plastic,0.9950070381164551,0.00044910365249961615,0.9950070381164551,0.00021592876873910427,0.0030446976888924837,0.0012831803178414702
/Users/aswanathjs/Downloads/test9/ai_plastic_waste_management_training/HDPE Plastic/milk_bottles/HDPEM15.jpg,0,HDPE Plastic,0,HDPE Plastic,0.9925004839897156,0.9925004839897156,0.0006449020002037287,0.0017925923457369208,0.0013593313051387668,0.0037027089856565
/Users/aswanathjs/Downloads/test9/ai_plastic_waste_management_training/LDPE Plastic/plastic_bags/LDPE-647_jpg.rf.68a0ac6d0db3b7acdc3ae8297b7c49aa.jpg,1,LDPE Plastic,1,LDPE Plastic,0.9992806315422058,0.0002805878175422549,0.9992806315422058,7.999352237675339e-05,0.00011100527626695111,0.00024781725369393826
/Users/aswanathjs/Downloads/test9/ai_plastic_waste_management_training/LDPE Plastic/black_white__plastic_bags/0115_jpg.rf.041c2ca91386c7e7a7460b778948eb9d.jpg,1,LDPE Plastic,1,LDPE Plastic,0.9990707039833069,0.00022881517361383885,0.9990707039833069,0.0001824725914048031,0.00036151151289232075,0.00015659355267416686
/Users/aswanathjs/Downloads/test9/ai_plastic_waste_management_training/PS Plastic/foam_sheets/PS-795_jpg.rf.e43e111bcafba8004fe507444085157b.jpg,4,PS Plastic,4,PS Plastic,0.9974372386932373,0.0004353840777184814,0.0003294759662821889,0.0007872633868828416,0.00101053761318326,0.9974372386932373
/Users/aswanathjs/Downloads/test9/ai_plastic_waste_management_training/PP Plastic/round_containers/0035_a06b01c1d1e0f0g0h0.jpg,3,PP Plastic,3,PP Plastic,0.9992444515228271,7.19345043762587e-05,0.00020672680693678558,0.00045189278898760676,0.9992444515228271,2.508246871002484e-05
/Users/aswanathjs/Downloads/test9/ai_plastic_waste_management_training/HDPE Plastic/milk_bottles/HDPEM329.jpg,0,HDPE Plastic,0,HDPE Plastic,0.9985666871070862,0.9985666871070862,8.087840978987515e-05,0.0010850889375433326,0.00015857075050007552,0.00010883400682359934
/Users/aswanathjs/Downloads/test9/ai_plastic_waste_management_training/PET Plastic/plastic_bottles/PET520.jpg,2,PET Plastic,2,PET Plastic,0.997134804725647,0.0020390383433550596,0.00017713315901346505,0.997134804725647,0.0003358194080647081,0.00031323928851634264
/Users/aswanathjs/Downloads/test9/ai_plastic_waste_management_training/PP Plastic/round_containers/IMG_20220209_173307.jpg,3,PP Plastic,3,PP Plastic,0.9875391721725464,0.00193478399887681,0.0014906623400747776,0.0072987936437129974,0.9875391721725464,0.0017366519896313548
/Users/aswanathjs/Downloads/test9/ai_plastic_waste_management_training/PET Plastic/shampoo_bottles/0100_a05b00c2d2e0f0g0h2.jpg,2,PET Plastic,2,PET Plastic,0.9996100068092346,3.930666207452305e-05,2.4615643269498833e-05,0.9996100068092346,0.00029504328267648816,3.105409268755466e-05
/Users/aswanathjs/Downloads/test9/ai_plastic_waste_management_training/PP Plastic/round_containers/IMG_20220209_173507.jpg,3,PP Plastic,3,PP Plastic,0.9978675842285156,0.00038601551204919815,0.0003560288459993899,0.0010542685631662607,0.9978675842285156,0.00033608273952268064
/Users/aswanathjs/Downloads/test9/ai_plastic_waste_management_training/HDPE Plastic/milk_bottles/P_W (1068).jpg,0,HDPE Plastic,0,HDPE Plastic,0.9991082549095154,0.9991082549095154,0.0002375160256633535,9.151994163403288e-05,0.00014339624613057822,0.00041931046871468425
/Users/aswanathjs/Downloads/test9/ai_plastic_waste_management_training/HDPE Plastic/milk_bottles_grey/P_W (1068).jpg,0,HDPE Plastic,0,HDPE Plastic,0.9671022295951843,0.9671022295951843,0.010492009110748768,0.003971726167947054,0.006399302743375301,0.012034636922180653
/Users/aswanathjs/Downloads/test9/ai_plastic_waste_management_training/HDPE Plastic/shampoo_bottles/0075_a02b01c2d2e0f0g0h0.jpg,0,HDPE Plastic,0,HDPE Plastic,0.9982726573944092,0.9982726573944092,0.00016243122809100896,0.00033042687573470175,0.0011092942440882325,0.00012523829354904592
/Users/aswanathjs/Downloads/test9/ai_plastic_waste_management_training/LDPE Plastic/black_white__plastic_bags/0149_jpg.rf.6438697f454d23922ddc9ba150f947b4.jpg,1,LDPE Plastic,1,LDPE Plastic,0.999828577041626,2.4387036319239996e-05,0.999828577041626,9.043928002938628e-05,6.7596015469462145e-06,4.973313843947835e-05
/Users/aswanathjs/Downloads/test9/ai_plastic_waste_management_training/PET Plastic/black_white_plastic_bottles/agurp_jpg.rf.6ecaa721dc5a974566ad629025d60a9c.jpg,2,PET Plastic,2,PET Plastic,0.9956367611885071,0.00011235290730837733,0.0016187523724511266,0.9956367611885071,0.0007064561941660941,0.0019256683299317956
"/Users/aswanathjs/Downloads/test9/ai_plastic_waste_management_training/PET Plastic/plastic_bottles/PET1,779.jpg",2,PET Plastic,2,PET Plastic,0.9990424513816833,1.8959764929604717e-05,0.00043019812437705696,0.9990424513816833,0.0004544146650005132,5.392929961089976e-05
/Users/aswanathjs/Downloads/test9/ai_plastic_waste_management_training/PP Plastic/round_containers/IMG20220210150845.jpg,3,PP Plastic,3,PP Plastic,0.9943752288818359,0.0007467271061614156,0.003272663801908493,0.00035167255555279553,0.9943752288818359,0.0012537932489067316
/Users/aswanathjs/Downloads/test9/ai_plastic_waste_management_training/PET Plastic/black_white_plastic_bottles/corja_jpg.rf.34b4ef681a68b01c8db47899a4835376.jpg,2,PET Plastic,2,PET Plastic,0.9998319149017334,7.532601011916995e-05,1.199839789478574e-05,0.9998319149017334,3.3628461096668616e-05,4.7033317969180644e-05
/Users/aswanathjs/Downloads/test9/ai_plastic_waste_management_training/HDPE Plastic/shampoo_bottles/0023_a02b01c2d3e0f1g0h2.jpg,0,HDPE Plastic,0,HDPE Plastic,0.9852279424667358,0.9852279424667358,0.0004956165212206542,0.002376408316195011,0.010312178172171116,0.001587737468071282
"/Users/aswanathjs/Downloads/test9/ai_plastic_waste_management_training/HDPE Plastic/milk_bottles/HDPEM1,015.JPG",0,HDPE Plastic,0,HDPE Plastic,0.9997125267982483,0.9997125267982483,1.090582190954592e-05,0.00021236229804344475,1.4566210666089319e-05,4.9624657549429685e-05
/Users/aswanathjs/Downloads/test9/ai_plastic_waste_management_training/LDPE Plastic/plastic_bags/plasticbag (172).jpg,1,LDPE Plastic,1,LDPE Plastic,0.965334951877594,0.0014056317741051316,0.965334951877594,0.0034409174695611,0.024465683847665787,0.005352876614779234
/Users/aswanathjs/Downloads/test9/ai_plastic_waste_management_training/HDPE Plastic/milk_bottles/HDPEM35.jpg,0,HDPE Plastic,0,HDPE Plastic,0.9999594688415527,0.9999594688415527,2.22526905417908e-05,1.1469170431155362e-06,4.944733063894091e-06,1.2143696039856877e-05
/Users/aswanathjs/Downloads/test9/ai_plastic_waste_management_training/HDPE Plastic/milk_bottles_grey/HDPEM35.jpg,0,HDPE Plastic,0,HDPE Plastic,0.9999361038208008,0.9999361038208008,1.7899656086228788e-05,2.7115415832668077e-06,2.7345382477506064e-05,1.5847150280023925e-05
/Users/aswanathjs/Downloads/test9/ai_plastic_waste_management_training/PS Plastic/foam_sheets/PS-650_jpg.rf.a9fc53984cabc277011302d189133efc.jpg,4,PS Plastic,4,PS Plastic,0.9990605711936951,0.00013731631042901427,0.0003594955778680742,0.000247447460424155,0.00019515931489877403,0.9990605711936951
/Users/aswanathjs/Downloads/test9/ai_plastic_waste_management_training/PET Plastic/plastic_bottles/PET856.jpg,2,PET Plastic,2,PET Plastic,0.9995043277740479,3.497561192489229e-05,0.00021050553186796606,0.9995043277740479,0.00013299050624482334,0.0001172152697108686
/Users/aswanathjs/Downloads/test9/ai_plastic_waste_management_training/HDPE Plastic/shampoo_bottles/0078_a02b07c2d3e0f1g0h1.jpg,0,HDPE Plastic,0,HDPE Plastic,0.9993777275085449,0.9993777275085449,6.98217045282945e-05,7.623286364832893e-05,0.00038638574187643826,8.980970596894622e-05
/Users/aswanathjs/Downloads/test9/ai_plastic_waste_management_training/HDPE Plastic/milk_bottles/HDPEM72.jpg,0,HDPE Plastic,0,HDPE Plastic,0.9996911287307739,0.9996911287307739,8.841057569952682e-05,5.043337296228856e-05,0.0001221139100380242,4.7958055802155286e-05
/Users/aswanathjs/Downloads/test9/ai_plastic_waste_management_training/LDPE Plastic/plastic_bags/LDPE-575_jpg.rf.a473cae8f61821abac08d294dc4787b5.jpg,1,LDPE Plastic,1,LDPE Plastic,0.999925971031189,2.607106762297917e-05,0.999925971031189,6.347734142764239e-06,9.27442579268245e-06,3.2273150281980634e-05
/Users/aswanathjs/Downloads/test9/ai_plastic_waste_management_training/LDPE Plastic/black_white__plastic_bags/0213_jpg.rf.8a095262f668b501a0139ce297880fb5.jpg,1,LDPE Plastic,1,LDPE Plastic,0.9989638328552246,0.0005282174097374082,0.9989638328552246,3.599367482820526e-05,0.00012055663682986051,0.0003514072159305215
"/Users/aswanathjs/Downloads/test9/ai_plastic_waste_management_training/PET Plastic/plastic_bottles/PET1,018.jpg",2,PET Plastic,2,PET Plastic,0.999194324016571,0.00025101154460571706,0.00031208578730002046,0.999194324016571,6.95842390996404e-05,0.00017300010949838907
/Users/aswanathjs/Downloads/test9/ai_plastic_waste_management_training/HDPE Plastic/shampoo_bottles/0099_a02b01c1d1e0f1g0h1.jpg,0,HDPE Plastic,0,HDPE Plastic,0.9999661445617676,0.9999661445617676,4.014943897345802e-06,2.025012145168148e-05,4.785827059095027e-06,4.819541118195048e-06
/Users/aswanathjs/Downloads/test9/ai_plastic_waste_management_training/LDPE Plastic/black_white__plastic_bags/0147_jpg.rf.03ab89b916bdfa8ad924b601a568fe0a.jpg,1,LDPE Plastic,1,LDPE Plastic,0.9892898201942444,0.0014423506800085306,0.9892898201942444,0.004606360103935003,0.0026102405972778797,0.0020512843038886786
/Users/aswanathjs/Downloads/test9/ai_plastic_waste_management_training/HDPE Plastic/detergent_bottles/0039_a02b01c2d0e0f1g0h1.jpg,0,HDPE Plastic,0,HDPE Plastic,0.9963425993919373,0.9963425993919373,0.00022860812896396965,0.0004739170253742486,0.002328858245164156,0.000626011285930872
/Users/aswanathjs/Downloads/test9/ai_plastic_waste_management_training/PP Plastic/round_containers/0044_a06b01c1d1e0f0g0h0.jpg,3,PP Plastic,3,PP Plastic,0.9949378967285156,0.001856430433690548,0.0015910936053842306,0.0003958998713642359,0.9949378967285156,0.0012187284883111715
/Users/aswanathjs/Downloads/test9/ai_plastic_waste_management_training/LDPE Plastic/plastic_bags/P_W (1387).jpg,1,LDPE Plastic,1,LDPE Plastic,0.9870008230209351,0.005477054510265589,0.9870008230209351,0.001139376312494278,0.005977185908704996,0.0004055462486576289
/Users/aswanathjs/Downloads/test9/ai_plastic_waste_management_training/PET Plastic/plastic_bottles/PET976.jpg,2,PET Plastic,2,PET Plastic,0.9975464940071106,0.0002665077627170831,0.0010130114387720823,0.9975464940071106,0.0004337912832852453,0.000740153540391475
/Users/aswanathjs/Downloads/test9/ai_plastic_waste_management_training/PP Plastic/square_containers/Image_167.png,3,PP Plastic,3,PP Plastic,0.9952764511108398,0.00017985758313443512,0.003737566526979208,7.473115692846477e-05,0.9952764511108398,0.0007313662790693343
/Users/aswanathjs/Downloads/test9/ai_plastic_waste_management_training/PS Plastic/foam_containers/Image_167.png,3,PP Plastic,3,PP Plastic,0.4658695459365845,0.09343642741441727,0.14715507626533508,0.01450477633625269,0.4658695459365845,0.27903422713279724
/Users/aswanathjs/Downloads/test9/ai_plastic_waste_management_training/HDPE Plastic/milk_bottles/HDPEM223.jpg,0,HDPE Plastic,0,HDPE Plastic,0.9978417158126831,0.9978417158126831,4.784591874340549e-05,0.0005601653247140348,0.0012663255911320448,0.0002839277731254697
/Users/aswanathjs/Downloads/test9/ai_plastic_waste_management_training/HDPE Plastic/detergent_bottles/0096_a02b04c1d2e0f0g0h1.jpg,0,HDPE Plastic,0,HDPE Plastic,0.9994076490402222,0.9994076490402222,0.00010704482701839879,0.00033548762439750135,9.540996688883752e-05,5.4406740673584864e-05
/Users/aswanathjs/Downloads/test9/ai_plastic_waste_management_training/PS Plastic/foam_containers/styrofoam-104-_jpg.rf.4e3cf92b88797fbe80fce1bcb1587d8e.jpg,4,PS Plastic,4,PS Plastic,0.9995695948600769,0.0002057049860013649,9.018075797939673e-05,3.5487511922838166e-05,9.90884072962217e-05,0.9995695948600769
/Users/aswanathjs/Downloads/test9/ai_plastic_waste_management_training/LDPE Plastic/plastic_bags/LDPE-758_jpg.rf.0354cc63d75a54a865602d00a96833d9.jpg,1,LDPE Plastic,1,LDPE Plastic,0.9990033507347107,0.0002172279346268624,0.9990033507347107,8.791303116595373e-05,0.0003325177531223744,0.00035903576645068824
/Users/aswanathjs/Downloads/test9/ai_plastic_waste_management_training/PP Plastic/round_containers/IMG20220210150808.jpg,3,PP Plastic,3,PP Plastic,0.9926517605781555,0.0007986969430930912,0.0026183445006608963,0.0007411068654619157,0.9926517605781555,0.0031901157926768064
/Users/aswanathjs/Downloads/test9/ai_plastic_waste_management_training/HDPE Plastic/milk_bottles/HDPEM269.jpg,0,HDPE Plastic,0,HDPE Plastic,0.9985694885253906,0.9985694885253906,0.00014481510152108967,0.0003273648617323488,0.0007569558802060783,0.00020138401305302978
/Users/aswanathjs/Downloads/test9/ai_plastic_waste_management_training/PET Plastic/plastic_bottles/PET483.jpg,2,PET Plastic,2,PET Plastic,0.9994280934333801,0.0002588988281786442,2.330865027033724e-05,0.9994280934333801,0.0001573021145304665,0.0001323400647379458
/Users/aswanathjs/Downloads/test9/ai_plastic_waste_management_training/HDPE Plastic/milk_bottles/HDPEM456.jpg,0,HDPE Plastic,0,HDPE Plastic,0.993490993976593,0.993490993976593,9.692214371170849e-05,0.005014798138290644,0.0011328208493068814,0.0002644855703692883
"/Users/aswanathjs/Downloads/test9/ai_plastic_waste_management_training/PET Plastic/plastic_bottles/PET1,095.jpg",2,PET Plastic,2,PET Plastic,0.9969895482063293,0.0018720605876296759,0.0007553633768111467,0.9969895482063293,0.00014810411084908992,0.00023490407329518348
"/Users/aswanathjs/Downloads/test9/ai_plastic_waste_management_training/PET Plastic/plastic_bottles/PET1,137.jpg",2,PET Plastic,2,PET Plastic,0.9995902180671692,9.526227950118482e-05,0.00018394517246633768,0.9995902180671692,6.988039240241051e-05,6.075872079236433e-05
/Users/aswanathjs/Downloads/test9/ai_plastic_waste_management_training/PP Plastic/round_containers/0032_a05b01c1d0e0f0g0h4.jpg,3,PP Plastic,3,PP Plastic,0.9992433786392212,0.00027896795654669404,0.0002302461361978203,8.523284486727789e-05,0.9992433786392212,0.0001621812698431313
/Users/aswanathjs/Downloads/test9/ai_plastic_waste_management_training/PET Plastic/black_white_plastic_bottles/cwknh_jpg.rf.acf869e09bd46c27f643f7548a83d647.jpg,2,PET Plastic,2,PET Plastic,0.9970253109931946,0.0016072987345978618,0.00010416815348435193,0.9970253109931946,0.00044764604535885155,0.0008155070245265961
/Users/aswanathjs/Downloads/test9/ai_plastic_waste_management_training/HDPE Plastic/shampoo_bottles/0076_a02b06c2d3e0f1g0h3.jpg,0,HDPE Plastic,0,HDPE Plastic,0.9908488988876343,0.9908488988876343,0.002149861305952072,0.0003040895680896938,0.00579849723726511,0.0008987751789391041
/Users/aswanathjs/Downloads/test9/ai_plastic_waste_management_training/PP Plastic/round_containers/IMG_20220209_173239.jpg,3,PP Plastic,3,PP Plastic,0.9985079169273376,0.0002842268440872431,0.0005715491715818644,0.0003572359564714134,0.9985079169273376,0.0002790020080283284
/Users/aswanathjs/Downloads/test9/ai_plastic_waste_management_training/HDPE Plastic/milk_bottles/HDPEM47.jpg,0,HDPE Plastic,0,HDPE Plastic,0.9959633350372314,0.9959633350372314,2.8245958674233407e-05,0.000906262022908777,0.002973240800201893,0.0001289713109144941
/Users/aswanathjs/Downloads/test9/ai_plastic_waste_management_training/HDPE Plastic/milk_bottles/HDPEM43.jpg,0,HDPE Plastic,0,HDPE Plastic,0.9995823502540588,0.9995823502540588,0.00013855157885700464,4.9264235713053495e-05,0.00011570236529223621,0.00011418907524785027
/Users/aswanathjs/Downloads/test9/ai_plastic_waste_management_training/HDPE Plastic/detergent_bottles/0096_a02b04c1d2e0f0g0h4.jpg,0,HDPE Plastic,0,HDPE Plastic,0.9976856708526611,0.9976856708526611,0.0012065911432728171,4.940893632010557e-05,0.0009159883484244347,0.00014232115063350648
/Users/aswanathjs/Downloads/test9/ai_plastic_waste_management_training/LDPE Plastic/bubble_wrap/train_LDPE-74_jpg.rf.b03de73625af26694cd1313dc7ca2fc2.jpg,1,LDPE Plastic,1,LDPE Plastic,0.9995416402816772,9.976900037145242e-05,0.9995416402816772,9.210823918692768e-05,6.388578185578808e-05,0.00020266258798073977
/Users/aswanathjs/Downloads/test9/ai_plastic_waste_management_training/PET Plastic/black_white_plastic_bottles/dgiys_jpg.rf.457a93e3e23c28a9ed6288c19a12d8b0.jpg,2,PET Plastic,2,PET Plastic,0.9997896552085876,3.501318360576988e-06,0.0001253433438250795,0.9997896552085876,5.667399454978295e-05,2.4893137378967367e-05
/Users/aswanathjs/Downloads/test9/ai_plastic_waste_management_training/HDPE Plastic/shampoo_bottles/0075_a02b01c1d0e0f0g0h2.jpg,0,HDPE Plastic,0,HDPE Plastic,0.997581958770752,0.997581958770752,4.470004569157027e-05,0.0021673741284757853,0.0001574948983034119,4.853259815718047e-05
/Users/aswanathjs/Downloads/test9/ai_plastic_waste_management_training/LDPE Plastic/plastic_bags/LDPE-301_jpg.rf.c5c75387dcc7b1879e02bf130568afb9.jpg,1,LDPE Plastic,1,LDPE Plastic,0.9908691644668579,0.0004824083298444748,0.9908691644668579,0.004990491084754467,0.0016695340164005756,0.0019884018693119287
/Users/aswanathjs/Downloads/test9/ai_plastic_waste_management_training/PP Plastic/round_containers/IMG_20220209_174715.jpg,3,PP Plastic,3,PP Plastic,0.9915794134140015,0.0010421484475955367,0.0020227974746376276,0.0049240002408623695,0.9915794134140015,0.0004316146660130471
"/Users/aswanathjs/Downloads/test9/ai_plastic_waste_management_training/PET Plastic/plastic_bottles/PET1,740.jpg",2,PET Plastic,2,PET Plastic,0.9995928406715393,0.0002545854076743126,8.482704288326204e-05,0.9995928406715393,2.8662716431426816e-05,3.916275454685092e-05
"/Users/aswanathjs/Downloads/test9/ai_plastic_waste_management_training/PET Plastic/plastic_bottles/PET1,773.jpg",2,PET Plastic,2,PET Plastic,0.9998617172241211,3.0888426408637315e-05,1.2117989172111265e-06,0.9998617172241211,9.076856076717377e-05,1.530427107354626e-05
/Users/aswanathjs/Downloads/test9/ai_plastic_waste_management_training/PP Plastic/round_containers/0035_a06b01c1d0e0f0g0h2.jpg,3,PP Plastic,3,PP Plastic,0.9996664524078369,8.478694508085027e-05,1.6026753655751236e-05,0.0002000191598199308,0.9996664524078369,3.280044620623812e-05
/Users/aswanathjs/Downloads/test9/ai_plastic_waste_management_training/PP Plastic/round_containers_grey/0035_a06b01c1d0e0f0g0h2.jpg,3,PP Plastic,3,PP Plastic,0.9996460676193237,6.307032890617847e-05,2.0793051589862444e-05,0.00022057333262637258,0.9996460676193237,4.9516555009176955e-05
/Users/aswanathjs/Downloads/test9/ai_plastic_waste_management_training/LDPE Plastic/plastic_bags/plasticbag (50).jpg,1,LDPE Plastic,1,LDPE Plastic,0.9996645450592041,0.00020301291078794748,0.9996645450592041,2.3613405573996715e-05,8.879369124770164e-05,2.0083849449292757e-05
"/Users/aswanathjs/Downloads/test9/ai_plastic_waste_management_training/PET Plastic/plastic_bottles/PET1,739.jpg",2,PET Plastic,2,PET Plastic,0.9999105930328369,3.949247548007406e-05,3.863088750222232e-06,0.9999105930328369,3.315222784294747e-05,1.278870058740722e-05
/Users/aswanathjs/Downloads/test9/ai_plastic_waste_management_training/HDPE Plastic/detergent_bottles/P_W (490).jpg,0,HDPE Plastic,0,HDPE Plastic,0.998950183391571,0.998950183391571,0.00019620945386122912,0.0002865441201720387,0.0003791501512750983,0.00018794674542732537
/Users/aswanathjs/Downloads/test9/ai_plastic_waste_management_training/PP Plastic/round_containers/0032_a05b01c1d1e0f0g0h0.jpg,3,PP Plastic,3,PP Plastic,0.9985805749893188,0.0005422062240540981,0.0003324499411974102,0.00019445059297140688,0.9985805749893188,0.0003502708568703383
/Users/aswanathjs/Downloads/test9/ai_plastic_waste_management_training/HDPE Plastic/shampoo_bottles/0023_a02b01c1d0e0f1g0h1.jpg,0,HDPE Plastic,0,HDPE Plastic,0.9938583970069885,0.9938583970069885,9.830328053794801e-05,0.0017417877679690719,0.004022591281682253,0.0002790410944726318
/Users/aswanathjs/Downloads/test9/ai_plastic_waste_management_training/HDPE Plastic/shampoo_bottles/0078_a02b07c1d0e0f1g0h3.jpg,0,HDPE Plastic,0,HDPE Plastic,0.998236894607544,0.998236894607544,0.0002891492040362209,0.0007459663902409375,0.0005498636164702475,0.0001779936283128336
/Users/aswanathjs/Downloads/test9/ai_plastic_waste_management_training/HDPE Plastic/detergent_bottles/0062_a02b05c2d3e0f1g1h4.jpg,0,HDPE Plastic,0,HDPE Plastic,0.9979017972946167,0.9979017972946167,0.00038515374762937427,0.0013041276251897216,0.00030292608425952494,0.00010594603372737765
/Users/aswanathjs/Downloads/test9/ai_plastic_waste_management_training/PET Plastic/shampoo_bottles/0050_a05b00c1d1e1f1g0h0.jpg,2,PET Plastic,2,PET Plastic,0.9874904751777649,0.012361075729131699,1.9849294403684326e-05,0.9874904751777649,8.680686732986942e-05,4.1843126382445917e-05
/Users/aswanathjs/Downloads/test9/ai_plastic_waste_management_training/HDPE Plastic/detergent_bottles/IMG_20220209_182708.jpg,0,HDPE Plastic,0,HDPE Plastic,0.9953886270523071,0.9953886270523071,0.0012740461388602853,0.0003826653410214931,0.002258809981867671,0.0006958022713661194
/Users/aswanathjs/Downloads/test9/ai_plastic_waste_management_training/HDPE Plastic/detergent_botteles_grey/IMG_20220209_182708.jpg,0,HDPE Plastic,0,HDPE Plastic,0.9916719794273376,0.9916719794273376,0.004419750068336725,0.0004410518449731171,0.001588904531672597,0.0018782236147671938
"/Users/aswanathjs/Downloads/test9/ai_plastic_waste_management_training/PET Plastic/plastic_bottles/PET1,150.jpg",2,PET Plastic,2,PET Plastic,0.9982193112373352,0.0012406574096530676,0.00017159101844299585,0.9982193112373352,0.0002498466055840254,0.00011854190233862028
/Users/aswanathjs/Downloads/test9/ai_plastic_waste_management_training/PS Plastic/foam_sheets/IMG_9340_JPG.rf.a80ca34b8b633e38a525cb7aeede7b51.jpg,4,PS Plastic,4,PS Plastic,0.9935023188591003,0.0021418416872620583,0.00040577331674285233,0.00340832956135273,0.0005417426000349224,0.9935023188591003
/Users/aswanathjs/Downloads/test9/ai_plastic_waste_management_training/PS Plastic/foam_sheets/IMG_9340_JPG.rf.e8e5eb41b46e694de3c84523410586c0.jpg,4,PS Plastic,4,PS Plastic,0.9987485408782959,0.0005048572202213109,0.00024735883926041424,0.00017442434909753501,0.00032488792203366756,0.9987485408782959
/Users/aswanathjs/Downloads/test9/ai_plastic_waste_management_training/PS Plastic/foam_sheets/IMG_9340_JPG.rf.8e256bd9ecb0e99782e4302f9878ab2b.jpg,4,PS Plastic,4,PS Plastic,0.9986553192138672,0.0001768384245224297,0.0007671532803215086,7.376482972176746e-05,0.0003269427688792348,0.9986553192138672
/Users/aswanathjs/Downloads/test9/ai_plastic_waste_management_training/PP Plastic/round_containers/0095_a05b01c2d2e0f0g0h1.jpg,3,PP Plastic,3,PP Plastic,0.9993485808372498,0.0003506609646137804,0.0001568317093187943,6.273845065152273e-05,0.9993485808372498,8.121158316498622e-05
/Users/aswanathjs/Downloads/test9/ai_plastic_waste_management_training/PET Plastic/black_white_plastic_bottles/covxa_jpg.rf.f6b2667c1ade57d376bbfce0bcc90aeb.jpg,2,PET Plastic,2,PET Plastic,0.9993230104446411,0.0002340378996450454,7.794759585522115e-05,0.9993230104446411,3.281195313320495e-05,0.0003321882395539433
/Users/aswanathjs/Downloads/test9/ai_plastic_waste_management_training/PET Plastic/black_white_plastic_bottles/djcvk_jpg.rf.cf814c79b2c5f26937f6e62c2496b2fd.jpg,2,PET Plastic,2,PET Plastic,0.9999370574951172,3.920642029697774e-06,3.6958115288143745e-06,0.9999370574951172,1.8704267858993262e-05,3.6602355976356193e-05
/Users/aswanathjs/Downloads/test9/ai_plastic_waste_management_training/PP Plastic/irregular_containers/train_PP-100-_jpg.rf.215bd727abe9827eb83a316127942cf2.jpg,3,PP Plastic,3,PP Plastic,0.9982482194900513,0.00031743384897708893,0.00020756918820552528,0.00037293994682841003,0.9982482194900513,0.0008539408445358276
/Users/aswanathjs/Downloads/test9/ai_plastic_waste_management_training/PP Plastic/irregular_containers_grey/train_PP-100-_jpg.rf.215bd727abe9827eb83a316127942cf2.jpg,3,PP Plastic,3,PP Plastic,0.9986842274665833,0.0002549112541601062,0.000154312772792764,0.00031908153323456645,0.9986842274665833,0.0005874811322428286
/Users/aswanathjs/Downloads/test9/ai_plastic_waste_management_training/PET Plastic/black_white_plastic_bottles/auyzb_jpg.rf.687a2542044f67af09abf65382200735.jpg,2,PET Plastic,2,PET Plastic,0.9998615980148315,1.060739941749489e-05,5.967450488242321e-05,0.9998615980148315,3.196681791450828e-05,3.612916771089658e-05
/Users/aswanathjs/Downloads/test9/ai_plastic_waste_management_training/PP Plastic/irregular_containers/train_PP-81_jpg.rf.24e2302c408d56e674af5dac077ab150.jpg,3,PP Plastic,3,PP Plastic,0.9997748732566833,1.3531795048038475e-05,0.0001636668894207105,2.4761502572800964e-05,0.9997748732566833,2.3229400540003553e-05
/Users/aswanathjs/Downloads/test9/ai_plastic_waste_management_training/PET Plastic/shampoo_bottles/0015_a05b00c1d3e1f1g0h1.jpg,2,PET Plastic,2,PET Plastic,0.9458821415901184,0.0048958002589643,0.0017922857077792287,0.9458821415901184,0.04249003902077675,0.0049397568218410015
/Users/aswanathjs/Downloads/test9/ai_plastic_waste_management_training/LDPE Plastic/black_white__plastic_bags/0034_jpg.rf.26ca0fcc5c911fb2c3cac1b5da0ee1ff.jpg,1,LDPE Plastic,1,LDPE Plastic,0.9879404306411743,0.002252710983157158,0.9879404306411743,0.0014293703716248274,0.006000839173793793,0.002376687014475465
/Users/aswanathjs/Downloads/test9/ai_plastic_waste_management_training/HDPE Plastic/milk_bottles/HDPEM94.jpg,0,HDPE Plastic,0,HDPE Plastic,0.9995793700218201,0.9995793700218201,4.2472897803236265e-06,0.000109147782495711,0.00024480291176587343,6.243572715902701e-05
/Users/aswanathjs/Downloads/test9/ai_plastic_waste_management_training/PS Plastic/foam_containers/styrofoam-131-_jpg.rf.8c14e88f26aa0d398ec71ed405184149.jpg,4,PS Plastic,4,PS Plastic,0.9999110698699951,1.3578511243395042e-05,1.8561482647783123e-05,1.577240982442163e-05,4.103086030227132e-05,0.9999110698699951
/Users/aswanathjs/Downloads/test9/ai_plastic_waste_management_training/PS Plastic/form_containers_grey/styrofoam-346-_jpg.rf.25ab32044f366c9fde2570647dbbea81.jpg,4,PS Plastic,4,PS Plastic,0.785998523235321,0.0002624510962050408,0.021563606336712837,0.053623978048563004,0.13855136930942535,0.785998523235321
/Users/aswanathjs/Downloads/test9/ai_plastic_waste_management_training/PS Plastic/foam_containers/styrofoam-346-_jpg.rf.25ab32044f366c9fde2570647dbbea81.jpg,4,PS Plastic,4,PS Plastic,0.9986135959625244,4.261611684341915e-05,0.0005853837355971336,0.0001710580545477569,0.0005873389891348779,0.9986135959625244
/Users/aswanathjs/Downloads/test9/ai_plastic_waste_management_training/PP Plastic/rectangle_containers/icecream.jpg,3,PP Plastic,3,PP Plastic,0.9971975088119507,0.00023551032063551247,0.0001055550019373186,0.00040648510912433267,0.9971975088119507,0.0020549532491713762
/Users/aswanathjs/Downloads/test9/ai_plastic_waste_management_training/PP Plastic/rectangle_containers_grey/icecream.jpg,3,PP Plastic,3,PP Plastic,0.9939364790916443,0.0024510410148650408,7.235006341943517e-05,0.0006151347770355642,0.9939364790916443,0.002925027860328555
/Users/aswanathjs/Downloads/test9/ai_plastic_waste_management_training/LDPE Plastic/black_white__plastic_bags/0218_jpg.rf.e24bd1012b6b16f34d184e21b6ddceaf.jpg,1,LDPE Plastic,1,LDPE Plastic,0.9997377991676331,3.651338556664996e-05,0.9997377991676331,4.505125980358571e-05,6.0898575611645356e-05,0.00011969971092185006
/Users/aswanathjs/Downloads/test9/ai_plastic_waste_management_training/HDPE Plastic/detergent_bottles/0010_a02b01c1d0e0f1g0h4.jpg,0,HDPE Plastic,0,HDPE Plastic,0.9996914863586426,0.9996914863586426,1.9710503693204373e-05,0.00020447665883693844,5.946961755398661e-05,2.4931006919359788e-05
/Users/aswanathjs/Downloads/test9/ai_plastic_waste_management_training/HDPE Plastic/detergent_botteles_grey/0010_a02b01c1d0e0f1g0h4.jpg,0,HDPE Plastic,0,HDPE Plastic,0.9993322491645813,0.9993322491645813,0.00018958926375489682,0.0002488249447196722,0.00010336632112739608,0.00012586537923198193
"/Users/aswanathjs/Downloads/test9/ai_plastic_waste_management_training/PET Plastic/plastic_bottles/PET1,690.jpg",2,PET Plastic,2,PET Plastic,0.9998327493667603,0.00011171439109602943,1.1851307135657407e-05,0.9998327493667603,2.0829942513955757e-05,2.2793483367422596e-05
/Users/aswanathjs/Downloads/test9/ai_plastic_waste_management_training/HDPE Plastic/shampoo_bottles/0061_a02b01c2d0e0f1g0h0(1).jpg,0,HDPE Plastic,0,HDPE Plastic,0.9971440434455872,0.9971440434455872,0.0005193769466131926,0.0010381696047261357,0.0007800769526511431,0.0005182698369026184
/Users/aswanathjs/Downloads/test9/ai_plastic_waste_management_training/PET Plastic/plastic_bottles/PET543.jpg,2,PET Plastic,2,PET Plastic,0.9998648166656494,2.3002674424787983e-05,1.3387561011768412e-05,0.9998648166656494,4.5082648284733295e-05,5.361304647522047e-05
/Users/aswanathjs/Downloads/test9/ai_plastic_waste_management_training/LDPE Plastic/plastic_bags/LDPE-608_jpg.rf.bc480679bf094d683586223c8e41ccc2.jpg,1,LDPE Plastic,1,LDPE Plastic,0.9990000128746033,0.0002317234902875498,0.9990000128746033,0.00021280758664943278,0.0003213025920558721,0.00023413791495840997
/Users/aswanathjs/Downloads/test9/ai_plastic_waste_management_training/PP Plastic/irregular_containers/train_PP-69-_jpg.rf.63480605af3c69707fa4e7c025f644bc.jpg,3,PP Plastic,3,PP Plastic,0.9972463846206665,0.0011264127679169178,0.0011763416696339846,0.0002913462230935693,0.9972463846206665,0.00015957590949255973
/Users/aswanathjs/Downloads/test9/ai_plastic_waste_management_training/PP Plastic/irregular_containers_grey/train_PP-69-_jpg.rf.63480605af3c69707fa4e7c025f644bc.jpg,3,PP Plastic,3,PP Plastic,0.9940916895866394,0.0020039849914610386,0.0015892407391220331,0.0013905013911426067,0.9940916895866394,0.000924598949495703
/Users/aswanathjs/Downloads/test9/ai_plastic_waste_management_training/PET Plastic/black_white_plastic_bottles/cbkto_jpg.rf.59a632f8d4d62e2303ec2f95d95cc764.jpg,2,PET Plastic,2,PET Plastic,0.9999517202377319,1.7903896150528453e-05,2.1246048618195346e-06,0.9999517202377319,1.0736003787314985e-05,1.7445043340558186e-05
/Users/aswanathjs/Downloads/test9/ai_plastic_waste_management_training/PET Plastic/black_white_plastic_bottles/awyuj_jpg.rf.3b00d195bf7bcdad025dc24bf1f4adfa.jpg,2,PET Plastic,2,PET Plastic,0.998672604560852,7.614734204253182e-05,0.00035991673939861357,0.998672604560852,0.00011243826884310693,0.0007789103547111154
/Users/aswanathjs/Downloads/test9/ai_plastic_waste_management_training/HDPE Plastic/milk_bottles/HDPEM187.jpg,0,HDPE Plastic,0,HDPE Plastic,0.9799426794052124,0.9799426794052124,0.0021825535222887993,0.008253875188529491,0.006562347989529371,0.0030585131607949734
/Users/aswanathjs/Downloads/test9/ai_plastic_waste_management_training/HDPE Plastic/detergent_bottles/0039_a02b01c2d0e0f1g0h0.jpg,0,HDPE Plastic,0,HDPE Plastic,0.9997724890708923,0.9997724890708923,4.1887258703354746e-05,8.707695087650791e-05,7.582271791761741e-05,2.2640182578470558e-05
/Users/aswanathjs/Downloads/test9/ai_plastic_waste_management_training/PET Plastic/shampoo_bottles/0100_a05b00c1d2e0f0g0h1.jpg,2,PET Plastic,2,PET Plastic,0.9996941089630127,3.377184839337133e-05,3.771127012441866e-05,0.9996941089630127,0.00022184106637723744,1.2604605217347853e-05
/Users/aswanathjs/Downloads/test9/ai_plastic_waste_management_training/PS Plastic/foam_containers/styrofoam-108-_jpg.rf.4b94e52bc8d1e14a610090dcb2fb6412.jpg,4,PS Plastic,4,PS Plastic,0.9999113082885742,7.559575169580057e-05,8.748324034968391e-06,1.1290015891063376e-06,3.2781974823592464e-06,0.9999113082885742
/Users/aswanathjs/Downloads/test9/ai_plastic_waste_management_training/HDPE Plastic/milk_bottles/P_W (1324).jpg,0,HDPE Plastic,0,HDPE Plastic,0.9997782111167908,0.9997782111167908,3.434505924815312e-05,8.703132152731996e-06,0.00014707099762745202,3.170209674863145e-05
/Users/aswanathjs/Downloads/test9/ai_plastic_waste_management_training/PET Plastic/black_white_plastic_bottles/dqpgm_jpg.rf.58af9b574f6b13fa300ca9e01ee97f08.jpg,2,PET Plastic,2,PET Plastic,0.9998792409896851,2.2308922780212015e-06,6.793787179049104e-05,0.9998792409896851,3.150453630951233e-05,1.9107808839180507e-05
/Users/aswanathjs/Downloads/test9/ai_plastic_waste_management_training/PET Plastic/plastic_bottles/PET687.jpg,2,PET Plastic,2,PET Plastic,0.9997482895851135,1.286658789467765e-05,3.829399065580219e-05,0.9997482895851135,8.909965254133567e-05,0.00011147509212605655
/Users/aswanathjs/Downloads/test9/ai_plastic_waste_management_training/PET Plastic/black_white_plastic_bottles/crfyo_jpg.rf.00f97a71a6652c6ed2a58f9397f1f15e.jpg,2,PET Plastic,2,PET Plastic,0.999394416809082,0.00012042907474096864,0.00011758437176467851,0.999394416809082,0.00018558697775006294,0.00018197050667367876
/Users/aswanathjs/Downloads/test9/ai_plastic_waste_management_training/HDPE Plastic/shampoo_bottles/0076_a02b06c1d0e0f1g0h4.jpg,0,HDPE Plastic,0,HDPE Plastic,0.9993574023246765,0.9993574023246765,0.00014459707017522305,0.00014550561900250614,0.00017789813864510506,0.0001746663765516132
/Users/aswanathjs/Downloads/test9/ai_plastic_waste_management_training/HDPE Plastic/shampoo_bottles/0075_a02b01c1d0e0f0g0h0.jpg,0,HDPE Plastic,0,HDPE Plastic,0.9995181560516357,0.9995181560516357,6.903467874508351e-05,0.00021415222727227956,0.00016795301053207368,3.077626752201468e-05
/Users/aswanathjs/Downloads/test9/ai_plastic_waste_management_training/HDPE Plastic/milk_bottles/HDPEM132.jpg,0,HDPE Plastic,0,HDPE Plastic,0.9977403879165649,0.9977403879165649,0.00039576072595082223,0.000347712921211496,0.0011087249731644988,0.00040754469227977097
/Users/aswanathjs/Downloads/test9/ai_plastic_waste_management_training/HDPE Plastic/milk_bottles_grey/HDPEM132.jpg,0,HDPE Plastic,0,HDPE Plastic,0.9894649982452393,0.9894649982452393,0.0017056454671546817,0.0018178834579885006,0.005294903181493282,0.0017166066681966186
/Users/aswanathjs/Downloads/test9/ai_plastic_waste_management_training/PP Plastic/round_containers/IMG_20220209_174359.jpg,3,PP Plastic,3,PP Plastic,0.9988489151000977,0.00018932561215478927,0.0005135010578669608,0.00026302156038582325,0.9988489151000977,0.00018519279547035694
/Users/aswanathjs/Downloads/test9/ai_plastic_waste_management_training/LDPE Plastic/plastic_bags/LDPE-544_jpg.rf.0addfb54e9029220701dd0da301d544b.jpg,1,LDPE Plastic,1,LDPE Plastic,0.9990723133087158,0.00022606652055401355,0.9990723133087158,0.000279266998404637,0.00021629550610668957,0.00020607082115020603
/Users/aswanathjs/Downloads/test9/ai_plastic_waste_management_training/PET Plastic/black_white_plastic_bottles/adylz_jpg.rf.586862c45a7114ce3bae7b42c7e4c409.jpg,2,PET Plastic,2,PET Plastic,0.9956753849983215,0.00017508673772681504,0.0004919484490528703,0.9956753849983215,0.0009732858743518591,0.002684260020032525
/Users/aswanathjs/Downloads/test9/ai_plastic_waste_management_training/HDPE Plastic/shampoo_bottles/0076_a02b06c1d2e0f1g0h2.jpg,0,HDPE Plastic,0,HDPE Plastic,0.9994538426399231,0.9994538426399231,0.00020908022997900844,5.6639833928784356e-05,0.00019231857731938362,8.819533104542643e-05
/Users/aswanathjs/Downloads/test9/ai_plastic_waste_management_training/PP Plastic/round_containers/0031_a05b01c1d3e0f0g0h3.jpg,3,PP Plastic,3,PP Plastic,0.9988246560096741,0.0010594838531687856,3.261755045969039e-05,6.116071017459035e-05,0.9988246560096741,2.2099791749496944e-05
/Users/aswanathjs/Downloads/test9/ai_plastic_waste_management_training/PP Plastic/round_containers_grey/0031_a05b01c1d3e0f0g0h3.jpg,3,PP Plastic,3,PP Plastic,0.9954342246055603,0.004095430485904217,0.00036343917599879205,7.118198846001178e-05,0.9954342246055603,3.563027348718606e-05
/Users/aswanathjs/Downloads/test9/ai_plastic_waste_management_training/LDPE Plastic/plastic_bags/LDPE-236_jpg.rf.af950e6cc55420ba3610337efc5f705b.jpg,1,LDPE Plastic,1,LDPE Plastic,0.9887463450431824,0.002029813826084137,0.9887463450431824,0.0027939528226852417,0.0024539511650800705,0.003975832834839821
/Users/aswanathjs/Downloads/test9/ai_plastic_waste_management_training/PET Plastic/plastic_bottles/PET654.jpg,2,PET Plastic,2,PET Plastic,0.999659538269043,2.5946172172552906e-05,2.3070091629051603e-05,0.999659538269043,0.00020970280456822366,8.18061816971749e-05
/Users/aswanathjs/Downloads/test9/ai_plastic_waste_management_training/LDPE Plastic/plastic_bags/LDPE-263_jpg.rf.8b05ef5c26392751e6821e33c0c2fe14.jpg,1,LDPE Plastic,1,LDPE Plastic,0.999103307723999,0.00012989282549824566,0.999103307723999,0.00035437464248389006,0.0001432729186490178,0.0002692016714718193
/Users/aswanathjs/Downloads/test9/ai_plastic_waste_management_training/LDPE Plastic/plastic_bags/plasticbag (139).jpg,1,LDPE Plastic,1,LDPE Plastic,0.9997708201408386,6.107256922405213e-05,0.9997708201408386,4.5771608711220324e-05,6.408381887013093e-05,5.8262292441213503e-05
/Users/aswanathjs/Downloads/test9/ai_plastic_waste_management_training/PET Plastic/plastic_bottles/PET701.jpg,2,PET Plastic,2,PET Plastic,0.9996117949485779,1.7503543858765624e-05,4.968111898051575e-05,0.9996117949485779,0.00017281674081459641,0.00014826285769231617
/Users/aswanathjs/Downloads/test9/ai_plastic_waste_management_training/PET Plastic/plastic_bottles/PET954.jpg,2,PET Plastic,2,PET Plastic,0.9999266862869263,2.587555172794964e-05,1.237690526068036e-06,0.9999266862869263,7.831193215679377e-06,3.835243478533812e-05
/Users/aswanathjs/Downloads/test9/ai_plastic_waste_management_training/HDPE Plastic/shampoo_bottles/0023_a02b01c2d1e0f1g0h1.jpg,0,HDPE Plastic,0,HDPE Plastic,0.9983671307563782,0.9983671307563782,0.00012671893637161702,0.0008558782865293324,0.0005066602025181055,0.0001436065649613738
/Users/aswanathjs/Downloads/test9/ai_plastic_waste_management_training/HDPE Plastic/detergent_bottles/Image_182.png,0,HDPE Plastic,0,HDPE Plastic,0.9969298243522644,0.9969298243522644,0.0007408078527078032,8.748258551349863e-05,0.001464709872379899,0.0007772797252982855
/Users/aswanathjs/Downloads/test9/ai_plastic_waste_management_training/PP Plastic/square_containers/Image_182.png,0,HDPE Plastic,1,LDPE Plastic,0.4384864866733551,0.32996177673339844,0.4384864866733551,0.01944960094988346,0.15934690833091736,0.05275515466928482
/Users/aswanathjs/Downloads/test9/ai_plastic_waste_management_training/PS Plastic/foam_containers/Image_182.png,0,HDPE Plastic,4,PS Plastic,0.6955778002738953,0.08126895874738693,0.08253529667854309,0.013416510075330734,0.1272013634443283,0.6955778002738953
/Users/aswanathjs/Downloads/test9/ai_plastic_waste_management_training/HDPE Plastic/milk_bottles/HDPEM41.jpg,0,HDPE Plastic,0,HDPE Plastic,0.998621940612793,0.998621940612793,0.00020076062355656177,2.8686097721219994e-05,0.00026867506676353514,0.0008799473871476948
"/Users/aswanathjs/Downloads/test9/ai_plastic_waste_management_training/PET Plastic/plastic_bottles/PET1,601.jpg",2,PET Plastic,2,PET Plastic,0.9979581832885742,0.0004431975248735398,0.0003941388276871294,0.9979581832885742,0.0009252692689187825,0.0002791591396089643
/Users/aswanathjs/Downloads/test9/ai_plastic_waste_management_training/PET Plastic/black_white_plastic_bottles/cnvse_jpg.rf.64d7c70b3bbc567c401c577cead38689.jpg,2,PET Plastic,2,PET Plastic,0.9985325336456299,0.000870944932103157,0.00010543736425461248,0.9985325336456299,0.00017681786266621202,0.0003142945934087038
/Users/aswanathjs/Downloads/test9/ai_plastic_waste_management_training/PS Plastic/foam_sheets/PS-577_jpg.rf.0f7321bf2d1a85dd6303517b50eb3ecc.jpg,4,PS Plastic,4,PS Plastic,0.9993934631347656,5.132606020197272e-05,0.0001730111544020474,0.00010065978131024167,0.0002815413463395089,0.9993934631347656
"/Users/aswanathjs/Downloads/test9/ai_plastic_waste_management_training/PET Plastic/plastic_bottles/PET1,338.jpg",2,PET Plastic,2,PET Plastic,0.9999200105667114,3.458946957834996e-05,5.295985374687007e-06,0.9999200105667114,2.821853558998555e-05,1.1895530406036414e-05
/Users/aswanathjs/Downloads/test9/ai_plastic_waste_management_training/PET Plastic/shampoo_bottles/0080_a05b00c2d2e0f1g0h1.jpg,2,PET Plastic,2,PET Plastic,0.999639630317688,7.401901530101895e-05,5.007925665267976e-06,0.999639630317688,0.00024906889302656054,3.2298477890435606e-05
/Users/aswanathjs/Downloads/test9/ai_plastic_waste_management_training/HDPE Plastic/detergent_bottles/0096_a02b04c2d3e0f0g0h2.jpg,0,HDPE Plastic,0,HDPE Plastic,0.997474730014801,0.997474730014801,0.00017293904966209084,0.00029411836294457316,0.0018525795312598348,0.00020565715385600924
/Users/aswanathjs/Downloads/test9/ai_plastic_waste_management_training/PS Plastic/foam_containers/0058_a06b01c1d2e0f0g0h1.jpg,4,PS Plastic,4,PS Plastic,0.9987896084785461,3.883287718053907e-05,3.7474235341505846e-06,9.954567758541089e-06,0.0011578935664147139,0.9987896084785461
/Users/aswanathjs/Downloads/test9/ai_plastic_waste_management_training/PP Plastic/round_containers/Image_169.png,3,PP Plastic,3,PP Plastic,0.954833984375,0.003905899589881301,0.033061433583498,0.0021557759027928114,0.954833984375,0.006042922381311655
/Users/aswanathjs/Downloads/test9/ai_plastic_waste_management_training/PS Plastic/foam_containers/Image_169.png,3,PP Plastic,4,PS Plastic,0.4222872257232666,0.05319855734705925,0.14013898372650146,0.016064848750829697,0.36831045150756836,0.4222872257232666
/Users/aswanathjs/Downloads/test9/ai_plastic_waste_management_training/HDPE Plastic/shampoo_bottles/0077_a02b01c2d1e0f1g0h0.jpg,0,HDPE Plastic,0,HDPE Plastic,0.9776653051376343,0.9776653051376343,0.004531900864094496,0.0019175802590325475,0.012641976587474346,0.0032432531006634235
/Users/aswanathjs/Downloads/test9/ai_plastic_waste_management_training/PET Plastic/black_white_plastic_bottles/chvzj_jpg.rf.8b6b4dbb12e665aade2009abb1a341cb.jpg,2,PET Plastic,2,PET Plastic,0.9987252354621887,9.461894478590693e-06,0.001135637634433806,0.9987252354621887,8.3172730228398e-05,4.646780143957585e-05
/Users/aswanathjs/Downloads/test9/ai_plastic_waste_management_training/PET Plastic/black_white_plastic_bottles/bndsc_jpg.rf.0a5d14585223bd5e5ddaf342ca5d6e64.jpg,2,PET Plastic,2,PET Plastic,0.9990696310997009,0.00019323057495057583,0.0004508319543674588,0.9990696310997009,8.825505210552365e-05,0.00019811613310594112
/Users/aswanathjs/Downloads/test9/ai_plastic_waste_management_training/HDPE Plastic/shampoo_bottles/0065_a02b03c2d0e0f1g0h0.jpg,0,HDPE Plastic,0,HDPE Plastic,0.9950394034385681,0.9950394034385681,0.0007625709986314178,0.001015398884192109,0.0021029841154813766,0.0010796614224091172
/Users/aswanathjs/Downloads/test9/ai_plastic_waste_management_training/PET Plastic/plastic_bottles/PET741.jpg,2,PET Plastic,2,PET Plastic,0.9996237754821777,0.0002864623675122857,2.8555121389217675e-05,0.9996237754821777,9.656052498030476e-06,5.1446055294945836e-05
/Users/aswanathjs/Downloads/test9/ai_plastic_waste_management_training/PET Plastic/black_white_plastic_bottles/adrfp_jpg.rf.9b4728a76181136be3307a4f752c179d.jpg,2,PET Plastic,2,PET Plastic,0.9987255930900574,0.00010168425797019154,6.962778570596129e-05,0.9987255930900574,0.00084080541273579,0.0002622877946123481
/Users/aswanathjs/Downloads/test9/ai_plastic_waste_management_training/LDPE Plastic/bubble_wrap/train_LDPE-98_jpg.rf.349b801007fcdb1709c9615f227cbd9e.jpg,1,LDPE Plastic,1,LDPE Plastic,0.9995180368423462,1.688896372797899e-05,0.9995180368423462,5.5746364523656666e-05,7.621158147230744e-05,0.0003330970066599548
"/Users/aswanathjs/Downloads/test9/ai_plastic_waste_management_training/PET Plastic/plastic_bottles/PET1,435.jpg",2,PET Plastic,2,PET Plastic,0.9990399479866028,0.0002757590264081955,0.00017801606736611575,0.9990399479866028,0.0002908998285420239,0.00021541958267334849
/Users/aswanathjs/Downloads/test9/ai_plastic_waste_management_training/PET Plastic/black_white_plastic_bottles/acorb_jpg.rf.e449613a8d8c4838cffe300f77a191d3.jpg,2,PET Plastic,2,PET Plastic,0.9999265670776367,2.7815322027890943e-05,1.2670286196225788e-05,0.9999265670776367,1.5139075003389735e-05,1.789453745004721e-05
/Users/aswanathjs/Downloads/test9/ai_plastic_waste_management_training/HDPE Plastic/milk_bottles/HDPEM419.jpg,0,HDPE Plastic,0,HDPE Plastic,0.9968869090080261,0.9968869090080261,0.00034745619632303715,0.0006260889931581914,0.0013268303591758013,0.0008127437904477119
/Users/aswanathjs/Downloads/test9/ai_plastic_waste_management_training/LDPE Plastic/black_white__plastic_bags/0127_jpg.rf.e0a944e1ce1e97308374a8d04e90b773.jpg,1,LDPE Plastic,1,LDPE Plastic,0.9996840953826904,1.5598900063196197e-05,0.9996840953826904,4.413263013702817e-05,0.00014540292613673955,0.00011078912211814895
/Users/aswanathjs/Downloads/test9/ai_plastic_waste_management_training/HDPE Plastic/detergent_bottles/0062_a02b05c1d0e0f1g1h3.jpg,0,HDPE Plastic,0,HDPE Plastic,0.9997631907463074,0.9997631907463074,5.443486588774249e-05,0.00012832264474127442,3.240073783672415e-05,2.1609332179650664e-05
/Users/aswanathjs/Downloads/test9/ai_plastic_waste_management_training/HDPE Plastic/detergent_botteles_grey/0062_a02b05c1d0e0f1g1h3.jpg,0,HDPE Plastic,0,HDPE Plastic,0.9985253214836121,0.9985253214836121,5.153297388460487e-05,0.0012743475381284952,4.666871973313391e-05,0.00010212028428213671
/Users/aswanathjs/Downloads/test9/ai_plastic_waste_management_training/PET Plastic/black_white_plastic_bottles/bktql_jpg.rf.306bcfeddd2b7c2e5c1f1219514fd16e.jpg,2,PET Plastic,2,PET Plastic,0.9968186616897583,0.002492218278348446,0.00010209556785412133,0.9968186616897583,0.0002964347950182855,0.00029049310251139104
/Users/aswanathjs/Downloads/test9/ai_plastic_waste_management_training/HDPE Plastic/detergent_bottles/IMG_20220209_182721.jpg,0,HDPE Plastic,0,HDPE Plastic,0.9787988066673279,0.9787988066673279,0.004988546017557383,0.007077159360051155,0.008076236583292484,0.0010593004990369081
/Users/aswanathjs/Downloads/test9/ai_plastic_waste_management_training/PP Plastic/irregular_containers/train_PP-69_jpg.rf.f12708527c83cb98ba92d9407a2162ba.jpg,3,PP Plastic,3,PP Plastic,0.997786283493042,0.00018478630227036774,0.001147977658547461,0.000194245352759026,0.997786283493042,0.0006866894545964897
/Users/aswanathjs/Downloads/test9/ai_plastic_waste_management_training/PET Plastic/plastic_bottles/PET342.jpg,2,PET Plastic,2,PET Plastic,0.9994673132896423,0.0003877474809996784,9.292029426433146e-05,0.9994673132896423,2.0646009943448007e-05,3.14044882543385e-05
/Users/aswanathjs/Downloads/test9/ai_plastic_waste_management_training/PET Plastic/shampoo_bottles/0015_a05b00c1d0e1f1g0h4.jpg,2,PET Plastic,2,PET Plastic,0.9996389150619507,0.00011628759239101782,4.692699803854339e-06,0.9996389150619507,0.00021956939599476755,2.055547884083353e-05
/Users/aswanathjs/Downloads/test9/ai_plastic_waste_management_training/LDPE Plastic/plastic_bags_grey/LDPE-447_jpg.rf.8489b29246553f393bf14b4321cb5732.jpg,1,LDPE Plastic,1,LDPE Plastic,0.9990230798721313,0.00018606852972880006,0.9990230798721313,0.00025214621564373374,0.0003341573174111545,0.00020450935699045658
/Users/aswanathjs/Downloads/test9/ai_plastic_waste_management_training/LDPE Plastic/plastic_bags/LDPE-447_jpg.rf.8489b29246553f393bf14b4321cb5732.jpg,1,LDPE Plastic,1,LDPE Plastic,0.9985178112983704,0.00015725479170214385,0.9985178112983704,0.00029114430071786046,0.0007465030648745596,0.00028735827072523534
/Users/aswanathjs/Downloads/test9/ai_plastic_waste_management_training/HDPE Plastic/shampoo_bottles/0099_a02b01c2d1e0f1g0h0.jpg,0,HDPE Plastic,0,HDPE Plastic,0.9999562501907349,0.9999562501907349,1.1860877748404164e-05,1.375190640828805e-05,8.360417268704623e-06,9.793239769351203e-06
/Users/aswanathjs/Downloads/test9/ai_plastic_waste_management_training/PET Plastic/black_white_plastic_bottles/akzng_jpg.rf.21d247b0e30e78e591ebc1d877491577.jpg,2,PET Plastic,2,PET Plastic,0.9997552037239075,2.026466427196283e-05,8.584679017076269e-05,0.9997552037239075,8.721007179701701e-05,5.154028258402832e-05
/Users/aswanathjs/Downloads/test9/ai_plastic_waste_management_training/LDPE Plastic/plastic_bags/LDPE-20_jpg.rf.11c02bd571c93febe489b313f408ab91.jpg,1,LDPE Plastic,1,LDPE Plastic,0.9970177412033081,0.000968809996265918,0.9970177412033081,0.0007496742764487863,0.00042969081550836563,0.0008340966305695474
/Users/aswanathjs/Downloads/test9/ai_plastic_waste_management_training/PS Plastic/foam_containers/Image_117.png,4,PS Plastic,4,PS Plastic,0.7279384136199951,0.04784256964921951,0.0856115072965622,0.005390384700149298,0.1332170069217682,0.7279384136199951
/Users/aswanathjs/Downloads/test9/ai_plastic_waste_management_training/LDPE Plastic/plastic_bags/LDPE-473_jpg.rf.1d1060071a4ab7aa75396424077fc86d.jpg,1,LDPE Plastic,1,LDPE Plastic,0.999269425868988,0.00016312442312482744,0.999269425868988,0.00025415181880816817,4.485164754441939e-05,0.00026833414449356496
/Users/aswanathjs/Downloads/test9/ai_plastic_waste_management_training/HDPE Plastic/shampoo_bottles/0063_a02b01c2d3e0f1g1h4.jpg,0,HDPE Plastic,0,HDPE Plastic,0.9995773434638977,0.9995773434638977,6.756192306056619e-05,0.0002735663147177547,3.419319909880869e-05,4.7283232561312616e-05
"/Users/aswanathjs/Downloads/test9/ai_plastic_waste_management_training/PET Plastic/plastic_bottles/PET1,151.jpg",2,PET Plastic,2,PET Plastic,0.9987794756889343,0.0005131559446454048,0.00019139992946293205,0.9987794756889343,0.000375176256056875,0.00014069203461986035
/Users/aswanathjs/Downloads/test9/ai_plastic_waste_management_training/PET Plastic/shampoo_bottles/0100_a05b00c1d1e0f0g0h3.jpg,2,PET Plastic,2,PET Plastic,0.999869704246521,1.58164602908073e-05,7.361751613643719e-06,0.999869704246521,7.238415128085762e-05,3.467452552285977e-05
/Users/aswanathjs/Downloads/test9/ai_plastic_waste_management_training/PET Plastic/black_white_plastic_bottles/dosve_jpg.rf.2a18163ce9975fcd0badc62b60d42090.jpg,2,PET Plastic,2,PET Plastic,0.9999610185623169,7.319229553104378e-06,1.839716219365073e-06,0.9999610185623169,1.4983721484895796e-05,1.4868308426230215e-05
"/Users/aswanathjs/Downloads/test9/ai_plastic_waste_management_training/PET Plastic/plastic_bottles/PET1,131.jpg",2,PET Plastic,2,PET Plastic,0.9997907280921936,8.564948802813888e-05,5.368335769162513e-05,0.9997907280921936,5.510741175385192e-05,1.4787357031309512e-05
/Users/aswanathjs/Downloads/test9/ai_plastic_waste_management_training/HDPE Plastic/shampoo_bottles/0076_a02b06c1d0e0f1g0h1.jpg,0,HDPE Plastic,0,HDPE Plastic,0.999758780002594,0.999758780002594,8.54140380397439e-05,6.218811904545873e-05,6.186661630636081e-05,3.1656018109060824e-05
/Users/aswanathjs/Downloads/test9/ai_plastic_waste_management_training/HDPE Plastic/shampoo_bottles/0061_a02b01c1d2e0f1g0h2.jpg,0,HDPE Plastic,0,HDPE Plastic,0.9997137188911438,0.9997137188911438,2.042419509962201e-05,0.0002208056830568239,2.2335105313686654e-05,2.2600217562285252e-05
/Users/aswanathjs/Downloads/test9/ai_plastic_waste_management_training/PET Plastic/plastic_bottles/PET422.jpg,2,PET Plastic,2,PET Plastic,0.9999133348464966,5.2329854952404276e-05,1.2729768968711141e-05,0.9999133348464966,2.4163432499335613e-06,1.9205435819458216e-05
/Users/aswanathjs/Downloads/test9/ai_plastic_waste_management_training/PP Plastic/irregular_containers/train_PP-71-_jpg.rf.85a506106e44decf66e916e6092d9180.jpg,3,PP Plastic,3,PP Plastic,0.9945151805877686,0.0010995120974257588,0.0006826986209489405,0.002192359184846282,0.9945151805877686,0.001510316738858819
/Users/aswanathjs/Downloads/test9/ai_plastic_waste_management_training/PP Plastic/irregular_containers_grey/train_PP-71-_jpg.rf.85a506106e44decf66e916e6092d9180.jpg,3,PP Plastic,3,PP Plastic,0.9948233366012573,0.000696489354595542,0.0004372019611764699,0.0024645295925438404,0.9948233366012573,0.0015784100396558642
"/Users/aswanathjs/Downloads/test9/ai_plastic_waste_management_training/PET Plastic/plastic_bottles/PET1,202.jpg",2,PET Plastic,2,PET Plastic,0.9991067051887512,0.0005481143016368151,0.00010705485328799114,0.9991067051887512,1.7377868061885238e-05,0.00022066992823965847
/Users/aswanathjs/Downloads/test9/ai_plastic_waste_management_training/PET Plastic/black_white_plastic_bottles/dboyc_jpg.rf.5bbb77236a3b469ddc70694890e14b0c.jpg,2,PET Plastic,2,PET Plastic,0.9999408721923828,8.748490472498816e-06,5.2234140639484394e-06,0.9999408721923828,3.233675306546502e-05,1.281212371395668e-05
/Users/aswanathjs/Downloads/test9/ai_plastic_waste_management_training/LDPE Plastic/black_white__plastic_bags/0302_jpg.rf.a75c2d08c041b99926fe01943a0a5b7e.jpg,1,LDPE Plastic,1,LDPE Plastic,0.9994184970855713,0.00012613559374585748,0.9994184970855713,4.4024149246979505e-05,3.295549322501756e-05,0.00037837191484868526
/Users/aswanathjs/Downloads/test9/ai_plastic_waste_management_training/PS Plastic/foam_sheets/PS-783_jpg.rf.cc0cc21bc15e0d56433b30fe330ce637.jpg,4,PS Plastic,4,PS Plastic,0.9983282685279846,0.000346340995747596,0.0001543797698104754,0.0003596790775191039,0.0008113741641864181,0.9983282685279846
/Users/aswanathjs/Downloads/test9/ai_plastic_waste_management_training/PET Plastic/black_white_plastic_bottles/aetry_jpg.rf.b5e1eaadd7763696ab49a91db47b058f.jpg,2,PET Plastic,2,PET Plastic,0.998023509979248,0.00028613689937628806,0.00039959896821528673,0.998023509979248,0.0007771297823637724,0.0005135661922395229
/Users/aswanathjs/Downloads/test9/ai_plastic_waste_management_training/HDPE Plastic/milk_bottles/HDPEM192.jpg,0,HDPE Plastic,0,HDPE Plastic,0.9997237324714661,0.9997237324714661,3.0611103284172714e-05,8.69869691086933e-05,9.687426063464954e-05,6.179239426273853e-05
/Users/aswanathjs/Downloads/test9/ai_plastic_waste_management_training/LDPE Plastic/plastic_bags/LDPE-397_jpg.rf.94bd49d12ad50fccfa3fd215d6f79e09.jpg,1,LDPE Plastic,1,LDPE Plastic,0.9984758496284485,0.0001329620135948062,0.9984758496284485,0.00011751293641282246,0.0005558700067922473,0.0007177646039053798
/Users/aswanathjs/Downloads/test9/ai_plastic_waste_management_training/LDPE Plastic/plastic_bags/test_LDPE-62_jpg.rf.9a8adf66c013155ce4b48a1e565aaedd.jpg,1,LDPE Plastic,1,LDPE Plastic,0.9990346431732178,0.0002456976508256048,0.9990346431732178,0.00024432255304418504,0.00012859310663770884,0.00034671995672397316
/Users/aswanathjs/Downloads/test9/ai_plastic_waste_management_training/PS Plastic/foam_sheets/PS-771_jpg.rf.5c8635740773bf33872e8368302c37de.jpg,4,PS Plastic,4,PS Plastic,0.9979571104049683,0.00043802615255117416,0.00018503397586755455,0.00044932501623407006,0.0009704254334792495,0.9979571104049683
/Users/aswanathjs/Downloads/test9/ai_plastic_waste_management_training/PS Plastic/foam_containers/Image_111.png,4,PS Plastic,4,PS Plastic,0.6811258792877197,0.009586871601641178,0.0871727466583252,0.0037765749730169773,0.21833792328834534,0.6811258792877197
/Users/aswanathjs/Downloads/test9/ai_plastic_waste_management_training/HDPE Plastic/shampoo_bottles/0076_a02b06c1d2e0f1g0h4.jpg,0,HDPE Plastic,0,HDPE Plastic,0.9970508813858032,0.9970508813858032,0.0008697176817804575,0.000672558497171849,0.001111821737140417,0.0002948787296190858
/Users/aswanathjs/Downloads/test9/ai_plastic_waste_management_training/PS Plastic/foam_sheets/PS-547_jpg.rf.bfa9e4b0df528ca6f2c3739368b766df.jpg,4,PS Plastic,4,PS Plastic,0.9995781779289246,3.547576488927007e-05,0.00011275068391114473,6.947017391212285e-05,0.00020413415040820837,0.9995781779289246
/Users/aswanathjs/Downloads/test9/ai_plastic_waste_management_training/PS Plastic/foam_containers/Image_190.png,4,PS Plastic,4,PS Plastic,0.6099163889884949,0.008276134729385376,0.07203855365514755,0.005209666211158037,0.3045593500137329,0.6099163889884949
/Users/aswanathjs/Downloads/test9/ai_plastic_waste_management_training/HDPE Plastic/shampoo_bottles/0063_a02b01c1d2e0f1g1h0.jpg,0,HDPE Plastic,0,HDPE Plastic,0.9995662569999695,0.9995662569999695,1.3841747204423882e-05,0.00011847940186271444,0.0002538605185691267,4.7549638111377135e-05
/Users/aswanathjs/Downloads/test9/ai_plastic_waste_management_training/PET Plastic/black_white_plastic_bottles/dgrmz_jpg.rf.4a99c51d08d515ffb4f6919655df6da8.jpg,2,PET Plastic,2,PET Plastic,0.9989628791809082,0.00029867436387576163,0.00033339078072458506,0.9989628791809082,0.00019594696641433984,0.00020911188039463013
/Users/aswanathjs/Downloads/test9/ai_plastic_waste_management_training/LDPE Plastic/plastic_bags/plasticbag (90).jpg,1,LDPE Plastic,1,LDPE Plastic,0.9988452196121216,9.847731234913226e-06,0.9988452196121216,0.0001984815753530711,0.0003577757452148944,0.0005885727005079389
/Users/aswanathjs/Downloads/test9/ai_plastic_waste_management_training/LDPE Plastic/plastic_bags/LDPE-438_jpg.rf.83f7c2a65e70c10bea8399bcfeee1fbb.jpg,1,LDPE Plastic,1,LDPE Plastic,0.9998117089271545,3.2321109756594524e-05,0.9998117089271545,0.00012663014058489352,1.0609399396344088e-05,1.8788588931784034e-05
/Users/aswanathjs/Downloads/test9/ai_plastic_waste_management_training/LDPE Plastic/plastic_bags/plasticbag (162) 17.43.56.jpg,1,LDPE Plastic,1,LDPE Plastic,0.9927471280097961,0.0007349986117333174,0.9927471280097961,0.00037998362677171826,0.005307516548782587,0.0008303579525090754
/Users/aswanathjs/Downloads/test9/ai_plastic_waste_management_training/PP Plastic/square_containers_grey/IMG_20220209_175348.jpg,3,PP Plastic,3,PP Plastic,0.9864546060562134,0.0011103355791419744,0.008814285509288311,0.002774747321382165,0.9864546060562134,0.0008459410746581852
/Users/aswanathjs/Downloads/test9/ai_plastic_waste_management_training/PP Plastic/square_containers/IMG_20220209_175348.jpg,3,PP Plastic,3,PP Plastic,0.9993293285369873,8.996025280794129e-05,0.0004298686108086258,8.827513374853879e-05,0.9993293285369873,6.258528446778655e-05
/Users/aswanathjs/Downloads/test9/ai_plastic_waste_management_training/PET Plastic/black_white_plastic_bottles/bhtqk_jpg.rf.1e2fb6b794338788a81ecf4e918ca029.jpg,2,PET Plastic,2,PET Plastic,0.9996829032897949,9.10018352442421e-05,1.884250741568394e-05,0.9996829032897949,7.953286694828421e-05,0.00012774544302374125
/Users/aswanathjs/Downloads/test9/ai_plastic_waste_management_training/PET Plastic/black_white_plastic_bottles/cfzyp_jpg.rf.e2292d8cc0bf9dd512de160364fb6664.jpg,2,PET Plastic,2,PET Plastic,0.9995631575584412,2.9595727028208785e-05,0.00023787857207935303,0.9995631575584412,0.00011819271458080038,5.119783236295916e-05
/Users/aswanathjs/Downloads/test9/ai_plastic_waste_management_training/HDPE Plastic/shampoo_bottiles_grey/0065_a02b03c1d3e0f1g0h2.jpg,0,HDPE Plastic,0,HDPE Plastic,0.9998466968536377,0.9998466968536377,1.881499520095531e-05,5.457935549202375e-05,4.943890598951839e-05,3.0394996429095045e-05
/Users/aswanathjs/Downloads/test9/ai_plastic_waste_management_training/HDPE Plastic/shampoo_bottles/0065_a02b03c1d3e0f1g0h2.jpg,0,HDPE Plastic,0,HDPE Plastic,0.9997503161430359,0.9997503161430359,6.365357694448903e-05,4.0411934605799615e-05,8.89123257366009e-05,5.6747587223071605e-05
/Users/aswanathjs/Downloads/test9/ai_plastic_waste_management_training/PET Plastic/black_white_plastic_bottles/dfrup_jpg.rf.fc265beee5709130335406b8bc3de249.jpg,2,PET Plastic,2,PET Plastic,0.9994296431541443,3.438174462644383e-05,0.00011744988296413794,0.9994296431541443,0.00012701116793323308,0.0002914134820457548
/Users/aswanathjs/Downloads/test9/ai_plastic_waste_management_training/HDPE Plastic/milk_bottles/HDPEM89.jpg,0,HDPE Plastic,0,HDPE Plastic,0.9980365633964539,0.9980365633964539,8.76005069585517e-05,0.0012290582526475191,0.00033648876706138253,0.00031034069252200425
/Users/aswanathjs/Downloads/test9/ai_plastic_waste_management_training/PS Plastic/foam_sheets/PS-773_jpg.rf.2d909fe25b478b2f51f31184d06bde99.jpg,4,PS Plastic,4,PS Plastic,0.9983454942703247,0.0003044567711185664,0.00047317903954535723,0.00036469995393417776,0.0005122892907820642,0.9983454942703247
/Users/aswanathjs/Downloads/test9/ai_plastic_waste_management_training/HDPE Plastic/milk_bottles/HDPEM290.jpg,0,HDPE Plastic,0,HDPE Plastic,0.955328643321991,0.955328643321991,0.004554182756692171,0.028021426871418953,0.005994183477014303,0.006101552397012711
/Users/aswanathjs/Downloads/test9/ai_plastic_waste_management_training/PP Plastic/round_containers/0032_a05b01c1d3e0f0g0h3.jpg,3,PP Plastic,3,PP Plastic,0.9980224370956421,0.001380361383780837,5.594789399765432e-05,0.0004068478010594845,0.9980224370956421,0.0001345098135061562
/Users/aswanathjs/Downloads/test9/ai_plastic_waste_management_training/PP Plastic/round_containers/0009_a06b01c2d0e0f0g0h2.jpg,3,PP Plastic,3,PP Plastic,0.9990814924240112,0.0003175867022946477,0.0003167437098454684,0.00020294614660087973,0.9990814924240112,8.126021566567943e-05
/Users/aswanathjs/Downloads/test9/ai_plastic_waste_management_training/HDPE Plastic/shampoo_bottles/0078_a02b07c2d0e0f1g0h2.jpg,0,HDPE Plastic,0,HDPE Plastic,0.9994644522666931,0.9994644522666931,0.0001778739388100803,7.11408574716188e-05,0.00019134678586851805,9.523820335743949e-05
"/Users/aswanathjs/Downloads/test9/ai_plastic_waste_management_training/PET Plastic/plastic_bottles/PET1,727.jpg",2,PET Plastic,2,PET Plastic,0.9998906850814819,4.371298200567253e-05,4.394747884362005e-05,0.9998906850814819,6.3764687183720525e-06,1.5250572687364183e-05
/Users/aswanathjs/Downloads/test9/ai_plastic_waste_management_training/HDPE Plastic/detergent_bottles/0039_a02b01c1d3e0f1g0h4.jpg,0,HDPE Plastic,0,HDPE Plastic,0.996886670589447,0.996886670589447,0.0005013185436837375,0.0008850693702697754,0.0011989300837740302,0.0005280463956296444
/Users/aswanathjs/Downloads/test9/ai_plastic_waste_management_training/PET Plastic/black_white_plastic_bottles/cgbwi_jpg.rf.24e952c63d24ba0e80197cf6fb3dbd3c.jpg,2,PET Plastic,2,PET Plastic,0.999213457107544,5.216312638367526e-05,0.0005107844481244683,0.999213457107544,4.7506393457297236e-05,0.000176057088538073
/Users/aswanathjs/Downloads/test9/ai_plastic_waste_management_training/PP Plastic/round_containers/0035_a06b01c2d1e0f0g0h1.jpg,3,PP Plastic,3,PP Plastic,0.9987815022468567,3.864304017042741e-05,0.000333757750922814,0.000773973879404366,0.9987815022468567,7.21338001312688e-05
/Users/aswanathjs/Downloads/test9/ai_plastic_waste_management_training/LDPE Plastic/plastic_bags/train_LDPE-10_jpg.rf.b3c0136a4989d02ce10e24ecbb0a71d8.jpg,1,LDPE Plastic,1,LDPE Plastic,0.9997225403785706,6.168257095851004e-05,0.9997225403785706,7.367519719991833e-05,2.3418248019879684e-05,0.0001186322551802732
/Users/aswanathjs/Downloads/test9/ai_plastic_waste_management_training/HDPE Plastic/shampoo_bottles/0075_a02b01c1d1e0f0g0h0.jpg,0,HDPE Plastic,0,HDPE Plastic,0.9937314391136169,0.9937314391136169,0.0004946737317368388,0.0016927482793107629,0.003485315479338169,0.0005958135589025915
/Users/aswanathjs/Downloads/test9/ai_plastic_waste_management_training/HDPE Plastic/shampoo_bottles/0078_a02b07c2d1e0f1g0h3.jpg,0,HDPE Plastic,0,HDPE Plastic,0.9990314245223999,0.9990314245223999,0.0003246965061407536,0.00012954874546267092,0.0002360944781685248,0.000278233434073627
/Users/aswanathjs/Downloads/test9/ai_plastic_waste_management_training/PET Plastic/black_white_plastic_bottles/ctzjw_jpg.rf.3d9f231ae2761babb58f5c51af6f24b1.jpg,2,PET Plastic,2,PET Plastic,0.9988846182823181,0.00022061014897190034,0.0004980106023140252,0.9988846182823181,0.00017830099386628717,0.00021840311819687486
/Users/aswanathjs/Downloads/test9/ai_plastic_waste_management_training/PP Plastic/square_containers/IMG_20220209_173116.jpg,3,PP Plastic,3,PP Plastic,0.9943917393684387,0.0029100454412400723,0.0003132507554255426,0.00012270364095456898,0.9943917393684387,0.00226218462921679
/Users/aswanathjs/Downloads/test9/ai_plastic_waste_management_training/PET Plastic/black_white_plastic_bottles/ahjgw_jpg.rf.95a9b028b159282a7b7c739ecc50c962.jpg,2,PET Plastic,2,PET Plastic,0.9934815168380737,0.0012505745980888605,0.001787826418876648,0.9934815168380737,0.0018916357075795531,0.001588434330187738
/Users/aswanathjs/Downloads/test9/ai_plastic_waste_management_training/PP Plastic/square_containers/Image_100.png,3,PP Plastic,3,PP Plastic,0.9789814352989197,0.0015969264786690474,0.01822591945528984,0.00028364849276840687,0.9789814352989197,0.000912083254661411
/Users/aswanathjs/Downloads/test9/ai_plastic_waste_management_training/PS Plastic/foam_containers/Image_100.png,3,PP Plastic,3,PP Plastic,0.46357598900794983,0.14192308485507965,0.07552105188369751,0.014841984026134014,0.46357598900794983,0.30413785576820374
/Users/aswanathjs/Downloads/test9/ai_plastic_waste_management_training/PET Plastic/plastic_bottles/PET307.jpg,2,PET Plastic,2,PET Plastic,0.9980300068855286,0.00018727841961663216,0.0002913961070589721,0.9980300068855286,0.0009294081246480346,0.0005618979339487851
/Users/aswanathjs/Downloads/test9/ai_plastic_waste_management_training/HDPE Plastic/milk_bottles/HDPEM271.jpg,0,HDPE Plastic,0,HDPE Plastic,0.9960522651672363,0.9960522651672363,0.000333863717969507,0.0002880754473153502,0.0029816629830747843,0.0003440857690293342
/Users/aswanathjs/Downloads/test9/ai_plastic_waste_management_training/HDPE Plastic/shampoo_bottles/0023_a02b01c2d3e0f1g0h4.jpg,0,HDPE Plastic,0,HDPE Plastic,0.9961187839508057,0.9961187839508057,0.00021663437655661255,0.00019361857266630977,0.0033517186529934406,0.00011921967234229669
/Users/aswanathjs/Downloads/test9/ai_plastic_waste_management_training/HDPE Plastic/shampoo_bottles/0065_a02b03c2d3e0f1g0h2.jpg,0,HDPE Plastic,0,HDPE Plastic,0.9997931122779846,0.9997931122779846,3.3791879104683176e-05,2.8714179279631935e-05,9.144042996922508e-05,5.286223677103408e-05
/Users/aswanathjs/Downloads/test9/ai_plastic_waste_management_training/PP Plastic/square_containers_grey/Image_125.png,3,PP Plastic,3,PP Plastic,0.9389653205871582,0.012305219657719135,0.034657981246709824,0.0019065047381445765,0.9389653205871582,0.012164991348981857
/Users/aswanathjs/Downloads/test9/ai_plastic_waste_management_training/PP Plastic/square_containers/Image_125.png,3,PP Plastic,3,PP Plastic,0.9430615305900574,0.016579575836658478,0.024039985612034798,0.0023920077364891768,0.9430615305900574,0.013926815241575241
/Users/aswanathjs/Downloads/test9/ai_plastic_waste_management_training/PS Plastic/foam_containers/Image_125.png,3,PP Plastic,3,PP Plastic,0.7813128232955933,0.04474565014243126,0.06804447621107101,0.0022445961367338896,0.7813128232955933,0.1036524772644043
/Users/aswanathjs/Downloads/test9/ai_plastic_waste_management_training/HDPE Plastic/shampoo_bottles/0063_a02b01c1d3e0f1g1h1.jpg,0,HDPE Plastic,0,HDPE Plastic,0.9994284510612488,0.9994284510612488,2.2533407900482416e-05,0.00022219790844246745,0.0001606946752872318,0.00016612725448794663
/Users/aswanathjs/Downloads/test9/ai_plastic_waste_management_training/LDPE Plastic/black_white__plastic_bags/0280_jpg.rf.35aaa5f342df8f51d80f05feb1132923.jpg,1,LDPE Plastic,1,LDPE Plastic,0.9976083040237427,0.0006606189999729395,0.9976083040237427,0.00025749774067662656,0.0004689590132329613,0.0010046374518424273
/Users/aswanathjs/Downloads/test9/ai_plastic_waste_management_training/HDPE Plastic/shampoo_bottles/0077_a02b01c1d1e0f1g0h1.jpg,0,HDPE Plastic,0,HDPE Plastic,0.9990851879119873,0.9990851879119873,0.00013103899254929274,0.0004938034107908607,7.164612179622054e-05,0.00021832366473972797
/Users/aswanathjs/Downloads/test9/ai_plastic_waste_management_training/LDPE Plastic/plastic_bags_grey/plasticbag (4).jpg,1,LDPE Plastic,1,LDPE Plastic,0.999864935874939,4.824985808227211e-06,0.999864935874939,2.0360341295599937e-05,9.949014929588884e-05,1.0337275853089523e-05
/Users/aswanathjs/Downloads/test9/ai_plastic_waste_management_training/LDPE Plastic/plastic_bags/plasticbag (4).jpg,1,LDPE Plastic,1,LDPE Plastic,0.9999648332595825,1.2805655842385022e-06,0.9999648332595825,1.3031074558966793e-05,1.6764495740062557e-05,4.002361038146773e-06
/Users/aswanathjs/Downloads/test9/ai_plastic_waste_management_training/LDPE Plastic/plastic_bags/plasticbag (4).png,1,LDPE Plastic,1,LDPE Plastic,0.9980311989784241,0.00020235094416420907,0.9980311989784241,0.0001716432743705809,0.0012583339121192694,0.0003365198499523103
/Users/aswanathjs/Downloads/test9/ai_plastic_waste_management_training/LDPE Plastic/black_white__plastic_bags/0036_jpg.rf.bc66ef850914d311fc6e2fde687c7af2.jpg,1,LDPE Plastic,1,LDPE Plastic,0.9998875856399536,1.5388441170216538e-05,0.9998875856399536,1.9959412384196185e-05,1.7533404388814233e-05,5.9497906477190554e-05
/Users/aswanathjs/Downloads/test9/ai_plastic_waste_management_training/PP Plastic/irregular_containers/train_PP-49_jpg.rf.c622f122f16aae57b8e77672375427cd.jpg,3,PP Plastic,3,PP Plastic,0.9985015392303467,0.0005783618544228375,0.00037914834683761,0.00025506160454824567,0.9985015392303467,0.0002859121887013316
"/Users/aswanathjs/Downloads/test9/ai_plastic_waste_management_training/PET Plastic/plastic_bottles/PET1,339.jpg",2,PET Plastic,2,PET Plastic,0.9993342757225037,0.00032972884946502745,3.126047886325978e-05,0.9993342757225037,0.0002609855146147311,4.3747862946474925e-05
"/Users/aswanathjs/Downloads/test9/ai_plastic_waste_management_training/PET Plastic/plastic_bottles/PET1,211.jpg",2,PET Plastic,2,PET Plastic,0.9979043006896973,0.0004559801600407809,0.000766659330110997,0.9979043006896973,0.00019573372264858335,0.0006773682544007897
/Users/aswanathjs/Downloads/test9/ai_plastic_waste_management_training/PS Plastic/foam_sheets/PS-541_jpg.rf.94bc0a0945f6d5ad21f36be039cd2d5c.jpg,4,PS Plastic,4,PS Plastic,0.9991573095321655,0.0002448615850880742,0.0003258094657212496,0.00010192932677455246,0.00017009451403282583,0.9991573095321655
/Users/aswanathjs/Downloads/test9/ai_plastic_waste_management_training/HDPE Plastic/milk_bottles/HDPEM136.jpg,0,HDPE Plastic,0,HDPE Plastic,0.9985450506210327,0.9985450506210327,0.00024384071002714336,0.00011173801613040268,0.0009432698134332895,0.0001560277014505118
/Users/aswanathjs/Downloads/test9/ai_plastic_waste_management_training/LDPE Plastic/bin_bags/LDPE242-Photoroom_0_6216_jpg.rf.47231db1f481496611e5e4dad4e347d9.jpg,1,LDPE Plastic,1,LDPE Plastic,0.9767709970474243,0.0024818810634315014,0.9767709970474243,0.00044170109322294593,0.008529037237167358,0.011776398867368698
/Users/aswanathjs/Downloads/test9/ai_plastic_waste_management_training/LDPE Plastic/bin_bags/LDPE242-Photoroom_0_6216_jpg.rf.b7bbb84c4117a4d9ca53a412b2746460.jpg,1,LDPE Plastic,1,LDPE Plastic,0.997708797454834,0.0002611981763038784,0.997708797454834,1.5112039363884833e-05,0.0010007093660533428,0.001014173380099237
/Users/aswanathjs/Downloads/test9/ai_plastic_waste_management_training/LDPE Plastic/bin_bags_grey/LDPE242-Photoroom_0_6216_jpg.rf.b7bbb84c4117a4d9ca53a412b2746460.jpg,1,LDPE Plastic,1,LDPE Plastic,0.9980966448783875,0.0004912256845273077,0.9980966448783875,2.7077992854174227e-05,0.0005495591321960092,0.0008355165482498705
/Users/aswanathjs/Downloads/test9/ai_plastic_waste_management_training/PET Plastic/black_white_plastic_bottles/aznvl_jpg.rf.a3eb2b72f928bc0af1c03ffb37c16788.jpg,2,PET Plastic,2,PET Plastic,0.998559296131134,0.0002448658342473209,0.0007750483928248286,0.998559296131134,0.00011883053957717493,0.00030204872018657625
/Users/aswanathjs/Downloads/test9/ai_plastic_waste_management_training/LDPE Plastic/plastic_bags/test_LDPE-50_jpg.rf.cc65e6440981f1f09e18444523c0455a.jpg,1,LDPE Plastic,1,LDPE Plastic,0.998694121837616,0.0006532293627969921,0.998694121837616,4.914110104436986e-05,7.517917401855811e-05,0.0005284567014314234
/Users/aswanathjs/Downloads/test9/ai_plastic_waste_management_training/PP Plastic/round_containers/0031_a05b01c1d1e0f0g0h1.jpg,3,PP Plastic,3,PP Plastic,0.9998106360435486,8.069715113379061e-05,6.991406553424895e-05,2.035836223512888e-05,0.9998106360435486,1.8395650840830058e-05
/Users/aswanathjs/Downloads/test9/ai_plastic_waste_management_training/HDPE Plastic/detergent_bottles/0010_a02b01c1d0e0f1g0h1.jpg,0,HDPE Plastic,0,HDPE Plastic,0.9974138736724854,0.9974138736724854,9.185179078485817e-05,0.0012964772759005427,0.0010621676919981837,0.0001355605636490509
/Users/aswanathjs/Downloads/test9/ai_plastic_waste_management_training/HDPE Plastic/detergent_botteles_grey/0010_a02b01c1d0e0f1g0h1.jpg,0,HDPE Plastic,0,HDPE Plastic,0.9998328685760498,0.9998328685760498,2.233631857961882e-05,0.00010862173076020554,1.6844265701365657e-05,1.9258837710367516e-05
/Users/aswanathjs/Downloads/test9/ai_plastic_waste_management_training/PS Plastic/foam_sheets/PS-891_jpg.rf.a446fb97beba4ad961e90772351469a9.jpg,4,PS Plastic,4,PS Plastic,0.9999314546585083,1.4127585018286481e-05,2.1371990442276e-05,1.7134267181972973e-05,1.5834039004403166e-05,0.9999314546585083
/Users/aswanathjs/Downloads/test9/ai_plastic_waste_management_training/PET Plastic/plastic_bottles/PET284.jpg,2,PET Plastic,2,PET Plastic,0.9977602958679199,0.00010146474960492924,0.00012431020149961114,0.9977602958679199,0.0015516632702201605,0.0004622132983058691
/Users/aswanathjs/Downloads/test9/ai_plastic_waste_management_training/HDPE Plastic/shampoo_bottles/0076_a02b06c2d0e0f1g0h4.jpg,0,HDPE Plastic,0,HDPE Plastic,0.9988465309143066,0.9988465309143066,0.0002478724345564842,0.0002824462717399001,0.0002894124772865325,0.00033373941550962627
/Users/aswanathjs/Downloads/test9/ai_plastic_waste_management_training/PET Plastic/black_white_plastic_bottles/bzamx_jpg.rf.b77a73d01e0707cff3aea78ddda85d1e.jpg,2,PET Plastic,2,PET Plastic,0.999879002571106,4.842619819100946e-05,1.7212143575306982e-05,0.999879002571106,1.3309281712281518e-05,4.206069206702523e-05
/Users/aswanathjs/Downloads/test9/ai_plastic_waste_management_training/HDPE Plastic/detergent_bottles/Image_243.png,0,HDPE Plastic,0,HDPE Plastic,0.9907608032226562,0.9907608032226562,0.0031702963169664145,0.0015708374558016658,0.0021950642112642527,0.0023029919248074293
/Users/aswanathjs/Downloads/test9/ai_plastic_waste_management_training/PS Plastic/foam_containers/Image_243.png,0,HDPE Plastic,4,PS Plastic,0.4071493148803711,0.24839890003204346,0.08893990516662598,0.023827798664569855,0.23168405890464783,0.4071493148803711
/Users/aswanathjs/Downloads/test9/ai_plastic_waste_management_training/HDPE Plastic/detergent_bottles/0096_a02b04c1d3e0f0g0h3.jpg,0,HDPE Plastic,0,HDPE Plastic,0.9997628331184387,0.9997628331184387,3.665756230475381e-05,5.448730371426791e-05,0.00011989888298558071,2.6152967620873824e-05
/Users/aswanathjs/Downloads/test9/ai_plastic_waste_management_training/PET Plastic/black_white_plastic_bottles/abjgk_jpg.rf.e12e90efa6341f65fe80a39652a215a3.jpg,2,PET Plastic,2,PET Plastic,0.9995575547218323,4.920394712826237e-05,8.058422827161849e-05,0.9995575547218323,0.0001296408154303208,0.00018307252321392298
/Users/aswanathjs/Downloads/test9/ai_plastic_waste_management_training/PS Plastic/foam_containers/0058_a06b01c1d3e0f0g0h0.jpg,4,PS Plastic,4,PS Plastic,0.9996399879455566,5.4412328609032556e-05,7.2990096668945625e-06,2.046265763055999e-05,0.00027775956550613046,0.9996399879455566
/Users/aswanathjs/Downloads/test9/ai_plastic_waste_management_training/LDPE Plastic/plastic_bags/plasticbag (95).jpg,1,LDPE Plastic,1,LDPE Plastic,0.9999203681945801,1.3840392966812942e-05,0.9999203681945801,5.7007678151421715e-06,3.755827492568642e-05,2.2518885089084506e-05
/Users/aswanathjs/Downloads/test9/ai_plastic_waste_management_training/LDPE Plastic/black_white__plastic_bags/0287_jpg.rf.48f6a64d1e8205664647763713afe620.jpg,1,LDPE Plastic,1,LDPE Plastic,0.9977273344993591,0.0003031219239346683,0.9977273344993591,0.0012079656589776278,8.195277769118547e-05,0.000679690099786967
/Users/aswanathjs/Downloads/test9/ai_plastic_waste_management_training/PP Plastic/square_containers/IMG_20220209_175319.jpg,3,PP Plastic,3,PP Plastic,0.9982615113258362,0.0003686882264446467,0.00026500134845264256,0.0001778268051566556,0.9982615113258362,0.0009269824950024486
"/Users/aswanathjs/Downloads/test9/ai_plastic_waste_management_training/PET Plastic/plastic_bottles/PET1,671.jpg",2,PET Plastic,2,PET Plastic,0.9993042945861816,0.00012470828369259834,0.0002506824675947428,0.9993042945861816,0.00017393070447724313,0.0001464182569179684
/Users/aswanathjs/Downloads/test9/ai_plastic_waste_management_training/LDPE Plastic/plastic_bags/LDPE-55_jpg.rf.92d80c4a5916e30f57f38f917c8df782.jpg,1,LDPE Plastic,1,LDPE Plastic,0.9999324083328247,1.535270166641567e-05,0.9999324083328247,1.763200998539105e-06,2.0834742826991715e-05,2.9608496333821677e-05
/Users/aswanathjs/Downloads/test9/ai_plastic_waste_management_training/LDPE Plastic/plastic_bags/LDPE-55_jpg.rf.bbf2bfb0a6d6cc534bac86bde66acc52.jpg,1,LDPE Plastic,1,LDPE Plastic,0.9921116828918457,0.0022656680084764957,0.9921116828918457,0.0006666271947324276,0.0021951734088361263,0.002760808216407895
/Users/aswanathjs/Downloads/test9/ai_plastic_waste_management_training/PET Plastic/plastic_bottles/PET813.jpg,2,PET Plastic,2,PET Plastic,0.9994770884513855,0.0002808670687954873,5.9724705351982266e-05,0.9994770884513855,1.5646515748812817e-05,0.00016661356494296342
/Users/aswanathjs/Downloads/test9/ai_plastic_waste_management_training/PET Plastic/black_white_plastic_bottles/buaxg_jpg.rf.0aaf5f50b0b33fd24adab4eae0cba1f3.jpg,2,PET Plastic,2,PET Plastic,0.999627947807312,2.9204906240920536e-05,8.161890582414344e-05,0.999627947807312,0.00010021486377809197,0.00016096190665848553
/Users/aswanathjs/Downloads/test9/ai_plastic_waste_management_training/PP Plastic/round_containers/0035_a06b01c2d0e0f0g0h1.jpg,3,PP Plastic,3,PP Plastic,0.9985060691833496,2.805210169753991e-05,0.000438790739281103,0.00016453082207590342,0.9985060691833496,0.0008626161143183708
/Users/aswanathjs/Downloads/test9/ai_plastic_waste_management_training/LDPE Plastic/plastic_bags/plasticbag (202) 17.43.56.jpg,1,LDPE Plastic,1,LDPE Plastic,0.997892439365387,5.494699871633202e-05,0.997892439365387,6.344912981148809e-05,0.0013732402585446835,0.0006158800097182393
/Users/aswanathjs/Downloads/test9/ai_plastic_waste_management_training/PET Plastic/plastic_bottles/PET383.jpg,2,PET Plastic,2,PET Plastic,0.9996728897094727,5.2326751756481826e-05,2.1080613805679604e-05,0.9996728897094727,0.00013724149903282523,0.00011641626042546704
/Users/aswanathjs/Downloads/test9/ai_plastic_waste_management_training/PS Plastic/foam_sheets/PS-578_jpg.rf.c03726dafadd0f44a0b489aecf97378a.jpg,4,PS Plastic,4,PS Plastic,0.9994990825653076,5.021091419621371e-05,0.0001294318790314719,6.534570275107399e-05,0.0002560469729360193,0.9994990825653076
/Users/aswanathjs/Downloads/test9/ai_plastic_waste_management_training/PP Plastic/round_containers/0035_a06b01c1d3e0f0g0h1.jpg,3,PP Plastic,3,PP Plastic,0.997148334980011,0.00014610975631512702,0.0020698485895991325,0.00043499842286109924,0.997148334980011,0.00020073582709301263
/Users/aswanathjs/Downloads/test9/ai_plastic_waste_management_training/LDPE Plastic/black_white__plastic_bags/0212_jpg.rf.ba87953b5ea0fccf949ddf2fee967405.jpg,1,LDPE Plastic,1,LDPE Plastic,0.9995488524436951,9.548016532789916e-05,0.9995488524436951,1.538633841846604e-05,0.000277390907285735,6.286435382207856e-05
/Users/aswanathjs/Downloads/test9/ai_plastic_waste_management_training/LDPE Plastic/black_white__plastic_bags/0010_jpg.rf.c08dae215cba013f747e600d5be2c42b.jpg,1,LDPE Plastic,1,LDPE Plastic,0.9980796575546265,0.00030154138221405447,0.9980796575546265,0.00022731450735591352,0.0006966242799535394,0.0006948225200176239
/Users/aswanathjs/Downloads/test9/ai_plastic_waste_management_training/PET Plastic/black_white_plastic_bottles/buhps_jpg.rf.0132a374225268f2ab552d9256129079.jpg,2,PET Plastic,2,PET Plastic,0.99962317943573,0.00017190413200296462,3.0358598451130092e-05,0.99962317943573,0.00012013128434773535,5.4399944929173216e-05
/Users/aswanathjs/Downloads/test9/ai_plastic_waste_management_training/PS Plastic/foam_containers/Image_79.png,4,PS Plastic,4,PS Plastic,0.7826462984085083,0.03608177602291107,0.09030937403440475,0.004239182453602552,0.08672332763671875,0.7826462984085083
/Users/aswanathjs/Downloads/test9/ai_plastic_waste_management_training/HDPE Plastic/detergent_bottles/IMG_20220209_220107.jpg,0,HDPE Plastic,0,HDPE Plastic,0.9904630780220032,0.9904630780220032,5.292028436088003e-05,0.009290621615946293,0.00013505165406968445,5.828886787639931e-05
/Users/aswanathjs/Downloads/test9/ai_plastic_waste_management_training/PET Plastic/plastic_bottles/PET938.jpg,2,PET Plastic,2,PET Plastic,0.9961691498756409,0.001790811656974256,0.0006873001693747938,0.9961691498756409,0.0005871260073035955,0.0007655405206605792
/Users/aswanathjs/Downloads/test9/ai_plastic_waste_management_training/PP Plastic/rectangle_containers/0011_a05b00c1d3e0f0g0h4.jpg,3,PP Plastic,3,PP Plastic,0.9993497729301453,1.499840072938241e-05,4.4538370275404304e-05,0.0005665594944730401,0.9993497729301453,2.4157359803211875e-05
/Users/aswanathjs/Downloads/test9/ai_plastic_waste_management_training/PP Plastic/square_containers/0011_a05b00c1d3e0f0g0h4.jpg,3,PP Plastic,3,PP Plastic,0.9993497729301453,1.499840072938241e-05,4.4538370275404304e-05,0.0005665594944730401,0.9993497729301453,2.4157359803211875e-05
"/Users/aswanathjs/Downloads/test9/ai_plastic_waste_management_training/PET Plastic/plastic_bottles/PET1,546.jpg",2,PET Plastic,2,PET Plastic,0.9999687671661377,3.2753951018094085e-06,1.2813531611755025e-05,0.9999687671661377,1.0020109584729653e-05,5.071261057310039e-06
/Users/aswanathjs/Downloads/test9/ai_plastic_waste_management_training/HDPE Plastic/detergent_bottles/IMG_20220209_182711.jpg,0,HDPE Plastic,0,HDPE Plastic,0.9817335605621338,0.9817335605621338,0.004697372205555439,0.006434111390262842,0.005646132864058018,0.0014888244913890958
"/Users/aswanathjs/Downloads/test9/ai_plastic_waste_management_training/PET Plastic/plastic_bottles/PET1,722.jpg",2,PET Plastic,2,PET Plastic,0.9981371164321899,5.223405605647713e-05,0.00022041730699129403,0.9981371164321899,0.001443939981982112,0.00014619257126469165
"/Users/aswanathjs/Downloads/test9/ai_plastic_waste_management_training/PET Plastic/plastic_bottles/PET1,267.jpg",2,PET Plastic,2,PET Plastic,0.9996111989021301,0.0002148589410353452,1.9433511624811217e-05,0.9996111989021301,0.00010640336404321715,4.8139751015696675e-05
/Users/aswanathjs/Downloads/test9/ai_plastic_waste_management_training/LDPE Plastic/black_white__plastic_bags/0144_jpg.rf.2462a22e9ae41eb5e560764f23d29467.jpg,1,LDPE Plastic,1,LDPE Plastic,0.9947147965431213,0.0033239121548831463,0.9947147965431213,0.0002655292919371277,0.0014590858481824398,0.00023659068392589688
/Users/aswanathjs/Downloads/test9/ai_plastic_waste_management_training/LDPE Plastic/plastic_bags/LDPE-586_jpg.rf.1f8ad740cbf30b906c3ef360fb917351.jpg,1,LDPE Plastic,1,LDPE Plastic,0.9990977048873901,0.0001570350577821955,0.9990977048873901,0.0002502582792658359,0.0002490549813956022,0.0002459243987686932
/Users/aswanathjs/Downloads/test9/ai_plastic_waste_management_training/HDPE Plastic/shampoo_bottles/0061_a02b01c2d1e0f1g0h2(1).jpg,0,HDPE Plastic,0,HDPE Plastic,0.997276246547699,0.997276246547699,0.00025628646835684776,0.00033059483394026756,0.0010887725511565804,0.0010481367353349924
/Users/aswanathjs/Downloads/test9/ai_plastic_waste_management_training/PET Plastic/black_white_plastic_bottles/camij_jpg.rf.ab5594cbae8803a4714f77c4913e11b8.jpg,2,PET Plastic,2,PET Plastic,0.9998791217803955,1.731592055875808e-05,2.8526021196739748e-05,0.9998791217803955,2.3283548216568306e-05,5.174082252779044e-05
/Users/aswanathjs/Downloads/test9/ai_plastic_waste_management_training/HDPE Plastic/shampoo_bottles/0023_a02b01c1d3e0f1g0h4.jpg,0,HDPE Plastic,0,HDPE Plastic,0.9914355874061584,0.9914355874061584,9.173047874355689e-05,0.0001254923117812723,0.00814475491642952,0.00020235910778865218
/Users/aswanathjs/Downloads/test9/ai_plastic_waste_management_training/PP Plastic/square_containers/Image_132.png,3,PP Plastic,3,PP Plastic,0.9634638428688049,0.0015140074538066983,0.03415362164378166,0.00017755130829755217,0.9634638428688049,0.0006909623043611646
/Users/aswanathjs/Downloads/test9/ai_plastic_waste_management_training/PS Plastic/foam_containers/Image_132.png,3,PP Plastic,3,PP Plastic,0.49618852138519287,0.03415503352880478,0.04358740523457527,0.003661898197606206,0.49618852138519287,0.4224070608615875
/Users/aswanathjs/Downloads/test9/ai_plastic_waste_management_training/HDPE Plastic/milk_bottles/HDPEM96.jpg,0,HDPE Plastic,0,HDPE Plastic,0.9998483657836914,0.9998483657836914,3.0617065931437537e-06,2.2619842638960108e-05,8.81445303093642e-05,3.7810186768183485e-05
/Users/aswanathjs/Downloads/test9/ai_plastic_waste_management_training/PP Plastic/round_containers/0032_a05b01c1d3e0f0g0h4.jpg,3,PP Plastic,3,PP Plastic,0.9995657801628113,0.00027080002473667264,1.5872008589212783e-05,7.950390136102214e-05,0.9995657801628113,6.801911513321102e-05
"/Users/aswanathjs/Downloads/test9/ai_plastic_waste_management_training/PET Plastic/plastic_bottles/PET1,429.jpg",2,PET Plastic,2,PET Plastic,0.9987295269966125,0.0007051239954307675,3.4235785278724506e-05,0.9987295269966125,0.0003005309554282576,0.00023057457292452455
/Users/aswanathjs/Downloads/test9/ai_plastic_waste_management_training/PET Plastic/black_white_plastic_bottles/dklnv_jpg.rf.bac7619e573359f8daaed19610d9e2c2.jpg,2,PET Plastic,2,PET Plastic,0.9944069385528564,0.0015550005482509732,2.3663827960263006e-05,0.9944069385528564,0.0036210748367011547,0.0003933828847948462
/Users/aswanathjs/Downloads/test9/ai_plastic_waste_management_training/LDPE Plastic/plastic_bags/plasticbag (177) 17.43.56.jpg,1,LDPE Plastic,1,LDPE Plastic,0.9980873465538025,0.0013831823598593473,0.9980873465538025,0.0001721247099339962,0.00010161733371205628,0.00025568337878212333
/Users/aswanathjs/Downloads/test9/ai_plastic_waste_management_training/LDPE Plastic/plastic_bags/LDPE-748_jpg.rf.b09b90f75dda2521362f715963c77176.jpg,1,LDPE Plastic,1,LDPE Plastic,0.998722493648529,6.890759686939418e-05,0.998722493648529,0.0002371844311710447,0.0004622270353138447,0.0005092101637274027
/Users/aswanathjs/Downloads/test9/ai_plastic_waste_management_training/HDPE Plastic/milk_bottles/HDPEM207.jpg,0,HDPE Plastic,0,HDPE Plastic,0.9997753500938416,0.9997753500938416,1.1558743608475197e-05,2.5158289645332843e-05,0.00012024449097225443,6.764829595340416e-05
